Time,OD mean,OD std
0,0.5,NaN
1,0.514,NaN
2,0.608,NaN
3,0.817,NaN
4,1.595,0.049497475
5,2.295,0.190918831
6,5.085,0.035355339
7,8.765,0.106066017
8,13.3,0.056568542
9,15.94,0.169705627
10,17.78,NaN
11,17.45,0.183847763
12,16.1,0.480832611
13,15.99,0.042426407
14,15.34,0.028284271
15,14.43,0.014142136
16,14.21,0.098994949
17,13.61,0.042426407
26,13.21,0.127279221
