met_id,name,kegg_id,pubchem_id,moldb_smiles
ECMDB00005,2-Ketobutyric acid,C00109,58,CCC(=O)C(O)=O
ECMDB00012,Deoxyuridine,C00526,13712,OC[C@H]1O[C@H](C[C@@H]1O)N1C=CC(=O)NC1=O
ECMDB00014,Deoxycytidine,C00881,13711,NC1=NC(=O)N(C=C1)[C@H]1C[C@H](O)[C@@H](CO)O1
ECMDB00019,a-Ketoisovaleric acid,C00141,,CC(C)C(=O)C(O)=O
ECMDB00023,3-Hydroxyisobutyric acid,C01188,,CC(CO)C(O)=O
ECMDB00026,Ureidopropionic acid,C02642,111,NC(=O)NCCC(O)=O
ECMDB00030,Biotin,C00120,171548,[H][C@]12CS[C@@H](CCCCC(O)=O)[C@@]1([H])NC(=O)N2
ECMDB00034,Adenine,C00147,190,NC1=C2NC=NC2=NC=N1
ECMDB00039,Butyric acid,C00246,264,CCCC(O)=O
ECMDB00042,Acetic acid,C00033,176,CC(O)=O
ECMDB00044,Ascorbic acid,C00072,644104,[H][C@@]1(OC(=O)C(O)=C1O)[C@@H](O)CO
ECMDB00045,Adenosine monophosphate,C00020,6083,NC1=C2N=CN([C@@H]3O[C@H](COP(O)(O)=O)[C@@H](O)[C@H]3O)C2=NC=N1
ECMDB00048,Melibiose,C05402,440658,OC[C@H]1O[C@H](OC[C@H]2OC(O)[C@H](O)[C@@H](O)[C@@H]2O)[C@H](O)[C@@H](O)[C@H]1O
ECMDB00050,Adenosine,C00212,,NC1=C2N=CN([C@@H]3O[C@H](CO)[C@@H](O)[C@H]3O)C2=NC=N1
ECMDB00051,Ammonia,C00014,222,N
ECMDB00055,Cellobiose,C00185,439178,OC[C@H]1O[C@@H](O[C@H]2[C@H](O)[C@@H](O)[C@H](O)O[C@@H]2CO)[C@H](O)[C@@H](O)[C@@H]1O
ECMDB00056,beta-Alanine,C00099,239,NCCC(O)=O
ECMDB00058,Cyclic AMP,C00575,6076,NC1=NC=NC2=C1N=CN2[C@@H]1O[C@@H]2COP(O)(=O)O[C@H]2[C@H]1O
ECMDB00060,Acetoacetic acid,C00164,,CC(=O)CC(O)=O
ECMDB00061,"Adenosine 3',5'-diphosphate",C00054,159296,NC1=NC=NC2=C1N=CN2[C@@H]1O[C@H](COP(O)(O)=O)[C@@H](OP(O)(O)=O)[C@H]1O
ECMDB00062,Carnitine,C00487,10917,C[N+](C)(C)CC(O)CC(O)=O
ECMDB00071,Deoxyinosine,C05512,65058,OC[C@H]1O[C@H](C[C@@H]1O)N1C=NC2=C1N=CN=C2O
ECMDB00072,cis-Aconitic acid,C00417,309,OC(=O)C\C(=C\C(O)=O)C(O)=O
ECMDB00073,Dopamine,C03758,681,NCCC1=CC(O)=C(O)C=C1
ECMDB00076,Dihydrouracil,C00429,649,O=C1CCNC(=O)N1
ECMDB00078,Cysteinylglycine,C01419,439498,N[C@@H](CS)C(=O)NCC(O)=O
ECMDB00079,Dihydrothymine,C00906,93556,CC1CNC(=O)NC1=O
ECMDB00082,Cytidine triphosphate,C00063,6176,NC1=NC(=O)N(C=C1)[C@@H]1O[C@H](COP(O)(=O)OP(O)(=O)OP(O)(O)=O)[C@@H](O)[C@H]1O
ECMDB00085,Deoxyguanosine,C00330,187790,NC1=NC2=C(N=CN2[C@H]2C[C@H](O)[C@@H](CO)O2)C(=O)N1
ECMDB00086,Glycerophosphocholine,C00670,439285,C[N+](C)(C)CCO[P@](O)(=O)OC[C@H](O)CO
ECMDB00089,Cytidine,C00475,6175,NC1=NC(=O)N(C=C1)[C@@H]1O[C@H](CO)[C@@H](O)[C@H]1O
ECMDB00094,Citric acid,C00158,,OC(=O)CC(O)(CC(O)=O)C(O)=O
ECMDB00095,Cytidine monophosphate,C00055,6131,NC1=NC(=O)N(C=C1)[C@@H]1O[C@H](COP(O)(O)=O)[C@@H](O)[C@H]1O
ECMDB00097,Choline,C00114,305,C[N+](C)(C)CCO
ECMDB00098,D-Xylose,C00181,135191,O[C@@H]1COC(O)[C@H](O)[C@H]1O
ECMDB00099,L-Cystathionine,C02291,439258,N[C@@H](CCSC[C@H](N)C(O)=O)C(O)=O
ECMDB00101,Deoxyadenosine,C00559,,NC1=NC=NC2=C1N=CN2[C@H]1C[C@H](O)[C@@H](CO)O1
ECMDB00107,Galactitol,C01697,11850,OC[C@H](O)[C@@H](O)[C@@H](O)[C@H](O)CO
ECMDB00108,Ethanol,C00469,702,CCO
ECMDB00114,Glycerylphosphorylethanolamine,C01233,123874,OCCN(CC(O)CO)P(O)(O)=O
ECMDB00119,Glyoxylic acid,C00048,760,OC(=O)C=O
ECMDB00121,Folic acid,C00504,6037,NC1=NC(=O)C2=NC(CNC3=CC=C(C=C3)C(=O)N[C@@H](CCC(O)=O)C(O)=O)=CN=C2N1
ECMDB00122,D-Glucose,C00031,5793,OC[C@H]1OC(O)[C@H](O)[C@@H](O)[C@@H]1O
ECMDB00123,Glycine,C00037,750,NCC(O)=O
ECMDB00124,Fructose 6-phosphate,C00085,69507,OCC(=O)[C@@H](O)[C@H](O)[C@H](O)COP(O)(O)=O
ECMDB00125,Glutathione,C00051,124886,N[C@@H](CCC(=O)N[C@@H](CS)C(=O)NCC(O)=O)C(O)=O
ECMDB00126,Glycerol 3-phosphate,C00093,439162,OC[C@@H](O)COP(O)(O)=O
ECMDB00131,Glycerol,C00116,753,OCC(O)CO
ECMDB00132,Guanine,C00242,764,NC1=NC(=O)C2=C(N1)N=CN2
ECMDB00133,Guanosine,C00387,6802,NC1=NC2=C(N=CN2[C@@H]2O[C@H](CO)[C@@H](O)[C@H]2O)C(=O)N1
ECMDB00142,Formic acid,C00058,284,OC=O
ECMDB00143,D-Galactose,C00124,439357,OC[C@H]1OC(O)[C@H](O)[C@@H](O)[C@H]1O
ECMDB00148,L-Glutamate,C00025,33032,N[C@@H](CCC(O)=O)C(O)=O
ECMDB00149,Ethanolamine,C00189,700,NCCO
ECMDB00150,Gluconolactone,C00198,7027,OC[C@H]1OC(=O)[C@H](O)[C@@H](O)[C@@H]1O
ECMDB00156,L-Malic acid,C00149,222656,O[C@@H](CC(O)=O)C(O)=O
ECMDB00157,Hypoxanthine,C00262,790,OC1=NC=NC2=C1NC=N2
ECMDB00158,L-Tyrosine,C00082,6057,N[C@@H](CC1=CC=C(O)C=C1)C(O)=O
ECMDB00159,L-Phenylalanine,C00079,6140,N[C@@H](CC1=CC=CC=C1)C(O)=O
ECMDB00160,Inositol,C00137,,OC1C(O)C(O)C(O)C(O)C1O
ECMDB00161,L-Alanine,C00041,5950,C[C@H](N)C(O)=O
ECMDB00162,L-Proline,C00148,145742,OC(=O)[C@@H]1CCCN1
ECMDB00163,D-Maltose,C00208,439186,OC[C@H]1O[C@H](O[C@H]2[C@H](O)[C@H](O)[C@@H](O)O[C@@H]2CO)[C@H](O)[C@@H](O)[C@@H]1O
ECMDB00165,L-Homocysteine,C00155,,N[C@@H](CCS)C(O)=O
ECMDB00167,L-Threonine,C00188,6288,C[C@@H](O)[C@H](N)C(O)=O
ECMDB00168,L-Asparagine,C00152,6267,N[C@@H](CC(N)=O)C(O)=O
ECMDB00169,D-Mannose,C00159,18950,OC[C@H]1OC(O)[C@@H](O)[C@@H](O)[C@@H]1O
ECMDB00172,L-Isoleucine,C00407,791,CC[C@H](C)[C@H](N)C(O)=O
ECMDB00174,L-Fucose,C01019,17106,C[C@@H]1OC(O)[C@@H](O)[C@H](O)[C@@H]1O
ECMDB00176,Fumaric acid,C00122,723,OC(=O)\C=C\C(O)=O
ECMDB00177,L-Histidine,C00135,6274,N[C@@H](CC1=CN=CN1)C(O)=O
ECMDB00182,L-Lysine,C00047,5962,NCCCC[C@H](N)C(O)=O
ECMDB00186,alpha-Lactose,C00243,84571,OC[C@H]1O[C@@H](O[C@H]2[C@H](O)[C@@H](O)[C@@H](O)O[C@@H]2CO)[C@H](O)[C@@H](O)[C@H]1O
ECMDB00187,L-Serine,C00065,5951,N[C@@H](CO)C(O)=O
ECMDB00189,Inosine triphosphate,C00081,8583,O[C@@H]1[C@@H](COP(O)(=O)OP(O)(=O)OP(O)(O)=O)O[C@H]([C@@H]1O)N1C=NC2=C1N=CN=C2O
ECMDB00190,L-Lactic acid,C00186,107689,C[C@H](O)C(O)=O
ECMDB00191,L-Aspartic acid,C00049,5960,N[C@@H](CC(O)=O)C(O)=O
ECMDB00192,L-Cystine,C00491,67678,N[C@@H](CSSC[C@H](N)C(O)=O)C(O)=O
ECMDB00195,Inosine,C00294,6021,OC[C@H]1O[C@H]([C@H](O)[C@@H]1O)N1C=NC2=C1NC=NC2=O
ECMDB00205,Phenylpyruvic acid,C00166,997,OC(=O)C(=O)CC1=CC=CC=C1
ECMDB00210,Pantothenic acid,C00864,6613,CC(C)(CO)C(O)C(=O)NCCC(O)=O
ECMDB00213,Myo-inositol 1-phosphate,C04006,107737,O[C@H]1[C@H](O)[C@H](O)[C@H](OP(O)(O)=O)[C@@H](O)[C@@H]1O
ECMDB00214,Ornithine,C01602,6262,NCCC[C@H](N)C(O)=O
ECMDB00215,N-Acetyl-D-glucosamine,C00140,439174,[H]OC([H])([H])[C@]1([H])O[C@@]([H])(O[H])[C@@]([H])(N([H])C(=O)C([H])([H])[H])[C@]([H])(O[H])[C@@]1([H])O[H]
ECMDB00217,NADP,C00006,5886,NC(=O)C1=C[N+](=CC=C1)[C@@H]1O[C@H](CO[P@](O)(=O)O[P@](O)(=O)OC[C@H]2O[C@H]([C@H](OP(O)(O)=O)[C@@H]2O)N2C=NC3=C(N)N=CN=C23)[C@@H](O)[C@H]1O
ECMDB00218,Orotidylic acid,C01103,160617,O[C@H]1[C@@H](O)[C@@H](O[C@@H]1COP(O)(O)=O)N1C(=O)NC(=O)C=C1C(O)=O
ECMDB00220,Palmitic acid,C00249,985,CCCCCCCCCCCCCCCC(O)=O
ECMDB00223,Oxalacetic acid,C00036,970,OC(=O)CC(=O)C(O)=O
ECMDB00225,Oxoadipic acid,C00322,71,OC(=O)CCCC(=O)C(O)=O
ECMDB00226,Orotic acid,C00295,967,OC(=O)C1=CC(=O)NC(=O)N1
ECMDB00229,Nicotinamide ribotide,C01185,14180,O[C@H]1[C@@H](O)[C@@H](O[C@@H]1COP(O)(O)=O)[N+]1=CC=CC(=C1)C(O)=O
ECMDB00232,Quinolinic acid,C03722,1066,OC(=O)C1=CC=CN=C1C(O)=O
ECMDB00235,Thiamine,C00378,1130,CC1=C(CCO)SC=[N+]1CC1=CN=C(C)N=C1N
ECMDB00237,Propionic acid,C00163,1032,CCC(O)=O
ECMDB00239,Pyridoxine,C00314,1054,CC1=C(O)C(CO)=C(CO)C=N1
ECMDB00240,Sulfite,C00094,1099,[O-]S([O-])=O
ECMDB00241,Protoporphyrin IX,C02191,4971,CC1=C(CCC(O)=O)/C2=C/C3=N/C(=C\C4=C(C)C(C=C)=C(N4)/C=C4\N=C(\C=C\1/N\2)C(C=C)=C4C)/C(C)=C3CCC(O)=O
ECMDB00243,Pyruvic acid,C00022,,CC(=O)C(O)=O
ECMDB00244,Riboflavin,C00255,6759,CC1=C(C)C=C2N(C[C@H](O)[C@H](O)[C@H](O)CO)C3=NC(=O)NC(=O)C3=NC2=C1
ECMDB00245,Porphobilinogen,C00931,1021,NCC1=C(CC(O)=O)C(CCC(O)=O)=CN1
ECMDB00247,Sorbitol,C00794,5780,OC[C@H](O)[C@@H](O)[C@H](O)[C@H](O)CO
ECMDB00251,Taurine,C00245,1123,NCCS(O)(=O)=O
ECMDB00254,Succinic acid,C00042,1110,OC(=O)CCC(O)=O
ECMDB00257,Thiosulfate,C00320,439208,[O-]S([S-])(=O)=O
ECMDB00258,Sucrose,C00089,5988,OC[C@H]1O[C@@](CO)(O[C@H]2O[C@H](CO)[C@@H](O)[C@H](O)[C@H]2O)[C@@H](O)[C@@H]1O
ECMDB00262,Thymine,C00178,1135,CC1=CNC(=O)NC1=O
ECMDB00263,Phosphoenolpyruvic acid,C00074,1005,OC(=O)C(=C)OP(O)(O)=O
ECMDB00271,Sarcosine,C00213,,CNCC(O)=O
ECMDB00272,Phosphoserine,C01005,68841,N[C@@H](COP(O)(O)=O)C(O)=O
ECMDB00273,Thymidine,C00214,5789,CC1=CN([C@H]2C[C@H](O)[C@@H](CO)O2)C(=O)NC1=O
ECMDB00280,Phosphoribosyl pyrophosphate,C00119,7339,O[C@H]1[C@@H](O)[C@@H](O[P@](O)(=O)OP(O)(O)=O)O[C@@H]1COP(O)(O)=O
ECMDB00283,Ribose,C00121,,OC[C@H]1OC(O)[C@H](O)[C@@H]1O
ECMDB00285,Uridine triphosphate,C00075,6133,O[C@H]1[C@@H](O)[C@@H](O[C@@H]1COP(O)(=O)OP(O)(=O)OP(O)(O)=O)N1C=CC(=O)NC1=O
ECMDB00288,Uridine 5'-monophosphate,C00105,6030,O[C@H]1[C@@H](O)[C@@H](O[C@@H]1COP(O)(O)=O)N1C=CC(=O)NC1=O
ECMDB00289,Uric acid,C00366,1175,O=C1NC2=C(N1)C(=O)NC(=O)N2
ECMDB00290,Uridine diphosphate-N-acetylglucosamine,C00043,10705,CC(=O)N[C@@H]1[C@@H](O)[C@H](O)[C@@H](CO)O[C@@H]1OP(O)(=O)OP(O)(=O)OC[C@H]1O[C@H]([C@H](O)[C@@H]1O)N1C=CC(=O)NC1=O
ECMDB00292,Xanthine,C00385,1188,O=C1NC2=C(NC=N2)C(=O)N1
ECMDB00293,Xanthosine 5-triphosphate,C00700,121887,O[C@@H]1[C@@H](COP(O)(=O)OP(O)(=O)OP(O)(O)=O)O[C@H]([C@@H]1O)N1C=NC2=C1N=C(O)N=C2O
ECMDB00295,Uridine 5'-diphosphate,C00015,6031,O[C@H]1[C@@H](O)[C@@H](O[C@@H]1COP(O)(=O)OP(O)(O)=O)N1C=CC(=O)NC1=O
ECMDB00296,Uridine,C00299,6029,OC[C@H]1O[C@H]([C@H](O)[C@@H]1O)N1C=CC(=O)NC1=O
ECMDB00299,Xanthosine,C01762,64959,OC[C@H]1O[C@H]([C@H](O)[C@@H]1O)N1C=NC2=C1N=C(O)N=C2O
ECMDB00300,Uracil,C00106,1174,O=C1NC=CC(=O)N1
ECMDB00302,Uridine diphosphategalactose,C00052,18068,OC[C@H]1O[C@H](O[P@@](O)(=O)O[P@@](O)(=O)OC[C@H]2O[C@H]([C@H](O)[C@@H]2O)N2C=CC(=O)NC2=O)[C@H](O)[C@@H](O)[C@H]1O
ECMDB00306,Tyramine,C00483,5610,NCCC1=CC=C(O)C=C1
ECMDB00318,"3,4-Dihydroxyphenylglycol",C05576,91528,OCC(O)C1=CC(O)=C(O)C=C1
ECMDB00375,3-(3-Hydroxyphenyl)propanoic acid,C11457,,OC(=O)CCC1=CC=CC(O)=C1
ECMDB00397,2-Pyrocatechuic acid,C00196,,OC(=O)C1=CC=CC(O)=C1O
ECMDB00402,2-Isopropylmalic acid,C02504,5280523,CC(C)[C@@](O)(CC(O)=O)C(O)=O
ECMDB00462,Allantoin,C01551,,NC(=O)NC1NC(=O)NC1=O
ECMDB00482,Caprylic acid,C06423,,CCCCCCCC(O)=O
ECMDB00491,3-Methyl-2-oxovaleric acid,C03465,439286,CCC(C)C(=O)C(O)=O
ECMDB00494,Water,C00001,962,O
ECMDB00500,4-Hydroxybenzoic acid,C00156,135,OC(=O)C1=CC=C(O)C=C1
ECMDB00510,Aminoadipic acid,C00956,,N[C@@H](CCCC(O)=O)C(O)=O
ECMDB00516,b-D-Glucose,C00221,,OC[C@H]1O[C@@H](O)[C@H](O)[C@@H](O)[C@@H]1O
ECMDB00517,L-Arginine,C00062,6322,N[C@@H](CCCNC(N)=N)C(O)=O
ECMDB00528,"4,5-Dihydroorotic acid",C00337,648,OC(=O)C1CC(=O)NC(=O)N1
ECMDB00538,Adenosine triphosphate,C00002,5957,NC1=NC=NC2=C1N=CN2[C@@H]1O[C@H](COP(O)(=O)OP(O)(=O)OP(O)(O)=O)[C@@H](O)[C@H]1O
ECMDB00547,Magnesium,C00305,888,[Mg++]
ECMDB00565,Galactonic acid,C00880,,OC[C@@H](O)[C@H](O)[C@H](O)[C@@H](O)C(O)=O
ECMDB00570,Coproporphyrin III,C03263,114935,CC1=C(CCC(O)=O)/C2=C/C3=N/C(=C\C4=C(C)C(CCC(O)=O)=C(N4)/C=C4\N=C(\C=C\1/N\2)C(C)=C4CCC(O)=O)/C(CCC(O)=O)=C3C
ECMDB00574,L-Cysteine,C00097,5862,N[C@@H](CS)C(O)=O
ECMDB00595,Hydrogen carbonate,C00288,769,OC([O-])=O
ECMDB00598,Sulfide,C00297,5362487,[S--]
ECMDB00606,D-2-Hydroxyglutaric acid,C02630,,OC(CCC(O)=O)C(O)=O
ECMDB00614,PS(16:0/16:0),C02737,3081382,CCCCCCCCCCCCCCCC(=O)OCC(COP(O)(=O)OC[C@H](N)C(O)=O)OC(=O)CCCCCCCCCCCCCCC
ECMDB00621,D-Ribulose,C00309,439203,OC[C@@H](O)[C@@H](O)C(=O)CO
ECMDB00625,Gluconic acid,C00257,10690,OC[C@@H](O)[C@@H](O)[C@H](O)[C@@H](O)C(O)=O
ECMDB00630,Cytosine,C00380,597,NC1=CC=NC(=O)N1
ECMDB00639,Galactaric acid,C00879,3037582,O[C@@H]([C@@H](O)[C@H](O)C(O)=O)[C@@H](O)C(O)=O
ECMDB00641,L-Glutamine,C00064,5961,N[C@@H](CCC(N)=O)C(O)=O
ECMDB00646,L-Arabinose,C00259,439195,OC[C@H](O)[C@H](O)[C@@H](O)C=O
ECMDB00654,D-Xylulose,C00310,619,[H][C@@](O)(CO)[C@]([H])(O)C(=O)CO
ECMDB00657,Copper,C00070,23978,[Cu++]
ECMDB00660,D-Fructose,C00095,439709,OC[C@H]1O[C@](O)(CO)[C@@H](O)[C@@H]1O
ECMDB00663,Glucaric acid,C00818,,OC(C(O)C(O)C(O)=O)C(O)C(O)=O
ECMDB00674,PA(16:0/16:0),C00416,446066,CCCCCCCCCCCCCCCC(=O)OC[C@H](COP(O)(O)=O)OC(=O)CCCCCCCCCCCCCCC
ECMDB00687,L-Leucine,C00123,6106,CC(C)C[C@H](N)C(O)=O
ECMDB00692,Iron,C00023,23925,[Fe++]
ECMDB00694,L-2-Hydroxyglutaric acid,C03196,,[H][C@](O)(CCC(O)=O)C(O)=O
ECMDB00695,Ketoleucine,C00233,70,CC(C)CC(=O)C(O)=O
ECMDB00696,L-Methionine,C00073,6137,CSCC[C@H](N)C(O)=O
ECMDB00707,4-Hydroxyphenylpyruvic acid,C01179,979,OC(C(=O)C(O)=O)C1=CC=CC=C1
ECMDB00718,Isovaleric acid,C08262,,CC(C)CC(O)=O
ECMDB00723,Methylcitric acid,C02225,515,CC(C(O)=O)C(O)(CC(O)=O)C(O)=O
ECMDB00725,Hydroxyproline,C01157,5810,O[C@H]1CN[C@@H](C1)C(O)=O
ECMDB00731,Cysteine-S-sulfate,C05824,115015,N[C@@H](CSS(O)(=O)=O)C(O)=O
ECMDB00738,Indole,C00463,798,N1C=CC2=C1C=CC=C2
ECMDB00745,Homocarnosine,C00884,89235,NCCCC(=O)N[C@@H](CC1=CNC=N1)C(O)=O
ECMDB00751,L-Threo-2-pentulose,C00312,439205,OC[C@H](O)[C@@H](O)C(=O)CO
ECMDB00764,Hydrocinnamic acid,C05629,107,OC(=O)CCC1=CC=CC=C1
ECMDB00765,Mannitol,C00392,6251,OC[C@@H](O)[C@@H](O)[C@H](O)[C@H](O)CO
ECMDB00797,SAICAR,C04823,160666,NC1=C(N=CN1[C@@H]1O[C@H](COP(O)(O)=O)[C@@H](O)[C@H]1O)C(=O)N[C@@H](CC(O)=O)C(O)=O
ECMDB00805,Pyrrolidonecarboxylic acid,C02237,,OC(=O)[C@H]1CCC(=O)N1
ECMDB00828,Ureidosuccinic acid,C00438,93072,NC(=O)N[C@@H](CC(O)=O)C(O)=O
ECMDB00830,N-Acetylneuraminic acid,C19910,439197,CC(=O)N[C@@H]1[C@@H](O)C[C@](O)(O[C@H]1[C@H](O)[C@H](O)CO)C(O)=O
ECMDB00849,alpha-L-Rhamnose,C02476,840,[H][C@@]1(C)O[C@@]([H])(O)[C@]([H])(O)[C@]([H])(O)[C@@]1([H])O
ECMDB00853,N-Acetyl-b-D-galactosamine,C05021,,CC(=O)N[C@H]1[C@H](O)O[C@H](CO)[C@H](O)[C@@H]1O
ECMDB00855,Nicotinamide riboside,C03150,439924,NC(=O)C1=C[N+](=CC=C1)[C@@H]1O[C@H](CO)[C@@H](O)[C@H]1O
ECMDB00883,L-Valine,C00183,1182,CC(C)[C@H](N)C(O)=O
ECMDB00902,NAD,C00003,5892,NC(=O)C1=C[N+](=CC=C1)[C@@H]1O[C@H](COP(O)(=O)OP(O)(=O)OC[C@H]2O[C@H]([C@H](O)[C@@H]2O)N2C=NC3=C2N=CN=C3N)[C@@H](O)[C@H]1O
ECMDB00904,Citrulline,C00327,9750,N[C@@H](CCCNC(N)=O)C(O)=O
ECMDB00905,Deoxyadenosine monophosphate,C00360,621,NC1=NC=NC2=C1N=CN2[C@H]1C[C@H](O)[C@@H](COP(O)(O)=O)O1
ECMDB00906,Trimethylamine,C00565,,CN(C)C
ECMDB00916,Uroporphyrin III,C02469,,OC(=O)CCC1=C(CC(O)=O)/C2=C/C3=N/C(=C\C4=C(CCC(O)=O)C(CC(O)=O)=C(N4)/C=C4\N=C(\C=C\1/N\2)C(CC(O)=O)=C4CCC(O)=O)/C(CCC(O)=O)=C3CC(O)=O
ECMDB00929,L-Tryptophan,C00078,6305,N[C@@H](CC1=CNC2=CC=CC=C12)C(O)=O
ECMDB00930,trans-Cinnamic acid,C10438,5957728,OC(=O)\C=C\C1=CC=CC=C1
ECMDB00939,S-Adenosylhomocysteine,C00021,439155,N[C@@H](CCSC[C@H]1O[C@H]([C@H](O)[C@@H]1O)N1C=NC2=C(N)N=CN=C12)C(O)=O
ECMDB00956,Tartaric acid,C00898,444305,O[C@H]([C@@H](O)C(O)=O)C(O)=O
ECMDB00957,Pyrocatechol,C15571,,OC1=CC=CC=C1O
ECMDB00958,trans-Aconitic acid,C02341,,OC(=O)C\C(=C/C(O)=O)C(O)=O
ECMDB00960,dGDP,C00361,,NC1=NC2=C(N=CN2[C@H]2C[C@H](O)[C@@H](COP(O)(=O)OP(O)(O)=O)O2)C(=O)N1
ECMDB00961,Farnesyl pyrophosphate,C00448,445713,CC(C)=CCC\C(C)=C\CC\C(C)=C\COP(O)(=O)OP(O)(O)=O
ECMDB00962,Lipoamide,C00248,,NC(=O)CCCCC1CCSS1
ECMDB00965,Hypotaurine,C00519,107812,NCCS(O)=O
ECMDB00972,N10-Formyl-THF,C00234,10,NC1=NC(=O)C2=C(NCC(CN(C=O)C3=CC=C(C=C3)C(=O)N[C@@H](CCC(O)=O)C(O)=O)N2)N1
ECMDB00975,Trehalose,C01083,1143,OC[C@H]1O[C@H](O[C@H]2O[C@H](CO)[C@@H](O)[C@H](O)[C@H]2O)[C@H](O)[C@@H](O)[C@@H]1O
ECMDB00985,Dihydrolipoamide,C00579,,OC(=N)CCCCC(S)CCS
ECMDB00988,S-Adenosylmethioninamine,C01137,1078,C[S+](CCCN)C[C@H]1O[C@H]([C@H](O)[C@@H]1O)N1C=NC2=C1N=CN=C2N
ECMDB00990,Acetaldehyde,C00084,177,CC=O
ECMDB00996,3-Sulfinoalanine,C00606,109,N[C@@H](CS(=O)=O)C(O)=O
ECMDB00998,dCTP,C00458,625,NC1=NC(=O)N(C=C1)[C@H]1C[C@H](O)[C@@H](COP(O)(=O)OP(O)(=O)OP(O)(O)=O)O1
ECMDB00999,Phosphoribosylformylglycineamidine,C04640,154,O[C@H]1[C@@H](O)[C@H](NC(=N)CNC=O)O[C@@H]1COP(O)(O)=O
ECMDB01000,dUDP,C01346,,O[C@H]1C[C@@H](O[C@@H]1COP(O)(=O)OP(O)(O)=O)N1C=CC(=O)NC1=O
ECMDB01003,Adenosine phosphosulfate,C00224,228,NC1=NC=NC2=C1N=CN2[C@@H]1O[C@H](COP(O)(=O)OS(O)(=O)=O)[C@@H](O)[C@H]1O
ECMDB01005,(S)-Ureidoglycolic acid,C00603,439269,NC(=O)N[C@@H](O)C(O)=O
ECMDB01006,Argininosuccinic acid,C03406,439998,N[C@@H](CCCNC(=N)N[C@@H](CC(O)=O)C(O)=O)C(O)=O
ECMDB01011,Methacrylyl-CoA,C03460,440021,CC(=C)C(=O)SCCNC(=O)CCNC(=O)C(O)C(C)(C)COP(O)(=O)OP(O)(=O)OC[C@H]1O[C@H]([C@H](O)[C@@H]1OP(O)(O)=O)N1C=NC2=C1N=CN=C2N
ECMDB01016,D-4'-Phosphopantothenate,C03492,41635,CC(C)(COP(O)(O)=O)C(O)C(=O)NCCC(O)=O
ECMDB01022,Succinyl-CoA,C00091,439161,CC(C)(COP(O)(=O)OP(O)(=O)OC[C@H]1O[C@H]([C@H](O)[C@@H]1OP(O)(O)=O)N1C=NC2=C1N=CN=C2N)C(O)C(=O)NCCC(=O)NCCSC(=O)CCC(O)=O
ECMDB01024,Phosphohydroxypyruvic acid,C03232,105,OC(=O)C(=O)COP(O)(O)=O
ECMDB01031,Deoxyribose 5-phosphate,C00673,635,[H]C1(O)C[C@]([H])(O)[C@@]([H])(COP(O)(O)=O)O1
ECMDB01044,2'-Deoxyguanosine 5'-monophosphate,C00362,65059,NC1=NC(=O)C2=C(N1)N(C=N2)[C@H]1C[C@H](O)[C@@H](COP(O)(O)=O)O1
ECMDB01049,gamma-Glutamylcysteine,C00669,123938,N[C@@H](CCC(=O)N[C@@H](CS)C(O)=O)C(O)=O
ECMDB01051,D-Glyceraldehyde,C00577,,OCC(O)C=O
ECMDB01052,(S)-3-Hydroxyisobutyryl-CoA,C06000,88,CC(CO)C(=O)SCCNC(=O)CCNC(=O)C(O)C(C)(C)COP(O)(=O)OP(O)(=O)OCC1OC(C(O)C1OP(O)(O)=O)N1C=NC2=C(N)N=CN=C12
ECMDB01056,Dihydrofolic acid,C00415,98792,[H][C@@](CCC([O-])=O)(NC(=O)C1=CC=C(NCC2=NC3=C(NC2)NC(=N)N=C3[O-])C=C1)C(O)=O
ECMDB01058,"Fructose 1,6-bisphosphate",C00354,718,O[C@H]1[C@H](O)[C@](O)(COP(O)(O)=O)O[C@@H]1COP(O)(O)=O
ECMDB01060,Ubiquinol-8,C00390,,COC1=C(OC)C(O)C(C\C=C(/C)CC\C=C(/C)CC\C=C(/C)CC\C=C(/C)CC\C=C(/C)CC\C=C(/C)CC\C=C(/C)CCC=C(C)C)=C(C)C1O
ECMDB01062,N-Acetyl-D-Glucosamine 6-Phosphate,C00357,440996,CC(=O)N[C@H]1C(O)O[C@H](COP(O)(O)=O)[C@@H](O)[C@@H]1O
ECMDB01066,S-Lactoylglutathione,C03451,119450,C[C@@H](O)C(=O)SC[C@H](NC(=O)CC[C@H](N)C(O)=O)C(=O)NCC(O)=O
ECMDB01068,D-Sedoheptulose 7-phosphate,C05382,,OCC1(O)O[C@H](COP(O)(O)=O)[C@@H](O)[C@@H](O)[C@@H]1O
ECMDB01070,Octanoyl-CoA,C01944,380,CCCCCCCC(=O)SCCNC(=O)CCNC(=O)C(O)C(C)(C)COP(O)(=O)OP(O)(=O)OCC1OC(C(O)C1OP(O)(O)=O)N1C=NC2=C(N)N=CN=C12
ECMDB01072,Ubiquinone-10,C11378,1156,COC1=C(OC)C(=O)C(C\C=C(/C)CC\C=C(/C)CC\C=C(/C)CC\C=C(/C)CC\C=C(/C)CC\C=C(/C)CC\C=C(/C)CC\C=C(/C)CC\C=C(/C)CCC=C(C)C)=C(C)C1=O
ECMDB01076,Fructose 1-phosphate,C01094,439394,OC[C@H]1O[C@](O)(COP(O)(O)=O)[C@@H](O)[C@@H]1O
ECMDB01078,Mannose 6-phosphate,C00275,65127,OC1OC(COP([O-])([O-])=O)C(O)C(O)C1O
ECMDB01079,5-Methyltetrahydropteroyltri-L-glutamic acid,C04489,16722111,[H][C@](N)(CCC(O)=O)C(=O)OC1=NC(=N)NC2=C1N(C)C(=CN2)C([H])(OC(=O)[C@@]([H])(N)CCC(O)=O)C([H])(C)OC(=O)[C@@]([H])(N)CCC(O)=O
ECMDB01080,4-Aminobutyraldehyde,C00555,118,NCCCC=O
ECMDB01083,"Cob(I)yrinate a,c diamide",C06505,,[Co]N1\C2=C(C)/C3=N/C(=C\C4=N\C(=C(C)/C5=N[C@@](C)([C@@]1([H])[C@H](CC(=O)O)[C@@]2(C)CCC(=O)O)[C@@](C)(CC(=O)N)[C@@H]5CCC(=O)O)\[C@@](C)(CC(=O)N)[C@@H]4CCC(=O)O)/C(C)(C)[C@@H]3CCC(=O)O
ECMDB01086,Uroporphyrinogen III,C01051,1179,OC(=O)CCC1=C2CC3=C(CCC(O)=O)C(CC(O)=O)=C(CC4=C(CC(O)=O)C(CCC(O)=O)=C(CC5=C(CC(O)=O)C(CCC(O)=O)=C(CC(N2)=C1CC(O)=O)N5)N4)N3
ECMDB01087,5-Methylthioribose,C03089,494,CSC[C@H]1O[C@@H](O)[C@H](O)[C@@H]1O
ECMDB01088,Butyryl-CoA,C00136,,CCCC(=O)SCCNC(=O)CCNC(=O)C(O)C(C)(C)COP(O)(=O)OP(O)(=O)OCC1OC(C(O)C1OP(O)(O)=O)N1C=NC2=C1N=CN=C2N
ECMDB01094,Octaprenyl diphosphate,C04146,,CC(C)=CCC\C(C)=C\CC\C(C)=C\CC\C(C)=C\CC\C(C)=C\CC\C(C)=C\CC\C(C)=C\CC\C(C)=C\COP(O)(=O)OP(O)(O)=O
ECMDB01095,GDP-L-Fucose,C00325,27505,C[C@@H]1OC(OP(O)(=O)OP(O)(=O)OC[C@H]2O[C@H]([C@H](O)[C@@H]2O)N2C=NC3=C2N=C(N)NC3=O)[C@@H](O)[C@H](O)[C@@H]1O
ECMDB01096,Carbamoylphosphate,C00169,278,NC(=O)OP(O)(O)=O
ECMDB01097,Protoporphyrinogen IX,C01079,121893,CC1=C2CC3=C(C)C(C=C)=C(CC4=C(C)C(C=C)=C(CC5=C(C)C(CCC(O)=O)=C(CC(N2)=C1CCC(O)=O)N5)N4)N3
ECMDB01106,3-Aminopropionaldehyde,C05665,75,NCCC=O
ECMDB01109,Glucosamine-1P,C04501,,N[C@@H]1[C@@H](O)[C@H](O)[C@@H](CO)O[C@H]1OP(O)(O)=O
ECMDB01112,D-Glyceraldehyde 3-phosphate,C00118,729,OC(COP(O)(O)=O)C=O
ECMDB01113,Isovaleryl-CoA,C02939,,[H][C@](O)(C(O)=NCCC(O)=NCCSC(=O)CC(C)C)C(C)(C)COP(O)(=O)OP(O)(=O)OC[C@@]1([H])O[C@@]([H])(N2C=NC3=C(N)N=CN=C23)[C@]([H])(O)[C@]1([H])OP(O)(O)=O
ECMDB01117,4-Phosphopantothenoylcysteine,C04352,440304,CC(C)(COP(O)(O)=O)[C@@H](O)C(=O)NCCC(=O)N[C@@H](CS)C(O)=O
ECMDB01120,Dimethylallylpyrophosphate,C00235,647,CC(C)=CCO[P@](O)(=O)OP(O)(O)=O
ECMDB01121,N-Acetyl-D-mannosamine 6-phosphate,C04257,440273,CC(=O)N[C@@H]1[C@@H](O)O[C@H](COP(O)(O)=O)[C@@H](O)[C@@H]1O
ECMDB01123,2-Aminobenzoic acid,C00108,227,NC1=CC=CC=C1C(O)=O
ECMDB01124,Trehalose 6-phosphate,C00689,122336,OC[C@H]1O[C@H](O[C@H]2O[C@H](COP(O)(O)=O)[C@@H](O)[C@H](O)[C@H]2O)[C@H](O)[C@@H](O)[C@@H]1O
ECMDB01127,6-Phosphonoglucono-D-lactone,C01236,439452,O[C@H]1[C@H](O)[C@@H](COP(O)(O)=O)OC(=O)[C@@H]1O
ECMDB01128,5-Phosphoribosylamine,C03090,150,N[C@@H]1O[C@H](COP(O)(O)=O)[C@@H](O)[C@H]1O
ECMDB01129,N-Acetylmannosamine,C00645,439281,[H]C1(O)O[C@]([H])(CO)[C@@]([H])(O)[C@]([H])(O)[C@]1([H])N=C(C)O
ECMDB01131,Iminoaspartic acid,C05840,796,OC(=O)CC(=N)C(O)=O
ECMDB01134,Phosphoadenosine phosphosulfate,C00053,990,NC1=NC=NC2=C1N=CN2[C@@H]1O[C@H](COP(O)(=O)OS(O)(=O)=O)[C@@H](OP(O)(O)=O)[C@H]1O
ECMDB01137,Hydroxymethylbilane,C01024,788,OCC1=C(CC(O)=O)C(CCC(O)=O)=C(CC2=C(CC(O)=O)C(CCC(O)=O)=C(CC3=C(CC(O)=O)C(CCC(O)=O)=C(CC4=C(CC(O)=O)C(CCC(O)=O)=CN4)N3)N2)N1
ECMDB01138,N-Acetyl-L-alanine,,7345,C[C@H](NC(C)=O)C(O)=O
ECMDB01142,FMNH,C01847,,CC1=CC2=C(C=C1C)N(CC(O)C(O)C(O)COP(O)(O)=O)C1=C(N2)C(=O)NC(=O)N1
ECMDB01144,Dihydroneopterin triphosphate,C04895,121885,NC1=NC2=C(N=C(CN2)[C@H](O)[C@H](O)COP(O)(=O)OP(O)(=O)OP(O)(O)=O)C(=O)N1
ECMDB01149,5-Aminolevulinic acid,C00430,137,NCC(=O)CCC(O)=O
ECMDB01151,D-Allose,C01487,102288,[H]C1(O)O[C@]([H])(CO)[C@@]([H])(O)[C@@]([H])(O)[C@@]1([H])O
ECMDB01157,2-Methylacetoacetyl-CoA,C03344,53,CC(C(C)=O)C(=O)SCCNC(=O)CCNC(=O)C(O)C(C)(C)COP(O)(=O)OP(O)(=O)OCC1OC(C(O)C1OP(O)(O)=O)N1C=NC2=C(N)N=CN=C12
ECMDB01162,Heme O,C15672,23724534,CC(C)=CCC\C(C)=C\CC\C(C)=C\CCC(O)C1=C(C)/C2=C/C3=N/C(=C\C4=C(CCC(O)=O)C(C)=C5/C=C6\N=C(\C=C\1/N\2[Fe]N45)C(C)=C6C=C)/C(CCC(O)=O)=C3C
ECMDB01163,Guanosine diphosphate mannose,C00096,732,NC1=NC2=C(N=CN2[C@@H]2O[C@H](COP(O)(=O)OP(O)(=O)O[C@H]3O[C@H](CO)[C@@H](O)[C@H](O)[C@@H]3O)[C@@H](O)[C@H]2O)C(=O)N1
ECMDB01166,3-Hydroxybutyryl-CoA,C01144,521,C[C@@H](O)CC(=O)SCCNC(=O)CCNC(=O)C(O)C(C)(C)COP(O)(=O)OP(O)(=O)OC[C@H]1O[C@H]([C@H](O)[C@@H]1OP(O)(O)=O)N1C=NC2=C1N=CN=C2N
ECMDB01167,Pyruvaldehyde,C00546,880,CC(=O)C=O
ECMDB01173,5'-Methylthioadenosine,C00170,149,CSC[C@H]1O[C@H]([C@H](O)[C@@H]1O)N1C=NC2=C1N=CN=C2N
ECMDB01174,Tetrahydropteroyltri-L-glutamic acid,C04144,16722112,[H][C@](N)(CCC(O)=O)C(=O)OC1=NC(=N)NC2=C1NC(=CN2)C([H])(OC(=O)[C@@]([H])(N)CCC(O)=O)C([H])(C)OC(=O)[C@@]([H])(N)CCC(O)=O
ECMDB01175,Malonyl-CoA,C00083,10663,CC(C)(COP(O)(=O)OP(O)(=O)OC[C@H]1O[C@H]([C@H](O)[C@@H]1OP(O)(O)=O)N1C=NC2=C1N=CN=C2N)C(O)C(=O)NCCC(=O)NCCSC(=O)CC(O)=O
ECMDB01178,Adenosine diphosphate ribose,C00301,192,[H][C@@]1(O)O[C@]([H])(COP(O)(=O)OP(O)(=O)OC[C@@]2([H])O[C@@]([H])(N3C=NC4=C(N)N=CN=C34)[C@]([H])(O)[C@]2([H])O)[C@@]([H])(O)[C@@]1([H])O
ECMDB01179,Nicotinic acid adenine dinucleotide,C00857,165490,NC1=C2N=CN([C@@H]3O[C@H](COP(O)(=O)OP(O)(=O)OC[C@H]4O[C@H]([C@H](O)[C@@H]4O)[N+]4=CC=CC(=C4)C(O)=O)[C@@H](O)[C@H]3O)C2=NC=N1
ECMDB01180,N2-Succinyl-L-glutamic acid 5-semialdehyde,C05932,556,OC(=O)CCC(=O)N[C@@H](CCC=O)C(O)=O
ECMDB01185,S-Adenosylmethionine,C00019,1079,[H][C@@](N)(CC[S+](C)C[C@@]1([H])O[C@@]([H])(N2C=NC3=C2N=CN=C3N)[C@]([H])(O)[C@]1([H])O)C(O)=O
ECMDB01191,Deoxyuridine triphosphate,C00460,689,O[C@H]1C[C@@H](O[C@@H]1COP(O)(=O)OP(O)(=O)OP(O)(O)=O)N1C=CC(=O)NC1=O
ECMDB01193,5(S)-Hydroperoxyeicosatetraenoic acid,C05356,5280778,CCCCC\C=C/C\C=C/C\C=C/C=C/[C@H](CCCC(O)=O)OO
ECMDB01195,Dyspropterin,C03684,128973,CC(=O)C(=O)C1CNC2=C(N1)C(=O)NC(N)=N2
ECMDB01197,FADH2,C01352,,CC1=CC2=C(C=C1C)N(C[C@H](O)[C@H](O)[C@H](O)COP(O)(=O)OP(O)(=O)OC[C@H]1O[C@H]([C@H](O)[C@@H]1O)N1C=NC3=C1N=CN=C3N)C1=C(N2)C(=O)NC(=O)N1
ECMDB01199,N2-Succinyl-L-ornithine,C03415,920,NCCC[C@H](NC(=O)CCC(O)=O)C(O)=O
ECMDB01201,Guanosine diphosphate,C00035,8977,NC1=NC2=C(N=CN2[C@@H]2O[C@H](COP(O)(=O)OP(O)(O)=O)[C@@H](O)[C@H]2O)C(=O)N1
ECMDB01202,dCMP,C00239,13945,NC1=NC(=O)N(C=C1)[C@H]1C[C@H](O)[C@@H](COP(O)(O)=O)O1
ECMDB01206,Acetyl-CoA,C00024,6302,CC(=O)SCCNC(=O)CCNC(=O)[C@H](O)C(C)(C)COP(O)(=O)OP(O)(=O)OC[C@H]1O[C@H]([C@H](O)[C@@H]1OP(O)(O)=O)N1C=NC2=C1N=CN=C2N
ECMDB01209,Allantoic acid,C00499,203,NC(=O)NC(NC(N)=O)C(O)=O
ECMDB01211,Diadenosine tetraphosphate,C01260,21706,NC1=C2N=CN([C@@H]3O[C@H](COP(O)(=O)OP(O)(=O)OP(O)(=O)OP(O)(=O)OC[C@H]4O[C@H]([C@H](O)[C@@H]4O)N4C=NC5=C(N)N=CN=C45)[C@@H](O)[C@H]3O)C2=NC=N1
ECMDB01213,1-Deoxy-D-xylulose 5-phosphate,C11437,443201,CC(=O)[C@@H](O)[C@H](O)COP(O)(O)=O
ECMDB01216,Tetrahydropteridine,C05650,156,C1CNC2=C(N1)C=NC=N2
ECMDB01227,5-Thymidylic acid,C00364,9700,CC1=CN([C@H]2C[C@H](O)[C@@H](COP(O)(O)=O)O2)C(=O)NC1=O
ECMDB01228,L-Glutamic acid 5-phosphate,C03287,193475,N[C@@H](CCC(=O)OP(O)(O)=O)C(O)=O
ECMDB01232,4-Nitrophenol,C00870,980,OC1=CC=C(C=C1)[N+]([O-])=O
ECMDB01235,5-Aminoimidazole ribonucleotide,C03373,161500,NC1=CN=CN1[C@@H]1O[C@H](COP(O)(O)=O)[C@@H](O)[C@H]1O
ECMDB01245,dCDP,C00705,150855,NC1=NC(=O)N(C=C1)[C@H]1C[C@H](O)[C@@H](COP(O)(=O)OP(O)(O)=O)O1
ECMDB01248,FAD,C00016,439154,CC1=CC2=C(C=C1C)N(C[C@H](O)[C@H](O)[C@H](O)CO[P@](O)(=O)O[P@@](O)(=O)OC[C@H]1O[C@H]([C@H](O)[C@@H]1O)N1C=NC3=C1N=CN=C3N)C1=NC(=O)NC(=O)C1=N2
ECMDB01252,Betaine aldehyde,C00576,249,C[N+](C)(C)CC=O
ECMDB01254,Glucosamine 6-phosphate,C00352,439217,N[C@H]1[C@@H](O)O[C@H](COP(O)(O)=O)[C@@H](O)[C@@H]1O
ECMDB01256,Spermine,C00750,1103,NCCCNCCCCNCCCN
ECMDB01257,Spermidine,C00315,1102,NCCCCNCCCN
ECMDB01259,Succinic acid semialdehyde,C00232,1112,OC(=O)CCC=O
ECMDB01261,Coproporphyrinogen III,C03263,321,CC1=C2CC3=C(C)C(CCC(O)=O)=C(CC4=C(CCC(O)=O)C(C)=C(CC5=C(CCC(O)=O)C(C)=C(CC(N2)=C1CCC(O)=O)N5)N4)N3
ECMDB01262,Maltotriose,C01835,439586,OC[C@H]1O[C@H](O[C@H]2[C@H](O)[C@@H](O)[C@@H](O[C@H]3[C@H](O)[C@@H](O)C(O)O[C@@H]3CO)O[C@@H]2CO)[C@H](O)[C@@H](O)[C@@H]1O
ECMDB01266,L-Sorbose,C00247,439192,OC[C@@]1(O)OC[C@H](O)[C@@H](O)[C@@H]1O
ECMDB01270,"Glyceric acid 1,3-biphosphate",,683,OC(COP(O)(O)=O)C(=O)OP(O)(O)=O
ECMDB01271,Pseudouridine 5'-phosphate,C01168,,O[C@H]1[C@@H](O)[C@@H](O[C@@H]1COP(O)(O)=O)C1=CNC(=O)NC1=O
ECMDB01273,Guanosine triphosphate,C00044,6830,NC1=NC2=C(N=CN2[C@@H]2O[C@H](COP(O)(=O)OP(O)(=O)OP(O)(O)=O)[C@@H](O)[C@H]2O)C(=O)N1
ECMDB01274,dTDP,C00363,164628,CC1=CN([C@H]2C[C@H](O)[C@@H](COP(O)(=O)OP(O)(O)=O)O2)C(=O)NC1=O
ECMDB01275,Propionyl-CoA,C00100,439164,CCC(=O)SCCNC(=O)CCNC(=O)C(O)C(C)(C)COP(O)(=O)OP(O)(=O)OC[C@H]1O[C@H]([C@H](O)[C@@H]1OP(O)(O)=O)N1C=NC2=C1N=CN=C2N
ECMDB01276,N1-Acetylspermidine,C00612,,CC(=O)NCCCNCCCCN
ECMDB01285,Geranyl-PP,C05847,445995,CC(C)=CCC\C(C)=C\CO[P@@](=O)(O)OP(=O)(O)O
ECMDB01292,1-Deoxy-D-xylulose,C06257,,OC[C@@H]1OC[C@@H](O)[C@@H]1O
ECMDB01294,"2,3-Diphosphoglyceric acid",C01159,186004,OC(=O)[C@@H](COP(O)(O)=O)OP(O)(O)=O
ECMDB01296,Maltotetraose,C02052,439639,OC[C@H]1O[C@H](O[C@H]2[C@H](O)[C@@H](O)[C@@H](O[C@H]3[C@H](O)[C@@H](O)[C@@H](O[C@H]4[C@H](O)[C@@H](O)C(O)O[C@@H]4CO)O[C@@H]3CO)O[C@@H]2CO)[C@H](O)[C@@H](O)[C@@H]1O
ECMDB01301,L-D-1-Pyrroline-5-carboxylic acid,C04322,1196,OC(=O)C1CCC=N1
ECMDB01303,Zinc,C00038,23994,[Zn]
ECMDB01305,L-Glutamic-gamma-semialdehyde,C01165,193305,N[C@@H](CCC=O)C(O)=O
ECMDB01308,5'-Phosphoribosyl-N-formylglycineamide,C04376,,O[C@H]1[C@@H](O)[C@H](NC(=O)CNC=O)O[C@@H]1COP(O)(O)=O
ECMDB01310,D-Alanine,C00133,71080,C[C@@H](N)C(O)=O
ECMDB01311,D-Lactic acid,C00256,61503,C[C@@H](O)C(O)=O
ECMDB01313,D-Myo-inositol 4-phosphate,C03546,440043,[H]C1(O)[C@]([H])(O)[C@]([H])(O)C([H])(OP(O)(O)=O)[C@]([H])(O)[C@@]1([H])O
ECMDB01316,6-Phosphogluconic acid,C00345,91493,O[C@H](COP(O)(O)=O)[C@@H](O)[C@H](O)[C@@H](O)C(O)=O
ECMDB01317,N5-Carboxyaminoimidazole ribonucleotide,,,OC1C(COP(O)(O)=O)OC(C1O)N1C=NC=C1NC(O)=O
ECMDB01319,Pyridoxine 5'-phosphate,C00627,1055,CC1=NC=C(COP(O)(O)=O)C(CO)=C1O
ECMDB01328,dTDP-D-Glucose,C00842,439324,CC1=CN([C@H]2C[C@H](O)[C@@H](COP(O)(=O)OP(O)(=O)OC3O[C@H](CO)[C@@H](O)[C@H](O)[C@H]3O)O2)C(=O)NC1=O
ECMDB01332,Adenylsuccinic acid,C03794,440122,O[C@@H]1[C@@H](COP(O)(O)=O)O[C@H]([C@@H]1O)N1C=NC2=C(N[C@@H](CC(O)=O)C(O)=O)N=CN=C12
ECMDB01333,Manganese,C00034,23930,[Mn++]
ECMDB01338,Palmityl-CoA,C00154,986,CCCCCCCCCCCCCCCC(=O)SCCNC(=O)CCNC(=O)C(O)C(C)(C)COP(O)(=O)OP(O)(=O)OC[C@H]1O[C@H]([C@H](O)[C@@H]1OP(O)(O)=O)N1C=NC2=C1N=CN=C2N
ECMDB01339,Glutaryl-CoA,C00527,439252,CC(C)(COP(O)(=O)OP(O)(=O)OC[C@H]1O[C@H]([C@H](O)[C@@H]1OP(O)(O)=O)N1C=NC2=C1N=CN=C2N)C(O)C(=O)NCCC(=O)NCCSC(=O)CCCC(O)=O
ECMDB01341,ADP,C00008,6022,NC1=NC=NC2=C1N=CN2[C@@H]1O[C@H](COP(O)(=O)OP(O)(O)=O)[C@@H](O)[C@H]1O
ECMDB01342,Thymidine 5'-triphosphate,C00459,64968,CC1=CN([C@H]2C[C@H](O)[C@@H](COP(O)(=O)OP(O)(=O)OP(O)(O)=O)O2)C(=O)NC1=O
ECMDB01346,GDP-4-Dehydro-6-deoxy-D-mannose,C01222,439446,C[C@H]1O[C@H](OP(O)(=O)OP(O)(=O)OC[C@H]2O[C@H]([C@H](O)[C@@H]2O)N2C=NC3=C2N=C(N)NC3=O)[C@@H](O)[C@@H](O)C1=O
ECMDB01347,Isopentenyl pyrophosphate,C00129,,CC(=C)CCO[P@](O)(=O)OP(O)(O)=O
ECMDB01349,Selenium,C01529,107674,[Se++]
ECMDB01351,Deoxyribose 1-phosphate,C00672,439287,OC[C@H]1OC(C[C@@H]1O)OP(O)(O)=O
ECMDB01352,Hydroxypyruvic acid,C00168,964,OCC(=O)C(O)=O
ECMDB01353,2-Keto-3-deoxy-D-gluconic acid,C00204,,OC[C@@H](O)[C@H](O)CC(=O)C(O)=O
ECMDB01354,"5,10-Methylene-THF",C00143,,[H][C@@]12CN(CN1C1=C(NC2)N=C(N)NC1=O)C1=CC=C(C=C1)C(=O)NC(CCC(O)=O)C(O)=O
ECMDB01362,Hydrogen (gas),C00282,5362549,[H][H]
ECMDB01366,Purine,C15587,,N1C=NC2=C1C=NC=N2
ECMDB01367,N-Acetyl-glucosamine 1-phosphate,C04256,,CC(=O)N[C@@H]1[C@@H](O)[C@H](O)[C@@H](CO)OC1OP(O)(O)=O
ECMDB01368,3-Mercaptopyruvic acid,C00957,98,OC(=O)C(=O)CS
ECMDB01369,Pyrroline hydroxycarboxylic acid,C04281,1059,OC1CC(N=C1)C(O)=O
ECMDB01370,Diaminopimelic acid,C00666,865,N[C@@H](CCC[C@H](N)C(O)=O)C(O)=O
ECMDB01372,Thiamine pyrophosphate,C00068,1132,CC1=C(CCO[P@](O)(=O)OP(O)(O)=O)SC=[N+]1CC1=CN=C(C)N=C1N
ECMDB01373,Dephospho-CoA,C00882,444485,CC(C)(COP(O)(=O)OP(O)(=O)OC[C@H]1O[C@H]([C@H](O)[C@@H]1O)N1C=NC2=C1N=CN=C2N)C(O)C(=O)NCCC(=O)NCCS
ECMDB01376,2-Keto-3-deoxy-6-phosphogluconic acid,C04442,3080745,O[C@H](COP(O)(O)=O)[C@@H](O)CC(=O)C(O)=O
ECMDB01384,UDP-Glucuronic acid,C00167,,O[C@@H]1[C@@H](COP(O)(=O)OP(O)(=O)O[C@H]2O[C@@H]([C@@H](O)[C@H](O)[C@H]2O)C(O)=O)O[C@H]([C@@H]1O)N1C=CC(=O)NC1=O
ECMDB01388,alpha-Linolenic acid,C06427,860,CCC=CCC=CCC=CCCCCCCCC(O)=O
ECMDB01391,GDP-4-Dehydro-6-L-deoxygalactose,C01222,,C[C@@H]1OC(OP(O)(=O)OP(O)(=O)OCC2O[C@H]([C@H](O)[C@@H]2O)N2C=NC3=C2N=C(N)NC3=O)[C@@H](O)[C@H](O)C1=O
ECMDB01392,p-Aminobenzoic acid,C00568,978,NC1=CC=C(C=C1)C(O)=O
ECMDB01396,5-Methyltetrahydrofolic acid,C00440,439234,CN1C(CNC2=CC=C(C=C2)C(=O)N[C@H](CCC(O)=O)C(O)=O)CNC2=C1C(=O)NC(N)=N2
ECMDB01397,Guanosine monophosphate,C00144,6804,NC1=NC2=C(N=CN2[C@@H]2O[C@H](COP(O)(O)=O)[C@@H](O)[C@H]2O)C(=O)N1
ECMDB01399,"4,6-Dideoxy-4-oxo-dTDP-D-glucose",C11907,443496,C[C@H]1OC(OP(O)(=O)OP(O)(=O)OC[C@H]2O[C@H](C[C@@H]2O)N2C=C(C)C(=O)NC2=O)[C@H](O)[C@@H](O)C1=O
ECMDB01400,Sorbitol-6-phosphate,C02810,618,OCC(O)C(O)C(O)C(O)COP(O)(O)=O
ECMDB01401,Glucose 6-phosphate,C00092,439284,OC1O[C@H](COP(O)(O)=O)[C@@H](O)[C@H](O)[C@H]1O
ECMDB01405,3-Sulfinylpyruvic acid,C05527,6398963,OC(=O)C(=O)CS([O-])=O
ECMDB01406,Niacinamide,C00153,936,NC(=O)C1=CC=CN=C1
ECMDB01409,dUMP,C00365,65063,O[C@H]1C[C@@H](O[C@@H]1COP(O)(O)=O)N1C=CC(=O)NC1=O
ECMDB01412,"7,8-Dihydropteroic acid",C00921,170,NC1=NC2=C(N=C(CNC3=CC=C(C=C3)C(O)=O)CN2)C(=O)N1
ECMDB01414,Putrescine,C02896,1045,NCCCCN
ECMDB01416,Pantetheine 4'-phosphate,C01134,987,CC(C)(COP(O)(O)=O)[C@@H](O)C(=O)NCCC(=O)NCCS
ECMDB01418,O-Succinyl-L-homoserine,C01118,439406,N[C@@H](CCOC(=O)CCC(O)=O)C(O)=O
ECMDB01423,Coenzyme A,C00010,6816,CC(C)(COP(O)(=O)OP(O)(=O)OC[C@H]1O[C@H]([C@H](O)[C@@H]1OP(O)(O)=O)N1C=NC2=C1N=CN=C2N)C(O)C(=O)NCCC(=O)NCCS
ECMDB01426,Formaldehyde,C00067,712,C=O
ECMDB01429,Phosphate,C00009,1061,[O-]P([O-])([O-])=O
ECMDB01431,Pyridoxamine,C00534,1052,CC1=C(O)C(CN)=C(CO)C=N1
ECMDB01432,Agmatine,C00179,199,NCCCCNC(N)=N
ECMDB01436,D-Mannose 1-phosphate,C00636,644175,OC[C@H]1OC(OP(O)(O)=O)[C@@H](O)[C@@H](O)[C@@H]1O
ECMDB01437,N-Succinyl-L-glutamate,C05931,440847,[H][C@@](CCC(O)=O)(N=C(O)CCC(O)=O)C(O)=O
ECMDB01439,Phosphoribosyl formamidocarboxamide,C04734,1011,NC(=O)C1=C(NC=O)N(C=N1)[C@@H]1O[C@H](COP(O)(O)=O)[C@@H](O)[C@H]1O
ECMDB01440,dGTP,C00286,65103,NC1=NC2=C(N=CN2[C@H]2C[C@H](O)[C@@H](COP(O)(=O)OP(O)(=O)OP(O)(O)=O)O2)C(=O)N1
ECMDB01441,"6,7-Dihydropteridine",C05649,167,C1CN=C2N=CN=CC2=N1
ECMDB01448,Sulfate,C00059,1117,[O-]S([O-])(=O)=O
ECMDB01451,Lipoic acid,C16241,864,OC(=O)CCCC[C@@H]1CCSS1
ECMDB01469,Undecaprenyl diphosphate,C04574,,CC(C)=CCC\C(C)=C\CC\C(C)=C\CC\C(C)=C\CC\C(C)=C\CC\C(C)=C\CC\C(C)=C\CC\C(C)=C\CC\C(C)=C\CC\C(C)=C\CC\C(C)=C\COP(O)(=O)OP(O)(O)=O
ECMDB01473,Dihydroxyacetone phosphate,C00111,668,OCC(=O)COP(O)(O)=O
ECMDB01476,3-Hydroxyanthranilic acid,C00632,86,NC1=C(O)C=CC=C1C(O)=O
ECMDB01484,Acetoacetyl-CoA,C00332,439214,CC(=O)CC(=O)SCCNC(=O)CCNC(=O)C(O)C(C)(C)COP(O)(=O)OP(O)(=O)OC[C@H]1O[C@H]([C@H](O)[C@@H]1OP(O)(O)=O)N1C=NC2=C1N=CN=C2N
ECMDB01487,NADH,C00004,928,NC(=O)C1=CN(C=CC1)[C@@H]1O[C@H](CO[P@](O)(=O)O[P@](O)(=O)OC[C@H]2O[C@H]([C@H](O)[C@@H]2O)N2C=NC3=C(N)N=CN=C23)[C@@H](O)[C@H]1O
ECMDB01488,Nicotinic acid,C00253,938,OC(=O)C1=CN=CC=C1
ECMDB01491,Pyridoxal 5'-phosphate,C00018,1051,CC1=NC=C(COP(O)(O)=O)C(C=O)=C1O
ECMDB01493,3-Methylcrotonyl-CoA,C03069,439869,CC(C)=CC(=O)SCCNC(=O)CCNC(=O)C(O)C(C)(C)COP(O)(=O)OP(O)(=O)OC[C@H]1O[C@H]([C@H](O)[C@@H]1OP(O)(O)=O)N1C=NC2=C1N=CN=C2N
ECMDB01494,Acetylphosphate,C00227,186,CC(=O)OP(O)(O)=O
ECMDB01495,Queuine,C01449,,O[C@@H]1C=C[C@@H](NCC2=CNC3=C2C(=O)NC(=N)N3)[C@@H]1O
ECMDB01514,Glucosamine,C00329,439213,[H][C@@]1(N)C(O)O[C@@]([H])(CO)[C@]([H])(O)[C@@]1([H])O
ECMDB01517,AICAR,C04677,65110,NC(=O)C1=C(N)N(C=N1)[C@@H]1O[C@H](COP(O)(O)=O)[C@@H](O)[C@H]1O
ECMDB01520,Flavin Mononucleotide,C00061,710,CC1=CC2=C(C=C1C)N(C[C@H](O)[C@H](O)[C@H](O)COP(O)(O)=O)C1=NC(=O)NC(=O)C1=N2
ECMDB01521,Tetradecanoyl-CoA,C02593,1126,CCCCCCCCCCCCCC(=O)SCCNC(=O)CCNC(=O)C(O)C(C)(C)COP(O)(=O)OP(O)(=O)OC[C@H]1O[C@H]([C@H](O)[C@@H]1OP(O)(O)=O)N1C=NC2=C1N=CN=C2N
ECMDB01526,S-Acetyldihydrolipoamide,C01136,,CC(=O)SC(CCS)CCCCC(N)=O
ECMDB01532,dATP,C00131,15993,[H][C@]1(O)C[C@@]([H])(O[C@]1([H])COP([O-])(=O)OP([O-])(=O)OP([O-])([O-])=O)N1C=NC2=C(N)N=CN=C12
ECMDB01545,Pyridoxal,C00250,1050,CC1=NC=C(CO)C(C=O)=C1O
ECMDB01546,CDP,C00112,6132,NC1=NC(=O)N(C=C1)[C@@H]1O[C@H](COP(O)(=O)OP(O)(O)=O)[C@@H](O)[C@H]1O
ECMDB01550,S-Formylglutathione,C01031,488,N[C@@H](CCC(=O)N[C@@H](CSC=O)C(=O)NCC(O)=O)C(O)=O
ECMDB01553,2-Oxo-4-methylthiobutanoic acid,C01180,473,CSCCC(=O)C(O)=O
ECMDB01554,Xanthylic acid,C00655,1190,O[C@@H]1[C@@H](COP(O)(O)=O)O[C@H]([C@@H]1O)N1C=NC2=C1NC(=O)NC2=O
ECMDB01555,Pyridoxamine 5'-phosphate,C00647,1053,CC1=NC=C(COP(O)(O)=O)C(CN)=C1O
ECMDB01562,N5-Formyl-H4F,C03479,143,NC1=NC2=C(N(C=O)C(CNC3=CC=C(C=C3)C(=O)NC(CCC(O)=O)C(O)=O)CN2)C(=O)N1
ECMDB01567,Glycineamideribotide,C03838,440137,NCC(=O)N[C@@H]1O[C@H](COP(O)(O)=O)[C@@H](O)[C@H]1O
ECMDB01586,Glucose 1-phosphate,C00103,65533,OC[C@H]1OC(OP(O)(O)=O)[C@H](O)[C@@H](O)[C@@H]1O
ECMDB01846,Tetrahydrofolic acid,C00101,1129,NC1=NC(=O)C2=C(NC[C@H](CNC3=CC=C(C=C3)C(=O)NC(CCC(O)=O)C(O)=O)N2)N1
ECMDB01875,Methanol,C00132,887,CO
ECMDB01881,Propylene glycol,C00583,1030,CC(O)CO
ECMDB01882,Dihydroxyacetone,C00184,670,OCC(=O)CO
ECMDB02005,Methionine sulfoxide,C02989,,CS(=O)CCC(N)C(O)=O
ECMDB02009,Crotonoyl-CoA,C00877,92856,C\C=C\C(=O)SCCNC(=O)CCNC(=O)C(O)C(C)(C)COP(O)(=O)OP(O)(=O)OC[C@H]1O[C@H]([C@H](O)[C@@H]1OP(O)(O)=O)N1C=NC2=C(N)N=CN=C12
ECMDB02031,Ureidoisobutyric acid,C05100,160663,CC(CNC(N)=O)C(O)=O
ECMDB02033,D-Ribose-5-phosphate,C00117,,OC1O[C@H](COP(O)(O)=O)[C@@H](O)[C@H]1O
ECMDB02054,Tiglyl-CoA,C03345,439894,C\C=C(/C)C(=O)SCCNC(=O)CCNC(=O)C(O)C(C)(C)COP(O)(=O)OP(O)(=O)OC[C@H]1O[C@H]([C@H](O)[C@@H]1OP(O)(O)=O)N1C=NC2=C(N)N=CN=C12
ECMDB02064,N-Acetylputrescine,C02714,122356,CC(=O)NCCCCN
ECMDB02069,Pyrazinic acid,C19915,1047,OC(=O)C1=CN=CC=N1
ECMDB02070,4-Hydroxy-2-oxoglutaric acid,C01127,,OC(CC(=O)C(O)=O)C(O)=O
ECMDB02078,Cyanate,C01417,540,[O-]C#N
ECMDB02084,Cyanide,C00177,5975,C#[N-]
ECMDB02086,Adenosylcobalamin,C00194,6436143,C1(C)(C)[C@]([H])(CCC(N)=O)C2=[N]3[Co+]456([N]7=CN([C@]8(O[C@]([H])(CO)[C@@](OP(O[C@@](C)([H])CNC(=O)CC[C@]9(C)[C@@](C([C@@]%10([N]4=C(C(=C4[C@](C)([C@]([H])(CCC(N)=O)C(=[N]54)C=C13)CC(N)=O)C)[C@@]([C@]%10(C)CC(N)=O)([H])CCC(N)=O)C)N6C9=C2C)([H])CC(N)=O)(=O)[O-])([C@]8(O)[H])[H])[H])C1=C7C=C(C)C(=C1)C)C[C@]1(O[C@]([C@@]([C@@]1(O)[H])(O)[H])(N1C=NC2=C1N=CN=C2N)[H])[H]
ECMDB02092,Itaconic acid,C00490,811,OC(=O)CC(=C)C(O)=O
ECMDB02134,Aminoacetone,C01888,215,CC(=O)CN
ECMDB02158,Coproporphyrinogen I,C05768,440776,CC1=C2CC3=C(CCC(O)=O)C(C)=C(CC4=C(CCC(O)=O)C(C)=C(CC5=C(CCC(O)=O)C(C)=C(CC(N2)=C1CCC(O)=O)N5)N4)N3
ECMDB02159,"3alpha,7alpha-Dihydroxy-5beta-cholestanoyl-CoA",C04644,440420,[H][C@@]12C[C@H](O)CC[C@]1(C)C1CC[C@]3(C)C(CCC3C1[C@H](O)C2)C(C)CCCC(C)C(=O)SCCNC(=O)CCNC(=O)C(O)C(C)(C)COP(O)(=O)OP(O)(=O)OC[C@H]1O[C@H]([C@H](O)[C@@H]1OP(O)(O)=O)N1C=NC2=C(N)N=CN=C12
ECMDB02165,Glycolaldehyde,C00266,756,OCC=O
ECMDB02166,(S)-b-aminoisobutyric acid,C03284,439434,C[C@@H](CN)C(O)=O
ECMDB02206,Molybdopterin,C05924,,NC1=NC2=C(NC3C(N2)OC(COP(O)(O)=O)C2=C3S[Mo](=O)(=O)S2)C(=O)N1
ECMDB02211,Uroporphyrinogen I,C05766,440775,OC(=O)CCC1=C2CC3=C(CC(O)=O)C(CCC(O)=O)=C(CC4=C(CC(O)=O)C(CCC(O)=O)=C(CC5=C(CC(O)=O)C(CCC(O)=O)=C(CC(N2)=C1CC(O)=O)N5)N4)N3
ECMDB02217,(S)-Methylmalonic acid semialdehyde,C06002,5462303,C[C@@H](C=O)C(O)=O
ECMDB02251,L-Homoserine,C00263,12647,N[C@@H](CCO)C(O)=O
ECMDB02255,R-Methylmalonyl-CoA,,,[H][C@@](C)(C(O)=O)C(=O)SCCN=C(O)CCN=C(O)[C@]([H])(O)C(C)(C)COP(O)(=O)OP(O)(=O)OC[C@@]1([H])O[C@@]([H])(N2C=NC3=C(N)N=CN=C23)[C@]([H])(O)[C@]1([H])OP(O)(O)=O
ECMDB02260,Gallic acid,C01424,370,OC(=O)C1=CC(O)=C(O)C(O)=C1
ECMDB02275,"7,8-Dihydroneopterin",C04874,659,NC1=NC(=O)C2=C(NCC(=N2)C(O)C(O)CO)N1
ECMDB02307,Acrylyl-CoA,C00894,439340,CC(C)(COP(O)(=O)OP(O)(=O)OC[C@H]1O[C@H]([C@H](O)[C@@H]1OP(O)(O)=O)N1C=NC2=C(N)N=CN=C12)C(O)C(=O)NCCC(=O)NCCSC(=O)C=C
ECMDB02310,(S)-Methylmalonyl-CoA,C00683,613,[H][C@](C)(C(O)=O)C(=O)SCCN=C(O)CCN=C(O)[C@]([H])(O)C(C)(C)COP(O)(=O)OP(O)(=O)OC[C@@]1([H])O[C@@]([H])(N2C=NC3=C(N)N=CN=C23)[C@]([H])(O)[C@]1([H])OP(O)(O)=O
ECMDB02322,Cadaverine,C01672,273,NCCCCCN
ECMDB02329,Oxalic acid,C00209,971,OC(=O)C(O)=O
ECMDB02434,Hydroquinone,C15603,785,OC1=CC=C(O)C=C1
ECMDB02649,D-Erythrose 4-phosphate,C00279,697,O[C@H](COP(O)(O)=O)[C@@H](O)C=O
ECMDB02654,Phenylethylamine,C05332,1001,NCCC1=CC=CC=C1
ECMDB02666,Thiamine monophosphate,C01081,1131,CC1=C(CCO[P@](O)([O-])=O)SC=[N+]1CC1=CN=C(C)N=C1N
ECMDB02757,Cysteic acid,C00506,25701,NC(CS(O)(=O)=O)C(O)=O
ECMDB02786,Nitrite,C00088,,[O-]N=O
ECMDB02812,alpha-Ketoglutarate,C00026,,[O-]C(=O)CCC(=O)C([O-])=O
ECMDB02845,Hexanoyl-CoA,C05270,440611,CCCCCC(=O)SCCNC(=O)CCNC(=O)C(O)C(C)(C)COP(O)(=O)OP(O)(=O)OC[C@H]1O[C@H]([C@H](O)[C@@H]1OP(O)(O)=O)N1C=NC2=C(N)N=CN=C12
ECMDB02878,Nitrate,C00244,943,[O-][N+]([O-])=O
ECMDB02894,5-Methylcytosine,C02376,65040,CC1=C(N)NC(=O)N=C1
ECMDB02908,Sodium,C01330,923,[Na+]
ECMDB03011,O-Acetylserine,C00979,189,CC(=O)OC[C@H](N)C(O)=O
ECMDB03015,Malonic semialdehyde,C00222,868,OC(=O)CC=O
ECMDB03035,Glycolic acid,C03547,757,OCC(O)=O
ECMDB03052,Lactaldehyde,C05999,439231,[H]C(=O)C(C)O
ECMDB03070,Shikimic acid,C00493,8742,O[C@@H]1CC(=C[C@@H](O)[C@H]1O)C(O)=O
ECMDB03174,2-Deoxyglucose,C00586,,[H]C([H])(C=O)[C@@]([H])(O)[C@]([H])(O)[C@]([H])(O)CO
ECMDB03178,Heme,C00032,26945,CC1=C(CCC(O)=O)C2=CC3=[N+]4C(=CC5=C(C=C)C(C)=C6C=C7C(C=C)=C(C)C8=[N+]7[Fe@]4(N2C1=C8)N56)C(C)=C3CCC(O)=O
ECMDB03224,Deoxyribose,C01801,10786,OC[C@@H]1O[C@H](O)C[C@H]1O
ECMDB03243,Acetoin,C00466,,CC(O)C(C)=O
ECMDB03266,UDP-N-Acetylmuraminate,C01050,1169,CC(OC1C(O)C(CO)OC(OP(O)(=O)OP(O)(=O)OCC2OC(C(O)C2O)N2C=CC(=O)NC2=O)C1NC(C)=O)C(O)=O
ECMDB03276,Hydrogen sulfide,C00283,402,S
ECMDB03287,Histidinol phosphate,C01100,,N[C@H](COP(O)(O)=O)CC1=CNC=N1
ECMDB03288,Selenocysteine,C05688,6326983,N[C@@H](C[SeH])C(O)=O
ECMDB03325,Bilirubin diglucuronide,C05787,5459911,[H]\C(C1=C(C)C(CCC(=O)O[C@]2([H])O[C@]([H])(C(O)=O)[C@@]([H])(O)[C@]([H])(O)[C@@]2([H])O)=C(CC2=C(CCC(=O)O[C@]3([H])O[C@]([H])(C(O)=O)[C@@]([H])(O)[C@]([H])(O)[C@@]3([H])O)C(C)=C(N2)C(\[H])=C2/N=C(O)C(C)=C2C=C)N1)=C1\N=C(O)C(C=C)=C1C
ECMDB03335,IDP,C00104,644173,O[C@@H]1[C@@H](COP(O)(=O)OP(O)(O)=O)OC([C@@H]1O)N1C=NC2=C1NC=NC2=O
ECMDB03339,D-Glutamic acid,C00217,23327,N[C@H](CCC(O)=O)C(O)=O
ECMDB03345,alpha-D-Glucose,C00267,79025,OC[C@H]1O[C@H](O)[C@H](O)[C@@H](O)[C@@H]1O
ECMDB03357,N-Acetylornithine,C00437,439232,CC(=O)N[C@@H](CCCN)C(O)=O
ECMDB03378,Nitric oxide,C00533,945,[N]=O
ECMDB03379,Triphosphate,C00536,3440921,[O-]P([O-])(=O)OP([O-])(=O)OP([O-])([O-])=O
ECMDB03406,D-Serine,C00740,71077,N[C@H](CO)C(O)=O
ECMDB03417,D-Cysteine,C00793,92851,N[C@H](CS)C(O)=O
ECMDB03419,Formyl-CoA,C00798,439313,[H][C@](O)(C(O)=NCCC(O)=NCCSC=O)C(C)(C)COP(O)(=O)OP(O)(=O)OC[C@@]1([H])O[C@@]([H])(N2C=NC3=C(N)N=CN=C23)[C@]([H])(O)[C@]1([H])OP(O)(O)=O
ECMDB03423,D-Glutamine,C00819,145815,N[C@H](CCC(N)=O)C(O)=O
ECMDB03426,Pantetheine,C00831,479,CC(C)(CO)C(O)C(=O)NCCC(=O)NCCS
ECMDB03431,L-Histidinol,C00860,165271,N[C@H](CO)CC1=CN=CN1
ECMDB03458,Aquacobalamin,C00992,5462232,O.[Co+3].[H][C@@](C)(CN=C(O)CCC1(C)C2=NC([H])([C@]1([H])CC(O)=N)[C@]1(C)NC(=C(C)C3=NC(=CC4=NC(=C2C)[C@@]([H])(CCC([O-])=N)C4(C)C)[C@@]([H])(CCC([O-])=N)[C@]3(C)CC(O)=N)[C@@]([H])(CCC([O-])=N)[C@]1(C)CC(O)=N)OP(O)(=O)O[C@]1([H])[C@@]([H])(CO)O[C@]([H])([N+]2=CNC3=C2C=C(C)C(C)=C3)[C@]1([H])O
ECMDB03459,D-Alanyl-D-alanine,C00993,5460362,C[C@@H](N)C(=O)N[C@H](C)C(O)=O
ECMDB03484,O-Phosphohomoserine,C01102,151187,N[C@@H](CCOP(O)(O)=O)C(O)=O
ECMDB03498,beta-D-Glucose 6-phosphate,C01172,439427,O[C@@H]1O[C@H](COP(O)(O)=O)[C@@H](O)[C@H](O)[C@H]1O
ECMDB03502,Myo-inositol hexakisphosphate,C01204,890,OP(O)(=O)OC1C(OP(O)(O)=O)C(OP(O)(O)=O)C(OP(O)(O)=O)C(OP(O)(O)=O)C1OP(O)(O)=O
ECMDB03514,"alpha-D-Glucose 1,6-bisphosphate",C01231,82400,O[C@H]1[C@H](O)[C@@H](COP(O)(O)=O)O[C@H](OP(O)(O)=O)[C@@H]1O
ECMDB03536,DIDP,C01344,439488,O[C@H]1C[C@@H](O[C@@H]1CO[P@@](O)(=O)OP(O)(O)=O)N1C=NC2=C1NC=NC2=O
ECMDB03538,Carbonic acid,C01353,767,OC(O)=O
ECMDB03540,3'-AMP,C01367,41211,NC1=C2N=CN([C@@H]3O[C@H](CO)[C@@H](OP(O)(O)=O)[C@H]3O)C2=NC=N1
ECMDB03543,Butanal,C01412,261,CCCC=O
ECMDB03551,Carbamic acid,C01563,277,NC(O)=O
ECMDB03556,Chitobiose,C01674,656440,CC(=O)N[C@H]1[C@H](O)O[C@H](CO)[C@@H](O[C@@H]2O[C@H](CO)[C@@H](O)[C@H](O)[C@H]2NC(O)=O)[C@@H]1O
ECMDB03571,Lauroyl-CoA,C01832,165436,CCCCCCCCCCCC(=O)SCCNC(=O)CCNC(=O)[C@H](O)C(C)(C)COP(O)(=O)OP(O)(=O)OC[C@H]1O[C@H]([C@H](O)[C@@H]1OP(O)(O)=O)N1C=NC2=C(N)N=CN=C12
ECMDB03581,Dethiobiotin,C01909,643,[H][C@@]1(C)NC(=O)N[C@]1([H])CCCCCC(O)=O
ECMDB03609,2-Aminoacrylic acid,C02218,123991,NC(=C)C(O)=O
ECMDB03701,Dimethylbenzimidazole,C03114,675,CC1=CC2=C(C=C1C)N=CN2
ECMDB03712,(2E)-Dodecenoyl-CoA,C03221,5280578,CCCCCCCCC\C=C\C(=O)SCCNC(=O)CCNC(=O)[C@H](O)C(C)(C)COP(=O)([O-])OP([O-])(=O)OC[C@H]1O[C@H]([C@H](O)[C@@H]1OP(=O)([O-])[O-])N1C=NC2=C1N=CN=C2N
ECMDB03791,"3,4-Dihydroxyphenylacetaldehyde",C04043,119219,OC1=C(O)C=C(CC=O)C=C1
ECMDB03826,"6,7-Dimethyl-8-(1-D-ribityl)lumazine",C04332,168989,CC1=C(C)N(CC(O)C(O)C(O)CO)C2=NC(=O)NC(=O)C2=N1
ECMDB03840,Phosphoroselenoic acid,C05172,1092,OP(O)(O)=[Se]
ECMDB03882,"N1-(5-Phospho-a-D-ribosyl)-5,6-dimethylbenzimidazole",C04778,444941,CC1=CC2=C(C=C1C)N(C=N2)[C@H]1O[C@H](COP(O)(O)=O)[C@@H](O)[C@H]1O
ECMDB03932,(S)-3-Hydroxyhexadecanoyl-CoA,C05258,440600,CCCCCCCCCCCCC[C@H](O)CC(=O)SCCNC(=O)CCNC(=O)C(O)C(C)(C)COP(O)(=O)OP(O)(=O)OC[C@H]1O[C@H]([C@H](O)[C@@H]1OP(O)(O)=O)N1C=NC2=C(N)N=CN=C12
ECMDB03934,(S)-3-Hydroxytetradecanoyl-CoA,C05260,440602,CCCCCCCCCCC[C@H](O)CC(=O)SCCNC(=O)CCNC(=O)C(O)C(C)(C)COP(O)(=O)OP(O)(=O)OC[C@H]1O[C@H]([C@H](O)[C@@H]1OP(O)(O)=O)N1C=NC2=C(N)N=CN=C12
ECMDB03935,3-Oxotetradecanoyl-CoA,C05261,11966197,CCCCCCCCCCCC(=O)CC(=O)SCCNC(=O)CCNC(=O)[C@H](O)C(C)(C)COP(O)(=O)OP(O)(=O)OC[C@H]1O[C@H]([C@H](O)[C@@H]1OP(O)(O)=O)N1C=NC2=C(N)N=CN=C12
ECMDB03936,(S)-3-Hydroxydodecanoyl-CoA,C05262,440603,CCCCCCCCC[C@H](O)CC(=O)SCCNC(=O)CCNC(=O)C(O)C(C)(C)COP(O)(=O)OP(O)(=O)OC[C@H]1O[C@H]([C@H](O)[C@@H]1OP(O)(O)=O)N1C=NC2=C(N)N=CN=C12
ECMDB03937,3-Oxododecanoyl-CoA,C05263,440604,CCCCCCCCCC(=O)CC(=O)SCCNC(=O)CCNC(=O)C(O)C(C)(C)COP(O)(=O)OP(O)(=O)OC[C@H]1O[C@H]([C@H](O)[C@@H]1OP(O)(O)=O)N1C=NC2=C(N)N=CN=C12
ECMDB03938,(S)-Hydroxydecanoyl-CoA,C05264,16061159,CCCCCCC[C@H](O)CC(=O)SCCNC(=O)CCNC(=O)[C@H](O)C(C)(C)COP(O)(=O)OP(O)(=O)OC[C@H]1O[C@H](C(O)[C@H]1OP(O)(O)=O)N1C=NC2=C(N)N=CN=C12
ECMDB03939,3-Oxodecanoyl-CoA,C05265,440606,CCCCCCCC(=O)CC(=O)SCCNC(=O)CCNC(=O)C(O)C(C)(C)COP(O)(=O)OP(O)(=O)OC[C@H]1O[C@H]([C@H](O)[C@@H]1OP(O)(O)=O)N1C=NC2=C(N)N=CN=C12
ECMDB03940,(S)-Hydroxyoctanoyl-CoA,C05266,5460008,[H][C@](O)(CCCCC)CC(=O)SCCNC(=O)CCNC(=O)[C@]([H])(O)C(C)(C)COP(O)(=O)OP(O)(=O)OC[C@H]1O[C@H](C(O)[C@H]1OP(O)(O)=O)N1C=NC2=C1N=CN=C2N
ECMDB03941,3-Oxooctanoyl-CoA,C05267,440608,CCCCCC(=O)CC(=O)SCCNC(=O)CCNC(=O)C(O)C(C)(C)COP(O)(=O)OP(O)(=O)OC[C@H]1O[C@H]([C@H](O)[C@@H]1OP(O)(O)=O)N1C=NC2=C(N)N=CN=C12
ECMDB03942,(S)-Hydroxyhexanoyl-CoA,C05268,440609,CCC[C@H](O)CC(=O)SCCNC(=O)CCNC(=O)C(O)C(C)(C)COP(O)(=O)OP(O)(=O)OC[C@H]1O[C@H]([C@H](O)[C@@H]1OP(O)(O)=O)N1C=NC2=C(N)N=CN=C12
ECMDB03943,3-Oxohexanoyl-CoA,C05269,440610,CCCC(=O)CC(=O)SCCNC(=O)CCNC(=O)C(O)C(C)(C)COP(O)(=O)OP(O)(=O)OC[C@H]1O[C@H]([C@H](O)[C@@H]1OP(O)(O)=O)N1C=NC2=C(N)N=CN=C12
ECMDB03944,trans-2-Hexenoyl-CoA,C05271,5280765,CCC\C=C\C(=O)SCCNC(=O)CCNC(=O)C(O)C(C)(C)COP(O)(=O)OP(O)(=O)OC[C@H]1O[C@H]([C@H](O)[C@@H]1OP(O)(O)=O)N1C=NC2=C1N=CN=C2N
ECMDB03945,(2E)-Hexadecenoyl-CoA,C05272,5280766,CCCCCCCCCCCCC\C=C\C(=O)SCCNC(=O)CCNC(=O)[C@H](O)C(C)(C)COP(=O)([O-])OP([O-])(=O)OC[C@H]1O[C@H]([C@H](O)[C@@H]1OP(=O)([O-])[O-])N1C=NC2=C1N=CN=C2N
ECMDB03946,(2E)-Tetradecenoyl-CoA,C05273,5280767,CCCCCCCCCCC\C=C\C(=O)SCCNC(=O)CCNC(=O)C(O)C(C)(C)COP(O)(=O)OP(O)(=O)OC[C@H]1O[C@H]([C@H](O)[C@@H]1OP(O)(O)=O)N1C=NC2=C1N=CN=C2N
ECMDB03948,(2E)-Decenoyl-CoA,C05275,5280768,CCCCCCC\C=C\C(=O)SCCNC(=O)CCNC(=O)C(O)C(C)(C)COP(O)(=O)OP(O)(=O)OC[C@H]1O[C@H]([C@H](O)[C@@H]1OP(O)(O)=O)N1C=NC2=C(N)N=CN=C12
ECMDB03949,(2E)-Octenoyl-CoA,C05276,5280769,CCCCC\C=C\C(=O)SCCNC(=O)CCNC(=O)C(O)C(C)(C)COP(O)(=O)OP(O)(=O)OC[C@H]1O[C@H]([C@H](O)[C@@H]1OP(O)(O)=O)N1C=NC2=C1N=CN=C2N
ECMDB03971,beta-D-Fructose 6-phosphate,C05345,440641,OC[C@@]1(O)O[C@H](COP(O)(O)=O)[C@@H](O)[C@@H]1O
ECMDB03974,Oxalosuccinic acid,C05379,972,OC(=O)CC(C(O)=O)C(=O)C(O)=O
ECMDB04001,2-Aceto-2-hydroxy-butyrate,C06006,8279,CC[C@](O)(C(C)=O)C(O)=O
ECMDB04002,2-Acetolactate,C00900,22,CC(=O)C(C)(O)C(O)=O
ECMDB04007,Allolactose,,11336802,[H]C1(O)O[C@]([H])(CO[C@]2([H])O[C@]([H])(CO)[C@]([H])(O)[C@]([H])(O)[C@@]2([H])O)[C@@]([H])(O)[C@]([H])(O)[C@@]1([H])O
ECMDB04010,"alpha,alpha-Trehalose 6-phosphate",C00689,122336,OCC1OC(OC2OC(COP(O)(O)=O)C(O)C(O)C2O)C(O)C(O)C1O
ECMDB04011,Galactose 1-phosphate,C00446,439995,OC[C@H]1O[C@H](OP(O)(O)=O)[C@H](O)[C@@H](O)[C@H]1O
ECMDB04012,Alpha-D-Galactose,C00984,439357,OC[C@H]1O[C@H](O)[C@H](O)[C@@H](O)[C@H]1O
ECMDB04013,1-Amino-2-propanol,C05771,4,CC(O)CN
ECMDB04014,1-Amino-propan-2-one-3-phosphate,C05672,3857,NC(CP(O)(O)=O)C(O)=O
ECMDB04017,gamma-Aminobutyric acid,C00334,119,NCCCC(O)=O
ECMDB04024,Betaine,C00719,247,C[N+](C)(C)CC([O-])=O
ECMDB04025,beta-D-Galactose,C00962,439353,OC[C@H]1O[C@@H](O)[C@H](O)[C@@H](O)[C@H]1O
ECMDB04029,3-Carboxy-3-hydroxy-isocaproate,C02504,6419726,CC(C)C(O)(CC([O-])=O)C([O-])=O
ECMDB04030,Carbon dioxide,C00011,280,O=C=O
ECMDB04033,CDPglucose,C00501,25245528,[H][C@]1(COP([O-])(=O)OP(O)(=O)O[C@@]2([H])O[C@]([H])(CO)[C@@]([H])(O)[C@]([H])(O)[C@@]2([H])O)O[C@@]([H])(N2C=CC(=N)N=C2[O-])[C@]([H])(O)[C@]1([H])O
ECMDB04034,Cyclic GMP,C00942,24316,NC1=NC2=C(N=CN2[C@@H]2O[C@@H]3COP(O)(=O)O[C@H]3[C@H]2O)C(=O)N1
ECMDB04037,Chloride,C00698,312,[Cl-]
ECMDB04040,Cob(I)alamin,C00853,5462228,[H][C@]12[C@H](CC(N)=O)[C@@]3(C)CCC(=O)NC[C@@]([H])(C)OP([O-])(=O)O[C@H]4[C@@H](O)[C@H](O[C@@H]4CO)N4C=[N](C5=CC(C)=C(C)C=C45)[Co]456N1C3=C(C)C1=[N]4C(=CC3=[N]5C(=C(C)C4=[N]6[C@]2(C)[C@@](C)(CC(N)=O)[C@@H]4CCC(N)=O)[C@@](C)(CC(N)=O)[C@@H]3CCC(N)=O)C(C)(C)[C@@H]1CCC(N)=O
ECMDB04042,2-Dehydro-D-gluconate,C06473,50,OCC(O)C(O)C(O)C(=O)C(O)=O
ECMDB04043,2-Dehydropantoate,C00966,38,CC(C)(CO)C(=O)C([O-])=O
ECMDB04044,2-Dehydro-3-deoxy-D-galactonate,C01216,37,OCC(O)C(O)CC(=O)C([O-])=O
ECMDB04045,2-Dehydro-3-deoxy-D-galactonate-6-phosphate,C01286,44229080,[H][C@@](O)(COP([O-])([O-])=O)[C@]([H])(O)CC(=O)C([O-])=O
ECMDB04047,3-Dehydro-2-deoxy-D-gluconate,C03926,627,OCC(O)C(O)C(=O)CC(O)=O
ECMDB04048,3-Dehydro-shikimate,C02637,5460360,OC1CC(=CC(=O)C1O)C([O-])=O
ECMDB04049,3-Dehydroquinate,C00944,439351,O[C@@H]1C[C@@](O)(CC(=O)[C@H]1O)C(O)=O
ECMDB04050,2-Deoxygluconate,C02782,22134426,OCC(O)C(O)C(O)CC([O-])=O
ECMDB04052,"2,5-Diamino-6-hydroxy-4-(5-phosphoribosylamino)pyrimidine",C01304,25244331,[H]C(O)([C@@]1([H])OC([H])(NC2=C(N)C(O)=NC(=N)N2)[C@]([H])(O)[C@]1([H])O)P(O)(O)=O
ECMDB04053,"(2,3-Dihydroxybenzoyl)adenylic acid",C04030,440201,[H][C@]1(COP(O)(=O)OC(=O)C2=C(O)C(O)=CC=C2)O[C@@]([H])(N2C=NC3=C(N)N=CN=C23)[C@]([H])(O)[C@]1([H])O
ECMDB04054,"1,4-Dihydroxy-2-naphthoic acid",C03657,671,OC(=O)C1=C(O)C2=CC=CC=C2C(O)=C1
ECMDB04055,"2,3-Dihydro-2,3-dihydroxybenzoic acid",C04171,23615184,OC1C=CC=C(C1O)C([O-])=O
ECMDB04056,"2,3-Dihydrodipicolinic acid",C03340,17,OC(=O)C1CC=CC(=N1)C(O)=O
ECMDB04059,"(R)-2,3-Dihydroxy-isovalerate",C04272,440279,CC(C)(O)[C@@H](O)C(O)=O
ECMDB04060,"3,4-Dihydroxy-2-butanone-4-P",C15556,21983291,CC(=O)C(O)COP([O-])([O-])=O
ECMDB04061,"3-(2,3-Dihydroxyphenyl)propionic acid",C04044,9543123,OC(=O)CCC1=C(O)C([O-])=CC=C1
ECMDB04062,"2,5-Diketo-D-gluconate",C02780,9548631,[H][C@@](O)(C(=O)CO)[C@]([H])(O)C(=O)C([O-])=O
ECMDB04063,2'-Deoxyinosine triphosphate,C01345,146302,O[C@H]1C[C@@H](O[C@@H]1COP(O)(=O)OP(O)(=O)OP(O)(O)=O)N1C=NC2=C1NC=NC2=O
ECMDB04069,L-Fuculose,C01721,6857362,[H][C@@](C)(O)[C@@]([H])(O)[C@@]([H])(O)C(=O)CO
ECMDB04073,D-Glucuronic acid,C00191,444791,O[C@H]1O[C@@H]([C@@H](O)[C@H](O)[C@H]1O)C(O)=O
ECMDB04077,Glyceric acid,C00258,439194,OC[C@@H](O)C(O)=O
ECMDB04080,2-Hydroxy-3-oxosuccinate,C03459,524,OC(C(O)=O)C(=O)C(O)=O
ECMDB04081,2-Hydroxy-6-ketononadienedicarboxylate,C04479,21158453,OC(=O)C([O-])=CC=CC(=O)CCC([O-])=O
ECMDB04083,3-(3-Hydroxyphenyl)propionate,C11457,6931501,OC(=O)CCC1=CC([O-])=CC=C1
ECMDB04085,Inosinic acid,C00130,8582,O[C@@H]1[C@@H](COP(O)(O)=O)O[C@H]([C@@H]1O)N1C=NC2=C1N=CNC2=O
ECMDB04087,Myoinositol,C00137,892,O[C@H]1[C@H](O)[C@@H](O)[C@H](O)[C@H](O)[C@@H]1O
ECMDB04088,Isocitric acid,C00311,1198,OC(C(CC(O)=O)C(O)=O)C(O)=O
ECMDB04091,2-Keto-3-methyl-valerate,C00671,6857401,CC[C@H](C)C(=O)C([O-])=O
ECMDB04092,alpha-Ketoisovaleric acid,C00141,49,CC(C)C(=O)C(O)=O
ECMDB04096,D-Lyxose,C00476,439240,[H][C@@]1(O)COC([H])(O)[C@@]([H])(O)[C@@]1([H])O
ECMDB04097,L-Lyxose,C01508,,O[C@@H]1O[C@@H]([C@H](O)[C@H](O)[C@H]1O)C(O)=O
ECMDB04101,D-Mannonate,C00514,5460054,OC[C@@H](O)[C@@H](O)[C@H](O)[C@H](O)C(O)=O
ECMDB04102,Menaquinone,C00828,4055,CC1=CC(=O)C2=CC=CC=C2C1=O
ECMDB04103,"2-C-Methyl-D-erythritol-2,4-cyclodiphosphate",C11453,21605869,[H][C@@]1(O)COP([O-])(=O)OP([O-])(=O)O[C@@]1(C)CO
ECMDB04104,2-C-Methyl-D-erythritol-4-phosphate,C11434,21896402,CC(O)(CO)C(O)COP([O-])([O-])=O
ECMDB04108,"1-Myo-inositol 1,2,3,4,5-pentakisphosphate",C04579,25246002,[H]C1(O)[C@]([H])(OP([O-])([O-])=O)[C@]([H])(OP([O-])([O-])=O)C([H])(OP([O-])([O-])=O)[C@@]([H])(OP([O-])([O-])=O)[C@]1([H])OP([O-])([O-])=O
ECMDB04111,NADPH,C00005,5884,NC(=O)C1=CN(C=CC1)[C@H]1O[C@@H](COP(O)(=O)OP(O)(=O)OC[C@@H]2O[C@@H]([C@@H](OP(O)(O)=O)[C@H]2O)N2C=NC3=C(N)N=CN=C23)[C@H](O)[C@@H]1O
ECMDB04114,Nitrogen,C00697,947,N#N
ECMDB04117,2-Octaprenyl-6-hydroxyphenol,C05811,5280833,CC(C)=CCC\C(C)=C\CC\C(C)=C\CC\C(C)=C\CC\C(C)=C\CC\C(C)=C\CC\C(C)=C\CC\C(C)=C\CC1=C(C)C(C)=CC=C1
ECMDB04119,2-Octaprenyl-6-methoxyphenol,C05812,5280834,COC1=CC=CC(CC=C(C)CCC=C(C)CCC=C(C)CCC=C(C)CCC=C(C)CCC=C(C)CCC=C(C)CCC=C(C)C)=C1O
ECMDB04120,2-Octaprenylphenol,C05810,5280832,CC(C)=CCC\C(C)=C\CC\C(C)=C\CC\C(C)=C\CC\C(C)=C\CC\C(C)=C\CC\C(C)=C\CC\C(C)=C\CC1=CC=CC=C1O
ECMDB04123,Oxoglutaric acid,C00026,51,OC(=O)CCC(=O)C(O)=O
ECMDB04124,Oxygen,C00007,977,O=O
ECMDB04128,Benzeneacetic acid,C07086,999,OC(=O)CC1=CC=CC=C1
ECMDB04129,2-Phospho-D-glyceric acid,C00631,439278,OC[C@@H](OP(O)(O)=O)C(O)=O
ECMDB04130,Phosphoglycolic acid,C00988,529,OC(=O)COP(O)(O)=O
ECMDB04131,3-Phosphoglycerate,C00597,724,OC(COP(O)(O)=O)C(O)=O
ECMDB04137,Phosphoribosyl-AMP,C02741,439795,O[C@@H]1[C@@H](COP(O)(O)=O)O[C@H]([C@@H]1O)N1C=NC2=C1N=CN([C@H]1O[C@H](COP(O)(O)=O)[C@@H](O)[C@H]1O)C2=N
ECMDB04138,Phosphoribosyl-ATP,C02739,16019963,NC1=[N+](C=NC2=C1N=CN2C1OC(COP(O)(=O)OP(O)(=O)OP(O)(O)=O)C(O)C1O)C1OC(COP(O)(O)=O)C(O)C1O
ECMDB04139,Potassium,C00238,813,[K+]
ECMDB04142,Pyrophosphate,C00013,1023,CC1=C(C=CC(=C1)C1=CC(C)=C(C=C1)N=NC1=C(O)C2=C(C=C1)C(=CC(=C2N)S(O)(=O)=O)S(O)(=O)=O)N=NC1=C(O)C2=C(C=C1)C(=CC(=C2N)S(O)(=O)=O)S(O)(=O)=O
ECMDB04144,L-Rhamnulose,C00861,439330,C[C@H](O)[C@@H](O)[C@H](O)C(=O)CO
ECMDB04145,5-Amino-6-ribitylamino uracil,C04732,221,NC1=C(NCC(O)C(O)C(O)CO)NC(=O)NC1=O
ECMDB04147,Ribose-1-phosphate,C00620,123732,OC[C@H]1O[C@H](OP(O)(O)=O)[C@H](O)[C@@H]1O
ECMDB04148,D-Ribulose 5-phosphate,C00199,439167,OCC(=O)[C@H](O)[C@H](O)COP(O)(O)=O
ECMDB04149,L-Ribulose,C00508,619,OCC1(O)OC[C@@H](O)[C@@H]1O
ECMDB04151,Salicin,C01451,439503,OC[C@H]1O[C@@H](OC2=C(CO)C=CC=C2)[C@H](O)[C@@H](O)[C@@H]1O
ECMDB04158,3-Isopropylmalate,C04411,5462261,CC(C)[C@@H]([C@@H](O)C(O)=O)C(O)=O
ECMDB04161,Trimethylamine N-Oxide,C01104,1145,C[N+](C)(C)[O-]
ECMDB04164,UDP-3-O-(3-Hydroxymyristoyl)-N-acetylglucosamine,C04738,25244942,[H][C@@](O)(CCCCCCCCCCC)CC(=O)O[C@@]1([H])[C@]([H])(O)[C@@]([H])(CO)O[C@]([H])(OP(O)(=O)OP(O)(=O)OC[C@@]2([H])O[C@@]([H])(N3C=CC(O)=NC3=O)[C@]([H])(O)[C@]2([H])O)[C@]1([H])N=C(C)O
ECMDB04165,"UDP-D-Galacto-1,4-furanose",C03733,25244316,[H][C@@](O)(CO)[C@]1([H])O[C@]([H])(OP(O)(=O)OP(O)(=O)OC[C@@]2([H])O[C@@]([H])(N3C=CC(O)=NC3=O)[C@]([H])(O)[C@]2([H])O)[C@]([H])(O)[C@@]1([H])O
ECMDB04166,Uridine diphosphate glucuronic acid,C00167,17473,O[C@@H]1[C@@H](COP(O)(=O)OP(O)(=O)O[C@H]2O[C@@H]([C@@H](O)[C@H](O)[C@H]2O)C(O)=O)O[C@H]([C@@H]1O)N1C=CC(=O)NC1=O
ECMDB04167,UDP-N-Acetyl-3-(1-carboxyvinyl)-D-glucosamine,C04631,172502,[H][C@]1(COP(O)(=O)OP(O)(=O)O[C@@]2([H])O[C@]([H])(CO)[C@@]([H])(O)[C@]([H])(OC(=C)C(O)=O)[C@@]2([H])N=C(C)O)O[C@@]([H])(N2C=CC(O)=NC2=O)[C@]([H])(O)[C@]1([H])O
ECMDB04168,UDP-N-Acetylmuramoyl-L-alanine,C01212,23724467,[H][C@](C)(O[C@@]1([H])[C@]([H])(O)[C@@]([H])(CO)OC([H])(OP(O)(=O)OP(O)(=O)OC[C@@]2([H])O[C@@]([H])(N3C=CC(O)=NC3=O)[C@]([H])(O)[C@]2([H])O)[C@]1([H])N=C(C)O)C(O)=N[C@@]([H])(C)C(O)=O
ECMDB04169,UDP-N-Acetylmuramoyl-L-alanyl-D-glutamate,C00692,23724464,CCCCCN(CCCCC)C(=O)C(CCC(O)=O)N=C(O)C1=CC(Cl)=C(Cl)C=C1
ECMDB04170,"UDP-N-Acetylmuramoyl-L-alanyl-D-glutamyl-meso-2,6-diaminoheptanedioate",C04877,25243985,[H][C@@](N)(CCC[C@]([H])(N=C([O-])CC[C@@]([H])(N=C([O-])[C@]([H])(C)N=C(O)[C@@]([H])(C)O[C@@]1([H])[C@]([H])(O)[C@@]([H])(CO)O[C@]([H])(OP(O)(=O)OP(O)(=O)OC[C@@]2([H])O[C@@]([H])(N3C=CC([O-])=NC3=O)[C@]([H])(O)[C@]2([H])O)[C@]1([H])N=C(C)[O-])C(O)=O)C(O)=O)C(O)=O
ECMDB04171,UDP-Glucose,C00029,439156,OC[C@@H]1OC(OP(O)(=O)OP(O)(=O)OC[C@@H]2O[C@@H]([C@@H](O)[C@H]2O)N2C=CC(=O)NC2=O)[C@@H](O)[C@H](O)[C@H]1O
ECMDB04172,Urea,C00086,1176,NC(N)=O
ECMDB04178,Xylulose 5-phosphate,C00231,850,OCC(=O)[C@@H](O)[C@H](O)COP(O)(O)=O
ECMDB04195,5-L-Glutamyl-taurine,C05844,68759,N[C@@H](CCC(=O)NCCS(O)(=O)=O)C(O)=O
ECMDB04220,Biotinyl-5'-AMP,C05921,440839,NC1=NC=NC2=C1N=CN2[C@@H]1O[C@H](COP(O)(=O)OC(=O)CCCC[C@@H]2SCC3NC(=O)NC23)[C@@H](O)[C@H]1O
ECMDB04662,S-(Hydroxymethyl)glutathione,C14180,447123,N[C@@H](CCC(=O)N[C@@H](CSCO)C(=O)NCC(O)=O)C(O)=O
ECMDB06236,Phenylacetaldehyde,C00601,998,O=CCC1=CC=CC=C1
ECMDB06273,5-Amino-1-(5-phospho-D-ribosyl)imidazole-4-carboxylate,C04751,165388,NC1=C(N=CN1[C@@H]1O[C@H](COP(O)(O)=O)[C@@H](O)[C@H]1O)C(O)=O
ECMDB06316,Cob(II)alamin,C00541,5462226,[Co+4].[H][C@@](C)(CN=C(O)CCC1(C)C2=NC([H])([C@]1([H])CC(O)=N)[C@]1(C)NC(=C(C)C3=NC(=CC4=NC(=C2C)[C@@]([H])(CCC([O-])=N)C4(C)C)[C@@]([H])(CCC([O-])=N)[C@]3(C)CC(O)=N)[C@@]([H])(CCC(O)=N)[C@]1(C)CC(O)=N)OP(O)(=O)O[C@]1([H])[C@@]([H])(CO)O[C@]([H])([N+]2=CNC3=C2C=C(C)C(C)=C3)[C@]1([H])O
ECMDB06334,3-Dehydro-L-gulonate,C00618,439273,OC[C@H](O)[C@@H](O)C(=O)[C@H](O)C(O)=O
ECMDB06343,Selenocystathionine,C05699,98223,NC(CC[Se]CC(N)C(O)=O)C(O)=O
ECMDB06354,Deoxythymidine diphosphate-L-rhamnose,C03319,439975,C[C@@H]1OC(OP(O)(=O)OP(O)(=O)OC[C@H]2O[C@H](C[C@@H]2O)N2C=C(C)C(=O)NC2=O)[C@H](O)[C@H](O)[C@H]1O
ECMDB06357,Cis-2-Methylaconitate,C04225,3080625,C\C(C(O)=O)=C(/CC(O)=O)C(O)=O
ECMDB06402,3-Oxohexadecanoyl-CoA,C05259,440601,CCCCCCCCCCCCCC(=O)CC(=O)SCCNC(=O)CCNC(=O)C(O)C(C)(C)COP(O)(=O)OP(O)(=O)OC[C@H]1O[C@H]([C@H](O)[C@@H]1OP(O)(O)=O)N1C=NC2=C(N)N=CN=C12
ECMDB06404,Decanoyl-CoA (N-C10:0CoA),C05274,164800,CCCCCCCCCC(=O)SCCNC(=O)CCNC(=O)C(O)C(C)(C)COP(O)(=O)OP(O)(=O)OC[C@H]1O[C@H]([C@H](O)[C@@H]1OP(O)(O)=O)N1C=NC2=C1N=CN=C2N
ECMDB06454,L-2-Amino-3-oxobutanoic acid,C03508,5460100,CC(=O)[C@H](N)C(O)=O
ECMDB06456,N-Acetyl-L-glutamyl 5-phosphate,C04133,440236,CC(=O)N[C@@H](CCC(=O)OP(O)(O)=O)C(O)=O
ECMDB06458,D-Lactaldehyde,C00937,439350,C[C@@H](O)C=O
ECMDB06471,Methylisocitric acid,C04593,513,CC(O)(C(CC(O)=O)C(O)=O)C(O)=O
ECMDB06488,N-Acetyl-L-glutamate 5-semialdehyde,C01250,192878,CC(=O)N[C@@H](CCC=O)C(O)=O
ECMDB06503,Phenylacetyl-CoA,C00582,439267,CC(C)(COP(O)(=O)OP(O)(=O)OC[C@H]1O[C@H]([C@H](O)[C@@H]1OP(O)(O)=O)N1C=NC2=C(N)N=CN=C12)[C@@H](O)C(=O)NCCC(=O)NCCSC(=O)CC1=CC=CC=C1
ECMDB06511,"2,3-Diketo-L-gulonate",C04575,440390,OC[C@H](O)C(O)C(=O)C(=O)C(O)=O
ECMDB06555,DIMP,C06196,91531,O[C@H]1C[C@@H](O[C@@H]1COP(O)(O)=O)N1C=NC2=C1NC=NC2=O
ECMDB06557,ADP-Glucose,C00498,16500,NC1=C2N=CN([C@@H]3O[C@H](CO[P@](O)(=O)O[P@](O)(=O)O[C@H]4O[C@H](CO)[C@@H](O)[C@H](O)[C@H]4O)[C@@H](O)[C@H]3O)C2=NC=N1
ECMDB06801,2-Oxo-3-hydroxy-4-phosphobutanoic acid,C06054,,O[C@H](COP(O)(O)=O)C(=O)C(O)=O
ECMDB06802,O-Phospho-4-hydroxy-L-threonine,C06055,,N[C@@H]([C@H](O)COP(O)(O)=O)C(O)=O
ECMDB06823,"2,5-Diamino-6-(5'-triphosphoryl-3',4'-trihydroxy-2'-oxopentyl)-amino-4-oxopyrimidine",C06148,440923,NC1=NC(=O)C(N)=C(NCC(=O)C(O)C(O)COP(O)(=O)OP(O)(=O)OP(O)(O)=O)N1
ECMDB06834,D-Pantothenoyl-L-cysteine,C04079,,CC(C)(CO)[C@@H](O)C(=O)NCCC(=O)N[C@@H](CS)C(O)=O
ECMDB06855,(S)-2-Acetolactate,C06010,,CC(=O)[C@](C)(O)C(O)=O
ECMDB06870,3-Hydroxyisovaleryl-CoA,C05998,8272,CC(C)(O)CC(=O)SCCNC(=O)CCNC(=O)C(O)C(C)(C)COP(O)(=O)OP(O)(=O)OC[C@H]1O[C@H]([C@H](O)[C@@H]1OP(O)(O)=O)N1C=NC2=C1N=CN=C2N
ECMDB06872,"D-Tagatose 1,6-bisphosphate",C03785,6535,O[C@@H]1[C@H](O)C(O)(COP(O)(O)=O)O[C@@H]1COP(O)(O)=O
ECMDB06873,D-Tagatose 6-phosphate,C01097,4332,OCC1(O)O[C@H](COP(O)(O)=O)[C@H](O)[C@@H]1O
ECMDB06876,dTDP-D-Galactose,C02097,439651,CC1=CN([C@H]2C[C@H](O)[C@@H](COP(O)(=O)OP(O)(=O)O[C@H]3O[C@H](CO)[C@H](O)[C@H](O)[C@H]3O)O2)C(=O)NC1=O
ECMDB06902,Cobinamide,C05774,5486709,C[C@@H](O)CNC(=O)CC[C@]1(C)[C@@H](CC(=O)N)[C@@]2([H])N([Co++])\C1=C(C)/C1=N/C(=C\C3=N\C(=C(C)/C4=N[C@]2(C)[C@@](C)(CC(=O)N)[C@@H]4CCC(=O)N)\[C@@](C)(CC(=O)N)[C@@H]3CCC(=O)N)/C(C)(C)[C@@H]1CCC(=O)N
ECMDB06903,Adenosyl cobinamide,C06508,23657884,C[C@@H](O)CNC(=O)CC[C@]1(C)[C@@H](CC(=O)N)[C@@]2([H])N([Co++]CC3OC(C(O)C3O)N3C=NC4=C3N=CN=C4N)\C1=C(C)/C1=N/C(=C\C3=N\C(=C(C)/C4=N[C@]2(C)[C@@](C)(CC(=O)N)[C@@H]4CCC(=O)N)\[C@@](C)(CC(=O)N)[C@@H]3CCC(=O)N)/C(C)(C)[C@@H]1CCC(=O)N
ECMDB06938,Tartronate semialdehyde,C01146,,OC(C=O)C(O)=O
ECMDB06968,CDP-DG(16:0/16:0),,,[H][C@@](COC(=O)CCCCCCCCCCCCCCC)(COP(O)(=O)OP(O)(=O)OC[C@H]1O[C@H](C(O)[C@H]1O)N1C=CC(N)=NC1=O)OC(=O)CCCCCCCCCCCCCCC
ECMDB06969,CDP-DG(16:0/18:0),,,[H][C@@](COC(=O)CCCCCCCCCCCCCCC)(COP(O)(=O)OP(O)(=O)OC[C@H]1O[C@H](C(O)[C@H]1O)N1C=CC(N)=NC1=O)OC(=O)CCCCCCCCCCCCCCCCC
ECMDB06970,CDP-DG(16:0/18:1(11Z)),,,[H]\C(CCCCCC)=C(/[H])CCCCCCCCCC(=O)O[C@]([H])(COC(=O)CCCCCCCCCCCCCCC)COP(O)(=O)OP(O)(=O)OC[C@@]1([H])O[C@@]([H])(N2C=CC(=N)N=C2O)C([H])(O)[C@]1([H])O
ECMDB06971,CDP-DG(16:0/18:1(9Z)),,,[H][C@@](COC(=O)CCCCCCCCCCCCCCC)(COP(O)(=O)OP(O)(=O)OC[C@H]1O[C@H](C(O)[C@H]1O)N1C=CC(N)=NC1=O)OC(=O)CCCCCCC\C=C/CCCCCCCC
ECMDB06977,CDP-DG(18:0/16:0),,,[H][C@@](COC(=O)CCCCCCCCCCCCCCCCC)(COP(O)(=O)OP(O)(=O)OC[C@H]1O[C@H](C(O)[C@H]1O)N1C=CC(N)=NC1=O)OC(=O)CCCCCCCCCCCCCCC
ECMDB06978,CDP-DG(18:0/18:0),,,[H][C@@](COC(=O)CCCCCCCCCCCCCCCCC)(COP(O)(=O)OP(O)(=O)OC[C@H]1O[C@H](C(O)[C@H]1O)N1C=CC(N)=NC1=O)OC(=O)CCCCCCCCCCCCCCCCC
ECMDB06979,CDP-DG(18:0/18:1(11Z)),,,[H]\C(CCCCCC)=C(/[H])CCCCCCCCCC(=O)O[C@]([H])(COC(=O)CCCCCCCCCCCCCCCCC)COP(O)(=O)OP(O)(=O)OC[C@@]1([H])O[C@@]([H])(N2C=CC(=N)N=C2O)[C@]([H])(O)C1([H])O
ECMDB06980,CDP-DG(18:0/18:1(9Z)),,,[H][C@@](COC(=O)CCCCCCCCCCCCCCCCC)(COP(O)(=O)OP(O)(=O)OC[C@H]1O[C@H](C(O)[C@H]1O)N1C=CC(N)=NC1=O)OC(=O)CCCCCCC\C=C/CCCCCCCC
ECMDB06986,CDP-DG(18:1(11Z)/16:0),,,[H]\C(CCCCCC)=C(/[H])CCCCCCCCCC(=O)OC[C@]([H])(COP(O)(=O)OP(O)(=O)OC[C@@]1([H])O[C@@]([H])(N2C=CC(=N)N=C2O)[C@]([H])(O)C1([H])O)OC(=O)CCCCCCCCCCCCCCC
ECMDB06987,CDP-DG(18:1(11Z)/18:0),,,[H]\C(CCCCCC)=C(/[H])CCCCCCCCCC(=O)OC[C@]([H])(COP(O)(=O)OP(O)(=O)OC[C@@]1([H])O[C@@]([H])(N2C=CC(=N)N=C2O)[C@]([H])(O)C1([H])O)OC(=O)CCCCCCCCCCCCCCCCC
ECMDB06988,CDP-DG(18:1(11Z)/18:1(11Z)),,,[H]\C(CCCCCC)=C(/[H])CCCCCCCCCC(=O)OC[C@]([H])(COP(O)(=O)OP(O)(=O)OC[C@@]1([H])O[C@@]([H])(N2C=CC(=N)N=C2O)[C@]([H])(O)C1([H])O)OC(=O)CCCCCCCCC\C([H])=C(\[H])CCCCCC
ECMDB06989,CDP-DG(18:1(11Z)/18:1(9Z)),,,[H]\C(CCCCCC)=C(/[H])CCCCCCCCCC(=O)OC[C@]([H])(COP(O)(=O)OP(O)(=O)OC[C@@]1([H])O[C@@]([H])(N2C=CC(=N)N=C2O)[C@]([H])(O)C1([H])O)OC(=O)CCCCCCC\C([H])=C(\[H])CCCCCCCC
ECMDB06994,"CDP-DG(18:1(11Z)/22:6(4Z,7Z,10Z,13Z,16Z,19Z))",,,[H][C@@](COC(=O)CCCCCCCCC\C=C/CCCCCC)(COP(O)(=O)OP(O)(=O)OC[C@H]1O[C@H](C(O)[C@H]1O)N1C=CC(N)=NC1=O)OC(=O)CC\C=C/C\C=C/C\C=C/C\C=C/C\C=C/C\C=C/CC
ECMDB06995,CDP-DG(18:1(9Z)/16:0),,,[H][C@@](COC(=O)CCCCCCC\C=C/CCCCCCCC)(COP(O)(=O)OP(O)(=O)OC[C@H]1O[C@H](C(O)[C@H]1O)N1C=CC(N)=NC1=O)OC(=O)CCCCCCCCCCCCCCC
ECMDB06996,CDP-DG(18:1(9Z)/18:0),,,[H][C@@](COC(=O)CCCCCCC\C=C/CCCCCCCC)(COP(O)(=O)OP(O)(=O)OC[C@H]1O[C@H](C(O)[C@H]1O)N1C=CC(N)=NC1=O)OC(=O)CCCCCCCCCCCCCCCCC
ECMDB06997,CDP-DG(18:1(9Z)/18:1(11Z)),,,[H]\C(CCCCCC)=C(/[H])CCCCCCCCCC(=O)O[C@]([H])(COC(=O)CCCCCCC\C([H])=C(\[H])CCCCCCCC)COP(O)(=O)OP(O)(=O)OC[C@@]1([H])O[C@@]([H])(N2C=CC(=N)N=C2O)[C@]([H])(O)C1([H])O
ECMDB07858,PA(16:0/18:1(11Z)),C00416,,CCCCCCCCCCCCCCCC(=O)OC[C@]([H])(COP(O)(=O)O)OC(=O)CCCCCCCCC\C=C/CCCCCC
ECMDB07859,PA(16:0/18:1(9Z)),C00416,,CCCCCCCCCCCCCCCC(=O)OC[C@]([H])(COP(O)(=O)O)OC(=O)CCCCCCC\C=C/CCCCCCCC
ECMDB07860,"PA(16:0/18:2(9Z,12Z))",C00416,,CCCCCCCCCCCCCCCC(=O)OC[C@]([H])(COP(O)(=O)O)OC(=O)CCCCCCC\C=C/C\C=C/CCCCC
ECMDB07861,"PA(18:0/18:2(9Z,12Z))",C00416,,CCCCCCCCCCCCCCCCCC(=O)OC[C@]([H])(COP(O)(=O)O)OC(=O)CCCCCCC\C=C/C\C=C/CCCCC
ECMDB07862,PA(18:1(11Z)/18:1(11Z)),C00416,,CCCCCC\C=C/CCCCCCCCCC(=O)OC[C@]([H])(COP(O)(=O)O)OC(=O)CCCCCCCCC\C=C/CCCCCC
ECMDB07863,PA(18:1(11Z)/18:1(9Z)),C00416,,CCCCCCCC\C=C/CCCCCCCC(=O)O[C@]([H])(COC(=O)CCCCCCCCC\C=C/CCCCCC)COP(O)(=O)O
ECMDB07864,PA(18:1(9Z)/18:1(11Z)),C00416,,CCCCCCCC\C=C/CCCCCCCC(=O)OC[C@]([H])(COP(O)(=O)O)OC(=O)CCCCCCCCC\C=C/CCCCCC
ECMDB07865,PA(18:1(9Z)/18:1(9Z)),C00416,5873088,CCCCCCCC\C=C/CCCCCCCC(=O)OC[C@]([H])(COP(O)(=O)O)OC(=O)CCCCCCC\C=C/CCCCCCCC
ECMDB08821,PE(14:0/14:0),C00350,,[H][C@@](COC(=O)CCCCCCCCCCCCC)(COP(O)(=O)OCCN)OC(=O)CCCCCCCCCCCCC
ECMDB08824,PE(14:0/16:0),C00350,9547000,[H][C@@](COC(=O)CCCCCCCCCCCCC)(COP(O)(=O)OCCN)OC(=O)CCCCCCCCCCCCCCC
ECMDB08825,PE(14:0/16:1(9Z)),C00350,,[H][C@@](COC(=O)CCCCCCCCCCCCC)(COP(O)(=O)OCCN)OC(=O)CCCCCCC\C=C/CCCCCC
ECMDB08827,PE(14:0/18:1(11Z)),C00350,,[H][C@@](COC(=O)CCCCCCCCCCCCC)(COP(O)(=O)OCCN)OC(=O)CCCCCCCCC\C=C/CCCCCC
ECMDB08920,PE(16:0/14:0),C00350,,[H][C@@](COC(=O)CCCCCCCCCCCCCCC)(COP(O)(=O)OCCN)OC(=O)CCCCCCCCCCCCC
ECMDB08923,PE(16:0/16:0),C00350,65109,[H][C@@](COC(=O)CCCCCCCCCCCCCCC)(COP(O)(=O)OCCN)OC(=O)CCCCCCCCCCCCCCC
ECMDB08924,PE(16:0/16:1(9Z)),C00350,,[H][C@@](COC(=O)CCCCCCCCCCCCCCC)(COP(O)(=O)OCCN)OC(=O)CCCCCCC\C=C/CCCCCC
ECMDB08926,PE(16:0/18:1(11Z)),C00350,,[H][C@@](COC(=O)CCCCCCCCCCCCCCC)(COP(O)(=O)OCCN)OC(=O)CCCCCCCCC\C=C/CCCCCC
ECMDB08953,PE(16:1(9Z)/14:0),C00350,,[H][C@@](COC(=O)CCCCCCC\C=C/CCCCCC)(COP(O)(=O)OCCN)OC(=O)CCCCCCCCCCCCC
ECMDB08956,PE(16:1(9Z)/16:0),C00350,,[H][C@@](COC(=O)CCCCCCC\C=C/CCCCCC)(COP(O)(=O)OCCN)OC(=O)CCCCCCCCCCCCCCC
ECMDB08957,PE(16:1(9Z)/16:1(9Z)),C00350,9546730,[H][C@@](COC(=O)CCCCCCC\C=C/CCCCCC)(COP(O)(=O)OCCN)OC(=O)CCCCCCC\C=C/CCCCCC
ECMDB08959,PE(16:1(9Z)/18:1(11Z)),C00350,,[H][C@@](COC(=O)CCCCCCC\C=C/CCCCCC)(COP(O)(=O)OCCN)OC(=O)CCCCCCCCC\C=C/CCCCCC
ECMDB09019,PE(18:1(11Z)/14:0),C00350,,[H][C@@](COC(=O)CCCCCCCCC\C=C/CCCCCC)(COP(O)(=O)OCCN)OC(=O)CCCCCCCCCCCCC
ECMDB09022,PE(18:1(11Z)/16:0),C00350,,[H][C@@](COC(=O)CCCCCCCCC\C=C/CCCCCC)(COP(O)(=O)OCCN)OC(=O)CCCCCCCCCCCCCCC
ECMDB09023,PE(18:1(11Z)/16:1(9Z)),C00350,,[H][C@@](COC(=O)CCCCCCCCC\C=C/CCCCCC)(COP(O)(=O)OCCN)OC(=O)CCCCCCC\C=C/CCCCCC
ECMDB09025,PE(18:1(11Z)/18:1(11Z)),C00350,,[H][C@@](COC(=O)CCCCCCCCC\C=C/CCCCCC)(COP(O)(=O)OCCN)OC(=O)CCCCCCCCC\C=C/CCCCCC
ECMDB10570,PG(16:0/16:0),C00344,,[H][C@](O)(CO)COP(O)(=O)OC[C@@]([H])(COC(=O)CCCCCCCCCCCCCCC)OC(=O)CCCCCCCCCCCCCCC
ECMDB10571,PG(16:0/16:1(9Z)),C00344,,[H][C@](O)(CO)COP(O)(=O)OC[C@@]([H])(COC(=O)CCCCCCCCCCCCCCC)OC(=O)CCCCCCC\C=C/CCCCCC
ECMDB10573,PG(16:0/18:1(11Z)),C00344,,[H][C@](O)(CO)COP(O)(=O)OC[C@@]([H])(COC(=O)CCCCCCCCCCCCCCC)OC(=O)CCCCCCCCC\C=C/CCCCCC
ECMDB10585,PG(16:1(9Z)/16:0),C00344,,[H][C@](O)(CO)COP(O)(=O)OC[C@@]([H])(COC(=O)CCCCCCC\C=C/CCCCCC)OC(=O)CCCCCCCCCCCCCCC
ECMDB10586,PG(16:1(9Z)/16:1(9Z)),C00344,,[H][C@](O)(CO)COP(O)(=O)OC[C@@]([H])(COC(=O)CCCCCCC\C=C/CCCCCC)OC(=O)CCCCCCC\C=C/CCCCCC
ECMDB10588,PG(16:1(9Z)/18:1(11Z)),C00344,,[H][C@](O)(CO)COP(O)(=O)OC[C@@]([H])(COC(=O)CCCCCCC\C=C/CCCCCC)OC(=O)CCCCCCCCC\C=C/CCCCCC
ECMDB10615,PG(18:1(11Z)/16:0),C00344,,[H][C@](O)(CO)COP(O)(=O)OC[C@@]([H])(COC(=O)CCCCCCCCC\C=C/CCCCCC)OC(=O)CCCCCCCCCCCCCCC
ECMDB10616,PG(18:1(11Z)/16:1(9Z)),C00344,,[H][C@](O)(CO)COP(O)(=O)OC[C@@]([H])(COC(=O)CCCCCCCCC\C=C/CCCCCC)OC(=O)CCCCCCC\C=C/CCCCCC
ECMDB10618,PG(18:1(11Z)/18:1(11Z)),C00344,,[H][C@](O)(CO)COP(O)(=O)OC[C@@]([H])(COC(=O)CCCCCCCCC\C=C/CCCCCC)OC(=O)CCCCCCCCC\C=C/CCCCCC
ECMDB10691,CL(18:1(9Z)/18:1(9Z)/18:1(9Z)/18:1(9Z)),C05980,,CCCCCCCC\C=C/CCCCCCCC(=O)OC[C@]([H])(COP(O)(=O)OCC(O)([H])COP(=O)(O)OC[C@@]([H])(COC(=O)CCCCCCC\C=C/CCCCCCCC)OC(=O)CCCCCCC\C=C/CCCCCCCC)OC(=O)CCCCCCC\C=C/CCCCCCCC
ECMDB10716,gamma-Glutamyl-Se-methylselenocysteine,C05695,440760,C[Se]CC(NC(=O)CCC(N)C(O)=O)C(O)=O
ECMDB11110,Hydrogen selenide,C01528,533,[SeH2]
ECMDB11112,"N1-(alpha-D-ribosyl)-5,6-dimethyl-benzimidazole",C05775,440780,CC1=CC2=C(C=C1C)N(C=N2)[C@H]1O[C@H](CO)C(O)C1O
ECMDB11118,Se-Adenosylselenomethionine,C05691,24892761,C[Se+](CCC(N)C(O)=O)C[C@H]1O[C@H]([C@H](O)[C@@H]1O)N1C=NC2=C1N=CN=C2N
ECMDB11120,trans-2-Enoyl-OPC4-CoA,C16336,,CC\C=C/C[C@@H]1C(=O)CCC1C\C=C\C(=O)SCCNC(=O)CCNC(=O)[C@@](O)([H])C(C)(C)COP(=O)(O)OP(=O)(O)OC[C@H]1O[C@H](C(O)[C@H]1OP(=O)(O)O)N1C=NC2=C1N=CN=C2N
ECMDB11121,trans-2-Enoyl-OPC6-CoA,C16332,,CC\C=C/C[C@@H]1C(=O)CCC1CCC\C=C\C(=O)SCCNC(=O)CCNC(=O)[C@@](O)([H])C(C)(C)COP(=O)(O)OP(=O)(O)OC[C@H]1O[C@H](C(O)[C@H]1OP(=O)(O)O)N1C=NC2=C1N=CN=C2N
ECMDB11123,"trans,cis-Lauro-2,6-dienoyl-CoA",C05279,,CCCCCC\C([H])=C(\[H])C\C([H])=C(/[H])C(=O)SCCN=C(O)CCN=C(O)[C@@](O)([H])C(C)(C)COP(O)(=O)OP(O)(=O)OC[C@@]1([H])O[C@@]([H])(N2C=NC3=C(N)N=CN=C23)[C@@](O)([H])C1([H])OP(O)(O)=O
ECMDB11145,PA(16:0e/18:0),,,[H][C@@](COCCCCCCCCCCCCCCCC)(COP(O)(O)=O)OC(=O)CCCCCCCCCCCCCCCCC
ECMDB11155,"PA(P-16:0e/18:2(9Z,12Z))",C15647,,CCCCCCCCCCCCCC\C=C/OC[C@]([H])(COP(=O)(O)O)OC(=O)CCCCCCC\C=C/C\C=C/CCCCC
ECMDB11156,"PA(20:4(5Z,8Z,11Z,14Z)e/2:0)",,,CCCCC\C=C/C\C=C/C\C=C/C\C=C/CCCCOC[C@]([H])(COP(=O)(O)O)OC(C)=O
ECMDB11616,"Adenosine 2',3'-cyclic phosphate",C02353,101812,[H]C1(CO)O[C@]([H])(N2C=NC3=C(N)N=CN=C23)C2([H])OP(O)(=O)OC12[H]
ECMDB11629,"Guanosine 2',3'-cyclic phosphate",C06194,92823,NC1=NC(=O)C2=C(N1)N(C=N2)[C@@H]1O[C@H](CO)[C@H]2OP(O)(=O)O[C@@H]12
ECMDB11688,"Ribose 1,5-bisphosphate",C01151,3036640,O[C@H]1[C@@H](O)[C@@H](OP(O)(O)=O)O[C@@H]1COP(O)(O)=O
ECMDB11731,5-Keto-D-gluconate,C01062,157,OCC(=O)C(O)C(O)C(O)C(O)=O
ECMDB11734,D-Arabinose 5-phosphate,C01112,230,O[C@H](COP(O)(O)=O)[C@@H](O)[C@H](O)C=O
ECMDB12140,"(R) 2,3-Dihydroxy-3-methylvalerate",C06007,448154,CC[C@@](C)(O)[C@@H](O)C(O)=O
ECMDB12149,2-Isopropyl-3-oxosuccinate,C04236,5462259,CC(C)[C@H](C(O)=O)C(=O)C(O)=O
ECMDB12161,4-(Glutamylamino) butanoate,C15767,23724570,N[C@@H](CCC(=O)NCCCC(O)=O)C(O)=O
ECMDB12184,Adenosyl cobinamide phosphate,C06509,23724501,C[C@H](CNC(=O)CC[C@]1(C)[C@@H](CC(=O)N)[C@@]2([H])N([Co+]C[C@H]3O[C@H]([C@H](O)[C@@H]3O)N3C=NC4=C3N=CN=C4N)\C1=C(C)/C1=N/C(=C\C3=N\C(=C(C)/C4=N[C@]2(C)[C@@](C)(CC(=O)N)[C@@H]4CCC(=O)N)\[C@@](C)(CC(=O)N)[C@@H]3CCC(=O)N)/C(C)(C)[C@@H]1CCC(=O)N)OP(=O)(O)O
ECMDB12185,Adenosylcobinamide-GDP,C06510,23724503,CC(CNC(=O)CC[C@]1(C)[C@@H](CC(N)=O)C2N=C1\C(C)=C1/N=C(/C=C3\N=C(\C(\C)=C4\[C@@H](CCC(N)=O)[C@](C)(CC(N)=O)[C@@]2(C)N4[Co+]C[C@H]2O[C@H]([C@H](O)[C@@H]2O)N2C=NC4=C2N=CN=C4N)[C@@](C)(CC(N)=O)[C@@H]3CCC(N)=O)C(C)(C)[C@@H]1CCC(N)=O)OP(O)(=O)OP(O)(=O)OC[C@H]1O[C@H]([C@H](O)[C@@H]1O)N1C=NC2=C1N=C(N)NC2=O
ECMDB12189,Aminopropylcadaverine,C16565,65523,NCCCCCNCCCN
ECMDB12199,Chorismate,C00251,12039,O[C@@H]1C=CC(=C[C@H]1OC(=C)C(O)=O)C(O)=O
ECMDB12208,D-Erythro-imidazole-glycerol-phosphate,C04666,440431,O[C@H](COP(O)(O)=O)[C@@H](O)C1=CNC=N1
ECMDB12230,gamma-Glutamyl-L-putrescine,C15699,20841830,NCCCCNC(=O)CC[C@H](N)C(O)=O
ECMDB12236,Imidazole acetol-phosphate,C01267,792,OP(O)(=O)OCC(=O)CC1=CNC=N1
ECMDB12241,Isopropylmaleate,C02631,230410,CC(C)C(=C\C(O)=O)\C(O)=O
ECMDB12249,L-Aspartate-semialdehyde,C00441,439235,N[C@@H](CC=O)C(O)=O
ECMDB12250,L-Aspartyl-4-phosphate,C03082,832,NC(CC(=O)OP(O)(O)=O)C(O)=O
ECMDB12266,N-Succinyl-2-amino-6-ketopimelate,C04462,440349,OC(=O)CCC(=O)N[C@@H](CCCC(=O)C(O)=O)C(O)=O
ECMDB12267,"N-Succinyl-L,L-2,6-diaminopimelate",C04421,25202447,NC(CCC[C@H](NC(=O)CCC(O)=O)C(O)=O)C(O)=O
ECMDB12277,PhosphoribosylformiminoAICAR-phosphate,C04896,1012,NC(=O)C1=C(\N=C\NC2OC(COP(O)(O)=O)C(O)C2O)N(C=N1)C1OC(COP(O)(O)=O)C(O)C1O
ECMDB12278,Phosphoribulosylformimino-AICAR-P,C04916,1013,O[C@H](COP(=O)(O)O)[C@@H](O)C(=O)CN\C=N\C1=C(C(=O)N)N=CN1[C@H]1O[C@@H](COP(=O)(O)O)[C@H](O)[C@@H]1O
ECMDB12283,Prephenate,C00254,1028,OC1C=CC(CC(=O)C(O)=O)(C=C1)C(O)=O
ECMDB12289,Tetrahydrodipicolinate,C03972,632,OC(=O)C1CCCC(=N1)C(O)=O
ECMDB12330,PS(14:0/14:0),,,[H][C@](N)(COP(O)(=O)OC[C@@]([H])(COC(=O)CCCCCCCCCCCCC)OC(=O)CCCCCCCCCCCCC)C(O)=O
ECMDB12332,PS(14:0/16:0),,,[H][C@](N)(COP(O)(=O)OC[C@@]([H])(COC(=O)CCCCCCCCCCCCC)OC(=O)CCCCCCCCCCCCCCC)C(O)=O
ECMDB12333,PS(14:0/16:1(9Z)),,,[H][C@](N)(COP(O)(=O)OC[C@@]([H])(COC(=O)CCCCCCCCCCCCC)OC(=O)CCCCCCC\C=C/CCCCCC)C(O)=O
ECMDB12352,PS(16:0/14:0),,,[H][C@](N)(COP(O)(=O)OC[C@@]([H])(COC(=O)CCCCCCCCCCCCCCC)OC(=O)CCCCCCCCCCCCC)C(O)=O
ECMDB12355,PS(16:0/16:1(9Z)),,,[H][C@](N)(COP(O)(=O)OC[C@@]([H])(COC(=O)CCCCCCCCCCCCCCC)OC(=O)CCCCCCC\C=C/CCCCCC)C(O)=O
ECMDB12363,PS(16:1(9Z)/14:0),,,[H][C@](N)(COP(O)(=O)OC[C@@]([H])(COC(=O)CCCCCCC\C=C/CCCCCC)OC(=O)CCCCCCCCCCCCC)C(O)=O
ECMDB12365,PS(16:1(9Z)/16:0),,,[H][C@](N)(COP(O)(=O)OC[C@@]([H])(COC(=O)CCCCCCC\C=C/CCCCCC)OC(=O)CCCCCCCCCCCCCCC)C(O)=O
ECMDB12366,PS(16:1(9Z)/16:1(9Z)),,,[H][C@](N)(COP(O)(=O)OC[C@@]([H])(COC(=O)CCCCCCC\C=C/CCCCCC)OC(=O)CCCCCCC\C=C/CCCCCC)C(O)=O
ECMDB20001,"(1R,2S)-Naphthalene 1,2-oxide",C14786,155957,O1C2C=CC3=CC=CC=C3C12
ECMDB20002,"(1R,6R)-6-Hydroxy-2-succinylcyclohexa-2,4-diene-1-carboxylate",C05817,5287432,[H][C@@]1(O)C=CC=C(C(=O)CCC([O-])=O)[C@@]1([H])C([O-])=O
ECMDB20003,"(1R)-Glutathionyl-(2R)-hydroxy-1,2-dihydronaphthalene",C14793,11954046,[H][C@](N)(CCC(O)=N[C@@]([H])(CS[C@]1([H])C2=CC=CC=C2C=C[C@@]1([H])O)C(O)=NCC(O)=O)C(O)=O
ECMDB20004,"(1R)-Hydroxy-(2R)-glutathionyl-1,2-dihydronaphthalene",C14791,11954044,[H][C@](N)(CCC(O)=N[C@@]([H])(CS[C@]1([H])C=CC2=CC=CC=C2[C@@]1([H])O)C(O)=NCC(O)=O)C(O)=O
ECMDB20006,"(1S)-Hydroxy-(2S)-glutathionyl-1,2-dihydronaphthalene",C14792,11954044,[H][C@](N)(CCC(O)=N[C@@]([H])(CS[C@@]1([H])C=CC2=CC=CC=C2[C@]1([H])O)C(O)=NCC(O)=O)C(O)=O
ECMDB20007,(2-Naphthyl)methanol,C02909,74128,OCC1=CC2=CC=CC=C2C=C1
ECMDB20008,"(2E)-5-Methylhexa-2,4-dienoyl-CoA",C16468,0,[H]\C(C=C(C)C)=C(\[H])C(=O)SCCN=C(O)CCN=C(O)C(O)([H])C(C)(C)COP(O)(=O)OP(O)(=O)OC[C@@]1([H])O[C@@]([H])(N2C=NC3=C(N)N=CN=C23)[C@@](O)([H])[C@]1([H])OP(O)(O)=O
ECMDB20009,"(2S,3S)-2,3-Dihydro-2,3-dihydroxybenzoate",C04171,3,[H][C@]1(O)C=CC=C(C(O)=O)[C@]1([H])O
ECMDB20010,(3S)-3-Hydroxyadipyl-CoA,C14145,5282343,[H][C@](O)(CCC(O)=O)CC(=O)SCCN=C(O)CCN=C(O)C([H])(O)C(C)(C)COP(O)(=O)OP(O)(=O)OC[C@@]1([H])O[C@@]([H])(N2C=NC3=C(N)N=CN=C23)[C@]([H])(O)[C@]1([H])OP(O)(O)=O
ECMDB20011,"(4S)-4,6-Dihydroxy-2,5-dioxohexanoate",C04349,440303,[H][C@](O)(CC(=O)C(O)=O)C(=O)CO
ECMDB20014,(R)-3-Hydroxy-3-methyl-2-oxopentanoate,C14463,11954026,CC[C@@](C)(O)C(=O)C(O)=O
ECMDB20015,(R)-Malate,C00497,92824,O[C@H](CC(O)=O)C(O)=O
ECMDB20016,(R)-Pantoate,C00522,5289105,CC(C)(CO)C(O)C([O-])=O
ECMDB20017,(S)-4-Amino-5-oxopentanoate,C03741,742,[H][C@](N)(CCC(O)=O)C=O
ECMDB20018,(S)(+)-Allantoin,C02350,204,[H][C@]1(NC(O)=N)N=C(O)N=C1O
ECMDB20019,1-(2-Carboxyphenylamino)-1'-deoxy-D-ribulose 5'-phosphate,C01302,287,O[C@H](COP(O)(O)=O)[C@@H](O)C(=O)CNC1=C(C=CC=C1)C(O)=O
ECMDB20020,1-Hydroxy-2-methyl-2-butenyl 4-diphosphate,C11811,786,CC(CO)=CCOP(O)(=O)OP(O)(O)=O
ECMDB20021,1-Hydroxymethylnaphthalene,C14089,20908,OCC1=CC=CC2=CC=CC=C12
ECMDB20024,"1-Nitro-5-glutathionyl-6-hydroxy-5,6-dihydronaphthalene",C14806,11954057,[H][C@](N)(CCC(O)=N[C@@]([H])(CSC1([H])C2=C(C=CC1([H])O)C(=CC=C2)N(=O)=O)C(O)=NCC(O)=O)C(O)=O
ECMDB20025,"1-Nitro-5-hydroxy-6-glutathionyl-5,6-dihydronaphthalene",C14805,11954056,[H][C@](N)(CCC(O)=N[C@@]([H])(CSC1([H])C=CC2=C(C=CC=C2N(=O)=O)C1([H])O)C(O)=NCC(O)=O)C(O)=O
ECMDB20026,"1-Nitro-7-glutathionyl-8-hydroxy-7,8-dihydronaphthalene",C14804,11954055,[H][C@](N)(CCC(O)=N[C@@]([H])(CSC1([H])C=CC2=C(C(=CC=C2)N(=O)=O)C1([H])O)C(O)=NCC(O)=O)C(O)=O
ECMDB20027,"1-Nitro-7-hydroxy-8-glutathionyl-7,8-dihydronaphthalene",C14803,11954054,[H][C@](N)(CCC(O)=N[C@@]([H])(CSC1([H])C2=C(C=CC=C2N(=O)=O)C=CC1([H])O)C(O)=NCC(O)=O)C(O)=O
ECMDB20028,"1-Nitronaphthalene-5,6-oxide",C14800,11954051,O=N(=O)C1=CC=CC2=C1C=CC1OC21
ECMDB20029,"1-Nitronaphthalene-7,8-oxide",C14802,11954053,O=N(=O)C1=CC=CC2=C1C1OC1C=C2
ECMDB20030,1-Pyrroline,C15668,79803,C1CC=NC1
ECMDB20032,"1,4-Dihydroxy-2-naphthoyl-CoA",C15547,11954202,[H][C@](O)(C([O-])=NCCC([O-])=NCCSC(=O)C1=C([O-])C2=CC=CC=C2C([O-])=C1)C(C)(C)COP(O)(=O)OP(O)(=O)OC[C@@]1([H])O[C@@]([H])(N2C=NC3=C(N)N=CN=C23)[C@]([H])(O)[C@]1([H])OP(O)(O)=O
ECMDB20033,2-(alpha-D-Mannosyl)-3-phosphoglycerate,C11516,443242,[H]C(COP(O)(O)=O)(O[C@@]1([H])O[C@]([H])(CO)[C@@]([H])(O)[C@]([H])(O)[C@]1([H])O)C(O)=O
ECMDB20034,2-(S-Glutathionyl)acetyl chloride,C14865,0,[H][C@](N)(CCC(O)=N[C@@]([H])(CSCC(Cl)=O)C(O)=NCC(O)=O)C(O)=O
ECMDB20035,2-(S-Glutathionyl)acetyl glutathione,C14863,0,[H][C@](N)(CCC(O)=N[C@@]([H])(CSCC(=O)SC[C@]([H])(N=C(O)CC[C@]([H])(N)C(O)=O)C(O)=NCC(O)=O)C(O)=NCC(O)=O)C(O)=O
ECMDB20036,2-Amino-3-oxo-4-phosphonooxybutyrate,C07335,441260,[H][C@@](N)(C(O)=O)C(=O)COP(O)(O)=O
ECMDB20039,2-Dehydro-3-deoxy-D-arabino-heptonate 7-phosphate,C04691,160647,O[C@H](COP(O)(O)=O)[C@@H](O)[C@H](O)CC(=O)C(O)=O
ECMDB20040,2-Dehydro-3-deoxy-D-glucarate,C03921,440165,[H][C@](O)(CC(=O)C(O)=O)[C@]([H])(O)C(O)=O
ECMDB20041,"2-Hydroxy-2,4-pentadienoate",C00596,5280361,[O-]C(=O)C(=O)CC=C
ECMDB20042,2-Hydroxy-6-ketononatrienedioate,C12624,5282147,OC(=O)C=CC(=O)C=CC=C(O)C(O)=O
ECMDB20044,"2-Hydroxy-cis-hex-2,4-dienoate",C11354,11953951,[H]\C(C)=C(/[H])\C(\[H])=C(\O)C(O)=O
ECMDB20045,2-Maleylacetate,C02222,5280500,OC(=O)CC(=O)\C=C/C(O)=O
ECMDB20046,2-Methyl-4-amino-5-hydroxymethylpyrimidine diphosphate,C04752,217,CC1=NC=C(COP([O-])(=O)OP([O-])([O-])=O)C(=N)N1
ECMDB20047,2-Naphthaldehyde,C14099,6201,O=CC1=CC2=CC=CC=C2C=C1
ECMDB20048,"2-Phenyl-1,3-propanediol monocarbamate",C16586,213060,OCC(COC(O)=N)C1=CC=CC=C1
ECMDB20049,2-Phospho-4-(cytidine 5'-diphospho)-2-C-methyl-D-erythritol,C11436,443200,[H][C@@](O)(COP(O)(=O)OP([O-])(=O)OC[C@@]1([H])O[C@@]([H])(N2C=CC(=N)N=C2[O-])[C@]([H])(O)[C@]1([H])O)[C@](C)(CO)OP([O-])([O-])=O
ECMDB20050,2-Succinyl-5-enolpyruvyl-6-hydroxy-3-cyclohexene-1-carboxylate,C16519,24883454,[H][C@@]1(O)[C@@]([H])(OC(=C)C(O)=O)C=C[C@]([H])(C(=O)CCC(O)=O)[C@@]1([H])C(O)=O
ECMDB20051,2-Succinylbenzoate,C02730,955,[O-]C(=O)CCC(=O)C1=CC=CC=C1C([O-])=O
ECMDB20052,2-Succinylbenzoyl-CoA,C03160,126279,[H][C@](O)(C(O)=NCCC(O)=NCCSC(=O)C1=CC=CC=C1C(=O)CCC(O)=O)C(C)(C)COP(O)(=O)OP(O)(=O)OC[C@@]1([H])O[C@@]([H])(N2C=NC3=C(N)N=CN=C23)[C@]([H])(O)[C@]1([H])OP(O)(O)=O
ECMDB20053,"2,2-Dichloroacetaldehyde",C14858,6576,ClCC(Cl)Cl
ECMDB20054,"2,3-Bis(3-hydroxytetradecanoyl)-beta-D-glucosaminyl 1-phosphate",C04824,10078514,[H]C(O)(CCCCCCCCCCC)CC(=O)O[C@@]1([H])[C@]([H])(O)[C@@]([H])(CO)O[C@]([H])(OP(O)(O)=O)[C@]1([H])N=C(O)CC([H])(O)CCCCCCCCCCC
ECMDB20055,"2,3-Dihydro-2-S-glutathionyl-3-hydroxy bromobenzene",C14848,11954067,[H][C@](N)(CCC(O)=N[C@@]([H])(CSC1([H])C(Br)=CC=CC1([H])O)C(O)=NCC(O)=O)C(O)=O
ECMDB20056,"2,3,2',3'-Tetrakis(3-hydroxytetradecanoyl)-D-glucosaminyl-1,6-beta-D-glucosamine 1-phosphate",C04932,440543,[H]C(O)(CCCCCCCCCCC)CC(=O)O[C@@]1([H])[C@]([H])(O)[C@@]([H])(CO)O[C@@]([H])(OC[C@@]2([H])O[C@@]([H])(OP(O)(O)=O)[C@]([H])(N=C(O)CC([H])(O)CCCCCCCCCCC)[C@@]([H])(OC(=O)CC([H])(O)CCCCCCCCCCC)[C@]2([H])O)[C@]1([H])N=C(O)CC([H])(O)CCCCCCCCCCC
ECMDB20057,"2,3,2'3'-Tetrakis(3-hydroxytetradecanoyl)-D-glucosaminyl-1,6-beta-D-glucosamine 1,4'-bisphosphate",C04919,24892757,[H]C(O)(CCCCCCCCCCC)CC(=O)O[C@@]1([H])[C@]([H])(O)[C@@]([H])(CO[C@]2([H])O[C@]([H])(CO)[C@@]([H])(OP(O)(O)=O)[C@]([H])(OC(=O)CC([H])(O)CCCCCCCCCCC)[C@@]2([H])N=C(O)CC([H])(O)CCCCCCCCCCC)O[C@@]([H])(OP(O)(O)=O)[C@]1([H])N=C(O)CC([H])(O)CCCCCCCCCCC
ECMDB20058,"2,5-Diamino-6-(5'-phosphoribosylamino)-4-pyrimidineone",C01304,439480,NC1=NC(N[C@@H]2O[C@H](COP(O)(O)=O)[C@@H](O)[C@H]2O)=C(N)C(O)=N1
ECMDB20059,"2,5-Diaminopyrimidine nucleoside triphosphate",C05923,440841,NC1=NC(N[C@@H]2O[C@H](COP(O)(=O)OP(O)(=O)OP(O)(O)=O)[C@@H](O)[C@H]2O)=C(N)C(=O)N1
ECMDB20060,"2,5-Dichloro-4-oxohex-2-enedioate",C12835,5282172,[H]\C(=C(/Cl)C(O)=O)C(=O)C(Cl)C(O)=O
ECMDB20061,"2,5-Dichloro-carboxymethylenebut-2-en-4-olide",C12834,11954007,OC(=O)C(Cl)=C1OC(=O)C(Cl)=C1
ECMDB20062,"2',3'-Cyclic UMP",C02355,193315,OC[C@H]1O[C@H]([C@@H]2OP(O)(=O)O[C@H]12)N1C=CC(=O)NC1=O
ECMDB20063,2(alpha-D-Mannosyl)-D-glycerate,C11544,443262,[H][C@](CO)(O[C@@]1([H])O[C@]([H])(CO)[C@@]([H])(O)[C@]([H])(O)[C@]1([H])O)C(O)=O
ECMDB20064,"3-(2,3-Dihydroxyphenyl)propanoate",C04044,20,OC(=O)CCC1=C(O)C(O)=CC=C1
ECMDB20065,3-Carbamoyl-2-phenylpropionaldehyde,C16587,21350391,OC(=N)OCC(C=O)C1=CC=CC=C1
ECMDB20066,3-Cyano-L-alanine,C02512,439742,[H][C@](N)(CC#N)C(O)=O
ECMDB20067,3-Dehydro-L-gulonate 6-phosphate,C14899,11954078,[H][C@](O)(COP(O)(O)=O)[C@@]([H])(O)C(=O)[C@]([H])(O)C(O)=O
ECMDB20068,3-Deoxy-D-manno-octulosonate 8-phosphate,C04478,5280685,OC(COP([O-])([O-])=O)C(O)C(O)C(O)CC(=O)C([O-])=O
ECMDB20069,3-Deoxy-D-manno-octulosonate,C01187,817,OCC(O)C(O)C(O)C(O)CC(=O)C([O-])=O
ECMDB20070,3-Hydroxy-3-methyl-2-oxobutanoic acid,C04181,440248,CC(C)(O)C(=O)C(O)=O
ECMDB20071,3-Hydroxy-5-methylhex-4-enoyl-CoA,C16469,23724759,[H]C(O)(CC(=O)SCCN=C(O)CCN=C(O)C([H])(O)C(C)(C)COP(O)(=O)OP(O)(=O)OC[C@@]1([H])O[C@@]([H])(N2C=NC3=C(N)N=CN=C23)[C@]([H])(O)[C@]1([H])OP(O)(O)=O)C=C(C)C
ECMDB20072,3-Hydroxy-5-oxohexanoate,C16272,376,CC(=O)CC(O)CC(O)=O
ECMDB20073,3-Hydroxy-5-oxohexanoyl-CoA,C16273,9543236,CC(=O)CC(O)CC(=O)SCCNC(=O)CCNC(=O)C(O)C(C)(C)COP(O)(=O)OP(O)(=O)OCC1OC(C(O)C1OP(O)(O)=O)N1C=NC2=C1N=CN=C2N
ECMDB20074,3-Oxo-OPC4-CoA,C16338,23724725,CC\C([H])=C(\[H])C[C@]1([H])C(=O)CC[C@]1([H])CC(=O)CC(=O)SCCN=C(O)CCN=C(O)C(O)([H])C(C)(C)COP(O)(=O)OP(O)(=O)OC[C@@]1([H])O[C@@]([H])(N2C=NC3=C(N)N=CN=C23)[C@@](O)([H])[C@]1([H])OP(O)(O)=O
ECMDB20075,3-Oxo-OPC6-CoA,C16334,23724721,CC\C([H])=C(\[H])C[C@]1([H])C(=O)CC[C@]1([H])CCCC(=O)CC(=O)SCCN=C(O)CCN=C(O)C(O)([H])C(C)(C)COP(O)(=O)OP(O)(=O)OC[C@@]1([H])O[C@@]([H])(N2C=NC3=C(N)N=CN=C23)[C@@](O)([H])[C@]1([H])OP(O)(O)=O
ECMDB20077,3-Oxoadipyl-CoA,C02232,439683,[H][C@](O)(C(O)=NCCC(O)=NCCSC(=O)CC(=O)CCC(O)=O)C(C)(C)COP(O)(=O)OP(O)(=O)OC[C@@]1([H])O[C@@]([H])(N2C=NC3=C(N)N=CN=C23)[C@]([H])(O)[C@]1([H])OP(O)(O)=O
ECMDB20078,"3,4-Dihydro-3-hydroxy-4-S-glutathionyl bromobenzene",C14847,11954066,[H][C@](N)(CCC(O)=N[C@@]([H])(CSC1([H])C=CC(Br)=CC1([H])O)C(O)=NCC(O)=O)C(O)=O
ECMDB20079,3'-CMP,C05822,66535,OC1C(O)C(OC1COP(O)(O)=O)N1C=CC(=N)N=C1O
ECMDB20080,3'-Phosphoadenylylselenate,C05696,24892762,NC1=C2N=CN([C@@H]3O[C@H](COP(O)(=O)O[Se](O)(=O)=O)[C@@H](OP(O)(O)=O)[C@H]3O)C2=NC=N1
ECMDB20081,3'-UMP,C01368,101543,[H][C@]1(CO)O[C@@]([H])(N2C=CC(O)=NC2=O)[C@]([H])(O)[C@]1([H])OP(O)(O)=O
ECMDB20083,4-(Cytidine 5'-diphospho)-2-C-methyl-D-erythritol,C11435,443199,[H][C@@](O)(COP(O)(=O)OP([O-])(=O)OC[C@@]1([H])O[C@@]([H])(N2C=CC(=N)N=C2[O-])[C@]([H])(O)[C@]1([H])O)[C@@](C)(O)CO
ECMDB20084,4-Amino-2-methyl-5-phosphomethylpyrimidine,C04556,216,CC1=NC=C(COP(O)(O)=O)C(=N)N1
ECMDB20085,4-Amino-4-deoxychorismate,C11355,443142,[H][C@@]1(N)C=CC(=C[C@@]1([H])OC(=C)C([O-])=O)C(O)=O
ECMDB20086,4-Amino-5-hydroxymethyl-2-methylpyrimidine,C01279,777,CC1=NC=C(CO)C(N)=N1
ECMDB20087,4-Carboxy-4-hydroxy-2-oxoadipate,C04115,130,OC(=O)CC(O)(CC(=O)C(O)=O)C(O)=O
ECMDB20088,4-Glutathionyl cyclophosphamide,C11583,443288,NC(CCC(O)=NC(CSC1CCOP(=O)(N1)N(CCCl)CCCl)C(O)=NCC(O)=O)C(O)=O
ECMDB20089,4-Hydroxy-2-oxohexanoic acid,C06762,441164,CCC(O)CC(=O)C(O)=O
ECMDB20090,4-Hydroxy-2-oxopentanoate,C03589,124,CC(O)CC(=O)C([O-])=O
ECMDB20091,"4-Hydroxy-5-phenyltetrahydro-1,3-oxazin-2-one",C16595,21350392,OC1N=C(O)OCC1C1=CC=CC=C1
ECMDB20092,4-Hydroxy-L-threonine,C06056,193577,N[C@@H]([C@H](O)CO)C(O)=O
ECMDB20093,4-Hydroxyphenylacetaldehyde,C03765,440113,OC1=CC=C(CC=O)C=C1
ECMDB20094,4-Methyl-5-(2-phosphoethyl)-thiazole,C04327,1137,CC1=C(CC(O)P(O)(O)=O)SC=N1
ECMDB20095,4-Phospho-D-erythronate,C03393,696,[H][C@@](O)(COP(O)(O)=O)[C@@]([H])(O)C(O)=O
ECMDB20096,"4,5-Dihydro-4-hydroxy-5-S-glutathionyl-benzo[a]pyrene",C14855,11954068,[H][C@](N)(CCC(O)=N[C@@]([H])(CSC1([H])C2=CC3=CC=CC=C3C3=C2C2=C(C=CC=C2C1([H])O)C=C3)C(O)=NCC(O)=O)C(O)=O
ECMDB20097,5-(2-Hydroxyethyl)-4-methylthiazole,C04294,1136,CC1=C(CCO)SC=N1
ECMDB20098,5-Amino-4-imidazolecarboxyamide,C04051,9679,NC(=O)C1=C(N)N=CN1
ECMDB20099,5-Amino-6-(5'-phosphoribosylamino)uracil,C01268,439462,NC1=C(N[C@@H]2O[C@H](COP(O)(O)=O)[C@@H](O)[C@H]2O)NC(=O)NC1=O
ECMDB20101,5-Carboxy-2-pentenoyl-CoA,C14144,24798711,[H]\C(CCC(=O)O)=C(\[H])C(=O)SCCN=C(O)CCN=C(O)C(O)([H])C(C)(C)COP(O)(=O)OP(O)(=O)OC[C@@]1([H])O[C@@]([H])(N2C=NC3=C(N)N=CN=C23)[C@@](O)([H])[C@]1([H])OP(O)(O)=O
ECMDB20102,5-Dehydro-4-deoxy-D-glucarate,C00679,439290,[H][C@](O)(CC(=O)C(O)=O)[C@@]([H])(O)C(O)=O
ECMDB20103,5-Dehydro-4-deoxy-D-glucuronate,C04053,440207,[H][C@](O)(CC(=O)C(O)=O)[C@@]([H])(O)C=O
ECMDB20104,5-Methyl-3-oxo-4-hexenoyl-CoA,C16471,23724761,[H]C(O)(C(O)=NCCC(O)=NCCSC(=O)CC(=O)C=C(C)C)C(C)(C)COP(O)(=O)OP(O)(=O)OC[C@@]1([H])O[C@@]([H])(N2C=NC3=C(N)N=CN=C23)[C@]([H])(O)[C@]1([H])OP(O)(O)=O
ECMDB20105,5-Methylhex-4-enoyl-CoA,C16470,23724760,[H]C(O)(C(O)=NCCC(O)=NCCSC(=O)CCC=C(C)C)C(C)(C)COP(O)(=O)OP(O)(=O)OC[C@@]1([H])O[C@@]([H])(N2C=NC3=C(N)N=CN=C23)[C@]([H])(O)[C@]1([H])OP(O)(O)=O
ECMDB20106,5-O-(1-Carboxyvinyl)-3-phosphoshikimate,C01269,439463,O[C@H]1[C@@H](CC(=C[C@H]1OP(O)(O)=O)C(O)=O)OC(=C)C(O)=O
ECMDB20107,"5-Phenyl-1,3-oxazinane-2,4-dione",C16596,21350393,OC1=NC(=O)OCC1C1=CC=CC=C1
ECMDB20108,7-Methyl-3-oxo-6-octenoyl-CoA,C16466,23724757,[H]C(O)(C(O)=NCCC(O)=NCCSC(=O)CC(=O)CCC=C(C)C)C(C)(C)COP(O)(=O)OP(O)(=O)OC[C@@]1([H])O[C@@]([H])(N2C=NC3=C(N)N=CN=C23)[C@]([H])(O)[C@]1([H])OP(O)(O)=O
ECMDB20109,"7,8-Diaminononanoate",C01037,652,CC(N)C(N)CCCCCC([O-])=O
ECMDB20110,"7,8-Dihydro-7-hydroxy-8-S-glutathionyl-benzo[a]pyrene",C14856,11954069,[H][C@](N)(CCC(O)=N[C@@]([H])(CSC1([H])C=CC2=C3C=CC4=CC=CC5=C4C3=C(C=C5)C=C2C1([H])O)C(O)=NCC(O)=O)C(O)=O
ECMDB20111,8-Amino-7-oxononanoate,C01092,173,CC(N)C(=O)CCCCCC(O)=O
ECMDB20112,ADP-D-Glycero-D-manno-heptose,C06397,23724494,[H][C@@](O)(CO)[C@@]1([H])OC([H])(OP(O)(=O)OP(O)(=O)OC[C@@]2([H])O[C@@]([H])(N3C=NC4=C(N)N=CN=C34)[C@]([H])(O)[C@]2([H])O)[C@@]([H])(O)[C@@]([H])(O)[C@]1([H])O
ECMDB20113,ADP-L-Glycero-D-manno-heptose,C06398,11444938,[H][C@](O)(CO)[C@@]1([H])OC([H])(OP(O)(=O)OP(O)(=O)OC[C@@]2([H])O[C@@]([H])(N3C=NC4=C(N)N=CN=C34)[C@]([H])(O)[C@]2([H])O)[C@@]([H])(O)[C@@]([H])(O)[C@]1([H])O
ECMDB20116,Aminoacetaldehyde,C06735,363,NCC=O
ECMDB20117,Arbutin 6-phosphate,C06187,440937,[H][C@]1(COP(O)(O)=O)O[C@@]([H])(OC2=CC=C(O)C=C2)[C@]([H])(O)[C@@]([H])(O)[C@]1([H])O
ECMDB20118,"Benzo[a]pyrene-4,5-oxide",C14851,37786,O1C2C1C1=CC3=CC=CC=C3C3=C1C1=C(C=CC=C21)C=C3
ECMDB20119,"Benzo[a]pyrene-7,8-diol",C14852,25892,OC1C=CC2=C3C=CC4=CC=CC5=C4C3=C(C=C5)C=C2C1O
ECMDB20120,Benzoyl acetyl-CoA,C07118,441230,[H]C(O)(C(O)=NCCC(O)=NCCSC(=O)CC(=O)C1=CC=CC=C1)C(C)(C)COP(O)(=O)OP(O)(=O)OC[C@@]1([H])O[C@@]([H])(N2C=NC3=C(N)N=CN=C23)[C@]([H])(O)[C@]1([H])OP(O)(O)=O
ECMDB20121,Benzoyl phosphate,C06206,151426,OP(O)(=O)OC(=O)C1=CC=CC=C1
ECMDB20123,"beta-D-Fructose 1,6-bisphosphate",C05378,10267,O[C@H]1[C@H](O)[C@@](O)(COP(O)(O)=O)O[C@@H]1COP(O)(O)=O
ECMDB20124,beta-D-Glucose 1-phosphate,C00663,122250,[H][C@]1(O)[C@]([H])(O)[C@@]([H])(CO)O[C@@]([H])(OP(O)(O)=O)[C@]1([H])O
ECMDB20125,"Bromobenzene-2,3-oxide",C14840,3036760,BrC1=CC=CC2OC12
ECMDB20126,"Bromobenzene-3,4-oxide",C14839,108121,BrC1=CC2OC2C=C1
ECMDB20128,"Cis-2-Chloro-4-carboxymethylenebut-2-en-1,4-olide",C04706,5280718,OC(=O)C=C1OC(=O)C(Cl)=C1
ECMDB20129,"cis-3-(3-Carboxyethenyl)-3,5-cyclohexadiene-1,2-diol",C12622,5282145,[H]\C(=C(\[H])C1=CC=C[C@]([H])(O)[C@]1([H])O)C(O)=O
ECMDB20130,"cis-3-(Carboxy-ethyl)-3,5-cyclo-hexadiene-1,2-diol",C11588,443290,[H][C@]1(O)C=CC=C(CCC(O)=O)[C@@]1([H])O
ECMDB20131,Cis-4-Carboxymethylenebut-2-en-4-olide,C04431,5280677,OC(=O)\C=C1\OC(=O)C=C1
ECMDB20132,cis-Acetylacrylate,C07091,5281015,[H]\C(=C(/[H])C(O)=O)C(C)=O
ECMDB20133,CMP-3-Deoxy-D-manno-octulosonate,C04121,445888,[H][C@@](O)(CO)[C@@]1([H])O[C@@](C[C@@]([H])(O)[C@@]1([H])O)(OP(O)(=O)OC[C@@]1([H])O[C@@]([H])(N2C=CC(=N)N=C2O)[C@]([H])(O)[C@]1([H])O)C(O)=O
ECMDB20135,D-4-Hydroxy-2-oxoglutarate,C05946,440853,[H][C@@](O)(CC(=O)C(O)=O)C(O)=O
ECMDB20136,D-Altronate,C00817,439315,[H][C@@](O)(CO)[C@@]([H])(O)[C@@]([H])(O)[C@]([H])(O)C(O)=O
ECMDB20137,D-Erythro-3-Methylmalate,C06032,440892,[H][C@@](C)(C(O)=O)[C@@]([H])(O)C(O)=O
ECMDB20138,D-Fructuronate,C00905,439343,[H][C@]1(O)[C@]([H])(O)C(O)(CO)O[C@]1([H])C(O)=O
ECMDB20139,D-Gal alpha 1->6D-Gal alpha 1->6D-Glucose,C05404,440660,[H][C@@](O)(CO)[C@@]([H])(O)[C@]([H])(O[C@@]1([H])O[C@]([H])(CO)[C@]([H])(O)[C@]([H])(O)[C@@]1([H])O)[C@@]([H])(O[C@@]1([H])O[C@]([H])(CO)[C@]([H])(O)[C@]([H])(O)[C@@]1([H])O)C=O
ECMDB20140,D-Galactonate,C15930,604,OCC(O)C(O)C(O)C(O)C(O)=O
ECMDB20141,D-Galactosamine 6-phosphate,C06377,5460111,[H]C1(O)O[C@]([H])(COP(O)(O)=O)[C@]([H])(O)[C@]([H])(O)[C@@]1([H])N
ECMDB20142,D-Galactosamine,C02262,24154,N[C@H]1C(O)O[C@H](CO)[C@H](O)[C@@H]1O
ECMDB20143,D-Galacturonate,C00333,439215,O[C@@H](C=O)[C@@H](O)[C@@H](O)[C@H](O)C(O)=O
ECMDB20144,D-Phenylalanine,C02265,71567,NC(CC1=CC=CC=C1)C(O)=O
ECMDB20145,"D-Ribulose 1,5-bisphosphate",C01182,1192,[H][C@@](O)(COP(O)(O)=O)[C@@]([H])(O)C(=O)COP(O)(O)=O
ECMDB20146,Ethylene glycol,C01380,174,OCCO
ECMDB20148,Formamidopyrimidine nucleoside triphosphate,C05922,440840,NC1=NC(N[C@@H]2O[C@H](COP(O)(=O)OP(O)(=O)OP(O)(O)=O)[C@@H](O)[C@H]2O)=C(NC=O)C(=O)N1
ECMDB20149,Galactitol 1-phosphate,C06311,440969,[H][C@@](O)(CO)[C@]([H])(O)[C@]([H])(O)[C@@]([H])(O)COP(O)(O)=O
ECMDB20150,gamma-Glutamyl-beta-aminopropiononitrile,C06114,440920,[H][C@](N)(CCC(O)=NCCC#N)C(O)=O
ECMDB20151,gamma-Glutamyl-beta-cyanoalanine,C05711,440768,NC(CCC(O)=NC(CC#N)C(O)=O)C(O)=O
ECMDB20154,Glutathione episulfonium ion,C14874,159079,[H][C@](N)(CCC(O)=N[C@@]([H])(C[S+]1CC1)C(O)=NCC(O)=O)C(O)=O
ECMDB20155,Glutathionylspermidine,C05730,440772,[H][C@](N)(CCC(O)=N[C@@]([H])(CS)C(O)=NCC(O)=NCCCNCCCCN)C(O)=O
ECMDB20156,Guanosine 3'-diphosphate 5'-triphosphate,C04494,38166,[H][C@]1(COP(O)(=O)OP(O)(=O)OP(O)(O)=O)O[C@@]([H])(N2C=NC3=C2NC(=N)N=C3O)[C@]([H])(O)[C@]1([H])OP(O)(=O)OP(O)(O)=O
ECMDB20157,Guanosine 3'-phosphate,C06193,8339,OCC1OC(C(O)C1OP(O)(O)=O)N1C=NC2=C1NC(=N)N=C2O
ECMDB20158,"Guanosine 3',5'-bis(diphosphate)",C01228,439450,[H][C@]1(COP(O)(=O)OP(O)(O)=O)O[C@@]([H])(N2C=NC3=C2NC(=N)N=C3O)[C@]([H])(O)[C@]1([H])OP(O)(=O)OP(O)(O)=O
ECMDB20160,Indoleglycerol phosphate,C03506,444150,[H][C@@](O)(COP(O)(O)=O)[C@@]([H])(O)C1=CNC2=C1C=CC=C2
ECMDB20161,"Inositol 1,2,3,5,6-pentakisphosphate",C04579,9548598,[H]C1(O)[C@]([H])(OP(O)(O)=O)[C@]([H])(OP(O)(O)=O)C([H])(OP(O)(O)=O)[C@@]([H])(OP(O)(O)=O)[C@]1([H])OP(O)(O)=O
ECMDB20162,Isochorismate,C00885,189062,[H][C@]1(O)C(=CC=C[C@]1([H])OC(=C)C([O-])=O)C([O-])=O
ECMDB20164,L-Ascorbate 6-phosphate,C16186,23724654,[H][C@@]1(OC(=O)C(O)=C1[O-])[C@@H](O)COP([O-])([O-])=O
ECMDB20165,L-Fuculose 1-phosphate,C01099,6857415,CC(O)C(O)C(O)C(=O)COP([O-])([O-])=O
ECMDB20166,L-Rhamnulose 1-phosphate,C01131,439413,CC(O)C(O)C(O)C(=C)COP(C)(O)=C
ECMDB20167,L-Ribulose 5-phosphate,C01101,439399,[H][C@](O)(COP(O)(O)=O)[C@]([H])(O)C(=O)CO
ECMDB20169,L-Xylulose 5-phosphate,C03291,850,CC(COP([O-])([O-])=O)C(C)C(=O)CO
ECMDB20170,Lipoyl-AMP,C16238,23724672,NC1=NC=NC2=C1N=CN2[C@@H]1O[C@H](COP(O)(=O)OC(=O)CCCCC2CCSS2)[C@@H](O)[C@H]1O
ECMDB20171,Maltose 6'-phosphate,C02995,439874,[H][C@]1(O)O[C@]([H])(CO)[C@@]([H])(O[C@@]2([H])O[C@]([H])(COP(O)(O)=O)[C@@]([H])(O)[C@]([H])(O)[C@@]2([H])O)[C@]([H])(O)[C@@]1([H])O
ECMDB20172,Meso-Tartaric acid,C00552,447315,OC(C(O)C(O)=O)C(O)=O
ECMDB20173,MurAc(oyl-L-Ala-D-gamma-Glu-L-Lys-D-Ala-D-Ala)-diphospho-undecaprenol,C04851,23724480,NCCCC[C@]([H])(N=C(O)CC[C@@]([H])(N=C(O)[C@@](C)([H])N=C(O)C(C)([H])O[C@@]1([H])[C@@](O)([H])[C@@]([H])(CO)O[C@]([H])(OP(O)(=O)OP(O)(=O)OC\C([H])=C(/C)CC\C([H])=C(/C)CC\C([H])=C(/C)CC\C([H])=C(/C)CC\C([H])=C(/C)CC\C([H])=C(/C)CC\C([H])=C(/C)CC\C([H])=C(/C)CC\C([H])=C(/C)CC\C([H])=C(/C)CCC=C(C)C)[C@]1([H])N=C(C)O)C(=O)O)C(O)=N[C@@](C)([H])C(O)=N[C@@](C)([H])C(=O)O
ECMDB20174,N-(5-Phospho-D-ribosyl)anthranilate,C04302,440289,[H]C(O)([C@@]1([H])OC([H])(NC2=CC=CC=C2C(O)=O)[C@]([H])(O)[C@]1([H])O)P(O)(O)=O
ECMDB20175,N-Acetyl-D-galactosamine 6-phosphate,C06376,16019956,[H]C1(O)O[C@]([H])(COP(O)(O)=O)[C@]([H])(O)[C@]([H])(O)[C@@]1([H])N=C(C)O
ECMDB20176,N-Acetyl-D-muramoate,C02713,5462244,[H][C@](C)(O[C@@]1([H])[C@]([H])(O)[C@@]([H])(CO)OC([H])(O)[C@]1([H])N=C(C)O)C(O)=O
ECMDB20177,N-Acetylmuramic acid 6-phosphate,C16698,24798720,[H][C@](C)(O[C@@]1([H])[C@]([H])(O)[C@@]([H])(COP(O)(O)=O)OC([H])(O)[C@]1([H])N=C(C)O)C(O)=O
ECMDB20178,N-Acetylmuramoyl-Ala,C02999,5462248,[H][C@](C)(O[C@@]1([H])[C@]([H])(O)[C@@]([H])(CO)O[C@]([H])(O)[C@]1([H])N=C(C)O)C(O)=N[C@]([H])(C)C(O)=O
ECMDB20179,N2-Succinyl-L-arginine,C03296,439968,[H][C@@](CCCNC(N)=N)(N=C(O)CCC(O)=O)C(O)=O
ECMDB20181,Oxalureate,C00802,456,OC(=N)N=C(O)C(O)=O
ECMDB20182,Oxalyl-CoA,C00313,439206,[H][C@](O)(C(O)=NCCC(O)=NCCSC(=O)C(O)=O)C(C)(C)COP(O)(=O)OP(O)(=O)OC[C@@]1([H])O[C@@]([H])(N2C=NC3=C(N)N=CN=C23)[C@]([H])(O)[C@]1([H])OP(O)(O)=O
ECMDB20183,Precorrin 2,C02463,5280516,[H][C@@]1(CCC(O)=O)C2=CC3=C(CC(O)=O)C(CCC(O)=O)=C(CC4=[NH+]C(=CC5=NC(=CC(=N2)[C@@]1(C)CC(O)=O)[C@@]([H])(CCC(O)=O)[C@]5(C)CC(O)=O)C(CC(O)=O)=C4CCC(O)=O)[N-]3
ECMDB20184,Propanoyl phosphate,C02876,1034,CCC(=O)OP([O-])([O-])=O
ECMDB20186,"S-(1,2-Dichlorovinyl)glutathione",C14868,6437359,[H]\C(Cl)=C(/Cl)SC[C@]([H])(N=C(O)CC[C@]([H])(N)C(O)=O)C(O)=NCC(O)=O
ECMDB20187,S-(2-Chloroacetyl)glutathione,C14864,163913,[H][C@](N)(CCC(O)=N[C@@]([H])(CSC(=O)CCl)C(O)=NCC(O)=O)C(O)=O
ECMDB20188,"S-(2,2-Dichloro-1-hydroxy)ethyl glutathione",C14861,11954070,[H][C@](N)(CCC(O)=N[C@@]([H])(CSC([H])(O)C(Cl)Cl)C(O)=NCC(O)=O)C(O)=O
ECMDB20189,S-(Formylmethyl)glutathione,C14871,11954074,[H][C@](N)(CCC(O)=N[C@@]([H])(CSCC=O)C(O)=NCC(O)=O)C(O)=O
ECMDB20190,S-Ribosyl-L-homocysteine,C03539,440041,[H][C@](N)(CCSC[C@@]1([H])OC([H])(O)[C@]([H])(O)[C@]1([H])O)C(O)=O
ECMDB20191,Salicin 6-phosphate,C06188,440938,[H][C@]1(COP(O)(O)=O)O[C@@]([H])(OC2=CC=CC=C2CO)[C@]([H])(O)[C@@]([H])(O)[C@]1([H])O
ECMDB20192,"Sedoheptulose 1,7-bisphosphate",C00447,1193,OC(COP(O)(O)=O)C(O)C(O)C(O)C(=O)COP(O)(O)=O
ECMDB20193,Shikimate 3-phosphate,C03175,1095,[H][C@@]1(O)CC(=C[C@@]([H])(OP([O-])([O-])=O)[C@@]1([H])O)C([O-])=O
ECMDB20194,Siroheme,C00748,439303,C[C@]1(CC(O)=O)[C@H](CCC(O)=O)\C2=C\C3=C(CC(O)=O)C(CCC(O)=O)=C4\C=C5/N=C(/C=C6\N([Fe]N34)\C(=C/C1=N2)[C@@H](CCC(O)=O)[C@]6(C)CC(O)=O)C(CC(O)=O)=C5CCC(O)=O
ECMDB20195,Sirohydrochlorin,C05778,196427,C[C@]1(CC(O)=O)[C@H](CCC(O)=O)\C2=C\C3=N\C(=C/C4=C(CCC(O)=O)C(CC(O)=O)=C(N4)\C=C4/N=C(/C=C1\N2)[C@@H](CCC(O)=O)[C@]4(C)CC(O)=O)\C(CCC(O)=O)=C3CC(O)=O
ECMDB20196,Sucrose-6-phosphate,C16688,644101,OC[C@H]1O[C@@](CO)(O[C@H]2O[C@H](COP(O)(O)=O)[C@@H](O)[C@H](O)[C@H]2O)[C@@H](O)[C@@H]1O
ECMDB20197,"Trans-2,3-Dihydroxycinnamate",C12623,5282146,OC(=O)C=CC1=C(O)C(O)=CC=C1
ECMDB20198,Trans-4-Carboxymethylenebut-2-en-4-olide,C12838,5280677,OC(=O)C=C1OC(=O)C=C1
ECMDB20201,"UDP-2,3-Bis(3-hydroxytetradecanoyl)glucosamine",C04652,2372447,[H][C@@](O)(CCCCCCCCCCC)CC(=O)O[C@@]1([H])[C@]([H])(O)[C@@]([H])(CO)O[C@]([H])(OP(O)(=O)OP(O)(=O)OC[C@@]2([H])O[C@@]([H])(N3C=CC(O)=NC3=O)[C@]([H])(O)[C@]2([H])O)[C@]1([H])N=C(O)C[C@]([H])(O)CCCCCCCCCCC
ECMDB20202,UDP-N-Acetyl-D-mannosamine,C01170,449043,CC(=O)N[C@@H]1[C@H](O)[C@@H](O)[C@H](CO)OC1OP(O)(=O)OP(O)(=O)OC[C@@H]1O[C@@H]([C@@H](O)[C@H]1O)N1C=CC(=O)NC1=O
ECMDB20203,"UDP-N-Acetylmuramoyl-L-alanyl-D-gamma-glutamyl-meso-2,6-diaminopimelate",C04877,23724481,[H]C(N)(CCCC([H])(N=C(O)CC[C@@]([H])(N=C(O)[C@]([H])(C)N=C(O)C([H])(C)O[C@@]1([H])[C@]([H])(O)[C@@]([H])(CO)O[C@]([H])(OP(O)(=O)OP(O)(=O)OC[C@@]2([H])O[C@@]([H])(N3C=CC(O)=NC3=O)[C@]([H])(O)[C@]2([H])O)[C@]1([H])N=C(C)O)C(O)=O)C(O)=O)C(O)=O
ECMDB20204,UDP-N-Acetylmuramoyl-L-alanyl-D-glutamyl-6-carboxy-L-lysyl-D-alanyl-D-alanine,C04882,23724482,[H]C(N)(CCC[C@]([H])(N=C(O)CC[C@@]([H])(N=C(O)[C@]([H])(C)N=C(O)C([H])(C)O[C@@]1([H])[C@]([H])(O)[C@@]([H])(CO)O[C@]([H])(OP(O)(=O)OP(O)(=O)OC[C@@]2([H])O[C@@]([H])(N3C=CC(O)=NC3=O)[C@]([H])(O)[C@]2([H])O)[C@]1([H])N=C(C)O)C(O)=O)C(O)=N[C@]([H])(C)C(O)=NC([H])(C)C(O)=O)C(O)=O
ECMDB20205,UDP-N-Acetylmuramoyl-L-alanyl-D-glutamyl-L-lysyl-D-alanyl-D-alanine,C04702,440448,[H]C(C)(O[C@@]1([H])[C@]([H])(O)[C@@]([H])(CO)OC([H])(OP(O)(=O)OP(O)(=O)OC[C@@]2([H])O[C@@]([H])(N3C=CC(O)=NC3=O)[C@]([H])(O)[C@]2([H])O)[C@]1([H])N=C(C)O)C(O)=N[C@@]([H])(C)C(O)=NC([H])(CCC(O)=N[C@@]([H])(CCCCN)C(O)=N[C@]([H])(C)C(O)=N[C@]([H])(C)C(O)=O)C(O)=O
ECMDB20206,UDP-N-Acetylmuramoyl-L-alanyl-gamma-D-glutamyl-L-lysine,C05892,5462297,[H][C@](C)(O[C@@]1([H])[C@]([H])(O)[C@@]([H])(CO)O[C@]([H])(OP(O)(=O)OP(O)(=O)OC[C@@]2([H])O[C@@]([H])(N3C=CC(O)=NC3=O)[C@]([H])(O)[C@]2([H])O)[C@]1([H])N=C(C)O)C(O)=N[C@@]([H])(C)C(O)=N[C@]([H])(CCC(O)=N[C@@]([H])(CCCCN)C(O)=O)C(O)=O
ECMDB20208,Undecaprenyl phosphate,C00348,5280338,CC(C)=CCCC(C)=CCCC(C)=CCCC(C)=CCCC(C)=CCCC(C)=CCCC(C)=CCCC(C)=CCCC(C)=CCCC(C)=CCCC(C)=CCOP(O)(O)=O
ECMDB20210,"Undecaprenyl-diphospho-N-acetylmuramoyl-(N-acetylglucosamine)-L-alanyl-D-glutaminyl-meso-2,6-diaminopimeloyl-D-alanyl-D-alanine",C04882,11953874,OC[C@@]1([H])O[C@@]([H])(O[C@]2([H])[C@@]([H])(CO)OC([H])(OP(O)(=O)OP(O)(=O)OC\C([H])=C(/C)CC\C([H])=C(/C)CC\C([H])=C(/C)CC\C([H])=C(/C)CC\C([H])=C(/C)CC\C([H])=C(/C)CC\C([H])=C(/C)CC\C([H])=C(/C)CC\C([H])=C(/C)CC\C([H])=C(/C)CCC=C(C)C)[C@]([H])(N=C(C)O)[C@@]2([H])OC(C)([H])C(O)=N[C@](C)([H])C(O)=N[C@]([H])(CCC(=N)O)C(O)=N[C@]([H])(CCC[C@@](N)([H])C(=O)O)C(O)=N[C@@](C)([H])C(O)=N[C@@](C)([H])C(=O)O)[C@]([H])(N=C(C)O)[C@](O)([H])[C@@]1(O)[H]
ECMDB20212,"Undecaprenyl-diphospho-N-acetylmuramoyl-(N-acetylglucosamine)-L-alanyl-D-glutamyl-meso-2,6-diaminopimeloyl-D-alanyl-D-alanine",C05898,23724492,OC[C@@]1([H])O[C@@]([H])(O[C@]2([H])[C@@]([H])(CO)O[C@]([H])(OP(O)(=O)OP(O)(=O)OC\C([H])=C(/C)CC\C([H])=C(/C)CC\C([H])=C(/C)CC\C([H])=C(/C)CC\C([H])=C(/C)CC\C([H])=C(/C)CC\C([H])=C(/C)CC\C([H])=C(/C)CC\C([H])=C(/C)CC\C([H])=C(/C)CCC=C(C)C)[C@]([H])(N=C(C)O)[C@@]2([H])OC(C)([H])C(O)=N[C@](C)([H])C(O)=N[C@]([H])(CCC(=O)O)C(O)=N[C@]([H])(CCC[C@@](N)([H])C(=O)O)C(O)=N[C@@](C)([H])C(O)=N[C@@](C)([H])C(=O)O)[C@]([H])(N=C(C)O)[C@](O)([H])[C@@]1(O)[H]
ECMDB20214,Undecaprenyl-diphospho-N-acetylmuramoyl-(N-acetylglucosamine)-L-alanyl-gamma-D-glutamyl-L-lysyl-D-alanyl-D-alanine,C05893,23724490,NCCCC[C@]([H])(N=C(O)CCC([H])(N=C(O)[C@@](C)([H])N=C(O)C(C)([H])O[C@@]1([H])[C@]([H])(O[C@]2([H])O[C@]([H])(CO)[C@](O)([H])[C@@](O)([H])[C@@]2([H])N=C(C)O)[C@@]([H])(CO)O[C@]([H])(OP(O)(=O)OP(O)(=O)OC\C([H])=C(/C)CC\C([H])=C(/C)CC\C([H])=C(/C)CC\C([H])=C(/C)CC\C([H])=C(/C)CC\C([H])=C(/C)CC\C([H])=C(/C)CC\C([H])=C(/C)CC\C([H])=C(/C)CC\C([H])=C(/C)CCC=C(C)C)[C@]1([H])N=C(C)O)C(=O)O)C(O)=N[C@@](C)([H])C(O)=N[C@@](C)([H])C(=O)O
ECMDB20216,"Undecaprenyl-diphospho-N-acetylmuramoyl-L-alanyl-D-glutamyl-meso-2,6-diaminopimeloyl-D-alanyl-D-alanine",C05897,23724491,CC(NC(=O)C(C)NC(=O)C(CCCC([NH3+])C([O-])=O)NC(=O)C(CCC([O-])=O)NC(=O)C(C)NC(=O)C(C)OC1C(O)C(CO)OC(OP([O-])(=O)OP([O-])(=O)OCC=C(C)CCC=C(C)CCC=C(C)CCC=C(C)CCC=C(C)CCC=C(C)CCC=C(C)CCC=C(C)CCC=C(C)CCC=C(C)CCC=C(C)C)C1NC(C)=O)C([O-])=O
ECMDB20217,Ureidoglycine,C02091,439649,NC(NC(O)=N)C(O)=O
ECMDB20219,1-Deoxyxylonojirimycin,,25203271,OC1C[NH2+]CC(O)C1O
ECMDB20220,1-Ethyladenine,,7,CCN1C=NC2=C(N)N=CN=C12
ECMDB20223,2'-(5-Triphosphoribosyl)-3'-dephospho-CoA,C19771,25203684,[H][C@](O)(C(O)=NCCC(O)=NCCS)C(C)(C)COP(O)(=O)OP(O)(=O)OC[C@@]1([H])O[C@@]([H])(N2C=NC3=C(N)N=CN=C23)[C@]([H])(O[C@]2([H])O[C@]([H])(COP(O)(=O)OP(O)(=O)OP(O)(O)=O)[C@@]([H])(O)[C@@]2([H])O)[C@]1([H])O
ECMDB20224,2-Carboxymuconate,C03666,25200400,[O-]C(=O)C=CC=C(C([O-])=O)C([O-])=O
ECMDB20225,2-Deoxy-D-glucose 6-phosphate,C06369,440992,[H]C1(O)C[C@@]([H])(O)[C@]([H])(O)[C@@]([H])(COP(O)(O)=O)O1
ECMDB20226,2-Hydroxydeoxyadenosine 5'-triphosphate,,25202902,NC1=C2N=CN(C3CC(O)C(COP([O-])(=O)OP(O)(=O)OP([O-])([O-])=O)O3)C2=NC([O-])=N1
ECMDB20227,2-Hydroxymalonate,C02287,44,OC(C([O-])=O)C([O-])=O
ECMDB20228,2-Thiouridine,,3036443,[H][C@]1(CO)O[C@@]([H])(N2C=CC(O)=NC2=S)[C@]([H])(O)[C@]1([H])O
ECMDB20231,3-Hydroxyadipyl-CoA,,90,CC(C)(COP(O)(=O)OP(O)(=O)OCC1OC(C(O)C1OP(O)(O)=O)N1C=NC2=C(N)N=CN=C12)C(O)C(O)=NCCC(O)=NCCSC(=O)CC(O)CCC(O)=O
ECMDB20237,5-Methylaminomethyl-2-selenouridine,,6336326,[H][C@@]1(CO)O[C@]([H])(N2C=C(CNC)C(O)=NC2=[Se])[C@@]([H])(O)[C@@]1([H])O
ECMDB20238,5-Methylaminomethyl-2-thiouridine,,3036488,[H][C@@]1(CO)O[C@]([H])(N2C=C(CNC)C(O)=NC2=S)[C@@]([H])(O)[C@@]1([H])O
ECMDB20246,8-Hydroxydeoxyguanosine 5'-triphosphate,,25201462,OC1CC(OC1COP(O)(=O)OP(O)(=O)OP([O-])([O-])=O)N1C([O-])=NC2=C1NC(=N)N=C2[O-]
ECMDB20257,"N-Acetylmuramoyl-L-alanyl-D-glutamyl-meso-2,6-diaminopimelyl-D-alanyl-D-alanine-diphosphoundecaprenol",,25200588,[H][C@@](N)(CCC[C@]([H])(N=C(O)CC[C@@]([H])(N=C(O)[C@]([H])(C)N=C(O)[C@@]([H])(C)O[C@@]1([H])[C@]([H])(O)[C@@]([H])(CO)O[C@@]([H])(OP(O)(=O)OP(O)(=O)OCC=C(C)CCC=C(C)CCC=C(C)CCC=C(C)CCC=C(C)CCC=C(C)CCC=C(C)CCC=C(C)CCC=C(C)CCC=C(C)CCC=C(C)C)[C@]1([H])N=C(C)O)C(O)=O)C(O)=N[C@]([H])(C)C(O)=N[C@]([H])(C)C(O)=O)C(O)=O
ECMDB20261,cis-dihydrodiol derivative of phenylacetyl-CoA,,25201059,[H]C(O)(C(O)=NCCC(O)=NCCSC(=O)C[C@@]1(O)C=CC=C[C@]1([H])O)C(C)(C)COP(O)(=O)OP(O)(=O)OCC1([H])OC([H])(N2C=NC3=C(N)N=CN=C23)C([H])(O)C1([H])OP(O)(O)=O
ECMDB20264,alpha-L-Fucose,C01019,17106,C[C@@H]1O[C@@H](O)[C@@H](O)[C@H](O)[C@@H]1O
ECMDB20267,Cellobiose-6-phosphate,C04534,5459947,[H]C1(O)O[C@]([H])(CO)[C@@]([H])(O[C@]2([H])O[C@]([H])(COP(O)(O)=O)[C@@]([H])(O)[C@]([H])(O)[C@@]2([H])O)[C@]([H])(O)[C@@]1([H])O
ECMDB20271,3-Keto-L-gulonate 6-phosphate,,393,OC(COP([O-])([O-])=O)C(O)C(=O)C(O)C(O)=O
ECMDB20274,Ethylenediamine,C00134,5063660,NCC[NH3+]
ECMDB20276,O-Phospho-D-serine,C02532,106,[H][C@@](N)(COP(O)(O)=O)C(O)=O
ECMDB20281,Molybdopterin guanine dinucleotide,,5486686,OC(COP(O)(=O)OP(O)(=O)OCC1OC(C(O)C1O)N1C=NC2=C1NC(=N)N=C2O)C(=S)C(=S)C1=CNC2=C(N1)C(O)=NC(=N)N2
ECMDB20282,L-Ribose,,90428,[H][C@](O)(CO)[C@]([H])(O)[C@]([H])(O)C=O
ECMDB20288,D-Biotin D-sulfoxide,,83833,[H][C@]12CS(=O)[C@@]([H])(CCCCC(O)=O)[C@@]1([H])NC(O)=N2
ECMDB20290,N-Acetylmuramoyl-L-alanyl-D-glutamyl-L-lysyl-D-alanyl-D-alanine-diphosphoundecaprenyl-N-acetylglucosamine,,25203452,[H][C@](C)(O[C@@]1([H])[C@]([H])(O[C@@]2([H])O[C@]([H])(CO)[C@@]([H])(O)[C@]([H])(O)[C@@]2([H])N=C(C)O)[C@@]([H])(CO)O[C@]([H])(OP(O)(=O)OP(O)(=O)OCC=C(C)CCC=C(C)CCC=C(C)CCC=C(C)CCC=C(C)CCC=C(C)CCC=C(C)CCC=C(C)CCC=C(C)CCC=C(C)CCC=C(C)C)[C@]1([H])N=C(C)O)C(O)=N[C@@]([H])(C)C(O)=N[C@]([H])(CCC(O)=O)C(O)=N[C@@]([H])(CCCCN)C(O)=N[C@]([H])(C)C(O)=N[C@]([H])(C)C(O)=O
ECMDB20294,7-Cyano-7-carbaguanine,C15996,446357,OC1=NC(=N)NC2=C1C(=CN2)C#N
ECMDB20295,L-Methionine-(S)-S-oxide,,11869258,C[S@](=O)CC[C@@H](N)C(O)=O
ECMDB20298,TDP-Glucose,,25202390,[H][C@]1(O)C[C@@]([H])(O[C@]1([H])COP([O-])(=O)OP(O)(=O)O[C@@]1([H])O[C@]([H])(CO)[C@@]([H])(O)[C@]([H])(O)[C@@]1([H])O)N1C=C(C)C([O-])=NC1=O
ECMDB20310,"Di-trans,poly-cis-undecaprenyl phosphate",C17556,25202932,CC(C)=CCCC(C)=CCCC(C)=CCCC(C)=CCCC(C)=CCCC(C)=CCCC(C)=CCCC(C)=CCCC(C)=CCCC(C)=CCCC(C)=CCO[P-]([O])(=O)=O
ECMDB20324,ppGp,,188347,[H][C@]1(COP(O)(=O)OP(O)(O)=O)O[C@@]([H])(N2C=NC3=C2NC(=N)N=C3O)[C@]([H])(O)[C@]1([H])OP(O)(O)=O
ECMDB20325,Decarboxy-SAM,,25203490,[H][C@]1(C[S+](C)CCC[NH3+])O[C@@]([H])(N2C=NC3=C(N)N=CN=C23)[C@]([H])(O)[C@]1([H])O
ECMDB20326,Methylphosphonate,C20396,13818,CP(O)(O)=O
ECMDB20327,Ethylphosphonate,,21680364,CCP(O)([O-])=O
ECMDB20328,Propylphosphonate,,25200508,CCCP(O)([O-])=O
ECMDB20329,3-Aminopropylphosphonate,,4868255,NCCCP(O)(O)=O
ECMDB20330,Phenylphosphonate,,5194779,[O-]P([O-])(=O)C1=CC=CC=C1
ECMDB20343,beta-D-ribofuranose,C16639,447347,[H][C@@]1(O)O[C@]([H])(CO)[C@@]([H])(O)[C@@]1([H])O
ECMDB20344,beta-D-Ribopyranose,C08353,441481,O[C@@H]1CO[C@@H](O)[C@H](O)[C@@H]1O
ECMDB20347,alpha-N-acetylneuraminate,C19909,25203632,[H][C@](O)(CO)C([H])(O)[C@]1([H])O[C@](O)(C[C@]([H])(O)C1([H])N=C(C)[O-])C(O)=O
ECMDB20349,Maltoheptaose,,3037125,[H][C@]1(O)[C@]([H])(O)[C@@]([H])(CO)O[C@]([H])(OC[C@@]2([H])OC([H])(O[C@@]3([H])O[C@]([H])(CO)[C@@]([H])(O)[C@]([H])(O)[C@@]3([H])O[C@@]3([H])O[C@]([H])(CO)[C@@]([H])(O)[C@]([H])(O)[C@@]3([H])O)[C@]([H])(O[C@@]3([H])O[C@]([H])(CO)[C@@]([H])(O)[C@]([H])(O)[C@@]3([H])O)[C@@]([H])(O[C@@]3([H])O[C@]([H])(CO)[C@@]([H])(O)[C@]([H])(O)[C@@]3([H])O)[C@]2([H])O[C@@]2([H])O[C@]([H])(CO)[C@@]([H])(O)[C@]([H])(O)[C@@]2([H])O)[C@]1([H])O
ECMDB20360,"3,5-Tetradecadienoyl-CoA",,25202231,[H][C@](O)(C(O)=NCCC(O)=NCCSC(=O)CC=CC=CCCCCCCCC)C(C)(C)COP(O)(=O)OP(O)(=O)OC[C@@]1([H])O[C@@]([H])(N2C=NC3=C(N)N=CN=C23)[C@]([H])(O)[C@]1([H])OP(O)(O)=O
ECMDB20401,Lipid IVb,,25203200,[H][C@@](O)(CCCCCCCCCCC)CC(=O)O[C@@]1([H])[C@]([H])(O)[C@@]([H])(CO[C@]2([H])O[C@]([H])(CO)[C@@]([H])(OP([O-])([O-])=O)[C@]([H])(OC(=O)C[C@]([H])(O)CCCCCCCCCCC)[C@@]2([H])N=C([O-])C[C@]([H])(O)CCCCCCCCCCC)O[C@]([H])(OP(O)(O)=O)[C@]1([H])N=C([O-])C[C@@]([H])(CCCCCCCCCCC)OC(=O)CCCCCCCCCCCCC
ECMDB20407,2-Aminogalactopyranose,,25245517,[H][C@@]1([NH3+])O[C@]([H])(CO)[C@]([H])(O)[C@]([H])(O)C1([H])O
ECMDB20428,Hydroxymethyl-dCDP,,25202010,[H][C@]1(O)C[C@]([H])(O[C@@]1([H])COP(O)(=O)OP([O-])([O-])=O)N1C=C(CO)C([O-])=NC1=O
ECMDB20429,Hydroxymethyl-dCTP,,25201516,[H][C@]1(O)C[C@]([H])(O[C@@]1([H])COP(O)(=O)OP(O)(=O)OP([O-])([O-])=O)N1C=C(CO)C([O-])=NC1=O
ECMDB20441,Menaquinone-1,,25200371,CC(C)=CCC1=C(C)C(O)C2=CC=CC=C2C1=O
ECMDB20468,Phosphonate,C06701,6326969,OP(=O)=O
ECMDB20469,Distearoyl phosphatidate,,25200924,[H][C@@](COC(=O)CCCCCCCCCCCCCCCCC)(COP([O-])([O-])=O)OC(=O)CCCCCCCCCCCCCCCCC
ECMDB20470,Dimyristoyl phosphatidate,,25202369,[H][C@@](COC(=O)CCCCCCCCCCCCC)(COP([O-])([O-])=O)OC(=O)CCCCCCCCCCCCC
ECMDB20481,L-Alanyl-L-Glutamate,,25203511,CC(N)C(O)=NC(CCC([O-])=O)C(O)=O
ECMDB20485,UDP-N-Acetylmuramyl-L-Ala,,25246252,[H][C@](C)(O[C@@]1([H])[C@]([H])(O)[C@@]([H])(CO)OC([H])(OP(O)(=O)OP(O)(=O)OC[C@@]2([H])O[C@@]([H])(N3C=CC([O-])=NC3=O)[C@]([H])(O)[C@]2([H])O)[C@]1([H])N=C(C)[O-])C([O-])=N[C@]([H])(C)C(O)=O
ECMDB20487,Ubiquinone-0,C05251,69068,COC1=C(OC)C(=O)C(C)=CC1=O
ECMDB20516,Ferric coprogen,,6449889,[Fe+3].[H]\C(=C(\C)CCO)C(=O)N([O-])CCCC(N=C(C)O)C(=O)OCC\C(C)=C(\[H])C(=O)N([O-])CCCC1N=C(O)C(CCCN([O-])C(=O)C(\[H])=C(\C)CCO)N=C1O
ECMDB20518,N-Acetylmuramate 6-phosphate,,25202911,[H]C(C)(O[C@@]1([H])[C@]([H])(O)[C@@]([H])(C[O+]P(O)(O)=O)OC([H])(O)[C@]1([H])[NH+]=C(C)[O-])C([O-])=O
ECMDB20519,"1,6-Anhydro-N-acetylmuramate",,25201515,[H]C(C)(O[C@@]1([H])[C@]([H])(O)[C@@]2([H])COC([H])(O2)[C@]1([H])N=C(C)O)C(O)=O
ECMDB20520,p-Aminobenzoyl glutamate,,25202539,[H][C@@](CCC([O-])=O)(NC(=O)C1=CC=C(N)C=C1)C([O-])=O
ECMDB20521,N-Ethylsuccinimide,,16842,CCN1C(=O)CCC1=O
ECMDB20526,Heptosyl-KDO2-lipid A,,25203480,[H][C@@]1(O[C@@](C[C@@H](O)[C@H]1O)(O[C@@H]1C[C@@](OC[C@H]2O[C@@H](OC[C@H]3O[C@H](OP([O-])([O-])=O)[C@H](NC(=O)C[C@H](O)CCCCCCCCCCC)[C@@H](OC(=O)C[C@H](O)CCCCCCCCCCC)[C@@H]3O)[C@H](NC(=O)C[C@@H](CCCCCCCCCCC)OC(=O)CCCCCCCCCCC)[C@@H](OC(=O)C[C@@H](CCCCCCCCCCC)OC(=O)CCCCCCCCCCCCC)[C@@H]2OP([O-])([O-])=O)(O[C@]([H])([C@H](O)CO)[C@@H]1O[C@H]1O[C@H]([C@@H](O)CO)[C@@H](O)[C@H](O)[C@@H]1O)C([O-])=O)C([O-])=O)[C@H](O)CO
ECMDB20527,Heptosyl2-KDO2-lipid A,,25202915,[H][C@@](O)(CCCCCCCCCCC)CC(=O)O[C@@]1([H])[C@]([H])(O)[C@@]([H])(CO[C@]2([H])O[C@]([H])(CO[C@@]3(C[C@@]([H])(OC4(CC([H])(O)C([H])(O)C([H])(O4)C([H])(O)CO)C(O)O)[C@@]([H])(OC4([H])OC([H])([C@@]([H])(O)CO)[C@@]([H])(O)[C@]([H])(OC5([H])OC([H])([C@@]([H])(O)CO)[C@@]([H])(O)[C@]([H])(O)[C@]5([H])O)[C@]4([H])O)[C@]([H])(O3)[C@]([H])(O)CO)C(O)=O)[C@@]([H])(OP(O)(O)=O)[C@]([H])(OC(=O)C[C@@]([H])(CCCCCCCCCCC)OC(=O)CCCCCCCCCCCCC)[C@@]2([H])N=C(O)C[C@@]([H])(CCCCCCCCCCC)OC(=O)CCCCCCCCCCC)O[C@]([H])(OP(O)(O)=O)[C@]1([H])N=C(O)C[C@]([H])(O)CCCCCCCCCCC
ECMDB20528,Glucosyl-heptosyl2-KDO2-lipid A,,25202907,[H][C@@](O)(CCCCCCCCCCC)CC(=O)O[C@@]1([H])[C@]([H])(O)[C@@]([H])(CO[C@]2([H])O[C@]([H])(CO[C@@]3(C[C@@]([H])(OC4(CC([H])(O)C([H])(O)C([H])(O4)C([H])(O)CO)C(O)O)[C@@]([H])(OC4([H])OC([H])([C@@]([H])(O)CO)[C@@]([H])(O)[C@]([H])(OC5([H])OC([H])([C@@]([H])(O)CO)[C@@]([H])(O)[C@]([H])(OC6([H])OC([H])(CO)C([H])(O)C([H])(O)C6([H])O)[C@]5([H])O)[C@]4([H])O)[C@]([H])(O3)[C@]([H])(O)CO)C(O)=O)[C@@]([H])(OP(O)(O)=O)[C@]([H])(OC(=O)C[C@@]([H])(CCCCCCCCCCC)OC(=O)CCCCCCCCCCCCC)[C@@]2([H])N=C(O)C[C@@]([H])(CCCCCCCCCCC)OC(=O)CCCCCCCCCCC)O[C@]([H])(OP(O)(O)=O)[C@]1([H])N=C(O)C[C@]([H])(O)CCCCCCCCCCC
ECMDB20529,Glucosyl-heptosyl2-KDO2-lipid A-phosphate,,25200956,[H][C@@](O)(CCCCCCCCCCC)CC(=O)O[C@@]1([H])[C@]([H])(O)[C@@]([H])(CO[C@]2([H])O[C@]([H])(CO[C@@]3(C[C@@]([H])(OC4(CC([H])(O)C([H])(O)C([H])(O4)C([H])(O)CO)C(O)O)[C@@]([H])(OC4([H])OC([H])(C([H])(O)CO)[C@@]([H])(O[P+](O)(O)O)[C@]([H])(OC5([H])OC([H])([C@@]([H])(O)CO)[C@@]([H])(O)[C@]([H])(OC6([H])OC([H])(CO)C([H])(O)C([H])(O)C6([H])O)[C@]5([H])O)[C@]4([H])O)[C@]([H])(O3)[C@]([H])(O)CO)C(O)=O)[C@@]([H])(OP(O)(O)=O)[C@]([H])(OC(=O)C[C@@]([H])(CCCCCCCCCCC)OC(=O)CCCCCCCCCCCCC)[C@@]2([H])N=C(O)C[C@@]([H])(CCCCCCCCCCC)OC(=O)CCCCCCCCCCC)O[C@]([H])(OP(O)(O)=O)[C@]1([H])N=C(O)C[C@]([H])(O)CCCCCCCCCCC
ECMDB20530,Glucosyl-heptosyl3-KDO2-lipid A-phosphate,,25203689,[H][C@@](O)(CCCCCCCCCCC)CC(=O)O[C@@]1([H])[C@]([H])(O)[C@@]([H])(CO[C@]2([H])O[C@]([H])(CO[C@@]3(C[C@@]([H])(OC4(CC([H])(O)C([H])(O)C([H])(O4)C([H])(O)CO)C(O)O)[C@@]([H])(OC4([H])OC([H])([C@@]([H])(O)CO)[C@@]([H])(O[P+](O)(O)O)[C@]([H])(OC5([H])OC([H])([C@@]([H])(O)COC6([H])OC([H])(C([H])(O)CO)C([H])(O)C([H])(O)C6([H])O)[C@@]([H])(O)[C@]([H])(OC6([H])OC([H])(CO)C([H])(O)C([H])(O)C6([H])O)[C@]5([H])O)[C@]4([H])O)[C@]([H])(O3)[C@]([H])(O)CO)C(O)=O)[C@@]([H])(OP(O)(O)=O)[C@]([H])(OC(=O)C[C@@]([H])(CCCCCCCCCCC)OC(=O)CCCCCCCCCCCCC)[C@@]2([H])N=C(O)C[C@@]([H])(CCCCCCCCCCC)OC(=O)CCCCCCCCCCC)O[C@]([H])(OP(O)(O)=O)[C@]1([H])N=C(O)C[C@]([H])(O)CCCCCCCCCCC
ECMDB20531,Glucosyl-heptosyl3-KDO2-lipid A-bisphosphate,,25201743,[H][C@@](O)(CCCCCCCCCCC)CC(=O)O[C@@]1([H])[C@]([H])(O)[C@@]([H])(CO[C@]2([H])O[C@]([H])(CO[C@@]3(C[C@@]([H])(OC4(CC([H])(O)C([H])(O)C([H])(O4)C([H])(O)CO)C(O)O)[C@@]([H])(OC4([H])OC([H])([C@@]([H])(O)CO)[C@@]([H])(O[P+](O)(O)O)[C@]([H])(OC5([H])OC([H])([C@@]([H])(O)COC6([H])OC([H])(C([H])(O)CO)C([H])(O)C([H])(O)C6([H])O)[C@@]([H])(O[P+](O)(O)O)[C@]([H])(OC6([H])OC([H])(CO)C([H])(O)C([H])(O)C6([H])O)[C@]5([H])O)[C@]4([H])O)[C@]([H])(O3)[C@]([H])(O)CO)C(O)=O)[C@@]([H])(OP(O)(O)=O)[C@]([H])(OC(=O)C[C@@]([H])(CCCCCCCCCCC)OC(=O)CCCCCCCCCCCCC)[C@@]2([H])N=C(O)C[C@@]([H])(CCCCCCCCCCC)OC(=O)CCCCCCCCCCC)O[C@]([H])(OP(O)(O)=O)[C@]1([H])N=C(O)C[C@]([H])(O)CCCCCCCCCCC
ECMDB20532,Galactosyl-glucosyl-heptosyl3-KDO2-lipid A-bisphosphate,,25201355,[H][C@@](O)(CCCCCCCCCCC)CC(=O)O[C@@]1([H])[C@]([H])(O)[C@@]([H])(CO[C@]2([H])O[C@]([H])(CO[C@@]3(C[C@@]([H])(OC4(CC([H])(O)C([H])(O)C([H])(O4)C([H])(O)CO)C(O)O)[C@@]([H])(OC4([H])OC([H])([C@@]([H])(O)CO)[C@@]([H])(O[P+](O)(O)O)[C@]([H])(OC5([H])OC([H])([C@@]([H])(O)COC6([H])OC([H])(C([H])(O)CO)C([H])(O)C([H])(O)C6([H])O)[C@@]([H])(O[P+](O)(O)O)[C@]([H])(OC6([H])OC([H])(COC7([H])OC([H])(CO)C([H])(O)C([H])(O)C7([H])O)C([H])(O)C([H])(O)C6([H])O)[C@]5([H])O)[C@]4([H])O)[C@]([H])(O3)[C@]([H])(O)CO)C(O)=O)[C@@]([H])(OP(O)(O)=O)[C@]([H])(OC(=O)C[C@@]([H])(CCCCCCCCCCC)OC(=O)CCCCCCCCCCCCC)[C@@]2([H])N=C(O)C[C@@]([H])(CCCCCCCCCCC)OC(=O)CCCCCCCCCCC)O[C@]([H])(OP(O)(O)=O)[C@]1([H])N=C(O)C[C@]([H])(O)CCCCCCCCCCC
ECMDB20533,Galactosyl-glucosyl2-heptosyl3-KDO2-lipid A-bisphosphate,,25202942,[H][C@@](O)(CCCCCCCCCCC)CC(=O)O[C@@]1([H])[C@]([H])(O)[C@@]([H])(CO[C@]2([H])O[C@]([H])(CO[C@@]3(C[C@@]([H])(OC4(CC([H])(O)C([H])(O)C([H])(O4)C([H])(O)CO)C(O)O)[C@@]([H])(OC4([H])OC([H])(C([H])(O)CO)[C@@]([H])(O[P+](O)(O)O)[C@]([H])(OC5([H])OC([H])([C@@]([H])(O)COC6([H])OC([H])(C([H])(O)CO)C([H])(O)C([H])(O)C6([H])O)[C@@]([H])(O[P+](O)(O)O)[C@]([H])(OC6([H])OC([H])(COC7([H])OC([H])(CO)C([H])(O)C([H])(O)C7([H])O)C([H])(O)C([H])(OC7([H])OC([H])(CO)C([H])(O)C([H])(O)C7([H])O)C6([H])O)[C@]5([H])O)[C@]4([H])O)[C@]([H])(O3)[C@]([H])(O)CO)C(O)=O)[C@@]([H])(OP(O)(O)=O)[C@]([H])(OC(=O)C[C@@]([H])(CCCCCCCCCCC)OC(=O)CCCCCCCCCCCCC)[C@@]2([H])N=C(O)C[C@@]([H])(CCCCCCCCCCC)OC(=O)CCCCCCCCCCC)O[C@]([H])(OP(O)(O)=O)[C@]1([H])N=C(O)C[C@]([H])(O)CCCCCCCCCCC
ECMDB20534,Galactosyl-glucosyl3-heptosyl3-KDO2-lipid A-bisphosphate,,25202137,[H]C(O)(CCCCCCCCCCC)CC(=O)O[C@@]1([H])[C@]([H])(O)[C@@]([H])(CO[C@]2([H])O[C@]([H])(CO[C@@]3(C[C@@]([H])(O[C@@]4(C[C@@]([H])(O)[C@@]([H])(O)[C@]([H])(O4)[C@]([H])(O)CO)C(O)O)[C@@]([H])(OC4([H])OC([H])([C@@]([H])(O)CO)[C@@]([H])(O[P+](O)(O)O)[C@]([H])(OC5([H])OC([H])([C@@]([H])(O)COC6([H])OC([H])([C@@]([H])(O)CO)[C@@]([H])(O)[C@]([H])(O)[C@]6([H])O)[C@@]([H])(O[P+](O)(O)O)[C@]([H])(OC6([H])O[C@]([H])(COC7([H])O[C@]([H])(CO)[C@]([H])(O)[C@]([H])(O)[C@@]7([H])O)[C@@]([H])(O)C([H])(OC7([H])O[C@]([H])(CO)[C@@]([H])(O)[C@]([H])(O)C7([H])OC7([H])O[C@]([H])(CO)[C@@]([H])(O)[C@]([H])(O)[C@@]7([H])O)[C@@]6([H])O)[C@]5([H])O)[C@]4([H])O)[C@]([H])(O3)[C@]([H])(O)CO)C(O)=O)[C@@]([H])(OP(O)(O)=O)[C@]([H])(OC(=O)C[C@@]([H])(CCCCCCCCCCC)OC(=O)CCCCCCCCCCCCC)[C@@]2([H])N=C(O)C[C@@]([H])(CCCCCCCCCCC)OC(=O)CCCCCCCCCCC)O[C@]([H])(OP(O)(O)=O)[C@]1([H])N=C(O)C[C@]([H])(O)CCCCCCCCCCC
ECMDB20535,Lipid A-core,,25202953,[H][C@@](O)(CCCCCCCCCCC)CC(=O)O[C@@]1([H])[C@]([H])(O)[C@@]([H])(CO[C@]2([H])O[C@]([H])(CO[C@@]3(C[C@@]([H])(O[C@@]4(C[C@@]([H])(O)[C@@]([H])(O)[C@]([H])(O4)[C@]([H])(O)CO)C(O)O)[C@@]([H])(OC4([H])OC([H])([C@@]([H])(O)CO)[C@@]([H])(O[P+](O)(O)O)[C@]([H])(OC5([H])OC([H])([C@@]([H])(O)COC6([H])OC([H])([C@@]([H])(O)CO)[C@@]([H])(O)[C@]([H])(O)[C@]6([H])O)[C@@]([H])(O[P+](O)(O)O)[C@]([H])(OC6([H])O[C@]([H])(COC7([H])O[C@]([H])(CO)[C@]([H])(O)[C@]([H])(O)[C@@]7([H])O)[C@@]([H])(O)C([H])(OC7([H])O[C@]([H])(CO)[C@@]([H])(O)[C@]([H])(O)C7([H])OC7([H])O[C@]([H])(COC8([H])OC([H])([C@@]([H])(O)CO)[C@@]([H])(O)[C@]([H])(O)[C@]8([H])O)[C@@]([H])(O)[C@]([H])(O)[C@@]7([H])O)[C@@]6([H])O)[C@]5([H])O)[C@]4([H])O)[C@]([H])(O3)[C@]([H])(O)CO)C(O)=O)[C@@]([H])(OP(O)(O)=O)[C@]([H])(OC(=O)C[C@@]([H])(CCCCCCCCCCC)OC(=O)CCCCCCCCCCCCC)[C@@]2([H])N=C(O)C[C@@]([H])(CCCCCCCCCCC)OC(=O)CCCCCCCCCCC)O[C@]([H])(OP(O)(O)=O)[C@]1([H])N=C(O)C[C@]([H])(O)CCCCCCCCCCC
ECMDB20537,TDP-Rhamnose,,25200574,[H][C@]1(O)C[C@]([H])(O[C@@]1([H])CCP([O-])(=O)OP([O-])(=O)O[C@@]1([H])O[C@@]([H])(C)[C@@]([H])(O)[C@@]([H])(O)[C@@]1([H])O)[N+]1=C[C+](C)C(O)=NC1=O
ECMDB20539,Crotonobetainyl-CoA,,591,[H]\C(C[N+](C)(C)C)=C(\[H])C(=O)SCCN=C(O)CCN=C(O)[C@@](O)([H])C(C)(C)COP(=O)(O)OP(O)(=O)OC[C@@]1([H])O[C@@]([H])(N2C=NC3=C(N)N=CN=C23)[C@@](O)([H])[C@]1([H])OP(=O)(O)O
ECMDB20540,D-Allulose-6-phosphate,,21872891,[H][C@@](O)(COP([O-])([O-])=O)[C@@]([H])(O)[C@@]([H])(O)C(=O)CO
ECMDB20541,D-Carnitinyl-CoA,,605,CC(C)(COP(O)(=O)OP(O)(=O)OCC1OC(C(O)C1OP(O)(O)=O)N1C=NC2=C(N)N=CN=C12)C(O)C(O)=NCCC(O)=NCCSC(=O)CC(O)C[N+](C)(C)C
ECMDB20543,D-Myo-inositol (1)-monophosphate,C01177,107737,[H]C1(O)[C@]([H])(O)[C@@]([H])(O)C([H])(OP(O)(O)=O)[C@]([H])(O)[C@]1([H])O
ECMDB20544,D-Ribulose-1-phosphate,,615,OCC(O)C(O)C(=O)COP(O)(O)=O
ECMDB20547,Diacetylchitobiose-6-phosphate,,25200795,[H][C@@]1(O)O[C@]([H])(CO)[C@@]([H])(O[C@@]2([H])O[C@]([H])(COP(O)(O)=O)[C@@]([H])(O)[C@]([H])(O)[C@@]2([H])N=C(C)O)[C@]([H])(O)[C@@]1([H])N=C(C)O
ECMDB20549,Dihydromonapterin-triphosphate,,25203084,[H][C@](O)(C[O+]P([O-])(=O)OP([O-])(=O)O[P+](O)([O-])[O-])[C@@]([H])(O)C1=[N+]=C2C(O)=NC(=[NH2+])NC2=[NH+]C1
ECMDB20550,"4,5-Dihydroxy-2,3-pentanedione",,25200942,[H][C@@](O)(CO)C(=O)C(C)=O
ECMDB20553,Ethyl-2-methylacetoacetate,,7017228,[H][C@@](C)(C(C)=O)C(=O)OCC
ECMDB20554,Ethyl-(2R)-methyl-(3S)-hydroxybutanoate,,642623,[H][C@@](C)(O)[C@@]([H])(C)C(=O)OCC
ECMDB20557,Fructoselysine,C16488,720,NC(CCCCNC1OC(CO)C(O)C(O)C1=O)C(O)=O
ECMDB20558,Fructoselysine-6-phosphate,,721,NC(CCCCNC1OC(COP(O)(O)=O)C(O)C(O)C1=O)C(O)=O
ECMDB20559,gamma-Butyrobetainyl-CoA,,726,CC(C)(COP(O)(=O)OP(O)(=O)OCC1OC(C(O)C1OP(O)(O)=O)N1C=NC2=C(N)N=CN=C12)C(O)C(O)=NCCC(O)=NCCSC(=O)CCC[N+](C)(C)C
ECMDB20560,Undecaprenyl-N-acetyl-alpha-D-glucosaminyl-pyrophosphate,,182,CC(C)=CCCC(C)=CCCC(C)=CCCC(C)=CCCC(C)=CCCC(C)=CCCC(C)=CCCC(C)=CCCC(C)=CCCC(C)=CCCC(C)=CCOP(O)(=O)OP(O)(=O)OC1OC(CO)C(O)C(O)C1N=C(C)O
ECMDB20562,GMP-Lysine,,25202936,[H][C@@]([NH3+])(CCCC[NH3+])C(=O)OP(O)(=O)OC[C@@]1([H])O[C@@]([H])(N2C=[N+]C3=C2[N-]C(=N)N=C3O)[C@]([H])(O)[C@]1([H])O
ECMDB20564,Heme D,,3582,CC1=C(CCC(O)=O)/C2=C/C3=C(CCC(O)=O)C(C)=C(N3)\C=C3/N=C(/C=C4\N=C(\C=C\1/N\2)C(=O)C4(C)CC(O)=O)C(=O)C3(C)CC(O)=O
ECMDB20567,Homoserine lactone,C11837,443433,Br.NC1CCOC1=O
ECMDB20571,"KDO2-lipid A, cold adapted",,25203646,[H][C@@](O)(CCCCCCCCCCC)CC(=O)O[C@@]1([H])[C@]([H])(O)[C@@]([H])(CO[C@]2([H])O[C@]([H])(CO[C@@]3(C[C@@]([H])(O[C@@]4(C[C@@]([H])(O)[C@@]([H])(O)[C@]([H])(O4)[C@]([H])(O)CO)C(O)=O)[C@@]([H])(O)[C@]([H])(O3)[C@]([H])(O)CO)C(O)=O)[C@@]([H])(OP(O)(O)=O)[C@]([H])(OC(=O)C[C@@]([H])(CCCCCCCCCCC)OC(=O)CCCCCCCCCCCCC)[C@@]2([H])N=C(O)C[C@@]([H])(CCCCCCCCCCC)OC(=O)CCCCCCCC=CCCCCCC)O[C@]([H])(OP(O)(O)=O)[C@]1([H])N=C(O)C[C@]([H])(O)CCCCCCCCCCC
ECMDB20572,KDO2-(palmitoleoyl)-lipid IVA,,25203723,[H][C@@](O)(CCCCCCCCCCC)CC(=O)O[C@@]1([H])[C@]([H])(O)[C@@]([H])(CO[C@]2([H])O[C@]([H])(CO[C@@]3(C[C@@]([H])(O[C@@]4(C[C@@]([H])(O)[C@@]([H])(O)[C@]([H])(O4)[C@]([H])(O)CO)C(O)=O)[C@@]([H])(O)[C@]([H])(O3)[C@]([H])(O)CO)C(O)=O)[C@@]([H])(OP(O)(O)=O)[C@]([H])(OC(=O)C[C@]([H])(O)CCCCCCCCCCC)[C@@]2([H])N=C(O)C[C@@]([H])(CCCCCCCCCCC)OC(=O)CCCCCCCC=CCCCCCC)O[C@]([H])(OP(O)(O)=O)[C@]1([H])N=C(O)C[C@]([H])(O)CCCCCCCCCCC
ECMDB20573,L-Ala-D-Glu-meso-A2pm,,25203562,[H][C@@](C)(N)C(O)=N[C@]([H])(CCC(O)=N[C@@]([H])(CCC[C@@]([H])(N)C(O)=O)C(O)=O)C(O)=O
ECMDB20574,L-Ala-gamma-D-Glu,,25203551,[H][C@@](C)(N)C(O)=N[C@]([H])(CCC([O-])=O)C(O)=O
ECMDB20575,L-Ala-gamma-D-Glu-Dap,,656477,CC(N)C(O)=NC(CCC(O)=O)C(O)=NC1=CC=CC(=N)N1
ECMDB20576,L-Ara4N-modified KDO2-Lipid A,,656478,CCCCCCCCCCCCCC(=O)OC(CCCCCCCCCCC)CC(=O)OC1C(OP(O)(=O)OC2OCC(N)C(O)C2O)C(COC2(CC(OC3(CC(O)C(O)C(O3)C(O)CO)C(O)=O)C(O)C(O2)C(O)CO)C(O)=O)OC(OCC2OC(OP(O)(=O)OC3OCC(N)C(O)C3O)C(N=C(O)CC(O)CCCCCCCCCCC)C(OC(=O)CC(O)CCCCCCCCCCC)C2O)C1N=C(O)CC(CCCCCCCCCCC)OC(=O)CCCCCCCCCCC
ECMDB20578,L-Carnitinyl-CoA,C20750,605,CC(C)(COP(O)(=O)OP(O)(=O)OCC1OC(C(O)C1OP(O)(O)=O)N1C=NC2=C(N)N=CN=C12)C(O)C(O)=NCCC(O)=NCCSC(=O)CC(O)C[N+](C)(C)C
ECMDB20579,Linear dimeric GMP,C18076,25093482,[H][C@]1(COP(O)(=O)O[C@]2([H])[C@@]([H])(COP(O)([O-])=O)O[C@@]([H])(N3C=NC4=C3NC(=N)N=C4[O-])[C@]2([H])O)O[C@@]([H])(N2C=NC3=C2NC(=N)N=C3[O-])[C@]([H])(O)[C@]1([H])O
ECMDB20580,L-Glyceraldehyde,C02426,751,[H][C@](O)(CO)C=O
ECMDB20581,L-Glyceraldehyde 3-phosphate,,25201921,[H][C@](O)(CO[P-]([O])(=O)=O)C=O
ECMDB20590,N1-Methyladenine,C02216,917,CN1C=NC2=C(N=CN2)C1=N
ECMDB20591,N3-Methylcytosine,,4469987,C[N+]1=C(N)C=CNC1=O
ECMDB20594,NMNH,,25246098,[H][C@]1(COP(O)(O)=O)O[C@@]([H])(N2C=CCC(=C2)C(O)=N)[C@]([H])(O)[C@]1([H])O
ECMDB20599,Phenylhydantoin,,1002,OC1=NC(C(O)=N1)C1=CC=CC=C1
ECMDB20601,Cyclic pyranopterin monophosphate,C18239,25202908,[H][C@@]12COP(O)(=O)O[C@]1([H])C(O)(O)[C@]1([H])NC3=C(NC(=N)N=C3O)N[C@]1([H])O2
ECMDB20604,S-Carboxymethyl-D-cysteine,,25203751,NC(CSCC([O-])=O)C(O)=O
ECMDB20608,L-Seryl-AMP,,5289403,[H][C@](N)(CO)C(=O)OP(O)(=O)OC[C@@]1([H])O[C@@]([H])(N2C=NC3=C(N)N=CN=C23)[C@]([H])(O)[C@]1([H])O
ECMDB20610,Sn-Glycerol-1-phosphate,C00623,754,[H][C@](O)(CO)COP(O)(O)=O
ECMDB20611,"trans-Delta2, cis-delta4-decadienoyl-CoA",,25203750,[H]C(O)(C(O)=NCCC(O)=NCCSC(=O)C=CC=CCCCCC)C(C)(C)COP(O)(=O)OP(O)(=O)OC[C@]1([H])O[C@]([H])(N2C=NC3=C(N)N=CN=C23)[C@]([H])(O)[C@]1([H])OP(O)(O)=O
ECMDB20612,dTDP-D-Fucosamine,C04346,25202013,[H]C1(O)CC([H])(OC1([H])COP(O)(=O)OP(O)(=O)O[C@@]1([H])O[C@]([H])(C)[C@]([H])(N)[C@]([H])(O)[C@@]1([H])O)N1C=C(C)C(O)=NC1=O
ECMDB20613,"dTDP-4-Acetamido-4,6-dideoxy-D-galactose",C06018,16069985,C[C@H]1OC(OP(O)(=O)OP(O)(=O)OCC2OC(CC2O)N2C=C(C)C(=O)NC2=O)[C@H](O)[C@@H](O)C1NC(C)=O
ECMDB20619,Ubiquinol-10,,6504740,COC1=C(OC)C(O)=C(C\C=C(/C)CC\C=C(/C)CC\C=C(/C)CC\C=C(/C)CC\C=C(/C)CC\C=C(/C)CC\C=C(/C)CC\C=C(/C)CC\C=C(/C)CCC=C(C)C)C(C)=C1O
ECMDB20620,Ubiquinone-6,C17568,5283544,COC1=C(OC)C(=O)C(CC=C(C)CCC=C(C)CCC=C(C)CCC=C(C)CCC=C(C)CCC=C(C)C)=C(C)C1=O
ECMDB20621,"UDP-N-Acetylmuramoyl-L-alanyl-D-glutamyl-meso-2,6-diaminoheptanedioate-D-alanine",,25200511,[H][C@@](N)(CCC[C@]([H])(N=C([O-])CC[C@@]([H])(N=C(O)[C@]([H])(C)N=C(O)[C@@]([H])(C)O[C@@]1([H])[C@]([H])(O)[C@@]([H])(CO)O[C@]([H])(OP([O-])(=O)OP([O-])(=O)OC[C@@]2([H])O[C@@]([H])([N+]3=C[CH+]C(O)=NC3=O)[C@]([H])(O)[C@]2([H])O)[C@]1([H])N=C(C)[O-])C(O)=O)C(O)=N[C@]([H])(C)C(O)=O)C(O)=O
ECMDB20622,XDP,C01337,439486,[H][C@]1(COP(O)(=O)OP(O)(O)=O)O[C@@]([H])(N2C=NC3=C2N=C(O)N=C3O)[C@]([H])(O)[C@]1([H])O
ECMDB21000,D-Urobilinogen,C05791,440784,CCC1=C(C)C(=O)NC1CC1=C(C)C(CCC(O)=O)=C(CC2=C(CCC(O)=O)C(C)=C(CC3NC(=O)C(C=C)=C3C)N2)N1
ECMDB21002,3-Sulfopyruvic acid,C05528,440717,OC(=O)C(=O)CS(O)(=O)=O
ECMDB21003,Adenylylselenate,C05686,440758,NC1=C2N=CN([C@@H]3O[C@H](COP(O)(=O)O[Se](O)(=O)=O)[C@@H](O)[C@H]3O)C2=NC=N1
ECMDB21004,beta-Aminopropionitrile,C05670,1647,NCCC#N
ECMDB21005,Cinnavalininate,C05640,114918,NC1=C(C(O)=O)C2=NC3=C(C=CC=C3OC2=CC1=O)C(O)=O
ECMDB21007,L-Allothreonine,C05519,99289,C[C@H](O)[C@H](N)C(O)=O
ECMDB21009,Se-Methylselenocysteine,C05689,147004,C[Se]C[C@H](N)C(O)=O
ECMDB21010,Selenohomocysteine,C05698,6326973,NC(CC[SeH])C(O)=O
ECMDB21013,PG(14:0/14:0),,5283512,N.[H][C@](O)(CO)COP(O)(=O)OC[C@@]([H])(COC(=O)CCCCCCCCCCCCC)OC(=O)CCCCCCCCCCCCC
ECMDB21014,PE(17:0/16:0),,,[H][C@@](COC(=O)CCCCCCCCCCCCCCCC)(COP(O)(=O)OCCN)OC(=O)CCCCCCCCCCCCCCC
ECMDB21015,PE(17:0/17:0),,5092815,CCCCCCCCCCCCCCCCC(=O)OCC(COP(O)(=O)OCCN)OC(=O)CCCCCCCCCCCCCCCC
ECMDB21016,PE(17:0/19:0),,9546771,CCCCCCCCCCCCCCCCCCC(=O)OC(COC(=O)CCCCCCCCCCCCCCCC)COP(O)(=O)OCCN
ECMDB21017,PE(19:0/14:0),,,[H][C@@](COC(=O)CCCCCCCCCCCCCCCCCC)(COP(O)(=O)OCCN)OC(=O)CCCCCCCCCCCCC
ECMDB21018,PE(19:0/16:0),,9546870,[H][C@@](COC(=O)CCCCCCCCCCCCCCCCCC)(COP(O)(=O)OCCN)OC(=O)CCCCCCCCCCCCCCC
ECMDB21019,PE(19:0/17:0),,,[H][C@@](COC(=O)CCCCCCCCCCCCCCCCCC)(COP(O)(=O)OCCN)OC(=O)CCCCCCCCCCCCCCCC
ECMDB21020,PE(19:0/19:0),,9546743,CCCCCCCCCCCCCCCCCCC(=O)OCC(COP(O)(=O)OCCN)OC(=O)CCCCCCCCCCCCCCCCCC
ECMDB21021,PG(14:0/16:0),,9547116,[H][C@](O)(CO)COP(O)(=O)OC[C@@]([H])(COC(=O)CCCCCCCCCCCCC)OC(=O)CCCCCCCCCCCCCCC
ECMDB21022,PG(17:0/17:0),,9547115,[H][C@](O)(CO)COP(O)(=O)OCC([H])(COC(=O)CCCCCCCCCCCCCCCC)OC(=O)CCCCCCCCCCCCCCCC
ECMDB21023,PS(16:0/18:1(11Z)),,,[H]\C(CCCCCC)=C(/[H])CCCCCCCCCC(=O)O[C@]([H])(COC(=O)CCCCCCCCCCCCCCC)COP(O)(=O)OC[C@]([H])(N)C(O)=O
ECMDB21024,PE(14:0/17:0),,9547007,CCCCCCCCCCCCCCCCC(=O)OC(COC(=O)CCCCCCCCCCCCC)COP(O)(=O)OCCN
ECMDB21025,PE(14:0/19:0),,,[H][C@@](COC(=O)CCCCCCCCCCCCC)(COP(O)(=O)OCCN)OC(=O)CCCCCCCCCCCCCCCCCC
ECMDB21026,PE(16:0/17:0),,,[H][C@@](COC(=O)CCCCCCCCCCCCCCC)(COP(O)(=O)OCCN)OC(=O)CCCCCCCCCCCCCCCC
ECMDB21027,PE(16:0/19:0),,,[H][C@@](COC(=O)CCCCCCCCCCCCCCC)(COP(O)(=O)OCCN)OC(=O)CCCCCCCCCCCCCCCCCC
ECMDB21028,PE(17:0/14:0),,,[H][C@@](COC(=O)CCCCCCCCCCCCCCCC)(COP(O)(=O)OCCN)OC(=O)CCCCCCCCCCCCC
ECMDB21029,PG(14:0/17:0),,,[H][C@](O)(CO)COP(O)(=O)OC[C@@]([H])(COC(=O)CCCCCCCCCCCCC)OC(=O)CCCCCCCCCCCCCCCC
ECMDB21030,PG(19:0/14:0),,,[H][C@](O)(CO)COP(O)(=O)OC[C@@]([H])(COC(=O)CCCCCCCCCCCCCCCCCC)OC(=O)CCCCCCCCCCCCC
ECMDB21031,KDO2-Lipid A,C06026,440886,[H]C(O)(CCCCCCCCCCC)CC(=O)O[C@@]1([H])[C@]([H])(O)[C@@]([H])(CO[C@]2([H])O[C@]([H])(CO[C@@]3(C[C@@]([H])(O[C@@]4(C[C@@]([H])(O)[C@@]([H])(O)[C@]([H])(O4)[C@]([H])(O)CO)C(O)=O)[C@@]([H])(O)[C@]([H])(O3)[C@]([H])(O)CO)C(O)=O)[C@@]([H])(OP(O)(O)=O)[C@]([H])(OC(=O)CC([H])(CCCCCCCCCCC)OC(=O)CCCCCCCCCCCCC)[C@@]2([H])N=C(O)CC([H])(CCCCCCCCCCC)OC(=O)CCCCCCCCCCC)O[C@]([H])(OP(O)(O)=O)[C@]1([H])N=C(O)CC([H])(O)CCCCCCCCCCC
ECMDB21032,PG(19:0/16:0),,,[H][C@](O)(CO)COP(O)(=O)OC[C@@]([H])(COC(=O)CCCCCCCCCCCCCCCCCC)OC(=O)CCCCCCCCCCCCCCC
ECMDB21033,PG(19:0/17:0),,,[H][C@](O)(CO)COP(O)(=O)OC[C@@]([H])(COC(=O)CCCCCCCCCCCCCCCCCC)OC(=O)CCCCCCCCCCCCCCCC
ECMDB21034,PG(19:0/19:0),,,[H][C@](O)(CO)COP(O)(=O)OC[C@@]([H])(COC(=O)CCCCCCCCCCCCCCCCCC)OC(=O)CCCCCCCCCCCCCCCCCC
ECMDB21035,PG(16:1(9Z)/14:0),,,[H]\C(CCCCCC)=C(/[H])CCCCCCCC(=O)OCC([H])(COP(O)(=O)OC[C@@]([H])(O)CO)OC(=O)CCCCCCCCCCCCC
ECMDB21036,PS(14:0/17:0),,,[H][C@](N)(COP(O)(=O)OC[C@@]([H])(COC(=O)CCCCCCCCCCCCC)OC(=O)CCCCCCCCCCCCCCCC)C(O)=O
ECMDB21037,PS(14:0/19:0),,,[H][C@](N)(COP(O)(=O)OC[C@@]([H])(COC(=O)CCCCCCCCCCCCC)OC(=O)CCCCCCCCCCCCCCCCCC)C(O)=O
ECMDB21038,PS(16:0/17:0),,,[H][C@](N)(COP(O)(=O)OC[C@@]([H])(COC(=O)CCCCCCCCCCCCCCC)OC(=O)CCCCCCCCCCCCCCCC)C(O)=O
ECMDB21039,PS(16:0/19:0),,,[H][C@](N)(COP(O)(=O)OC[C@@]([H])(COC(=O)CCCCCCCCCCCCCCC)OC(=O)CCCCCCCCCCCCCCCCCC)C(O)=O
ECMDB21040,PS(18:1(11Z)/14:0),,,[H]\C(CCCCCC)=C(/[H])CCCCCCCCCC(=O)OC[C@@]([H])(COP(O)(=O)OC[C@]([H])(N)C(O)=O)OC(=O)CCCCCCCCCCCCC
ECMDB21041,PG(14:0/19:0),,,[H][C@](O)(CO)COP(O)(=O)OC[C@@]([H])(COC(=O)CCCCCCCCCCCCC)OC(=O)CCCCCCCCCCCCCCCCCC
ECMDB21042,PS(17:0/14:0),,,[H][C@](N)(COP(O)(=O)OC[C@@]([H])(COC(=O)CCCCCCCCCCCCCCCC)OC(=O)CCCCCCCCCCCCC)C(O)=O
ECMDB21043,PS(17:0/19:0),,,[H][C@](N)(COP(O)(=O)OC[C@@]([H])(COC(=O)CCCCCCCCCCCCCCCC)OC(=O)CCCCCCCCCCCCCCCCCC)C(O)=O
ECMDB21044,PS(19:0/14:0),,,[H][C@](N)(COP(O)(=O)OC[C@@]([H])(COC(=O)CCCCCCCCCCCCCCCCCC)OC(=O)CCCCCCCCCCCCC)C(O)=O
ECMDB21045,PS(19:0/16:0),,,[H][C@](N)(COP(O)(=O)OC[C@@]([H])(COC(=O)CCCCCCCCCCCCCCCCCC)OC(=O)CCCCCCCCCCCCCCC)C(O)=O
ECMDB21046,PS(19:0/17:0),,,[H][C@](N)(COP(O)(=O)OC[C@@]([H])(COC(=O)CCCCCCCCCCCCCCCCCC)OC(=O)CCCCCCCCCCCCCCCC)C(O)=O
ECMDB21047,PS(19:0/19:0),,,[H][C@](N)(COP(O)(=O)OC[C@@]([H])(COC(=O)CCCCCCCCCCCCCCCCCC)OC(=O)CCCCCCCCCCCCCCCCCC)C(O)=O
ECMDB21048,PG(14:0/18:1(11Z)),,,[H]\C(CCCCCC)=C(/[H])CCCCCCCCCC(=O)O[C@]([H])(COC(=O)CCCCCCCCCCCCC)COP(O)(=O)OC[C@@]([H])(O)CO
ECMDB21049,PG(17:0/16:0),,,[H][C@](O)(CO)COP(O)(=O)OC[C@@]([H])(COC(=O)CCCCCCCCCCCCCCCC)OC(=O)CCCCCCCCCCCCCCC
ECMDB21050,PS(14:0/18:1(11Z)),,,[H]\C(CCCCCC)=C(/[H])CCCCCCCCCC(=O)O[C@]([H])(COC(=O)CCCCCCCCCCCCC)COP(O)(=O)OC[C@]([H])(N)C(O)=O
ECMDB21051,PS(18:1(11Z)/16:0),,,[H]\C(CCCCCC)=C(/[H])CCCCCCCCCC(=O)OC[C@@]([H])(COP(O)(=O)OC[C@]([H])(N)C(O)=O)OC(=O)CCCCCCCCCCCCCCC
ECMDB21052,PG(14:0/16:1(9Z)),,,[H]\C(CCCCCC)=C(/[H])CCCCCCCC(=O)O[C@]([H])(COC(=O)CCCCCCCCCCCCC)COP(O)(=O)OC[C@@]([H])(O)CO
ECMDB21053,PS(18:1(11Z)/18:1(11Z)),,,[H]\C(CCCCCC)=C(/[H])CCCCCCCCCC(=O)OC[C@]([H])(COP(O)(=O)OC[C@]([H])(N)C(O)=O)OC(=O)CCCCCCCCC\C([H])=C(\[H])CCCCCC
ECMDB21054,PS(18:1(11Z)/16:1(9Z)),,,[H]\C(CCCCCC)=C(/[H])CCCCCCCCCC(=O)OC[C@]([H])(COP(O)(=O)OC[C@]([H])(N)C(O)=O)OC(=O)CCCCCCC\C([H])=C(\[H])CCCCCC
ECMDB21055,PS(17:0/16:0),,,[H][C@](N)(COP(O)(=O)OC[C@@]([H])(COC(=O)CCCCCCCCCCCCCCCC)OC(=O)CCCCCCCCCCCCCCC)C(O)=O
ECMDB21056,PS(17:0/17:0),,,[H][C@](O)(CO)COP(O)(=O)OC[C@@]([H])(COC(=O)CCCCCCCCCCCCCCCC)OC(=O)CCCCCCCCCCCCCCCC
ECMDB21057,PS(16:1(9Z)/18:1(11Z)),,,[H]\C(CCCCCC)=C(/[H])CCCCCCCCCC(=O)O[C@]([H])(COC(=O)CCCCCCC\C([H])=C(\[H])CCCCCC)COP(O)(=O)OC[C@]([H])(N)C(O)=O
ECMDB21058,PE(18:1(11Z)/17:0),,,[H]\C(CCCCCC)=C(/[H])CCCCCCCCCC(=O)OC[C@]([H])(COP(O)(=O)OCCN)OC(=O)CCCCCCCCCCCCCCCC
ECMDB21059,PE(18:1(11Z)/19:0),,,[H]\C(CCCCCC)=C(/[H])CCCCCCCCCC(=O)OC[C@]([H])(COP(O)(=O)OCCN)OC(=O)CCCCCCCCCCCCCCCCCC
ECMDB21060,PE(17:0/16:1(9Z)),,,[H]\C(CCCCCC)=C(/[H])CCCCCCCC(=O)O[C@]([H])(COC(=O)CCCCCCCCCCCCCCCC)COP(O)(=O)OCCN
ECMDB21061,PE(19:0/18:1(11Z)),,,[H]\C(CCCCCC)=C(/[H])CCCCCCCCCC(=O)O[C@]([H])(COC(=O)CCCCCCCCCCCCCCCCCC)COP(O)(=O)OCCN
ECMDB21062,PE(17:0/18:1(11Z)),,,[H]\C(CCCCCC)=C(/[H])CCCCCCCCCC(=O)O[C@]([H])(COC(=O)CCCCCCCCCCCCCCCC)COP(O)(=O)OCCN
ECMDB21063,PG(16:0/14:0),,,[H][C@](O)(CO)COP(O)(=O)OC[C@@]([H])(COC(=O)CCCCCCCCCCCCCCC)OC(=O)CCCCCCCCCCCCC
ECMDB21064,PE(19:0/16:1(9Z)),,,[H]\C(CCCCCC)=C(/[H])CCCCCCCC(=O)O[C@]([H])(COC(=O)CCCCCCCCCCCCCCCCCC)COP(O)(=O)OCCN
ECMDB21065,PE(16:1(9Z)/17:0),,,[H]\C(CCCCCC)=C(/[H])CCCCCCCC(=O)OC[C@]([H])(COP(O)(=O)OCCN)OC(=O)CCCCCCCCCCCCCCCC
ECMDB21066,PE(16:1(9Z)/19:0),,,[H]\C(CCCCCC)=C(/[H])CCCCCCCC(=O)OC[C@]([H])(COP(O)(=O)OCCN)OC(=O)CCCCCCCCCCCCCCCCCC
ECMDB21067,PG(18:1(11Z)/17:0),,,[H]\C(CCCCCC)=C(/[H])CCCCCCCCCC(=O)OCC([H])(COP(O)(=O)OC[C@@]([H])(O)CO)OC(=O)CCCCCCCCCCCCCCCC
ECMDB21068,PG(18:1(11Z)/19:0),,,[H]\C(CCCCCC)=C(/[H])CCCCCCCCCC(=O)OCC([H])(COP(O)(=O)OC[C@@]([H])(O)CO)OC(=O)CCCCCCCCCCCCCCCCCC
ECMDB21069,PG(17:0/18:1(11Z)),,,[H]\C(CCCCCC)=C(/[H])CCCCCCCCCC(=O)O[C@]([H])(COC(=O)CCCCCCCCCCCCCCCC)COP(O)(=O)OC[C@@]([H])(O)CO
ECMDB21070,PG(17:0/16:1(9Z)),,,[H]\C(CCCCCC)=C(/[H])CCCCCCCC(=O)O[C@]([H])(COC(=O)CCCCCCCCCCCCCCCC)COP(O)(=O)OC[C@@]([H])(O)CO
ECMDB21071,PG(19:0/18:1(11Z)),,,[H]\C(CCCCCC)=C(/[H])CCCCCCCCCC(=O)O[C@]([H])(COC(=O)CCCCCCCCCCCCCCCCCC)COP(O)(=O)OC[C@@]([H])(O)CO
ECMDB21072,PG(19:0/16:1(9Z)),,,[H]\C(CCCCCC)=C(/[H])CCCCCCCC(=O)O[C@]([H])(COC(=O)CCCCCCCCCCCCCCCCCC)COP(O)(=O)OC[C@@]([H])(O)CO
ECMDB21073,PG(16:1(9Z)/17:0),,,[H]\C(CCCCCC)=C(/[H])CCCCCCCC(=O)OCC([H])(COP(O)(=O)OC[C@@]([H])(O)CO)OC(=O)CCCCCCCCCCCCCCCC
ECMDB21074,PG(16:0/17:0),,,[H][C@](O)(CO)COP(O)(=O)OC[C@@]([H])(COC(=O)CCCCCCCCCCCCCCC)OC(=O)CCCCCCCCCCCCCCCC
ECMDB21075,PG(16:1(9Z)/19:0),,,[H]\C(CCCCCC)=C(/[H])CCCCCCCC(=O)OCC([H])(COP(O)(=O)OC[C@@]([H])(O)CO)OC(=O)CCCCCCCCCCCCCCCCCC
ECMDB21076,PS(18:1(11Z)/17:0),,,[H]\C(CCCCCC)=C(/[H])CCCCCCCCCC(=O)OC[C@@]([H])(COP(O)(=O)OC[C@]([H])(N)C(O)=O)OC(=O)CCCCCCCCCCCCCCCC
ECMDB21077,PS(18:1(11Z)/19:0),,,[H]\C(CCCCCC)=C(/[H])CCCCCCCCCC(=O)OC[C@@]([H])(COP(O)(=O)OC[C@]([H])(N)C(O)=O)OC(=O)CCCCCCCCCCCCCCCCCC
ECMDB21078,PS(17:0/18:1(11Z)),,,[H]\C(CCCCCC)=C(/[H])CCCCCCCCCC(=O)O[C@]([H])(COC(=O)CCCCCCCCCCCCCCCC)COP(O)(=O)OC[C@]([H])(N)C(O)=O
ECMDB21079,PS(17:0/16:1(9Z)),,,[H]\C(CCCCCC)=C(/[H])CCCCCCCC(=O)O[C@]([H])(COC(=O)CCCCCCCCCCCCCCCC)COP(O)(=O)OC[C@]([H])(N)C(O)=O
ECMDB21080,PS(19:0/18:1(11Z)),,,[H]\C(CCCCCC)=C(/[H])CCCCCCCCCC(=O)O[C@]([H])(COC(=O)CCCCCCCCCCCCCCCCCC)COP(O)(=O)OC[C@]([H])(N)C(O)=O
ECMDB21081,PS(19:0/16:1(9Z)),,,[H]\C(CCCCCC)=C(/[H])CCCCCCCC(=O)O[C@]([H])(COC(=O)CCCCCCCCCCCCCCCCCC)COP(O)(=O)OC[C@]([H])(N)C(O)=O
ECMDB21082,PS(16:1(9Z)/17:0),,,[H]\C(CCCCCC)=C(/[H])CCCCCCCC(=O)OC[C@]([H])(COP(O)(=O)OC[C@]([H])(N)C(O)=O)OC(=O)CCCCCCCCCCCCCCCC
ECMDB21083,PS(16:1(9Z)/19:0),,,[H]\C(CCCCCC)=C(/[H])CCCCCCCC(=O)OC[C@]([H])(COP(O)(=O)OC[C@]([H])(N)C(O)=O)OC(=O)CCCCCCCCCCCCCCCCCC
ECMDB21084,PG(16:0/19:0),,,[H][C@](O)(CO)COP(O)(=O)OC[C@@]([H])(COC(=O)CCCCCCCCCCCCCCC)OC(=O)CCCCCCCCCCCCCCCCCC
ECMDB21085,PG(18:1(11Z)/14:0),,,[H]\C(CCCCCC)=C(/[H])CCCCCCCCCC(=O)OCC([H])(COP(O)(=O)OC[C@@]([H])(O)CO)OC(=O)CCCCCCCCCCCCC
ECMDB21086,PG(17:0/14:0),,,[H][C@](O)(CO)COP(O)(=O)OC[C@@]([H])(COC(=O)CCCCCCCCCCCCCCCC)OC(=O)CCCCCCCCCCCCC
ECMDB21087,PG(17:0/19:0),,,[H][C@](O)(CO)COP(O)(=O)OCC([H])(COC(=O)CCCCCCCCCCCCCCCC)OC(=O)CCCCCCCCCCCCCCCCCC
ECMDB21088,LPS (1-O-antigen),C00338,11970143,[H][C@@](O)(CCCCCCCCCCC)CC(=O)O[C@@]1([H])[C@]([H])(O)[C@@]([H])(CO[C@]2([H])O[C@]([H])(CO[C@]3(O[C@]([H])([C@@]([H])(C)CO)[C@@]([H])(OC4([H])O[C@]([H])([C@@]([H])(C)CO)[C@@]([H])(OP(O)(=O)OP(O)(=O)OCCN)[C@]([H])(OC5([H])O[C@]([H])([C@@]([H])(C)COC6([H])O[C@]([H])([C@@]([H])(C)CO)[C@@]([H])(OP(O)(O)=O)[C@]([H])(O)[C@]6([H])O)[C@@]([H])(O)[C@]([H])(OC6([H])O[C@]([H])(CO[C@@]7([H])O[C@]([H])(CO)[C@]([H])(O)[C@]([H])(O)[C@@]7([H])O)[C@@]([H])(O)[C@]([H])(O[C@@]7([H])O[C@]([H])(CO)[C@]([H])(O)[C@]([H])(O)[C@@]7([H])OC7([H])O[C@]([H])(CO)[C@@]([H])(O)[C@]([H])(O[C@]8([H])O[C@]([H])(CO[C@]9([H])O[C@]([H])(CO)[C@@]([H])(O)[C@]([H])(O)[C@@]9([H])NC(O)=N)[C@]([H])(O)[C@]([H])(O[C@]9([H])O[C@]([H])(CO)[C@]([H])(O)[C@]([H])(O[C@@]%10([H])O[C@]([H])(CO[C@@]%11([H])O[C@]([H])(CO)[C@]([H])(O)[C@]([H])(O)[C@@]%11([H])O)[C@]([H])(O)[C@]([H])(O)[C@@]%10([H])O)[C@@]9([H])N=C(C)O)[C@@]8([H])N=C(C)O)[C@@]7([H])O[C@]7([H])O[C@]([H])(CO)[C@@]([H])(O)[C@]([H])(O)[C@@]7([H])NC(O)=N)[C@@]6([H])O)[C@]5([H])O)[C@]4([H])O)[C@]([H])(O[C@]4(O[C@]([H])([C@@]([H])(C)CO)[C@@]([H])(O)[C@]([H])(O[C@]5(O[C@]([H])([C@@]([H])(C)CO)[C@@]([H])(O)[C@]([H])(OP(O)(=O)OCCN)[C@]5([H])O)C(O)=O)[C@]4([H])O)C(O)=O)[C@]3([H])O)C(O)=O)[C@@]([H])(OP(O)(O)=O)[C@]([H])(OC(=O)C[C@@]([H])(CCCCCCCCCCC)OC(=O)CCCCCCCCCCCCC)[C@@]2([H])N=C(O)C[C@@]([H])(CCCCCCCCCCC)OC(=O)CCCCCCCCCCC)O[C@]([H])(OP(O)(O)=O)[C@]1([H])N=C(O)C[C@]([H])(O)CCCCCCCCCCC
ECMDB21089,LPS (4-O-antigen),C00338,11970143,P(O[C@]1(O[C@@]([H])([C@@]([H])(O)[C@]([H])(OC(=O)C[C@]([H])(O)CCCCCCCCCCC)[C@]1(N=C(O)C[C@]([H])(O)CCCCCCCCCCC)[H])CO[C@@]1(O[C@]([H])(CO[C@]2(O[C@]([H])([C@@]([H])(C)CO)[C@]([H])([C@@](O[C@]3(O[C@]([H])([C@@]([H])(C)CO)[C@@]([H])(O)[C@@](O[C@]4(O[C@]([H])([C@@]([H])(C)CO)[C@@]([H])(O)[C@@](OP(O)(=O)OCCN)([H])[C@]4([H])O)C(O)=O)([H])[C@]3([H])O)C(O)=O)([H])[C@]2([H])O)OC2(O[C@]([H])([C@@]([H])(C)CO)[C@](OP(OP(O)(=O)OCCN)(O)=O)([H])[C@@]([H])([C@]2([H])O)OC2(O[C@]([H])([C@@]([H])(C)COC3(O[C@]([H])([C@@]([H])(C)CO)[C@](OP(O)(O)=O)([H])[C@]([H])(O)[C@]3([H])O)[H])[C@@]([H])(O)[C@@]([H])([C@]2([H])O)OC2(O[C@@]([H])([C@@]([H])(O)[C@@]([H])([C@@]2([H])O)O[C@]2(O[C@@]([H])([C@]([H])(O)[C@]([H])(O)[C@@]2([H])OC2(O[C@@]([H])([C@@]([H])(O)[C@@]([H])([C@@]2([H])O[C@@]2(O[C@@]([H])([C@@]([H])(O)[C@]([H])(O)[C@@]2([H])NC(O)=N)CO)[H])O[C@@]2(O[C@@]([H])([C@]([H])(O)[C@@]([H])([C@]2(N=C(C)O)[H])O[C@@]2(O[C@@]([H])([C@]([H])(O)[C@]([H])(O[C@]3(O[C@@]([H])([C@]([H])(O)[C@]([H])(O)[C@@]3([H])O[C@@]3(O[C@@]([H])([C@]([H])(O)[C@@]([H])([C@]3(N=C(C)O)[H])O[C@@]3(O[C@@]([H])([C@]([H])(O)[C@]([H])(O[C@]4(O[C@@]([H])([C@]([H])(O)[C@]([H])(O)[C@@]4([H])O[C@@]4(O[C@@]([H])([C@]([H])(O)[C@@]([H])([C@]4(N=C(C)O)[H])O[C@@]4(O[C@@]([H])([C@]([H])(O)[C@]([H])(O[C@]5(O[C@@]([H])([C@]([H])(O)[C@]([H])(O)[C@@]5([H])O[C@@]5(O[C@@]([H])([C@]([H])(O)[C@@]([H])([C@]5(N=C(C)O)[H])O[C@@]5(O[C@@]([H])([C@]([H])(O)[C@]([H])(O[C@]6(O[C@@]([H])([C@]([H])(O)[C@]([H])(O)[C@@]6([H])O)CO[C@]6(O[C@@]([H])([C@]([H])(O)[C@]([H])(O)[C@@]6([H])O)CO)[H])[H])[C@]5(N=C(C)O)[H])CO)[H])CO[C@@]5(O[C@@]([H])([C@@]([H])(O)[C@]([H])(O)[C@@]5([H])NC(O)=N)CO)[H])[H])CO[C@]5(O[C@@]([H])([C@]([H])(O)[C@]([H])(O)[C@@]5([H])O)CO)[H])[H])[C@]4(N=C(C)O)[H])CO)[H])CO[C@@]4(O[C@@]([H])([C@@]([H])(O)[C@]([H])(O)[C@@]4([H])NC(O)=N)CO)[H])[H])CO[C@]4(O[C@@]([H])([C@]([H])(O)[C@]([H])(O)[C@@]4([H])O)CO)[H])[H])[C@]3(N=C(C)O)[H])CO)[H])CO[C@@]3(O[C@@]([H])([C@@]([H])(O)[C@]([H])(O)[C@@]3([H])NC(O)=N)CO)[H])[H])CO[C@]3(O[C@@]([H])([C@]([H])(O)[C@]([H])(O)[C@@]3([H])O)CO)[H])[H])[C@]2(N=C(C)O)[H])CO)[H])CO[C@@]2(O[C@@]([H])([C@@]([H])(O)[C@]([H])(O)[C@@]2([H])NC(O)=N)CO)[H])[H])CO)[H])CO)[H])CO[C@]2(O[C@@]([H])([C@]([H])(O)[C@]([H])(O)[C@@]2([H])O)CO)[H])[H])[H])[H])C(O)=O)[C@](OP(O)(O)=O)([H])[C@]([H])(OC(=O)C[C@@]([H])(CCCCCCCCCCC)OC(=O)CCCCCCCCCCCCC)[C@]1(N=C(O)C[C@@]([H])(CCCCCCCCCCC)OC(=O)CCCCCCCCCCC)[H])[H])[H])(O)(O)=O
ECMDB21090,Ra-LPS,C00338,11970143,[H][C@@](O)(CCCCCCCCCCC)CC(=O)O[C@@]1([H])[C@]([H])(O)[C@@]([H])(CO[C@]2([H])O[C@]([H])(CO[C@]3(O[C@]([H])([C@@]([H])(C)CO)[C@@]([H])(OC4([H])O[C@]([H])([C@@]([H])(C)CO)[C@@]([H])(OP(O)(=O)OP(O)(=O)OCCN)[C@]([H])(OC5([H])O[C@]([H])([C@@]([H])(C)COC6([H])O[C@]([H])([C@@]([H])(C)CO)[C@@]([H])(OP(O)(O)=O)[C@]([H])(O)[C@]6([H])O)[C@@]([H])(O)[C@]([H])(OC6([H])O[C@]([H])(CO[C@@]7([H])O[C@]([H])(CO)[C@]([H])(O)[C@]([H])(O)[C@@]7([H])O)[C@@]([H])(O)[C@]([H])(O[C@@]7([H])O[C@]([H])(CO)[C@]([H])(O)[C@]([H])(O)[C@@]7([H])OC7([H])O[C@]([H])(CO)[C@@]([H])(O)[C@]([H])(O)[C@@]7([H])O[C@]7([H])O[C@]([H])(CO)[C@@]([H])(O)[C@]([H])(O)[C@@]7([H])NC(O)=N)[C@@]6([H])O)[C@]5([H])O)[C@]4([H])O)[C@]([H])(O[C@]4(O[C@]([H])([C@@]([H])(C)CO)[C@@]([H])(O)[C@]([H])(O[C@]5(O[C@]([H])([C@@]([H])(C)CO)[C@@]([H])(O)[C@]([H])(OP(O)(=O)OCCN)[C@]5([H])O)C(O)=O)[C@]4([H])O)C(O)=O)[C@]3([H])O)C(O)=O)[C@@]([H])(OP(O)(O)=O)[C@]([H])(OC(=O)C[C@@]([H])(CCCCCCCCCCC)OC(=O)CCCCCCCCCCCCC)[C@@]2([H])N=C(O)C[C@@]([H])(CCCCCCCCCCC)OC(=O)CCCCCCCCCCC)O[C@]([H])(OP(O)(O)=O)[C@]1([H])N=C(O)C[C@]([H])(O)CCCCCCCCCCC
ECMDB21098,Lipid A,C13908,9877306,CCCCCCCCCCCCCC(=O)O[C@H](CCCCCCCCCCC)CC(=O)O[C@@H]1[C@@H](NC(=O)C[C@@H](CCCCCCCCCCC)OC(=O)CCCCCCCCCCC)[C@H](OC[C@H]2O[C@H](OP(O)(O)=O)[C@H](NC(=O)C[C@H](O)CCCCCCCCCCC)[C@@H](OC(=O)C[C@H](O)CCCCCCCCCCC)[C@@H]2O)O[C@H](CO)[C@H]1OP(O)(O)=O
ECMDB21100,"(R)-Propane-1,2-diol",C02912,259994,C[C@@H](O)CO
ECMDB21102,"(S)-Propane-1,2-diol",C02917,439846,C[C@H](O)CO
ECMDB21109,"1,2-Diacyl-sn-glycerol (ditetradecanoyl, n-C14:0)",C16667,,[H][C@](CO)(COC(=O)CCCCCCCCCCCCC)OC(=O)CCCCCCCCCCCCC
ECMDB21110,"1,4-alpha-D-glucan",C00718,,
ECMDB21129,1-hexadecanoyl-sn-glycerol 3-phosphate,C04036,,CCCCCCCCCCCCCCCC(=O)OCC(O)COP(O)(O)=O
ECMDB21134,"2',3'-Cyclic CMP",C02354,68934,NC1=NC(=O)N(C=C1)[C@@H]1O[C@H](CO)[C@H]2OP(O)(=O)O[C@@H]12
ECMDB21135,2(alpha-D-Mannosyl-6-phosphate)-D-glycerate,C16699,46906104,OCC(OC1OC(COP([O-])([O-])=O)C(O)C(O)C1O)C([O-])=O
ECMDB21136,"2,3,2'3'-Tetrakis(beta-hydroxymyristoyl)-D-glucosaminyl-1,6-beta-D-glucosamine 1,4'-bisphosphate",C04919,862,CCCCCCCCCCC[C@@H](O)CC(=O)N[C@H]1[C@@H](OP(O)(O)=O)O[C@H](CO[C@@H]2O[C@H](CO)[C@@H](OP(O)(O)=O)[C@H](OC(=O)C[C@H](O)CCCCCCCCCCC)[C@H]2NC(=O)C[C@H](O)CCCCCCCCCCC)[C@@H](O)[C@@H]1OC(=O)C[C@H](O)CCCCCCCCCCC
ECMDB21138,"2,3-Dihydroxybenzoylserine",C04204,25244759,[H][C@@](CO)(NC(=O)C1=C(O)C(O)=CC=C1)C(O)=O
ECMDB21153,2-Aminomalonate semialdehyde,C11822,25244138,N[C@@H](C=O)C(O)=O
ECMDB21155,2-Demethylmenaquinone 8,C05818,5376004,[H]\C(CC\C(C)=C(/[H])CC\C(C)=C(/[H])CC\C(C)=C(/[H])CC\C(C)=C(/[H])CC\C(C)=C(/[H])CC\C(C)=C(/[H])CC1=CC(=O)C2=CC=CC=C2C1=O)=C(\C)CCC=C(C)C
ECMDB21156,"2-Octaprenyl-3-methyl-5-hydroxy-6-methoxy-1,4-benzoquinol",C05815,50986110,[H]\C(CC\C(C)=C(/[H])CC\C(C)=C(/[H])CC\C(C)=C(/[H])CC\C(C)=C(/[H])CC\C(C)=C(/[H])CC\C(C)=C(/[H])CC1=C(C)C(O)C([O-])=C(OC)C1O)=C(\C)CCC=C(C)C
ECMDB21157,"2-Octaprenyl-3-methyl-6-methoxy-1,4-benzoquinol",C05814,49852330,[H]\C(CC\C(C)=C(/[H])CC\C(C)=C(/[H])CC\C(C)=C(/[H])CC\C(C)=C(/[H])CC\C(C)=C(/[H])CC\C(C)=C(/[H])CC1=C(C)C(O)C=C(OC)C1O)=C(\C)CCC=C(C)C
ECMDB21158,"2-Octaprenyl-6-methoxy-1,4-benzoquinol",,49852329,[H]OC1=C([H])C(=C(O[H])C(OC([H])([H])[H])=C1[H])C([H])([H])C(\[H])=C(/C([H])([H])[H])C([H])([H])C([H])([H])C(\[H])=C(/C([H])([H])[H])C([H])([H])C([H])([H])C(\[H])=C(/C([H])([H])[H])C([H])([H])C([H])([H])C(\[H])=C(/C([H])([H])[H])C([H])([H])C([H])([H])C(\[H])=C(/C([H])([H])[H])C([H])([H])C([H])([H])C(\[H])=C(/C([H])([H])[H])C([H])([H])C([H])([H])C(\[H])=C(/C([H])([H])[H])C([H])([H])C([H])([H])C([H])=C(C([H])([H])[H])C([H])([H])[H]
ECMDB21164,2-Oxepin-2(3H)-ylideneacetyl-CoA,C19975,53377481,O[C@H](C(C)(C)COP(=O)(O)OP(O)(=O)OC[C@H]1O[C@H]([C@H](O)[C@@H]1OP(O)(O)=O)N1C=NC2=C1N=CN=C2N)C(=O)NCCC(=O)NCCSC(=O)\C=C1\CC=CC=CO1
ECMDB21167,3-Aminoacrylate,C20253,46173135,N\C=C/C(O)=O
ECMDB21168,3-Hydroxypropanoate,C01013,5459847,OCCC(O)=O
ECMDB21169,3-Octaprenyl-4-hydroxybenzoate,C05809,54685638,CC(C)=CCC\C(C)=C\CC\C(C)=C\CC\C(C)=C\CC\C(C)=C\CC\C(C)=C\CC\C(C)=C\CC\C(C)=C\CC1=C(O)C=CC(=C1)C(O)=O
ECMDB21170,3-Oxooctadecanoyl-CoA,C16216,23724660,CCCCCCCCCCCCCCCC(=O)CC(=O)SCCNC(=O)CCNC(=O)[C@H](O)C(C)(C)COP([O-])(=O)OP([O-])(=O)OC[C@H]1O[C@H]([C@H](O)[C@@H]1OP(O)(O)=O)N1C=NC2=C1N=CN=C2N
ECMDB21171,3-Hydroxycinnamic acid,C12621,637541,OC(=O)\C=C\C1=CC=CC(O)=C1
ECMDB21172,"3-Oxo-5,6-dehydrosuberyl-CoA",C19945,56927776,[H][C@](O)(C(O)=NCCC(O)=NCCSC(=O)CC(=O)CC=CCC(O)=O)C(C)(C)COP(O)(=O)OP(O)(=O)OC[C@@]1([H])O[C@@]([H])(N2C=NC3=C(N)N=CN=C23)[C@]([H])(O)[C@]1([H])OP(O)(O)=O
ECMDB21174,5'-Deoxyadenosine,C05198,439182,C[C@H]1O[C@H]([C@H](O)[C@@H]1O)N1C=NC2=C(N)N=CN=C12
ECMDB21176,"5,10-Methenyltetrahydrofolate",C00445,644350,[H][C@@]12CN(C=[N+]1C1=C(NC2)N=C(N)NC1=O)C1=CC=C(C=C1)C(=O)N[C@@H](CCC(O)=O)C(O)=O
ECMDB21177,5-Amino-6-(5'-phosphoribitylamino)uracil,C04454,333,NC1=C(NCC(O)C(O)C(O)COP(O)(O)=O)NC(=O)NC1=O
ECMDB21179,6-Acetyl-D-glucose,C02655,439780,CC(=O)OC[C@H]1O[C@@H](O)[C@H](O)[C@@H](O)[C@@H]1O
ECMDB21180,"6-Carboxy-5,6,7,8-tetrahydropterin",C20239,44123380,NC1=NC2=C(NC(CN2)C(O)=O)C(=O)N1
ECMDB21181,6-Hydroxymethyl dihydropterin,C01300,218,NC1=NC2=C(N=C(CO)CN2)C(=O)N1
ECMDB21182,6-Hydroxymethyl-dihydropterin pyrophosphate,C04807,25244074,OP(=O)(OCC1=NC2=C(NC1)NC(=N)N=C2[O-])OP([O-])([O-])=O
ECMDB21183,7-Deaza-7-carboxyguanine,C20248,13344694,[H]OC(=O)C1=C([H])N([H])C2=C1C(=O)N=C(N([H])[H])N2[H]
ECMDB21184,Acetyl-maltose,C02130,188,[H][C@]1(O)[C@]([H])(O)[C@@]([H])(CO)O[C@]([H])(O[C@@]2([H])[C@]([H])(O)[C@@]([H])(O)[C@@]([H])(OC(C)=O)O[C@]2([H])CO)[C@]1([H])O
ECMDB21185,Aerobactin,C05554,123762,CC(=O)N(O)CCCC[C@H](NC(=O)CC(O)(CC(=O)N[C@@H](CCCCN(O)C(C)=O)C(O)=O)C(O)=O)C(O)=O
ECMDB21186,Ammonium,C01342,223,[NH4+]
ECMDB21194,Cadmium,C01413,23973,[Cd]
ECMDB21195,Calcium,C00076,5460341,[Ca++]
ECMDB21197,D-Allose 6-phosphate,C02962,208,OC1O[C@H](COP(O)(O)=O)[C@@H](O)[C@@H](O)[C@H]1O
ECMDB21198,D-Glucuronate 1-phosphate,C05385,439432,O[C@@H]1[C@@H](O)[C@@H](OP(O)(O)=O)O[C@@H]([C@H]1O)C(O)=O
ECMDB21199,"D-Glycero-D-manno-heptose 1,7-bisphosphate",C11472,443223,[H][C@@](O)(COP(O)(O)=O)[C@@]1([H])OC([H])(OP(O)(O)=O)[C@@]([H])(O)[C@@]([H])(O)[C@]1([H])O
ECMDB21200,D-Glycero-D-manno-heptose 1-phosphate,C07838,46878581,[H][C@@](O)(CO)[C@@]1([H])OC([H])(OP([O-])([O-])=O)[C@@]([H])(O)[C@@]([H])(O)[C@]1([H])O
ECMDB21201,D-Glycero-D-manno-heptose 7-phosphate,C19882,46878526,O[C@H](COP(O)(O)=O)[C@H]1OC(O)[C@@H](O)[C@@H](O)[C@@H]1O
ECMDB21203,D-Methionine,C00855,84815,CSCC[C@@H](N)C(O)=O
ECMDB21204,Decanoate (N-C10:0),C01571,4678093,CCCCCCCCCC([O-])=O
ECMDB21206,Dihydroneopterin monophosphate,C05925,25245170,[H][C@@](O)(COP(O)([O-])=O)[C@@]([H])(O)C1=NC2=C(NC1)NC(=N)N=C2[O-]
ECMDB21207,Dimethyl sulfide,C00580,1068,CSC
ECMDB21208,Dimethyl sulfoxide,C11143,679,CS(C)=O
ECMDB21209,Dodecanoate (N-C12:0),C02679,4149208,CCCCCCCCCCCC([O-])=O
ECMDB21211,E-3-Carboxy-2-pentenedioate 6-methyl ester,C11514,23615417,[H]\C(C([O-])=O)=C(\CC([O-])=O)C(=O)OC
ECMDB21212,Enterochelin,C05821,34231,OC1=CC=CC(C(=O)N[C@H]2COC(=O)[C@H](COC(=O)[C@H](COC2=O)NC(=O)C2=CC=CC(O)=C2O)NC(=O)C2=CC=CC(O)=C2O)=C1O
ECMDB21213,Fe(III)dicitrate,C06229,440954,[Fe].OC(O)CC(O)(CC(O)O)C(O)O.OC(O)CC(O)(CC(O)O)C(O)O
ECMDB21218,Ferrichrome,C06228,644251,CC(=O)N1CCCC2N=C(O)CN=C(O)CN=C(O)CN=C(O)C3CCCN(O[Fe](O1)ON(CCCC(N=C2O)C(O)=N3)C(C)=O)C(C)=O
ECMDB21219,GDP-4-Oxo-L-fucose,C05389,46173240,[H]O[C@@]1([H])[C@@]([H])(O[C@]([H])(C([H])([H])OP([O-])(=O)OP([O-])(=O)OC2([H])O[C@]([H])(C(=O)[C@@]([H])(O[H])[C@]2([H])O[H])C([H])([H])[H])[C@@]1([H])O[H])N1C([H])=NC2=C1N([H])C(=NC2=O)N([H])[H]
ECMDB21221,Glutathione disulfide,C00127,975,NC(CCC(=O)NC(CSSCC(NC(=O)CCC(N)C(O)=O)C(=O)NCC(O)=O)C(=O)NCC(O)=O)C(O)=O
ECMDB21222,Glycerol 2-phosphate,C02979,2526,OCC(CO)OP(O)(O)=O
ECMDB21223,Glycerophosphoglycerol,C03274,25202983,OCC(O)COP([O-])(=O)OCC(O)CO
ECMDB21225,Hydrogen ion,C00080,1038,[H+]
ECMDB21229,Hexanoate (N-C6:0),C01585,4398339,CCCCCC([O-])=O
ECMDB21231,Hydrogen cyanide,C01326,768,C#N
ECMDB21232,Hydrogen peroxide,C00027,784,OO
ECMDB21233,Isethionic acid,C05123,7866,OCCS(O)(=O)=O
ECMDB21235,KDO(2)-lipid IV(A),C06025,3083382,[H]OC(=O)[C@]1(OC([H])([H])[C@@]2([H])O[C@@]([H])(OC([H])([H])[C@@]3([H])O[C@]([H])(OP(=O)(O[H])O[H])[C@]([H])(N([H])C(=O)C([H])([H])[C@]([H])(O[H])C([H])([H])C([H])([H])C([H])([H])C([H])([H])C([H])([H])C([H])([H])C([H])([H])C([H])([H])C([H])([H])C([H])([H])C([H])([H])[H])[C@@]([H])(OC(=O)C([H])([H])[C@]([H])(O[H])C([H])([H])C([H])([H])C([H])([H])C([H])([H])C([H])([H])C([H])([H])C([H])([H])C([H])([H])C([H])([H])C([H])([H])C([H])([H])[H])[C@]3([H])O[H])[C@]([H])(N([H])C(=O)C([H])([H])[C@]([H])(O[H])C([H])([H])C([H])([H])C([H])([H])C([H])([H])C([H])([H])C([H])([H])C([H])([H])C([H])([H])C([H])([H])C([H])([H])C([H])([H])[H])[C@@]([H])(OC(=O)C([H])([H])[C@]([H])(O[H])C([H])([H])C([H])([H])C([H])([H])C([H])([H])C([H])([H])C([H])([H])C([H])([H])C([H])([H])C([H])([H])C([H])([H])C([H])([H])[H])[C@]2([H])OP(=O)(O[H])O[H])O[C@]([H])([C@]([H])(O[H])C([H])([H])O[H])[C@]([H])(O[H])[C@]([H])(O[C@]2(O[C@]([H])([C@]([H])(O[H])C([H])([H])O[H])[C@]([H])(O[H])[C@]([H])(O[H])C2([H])[H])C(=O)O[H])C1([H])[H]
ECMDB21236,KDO-lipid IV(A),C06024,819,CCCCCCCCCCC[C@@H](O)CC(=O)N[C@H]1[C@@H](OP(O)(O)=O)O[C@H](CO[C@@H]2O[C@H](CO[C@@]3(C[C@@H](O)[C@@H](O)[C@H](O3)[C@H](O)CO)C(O)=O)[C@@H](OP(O)(O)=O)[C@H](OC(=O)C[C@H](O)CCCCCCCCCCC)[C@H]2NC(=O)C[C@H](O)CCCCCCCCCCC)[C@@H](O)[C@@H]1OC(=O)C[C@H](O)CCCCCCCCCCC
ECMDB21238,L-Threonine O-3-phosphate,C12147,3246323,C[C@@H](OP(O)(O)=O)[C@H](N)C(O)=O
ECMDB21243,Maltohexaose,C01936,439606,OC[C@H]1O[C@H](O[C@H]2[C@H](O)[C@@H](O)[C@@H](O[C@H]3[C@H](O)[C@@H](O)[C@@H](O[C@H]4[C@H](O)[C@@H](O)[C@@H](O[C@H]5[C@H](O)[C@@H](O)[C@@H](O[C@H]6[C@H](O)[C@@H](O)C(O)O[C@@H]6CO)O[C@@H]5CO)O[C@@H]4CO)O[C@@H]3CO)O[C@@H]2CO)[C@H](O)[C@@H](O)[C@@H]1O
ECMDB21246,Molybdate,C06232,24621,O[Mo](O)(=O)=O
ECMDB21247,N-Acetyl-D-galactosamine 1-phosphate,C18060,49859685,[H]OC([H])([H])[C@@]1([H])O[C@]([H])(OP([O-])([O-])=O)[C@]([H])(N([H])C(=O)C([H])([H])[H])[C@@]([H])(O[H])[C@@]1([H])O[H]
ECMDB21251,N-Acetylanthranilate,C06332,6971,CC(=O)NC1=CC=CC=C1C(O)=O
ECMDB21252,N-Methyltryptophan,C02983,914,CNC(CC1=CNC2=CC=CC=C12)C(O)=O
ECMDB21254,N8-Acetylspermidine,C01029,123689,CC(=O)NCCCCNCCCN
ECMDB21255,Nitrous oxide,C00887,948,[O-][N+]#N
ECMDB21261,Oxamate,C01444,974,NC(=O)C(O)=O
ECMDB21264,"P1,P4-Bis(5'-guanosyl) tetraphosphate",C01261,165186,NC1=NC2=C(N=CN2[C@@H]2O[C@H](COP(O)(=O)OP(O)(=O)OP(O)(=O)OP(O)(=O)OC[C@H]3O[C@H]([C@H](O)[C@@H]3O)N3C=NC4=C3N=C(N)NC4=O)[C@@H](O)[C@H]2O)C(=O)N1
ECMDB21275,Peroxyaminoacrylate,C20249,46173085,N\C=C/C(=O)OO
ECMDB21276,Phosphotyrosine,C06501,30819,N[C@@H](CC1=CC=C(OP(O)(O)=O)C=C1)C(O)=O
ECMDB21277,Propanal,C00479,527,CCC=O
ECMDB21278,Quinate,C00296,28414,O[C@@H]1C[C@@](O)(C[C@@H](O)[C@H]1O)C(O)=O
ECMDB21279,Reduced riboflavin,C01007,11245895,CC1=C(C)C=C2N(C[C@H](O)[C@H](O)[C@H](O)CO)C3=C(NC2=C1)C(=O)NC(=O)N3
ECMDB21282,S-Adenosyl-4-methylthio-2-oxobutanoate,C04425,440336,C[S+](CCC(=O)C(O)=O)C[C@H]1O[C@H]([C@H](O)[C@@H]1O)N1C=NC2=C1N=CN=C2N
ECMDB21283,Selenodiglutathione,C18870,108069,N[C@@H](CCC(=O)N[C@@H](CS[Se]SC[C@H](NC(=O)CC[C@H](N)C(O)=O)C(=O)NCC(O)=O)C(=O)NCC(O)=O)C(O)=O
ECMDB21284,Stearoyl-CoA,C00412,439229,CCCCCCCCCCCCCCCCCC(=O)SCCNC(=O)CCNC(=O)C(O)C(C)(C)COP(O)(=O)OP(O)(=O)OC[C@H]1O[C@H]([C@H](O)[C@@H]1OP(O)(O)=O)N1C=NC2=C1N=CN=C2N
ECMDB21285,Superoxide anion,C00704,5359597,[O][O-]
ECMDB21289,Thiocyanate,C01755,781,[S-]C#N
ECMDB21292,UDP-3-O-(3-Hydroxytetradecanoyl)-D-glucosamine,C06022,25244806,[H][C@@](O)(CCCCCCCCCCC)CC(=O)O[C@]1([H])[C@@]([H])(N)[C@@]([H])(OP(O)(=O)OP(O)(=O)OC[C@@]2([H])O[C@@]([H])(N3C=CC([O-])=NC3=O)[C@]([H])(O)[C@]2([H])O)O[C@]([H])(CO)[C@@]1([H])O
ECMDB21293,UDP-4-Keto-pyranose,C16155,25244748,[H][C@]1(COP([O-])(=O)OP(O)(=O)O[C@@]2([H])OCC(=O)[C@]([H])(O)[C@@]2([H])O)OC([H])(N2C=CC([O-])=NC2=O)[C@]([H])(O)[C@]1([H])O
ECMDB21294,UDP-N-Acetyl-D-mannosaminouronate,C06240,25246192,[H][C@]1(COP(O)(=O)OP(O)(=O)O[C@@]2([H])O[C@]([H])(C([O-])=O)[C@@]([H])(O)[C@]([H])(O)[C@]2([H])N=C(C)[O-])O[C@@]([H])(N2C=CC([O-])=NC2=O)[C@]([H])(O)[C@]1([H])O
ECMDB21296,Ubiquinone-8,C17569,5283546,COC1=C(OC)C(=O)C(C\C=C(/C)CC\C=C(/C)CC\C=C(/C)CC\C=C(/C)CC\C=C(/C)CC\C=C(/C)CC\C=C(/C)CCC=C(C)C)=C(C)C1=O
ECMDB21299,Ureidoacrylate peracid,C20231,46173244,NC(=O)N\C=C/C(=O)OO
ECMDB21307,Adenylated molybdopterin,C19848,25245677,NC1=NC2=C(NC3C(N2)OC(COP(O)(=O)OP(O)(=O)OCC2OC(C(O)C2O)N2C=NC4=C2N=CN=C4N)C(S)=C3S)C(=O)N1
ECMDB21309,Arsenite,C06697,544,O[As](O)O
ECMDB21320,"Cis-3-(3-carboxyethyl)-3,5-cyclohexadiene-1,2-diol",C11588,9543127,[H]O[C@]1([H])C([H])=C([H])C([H])=C(C([H])([H])C([H])([H])C([O-])=O)[C@]1([H])O[H]
ECMDB21321,Crotonobetaine,C04114,5462194,[H]\C(=C(\[H])C([H])([H])[N+](C([H])([H])[H])(C([H])([H])[H])C([H])([H])[H])C([O-])=O
ECMDB21326,dADP,C00206,188966,NC1=NC=NC2=C1N=CN2C1C[C@H](O)[C@@H](COP(O)(=O)OP(O)(O)=O)O1
ECMDB21327,dTDP-4-Dehydro-6-deoxy-L-mannose,C00688,685,[H][C@]1(O)C[C@@]([H])(O[C@]1([H])COP(O)(=O)OP(O)(=O)OC1([H])O[C@@]([H])(C)C(=O)[C@@]([H])(O)[C@@]1([H])O)N1C=C(C)C(O)=NC1=O
ECMDB21330,Ethanesulfonate,,5284360,CN(C)C(=O)COC(=O)CC1=CC=C(OC(=O)C2=CC=C(NC(N)=N)C=C2)C=C1
ECMDB21333,Ferroxamine,C07597,123851,[Fe+3].CC(=O)N([O-])CCCCCN=C(O)CCC(=O)N([O-])CCCCCN=C(O)CCC(=O)N([O-])CCCCCN
ECMDB21336,gamma-Butyrobetaine,C01181,725,C[N+](C)(C)CCCC([O-])=O
ECMDB21337,gamma-Glutamyl-gamma-butyraldehyde,C15700,45479698,NC(CCC(=O)CCNCC=O)C(O)=O
ECMDB21338,gamma-Hydroxybutyrate,C01991,10413,OCCCC(O)=O
ECMDB21341,Glycogen,C00182,439177,OC[C@H]1O[C@H](OC[C@H]2O[C@H](O[C@H]3[C@H](O)[C@@H](O)[C@@H](O)O[C@@H]3CO)[C@H](O)[C@@H](O)[C@@H]2O[C@H]2O[C@H](CO)[C@@H](O)[C@H](O)[C@H]2O)[C@H](O)[C@@H](O)[C@@H]1O
ECMDB21344,Methanesulfonate,C11145,5284360,CS([O-])(=O)=O
ECMDB21347,Octadecanoate (N-C18:0),C01530,3033836,CCCCCCCCCCCCCCCCCC([O-])=O
ECMDB21349,p-Cresol,C01468,2879,CC1=CC=C(O)C=C1
ECMDB21355,Selenite,C05684,1090,[O-][Se]([O-])=O
ECMDB21357,Sn-Glycero-3-phospho-1-inositol,C01225,6857358,OC[C@@H](O)COP(O)(=O)O[C@H]1[C@H](O)[C@@H](O)[C@H](O)[C@@H](O)[C@H]1O
ECMDB21358,Sulfoacetate,C14179,31257,OC(=O)CS(O)(=O)=O
ECMDB21359,Sulfur dioxide,C09306,1119,O=S=O
ECMDB21363,Trans-Octadec-2-enoyl-CoA,C16218,23724662,CCCCCCCCCCCCCCC\C=C\C(=O)SCCNC(=O)CCNC(=O)[C@@](O)([H])C(C)(C)COP(=O)(O)OP(=O)(O)OC[C@H]1O[C@H](C(O)[C@H]1OP(=O)(O)O)N1C=NC2=C1N=CN=C2N
ECMDB21364,undecaprenyl phosphate-4-amino-4-deoxy-L-arabinose,C16157,44229076,N[C@H]1CO[C@@H](OP(=O)(O)OC\C=C(\C)CC\C=C(\C)CC\C=C(\C)CC\C=C(\C)CC\C=C(\C)CC\C=C(\C)CC\C=C(\C)CC\C=C(\C)CC\C=C(/C)CC\C=C(/C)CCC=C(C)C)[C@H](O)[C@H]1O
ECMDB21366,Uridine 5''-diphospho-{beta}-4-deoxy-4-amino-L-arabinose,C16153,25201108,[H][C@]1(COP(O)(=O)OP(O)(=O)O[C@@]2([H])OC[C@]([H])(N)[C@]([H])(O)[C@@]2([H])O)O[C@@]([H])(N2C=CC([O-])=NC2=O)[C@]([H])(O)[C@]1([H])O
ECMDB21367,Uridine 5''-diphospho-{beta}-4-deoxy-4-formamido-L-arabinose,C16154,25245185,[H][C@]1(COP(O)(=O)OP(O)(=O)O[C@@]2([H])OC[C@]([H])(N=C[O-])[C@]([H])(O)[C@@]2([H])O)OC([H])(N2C=CC([O-])=NC2=O)[C@]([H])(O)[C@]1([H])O
ECMDB21368,"(2R,4S)-2-Methyl-2,3,3,4-tetrahydroxytetrahydrofuran",,448719,CC1(O)OCC(O)C1(O)O
ECMDB21372,Ferric enterobactin,C06230,440956,[Fe].OC1OCC(N=C(O)C2=C(O)C(O)=CC=C2)C(O)OCC(N=C(O)C2=C(O)C(O)=CC=C2)C(O)OCC1N=C(O)C1=C(O)C(O)=CC=C1
ECMDB21375,L-Galactonate,C15930,44229140,[H][C@](O)(CO)[C@@]([H])(O)[C@@]([H])(O)[C@]([H])(O)C([O-])=O
ECMDB21376,L-Idonate,C00770,604,[H][C@](O)(CO)[C@@]([H])(O)[C@]([H])(O)[C@@]([H])(O)C(O)=O
ECMDB21377,S-Methylmethionine,C03172,5255805,[H][C@](N)(CC[S+](C)C)C([O-])=O
ECMDB21379,Ectoine,C06231,126041,CC1=NCCC(N1)C(O)=O
ECMDB21380,Inorganic phosphate,C00009,1061,OP(O)(O)=O
ECMDB21382,Methyl-beta-D-galactoside,C03619,,CO[C@@H]1O[C@H](CO)[C@H](O)[C@H](O)[C@H]1O
ECMDB21384,Stachydrine,C10172,115244,C[N+]1(C)CCC[C@H]1C([O-])=O
ECMDB21385,Pipecolic acid,C00408,849,OC(=O)C1CCCCN1
ECMDB21386,Cyanocobalamin,C02823,5462245,OC[C@H]1O[C@@H]([C@H](O)[C@@H]1OP(O)(=O)O[C@]([H])(C)CNC(=O)CC[C@]1(C)[C@@H](CC(=O)N)[C@@]2([H])N([Co]C#N)\C1=C(C)/C1=N/C(=C\C3=N\C(=C(C)/C4=N[C@]2(C)[C@@](C)(CC(=O)N)[C@@H]4CCC(=O)N)\[C@@](C)(CC(=O)N)[C@@H]3CCC(=O)N)/C(C)(C)[C@@H]1CCC(=O)N)N1C=NC2=CC(C)=C(C)C=C12
ECMDB21387,Deoxycholic acid,C04483,440355,[H][C@@]12CC[C@H]([C@H](C)CCC(O)=O)[C@@]1(C)[C@@H](O)C[C@@]1([H])[C@@]2([H])CC[C@]2([H])C[C@H](O)CC[C@]12C
ECMDB21388,Pseudouridine,C02067,15047,OC[C@H]1O[C@H]([C@H](O)[C@@H]1O)C1=CNC(=O)NC1=O
ECMDB21389,Ribothymidine,,445408,CC1=CN([C@@H]2O[C@H](CO)[C@@H](O)[C@H]2O)C(=O)NC1=O
ECMDB21390,Molybdenum,C00150,23932,[Mo++]
ECMDB21391,Nickel,C00291,935,[Ni++]
ECMDB21392,Pyrimidine,C00396,9260,C1=CN=CN=C1
ECMDB21393,Lithium,C15473,28486,[Li+]
ECMDB21394,Arsenate,C01478,27401,O[As](O)(O)=O
ECMDB21395,Fe3+,C14819,23925,[Fe+3]
ECMDB21396,Urocanic acid,C00785,1178,OC(=O)\C=C\C1=CNC=N1
ECMDB21397,Citraconic acid,C02226,874,C\C(=C\C(O)=O)C(O)=O
ECMDB21399,Azelaic acid,C08261,2266,OC(=O)CCCCCCCC(O)=O
ECMDB21400,Pterin,C00715,73000,NC1=NC2=NC=CN=C2C(=O)N1
ECMDB21401,N-Acetyl-L-aspartic acid,C01042,65065,CC(=O)N[C@@H](CC(O)=O)C(O)=O
ECMDB21402,Isobutyryl-CoA,C00630,3036931,CC(C)C(=O)SCCNC(=O)CCNC(=O)[C@H](O)C(C)(C)COP(O)(=O)OP(O)(=O)OC[C@H]1O[C@H]([C@H](O)[C@@H]1OP(O)(O)=O)N1C=NC2=C1N=CN=C2N
ECMDB21403,2-Aminoisobutyric acid,C03665,6119,CC(C)(N)C(O)=O
ECMDB21404,"2,4-Diaminobutyric acid",C03283,470,NCCC(N)C(O)=O
ECMDB21405,Diethanolamine,C06772,8113,OCCNCCO
ECMDB21406,2-Mercapto-1-methylimidazole,C07190,1349907,CN1C=CNC1=S
ECMDB21408,Isobutylamine,C02787,6558,CC(C)CN
ECMDB21409,Methyl sulfate,C02704,6412,COS(O)(=O)=O
ECMDB21410,Nicotinamide hypoxanthine dinucleotide,C04423,440334,OC1C(COP(O)(=O)OP(O)(=O)OCC2OC(C(O)C2O)[N+]2=CC=CC(=C2)C(O)=N)OC(C1O)N1C=NC2=C1N=CN=C2O
ECMDB21411,Triethanolamine,C06771,7618,OCCN(CCO)CCO
ECMDB21413,Cytidine monophosphate N-acetylneuraminic acid,C00128,316,[H][C@@](O)(CO)[C@@]([H])(O)[C@]1([H])O[C@](C[C@]([H])(O)[C@@]1([H])NC(C)=O)(OP(O)(=O)OC[C@@]1([H])O[C@@]([H])(N2C=CC(N)=NC2=O)[C@]([H])(O)[C@]1([H])O)C(O)=O
ECMDB21417,O-Phosphoethanolamine,C00346,1015,NCCOP(O)(O)=O
ECMDB21418,3-Hydroxybutyric acid,C01089,441,CC(O)CC(O)=O
ECMDB21419,2-Phosphoglyceric acid,,59,OCC(OP(O)(O)=O)C(O)=O
ECMDB21420,4-Deoxyerythronic acid,,250402,C[C@@H](O)[C@@H](O)C(O)=O
ECMDB21421,Ribitol,C00474,827,OC[C@H](O)[C@H](O)[C@H](O)CO
ECMDB21422,Cinnamic acid,C10438,444539,OC(=O)\C=C/C1=CC=CC=C1
ECMDB21423,Elaidic acid,C00712,965,CCCCCCCC\C=C/CCCCCCCC(O)=O
ECMDB21424,Cholic acid,C00695,221493,[H][C@@](C)(CCC(O)=O)[C@@]1([H])CC[C@@]2([H])[C@]3([H])C([H])(O)C[C@]4([H])C[C@]([H])(O)CC[C@]4(C)[C@@]3([H])C[C@]([H])(O)[C@]12C
ECMDB21425,Glutaric acid,C00489,743,OC(=O)CCCC(O)=O
ECMDB21426,Phenyllactic acid,C05607,643327,OC(CC1=CC=CC=C1)C(O)=O
ECMDB21427,Myristic acid,C06424,11005,CCCCCCCCCCCCCC(O)=O
ECMDB21428,Stearic acid,C01530,5281,CCCCCCCCCCCCCCCCCC(O)=O
ECMDB21429,N-Acetylglutamic acid,C00624,185,CC(=O)NC(CCC(O)=O)C(O)=O
ECMDB21430,Aminomalonic acid,C00872,100714,NC(C(O)=O)C(O)=O
ECMDB21431,Diadenosine triphosphate,C06197,165381,NC1=C2N=CN([C@H]3O[C@@H](COP(O)(=O)OP(O)(=O)OP(O)(=O)OC[C@H]4O[C@H]([C@H](O)[C@@H]4O)N4C=NC5=C(N)N=CN=C45)[C@H](O)[C@@H]3O)C2=NC=N1
ECMDB21433,Adenosine tetraphosphate,C03483,14003,NC1=NC=NC2=C1N=CN2[C@@H]1O[C@H](COP(O)(=O)OP(O)(=O)OP(O)(=O)OP(O)(O)=O)[C@@H](O)[C@H]1O
ECMDB21434,Mannitol 1-phosphate,C00644,130418,OC[C@@H](O)[C@@H](O)[C@H](O)[C@H](O)COP(O)(O)=O
ECMDB21436,L-Arabitol,C00532,439255,OC[C@H](O)C(O)[C@@H](O)CO
ECMDB21437,Salicylic acid,C00805,338,OC(=O)C1=CC=CC=C1O
ECMDB21438,Ubiquinone-1,C00399,4462,COC1=C(OC)C(=O)C(CC=C(C)C)=C(C)C1=O
ECMDB21439,Imidazolelactic acid,C05132,459122,OC(CN1C=CN=C1)C(O)=O
ECMDB21440,Galactonolactone,C03383,151006,O[C@@H]1COC(=O)[C@H](O)[C@@H](O)[C@H]1O
ECMDB21442,Palmitoleic acid,C08362,445638,CCCCCC\C=C/CCCCCCCC(O)=O
ECMDB21443,Vaccenic acid,C08367,5282760,CCCCCC\C=C/CCCCCCCCCC(O)=O
ECMDB21444,Hydroxylamine,C00192,787,NO
ECMDB21445,Pectic acid,C00470,445929,O[C@H]1O[C@@H]([C@H](O)[C@H](O)[C@H]1O)C(O)=O
ECMDB21446,Diacetyl,C00741,650,CC(=O)C(C)=O
ECMDB21447,2-Heptanone,C08380,8051,CCCCCC(C)=O
ECMDB21448,Phosphonoacetate,C05682,546,OC(=O)CP(O)(O)=O
ECMDB21449,Selenophosphate,C05172,1092,OP(O)([O-])=[Se]
ECMDB21452,Dihydroneopterin phosphate,C05925,,NC1=NC2=C(N=C(CN2)[C@H](O)[C@H](O)COP(O)(O)=O)C(=O)N1
ECMDB21456,7-Aminomethyl-7-carbaguanine,C16675,171,NCC1=CNC2=C1C(=O)NC(N)=N2
ECMDB21457,4-Hydroxybenzyl alcohol,C17467,125,OCC1=CC=C(O)C=C1
ECMDB21461,Pyrroloquinoline quinone,C00113,0,OC(=O)C1=CC2=C(N1)C1=C(N=C(C=C1C(O)=O)C(O)=O)C(=O)C2=O
ECMDB21480,"2,3-Dihydroxyisovaleric acid",C04039,677,CC(C)(O)C(O)C(O)=O
ECMDB21485,"2-Amino-4-hydroxy-6-hydroxymethyl-7,8-dihydropteridine",C01300,218,NC1=NC2=C(N=C(CO)CN2)C(=O)N1
ECMDB21486,2-Ethylmalate,C02488,439736,CCC(O)(CC(O)=O)C(O)=O
ECMDB21497,4-Amino-4-deoxy-L-arabinose,C16153,17756769,[H][C@]1(COP(O)(=O)OP(O)(=O)O[C@@]2([H])OC[C@]([H])(N)[C@]([H])(O)[C@@]2([H])O)O[C@@]([H])(N2C=CC(O)=NC2=O)[C@]([H])(O)[C@]1([H])O
ECMDB21504,"6-Phospho-beta-D-glucosyl-(1,4)-D-glucose",C04534,440376,[H][C@@]1(O)O[C@]([H])(CO)[C@@]([H])(O[C@]2([H])O[C@]([H])(COP(O)(O)=O)[C@@]([H])(O)[C@]([H])(O)[C@@]2([H])O)[C@]([H])(O)[C@@]1([H])O
ECMDB21506,Margaric acid,,10465,CCCCCCCCCCCCCCCCC(O)=O
ECMDB21515,"D-Myo-inositol 1,2,4,5,6-pentakisphosphate",C04563,439468,[H]C1(O)[C@]([H])(OP(O)(O)=O)[C@@]([H])(OP(O)(O)=O)C([H])(OP(O)(O)=O)[C@@]([H])(OP(O)(O)=O)[C@]1([H])OP(O)(O)=O
ECMDB21519,D-Threonine,C00820,90624,C[C@@H](O)[C@@H](N)C(O)=O
ECMDB21520,D-Tyrosine,C06420,71098,N[C@H](CC1=CC=C(O)C=C1)C(O)=O
ECMDB21526,Deoxycytidine 5'-phosphate,C03495,210911,Cl.CC(N)CC1=CC=C(I)C=C1
ECMDB21527,Deoxycytidine 5'-triphosphate,C00458,625,NC1=NC(=O)N(C=C1)[C@H]1C[C@@H](O)[C@H](CO[P@@](O)(=O)O[P@](O)(=O)OP(O)(O)=O)O1
ECMDB21538,Heptadecenoic acid,C16536,5282747,[H]\C(CCCCCCCCCCCCCC)=C(\[H])C(O)=O
ECMDB21542,Imidazole pyruvate,C03277,794,OC(=O)C(=O)CC1=CN=CN1
ECMDB21543,Indolepyruvate,C00331,5460337,[O-]C(=O)C(=O)CC1=CNC2=C1C=CC=C2
ECMDB21544,Isomaltose,C00252,439193,OC[C@H]1O[C@H](OC[C@H]2OC(O)[C@H](O)[C@@H](O)[C@@H]2O)[C@H](O)[C@@H](O)[C@@H]1O
ECMDB21549,L-Histidinal,C01929,25244065,[NH3+]C(CC1=CN=CN1)C=O
ECMDB21550,Menadiol,C07126,10209,CC1=C(O)C2=CC=CC=C2C(O)=C1
ECMDB21551,Menaquinol 6,C05819,6441040,[H]\C(CC\C(C)=C(/[H])CC\C(C)=C(/[H])CC\C(C)=C(/[H])CC\C(C)=C(/[H])CC1=C(O)C2=CC=CC=C2C(O)=C1C)=C(\C)CCC=C(C)C
ECMDB21561,N-Acetylglucosamine,C00140,439174,CC(=O)N[C@H]1C(O)O[C@H](CO)[C@@H](O)[C@@H]1O
ECMDB21568,Precorrin-1,C15527,25245954,C[C@]1(CC(O)=O)[C@H](CCC(O)=O)C2=N\C1=C/C1=C(CC(O)=O)C(CCC(O)=O)=C(CC3=C(CCC(O)=O)C(CC(O)=O)=C(CC4=C(CCC(O)=O)C(CC(O)=O)=C(C2)N4)N3)N1
ECMDB21573,Thioglycolate,C02086,16197111,OC(=O)CS
ECMDB21575,Ubiquinol-2,C00390,5280344,
ECMDB21581,Ubiquinone-2,C00399,5280346,COC1=C(OC)C(=O)C(C\C=C(/C)CCC=C(C)C)=C(C)C1=O
ECMDB21583,Ubiquinone-9,C01967,5280473,COC1=C(OC)C(=O)C(C\C=C(/C)CC\C=C(/C)CC\C=C(/C)CC\C=C(/C)CC\C=C(/C)CC\C=C(/C)CC\C=C(/C)CC\C=C(/C)CCC=C(C)C)=C(C)C1=O
ECMDB21640,"(4S)-4,5-Dihydroxypentan-2,3-dione",C11838,11170991,CC(=O)C(=O)[C@@H](O)CO
ECMDB21641,(R)-Methylmalonyl-CoA,C01213,439439,[H][C@@](C)(C(O)=O)C(=O)SCCN=C(O)CCN=C(O)[C@]([H])(O)C(C)(C)COP(O)(=O)OP(O)(=O)OC[C@@]1([H])O[C@@]([H])(N2C=NC3=C(N)N=CN=C23)[C@]([H])(O)[C@]1([H])OP(O)(O)=O
ECMDB21642,(S)-3-Hydroxybutanoyl-CoA,C01144,439419,[H][C@@](C)(O)CC(=O)SCCN=C(O)CCN=C(O)[C@]([H])(O)C(C)(C)COP(O)(=O)OP(O)(=O)OC[C@@]1([H])O[C@@]([H])(N2C=NC3=C(N)N=CN=C23)[C@]([H])(O)[C@]1([H])OP(O)(O)=O
ECMDB21644,2-Dehydro-3-deoxy-L-rhamnonate,C03979,49852300,[H][C@@](C)(O)[C@]([H])(O)CC(=O)C(O)=O
ECMDB21645,3-Phospho-D-glycerate,C00197,439183,O[C@H](COP(O)(O)=O)C(O)=O
ECMDB21646,Aldehyde,C00071,6449839,O[C@@H](CCCC(O)=O)\C=C/C=C/C=C/[C@H](O)C\C=C/CCCCC=O
ECMDB21648,Chitin,C00461,453624,CC(=O)NC1[C@H](O)OC(CO)[C@@H](COC[C@@H]2OC(CO)[C@@H](COC[C@@H]3OC(CO)[C@@H](O)[C@H](O)C3NC(C)=O)[C@H](O)C2NC(C)=O)[C@@H]1O
ECMDB21649,Cystathionine,C00542,834,NC(CCSCC(N)C(O)=O)C(O)=O
ECMDB21651,Dextrin,C00721,62698,OC[C@H]1OC(O[C@H]2[C@H](O)[C@@H](O)C(O[C@H]3[C@H](O)[C@@H](O)[C@@H](O)O[C@@H]3CO)O[C@@H]2CO)[C@H](O)[C@@H](O)[C@@H]1O
ECMDB21652,Ferricytochrome c,C00125,439171,CC(CC\C=C(/C)COC1OC(COC2OC(CO)C(O)C(O)C2O)C(O)C(O)C1O)C1CCC2(C)C3CC=C4C(CCC(O)C4(C)C)C3(C)C(=O)CC12C
ECMDB21653,Galactan,C05796,20758205,[H][C@@]1(O)[C@]([H])(O)[C@]([H])(O[C@@]2([H])O[C@@]([H])(CO)[C@]([H])(O[C@@]3([H])O[C@@]([H])(CO)[C@]([H])(OC)[C@]([H])(O)[C@@]3([H])O)[C@@]([H])(O)[C@@]2([H])O)[C@]([H])(CO)O[C@]1([H])OC
ECMDB21656,Phosphatidylglycerophosphate,C03892,46873832,[H][C@](O)(COP(O)(O)=O)COP(O)(=O)OC[C@@]([H])(COC=O)OC=O
ECMDB21659,Retinal,C00376,1070,C\C(\C=C\C=C(/C)\C=C\C1=C(C)CCCC1(C)C)=C/C=O
ECMDB21660,Retinol,C00473,445354,C\C(=C/CO)\C=C\C=C(/C)\C=C\C1=C(C)CCCC1(C)C
ECMDB21661,Tetrahydrofolyl-[Glu](2),C09332,442163,NC1=NC2=C(NC(CNC3=CC=C(C=C3)C(=O)NC(CCC(=O)NC(CCC(O)=O)C(O)=O)C(O)=O)CN2)C(=O)N1
ECMDB21662,alpha-D-Glucosamine 1-phosphate,C06156,25243931,N[C@@H]1[C@@H](O)[C@H](O)[C@@H](CO)O[C@@H]1OP(O)(O)=O
ECMDB21663,beta-D-Fructose 2-phosphate,C03267,717,OC[C@H]1O[C@@](CO)(OP(O)(O)=O)[C@@H](O)[C@@H]1O
ECMDB21665,"Meso-2,6-Diaminoheptanedioate",C00680,99290,[H][C@](N)(CCC[C@@]([H])(N)C(O)=O)C(O)=O
ECMDB23001,superoxide,C00704,5359597,[O]O
ECMDB23003,Cu(+),C00070,27099,[Cu+]
ECMDB23004,CO,C00237,281,
ECMDB23011,2-O-(6-Phospho-alpha-D-mannosyl)-D-glycerate,C16699,24892815,OC[C@@H](O[C@H]1O[C@H](COP(O)(O)=O)[C@@H](O)[C@H](O)[C@@H]1O)C(O)=O
ECMDB23012,2(alpha-D-mannosyl)-3-phosphoglycerate,C11516,,[H]C(COP(O)(O)=O)(O[C@@]1([H])O[C@]([H])(CO)[C@@]([H])(O)[C@]([H])(O)[C@]1([H])O)C(O)=O
ECMDB23016,5-amino-6-(D-ribitylamino)uracil,C04732,,NC1=C(NC[C@H](O)[C@H](O)[C@H](O)CO)NC(=O)NC1=O
ECMDB23020,5-carboxyamino-1-(5-phospho-D-ribosyl)imidazole,C15667,,[H][C@]1(COP(O)(O)=O)O[C@@]([H])(N2C=NC=C2NC(O)=O)[C@]([H])(O)[C@]1([H])O
ECMDB23024,GlcNAc-(1->4)-Mur2Ac(oyl-L-Ala-gamma-D-Glu-L-Lys-D-Ala-D-Ala)-diphosphoundecaprenol,C05893,46173749,NCCCC[C@H](NC(=O)CC[C@@H](NC(=O)[C@H](C)NC(=O)[C@@H](C)O[C@H]1[C@H](O[C@@H]2O[C@H](CO)[C@@H](O)[C@H](O)[C@H]2NC(C)=O)[C@@H](CO)O[C@H](OP(O)(=O)OP(O)(=O)OC\C=C(\C)CC\C=C(\C)CC\C=C(\C)CC\C=C(\C)CC\C=C(\C)CC\C=C(\C)CC\C=C(\C)CC\C=C(\C)CC\C=C(/C)CC\C=C(/C)CCC=C(C)C)[C@@H]1NC(C)=O)C(O)=O)C(=O)N[C@H](C)C(=O)N[C@H](C)C(O)=O
ECMDB23026,2-(Formamido)-N(1)-(5-phospho-D-ribosyl)acetamidine,C04640,22833657,O[C@H]1[C@@H](O)C(NC(=N)CNC=O)O[C@@H]1COP(O)(O)=O
ECMDB23028,lipoate,C00725,864,OC(=O)CCCCC1CCSS1
ECMDB23032,(E)-3-(Methoxycarbonyl)pent-2-enedioate,C11514,,COC(=O)C(\CC(O)=O)=C\C(O)=O
ECMDB23038,D-glycero-beta-D-manno-heptose 7-phosphate,C07836,,[H][C@@](O)(COP(O)(O)=O)[C@@]1([H])O[C@@]([H])(O)[C@@]([H])(O)[C@@]([H])(O)[C@]1([H])O
ECMDB23042,N-Acetyl-L-methionine,C02712,448580,[H][C@@](CCSC)(NC(C)=O)C(O)=O
ECMDB23046,N-Acetyl-5-glutamyl phosphate,C04133,440236,CC(O)=NC(CCC(=O)OP(O)(O)=O)C(O)=O
ECMDB23052,"(2R,3S)-2-Hydroxybutane-1,2,3-tricarboxylate",C02225,,[H][C@@](C)(C(O)=O)[C@](O)(CC(O)=O)C(O)=O
ECMDB23055,4-methyl-5-(2-hydroxyethyl)thiazole,C04294,1136,CC1=C(CCO)SC=N1
ECMDB23060,Quinone,C15602,4650,O=C1C=CC(=O)C=C1
ECMDB23064,Alpha-D-glucose 6-phosphate,C00668,,O[C@H]1O[C@H](COP(O)(O)=O)[C@@H](O)[C@H](O)[C@H]1O
ECMDB23065,L-Tagatose-6-phosphate,C06312,,[H][C@@]1(O)[C@]([H])(COP(O)(O)=O)OC(O)(CO)[C@]1([H])O
ECMDB23075,L-Rhamnonate,C01934,,[H][C@@](C)(O)[C@]([H])(O)[C@@]([H])(O)[C@@]([H])(O)C(O)=O
ECMDB23077,L-Rhamnose,C00507,25310,[H][C@@](C)(O)[C@]([H])(O)[C@@]([H])(O)[C@@]([H])(O)C=O
ECMDB23078,beta-L-Rhamnose,C02338,439730,C[C@@H]1O[C@H](O)[C@H](O)[C@H](O)[C@H]1O
ECMDB23081,2-Dehydro-3-deoxy-D-galactonate 6-phosphate,C01286,,OC(COP([O-])([O-])=O)C(O)CC(=O)C([O-])=O
ECMDB23090,4-amino-5-phosphonooxymethyl-2-methylpyrimidine,C04556,,CC1=NC=C(COP(O)(O)=O)C(=N)N1
ECMDB23093,"2,3-bis(3-Hydroxytetradecanoyl)-D-glucosaminyl-1,6-beta-D-2,3-bis(3-hydroxytetradecanoyl)-beta-D-glucosaminyl 1-phosphate",C04932,,CCCCCCCCCCC[C@@H](O)CC(=O)N[C@H]1[C@H](OC[C@H]2O[C@H](OP(O)(O)=O)[C@H](NC(=O)C[C@H](O)CCCCCCCCCCC)[C@@H](OC(=O)C[C@H](O)CCCCCCCCCCC)[C@@H]2O)O[C@H](CO)[C@@H](O)[C@@H]1OC(=O)C[C@H](O)CCCCCCCCCCC
ECMDB23094,"N-Acetyl-D-glucosaminyldiphospho-di-trans,octa-cis-undecaprenol",C01289,,OC[C@@]1([H])O[C@]([H])(OP(O)(=O)OP(O)(=O)OC\C([H])=C(\C)CC\C([H])=C(\C)CC\C([H])=C(\C)CC\C([H])=C(\C)CC\C([H])=C(\C)CC\C([H])=C(\C)CC\C([H])=C(\C)CC\C([H])=C(\C)CC\C([H])=C(/C)CC\C([H])=C(/C)CCC=C(C)C)[C@]([H])(N=C(C)O)[C@](O)([H])[C@@]1(O)[H]
ECMDB23097,vitamin B12,C05776,,[Co+3].CC(CNC(=O)CCC1(C)C(CC(N)=O)C2[N-]\C1=C(C)/C1=N/C(=C\C3=N\C(=C(C)/C4=NC2(C)C(C)(CC(N)=O)C4CCC(N)=O)\C(C)(CC(N)=O)C3CCC(N)=O)/C(C)(C)C1CCC(N)=O)OP([O-])(=O)OC1C(CO)OC(C1O)N1C=NC2=C1C=C(C)C(C)=C2
ECMDB23100,"4-Amino-4-deoxy-alpha-L-arabinopyranosyl di-trans,octa-cis-undecaprenyl phosphate",C16156,,OC=N[C@@]1([H])CO[C@@]([H])(OP(O)(=O)OC\C([H])=C(\C)CC\C([H])=C(\C)CC\C([H])=C(\C)CC\C([H])=C(\C)CC\C([H])=C(\C)CC\C([H])=C(\C)CC\C([H])=C(\C)CC\C([H])=C(\C)CC\C([H])=C(/C)CC\C([H])=C(/C)CCC=C(C)C)[C@@](O)([H])[C@]1(O)[H]
ECMDB23102,S-Carboxymethyl-L-cysteine,C03727,193653,N[C@@H](CSCC(O)=O)C(O)=O
ECMDB23105,(Z)-2-Methyl-ureidoacrylate peracid,C20232,56927741,[H]\C(NC(O)=N)=C(/C)C(=O)OO
ECMDB23106,(S)-1-pyrroline-5-carboxylate,C03912,,[H][C@]1(CCC=N1)C(O)=O
ECMDB23108,"5-Hydroxy-2-oxo-4-ureido-2,5-dihydro-1H-imidazole-5-carboxylate",C12248,443736,NC(=O)NC1=NC(=O)NC1(O)C(O)=O
ECMDB23110,5-Hydroxyisourate,C11821,250388,OC12NC(=O)N=C1NC(=O)NC2=O
ECMDB23112,"2-C-Methyl-D-erythritol 2,4-cyclodiphosphate",C11453,,[H][C@@]1(O)COP(O)(=O)OP(O)(=O)O[C@@]1(C)CO
ECMDB23116,L-Methionine (R)-S-oxide,C15998,,C[S@@](=O)CC[C@H](N)C(O)=O
ECMDB23117,L-methionine (S)-S-oxide,C15999,847,[H]C([H])([H])[S@](=O)C([H])([H])C([H])([H])[C@@]([H])(C([O-])=O)[N+]([H])([H])[H]
ECMDB23121,"L-3,4-Dihydroxybutan-2-one 4-phosphate",C15556,,CC(=O)[C@@H](O)COP(O)(O)=O
ECMDB23122,1-Deoxy-L-glycero-tetrulose 4-phosphate,C15556,669,CC(=O)C(O)COP(O)(O)=O
ECMDB23125,(Z)-2-Methyl-peroxyaminoacrylate,C20250,56927732,[H]\C(N)=C(/C)C(=O)OO
ECMDB23126,2-Methyl-3-oxopropanoate,C00349,296,CC(C=O)C(O)=O
ECMDB23127,(Z)-3-Ureidoacrylate,C20254,,[H]\C(NC(O)=N)=C(/[H])C(O)=O
ECMDB23135,Ferrocytochrome c,C00126,439171,CCCCC
ECMDB23137,Geranyl diphosphate,C00341,445995,[H]\C(COP(=O)(OC\C([H])=C(/C)CCC=C(C)C)OP(=O)(OC\C([H])=C(/C)CCC=C(C)C)OC\C([H])=C(/C)CCC=C(C)C)=C(\C)CCC=C(C)C
ECMDB23140,glycerol-3-phosphate,C03189,439162,OCC(O)COP(O)(O)=O
ECMDB23141,3-phospho-D-glyceroyl phosphate,C00236,,O[C@H](COP(O)(O)=O)C(=O)OP(O)(O)=O
ECMDB23143,"6-Methoxy-3-methyl-2-all-trans-hexaprenyl-1,4-benzoquinol",C19859,,COC1=CC(O)=C(C)C(CC=C(C)CCC=C(C)CCC=C(C)CCC=C(C)CCC=C(C)CCC=C(C)C)=C1O
ECMDB23144,"2-methoxy-6-(all-trans-hexaprenyl)-1,4-benzoquinol",C19858,,COC1=CC(O)=CC(CC=C(C)CCC=C(C)CCC=C(C)CCC=C(C)CCC=C(C)CCC=C(C)C)=C1O
ECMDB23145,"UDP-N-Acetylmuramoyl-L-alanyl-D-gamma-glutamyl-meso-2,6-diamino-heptanedioate",C04877,53297336,C[C@@H](NC(=O)[C@@H](C)O[C@H]1[C@H](O)[C@@H](CO)O[C@H](OP(O)(=O)OP(O)(=O)OC[C@H]2O[C@H]([C@H](O)[C@@H]2O)N2C=CC(=O)NC2=O)[C@@H]1NC(C)=O)C(=O)NC(CCC(=O)N[C@@H](CCC[C@@H](N)C(O)=O)C(O)=O)C(O)=O
ECMDB23150,(3Z)-Dodec-3-enoyl-CoA,C02944,16061154,CCCCCCCC\C=C/CC(=O)SCCNC(=O)CCNC(=O)[C@H](O)C(C)(C)COP(O)(=O)OP(O)(=O)OC[C@H]1O[C@H](C(O)[C@H]1OP(O)(O)=O)N1C=NC2=C(N)N=CN=C12
ECMDB23154,5-methyltetrahydropteroyltri-L-glutamate,C04489,16722111,CN1[C@@H](CNC2=CC=C(C=C2)C(=O)N[C@@H](CCC(=O)N[C@@H](CCC(=O)N[C@@H](CCC(O)=O)C(O)=O)C(O)=O)C(O)=O)CNC2=C1C(=O)N=C(N)N2
ECMDB23155,2-iminoacetate,C15809,,OC(=O)C=N
ECMDB23158,"3-Oxo-5,6-dehydrosuberyl-CoA semialdehyde",C19946,56928138,O=CC\C([H])=C(\[H])CC(=O)CC(=O)SCCN=C(O)CCN=C(O)[C@@](O)([H])C(C)(C)COP(O)(=O)OP(O)(=O)OC[C@@]1([H])O[C@@]([H])(N2C=NC3=C(N)N=CN=C23)[C@@](O)([H])[C@]1([H])OP(O)(O)=O
ECMDB23159,"2-(1,2-Epoxy-1,2-dihydrophenyl)acetyl-CoA",C20062,46926194,[H][C@](O)(C(O)=NCCC(O)=NCCSC(=O)CC12OC1([H])C=CC=C2)C(C)(C)COP(O)(=O)OP(O)(=O)OC[C@@]1([H])O[C@@]([H])(N2C=NC3=C(N)N=CN=C23)[C@]([H])(O)[C@]1([H])OP(O)(O)=O
ECMDB23160,tetrahydropteroyltri-L-glutamate,C04144,16722112,NC1=NC(=O)C2=C(NC[C@H](CNC3=CC=C(C=C3)C(=O)N[C@@H](CCC(=O)N[C@@H](CCC(=O)N[C@@H](CCC(O)=O)C(O)=O)C(O)=O)C(O)=O)N2)N1
ECMDB23162,(3S)-Citryl-CoA,C00566,,[H]C(O)(C(O)=NCCC(O)=NCCSC(=O)CC(O)(CC(O)=O)C(O)=O)C(C)(C)COP(O)(=O)OP(O)(=O)OC[C@@]1([H])O[C@@]([H])(N2C=NC3=C(N)N=CN=C23)[C@]([H])(O)[C@]1([H])OP(O)(O)=O
ECMDB23163,"2,3-dehydroadipyl-CoA",C14144,,O[C@H](C(C)(C)COP(=O)(O)OP(O)(=O)OC[C@H]1O[C@H]([C@H](O)[C@@H]1OP(O)(O)=O)N1C=NC2=C1N=CN=C2N)C(=O)NCCC(=O)NCCSC(=O)\C=C\CCC(O)=O
ECMDB23166,malonyl-CoA methyl ester,C19673,46926156,COC(=O)CC(=O)SCCNC(=O)CCNC(=O)[C@H](O)C(C)(C)COP(O)(=O)OP(O)(=O)OC[C@H]1O[C@H]([C@H](O)[C@@H]1OP(O)(O)=O)N1C=NC2=C1N=CN=C2N
ECMDB23167,"3-Alpha,7-alpha,12-alpha-trihydroxy-5-beta-cholanate",C00695,,[H][C@@](C)(CCC(O)=O)[C@@]1([H])CC[C@@]2([H])[C@]3([H])[C@]([H])(O)C[C@]4([H])C[C@]([H])(O)CC[C@]4(C)[C@@]3([H])C[C@]([H])(O)[C@]12C
ECMDB23169,3'-dephospho-CoA,C00882,439335,CC(C)(COP(O)(=O)OP(O)(=O)OC[C@H]1O[C@H]([C@H](O)[C@@H]1O)N1C=NC2=C1N=CN=C2N)[C@@H](O)C(=O)NCCC(=O)NCCS
ECMDB23170,"(6S)-6-beta-hydroxy-1,4,5,6-tetrahydronicotinamide-adenine dinucleotide",C04856,,[H][C@]1(COP(O)(=O)OP(O)(=O)OC[C@@]2([H])O[C@@]([H])(N3C=C(CC[C@]3([H])O)C(O)=N)[C@]([H])(O)[C@]2([H])O)O[C@@]([H])(N2C=NC3=C(N)N=CN=C23)[C@]([H])(O)[C@]1([H])O
ECMDB23172,curcumin,C10443,,COC1=CC(\C=C\C(=O)CC(=O)\C=C\C2=CC(OC)=C(O)C=C2)=CC=C1O
ECMDB23177,"Cyclic di-3',5'-guanylate",C16463,,[H][C@@]12COP(O)(=O)O[C@]3([H])[C@@]([H])(COP(O)(=O)O[C@@]1([H])[C@@]([H])(O)[C@@]([H])(O2)N1C=NC2=C1NC(=N)N=C2O)O[C@@]([H])(N1C=NC2=C1NC(=N)N=C2O)[C@]3([H])O
ECMDB23187,FMNH(2),C01847,445395,[H][C@@](O)(COP(O)(O)=O)[C@@]([H])(O)[C@@]([H])(O)CN1C2=C(NC3=C1N=C([O-])N=C3[O-])C=C(C)C(C)=C2
ECMDB23199,UDP-4-Deoxy-4-formamido-beta-L-arabinose,C16154,,[H][C@]1(COP(O)(=O)OP(O)(=O)O[C@@]2([H])OC[C@]([H])(N=CO)[C@]([H])(O)[C@@]2([H])O)O[C@@]([H])(N2C=CC(O)=NC2=O)[C@]([H])(O)[C@]1([H])O
ECMDB23201,Quercetin,C00389,5280343,OC1=CC2=C(C(O)=C1)C(=O)C(O)=C(O2)C1=CC=C(O)C(O)=C1
ECMDB23205,"2-(3,4-dihydroxybenzoyloxy)-4,6-dihydroxybenzoate",C04524,,OC(=O)C1=C(O)C=C(O)C=C1OC(=O)C1=CC(O)=C(O)C=C1
ECMDB23216,pantotheine 4'-phosphate,C01134,987,CC(C)(COP(O)(O)=O)C(O)C(=O)NCCC(=O)NCCS
ECMDB23217,N-Acetyl-alpha-neuraminate,C19909,444885,[H][C@]1(O[C@](O)(C[C@H](O)[C@H]1NC(C)=O)C(O)=O)[C@H](O)[C@H](O)CO
ECMDB23218,N-acetylneuraminate,C00270,445063,[H][C@]1(OC(O)(C[C@H](O)[C@H]1NC(C)=O)C(O)=O)[C@H](O)[C@H](O)CO
ECMDB23220,"1,6-Anhydro-N-acetyl-beta-muramate",C19769,,[H]OC(=O)[C@]([H])(O[C@@]1([H])[C@]([H])(O[H])[C@]2([H])O[C@@]([H])(OC2([H])[H])[C@]1([H])N([H])C(=O)C([H])([H])[H])C([H])([H])[H]
ECMDB23222,NMN,C00455,14180,[H][C@]1(COP(O)(O)=O)O[C@@]([H])([N+]2=CC=CC(=C2)C(O)=N)[C@]([H])(O)[C@]1([H])O
ECMDB23225,CMP,C19010,6131,CCOP(=S)(OCC)SCSC1=C(Cl)C=CC(Cl)=C1
ECMDB23233,8-oxo-dGTP,C19967,53481005,[H][C@]1(O)C[C@@]([H])(O[C@]1([H])COP(O)(=O)OP(O)(=O)OP(O)(O)=O)N1C(O)=NC2=C1NC(=N)N=C2O
ECMDB23234,8-oxo-dGMP,C19968,447903,[H][C@]1(O)C[C@@]([H])(O[C@]1([H])COP(O)(O)=O)N1C(O)=NC2=C1NC(=N)N=C2O
ECMDB23236,molybdenum cofactor,C05924,23304237,O.O.[Mo++].OC1=NC(=N)NC2=C1NC1C(N2)OC(COP(O)(O)=O)C(S)=C1S
ECMDB23238,Purine nucleoside,C15586,248425,[H][C@]1(CO)O[C@@]([H])(N2C=NC3=CN=CN=C23)[C@]([H])(O)[C@]1([H])O
ECMDB23240,"2,3-bis((3R)-3-hydroxymyristoyl)-beta-D-glucosaminyl 1-phosphate",C04824,,CCCCCCCCCCC[C@@H](O)CC(=O)N[C@H]1[C@@H](OP(O)(O)=O)O[C@H](CO)[C@@H](O)[C@@H]1OC(=O)C[C@H](O)CCCCCCCCCCC
ECMDB23727,D-Arabinose,C00216,66308,OC[C@@H](O)[C@@H](O)[C@H](O)C=O
ECMDB23737,Halide,C00462,,CC(C)=CCC\C(CC(O)=O)=C/C(=O)SCCNC(=O)CCNC(=O)[C@H](O)C(C)(C)COP(O)(=O)OP(O)(=O)OC[C@H]1O[C@H]([C@H](O)[C@@H]1OP(O)(O)=O)N1C=NC2=C1N=CN=C2N
ECMDB23739,"Adenosyl cobyrinate a,c diamide",C06506,,[Co++].[H]C1([CH2])OC([H])(N2C=NC3=C(N)N=CN=C23)C([H])(O)C1([H])O.[H]C1(CCC(O)=O)\C2=C\C3=N\C(=C(C)\C4=NC([H])(C([H])(CC(O)=O)C4(C)CCC(O)=O)C4(C)N\C(=C(C)/C(=N2)C1(C)CC([NH-])=O)C([H])(CCC(O)=O)C4(C)CC(O)=N)\C([H])(CCC(O)=O)C3(C)C
ECMDB23740,2-Aminobut-2-enoate,C17234,,C\C=C(/N)C(O)=O
ECMDB23741,Glycolate,C00160,,OCC(O)=O
ECMDB23742,Carboxylate,C00060,,BrCCBr
ECMDB23749,Thioredoxin,C00342,,C[N+](C)(C)[C@@H](CC1=CNC(S)=N1)C(O)=O
ECMDB23756,4-Hydroxy-3-polyprenylbenzoate,C05848,,CC(C)=CCC\C(C)=C\CC1=CC(=CC=C1O)C(O)=O
ECMDB23762,Alkanesulfonate,C15521,,COC1=CC(=O)C(C)=C(C\C=C(/C)CCC=C(C)C)C1=O
ECMDB23769,Lauroyl-KDO2-lipid IV(A),C06251,,[H][C@@](O)(CCCCCCCCCCC)CC(=O)O[C@@]1([H])[C@]([H])(O)[C@@]([H])(CO[C@]2([H])O[C@]([H])(CO[C@@]3(C[C@@]([H])(O[C@@]4(C[C@@]([H])(O)[C@@]([H])(O)[C@]([H])(O4)[C@]([H])(O)CO)C(O)=O)[C@@]([H])(O)[C@]([H])(O3)[C@]([H])(O)CO)C(O)=O)[C@@]([H])(OP(O)(O)=O)[C@]([H])(OC(=O)C[C@]([H])(O)CCCCCCCCCCC)[C@@]2([H])N=C(O)C[C@@]([H])(CCCCCCCCCCC)OC(=O)CCCCCCCCCCC)O[C@]([H])(OP(O)(O)=O)[C@]1([H])N=C(O)C[C@]([H])(O)CCCCCCCCCCC
ECMDB23775,3-Amino-2-oxopropyl phosphate,C11638,,NCC(=O)COP(O)(O)=O
ECMDB23777,L-Lysyl-tRNA,C01931,,O.O.[Mo++].[H]C1(COP(O)([O-])=O)OC2([H])NC3=C(NC2([H])C(S)=C1S)C([O-])=NC(=N)N3
ECMDB23778,"(2S,4S)-4-Hydroxy-2,3,4,5-tetrahydrodipicolinate",C20258,,OC1CC(N=C(C1)C([O-])=O)C([O-])=O
ECMDB23780,L-Histidyl-tRNA(His),C02988,,[Co++].[H]C1(CCC(O)=O)\C2=C\C3=N\C(=C(C)\C4=NC([H])(C([H])(CC(O)=O)C4(C)CCC(O)=O)C4(C)N\C(=C(C)/C(=N2)C1(C)CC([NH-])=O)C([H])(CCC(O)=O)C4(C)CC(O)=N)\C([H])(CCC(O)=O)C3(C)C
ECMDB23782,L-Glutamyl-tRNA(Glu),C02987,,N[C@@H](C[C@@H](O)C(O)=O)C(O)=O
ECMDB23785,Enzyme N6-(dihydrolipoyl)lysine,C15973,,OC\C=C\Cl
ECMDB24000,Dihydrolipoylprotein,C02972,,CN1CC(=O)NC1=O
ECMDB23788,Selenate,C05697,,O[Se](O)(=O)=O
ECMDB23790,L-Alanyl-tRNA,C00886,,O[C@H]1[C@H](O)[C@@H](COP(O)(O)=O)O[C@H](OP(O)(O)=O)[C@H]1O
ECMDB23792,Molybdoenzyme molybdenum cofactor,C18237,,O.O.[Mo++].[H]C1(COP(O)([O-])=O)OC2([H])NC3=C(NC2([H])C(S)=C1S)C([O-])=NC(=N)N3
ECMDB23793,3-Oxoacyl-CoA,C00264,,C[C@H](C(=O)C(O)=O)C1=CC=CC=C1
ECMDB23796,L-Threonylcarbamoyladenylate,C20641,,[H][C@](C)(O)[C@]([H])(N=C(O)OP(O)(=O)OC[C@@]1([H])O[C@@]([H])(N2C=NC3=C(N)N=CN=C23)[C@]([H])(O)[C@]1([H])O)C(O)=O
ECMDB23797,L-Valyl-tRNA(Val),C02554,,[Co++].[H]C1([CH2])OC([H])(N2C=NC3=C(N)N=CN=C23)C([H])(O)C1([H])O.[H]C1(CCC([NH-])=O)\C2=C\C3=N\C(=C(C)\C4=NC([H])(C([H])(CC(O)=N)C4(C)CCC(O)=O)C4(C)N\C(=C(C)/C(=N2)C1(C)CC(O)=N)C([H])(CCC(O)=N)C4(C)CC(O)=N)\C([H])(CCC(O)=N)C3(C)C
ECMDB23798,Glufosinate,C05042,,[H]P(O)(=O)CC[C@H](N)C(O)=O
ECMDB23800,L-Prolyl-tRNA(Pro),C02702,,CN(CC(O)=O)C(O)=N
ECMDB23803,Pimeloyl-[acyl-carrier protein],C19845,,OC(=O)C1=CN=C(O)C=C1
ECMDB23804,L-Tyrosyl-tRNA(Tyr),C02839,,OC[C@@H](O)[C@H]1O[C@H](OP(O)(O)=O)[C@@H](O)[C@@H](O)[C@@H]1O
ECMDB23811,L-Gulonate,C00800,,OC[C@H](O)[C@@H](O)[C@H](O)[C@H](O)C(O)=O
ECMDB23813,2-Polyprenylphenol,C05807,,CC(C)=CCC\C(C)=C\CC1=C(O)C=CC=C1
ECMDB23816,D-Tagaturonate,C00558,,OCC(=O)C(O)C(O)C(O)C([O-])=O
ECMDB23820,Demethylmenaquinol,C19847,,CC(C)=CCC\C(C)=C\CC1=C(O)C2=CC=CC=C2C(O)=C1
ECMDB23821,4-Hydroxybutanoic acid,C00989,,OCCCC(O)=O
ECMDB23825,"2-[(2R,5Z)-2-Carboxy-4-methylthiazol-5(2H)-ylidene]ethyl phosphate",C20246,,CC1=N[C@H](S\C1=C/COP(O)(O)=O)C(O)=O
ECMDB23826,Purine deoxyribonucleoside,C20463,,OC[C@H]1O[C@H](C[C@@H]1O)N1C=NC2=C1N=CN=C2
ECMDB23829,Polyphosphate,C00404,,OP(O)(=O)OP(O)(=O)OP(O)(O)=O
ECMDB23832,Phenol,C15584,,OC1=CC=CC=C1
ECMDB23833,beta-D-Glucuronoside,C03033,,O[C@@H]1[C@@H](O)[C@H](O[C@@H]2[C@@H](O)[C@H](O)[C@H](O[C@H]2OC2=CC(O)=C3C(=O)C=C(OC3=C2)C2=CC(O)=C(O[C@@H]3O[C@@H]([C@@H](O)[C@H](O)[C@H]3O)C(O)=O)C=C2)C(O)=O)O[C@@H]([C@H]1O)C(O)=O
ECMDB23834,Pectin,C00714,,[H][C@](O)(CO)[C@@]([H])(O)[C@]([H])(O)C(=O)C(O)=O
ECMDB23835,N-Acetylphosphinothricin,C17952,,CC(=O)N[C@@H](CCP(C)(O)=O)C(O)=O
ECMDB23836,Sorbitol 6-phosphate,C01096,,OC[C@H](O)[C@@H](O)[C@H](O)[C@H](O)COP(O)(O)=O
ECMDB23839,"3,4-Dihydroxy-L-phenylalanine",C00355,,N[C@@H](CC1=CC(O)=C(O)C=C1)C(O)=O
ECMDB23840,"alpha-D-Ribose 1,2-cyclic phosphate 5-phosphate",C20440,,O[C@@H]1[C@@H](COP(O)(O)=O)O[C@@H]2OP(O)(=O)O[C@H]12
ECMDB23841,(S)-Lactaldehyde,C00424,,[H]C(=O)C(C)O
ECMDB24002,Benzyl alcohol,C00556,,OCC1=CC=CC=C1
ECMDB23843,Methane,C01438,,C
ECMDB23844,Lipid IIA,C19884,,CCCCCCCCCCC[C@@H](O)CC(=O)N[C@H]1[C@@H](OP(O)(=O)O[C@H]2OC[C@H](N)[C@H](O)[C@H]2O)O[C@H](CO[C@@H]2O[C@H](CO)[C@@H](OP(O)(O)=O)[C@H](OC(=O)C[C@H](O)CCCCCCCCCCC)[C@H]2NC(=O)C[C@H](O)CCCCCCCCCCC)[C@@H](O)[C@@H]1OC(=O)C[C@H](O)CCCCCCCCCCC
ECMDB23845,alpha-D-Ribose 1-methylphosphonate 5-triphosphate,C20422,,CP(O)(=O)O[C@H]1O[C@H](COP(O)(=O)OP(O)(=O)OP(O)(O)=O)[C@@H](O)[C@H]1O
ECMDB23846,alpha-D-Ribose 1-methylphosphonate 5-phosphate,C20423,,CP(O)(=O)O[C@H]1O[C@H](COP(O)(O)=O)[C@@H](O)[C@H]1O
ECMDB24003,"N,N-Dimethylglycine",C01026,,CN(C)CC(O)=O
ECMDB23848,(E)-4-(Trimethylammonio)but-2-enoyl-CoA,C20748,,[H]\C(C[N+](C)(C)C)=C(\[H])C(=O)SCCN=C(O)CCN=C(O)[C@@](O)([H])C(C)(C)COP(=O)(O)OP(O)(=O)OC[C@@]1([H])O[C@@]([H])(N2C=NC3=C(N)N=CN=C23)[C@@](O)([H])[C@]1([H])OP(=O)(O)O
ECMDB23854,Phosphoprotein,C00562,,CC(C)[C@@H]1CC[C@@H](C)C[C@@H]1O
ECMDB23855,Protein tyrosine,C00585,,CCCCC[C@H](O)\C=C\[C@H]1[C@H](O)CC(=O)[C@@H]1C\C=C/CCCC(O)=O
ECMDB23858,N-Acyl-D-mannosamine,C00625,,OC1=CC(O)=C2C(=O)C(OS(O)(=O)=O)=C(OC2=C1)C1=CC=C(O)C(O)=C1
ECMDB23860,"trans-2,3-Dehydroacyl-CoA",C00658,,OC(C#N)C1=CC=C(O)C=C1
ECMDB23862,3-Oxoacyl-[acyl-carrier protein],C00685,,OC[C@H](O)CC(=O)C(O)=O
ECMDB23864,tRNA(Tyr),C00787,,O[C@@H]1CC(=O)C2=C(C1)C=C(O)C=C2O
ECMDB23866,Ribonucleoside,C00911,,NC1=C2N=CN([C@@H]3O[C@H](COP(O)(=O)O[C@@H]4[C@@H](COP(O)(=O)O[C@@H]5[C@@H](CO)O[C@H]([C@@H]5O)N5C=NC6=C(N)N=CN=C56)O[C@H]([C@@H]4O)N4C=NC5=C(N)N=CN=C45)[C@@H](O)[C@H]3O)C2=NC=N1
ECMDB23867,Sugar phosphate,C00934,,COC1=CC(\C=C/C(=O)OCC[N+](C)(C)C)=CC(OC)=C1O
ECMDB23868,Aromatic oxo acid,C00972,,CC(=C)[C@@H]1CC=C(C)[C@@H](O)C1
ECMDB23869,alpha-D-Aldose 1-phosphate,C00991,,OC1=CC=C(C=C1)C1=CN2C(=O)C(CC3=CC=CC=C3)=NC2=C(CC2=CC=CC=C2)N1
ECMDB23870,Aromatic amino acid,C01021,,NC(CC1=CNC2=C1C=C(O)C=C2)C(O)=O
ECMDB23871,Orthophosphoric monoester,C01153,,OC1CCCCC1=O
ECMDB23873,Phospholipid olefinic fatty acid,C01229,,N[C@H]1[C@H](O)[C@@H](O)[C@H](O)[C@@H](O)[C@@H]1O
ECMDB23874,"2',3'-Cyclic nucleotide",C01240,,CC(=O)N[C@H]1[C@H](N)O[C@H](CO)[C@@H](O)[C@@H]1O
ECMDB23875,(3R)-3-Hydroxyacyl-[acyl-carrier protein],C01271,,COC1=CC2=C(C(O)=C1)C(=O)C(OC)=C(O2)C1=CC(O)=C(O)C=C1
ECMDB23876,Ketone,C01450,,COC1=CC=CC=C1
ECMDB23877,Secondary alcohol,C01612,,[H][C@](N)(CC1=CC=C(OC)C=C1)C(=O)N[C@]1([H])[C@@]([H])(CO)O[C@@]([H])(N2C=NC3=C(N=CN=C23)N(C)C)[C@]1([H])O
ECMDB23878,tRNA(Ala),C01635,,O[C@@H]1CO[C@@H](O[C@@H]2COC(O)[C@H](O)[C@H]2O)[C@H](O)[C@H]1O
ECMDB23897,beta-Lactam,C01866,,CCN(=O)=O
ECMDB23898,L-Ornithine,C00077,,NCCC[C@H](N)C(O)=O
ECMDB23899,Fe2+,C14818,,[Fe++]
ECMDB23900,L-Carnitine,C00318,,C[N+](C)(C)C[C@H](O)CC([O-])=O
ECMDB23901,4-Trimethylammoniobutanoyl-CoA,C20749,,CC(C)(COP(O)(=O)OP(O)(=O)OC[C@H]1O[C@H]([C@H](O)[C@@H]1OP(O)(O)=O)N1C=NC2=C1N=CN=C2N)[C@@H](O)C(=O)NCCC(=O)NCCSC(=O)CCC[N+](C)(C)C
ECMDB23903,"dTDP-4-acetamido-4,6-dideoxy-alpha-D-galactose",C20415,,C[C@H]1O[C@H](OP(O)(=O)OP(O)(=O)OC[C@H]2O[C@H](C[C@@H]2O)N2C=C(C)C(=O)NC2=O)[C@H](O)[C@@H](O)[C@H]1NC(C)=O
ECMDB23904,Aryl sulfate,C00850,,OS(=O)(=O)OC1=CC=CC=C1
ECMDB23905,2-Hydroxy-3-oxopropane-1-sulfonate,C20798,,OC(CS(O)(=O)=O)C=O
ECMDB23906,6-Deoxy-6-sulfo-D-fructose 1-phosphate,C20831,,O[C@H]1[C@H](O)C(O)(COP(O)(O)=O)O[C@@H]1CS(O)(=O)=O
ECMDB23907,Sulfoquinovose,C20829,,OC1O[C@H](CS(O)(=O)=O)[C@@H](O)[C@H](O)[C@H]1O
ECMDB23908,6-Deoxy-6-sulfo-D-fructose,C20830,,OCC1(O)O[C@H](CS(O)(=O)=O)[C@@H](O)[C@@H]1O
ECMDB23909,2-Iminobutanoate,C20905,,CCC(=N)C([O-])=O
ECMDB23914,Nickel(2+),C19609,,[Ni++]
ECMDB23932,"Alkane-alpha,omega-diamine",C03687,,NCN
ECMDB23933,N-Acetyldiamine,C02297,,CC(=O)NCN
ECMDB23934,2-Iminopropanoate,C20904,,CC(=N)C([O-])=O
ECMDB23937,alpha-Kdo-(2->4)-alpha-Kdo-(2->6)-[4-P-L-Ara4N]-lipid A,C19890,,CCCCCCCCCCCCCC(=O)O[C@H](CCCCCCCCCCC)CC(=O)O[C@@H]1[C@@H](NC(=O)C[C@@H](CCCCCCCCCCC)OC(=O)CCCCCCCCCCC)[C@H](OC[C@H]2O[C@H](OP(O)(O)=O)[C@H](NC(=O)C[C@H](O)CCCCCCCCCCC)[C@@H](OC(=O)C[C@H](O)CCCCCCCCCCC)[C@@H]2O)O[C@H](CO[C@@]2(C[C@@H](O[C@@]3(C[C@@H](O)[C@@H](O)[C@H](O3)[C@H](O)CO)C(O)=O)[C@@H](O)[C@H](O2)[C@H](O)CO)C(O)=O)[C@H]1OP(O)(=O)O[C@H]1OC[C@H](N)[C@H](O)[C@H]1O
ECMDB23940,(9Z)-Hexadec-9-enoyl-KDO2-lipid IV(A),C20933,,CCCCCCCCCCC[C@@H](O)CC(=O)N[C@H]1[C@@H](OP(O)(O)=O)O[C@H](CO[C@@H]2O[C@H](CO[C@@]3(C[C@@H](O[C@@]4(C[C@@H](O)[C@@H](O)[C@H](O4)[C@H](O)CO)C(O)=O)[C@@H](O)[C@H](O3)[C@H](O)CO)C(O)=O)[C@@H](OP(O)(O)=O)[C@H](OC(=O)C[C@H](O)CCCCCCCCCCC)[C@H]2NC(=O)C[C@@H](CCCCCCCCCCC)OC(=O)CCCCCCC\C=C/CCCCCC)[C@@H](O)[C@@H]1OC(=O)C[C@H](O)CCCCCCCCCCC
ECMDB23941,Arsenate ion,C11215,,[O-][As]([O-])([O-])=O
ECMDB23945,alpha-L-Fucopyranose,C20835,,C[C@@H]1O[C@@H](O)[C@@H](O)[C@H](O)[C@@H]1O
ECMDB23946,beta-L-Fucopyranose,C20836,,C[C@@H]1O[C@H](O)[C@@H](O)[C@H](O)[C@@H]1O
ECMDB23947,"2,3-Diaminopropanoate",C06393,,NCC(N)C(O)=O
ECMDB23956,"(6S)-6beta-Hydroxy-1,4,5,6-tetrahydronicotinamide-adenine dinucleotide phosphate",C04899,,[H][C@]1(COP(O)(=O)OP(O)(=O)OC[C@@]2([H])O[C@@]([H])(N3C=NC4=C(N)N=CN=C34)[C@]([H])(OP(O)(O)=O)[C@]2([H])O)O[C@@]([H])(N2C=C(CC[C@]2([H])O)C(O)=N)[C@]([H])(O)[C@]1([H])O
ECMDB23971,Pyrimidine nucleoside,C03169,,OC[C@H]1O[C@H]([C@H](O)[C@@H]1O)[N+]1=CN=CC=C1
ECMDB23979,Semiquinone,C05309,,O[C]1C=CC(=O)C=C1
ECMDB23988,"alpha-D-Glucopyranosyl-diphospho-ditrans,octacis-undecaprenol",C19772,,CC(C)=CCC\C(C)=C\CC\C(C)=C\CC\C(C)=C/CC\C(C)=C/CC\C(C)=C/CC\C(C)=C/CC\C(C)=C/CC\C(C)=C/CC\C(C)=C/CC\C(C)=C/COP(O)(=O)OP(O)(=O)O[C@H]1O[C@H](CO)[C@@H](O)[C@H](O)[C@H]1O
ECMDB23991,"4-(L-Alanin-3-yl)-2-hydroxy-cis,cis-muconate 6-semialdehyde",C04796,,N[C@@H](C\C(=C\C=O)\C=C(\O)C(O)=O)C(O)=O
ECMDB23992,Carboxyphosphate,C20969,,OC(=O)OP(O)(O)=O
ECMDB23994,THF-polyglutamate,C03541,,NC1=NC(=O)C2=C(NC[C@H](CNC3=CC=C(C=C3)C(=O)N[C@@H](CCC(=O)N[C@@H](CCC(=O)N[C@@H](CCC(O)=O)C(O)=O)C(O)=O)C(O)=O)N2)N1
