KEGG,Metabolite name,PubChem,ChEBI,METLIN,SMILES,Exact match
C00001,Water,962,15377,3194.0,O,True
C00002,Adenosine triphosphate,5957,15422,5523.0,NC1=NC=NC2=C1N=CN2[C@@H]1O[C@H](COP(O)(=O)OP(O)(=O)OP(O)(O)=O)[C@@H](O)[C@H]1O,True
C00003,NAD,5892,44215,5858.0,NC(=O)C1=C[N+](=CC=C1)[C@@H]1O[C@H](COP([O-])(=O)OP(O)(=O)OC[C@H]2O[C@H]([C@H](O)[C@@H]2O)N2C=NC3=C2N=CN=C3N)[C@@H](O)[C@H]1O,True
C00004,NADH,439153,16908,3687.0,NC(=O)C1=CN(C=CC1)[C@@H]1O[C@H](COP(O)(=O)OP(O)(=O)OC[C@H]2O[C@H]([C@H](O)[C@@H]2O)N2C=NC3=C2N=CN=C3N)[C@@H](O)[C@H]1O,True
C00005,NADPH,5884,16474,3691.0,NC(=O)C1=CN(C=CC1)[C@@H]1O[C@H](COP(O)(=O)OP(O)(=O)OC[C@H]2O[C@H]([C@H](OP(O)(O)=O)[C@@H]2O)N2C=NC3=C2N=CN=C3N)[C@@H](O)[C@H]1O,True
C00006,NADP,5885,44409,5227.0,NC(=O)C1=C[N+](=CC=C1)[C@@H]1O[C@H](COP([O-])(=O)OP(O)(=O)OC[C@H]2O[C@H]([C@H](OP(O)(O)=O)[C@@H]2O)N2C=NC3=C2N=CN=C3N)[C@@H](O)[C@H]1O,True
C00007,Oxygen,977,15379,3195.0,O=O,True
C00008,ADP,6022,16761,6175.0,NC1=NC=NC2=C1N=CN2[C@@H]1O[C@H](COP(O)(=O)OP(O)(O)=O)[C@@H](O)[C@H]1O,True
C00009,Phosphate,1004,26078,3231.0,OP(O)(O)=O,True
C00010,Coenzyme A,87642,15346,6235.0,CC(C)(COP(O)(=O)OP(O)(=O)OC[C@H]1O[C@H]([C@H](O)[C@@H]1OP(O)(O)=O)N1C=NC2=C1N=CN=C2N)[C@@H](O)C(=O)NCCC(=O)NCCS,True
C00011,Carbon dioxide,280,16526,3199.0,O=C=O,True
C00012,Peptide,None,16670,None,None,True
C00013,Pyrophosphate,1023,29888,3306.0,OP(O)(=O)OP(O)(O)=O,True
C00014,Ammonia,222,16134,3189.0,N,True
C00015,Uridine 5'-diphosphate,6031,17659,None,O[C@H]1[C@@H](O)[C@@H](O[C@@H]1COP(O)(=O)OP(O)(O)=O)N1C=CC(=O)NC1=O,True
C00016,FAD,643975,16238,6106.0,CC1=CC2=C(C=C1C)N(C[C@H](O)[C@H](O)[C@H](O)COP(O)(=O)OP(O)(=O)OC[C@H]1O[C@H]([C@H](O)[C@@H]1O)N1C=NC3=C1N=CN=C3N)C1=NC(=O)NC(=O)C1=N2,True
C00017,Protein,3319,16541,None,None,True
C00018,Pyridoxal 5'-phosphate,1051,18405,6275.0,CC1=NC=C(COP(O)(O)=O)C(C=O)=C1O,True
C00019,S-Adenosylmethionine,34756,15414,6064.0,C[S+](CC[C@H](N)C(O)=O)C[C@H]1O[C@H]([C@H](O)[C@@H]1O)N1C=NC2=C1N=CN=C2N,True
C00020,Adenosine monophosphate,6083,16027,5111.0,NC1=C2N=CN([C@@H]3O[C@H](COP(O)(O)=O)[C@@H](O)[C@H]3O)C2=NC=N1,True
C00021,S-Adenosylhomocysteine,439155,16680,296.0,N[C@@H](CCSC[C@H]1O[C@H]([C@H](O)[C@@H]1O)N1C=NC2=C1N=CN=C2N)C(O)=O,True
C00022,Pyruvic acid,1060,32816,117.0,CC(=O)C(O)=O,True
C00024,Acetyl-CoA,444493,15351,6082.0,CC(=O)SCCNC(=O)CCNC(=O)[C@H](O)C(C)(C)COP(O)(=O)OP(O)(=O)OC[C@H]1O[C@H]([C@H](O)[C@@H]1OP(O)(O)=O)N1C=NC2=C1N=CN=C2N,True
C00025,Glutamic acid,33032,16015,5174.0,N[C@@H](CCC(O)=O)C(O)=O,True
C00026,Oxoglutaric acid,51,30915,5218.0,OC(=O)CCC(=O)C(O)=O,True
C00027,Hydrogen peroxide,784,16240,None,OO,True
C00028,None,None,None,None,None,False
C00029,Uridine diphosphate glucose,8629,46229,5278.0,OC[C@H]1O[C@H](OP(O)(=O)OP(O)(=O)OC[C@H]2O[C@H]([C@H](O)[C@@H]2O)N2C=CC(=O)NC2=O)[C@H](O)[C@@H](O)[C@@H]1O,True
C00030,None,None,None,None,None,False
C00031,D-Glucose,5793,15903,133.0,OC[C@H]1O[C@@H](O)[C@H](O)[C@@H](O)[C@@H]1O,True
C00032,Heme,26945,17627,3680.0,CC1=C(CCC(O)=O)C2=CC3=[N+]4C(=CC5=C(C)C(C=C)=C6C=C7C(C)=C(C=C)C8=[N+]7[Fe--]4(N2C1=C8)N56)C(C)=C3CCC(O)=O,True
C00033,Acetic acid,176,15366,3206.0,CC(O)=O,True
C00035,Guanosine diphosphate,8977,17552,6077.0,NC1=NC2=C(N=CN2[C@@H]2O[C@H](COP(O)(=O)OP(O)(O)=O)[C@@H](O)[C@H]2O)C(=O)N1,True
C00036,Oxalacetic acid,970,30744,123.0,OC(=O)CC(=O)C(O)=O,True
C00037,Glycine,750,15428,20.0,NCC(O)=O,True
C00038,Zinc,32051,29105,None,[Zn++],True
C00039,DNA,None,16991,None,None,True
C00040,Acyl-CoA,None,17984,None,None,True
C00041,L-Alanine,5950,16977,None,C[C@H](N)C(O)=O,True
C00042,Succinic acid,1110,15741,114.0,OC(=O)CCC(O)=O,True
C00043,Uridine diphosphate-N-acetylglucosamine,445675,16264,5281.0,CC(=O)N[C@@H]1[C@@H](O)[C@H](O)[C@@H](CO)O[C@@H]1OP(O)(=O)OP(O)(=O)OC[C@H]1O[C@H]([C@H](O)[C@@H]1O)N1C=CC(=O)NC1=O,True
C00044,Guanosine triphosphate,6830,15996,6128.0,NC1=NC2=C(N=CN2[C@@H]2O[C@H](COP(O)(=O)OP(O)(=O)OP(O)(O)=O)[C@@H](O)[C@H]2O)C(=O)N1,True
C00045,None,None,None,None,None,False
C00047,Lysine,5962,18019,5200.0,NCCCC[C@H](N)C(O)=O,True
C00048,Glyoxylic acid,760,16891,3213.0,OC(=O)C=O,True
C00049,L-Aspartic acid,5960,17053,5206.0,N[C@@H](CC(O)=O)C(O)=O,True
C00051,Glutathione,124886,16856,44.0,N[C@@H](CCC(=O)N[C@@H](CS)C(=O)NCC(O)=O)C(O)=O,True
C00052,Uridine diphosphategalactose,18068,67119,5291.0,OC[C@H]1O[C@H](OP(O)(=O)OP(O)(=O)OC[C@H]2O[C@H]([C@H](O)[C@@H]2O)N2C=CC(=O)NC2=O)[C@H](O)[C@@H](O)[C@H]1O,True
C00053,Phosphoadenosine phosphosulfate,10214,17980,6028.0,NC1=C2N=CN([C@@H]3O[C@H](COP(O)(=O)OS(O)(=O)=O)[C@@H](OP(O)(O)=O)[C@H]3O)C2=NC=N1,True
C00054,"Adenosine 3',5'-diphosphate",159296,17985,None,NC1=C2N=CN([C@@H]3O[C@H](COP(O)(O)=O)[C@@H](OP(O)(O)=O)[C@H]3O)C2=NC=N1,True
C00055,Cytidine monophosphate,6131,17361,5143.0,NC1=NC(=O)N(C=C1)[C@@H]1O[C@H](COP(O)(O)=O)[C@@H](O)[C@H]1O,True
C00058,Formic acid,284,30751,3202.0,OC=O,True
C00059,Sulfate,1117,26836,3233.0,OS(O)(=O)=O,True
C00060,Carboxylate,None,35757,None,None,True
C00061,Flavin mononucleotide,643976,17621,6295.0,CC1=CC2=C(C=C1C)N(C[C@H](O)[C@H](O)[C@H](O)COP(O)(O)=O)C1=NC(=O)NC(=O)C1=N2,True
C00062,L-Arginine,6322,16467,5502.0,N[C@@H](CCCNC(N)=N)C(O)=O,True
C00063,Cytidine triphosphate,6176,17677,5136.0,NC1=NC(=O)N(C=C1)[C@@H]1O[C@H](COP(O)(=O)OP(O)(=O)OP(O)(O)=O)[C@@H](O)[C@H]1O,True
C00064,Glutamine,5961,18050,5614.0,N[C@@H](CCC(N)=O)C(O)=O,True
C00065,Serine,5951,17115,5203.0,N[C@@H](CO)C(O)=O,True
C00067,Formaldehyde,712,16842,3198.0,C=O,True
C00068,Thiamine pyrophosphate,1132,9532,2832.0,CC1=C(CCOP(O)(=O)OP(O)(O)=O)SC=[N+]1CC1=CN=C(C)N=C1N,True
C00069,None,None,None,None,None,False
C00070,Copper,27099,29036,None,[Cu++],True
C00071,Aldehyde,None,None,None,None,True
C00072,Ascorbic acid,54670067,29073,3753.0,[H][C@@]1(OC(=O)C(O)=C1O)[C@@H](O)CO,True
C00073,Methionine,6137,16643,5664.0,CSCC[C@H](N)C(O)=O,True
C00074,Phosphoenolpyruvic acid,1005,44897,5264.0,OC(=O)C(=C)OP(O)(O)=O,True
C00075,Uridine triphosphate,6133,15713,5277.0,O[C@H]1[C@@H](O)[C@@H](O[C@@H]1COP(O)(=O)OP(O)(=O)OP(O)(O)=O)N1C=CC(=O)NC1=O,True
C00076,Calcium,271,29108,None,[Ca++],True
C00077,Ornithine,6262,15729,27.0,NCCC[C@H](N)C(O)=O,True
C00078,L-Tryptophan,6305,16828,5879.0,N[C@@H](CC1=CNC2=C1C=CC=C2)C(O)=O,True
C00079,Phenylalanine,6140,17295,28.0,N[C@@H](CC1=CC=CC=C1)C(O)=O,True
C00080,Hydrogen Ion,1038,15378,None,[H+],True
C00081,Inosine triphosphate,8583,16039,5204.0,O[C@@H]1[C@@H](COP(O)(=O)OP(O)(=O)OP(O)(O)=O)O[C@H]([C@@H]1O)N1C=NC2=C1N=CN=C2O,True
C00082,L-Tyrosine,6057,17895,34.0,N[C@@H](CC1=CC=C(O)C=C1)C(O)=O,True
C00083,Malonyl-CoA,644066,15531,6056.0,CC(C)(COP(O)(=O)OP(O)(=O)OC[C@H]1O[C@H]([C@H](O)[C@@H]1OP(O)(O)=O)N1C=NC2=C1N=CN=C2N)[C@@H](O)C(=O)NCCC(=O)NCCSC(=O)CC(O)=O,True
C00084,Acetaldehyde,177,15343,3200.0,CC=O,True
C00085,Fructose 6-phosphate,69507,15946,5159.0,OCC(=O)[C@@H](O)[C@H](O)[C@H](O)COP(O)(O)=O,True
C00086,Urea,1176,16199,6.0,NC(N)=O,True
C00088,Nitrite,24529,25567,3201.0,ON=O,True
C00089,Sucrose,5988,17992,137.0,OC[C@H]1O[C@@](CO)(O[C@H]2O[C@H](CO)[C@@H](O)[C@H](O)[C@H]2O)[C@@H](O)[C@@H]1O,True
C00091,Succinyl-CoA,92133,15380,5951.0,CC(C)(COP(O)(=O)OP(O)(=O)OC[C@H]1O[C@H]([C@H](O)[C@@H]1OP(O)(O)=O)N1C=NC2=C1N=CN=C2N)[C@@H](O)C(=O)NCCC(=O)NCCSC(=O)CCC(O)=O,True
C00092,Glucose 6-phosphate,5958,4170,145.0,OC1O[C@H](COP(O)(O)=O)[C@@H](O)[C@H](O)[C@H]1O,True
C00093,Glycerol 3-phosphate,439162,15978,5161.0,OC[C@@H](O)COP(O)(O)=O,True
C00094,Sulfite,1100,48854,3223.0,OS(O)=O,True
C00095,D-Fructose,439709,28645,135.0,OC[C@H]1O[C@](O)(CO)[C@@H](O)[C@@H]1O,True
C00096,Guanosine diphosphate mannose,18396,15820,6045.0,NC1=NC2=C(N=CN2[C@@H]2O[C@H](COP(O)(=O)OP(O)(=O)O[C@H]3O[C@H](CO)[C@@H](O)[C@H](O)[C@@H]3O)[C@@H](O)[C@H]2O)C(=O)N1,True
C00097,L-Cysteine,5862,17561,5556.0,N[C@@H](CS)C(O)=O,True
C00099,beta-Alanine,239,16958,5119.0,NCCC(O)=O,True
C00100,Propionyl-CoA,92753,15539,6130.0,CCC(=O)SCCNC(=O)CCNC(=O)[C@H](O)C(C)(C)COP(O)(=O)OP(O)(=O)OC[C@H]1O[C@H]([C@H](O)[C@@H]1OP(O)(O)=O)N1C=NC2=C1N=CN=C2N,True
C00101,Tetrahydrofolic acid,91443,20506,714.0,NC1=NC(=O)C2=C(NC[C@H](CNC3=CC=C(C=C3)C(=O)NC(CCC(O)=O)C(O)=O)N2)N1,True
C00103,Glucose 1-phosphate,65533,29042,6331.0,OC[C@H]1O[C@H](OP(O)(O)=O)[C@H](O)[C@@H](O)[C@@H]1O,True
C00104,IDP,644173,17808,6892.0,O[C@@H]1[C@@H](COP(O)(=O)OP(O)(O)=O)OC([C@@H]1O)N1C=NC2=C1NC=NC2=O,True
C00105,Uridine 5'-monophosphate,6030,16695,None,O[C@H]1[C@@H](O)[C@@H](O[C@@H]1COP(O)(O)=O)N1C=CC(=O)NC1=O,True
C00106,Uracil,1174,17568,258.0,O=C1NC=CC(=O)N1,True
C00108,2-Aminobenzoic acid,227,30754,6018.0,NC1=CC=CC=C1C(O)=O,True
C00109,2-Ketobutyric acid,58,30831,None,CCC(=O)C(O)=O,True
C00111,Dihydroxyacetone phosphate,668,16108,6262.0,OCC(=O)COP(O)(O)=O,True
C00112,CDP,6132,17239,6313.0,NC1=NC(=O)N(C=C1)[C@@H]1O[C@H](COP(O)(=O)OP(O)(O)=O)[C@@H](O)[C@H]1O,True
C00114,Choline,305,15354,56.0,C[N+](C)(C)CCO,True
C00116,Glycerol,753,17754,105.0,OCC(O)CO,True
C00117,D-Ribose 5-phosphate,440101,18189,6315.0,O[C@H]1O[C@H](COP(O)(O)=O)[C@@H](O)[C@H]1O,True
C00118,Glyceraldehyde 3-phosphate,439168,29052,3294.0,O[C@H](COP(O)(O)=O)C=O,True
C00119,Phosphoribosyl pyrophosphate,7339,17111,5274.0,O[C@H]1[C@@H](O)[C@@H](OP(O)(=O)OP(O)(O)=O)O[C@@H]1COP(O)(O)=O,True
C00120,Biotin,171548,15956,243.0,[H][C@]12CS[C@@H](CCCCC(O)=O)[C@@]1([H])NC(=O)N2,True
C00121,D-Ribose,5779,47013,313.0,OC[C@H]1OC(O)[C@H](O)[C@@H]1O,True
C00122,Fumaric acid,444972,18012,3242.0,OC(=O)\C=C\C(O)=O,True
C00123,Leucine,6106,15603,24.0,CC(C)C[C@H](N)C(O)=O,True
C00124,D-Galactose,439357,28061,134.0,OC[C@H]1O[C@H](O)[C@H](O)[C@@H](O)[C@H]1O,True
C00125,None,None,None,None,None,False
C00126,None,None,None,None,None,False
C00127,Oxidized glutathione,65359,17858,6893.0,N[C@@H](CCC(=O)N[C@@H](CSSC[C@H](NC(=O)CC[C@H](N)C(O)=O)C(=O)NCC(O)=O)C(=O)NCC(O)=O)C(O)=O,True
C00129,Isopentenyl pyrophosphate,1195,16584,6181.0,CC(=C)CCOP(O)(=O)OP(O)(O)=O,True
C00130,Inosinic acid,8582,17202,5196.0,O[C@@H]1[C@@H](COP(O)(O)=O)O[C@H]([C@@H]1O)N1C=NC2=C1N=CNC2=O,True
C00131,Deoxyadenosine triphosphate,15993,16284,6303.0,NC1=NC=NC2=C1N=CN2[C@H]1C[C@H](O)[C@@H](COP(O)(=O)OP(O)(=O)OP(O)(O)=O)O1,True
C00132,Methanol,887,17790,4201.0,CO,True
C00133,D-Alanine,71080,15570,None,C[C@@H](N)C(O)=O,True
C00134,Putrescine,1045,17148,3226.0,NCCCCN,True
C00135,Histidine,6274,15971,21.0,N[C@@H](CC1=CN=CN1)C(O)=O,True
C00136,Butyryl-CoA,265,57371,5996.0,CCCC(=O)SCCNC(=O)CCNC(=O)C(O)C(C)(C)COP(O)(=O)OP(O)(=O)OCC1OC(C(O)C1OP(O)(O)=O)N1C=NC2=C1N=CN=C2N,True
C00137,myo-Inositol,None,17268,5221.0,O[C@H]1[C@H](O)[C@@H](O)[C@H](O)[C@H](O)[C@@H]1O,True
C00138,None,None,None,None,None,False
C00139,None,None,None,None,None,False
C00140,N-Acetyl-D-glucosamine,439174,506227,3356.0,CC(=O)N[C@H]1C(O)O[C@H](CO)[C@@H](O)[C@@H]1O,True
C00141,alpha-Ketoisovaleric acid,49,16530,5091.0,CC(C)C(=O)C(O)=O,True
C00143,"5,10-Methylene-THF",439175,15636,6304.0,[H][C@@]12CN(CN1C1=C(NC2)N=C(N)NC1=O)C1=CC=C(C=C1)C(=O)NC(CCC(O)=O)C(O)=O,True
C00144,Guanosine monophosphate,6804,17345,6216.0,NC1=NC2=C(N=CN2[C@@H]2O[C@H](COP(O)(O)=O)[C@@H](O)[C@H]2O)C(=O)N1,True
C00145,None,None,None,None,None,False
C00146,Phenol,996,15882,128.0,OC1=CC=CC=C1,True
C00147,Adenine,190,16708,85.0,NC1=C2NC=NC2=NC=N1,True
C00148,Proline,145742,17203,29.0,OC(=O)[C@@H]1CCCN1,True
C00149,Malic acid,222656,30797,None,O[C@@H](CC(O)=O)C(O)=O,True
C00151,α-amino acid,None,15705,None,N[C@@H]([*])C(O)=O,True
C00152,L-Asparagine,6267,17196,14.0,N[C@@H](CC(N)=O)C(O)=O,True
C00153,Niacinamide,936,17154,1497.0,NC(=O)C1=CC=CN=C1,True
C00154,Palmityl-CoA,644109,15525,6172.0,CCCCCCCCCCCCCCCC(=O)SCCNC(=O)CCNC(=O)[C@H](O)C(C)(C)COP(O)(=O)OP(O)(=O)OC[C@H]1O[C@H]([C@H](O)[C@@H]1OP(O)(O)=O)N1C=NC2=C1N=CN=C2N,True
C00155,Homocysteine,91552,17588,3256.0,N[C@@H](CCS)C(O)=O,True
C00156,4-Hydroxybenzoic acid,135,30763,5486.0,OC(=O)C1=CC=C(O)C=C1,True
C00157,PC(32:0),452110,72999,5548.0,[H][C@@](COC(=O)CCCCCCCCCCCCCCC)(COP([O-])(=O)OCC[N+](C)(C)C)OC(=O)CCCCCCCCCCCCCCC,True
C00158,Citric acid,311,30769,124.0,OC(=O)CC(O)(CC(O)=O)C(O)=O,True
C00159,D-Mannose,185698,28729,None,OC[C@H]1O[C@H](O)[C@@H](O)[C@@H](O)[C@@H]1O,True
C00160,Glycolate,3460,17497 29805,None,None,True
C00161,2-Oxo acid,None,35910,None,OC(=O)C([*])=O,True
C00162,Fatty acid,None,35366,None,None,True
C00163,Propionic acid,1032,30768,3215.0,CCC(O)=O,True
C00164,Acetoacetic acid,96,15344,276.0,CC(=O)CC(O)=O,True
C00165,DG(16:0/16:0),644078,82929,4255.0,[H][C@](CO)(COC(=O)CCCCCCCCCCCCCCC)OC(=O)CCCCCCCCCCCCCCC,True
C00166,Phenylpyruvic acid,997,30851,328.0,OC(=O)C(=O)CC1=CC=CC=C1,True
C00167,Uridine diphosphate glucuronic acid,17473,17200,5884.0,O[C@@H]1[C@@H](COP(O)(=O)OP(O)(=O)O[C@H]2O[C@@H]([C@@H](O)[C@H](O)[C@H]2O)C(O)=O)O[C@H]([C@@H]1O)N1C=CC(=O)NC1=O,True
C00168,Hydroxypyruvic acid,964,30841,482.0,OCC(=O)C(O)=O,True
C00169,Carbamoyl phosphate,278,17672,6002.0,NC(=O)OP(O)(O)=O,True
C00170,5'-Methylthioadenosine,439176,17509,3425.0,CSC[C@H]1O[C@H]([C@H](O)[C@@H]1O)N1C=NC2=C1N=CN=C2N,True
C00173,Acyl-[acyl-carrier protein],None,16018,None,None,True
C00175,Cobalt,104729,48828,None,[Co++],True
C00177,Cyanide,5975,17514,None,C#[N-],True
C00178,Thymine,1135,17821,290.0,CC1=CNC(=O)NC1=O,True
C00179,Agmatine,199,17431,3523.0,NCCCCNC(N)=N,True
C00180,Benzoic acid,243,30746,1297.0,OC(=O)C1=CC=CC=C1,True
C00181,D-Xylose,135191,53455,314.0,O[C@@H]1COC(O)[C@H](O)[C@H]1O,True
C00182,Glycogen,439177,28087,160.0,OC[C@H]1O[C@H](OC[C@H]2O[C@H](O[C@H]3[C@H](O)[C@@H](O)[C@@H](O)O[C@@H]3CO)[C@H](O)[C@@H](O)[C@@H]2O[C@H]2O[C@H](CO)[C@@H](O)[C@H](O)[C@H]2O)[C@H](O)[C@@H](O)[C@@H]1O,True
C00183,L-Valine,6287,16414,5842.0,CC(C)[C@H](N)C(O)=O,True
C00184,Dihydroxyacetone,670,16016,6368.0,OCC(=O)CO,True
C00185,Cellobiose,10712,36217,3480.0,OC[C@H]1O[C@@H](O[C@H]2[C@H](O)[C@@H](O)[C@H](O)O[C@@H]2CO)[C@H](O)[C@@H](O)[C@@H]1O,True
C00186,Lactic acid,107689,422,5205.0,C[C@H](O)C(O)=O,True
C00188,L-Threonine,6288,16857,32.0,C[C@@H](O)[C@H](N)C(O)=O,True
C00189,Ethanolamine,700,16000,3207.0,NCCO,True
C00191,D-Glucuronic acid,444791,42717,161.0,O[C@H]1O[C@@H]([C@@H](O)[C@H](O)[C@H]1O)C(O)=O,True
C00192,Hydroxylamine,787,15429,6894.0,NO,True
C00194,Adenosylcobalamin,None,18408,None,[C@H]1(C[Co-3]2345[N+]6=C7C(C)=C8N2[C@]([H])([C@H](CC(=O)N)[C@]8(CCC(=O)NC[C@@H](C)OP([O-])(=O)O[C@@H]2[C@@H](CO)O[C@H](N8C=[N+]3C3=CC(C)=C(C)C=C83)[C@@H]2O)C)[C@@]2(C)[C@@](CC(=O)N)([C@H](CCC(=O)N)C(C(C)=C3[N+]4=C(C=C6C([C@@H]7CCC(=O)N)(C)C)[C@@H](CCC(=O)N)[C@@]3(CC(=O)N)C)=[N+]52)C)O[C@@H](N2C3=NC=NC(=C3N=C2)N)[C@H](O)[C@@H]1O,True
C00196,2-Pyrocatechuic acid,19,18026,5386.0,OC(=O)C1=C(O)C(O)=CC=C1,True
C00197,D-Glycerate 3-phosphate,439183,17794,None,O[C@H](COP(O)(O)=O)C(O)=O,True
C00198,Gluconolactone,7027,16217,353.0,OC[C@H]1OC(=O)[C@H](O)[C@@H](O)[C@@H]1O,True
C00199,D-Ribulose 5-phosphate,439184,17363,5591.0,OCC(=O)[C@H](O)[C@H](O)COP(O)(O)=O,True
C00201,None,None,None,None,None,False
C00203,Uridine diphosphate-N-acetylgalactosamine,1167,None,5293.0,CC(O)=NC1C(OP(O)(=O)OP(O)(=O)OCC2OC(C(O)C2O)N2C=CC(O)=NC2=O)OC(CO)C(O)C1O,True
C00204,2-dehydro-3-deoxy-D-gluconic acid,161227,17032,None,O=C(O)C(=O)C(O)(O)CO,True
C00206,dADP,188966,16174,6286.0,NC1=NC=NC2=C1N=CN2[C@H]1C[C@H](O)[C@@H](COP(O)(=O)OP(O)(O)=O)O1,True
C00208,D-Maltose,10991489,47937,413.0,OC[C@H]1O[C@H](O[C@H]2[C@H](O)[C@H](O)[C@@H](O)O[C@@H]2CO)[C@H](O)[C@@H](O)[C@@H]1O,True
C00209,Oxalic acid,971,16995,113.0,OC(=O)C(O)=O,True
C00212,Adenosine,60961,16335,86.0,NC1=C2N=CN([C@@H]3O[C@H](CO)[C@@H](O)[C@H]3O)C2=NC=N1,True
C00213,Sarcosine,1088,15611,51.0,CNCC(O)=O,True
C00214,Thymidine,5789,17748,3375.0,CC1=CN([C@H]2C[C@H](O)[C@@H](CO)O2)C(=O)NC1=O,True
C00216,D-Arabinose,444173,46996,None,O[C@@H]1CO[C@@H](O)[C@@H](O)[C@@H]1O,True
C00217,D-Glutamic acid,23327,15966,6895.0,N[C@H](CCC(O)=O)C(O)=O,True
C00218,Methylamine,6329,16830,3767.0,CN,True
C00219,Arachidonic acid,444899,15843,193.0,CCCCC\C=C/C\C=C/C\C=C/C\C=C/CCCC(O)=O,True
C00221,beta-D-Glucose,None,None,None,None,True
C00222,Malonic semialdehyde,868,17960,None,OC(=O)CC=O,True
C00224,Adenosine phosphosulfate,10238,17709,5933.0,NC1=NC=NC2=C1N=CN2[C@@H]1O[C@H](COP(O)(=O)OS(O)(=O)=O)[C@@H](O)[C@H]1O,True
C00226,Primary alcohol,None,15734,None,None,True
C00227,Acetylphosphate,186,15350,6278.0,CC(=O)OP(O)(O)=O,True
C00229,Acyl-carrier protein,None,18359,None,None,True
C00231,Xylulose 5-phosphate,439190,16332,5829.0,OCC(=O)[C@@H](O)[C@H](O)COP(O)(O)=O,True
C00232,Succinic acid semialdehyde,1112,16265,6114.0,OC(=O)CCC=O,True
C00233,Ketoleucine,70,48430,5663.0,CC(C)CC(=O)C(O)=O,True
C00234,10-Formyltetrahydrofolate,122347,15637,5912.0,NC1=NC(=O)C2=C(NCC(CN(C=O)C3=CC=C(C=C3)C(=O)N[C@@H](CCC(O)=O)C(O)=O)N2)N1,True
C00235,Dimethylallylpyrophosphate,647,16057,6016.0,CC(C)=CCOP(O)(=O)OP(O)(O)=O,True
C00236,"Glyceric acid 1,3-biphosphate",439191,16001,None,O[C@H](COP(O)(O)=O)C(=O)OP(O)(O)=O,True
C00237,Carbon monoxide,281,17245,None,[C-]#[O+],True
C00238,Potassium,813,29103,3197.0,[K+],True
C00239,dCMP,13945,15918,6078.0,NC1=NC(=O)N(C=C1)[C@H]1C[C@H](O)[C@@H](COP(O)(O)=O)O1,True
C00240,None,None,None,None,None,False
C00242,Guanine,764,16235,315.0,NC1=NC(=O)C2=C(N1)N=CN2,True
C00243,Alpha-Lactose,84571,36219,267.0,OC[C@H]1O[C@@H](O[C@H]2[C@H](O)[C@@H](O)[C@@H](O)O[C@@H]2CO)[C@H](O)[C@@H](O)[C@H]1O,True
C00244,Nitrate,943,17632,3208.0,[O-][N+]([O-])=O,True
C00245,Taurine,1123,15891,31.0,NCCS(O)(=O)=O,True
C00246,Butyric acid,264,30772,107.0,CCCC(O)=O,True
C00248,Lipoamide,863,17460,3372.0,NC(=O)CCCCC1CCSS1,True
C00249,Palmitic acid,985,15756,187.0,CCCCCCCCCCCCCCCC(O)=O,True
C00250,Pyridoxal,1050,17310,6312.0,CC1=NC=C(CO)C(C=O)=C1O,True
C00251,Chorismate,12039,17333,None,O[C@@H]1C=CC(=C[C@H]1OC(=C)C(O)=O)C(O)=O,True
C00253,Nicotinic acid,938,15940,6272.0,OC(=O)C1=CN=CC=C1,True
C00254,Prephenate,363602639,84387,None,O[C@H]1C=C[C@](CC(=O)C(O)=O)(C=C1)C(O)=O,True
C00255,Riboflavin,493570,17015,5249.0,CC1=C(C)C=C2N(C[C@H](O)[C@H](O)[C@H](O)CO)C3=NC(=O)NC(=O)C3=NC2=C1,True
C00256,D-Lactic acid,61503,42111,6150.0,C[C@@H](O)C(O)=O,True
C00257,Gluconic acid,10690,33198,345.0,OC[C@@H](O)[C@@H](O)[C@H](O)[C@@H](O)C(O)=O,True
C00258,Glyceric acid,439194,32398,280.0,OC[C@@H](O)C(O)=O,True
C00259,L-Arabinose,439764,40886,5474.0,O[C@H]1CO[C@H](O)[C@H](O)[C@H]1O,True
C00262,Hypoxanthine,790,17368,83.0,OC1=NC=NC2=C1NC=N2,True
C00263,L-Homoserine,12647,15699,5687.0,N[C@@H](CCO)C(O)=O,True
C00266,Glycolaldehyde,756,17071,3205.0,OCC=O,True
C00267,alpha-D-Glucose,79025,17925,6897.0,OC[C@H]1O[C@H](O)[C@H](O)[C@@H](O)[C@@H]1O,True
C00269,CDP-diacylglycerol,None,17962,None,None,True
C00270,N-Acetylneuraminate,3568,17012,None,None,True
C00272,Tetrahydrobiopterin,44257,59560,5098.0,[H][C@@]1(CNC2=C(N1)C(=O)N=C(N)N2)[C@@H](O)[C@H](C)O,True
C00275,Mannose 6-phosphate,439198,49728,5987.0,O[C@@H]1O[C@H](COP(O)(O)=O)[C@@H](O)[C@H](O)[C@@H]1O,True
C00279,D-Erythrose 4-phosphate,122357,48153,6158.0,O[C@H](COP(O)(O)=O)[C@@H](O)C=O,True
C00282,Hydrogen,783,18276,None,[H][H],True
C00283,Hydrogen sulfide,402,16136,3193.0,S,True
C00286,dGTP,65103,16497,6248.0,NC1=NC2=C(N=CN2[C@H]2C[C@H](O)[C@@H](COP(O)(=O)OP(O)(=O)OP(O)(O)=O)O2)C(=O)N1,True
C00288,Hydrogen carbonate,767,28976,6944.0,OC(O)=O,True
C00294,Inosine,6021,17596,84.0,OC[C@H]1O[C@H]([C@H](O)[C@@H]1O)N1C=NC2=C(O)N=CN=C12,True
C00295,Orotic acid,967,16742,318.0,OC(=O)C1=CC(=O)NC(=O)N1,True
C00296,Quinic acid,6508,17521,3329.0,O[C@@H]1C[C@@](O)(C[C@@H](O)[C@H]1O)C(O)=O,True
C00299,Uridine,6029,16704,90.0,OC[C@H]1O[C@H]([C@H](O)[C@@H]1O)N1C=CC(=O)NC1=O,True
C00301,Adenosine diphosphate ribose,192,16960,6059.0,NC1=C2N=CN(C3OC(COP(O)(=O)OP(O)(=O)OCC4OC(O)C(O)C4O)C(O)C3O)C2=NC=N1,True
C00302,DL-Glutamate,611,18237,None,NC(CCC(O)=O)C(O)=O,True
C00303,Majoroside F6,131751089,28300,None,CC1OC(OC2C(O)C(O)C(CO)OC2OC2CC3(C)C(CC(O)C4C(CCC34C)C(C)(C\C=C\C(C)(C)O)OC3OC(CO)C(O)C(O)C3O)C3(C)CCC(O)C(C)(C)C23)C(O)C(O)C1O,True
C00305,Magnesium,888,18420,None,[Mg++],True
C00309,D-Ribulose,12358756,17173,5594.0,OC[C@@]1(O)OC[C@@H](O)[C@H]1O,True
C00310,D-Xylulose,12358757,17140,6333.0,OC[C@@]1(O)OC[C@@H](O)[C@@H]1O,True
C00311,Isocitric acid,1198,30887,3328.0,OC(C(CC(O)=O)C(O)=O)C(O)=O,True
C00312,L-Xylulose,89810215,17399,5719.0,OC[C@]1(O)OC[C@H](O)[C@H]1O,True
C00313,oxalyl-CoA,25201721,None,None,CC(C)(COP([O-])(=O)OP([O-])(=O)OCC1OC(C(O)C1OP([O-])([O-])=O)N1C=NC2=C1N=CN=C2N)C(O)C(=O)NCCC(=O)NCCSC(=O)C([O-])=O,True
C00314,Pyridoxine,1054,16709,5245.0,CC1=C(O)C(CO)=C(CO)C=N1,True
C00315,Spermidine,1102,16610,254.0,NCCCCNCCCN,True
C00318,None,None,None,None,None,False
C00320,Thiosulfate,1085,5587,5260.0,OS(S)(=O)=O,True
C00322,Oxoadipic acid,71,15753,5234.0,OC(=O)CCCC(=O)C(O)=O,True
C00325,GDP-L-fucose,439211,17009,6001.0,C[C@@H]1OC(OP(O)(=O)OP(O)(=O)OC[C@H]2O[C@H]([C@H](O)[C@@H]2O)N2C=NC3=C2N=C(N)NC3=O)[C@@H](O)[C@H](O)[C@@H]1O,True
C00327,Citrulline,9750,16349,16.0,N[C@@H](CCCNC(N)=O)C(O)=O,True
C00329,Glucosamine,439213,47977,266.0,N[C@H]1C(O)O[C@H](CO)[C@@H](O)[C@@H]1O,True
C00330,Deoxyguanosine,187790,17172,3395.0,NC1=NC2=C(N=CN2[C@H]2C[C@H](O)[C@@H](CO)O2)C(=O)N1,True
C00332,Acetoacetyl-CoA,92153,15345,449.0,CC(=O)CC(=O)SCCNC(=O)CCNC(=O)[C@H](O)C(C)(C)COP(O)(=O)OP(O)(=O)OC[C@H]1O[C@H]([C@H](O)[C@@H]1OP(O)(O)=O)N1C=NC2=C1N=CN=C2N,True
C00333,Galacturonic acid,84740,47962,6713.0,O[C@@H](C=O)[C@@H](O)[C@@H](O)[C@H](O)C(O)=O,True
C00334,gamma-Aminobutyric acid,119,16865,None,NCCCC(O)=O,True
C00337,"4,5-Dihydroorotic acid",648,30865,5513.0,OC(=O)C1CC(=O)NC(=O)N1,True
C00338,LPS with O-antigen,53481793,16412,None,CCCCCCCCCCCCCC(=O)O[C@H](CCCCCCCCCCC)CC(=O)O[C@@H]1[C@@H](NC(=O)C[C@@H](CCCCCCCCCCC)OC(=O)CCCCCCCCCCC)[C@H](OC[C@H]2O[C@H](OP(O)(O)=O)[C@H](NC(=O)C[C@H](O)CCCCCCCCCCC)[C@@H](OC(=O)C[C@H](O)CCCCCCCCCCC)[C@@H]2O)O[C@H](CO[C@@]2(C[C@@H](O[C@@]3(C[C@@H](O[C@@]4(C[C@@H](OP(O)(=O)OCCN)[C@H](O)[C@H](O4)[C@@H](O)CO)C(O)=O)[C@H](O)[C@H](O3)[C@@H](O)CO)C(O)=O)[C@H](OC3O[C@H]([C@@H](O)CO)[C@@H](OP(O)(=O)OP(O)(=O)OCCN)[C@H](OC4O[C@H]([C@@H](O)COC5O[C@H]([C@@H](O)CO)[C@@H](OP(O)(O)=O)[C@H](O)[C@@H]5O)[C@@H](O)[C@H](OC5O[C@H](CO[C@H]6O[C@H](CO)[C@H](O)[C@H](O)[C@H]6O)[C@@H](O)[C@H](O[C@H]6O[C@H](CO)[C@H](O)[C@H](O)[C@H]6OC6O[C@H](CO)[C@@H](O)[C@H](O[C@@H]7O[C@H](CO[C@@H]8O[C@H](CO)[C@@H](O)[C@H](O)[C@H]8NC(C)=O)[C@H](O)[C@H](O[C@@H]8O[C@H](CO)[C@H](O)[C@H](O[C@H]9O[C@H](CO[C@H]%10O[C@H](CO)[C@H](O)[C@H](O)[C@H]%10O)[C@H](O)[C@H](O)[C@H]9O)[C@H]8NC(C)=O)[C@H]7NC(C)=O)[C@H]6O[C@@H]6O[C@H](CO)[C@@H](O)[C@H](O)[C@H]6NC(C)=O)[C@H]5O)[C@@H]4O)[C@@H]3O)[C@H](O2)[C@@H](O)CO)C(O)=O)[C@H]1OP(O)(O)=O,True
C00340,Reduced rubredoxin,None,None,None,None,True
C00341,Geranyl-PP,445995,17211,6134.0,CC(C)=CCC\C(C)=C\COP(O)(=O)OP(O)(O)=O,True
C00342,Thioredoxin,None,15033,None,None,True
C00343,Thioredoxin disulfide,None,18191,None,None,True
C00344,Phosphatidylglycerol,45109789,None,None,CCC.CCO.OCC(O)COP(O)(O)=O,True
C00345,6-Phosphogluconic acid,91493,48928,367.0,O[C@H](COP(O)(O)=O)[C@@H](O)[C@H](O)[C@@H](O)C(O)=O,True
C00348,all-trans-Undecaprenyl phosphate,5280338,16141,None,CC(C)=CCC/C(C)=C/CC/C(C)=C/CC/C(C)=C/CC/C(C)=C/CC/C(C)=C/CC/C(C)=C/CC/C(C)=C/CC/C(C)=C/CC/C(C)=C/CC/C(C)=C/COP(=O)(O)O,True
C00350,"PE(P-18:0/20:4(5Z,8Z,11Z,14Z))",9547058,78342,6548.0,[H][C@@](CO\C=C/CCCCCCCCCCCCCCCC)(COP(O)(=O)OCCN)OC(=O)CCC\C=C/C\C=C/C\C=C/C\C=C/CCCCC,True
C00352,Glucosamine 6-phosphate,439217,15873,6111.0,N[C@H]1[C@@H](O)O[C@H](COP(O)(O)=O)[C@@H](O)[C@@H]1O,True
C00354,"Fructose 1,6-bisphosphate",10267,28013,147.0,O[C@H]1[C@H](O)[C@@](O)(COP(O)(O)=O)O[C@@H]1COP(O)(O)=O,True
C00355,DOPA,6047,15765,42.0,N[C@@H](CC1=CC=C(O)C(O)=C1)C(O)=O,True
C00357,N-Acetyl-D-Glucosamine 6-Phosphate,440996,15784,5975.0,CC(=O)N[C@H]1C(O)O[C@H](COP(O)(O)=O)[C@@H](O)[C@@H]1O,True
C00360,Deoxyadenosine monophosphate,12599,17713,3461.0,NC1=NC=NC2=C1N=CN2[C@H]1C[C@H](O)[C@@H](COP(O)(O)=O)O1,True
C00361,dGDP,439220,28862,5906.0,NC1=NC2=C(N=CN2[C@H]2C[C@H](O)[C@@H](COP(O)(=O)OP(O)(O)=O)O2)C(=O)N1,True
C00362,2'-Deoxyguanosine 5'-monophosphate,65059,16192,None,NC1=NC2=C(N=CN2[C@H]2C[C@H](O)[C@@H](COP(O)(O)=O)O2)C(=O)N1,True
C00363,dTDP,164628,18075,6129.0,CC1=CN([C@H]2C[C@H](O)[C@@H](COP(O)(=O)OP(O)(O)=O)O2)C(=O)NC1=O,True
C00364,5-Thymidylic acid,9700,17013,6092.0,CC1=CN([C@H]2C[C@H](O)[C@@H](COP(O)(O)=O)O2)C(=O)NC1=O,True
C00365,dUMP,65063,17622,6225.0,O[C@H]1C[C@@H](O[C@@H]1COP(O)(O)=O)N1C=CC(=O)NC1=O,True
C00366,Uric acid,1175,17775,88.0,O=C1NC2=C(N1)C(=O)NC(=O)N2,True
C00369,Starch,None,28017,None,None,True
C00376,Retinal,638015,17898,6188.0,C\C(\C=C\C=C(/C)\C=C\C1=C(C)CCCC1(C)C)=C/C=O,True
C00378,Thiamine,1130,18385,5242.0,CC1=C(CCO)SC=[N+]1CC1=CN=C(C)N=C1N,True
C00379,D-Xylitol,6912,17151,None,OC[C@H](O)[C@@H](O)[C@H](O)CO,True
C00380,Cytosine,597,16040,283.0,NC1=CC=NC(=O)N1,True
C00385,Xanthine,1188,17712,82.0,O=C1NC2=C(NC=N2)C(=O)N1,True
C00387,Guanosine,6802,16750,87.0,NC1=NC2=C(N=CN2[C@@H]2O[C@H](CO)[C@@H](O)[C@H]2O)C(=O)N1,True
C00389,Quercetin,5280343,16243,None,OC1=CC(O)=C2C(OC(=C(O)C2=O)C2=CC(O)=C(O)C=C2)=C1,True
C00390,Ubiquinol 8,25074411,61682,5974.0,COC1=C(OC)C(O)=C(C\C=C(/C)CC\C=C(/C)CC\C=C(/C)CC\C=C(/C)CC\C=C(/C)CC\C=C(/C)CC\C=C(/C)CCC=C(C)C)C(C)=C1O,True
C00392,Mannitol,6251,16899,142.0,OC[C@@H](O)[C@@H](O)[C@H](O)[C@H](O)CO,True
C00395,Hexyl 2-methylpropanoate,16872,17334,None,CCCCCCOC(=O)C(C)C,True
C00399,Ubiquinone-1,4462,46234,6435.0,COC1=C(OC)C(=O)C(CC=C(C)C)=C(C)C1=O,True
C00405,None,None,None,None,None,False
C00407,Isoleucine,6306,17191,5193.0,CC[C@H](C)[C@H](N)C(O)=O,True
C00412,Stearoyl-CoA,94140,15541,4242.0,CCCCCCCCCCCCCCCCCC(=O)SCCNC(=O)CCNC(=O)[C@H](O)C(C)(C)COP(O)(=O)OP(O)(=O)OC[C@H]1O[C@H]([C@H](O)[C@@H]1OP(O)(O)=O)N1C=NC2=C1N=CN=C2N,True
C00415,Dihydrofolic acid,98792,15633,5970.0,NC1=NC(=O)C2=C(NCC(CNC3=CC=C(C=C3)C(=O)N[C@@H](CCC(O)=O)C(O)=O)=N2)N1,True
C00416,PA(16:0/16:0),446066,73246,5644.0,[H][C@@](COC(=O)CCCCCCCCCCCCCCC)(COP(O)(O)=O)OC(=O)CCCCCCCCCCCCCCC,True
C00417,cis-Aconitic acid,643757,32805,5130.0,OC(=O)C\C(=C\C(O)=O)C(O)=O,True
C00423,trans-Cinnamate,3713,15669 35697,None,None,True
C00424,Lactaldehyde,439231,18041,3214.0,C[C@H](O)C=O,True
C00429,Dihydrouracil,649,15901,285.0,O=C1CCNC(=O)N1,True
C00430,5-Aminolevulinic acid,137,17549,6037.0,NCC(=O)CCC(O)=O,True
C00431,5-Aminopentanoic acid,138,15887,6902.0,NCCCCC(O)=O,True
C00435,Oxidized rubredoxin,None,None,None,None,True
C00437,N2-Acetylornithine,439232,16543,None,CC(=O)N[C@@H](CCCN)C(O)=O,True
C00438,Ureidosuccinic acid,93072,15859,5791.0,NC(=O)N[C@@H](CC(O)=O)C(O)=O,True
C00440,5-Methyltetrahydrofolic acid,439234,15641,6215.0,CN1C(CNC2=CC=C(C=C2)C(=O)N[C@H](CCC(O)=O)C(O)=O)CNC2=C1C(=O)NC(N)=N2,True
C00441,L-Aspartate-semialdehyde,439235,18051,None,N[C@@H](CC=O)C(O)=O,True
C00445,"5,10-Methenyltetrahydrofolic acid",135450599,15636,6185.0,[H][C@@]12CN(C=[N+]1C1=C(NC2)NC(N)=NC1=O)C1=CC=C(C=C1)C(=O)N[C@@H](CCC(O)=O)C([O-])=O,True
C00446,Galactose 1-phosphate,123912,17973,5618.0,OC[C@H]1O[C@H](OP(O)(O)=O)[C@H](O)[C@@H](O)[C@H]1O,True
C00447,"Sedoheptulose 1,7-bisphosphate",164735,17969,None,O[C@H](COP(O)(O)=O)[C@@H](O)[C@@H](O)[C@H](O)C(=O)COP(O)(O)=O,True
C00448,Farnesyl pyrophosphate,445713,17407,403.0,CC(C)=CCC\C(C)=C\CC\C(C)=C\COP(O)(=O)OP(O)(O)=O,True
C00454,None,None,None,None,None,False
C00455,Nicotinamide ribotide,14181,14648,5238.0,NC(=O)C1=C[N+](=CC=C1)[C@@H]1O[C@H](COP(O)(O)=O)[C@@H](O)[C@H]1O,True
C00458,dCTP,65091,16311,5929.0,NC1=NC(=O)N(C=C1)[C@H]1C[C@H](O)[C@@H](COP(O)(=O)OP(O)(=O)OP(O)(O)=O)O1,True
C00459,Thymidine 5'-triphosphate,64968,18077,None,CC1=CN([C@H]2C[C@H](O)[C@@H](COP(O)(=O)OP(O)(=O)OP(O)(O)=O)O2)C(=O)NC1=O,True
C00460,Deoxyuridine triphosphate,65070,17625,6069.0,O[C@H]1C[C@@H](O[C@@H]1COP(O)(=O)OP(O)(=O)OP(O)(O)=O)N1C=CC(=O)NC1=O,True
C00461,Chitin,444514,71404,6903.0,CC(=O)N[C@H]1[C@H](O)O[C@H](CO)[C@@H](O[C@@H]2O[C@H](CO)[C@@H](O[C@@H]3O[C@H](CO)[C@@H](O)[C@H](O)[C@H]3NC(C)=O)[C@H](O)[C@H]2NC(C)=O)[C@@H]1O,True
C00462,None,None,None,None,None,False
C00463,Indole,798,16881,286.0,N1C=CC2=C1C=CC=C2,True
C00469,Ethanol,702,16236,3203.0,CCO,True
C00470,Pectic acid,445929,33885,6904.0,O[C@H]1O[C@@H]([C@H](O)[C@H](O)[C@H]1O)C(O)=O,True
C00473,Vitamin A,445354,17336,None,C\C(=C/CO)\C=C\C=C(/C)\C=C\C1=C(C)CCCC1(C)C,True
C00475,Cytidine,6175,17562,3376.0,NC1=NC(=O)N(C=C1)[C@@H]1O[C@H](CO)[C@@H](O)[C@H]1O,True
C00479,Propanal,527,17153,6906.0,CCC=O,True
C00483,Tyramine,5610,15760,60.0,NCCC1=CC=C(O)C=C1,True
C00487,L-Carnitine,10917,16347,52.0,C[N+](C)(C)C[C@H](O)CC(O)=O,True
C00489,Glutaric acid,743,17859,3254.0,OC(=O)CCCC(O)=O,True
C00490,Itaconic acid,811,30838,6483.0,OC(=O)CC(=C)C(O)=O,True
C00491,L-Cystine,67678,16283,5207.0,N[C@@H](CSSC[C@H](N)C(O)=O)C(O)=O,True
C00492,Raffinose,439242,16634,138.0,OC[C@H]1O[C@@](CO)(O[C@H]2O[C@H](CO[C@H]3O[C@H](CO)[C@H](O)[C@H](O)[C@H]3O)[C@@H](O)[C@H](O)[C@H]2O)[C@@H](O)[C@@H]1O,True
C00493,Shikimic acid,8742,16119,338.0,O[C@@H]1CC(=C[C@@H](O)[C@H]1O)C(O)=O,True
C00497,D-Malic acid,92824,30796,None,O[C@H](CC(O)=O)C(O)=O,True
C00498,ADP-glucose,16500,15751,None,NC1=C2N=CN([C@@H]3O[C@H](COP(O)(=O)OP(O)(=O)O[C@H]4O[C@H](CO)[C@@H](O)[C@H](O)[C@H]4O)[C@@H](O)[C@H]3O)C2=NC=N1,True
C00499,Allantoic acid,203,30837,343.0,NC(=O)NC(NC(N)=O)C(O)=O,True
C00502,D-Xylonic acid,6602431,48093,None,OC[C@@H](O)[C@H](O)[C@@H](O)C(O)=O,True
C00504,Folic acid,6037,27470,246.0,NC1=NC(=O)C2=NC(CNC3=CC=C(C=C3)C(=O)N[C@@H](CCC(O)=O)C(O)=O)=CN=C2N1,True
C00506,Cysteic acid,25701,21260,332.0,NC(CS(O)(=O)=O)C(O)=O,True
C00507,Rhamnose,25310,62346,5812.0,C[C@@H]1OC(O)[C@H](O)[C@H](O)[C@H]1O,True
C00508,L-Ribulose,9920423,16880,6908.0,OC[C@]1(O)OC[C@H](O)[C@@H]1O,True
C00509,Naringenin,439246,17846,3401.0,OC1=CC=C(C=C1)[C@@H]1CC(=O)C2=C(O1)C=C(O)C=C2O,True
C00512,Benzoyl-CoA,9543169,15515,6574.0,CC(C)(COP(O)(=O)OP(O)(=O)OC[C@H]1O[C@H]([C@H](O)[C@@H]1OP(O)(O)=O)N1C=NC2=C1N=CN=C2N)[C@@H](O)C(=O)NCCC(=O)NCCSC(=O)C1=CC=CC=C1,True
C00514,D-Mannonic acid,3246006,33076,None,OC[C@@H](O)[C@@H](O)[C@H](O)[C@H](O)C(O)=O,True
C00515,D-Ornithine,71082,16176,6910.0,NCCC[C@@H](N)C(O)=O,True
C00519,Hypotaurine,107812,16668,281.0,NCCS(O)=O,True
C00522,Pantoic acid,None,18697,None,CC(C)(CO)[C@@H](O)C(O)=O,True
C00526,Deoxyuridine,13712,16450,5086.0,OC[C@H]1O[C@H](C[C@@H]1O)N1C=CC(=O)NC1=O,True
C00527,Glutaryl-CoA,3081383,15524,6173.0,CC(C)(COP(O)(=O)OP(O)(=O)OC[C@H]1O[C@H]([C@H](O)[C@@H]1OP(O)(O)=O)N1C=NC2=C1N=CN=C2N)[C@@H](O)C(=O)NCCC(=O)NCCSC(=O)CCCC(O)=O,True
C00530,Hydroquinone,785,17594,6681.0,OC1=CC=C(O)C=C1,True
C00531,Itaconyl-CoA,439254,15528,None,CC(C)(COP(O)(=O)OP(O)(=O)OC[C@H]1O[C@H]([C@H](O)[C@@H]1OP(O)(O)=O)N1C=NC2=C(N)N=CN=C12)C(O)C(=O)NCCC(=O)NCCSC(=O)CC(=C)C(O)=O,True
C00533,Nitric oxide,145068,16480,6912.0,[N]=O,True
C00534,Pyridoxamine,1052,16410,238.0,CC1=C(O)C(CN)=C(CO)C=N1,True
C00536,Triphosphate,983,39949,6913.0,OP(O)(=O)OP(O)(=O)OP(O)(O)=O,True
C00542,Allocystathionine,10104953,165853,5444.0,N[C@@H](CCSCC(N)C(O)=O)C(O)=O,True
C00546,Pyruvaldehyde,880,17158,6049.0,CC(=O)C=O,True
C00548,None,None,None,None,None,False
C00552,meso-Tartaric acid,None,15673,None,None,True
C00555,4-Aminobutyraldehyde,118,17769,3225.0,NCCCC=O,True
C00558,5-Keto-D-gluconate,157,17886,None,OCC(=O)C(O)C(O)C(O)C(O)=O,True
C00559,Deoxyadenosine,13730,17256,3382.0,NC1=C2N=CN([C@H]3C[C@H](O)[C@@H](CO)O3)C2=NC=N1,True
C00561,Mandelonitrile,9548674,18450,None,O[C@@H](C#N)C1=CC=CC=C1,True
C00565,Trimethylamine,1146,18139,3772.0,CN(C)C,True
C00568,p-Aminobenzoic acid,978,30753,3261.0,NC1=CC=C(C=C1)C(O)=O,True
C00575,Cyclic AMP,6076,17489,5120.0,[H][C@@]12COP(O)(=O)O[C@@]1([H])[C@@H](O)[C@@H](O2)N1C=NC2=C1N=CN=C2N,True
C00576,Betaine aldehyde,249,15710,278.0,C[N+](C)(C)CC=O,True
C00577,D-Glyceraldehyde,3856,17378,None,None,True
C00579,Dihydrolipoamide,663,17694,5920.0,OC(=N)CCCCC(S)CCS,True
C00580,Dimethylsulfide,1068,17437,6603.0,CSC,True
C00582,Phenylacetyl-CoA,165620,15537,None,CC(C)(COP(O)(=O)OP(O)(=O)OC[C@H]1O[C@H]([C@H](O)[C@@H]1OP(O)(O)=O)N1C=NC2=C(N)N=CN=C12)[C@@H](O)C(=O)NCCC(=O)NCCSC(=O)CC1=CC=CC=C1,True
C00583,Propylene glycol,259994,28972,3220.0,C[C@@H](O)CO,True
C00586,None,None,None,None,None,False
C00590,Coniferyl alcohol,1549095,17745,None,COC1=C(O)C=CC(\C=C\CO)=C1,True
C00596,"2-Hydroxy-2,4-pentadienoate",None,1113,None,None,True
C00601,Phenylacetaldehyde,998,16424,None,O=CCC1=CC=CC=C1,True
C00603,(S)-Ureidoglycolic acid,439269,15412,5935.0,NC(=O)N[C@@H](O)C(O)=O,True
C00606,3-Sulfinoalanine,1549098,16345,5927.0,N[C@@H](CS(O)=O)C(O)=O,True
C00612,N1-Acetylspermidine,496,17927,3323.0,CC(=O)NCCCNCCCCN,True
C00615,None,None,None,None,None,False
C00618,3-Dehydro-L-gulonate,439273,16142,None,OC[C@H](O)[C@@H](O)C(=O)[C@H](O)C(O)=O,True
C00620,Ribose 1-phosphate,439236,16300,6273.0,OC[C@H]1O[C@H](OP(O)(O)=O)[C@H](O)[C@@H]1O,True
C00624,N-Acetyl-L-glutamic acid,70914,17533,6031.0,CC(=O)N[C@@H](CCC(O)=O)C(O)=O,True
C00627,Pyridoxine 5'-phosphate,1055,28803,6156.0,CC1=NC=C(COP(O)(O)=O)C(CO)=C1O,True
C00630,Isobutyryl-CoA,3036931,15479,6103.0,CC(C)C(=O)SCCNC(=O)CCNC(=O)[C@H](O)C(C)(C)COP(O)(=O)OP(O)(=O)OC[C@H]1O[C@H]([C@H](O)[C@@H]1OP(O)(O)=O)N1C=NC2=C1N=CN=C2N,True
C00631,2-Phospho-D-glyceric acid,439278,17835,6915.0,OC[C@@H](OP(O)(O)=O)C(O)=O,True
C00632,3-Hydroxyanthranilic acid,86,15793,3275.0,NC1=C(O)C=CC=C1C(O)=O,True
C00636,D-Mannose 1-phosphate,439279,18205,6245.0,OC[C@H]1O[C@H](OP(O)(O)=O)[C@@H](O)[C@@H](O)[C@@H]1O,True
C00638,Long-chain fatty acid,None,15904,None,None,True
C00641,"1,2-Diacyl-sn-glycerol",None,17815,None,None,True
C00642,p-Hydroxyphenylacetic acid,127,18101,130.0,OC(=O)CC1=CC=C(O)C=C1,True
C00644,Mannitol 1-phosphate,130418,16298,6302.0,OC[C@@H](O)[C@@H](O)[C@H](O)[C@H](O)COP(O)(O)=O,True
C00645,N-Acetylmannosamine,11096158,63154,6024.0,CC(=O)N[C@@H]1[C@H](O)O[C@H](CO)[C@@H](O)[C@@H]1O,True
C00647,Pyridoxamine 5'-phosphate,1053,18335,None,CC1=NC=C(COP(O)(O)=O)C(CN)=C1O,True
C00655,Xanthylic acid,73323,15652,None,O[C@@H]1[C@@H](COP(O)(O)=O)O[C@H]([C@@H]1O)N1C=NC2=C1NC(=O)NC2=O,True
C00661,None,None,None,None,None,False
C00662,None,None,None,None,None,False
C00663,beta-D-Glucose 1-phosphate,466,None,None,OCC1OC(OP(O)(O)=O)C(O)C(O)C1O,True
C00666,Diaminopimelic acid,439283,16026,352.0,N[C@@H](CCC[C@H](N)C(O)=O)C(O)=O,True
C00667,None,None,None,None,None,False
C00668,alpha-D-Glucose 6-phosphate,None,None,None,None,True
C00669,gamma-Glutamylcysteine,123938,17515,5966.0,N[C@@H](CCC(=O)N[C@@H](CS)C(O)=O)C(O)=O,True
C00670,Glycerophosphocholine,657272,16870,370.0,C[N+](C)(C)CCOP([O-])(=O)OC[C@H](O)CO,True
C00671,3-Methyl-2-oxovaleric acid,439286,15614,5478.0,CC[C@H](C)C(=O)C(O)=O,True
C00672,Deoxyribose 1-phosphate,439287,28542,6182.0,OC[C@H]1OC(C[C@@H]1O)OP(O)(O)=O,True
C00673,Deoxyribose 5-phosphate,45934311,16132,5956.0,O[C@H]1C[C@H](O)[C@@H](COP(O)(O)=O)O1,True
C00676,None,None,None,None,None,False
C00679,5-Dehydro-4-deoxy-D-glucarate,None,16369,None,None,True
C00680,None,None,None,None,None,False
C00681,1-Acyl-sn-glycerol 3-phosphate,None,16975,None,None,True
C00683,S-Methylmalonyl-CoA,21252287,None,6609.0,C[C@@H](C(O)=O)C(=O)SCCNC(=O)CCNC(=O)[C@H](O)C(C)(C)COP(O)(=O)OP(O)(=O)OCC1OC([C@H](O)[C@@H]1OP(O)(O)=O)N1C=NC2=C(N)N=CN=C12,True
C00685,3-Oxoacyl-[acyl-carrier protein],3954,None,None,None,True
C00688,dTDP-4-dehydro-6-deoxy-beta-L-mannose,443211,45868,None,C[C@@H]1O[C@H](OP(O)(=O)OP(O)(=O)OC[C@H]2O[C@H](C[C@@H]2O)N2C=C(C)C(=O)NC2=O)[C@H](O)[C@H](O)C1=O,True
C00689,Trehalose 6-phosphate,122336,18283,6019.0,OC[C@H]1O[C@H](O[C@H]2O[C@H](COP(O)(O)=O)[C@@H](O)[C@H](O)[C@H]2O)[C@H](O)[C@@H](O)[C@@H]1O,True
C00692,UDP-N-acetylmuramoyl-L-alanyl-D-glutamate,None,16970,None,None,True
C00693,"trans-2,3-Dehydroacyl-[acyl-carrier protein]",None,None,None,None,True
C00695,Cholic acid,221493,16359,206.0,C[C@H](CCC(O)=O)[C@H]1CC[C@H]2[C@@H]3[C@H](O)C[C@@H]4C[C@H](O)CC[C@]4(C)[C@H]3C[C@H](O)[C@]12C,True
C00698,Chloride ion,312,17996,None,[Cl-],True
C00700,Xanthosine 5-triphosphate,439296,10049,None,O[C@@H]1[C@@H](COP(O)(=O)OP(O)(=O)OP(O)(O)=O)O[C@H]([C@@H]1O)N1C=NC2=C1N=C(O)N=C2O,True
C00703,Mercury,26623,16793,None,[Hg++],True
C00704,Superoxide,5359597,18421,None,[O][O-],True
C00705,dCDP,150855,28846,6105.0,NC1=NC(=O)N(C=C1)[C@H]1C[C@H](O)[C@@H](COP(O)(=O)OP(O)(O)=O)O1,True
C00712,Oleic acid,445639,16196,190.0,CCCCCCCC\C=C/CCCCCCCC(O)=O,True
C00714,Pectin,441476,47954,6916.0,O[C@@H]1O[C@@H]([C@H](O)[C@H](O)[C@H]1O)C(O)=O,True
C00716,None,None,None,None,None,False
C00718,Amylose,53477771,28102,6917.0,CO[C@H]1O[C@H](CO)[C@@H](O[C@H]2O[C@H](CO)[C@@H](OC)[C@H](O)[C@H]2O)[C@H](O)[C@H]1O,True
C00719,Betaine,247,41139,287.0,C[N+](C)(C)CC(O)=O,True
C00721,Dextrin,62698,None,None,OC[C@H]1OC(O[C@H]2[C@H](O)[C@@H](O)C(O[C@H]3[C@H](O)[C@@H](O)[C@@H](O)O[C@@H]3CO)O[C@@H]2CO)[C@H](O)[C@@H](O)[C@@H]1O,True
C00725,Thioctic acid,864,16494,None,OC(=O)CCCCC1CCSS1,True
C00736,DL-Cysteine,594,15356,None,NC(CS)C(O)=O,True
C00739,D-Lysine,57449,16855,6919.0,NCCCC[C@@H](N)C(O)=O,True
C00740,D-Serine,71077,16523,6920.0,N[C@H](CO)C(O)=O,True
C00748,Siroheme,None,28599,None,None,True
C00760,Cellulose,4022,18246,None,None,True
C00768,None,None,None,None,None,False
C00770,None,None,None,None,None,False
C00787,tRNA(Tyr),None,29182,None,None,True
C00791,Creatinine,588,16737,8.0,CN1CC(=O)NC1=N,True
C00792,D-Arginine,71070,15816,6924.0,N[C@H](CCCNC(N)=N)C(O)=O,True
C00793,D-Cysteine,92851,16375,None,N[C@H](CS)C(O)=O,True
C00794,Sorbitol,5780,17924,143.0,OC[C@H](O)[C@@H](O)[C@H](O)[C@H](O)CO,True
C00798,Formyl-CoA,439313,15522,None,CC(C)(COP(O)(=O)OP(O)(=O)OC[C@H]1O[C@H]([C@H](O)[C@@H]1OP(O)(O)=O)N1C=NC2=C1N=CN=C2N)C(O)C(=O)NCCC(=O)NCCSC=O,True
C00800,Gulonic acid,152304,87753,344.0,OC[C@@H](O)[C@H](O)[C@@H](O)[C@@H](O)C(O)=O,True
C00802,Oxaluric acid,456,16582,None,OC(=N)N=C(O)C(O)=O,True
C00806,Alanyltryptophan,85362,73808,None,C[C@H](N)C(=O)N[C@@H](CC1=CNC2=C1C=CC=C2)C(O)=O,True
C00811,4-Hydroxycinnamic acid,637542,32374,6450.0,OC(=O)\C=C\C1=CC=C(O)C=C1,True
C00817,D-Altronate,None,17360,None,None,True
C00818,Glucaric acid,33037,16002,5633.0,O[C@@H]([C@H](O)[C@@H](O)C(O)=O)[C@H](O)C(O)=O,True
C00819,D-Glutamine,145815,17061,6926.0,N[C@H](CCC(N)=O)C(O)=O,True
C00826,L-arogenate,74413465,None,None,[NH3+]C(CC1(C=CC(O)C=C1)C([O-])=O)C([O-])=O,True
C00828,Menatetrenone,5282367,78277,None,CC(C)=CCC\C(C)=C\CC\C(C)=C\CC\C(C)=C\CC1=C(C)C(=O)C2=CC=CC=C2C1=O,True
C00831,Pantetheine,479,16753,6928.0,CC(C)(CO)C(O)C(=O)NCCC(=O)NCCS,True
C00842,dTDP-D-glucose,443210,15700,6163.0,CC1=CN([C@H]2C[C@H](O)[C@@H](COP(O)(=O)OP(O)(=O)O[C@H]3O[C@H](CO)[C@@H](O)[C@H](O)[C@H]3O)O2)C(=O)NC1=O,True
C00844,Prunasin,119033,17396,None,OC[C@H]1O[C@@H](O[C@@H](C#N)C2=CC=CC=C2)[C@H](O)[C@@H](O)[C@@H]1O,True
C00853,Cob(I)alamin,53477772,15982,None,[H][C@]12[C@H](CC(N)=O)[C@@]3(C)CCC(=O)NC[C@@H](C)OP(O)(=O)O[C@@H]4[C@@H](CO)O[C@@H]([C@@H]4O)N4C=[N+](C5=CC(C)=C(C)C=C45)[Co-4]456N1C3=C(C)C1=[N+]4C(=CC3=[N+]5C(=C(C)C4=[N+]6[C@]2(C)[C@@](C)(CC(N)=O)[C@@H]4CCC(N)=O)[C@@](C)(CC(N)=O)[C@@H]3CCC(N)=O)C(C)(C)[C@@H]1CCC(N)=O,True
C00855,Amethopterin,4112,16867,None,CN(CC1=CN=C2N=C(N)N=C(N)C2=N1)C1=CC=C(C=C1)C(=O)NC(CCC(O)=O)C(O)=O,True
C00856,None,None,None,None,None,False
C00857,Nicotinic acid adenine dinucleotide,165491,18304,4234.0,NC1=C2N=CN([C@@H]3O[C@H](COP(O)(=O)OP(O)(=O)OC[C@H]4O[C@H]([C@H](O)[C@@H]4O)[N+]4=CC=CC(=C4)C(O)=O)[C@@H](O)[C@H]3O)C2=NC=N1,True
C00860,L-Histidinol,165271,16255,3267.0,N[C@H](CO)CC1=CNC=N1,True
C00861,15(S)-Hydroxyeicosatrienoic acid,5283145,88348,None,CCCCC[C@H](O)\C=C\C=C/C\C=C/CCCCCCC(O)=O,True
C00864,Pantothenic acid,6613,46905,None,CC(C)(CO)[C@@H](O)C(=O)NCCC(O)=O,True
C00868,Methoxy arachidonyl fluorophosphonate,4125,None,None,CCCCCC=CCC=CCC=CCC=CCCCCP(F)(=O)OC,True
C00877,Crotonoyl-CoA,5497143,15473,440.0,C\C=C\C(=O)SCCNC(=O)CCNC(=O)[C@H](O)C(C)(C)COP(O)(=O)OP(O)(=O)OC[C@H]1O[C@H]([C@H](O)[C@@H]1OP(O)(O)=O)N1C=NC2=C1N=CN=C2N,True
C00879,Galactaric acid,3037582,30852,5612.0,O[C@@H]([C@@H](O)[C@H](O)C(O)=O)[C@@H](O)C(O)=O,True
C00880,Galactonic acid,128869,16534,3336.0,OC[C@@H](O)[C@H](O)[C@H](O)[C@@H](O)C(O)=O,True
C00881,Deoxycytidine,13711,15698,3367.0,NC1=NC(=O)N(C=C1)[C@H]1C[C@H](O)[C@@H](CO)O1,True
C00882,Dephospho-CoA,444485,15468,3689.0,CC(C)(COP(O)(=O)OP(O)(=O)OC[C@H]1O[C@H]([C@H](O)[C@@H]1O)N1C=NC2=C1N=CN=C2N)[C@@H](O)C(=O)NCCC(=O)NCCS,True
C00885,isochorismate,189062,17582,None,[H][C@]1(O)C(=CC=C[C@]1([H])OC(=C)C(O)=O)C(O)=O,True
C00886,L-Alanyl-tRNA,None,17732,None,None,True
C00887,Nitrous oxide,948,17045,None,[O-][N+]#N,True
C00894,Acrylyl-CoA,9543026,15513,446.0,CC(C)(COP(O)(=O)OP(O)(=O)OC[C@H]1O[C@H]([C@H](O)[C@@H]1OP(O)(O)=O)N1C=NC2=C1N=CN=C2N)[C@@H](O)C(=O)NCCC(=O)NCCSC(=O)C=C,True
C00897,None,None,None,None,None,False
C00898,Tartaric acid,444305,15671,None,O[C@H]([C@@H](O)C(O)=O)C(O)=O,True
C00900,2-Acetolactate,22,16444,None,CC(=O)C(C)(O)C(O)=O,True
C00905,D-Fructuronate,None,4126,None,None,True
C00906,Dihydrothymine,676414,27468,5135.0,C[C@H]1CNC(=O)NC1=O,True
C00918,Chloramphenicol,5959,17698,None,OC[C@@H](NC(=O)C(Cl)Cl)[C@H](O)C1=CC=C(C=C1)[N+]([O-])=O,True
C00921,"7,8-Dihydropteroic acid",170,4581,6228.0,NC1=NC2=C(N=C(CNC3=CC=C(C=C3)C(O)=O)CN2)C(=O)N1,True
C00923,None,None,None,None,None,False
C00924,None,None,None,None,None,False
C00931,Porphobilinogen,1021,17381,76.0,NCC1=C(CC(O)=O)C(CCC(O)=O)=CN1,True
C00934,None,None,None,None,None,False
C00935,UDP-L-arabinose,644105,61455,None,O[C@@H]1[C@@H](COP(O)(=O)OP(O)(=O)O[C@H]2OC[C@H](O)[C@H](O)[C@H]2O)O[C@H]([C@@H]1O)N1C=CC(=O)NC1=O,True
C00937,D-Lactaldehyde,439350,17167,None,C[C@@H](O)C=O,True
C00940,2-Keto-glutaramic acid,48,30882,6318.0,NC(=O)CCC(=O)C(O)=O,True
C00942,Cyclic GMP,24316,16356,6152.0,NC1=NC2=C(N=CN2[C@@H]2O[C@@H]3COP(O)(=O)O[C@H]3[C@H]2O)C(=O)N1,True
C00944,3-Dehydroquinic acid,439351,17947,None,O[C@@H]1C[C@@](O)(CC(=O)[C@H]1O)C(O)=O,True
C00957,3-Mercaptopyruvic acid,98,16208,6195.0,OC(=O)C(=O)CS,True
C00962,beta-D-Galactose,439353,27667,6933.0,OC[C@H]1O[C@@H](O)[C@H](O)[C@@H](O)[C@H]1O,True
C00963,beta-D-Glucoside,4214,22798,None,None,True
C00966,2-dehydropantoate,None,17094,None,CC(C)(CO)C(=O)C(O)=O,True
C00969,3-Hydroxypropanal,75049,17871,6935.0,OCCC=O,True
C00979,O-Acetylserine,99478,17981,3270.0,CC(=O)OC[C@H](N)C(O)=O,True
C00984,alpha-D-Galactose,None,None,None,None,True
C00986,"1,3-Diaminopropane",428,15725,5081.0,NCCCN,True
C00988,Phosphoglycolic acid,529,17150,5780.0,OC(=O)COP(O)(O)=O,True
C00989,4-Hydroxybutyric acid,10413,30830,5678.0,OCCCC(O)=O,True
C00993,D-Alanyl-D-alanine,5460362,16576,6937.0,C[C@@H](N)C(=O)N[C@H](C)C(O)=O,True
C01005,Phosphoserine,68841,15811,5270.0,N[C@@H](COP(O)(O)=O)C(O)=O,True
C01007,Riboflavin reduced,22833571,169293,6322.0,OC[C@@H](O)[C@H](O)[C@H](O)CN1C2=CC=CC=C2N=C2C(=O)NC(=O)N=C12,True
C01013,Hydroxypropionic acid,68152,33404,5668.0,OCCC(O)=O,True
C01019,L-Fucose,17106,42548,5812.0,C[C@@H]1O[C@@H](O)[C@@H](O)[C@H](O)[C@@H]1O,True
C01024,Hydroxymethylbilane,788,16645,3699.0,OCC1=C(CC(O)=O)C(CCC(O)=O)=C(CC2=C(CC(O)=O)C(CCC(O)=O)=C(CC3=C(CC(O)=O)C(CCC(O)=O)=C(CC4=C(CC(O)=O)C(CCC(O)=O)=CN4)N3)N2)N1,True
C01029,N8-Acetylspermidine,123689,27911,6535.0,CC(=O)NCCCCNCCCN,True
C01031,S-Formylglutathione,189122,16225,3469.0,N[C@@H](CCC(=O)N[C@@H](CSC=O)C(=O)NCC(O)=O)C(O)=O,True
C01037,"7,8-diaminopelargonate",652,2247,None,CC(N)C(N)CCCCCC(O)=O,True
C01050,UDP-N-acetylmuraminate,1169,88385,None,CC(OC1C(O)C(CO)OC(OP(O)(=O)OP(O)(=O)OCC2OC(C(O)C2O)N2C=CC(=O)NC2=O)C1NC(C)=O)C(O)=O,True
C01051,Uroporphyrinogen III,1179,15437,79.0,OC(=O)CCC1=C2CC3=C(CCC(O)=O)C(CC(O)=O)=C(CC4=C(CC(O)=O)C(CCC(O)=O)=C(CC5=C(CC(O)=O)C(CCC(O)=O)=C(CC(N2)=C1CC(O)=O)N5)N4)N3,True
C01062,None,None,None,None,None,False
C01063,pimeloyl-CoA,3082140,15504,None,CC(C)(COP(O)(=O)OP(O)(=O)OC[C@H]1O[C@H]([C@H](O)[C@@H]1OP(O)(O)=O)N1C=NC2=C1N=CN=C2N)[C@@H](O)C(=O)NCCC(=O)NCCSC(=O)CCCCCC(O)=O,True
C01077,Acetylhomoserine,528,7671,None,CC(=O)OCCC(N)C(O)=O,True
C01079,Protoporphyrinogen IX,121893,15435,6003.0,CC1=C2CC3=C(C)C(C=C)=C(CC4=C(C)C(C=C)=C(CC5=C(C)C(CCC(O)=O)=C(CC(N2)=C1CCC(O)=O)N5)N4)N3,True
C01081,Thiamine monophosphate,1131,9533,3488.0,CC1=C(CCOP(O)(O)=O)SC=[N+]1CC1=CN=C(C)N=C1N,True
C01083,Trehalose,7427,16551,5913.0,OC[C@H]1O[C@H](O[C@H]2O[C@H](CO)[C@@H](O)[C@H](O)[C@H]2O)[C@H](O)[C@@H](O)[C@@H]1O,True
C01087,D-2-Hydroxyglutaric acid,439391,32796,5581.0,O[C@H](CCC(O)=O)C(O)=O,True
C01092,8-Amino-7-oxononanoic acid,448124,149468,None,C[C@H](N)C(=O)CCCCCC(O)=O,True
C01094,"3a,6b,7a,12a-Tetrahydroxy-5b-cholanoic acid",10400369,139419,378.0,[H][C@@]12CC[C@H]([C@H](C)CCC(O)=O)[C@@]1(C)[C@@H](O)C[C@@]1([H])[C@@]2([H])[C@H](O)[C@@H](O)[C@]2([H])C[C@H](O)CC[C@]12C,True
C01096,Sorbitol-6-phosphate,618,743019,None,OCC(O)C(O)C(O)C(O)COP(O)(O)=O,True
C01097,D-Tagatose 6-phosphate,439396,4251,None,OCC1(O)O[C@H](COP(O)(O)=O)[C@H](O)[C@@H]1O,True
C01099,L-Fuculose 1-phosphate,None,16647,None,None,True
C01100,L-histidinol-phosphate,439398,16996,None,N[C@H](COP(O)(O)=O)CC1=CNC=N1,True
C01101,L-Ribulose 5-phosphate,None,17666,None,None,True
C01102,O-Phosphohomoserine,151187,15961,None,N[C@@H](CCOP(O)(O)=O)C(O)=O,True
C01103,Orotidylic acid,160617,15842,5228.0,O[C@H]1[C@@H](O)[C@@H](O[C@@H]1COP(O)(O)=O)N1C(=O)NC(=O)C=C1C(O)=O,True
C01104,Trimethylamine N-oxide,1145,15724,5876.0,C[N+](C)(C)[O-],True
C01112,D-Arabinose 5-phosphate,188324,16241,None,O[C@H](COP(O)(O)=O)[C@@H](O)[C@H](O)C=O,True
C01117,None,None,None,None,None,False
C01118,O-Succinyl-L-homoserine,954,None,None,NC(CCOC(=O)CCC(O)=O)C(O)=O,True
C01127,4-Hydroxy-2-oxoglutaric acid,599,30923,6471.0,OC(CC(=O)C(O)=O)C(O)=O,True
C01131,L-Rhamnulose 1-phosphate,None,17892,None,None,True
C01132,N-Acetylgalactosamine,84265,40356,5222.0,CC(=O)N[C@H]1[C@@H](O)O[C@H](CO)[C@H](O)[C@@H]1O,True
C01134,Pantetheine 4'-phosphate,115254,4222,None,CC(C)(COP(O)(O)=O)[C@@H](O)C(=O)NCCC(=O)NCCS,True
C01137,S-Adenosylmethioninamine,439415,15625,3501.0,C[S+](CCCN)C[C@H]1O[C@H]([C@H](O)[C@@H]1O)N1C=NC2=C1N=CN=C2N,True
C01142,"(3S)-3,6-Diaminohexanoate",439417,15613,None,NCCC[C@H](N)CC(O)=O,True
C01144,(S)-3-Hydroxybutyryl-CoA,439419,None,None,[H][C@@](C)(O)CC(=O)SCCN=C(O)CCN=C(O)C([H])(O)C(C)(C)COP(O)(=O)OP(O)(=O)OC[C@@]1([H])O[C@@]([H])(N2C=NC3=C(N)N=CN=C23)[C@]([H])(O)[C@]1([H])OP(O)(O)=O,True
C01146,Tartronate semialdehyde,1122,16992,None,OC(C=O)C(O)=O,True
C01151,"Ribose 1,5-bisphosphate",14035695,68819,None,O[C@H]1[C@@H](O)[C@@H](OP(O)(O)=O)O[C@@H]1COP(O)(O)=O,True
C01157,4-Hydroxyproline,5810,18095,257.0,O[C@H]1CN[C@@H](C1)C(O)=O,True
C01161,"3,4-Dihydroxybenzeneacetic acid",547,41941,6170.0,OC(=O)CC1=CC(O)=C(O)C=C1,True
C01165,L-Glutamic gamma-semialdehyde,193305,17232,6488.0,N[C@@H](CCC=O)C(O)=O,True
C01168,Pseudouridine 5'-phosphate,439424,18116,None,O[C@H]1[C@@H](O)[C@@H](O[C@@H]1COP(O)(O)=O)C1=CNC(=O)NC1=O,True
C01170,UDP-N-acetyl-D-mannosamine,53481607,16287,None,CC(=O)N[C@@H]1[C@H](O)[C@@H](O)[C@H](CO)OC1OP(O)(=O)OP(O)(=O)OC[C@@H]1O[C@@H]([C@@H](O)[C@H]1O)N1C=CC(=O)NC1=O,True
C01172,beta-D-Glucose 6-phosphate,439427,17719,None,O[C@@H]1O[C@H](COP(O)(O)=O)[C@@H](O)[C@H](O)[C@H]1O,True
C01177,myo-Inositol 6-phosphate,None,64838,359.0,O[C@@H]1[C@@H](O)[C@H](O)[C@@H](OP(O)(O)=O)[C@H](O)[C@@H]1O,True
C01179,4-Hydroxyphenylpyruvic acid,979,15999,5675.0,OC(=O)C(=O)CC1=CC=C(O)C=C1,True
C01180,2-Oxo-4-methylthiobutanoic acid,473,33574,6319.0,CSCCC(=O)C(O)=O,True
C01181,4-Trimethylammoniobutanoic acid,725,16244,6043.0,C[N+](C)(C)CCCC([O-])=O,True
C01182,"D-Ribulose 1,5-bisphosphate",1192,None,None,OC(COP(O)(O)=O)C(O)C(=O)COP(O)(O)=O,True
C01185,Nicotinic acid mononucleotide,121992,37008,6026.0,O[C@H]1[C@@H](O)[C@@H](O[C@@H]1COP(O)(O)=O)[N+]1=CC=CC(=C1)C(O)=O,True
C01187,Keto-3-deoxy-D-manno-octulosonic acid,817,None,None,OCC(O)C(O)C(O)C(O)CC(=O)C(O)=O,True
C01190,GlcCer(d18:1/12:0),20057354,76297,7222.0,CCCCCCCCCCCCC\C=C\[C@@H](O)[C@H](CO[C@@H]1O[C@H](CO)[C@@H](O)[C@H](O)[C@H]1O)NC(=O)CCCCCCCCCCC,True
C01197,cis-Caffeic acid,1549111,17395,3316.0,OC(=O)\C=C/C1=CC(O)=C(O)C=C1,True
C01204,myo-Inositol hexakisphosphate,890,17401,6941.0,OP(O)(=O)O[C@H]1[C@H](OP(O)(O)=O)[C@@H](OP(O)(O)=O)[C@H](OP(O)(O)=O)[C@H](OP(O)(O)=O)[C@@H]1OP(O)(O)=O,True
C01209,Malonyl-ACP,None,17330,None,OC(=O)CC(=O)S[*],True
C01212,UDP-N-acetylmuramoyl-L-alanine,None,84726,None,None,True
C01213,L-methylmalonyl-CoA,4435,None,None,CC12CCC3C(C1CCC2OC(=O)CCC4=CC=CC=C4)CCC5=CC(=O)CCC35,True
C01216,2-Keto-3-deoxy-D-gluconic acid,194024,17028,6184.0,OC[C@@H](O)[C@H](O)CC(=O)C(O)=O,True
C01217,"5,6,7,8-Tetrahydromethanopterin",5462234,17321,None,C[C@@H](NC1=CC=C(C[C@H](O)[C@H](O)[C@H](O)CO[C@H]2O[C@H](COP(O)(=O)O[C@@H](CCC(O)=O)C(O)=O)[C@@H](O)[C@H]2O)C=C1)[C@@H]1NC2=C(N[C@H]1C)NC(=N)N=C2O,True
C01222,GDP-4-Dehydro-6-deoxy-D-mannose,439446,16955,6180.0,C[C@H]1O[C@H](OP(O)(=O)OP(O)(=O)OC[C@H]2O[C@H]([C@H](O)[C@@H]2O)N2C=NC3=C2N=C(N)NC3=O)[C@@H](O)[C@@H](O)C1=O,True
C01225,Glycerophosphoinositol,None,18321,None,OC[C@@H](O)COP(O)(=O)O[C@H]1[C@H](O)[C@@H](O)[C@H](O)[C@@H](O)[C@H]1O,True
C01228,"Guanosine 3',5'-bis(diphosphate)",439450,17633,None,[H][C@]1(COP(O)(=O)OP(O)(O)=O)O[C@@]([H])(N2C=NC3=C2NC(=N)N=C3O)[C@]([H])(O)[C@]1([H])OP(O)(=O)OP(O)(O)=O,True
C01233,Glycerylphosphorylethanolamine,123874,52330,5151.0,NCCOP(O)(=O)OCC(O)CO,True
C01235,beta-Cortol,439451,17505,None,[H][C@@]12CC[C@](O)([C@H](O)CO)[C@@]1(C)C[C@H](O)[C@@]1([H])[C@@]2([H])CC[C@]2([H])C[C@H](O)CC[C@]12C,True
C01236,6-Phosphonoglucono-D-lactone,439452,16938,6022.0,O[C@H]1[C@H](O)[C@@H](COP(O)(O)=O)OC(=O)[C@@H]1O,True
C01242,S-Aminomethyldihydrolipoylprotein,None,16882,None,None,True
C01250,N-Acetyl-L-glutamate 5-semialdehyde,192878,16319,None,CC(=O)N[C@@H](CCC=O)C(O)=O,True
C01260,Diadenosine tetraphosphate,21706,17422,None,NC1=C2N=CN([C@@H]3O[C@H](COP(O)(=O)OP(O)(=O)OP(O)(=O)OP(O)(=O)OC[C@H]4O[C@H]([C@H](O)[C@@H]4O)N4C=NC5=C(N)N=CN=C45)[C@@H](O)[C@H]3O)C2=NC=N1,True
C01261,Diguanosine tetraphosphate,165186,15883,4175.0,NC1=NC2=C(N=CN2[C@@H]2O[C@H](COP(O)(=O)OP(O)(=O)OP(O)(=O)OP(O)(=O)OC[C@H]3O[C@H]([C@H](O)[C@@H]3O)N3C=NC4=C3N=C(N)NC4=O)[C@@H](O)[C@H]2O)C(=O)N1,True
C01267,Imidazole acetol-phosphate,792,16426,None,OP(O)(=O)OCC(=O)CC1=CNC=N1,True
C01268,5-Amino-6-(5'-phosphoribosylamino)uracil,None,18337,None,None,True
C01269,5-O-(1-Carboxyvinyl)-3-phosphoshikimate,None,16257,None,None,True
C01271,(3R)-3-Hydroxyacyl-[acyl-carrier protein],4490,None,None,None,True
C01279,4-Amino-5-hydroxymethyl-2-methylpyrimidine,None,16892,None,CC1=NC=C(CO)C(N)=N1,True
C01286,2-Dehydro-3-deoxy-D-galactonate 6-phosphate,None,17860,None,None,True
C01289,None,None,None,None,None,False
C01290,LacCer(d18:1/12:0),131675307,89446,7123.0,[H][C@@](CO[C@@H]1O[C@H](CO)[C@@H](O[C@]2([H])O[C@H](CO)[C@H](O)[C@H](O)[C@H]2O)[C@H](O)[C@H]1O)(NC(=O)CCCCCCCCCCC)[C@H](O)\C=C\CCCCCCCCCCCCC,True
C01300,"6-hydroxymethyl-7,8-dihydropterin",None,17083,None,NC1=NC2=C(N=C(CO)CN2)C(=O)N1,True
C01302,1-(2-Carboxyphenylamino)-1-deoxy-D-ribulose 5-phosphate,None,29112,None,None,True
C01304,"2,5-diamino-6-(5-phospho-D-ribosylamino)pyrimidin-4(3H)-one",None,29114,None,NC1=NC(N[C@@H]2O[C@H](COP(O)(O)=O)[C@@H](O)[C@H]2O)=C(N)C(=O)N1,True
C01322,RX,None,17792,None,None,True
C01326,Hydrogen cyanide,768,18407,None,C#N,True
C01327,Hydrochloric acid,313,17883,None,Cl,True
C01328,Hydroxide,961,16234,None,[OH-],True
C01330,Sodium,923,29101,3192.0,[Na+],True
C01335,None,None,None,None,None,False
C01337,XDP,439486,None,None,None,True
C01342,Ammonium,16741146,28938,None,[NH4+],True
C01344,dIDP,439488,28823,None,O[C@H]1C[C@@H](O[C@@H]1CO[P@@](O)(=O)OP(O)(O)=O)N1C=NC2=C1NC=NC2=O,True
C01345,2'-Deoxyinosine triphosphate,146302,28807,None,O[C@H]1C[C@@H](O[C@@H]1COP(O)(=O)OP(O)(=O)OP(O)(O)=O)N1C=NC2=C1NC=NC2=O,True
C01346,dUDP,145729,28850,5931.0,O[C@H]1C[C@@H](O[C@@H]1COP(O)(=O)OP(O)(O)=O)N1C=CC(=O)NC1=O,True
C01352,FADH,446013,17877,6073.0,CC1=CC2=C(C=C1C)N(C[C@H](O)[C@H](O)[C@H](O)COP(O)(=O)OP(O)(=O)OC[C@H]1O[C@H]([C@H](O)[C@@H]1O)N1C=NC3=C1N=CN=C3N)C1=C(N2)C(=O)NC(=O)N1,True
C01353,None,None,None,None,None,False
C01367,3'-AMP,41211,28931,None,NC1=C2N=CN([C@@H]3O[C@H](CO)[C@@H](OP(O)(O)=O)[C@H]3O)C2=NC=N1,True
C01368,Uridine 3'-monophosphate,101543,28895,None,[H][C@]1(CO)O[C@@]([H])(N2C=CC(O)=NC2=O)[C@]([H])(O)[C@]1([H])OP(O)(O)=O,True
C01380,Polyethylene glycol,174,30742,None,[H]OCCO[H],True
C01390,Prenol,11173,16019,None,CC(C)=CCO,True
C01401,L-Alanine,5950,16977,None,None,True
C01412,Butanal,261,15743,6947.0,CCCC=O,True
C01413,Cadmium,31193,48775,None,[Cd++],True
C01417,Cyanate,540,28024,4001.0,OC#N,True
C01419,Cysteinylglycine,439498,4047,5134.0,N[C@@H](CS)C(=O)NCC(O)=O,True
C01438,Methane,297,16183,3190.0,C,True
C01444,Oxamate,4622,18058,None,None,True
C01451,Salicin,439503,17814,6948.0,OC[C@H]1O[C@@H](OC2=C(CO)C=CC=C2)[C@H](O)[C@@H](O)[C@@H]1O,True
C01468,p-Cresol,2879,17847,4236.0,CC1=CC=C(O)C=C1,True
C01478,Arsenate,234,18231,None,O[As](O)(O)=O,True
C01487,Allose,12285879,37741,348.0,[H][C@@]1(CO)OC(O)[C@@]([H])(O)[C@@]([H])(O)[C@@]1([H])O,True
C01496,None,None,None,None,None,False
C01499,Geranial,638011,16980,None,CC(C)=CCC\C(C)=C\C=O,True
C01500,Geraniol,643820,29452,None,CC(C)=CCC\C(C)=C/CO,True
C01508,Panipenem,4676,28480 62321,None,CC(O)C1C2CC(SC3CCN(C3)C(C)=N)=C(N2C1=O)C(O)=O,True
C01528,Hydrogen selenide,533,16503,None,[SeH2],True
C01530,Stearic acid,5281,28842,189.0,CCCCCCCCCCCCCCCCCC(O)=O,True
C01536,6-Hydroxysandoricin,1153,18186,None,COC(=O)C(O)C1C(C)(C)C(CC2OC34C(O)C(=O)OC(C5=COC=C5)C3(C)C(CC(C4=C)C12C)OC(C)=O)OC(C)=O,True
C01551,None,None,None,None,None,False
C01563,Carbamic acid,277,28616,6950.0,NC(O)=O,True
C01585,Caproic acid,8892,30776,5520.0,CCCCCC(O)=O,True
C01594,Lansoprazole,3883,6375,919.0,CC1=C(OCC(F)(F)F)C=CN=C1CS(=O)C1=NC2=CC=CC=C2N1,True
C01595,Linoleic acid,5280450,17351,191.0,CCCCC\C=C/C\C=C/CCCCCCCC(O)=O,True
C01602,"2,5-Diaminopentanoic acid",389,18257,None,NCCCC(N)C(=O)O,True
C01613,Stachyose,439531,17164,6951.0,OC[C@H]1O[C@@](CO)(O[C@H]2O[C@H](CO[C@H]3O[C@H](CO[C@H]4O[C@H](CO)[C@H](O)[C@H](O)[C@H]4O)[C@H](O)[C@H](O)[C@H]3O)[C@@H](O)[C@H](O)[C@H]2O)[C@@H](O)[C@@H]1O,True
C01628,None,None,None,None,None,False
C01635,tRNA(Ala),None,29170,None,None,True
C01636,tRNA(Arg),None,29171,None,None,True
C01637,tRNA(Asn),None,29172,None,None,True
C01638,tRNA(Asp),None,29186,None,None,True
C01639,tRNA(Cys),None,29167,None,None,True
C01640,tRNA(Gln),None,29168,None,None,True
C01641,tRNA(Glu),None,29175,None,None,True
C01642,tRNA(Gly),None,29176,None,None,True
C01643,tRNA(His),None,29178,None,None,True
C01644,tRNA(Ile),None,29174,None,None,True
C01645,tRNA(Leu),None,29169,None,None,True
C01646,tRNA(Lys),None,29185,None,None,True
C01647,tRNA(Met),None,29173,None,None,True
C01648,tRNA(Phe),None,29184,None,None,True
C01649,tRNA(Pro),None,29177,None,None,True
C01650,tRNA(Ser),None,29179,None,None,True
C01651,tRNA(Thr),None,29180,None,None,True
C01652,tRNA(Trp),None,29181,None,None,True
C01653,tRNA(Val),None,29183,None,None,True
C01661,Doxorubicin,31703,28748,None,COC1=CC=CC2=C1C(=O)C1=C(O)C3=C(C[C@](O)(C[C@@H]3O[C@H]3C[C@H](N)[C@H](O)[C@H](C)O3)C(=O)CO)C(O)=C1C2=O,True
C01672,Cadaverine,273,18127,3236.0,NCCCCCN,True
C01674,Chitobiose,22833609,None,6953.0,CC(=O)N[C@H]1[C@H](O)O[C@H](CO)[C@@H](O[C@@H]2O[C@H](CO)[C@@H](O)[C@H](O)[C@H]2NC(O)=O)[C@@H]1O,True
C01697,Galactitol,11850,16813,5148.0,OC[C@H](O)[C@@H](O)[C@@H](O)[C@H](O)CO,True
C01721,L-Fuculose,6857362,17617,None,[H][C@@](C)(O)[C@@]([H])(O)[C@@]([H])(O)C(=O)CO,True
C01733,Racemethionine,876,16811,None,CSCCC(N)C(O)=O,True
C01755,Thiocyanate,9322,18022,None,[S-]C#N,True
C01762,Xanthosine,64959,18107,3408.0,OC[C@H]1O[C@H]([C@H](O)[C@@H]1O)N1C=NC2=C1N=C(O)N=C2O,True
C01801,Deoxyribose,22833604,28816,3258.0,OC[C@@H]1O[C@H](O)C[C@H]1O,True
C01832,Lauroyl-CoA,165436,15521,6959.0,CCCCCCCCCCCC(=O)SCCNC(=O)CCNC(=O)[C@H](O)C(C)(C)COP(O)(=O)OP(O)(=O)OC[C@H]1O[C@H]([C@H](O)[C@@H]1OP(O)(O)=O)N1C=NC2=C1N=CN=C2N,True
C01834,(15S)-Prostaglandin A2,4953,6495,None,CCCCCC(O)C=CC1C=CC(=O)C1CC=CCCCC(O)=O,True
C01835,Maltotriose,439586,140999,3585.0,OC[C@H]1O[C@H](O[C@H]2[C@H](O)[C@@H](O)[C@@H](O[C@H]3[C@H](O)[C@@H](O)C(O)O[C@@H]3CO)O[C@@H]2CO)[C@H](O)[C@@H](O)[C@@H]1O,True
C01847,FMNH2,445395,16048,6034.0,CC1=CC2=C(C=C1C)N(C[C@H](O)[C@H](O)[C@H](O)COP(O)(O)=O)C1=C(N2)C(=O)NC(=O)N1,True
C01879,Pyroglutamic acid,7405,18183,3251.0,OC(=O)[C@@H]1CCC(=O)N1,True
C01882,None,None,None,None,None,False
C01888,Aminoacetone,215,17906,6502.0,CC(=O)CN,True
C01898,Cellodextrin,5010,3523,None,None,True
C01909,Dethiobiotin,445027,42280,3351.0,C[C@@H]1NC(=O)N[C@@H]1CCCCCC(O)=O,True
C01929,Histidinal,152657,27676,None,N[C@@H](CC1=CNC=N1)C=O,True
C01931,L-Lysyl-tRNA,None,16047,None,None,True
C01934,Fuconic acid,345732,None,None,CC(O)C(O)C(O)C(O)C(=O)O,True
C01935,Maltodextrin,439341,18167,None,OC[C@H]1O[C@H](O[C@H]2[C@H](O)[C@@H](O)[C@@H](O)O[C@@H]2CO)[C@H](O)[C@@H](O)[C@@H]1O,True
C01936,Maltohexaose,5288409,61953,None,OC[C@H]1O[C@H](O[C@H]2[C@H](O)[C@@H](O)[C@@H](O[C@H]3[C@H](O)[C@@H](O)[C@@H](O[C@H]4[C@H](O)[C@@H](O)[C@@H](O[C@H]5[C@H](O)[C@@H](O)[C@@H](O[C@H]6[C@H](O)[C@@H](O)[C@@H](O)O[C@@H]6CO)O[C@@H]5CO)O[C@@H]4CO)O[C@@H]3CO)O[C@@H]2CO)[C@H](O)[C@@H](O)[C@@H]1O,True
C01944,Octanoyl-CoA,380,15533,5982.0,CCCCCCCC(=O)SCCNC(=O)CCNC(=O)C(O)C(C)(C)COP(O)(=O)OP(O)(=O)OCC1OC(C(O)C1OP(O)(O)=O)N1C=NC2=C(N)N=CN=C12,True
C01962,Thiocysteine,439614,28839,None,N[C@H](CSS)C(O)=O,True
C01970,beta-Lactose,6134,36218,None,OC[C@H]1O[C@@H](O[C@H]2[C@H](O)[C@@H](O)[C@H](O)O[C@@H]2CO)[C@H](O)[C@@H](O)[C@H]1O,True
C01977,None,None,None,None,None,False
C01978,None,None,None,None,None,False
C01991,None,None,None,None,None,False
C01997,None,None,None,None,None,False
C02013,Cellotetraose,None,62974,None,None,True
C02047,L-Leucyl-tRNA,None,16624,None,None,True
C02051,Lipoylprotein,None,15804,None,None,True
C02052,Maltotetraose,439639,143180,4199.0,OC[C@H]1O[C@H](O[C@H]2[C@H](O)[C@@H](O)[C@@H](O[C@H]3[C@H](O)[C@@H](O)[C@@H](O[C@H]4[C@H](O)[C@@H](O)C(O)O[C@@H]4CO)O[C@@H]3CO)O[C@@H]2CO)[C@H](O)[C@@H](O)[C@@H]1O,True
C02057,None,None,None,None,None,False
C02059,Phylloquinone,None,None,None,[H][C@](COC(=O)CCCCCCCCCCCC)(COC(=O)CC\C=C/C\C=C/C\C=C/C\C=C/C\C=C/C\C=C/CC)OC(=O)CCCCCCCCCCCCCCCCCCCC,True
C02067,Pseudouridine,15047,17802,5734.0,OC[C@H]1O[C@H]([C@H](O)[C@@H]1O)C1=CNC(=O)NC1=O,True
C02091,Ureidoglycine,None,16282,None,None,True
C02097,dTDP-D-galactose,439651,14086,None,CC1=CN([C@H]2C[C@H](O)[C@@H](COP(O)(=O)OP(O)(=O)O[C@H]3O[C@H](CO)[C@H](O)[C@H](O)[C@H]3O)O2)C(=O)NC1=O,True
C02107,D-Tartaric acid,439655,15672,None,O[C@@H]([C@H](O)C(O)=O)C(O)=O,True
C02128,None,None,None,None,None,False
C02130,None,None,None,None,None,False
C02133,Acyl phosphate,None,None,None,None,True
C02147,Dihydrolipoate,421,18047,None,OC(=O)CCCCC(S)CCS,True
C02163,L-Arginyl-tRNA(Arg),None,18366,None,None,True
C02166,Leukotriene C4,5280493,16978,3681.0,CCCCC\C=C/C\C=C/C=C/C=C/[C@@H](SC[C@H](NC(=O)CC[C@H](N)C(O)=O)C(=O)NCC(O)=O)[C@@H](O)CCCC(O)=O,True
C02188,Protein lysine,None,None,None,None,True
C02191,Protoporphyrin IX,None,15430,4158.0,CC1=C(CCC(O)=O)/C2=C/C3=N/C(=C\C4=C(C)C(C=C)=C(N4)/C=C4\N=C(\C=C\1/N\2)C(C=C)=C4C)/C(C)=C3CCC(O)=O,True
C02205,None,None,None,None,None,False
C02211,None,None,None,None,None,False
C02218,2-Aminoacrylic acid,123991,17123,None,NC(=C)C(O)=O,True
C02222,2-Maleylacetate,5280500,1184,None,OC(=O)CC(=O)\C=C/C(O)=O,True
C02225,2-Methylcitric acid,515,30835,5368.0,CC(C(O)=O)C(O)(CC(O)=O)C(O)=O,True
C02226,Citraconic acid,643798,17626,5607.0,C\C(=C\C(O)=O)C(O)=O,True
C02232,3-Oxoadipyl-CoA,9543153,15490,None,[H][C@](O)(C(O)=NCCC(O)=NCCSC(=O)CC(=O)CCC(O)=O)C(C)(C)COP(O)(=O)OP(O)(=O)OC[C@@]1([H])O[C@@]([H])(N2C=NC3=C(N)N=CN=C23)[C@]([H])(O)[C@]1([H])OP(O)(O)=O,True
C02247,anthraniloyl-CoA,9543032,15472,None,CC(C)(COP(=O)(O)OP(=O)(O)OC1O(n2cnc3c(N)ncnc32)(O)1OP(=O)(O)O)(O)C(=O)NCCC(=O)NCCSC(=O)c1ccccc1N,True
C02262,D-Galactosamine,None,60312,None,None,True
C02265,D-Phenylalanine,None,28044,None,NC(CC1=CC=CC=C1)C(O)=O,True
C02269,None,None,None,None,None,False
C02282,Glutaminyl-tRNA,None,29166,None,None,True
C02291,L-Cystathionine,439258,17482,39.0,N[C@@H](CCSC[C@H](N)C(O)=O)C(O)=O,True
C02320,R-S-Glutathione,None,17021,None,None,True
C02323,2-Hydroxybenzyl alcohol,5146,16464,None,OCC1=C(O)C=CC=C1,True
C02325,Sinapyl alcohol,5280507,64557,None,COC1=CC(\C=C\CO)=CC(OC)=C1O,True
C02336,beta-D-Fructose,None,None,None,None,True
C02338,None,None,None,None,None,False
C02341,trans-Aconitic acid,444212,32806,None,OC(=O)C\C(=C/C(O)=O)C(O)=O,True
C02350,Allantoin,204,15676,89.0,NC(=O)NC1NC(=O)NC1=O,True
C02352,"1,4-beta-D-Xylan",None,15447,None,None,True
C02353,"Adenosine 2',3'-cyclic phosphate",441483,27520,None,NC1=NC=NC2=C1N=CN2C1OC(CO)C2OP(O)(=O)OC12,True
C02354,"2',3'-Cyclic CMP",None,27652,None,None,True
C02355,"Uridine 2',3'-cyclic phosphate",439715,28637,None,OC[C@H]1O[C@H]([C@@H]2OP(O)(=O)O[C@H]12)N1C=CC(=O)NC1=O,True
C02356,L-alpha-Aminobutyric acid,80283,35619,12.0,CC[C@H](N)C(O)=O,True
C02362,2-Oxosuccinamate,439716,16327,None,OC(=N)CC(=O)C(O)=O,True
C02376,5-Methylcytosine,65040,27551,3247.0,CC1=C(N)NC(=O)N=C1,True
C02380,Mercaptopurine,667490,2208,None,S=C1N=CNC2=C1NC=N2,True
C02385,DL-Arginine,232,29016,None,NC(CCCN=C(N)N)C(O)=O,True
C02412,Glycyl-tRNA(Gly),None,29156,None,None,True
C02415,None,None,None,None,None,False
C02429,None,None,None,None,None,False
C02430,L-Methionyl-tRNA,None,16635,None,None,True
C02457,"Propane-1,3-diol",None,16109,None,None,True
C02463,Precorrin 2,None,50602,None,None,True
C02476,None,None,None,None,None,False
C02479,None,None,None,None,None,False
C02501,2-Hydroxymuconate,None,64016,None,None,True
C02504,2-Isopropylmalic acid,5280523,35128,339.0,CC(C)[C@@](O)(CC(O)=O)C(O)=O,True
C02505,2-Phenylacetamide,7680,16562,None,NC(=O)CC1=CC=CC=C1,True
C02512,L-3-Cyanoalanine,439742,16934,None,N[C@@H](CC#N)C(O)=O,True
C02553,L-Seryl-tRNA(Ser),None,29162,None,None,True
C02554,L-Valyl-tRNA(Val),None,29164,None,None,True
C02565,N-Methylhydantoin,69217,16354,None,CN1CC(=O)NC1=O,True
C02583,None,None,None,None,None,False
C02591,Sucrose 6'-phosphate,None,None,None,None,True
C02593,Tetradecanoyl-CoA,65113,15532,3707.0,CCCCCCCCCCCCCC(=O)SCCNC(=O)CCNC(=O)C(O)C(C)(C)COP(O)(=O)OP(O)(=O)OC[C@H]1O[C@H]([C@H](O)[C@@H]1OP(O)(O)=O)N1C=NC2=C1N=CN=C2N,True
C02612,(R)-2-Methylmalate,None,15586,None,None,True
C02631,Isopropylmaleic acid,5280533,17275,None,CC(C)C(=C\C(O)=O)\C(O)=O,True
C02637,3-dehydroshikimate,None,None,None,OC1CC(=CC(=O)C1O)C([O-])=O,True
C02642,Ureidopropionic acid,111,18261,5097.0,NC(=O)NCCC(O)=O,True
C02646,4-Coumaryl alcohol,5280535,64555,6971.0,OC\C=C\C1=CC=C(O)C=C1,True
C02655,None,None,None,None,None,False
C02659,Acetone cyanohydrin,6406,15348,None,CC(C)(O)C#N,True
C02686,Galactosylceramide (d18:1/16:0),53480652,None,None,CCCCCCCCCCCCCCCC(=O)NC(CO[C@@H]1O[C@H](CO)[C@H](O)[C@H](O)[C@H]1O)C(O)\C=C/CCCCCCCCCCCCC,True
C02702,L-Prolyl-tRNA(Pro),None,29154,None,None,True
C02713,N-Acetylmuramate,5462244,21615,None,[H][C@](C)(O[C@@]1([H])[C@]([H])(O)[C@@]([H])(CO)OC([H])(O)[C@]1([H])N=C(C)O)C(O)=O,True
C02714,N-Acetylputrescine,122356,17768,3252.0,CC(=O)NCCCCN,True
C02723,N-Methylputrescine,439791,17166,None,CNCCCCN,True
C02730,2-succinylbenzoate,955,44788,None,OC(=O)CCC(=O)C1=C(C=CC=C1)C(O)=O,True
C02737,PS(16:0/16:0),9547090,84523,5587.0,CCCCCCCCCCCCCCCC(=O)OC[C@H](COP(O)(=O)OC[C@H](N)C(O)=O)OC(=O)CCCCCCCCCCCCCCC,True
C02739,Phosphoribosyl-ATP,11050836,73200,None,O[C@@H]1[C@@H](COP(O)(=O)OP(O)(=O)OP(O)(O)=O)O[C@H]([C@@H]1O)N1C=NC2=C1N=CN([C@@H]1O[C@H](COP(O)(O)=O)[C@@H](O)[C@H]1O)C2=N,True
C02741,Phosphoribosyl-AMP,11988267,18374,None,O[C@@H]1[C@@H](COP(O)(O)=O)O[C@H]([C@@H]1O)N1C=NC2=C1N=CN([C@@H]1O[C@H](COP(O)(O)=O)[C@@H](O)[C@H]1O)C2=N,True
C02743,None,None,None,None,None,False
C02745,None,None,None,None,None,False
C02766,None,None,None,None,None,False
C02780,"2,5-didehydro-D-gluconic acid",102287,18281,None,O=C(O)C(=O)(O)(O)C(=O)CO,True
C02839,L-Tyrosyl-tRNA(Tyr),None,29161,None,None,True
C02843,Long-chain acyl-CoA,5783,33184,None,C1=CC(=C(C(=C1C(=O)O)Cl)Cl)Cl,True
C02869,None,None,None,None,None,False
C02876,Propanoyl phosphate,None,8478,None,None,True
C02882,None,None,None,None,None,False
C02888,Sorbose 1-phosphate,439837,38342,None,OC[C@H](O)[C@@H](O)[C@H](O)C(=O)COP(O)(O)=O,True
C02909,(2-Naphthyl)methanol,74128,27615,None,OCC1=CC2=CC=CC=C2C=C1,True
C02912,None,None,None,None,None,False
C02917,"(S)-Propane-1,2-diol",439846,29002,3220.0,C[C@H](O)CO,True
C02939,Isovaleryl-CoA,165435,15487,451.0,CC(C)CC(=O)SCCNC(=O)CCNC(=O)[C@H](O)C(C)(C)COP(O)(=O)OP(O)(=O)OC[C@H]1O[C@H]([C@H](O)[C@@H]1OP(O)(O)=O)N1C=NC2=C1N=CN=C2N,True
C02953,None,None,None,None,None,False
C02962,D-Allose 6-phosphate,5878,17942,None,C[C@]12CC[C@H]3[C@H]([C@@H]1CC[C@]2(C)O)CC[C@@H]4[C@@]3(COC(=O)C4)C,True
C02967,None,None,None,None,None,False
C02970,all-trans decaprenyl phosphate,5280557,16477,None,CC(C)=CCC/C(C)=C/CC/C(C)=C/CC/C(C)=C/CC/C(C)=C/CC/C(C)=C/CC/C(C)=C/CC/C(C)=C/CC/C(C)=C/CC/C(C)=C/COP(=O)(O)O,True
C02972,Dihydrolipoylprotein,None,16194,None,None,True
C02979,beta-Glycerophosphoric acid,2526,17270,6708.0,OCC(CO)OP(O)(O)=O,True
C02983,None,None,None,None,None,False
C02984,L-Aspartyl-tRNA(Asp),None,29158,None,None,True
C02987,L-Glutamyl-tRNA(Glu),None,29157,None,None,True
C02988,L-Histidyl-tRNA(His),None,29155,None,None,True
C02989,Methionine sulfoxide,158980,17016,6428.0,CS(=O)CC[C@H](N)C(O)=O,True
C02992,L-Threonyl-tRNA(Thr),None,29163,None,None,True
C02995,Maltose 6'-phosphate,None,15703,None,None,True
C02999,N-Acetylmuramoyl-Ala,5462248,None,None,[H][C@](C)(O[C@@]1([H])[C@]([H])(O)[C@@]([H])(CO)O[C@]([H])(O)[C@]1([H])N=C(C)O)C(O)=N[C@]([H])(C)C(O)=O,True
C03024,None,None,None,None,None,False
C03028,Thiamine triphosphate,511,9534,3586.0,CC1=C(CCOP(O)(=O)OP(O)(=O)OP(O)(O)=O)SC=[N+]1CC1=C(N)N=C(C)N=C1,True
C03033,3-Methoxy-4-hydroxyphenylglycol glucuronide,22833525,89405,1593.0,COC1=CC(=CC=C1O[C@@H]1O[C@@H]([C@@H](O)[C@H](O)[C@H]1O)C(O)=O)C(O)CO,True
C03064,3-Dehydro-L-threonate,None,16943,None,None,True
C03069,3-Methylcrotonyl-CoA,9549326,15486,6277.0,CC(C)=CC(=O)SCCNC(=O)CCNC(=O)[C@H](O)C(C)(C)COP(O)(=O)OP(O)(=O)OC[C@H]1O[C@H]([C@H](O)[C@@H]1OP(O)(O)=O)N1C=NC2=C1N=CN=C2N,True
C03082,L-Aspartyl-4-phosphate,152441,15836,None,N[C@@H](CC(=O)OP(O)(O)=O)C(O)=O,True
C03089,5-Methylthioribose,439904,16895,5995.0,CSC[C@H]1O[C@@H](O)[C@H](O)[C@@H]1O,True
C03090,5-Phosphoribosylamine,439905,37737,6023.0,N[C@@H]1O[C@H](COP(O)(O)=O)[C@@H](O)[C@H]1O,True
C03114,Dimethylbenzimidazole,675,15890,None,CC1=CC2=C(C=C1C)N=CN2,True
C03125,L-Cysteinyl-tRNA(Cys),None,29152,None,None,True
C03127,L-Isoleucyl-tRNA(Ile),None,29160,None,None,True
C03150,Nicotinamide riboside,439924,15927,5818.0,NC(=O)C1=C[N+](=CC=C1)[C@@H]1O[C@H](CO)[C@@H](O)[C@H]1O,True
C03160,2-Succinylbenzoyl-CoA,None,15509,None,None,True
C03161,None,None,None,None,None,False
C03172,None,None,None,None,None,False
C03175,Shikimic acid 3-phosphate,None,17052,None,O[C@@H]1CC(=C[C@@H](OP(O)(O)=O)[C@H]1O)C(O)=O,True
C03193,None,None,None,None,None,False
C03194,(R)-1-Aminopropan-2-ol,None,15675,None,None,True
C03196,L-2-Hydroxyglutaric acid,439939,32797,5662.0,O[C@@H](CCC(O)=O)C(O)=O,True
C03221,(2E)-Dodecenoyl-CoA,5165851,57330,None,CCCCCCCCCC=CC(=O)SCCNC(=O)CCNC(=O)C(O)C(C)(C)COP(O)(=O)OP(O)(=O)OCC1OC(C(O)C1OP(O)(O)=O)N1C=NC2=C1N=CN=C2N,True
C03232,Phosphohydroxypyruvic acid,105,30933,484.0,OC(=O)C(=O)COP(O)(O)=O,True
C03263,Coproporphyrinogen III,321,15439,6116.0,CC1=C2CC3=C(C)C(CCC(O)=O)=C(CC4=C(CCC(O)=O)C(C)=C(CC5=C(CCC(O)=O)C(C)=C(CC(N2)=C1CCC(O)=O)N5)N4)N3,True
C03273,Glutarate semialdehyde,439963,39153,None,OC(=O)CCCC=O,True
C03274,None,None,None,None,None,False
C03284,(S)-beta-Aminoisobutyric acid,439434,33094,6520.0,C[C@@H](CN)C(O)=O,True
C03287,L-Glutamic acid 5-phosphate,193475,17798,6093.0,N[C@@H](CCC(=O)OP(O)(O)=O)C(O)=O,True
C03291,L-Xylulose 5-phosphate,None,16593,None,None,True
C03294,N-Formylmethionyl-tRNA,None,17119,None,None,True
C03296,N2-Succinyl-L-arginine,None,17705,None,None,True
C03313,Phylloquinol,5280585,28433,7027.0,CC(C)CCC[C@@H](C)CCC[C@@H](C)CCC\C(C)=C\CC1=C(O)C2=C(C=CC=C2)C(O)=C1C,True
C03319,Deoxythymidine diphosphate-L-rhamnose,121966,15774,None,C[C@@H]1O[C@H](OP(O)(=O)OP(O)(=O)OC[C@H]2O[C@H](C[C@@H]2O)N2C=C(C)C(=O)NC2=O)[C@H](O)[C@H](O)[C@H]1O,True
C03340,"L-2,3-Dihydrodipicolinate",17,48052,None,OC(=O)C1CC=CC(=N1)C(O)=O,True
C03344,2-Methylacetoacetyl-CoA,53,15476,6040.0,C[C@@H](C(C)=O)C(=O)SCCNC(=O)CCNC(=O)[C@H](O)C(C)(C)COP(O)(=O)OP(O)(=O)OC[C@H]1O[C@H]([C@H](O)[C@@H]1OP(O)(O)=O)N1C=NC2=C1N=CN=C2N,True
C03345,Tiglyl-CoA,6443760,15478,448.0,C\C=C(/C)C(=O)SCCNC(=O)CCNC(=O)[C@H](O)C(C)(C)COP(O)(=O)OP(O)(=O)OC[C@H]1O[C@H]([C@H](O)[C@@H]1OP(O)(O)=O)N1C=NC2=C1N=CN=C2N,True
C03363,None,None,None,None,None,False
C03373,5-Aminoimidazole ribonucleotide,161500,138560,6097.0,NC1=CN=CN1[C@@H]1O[C@H](COP(O)(O)=O)[C@@H](O)[C@H]1O,True
C03384,None,None,None,None,None,False
C03393,4-Phospho-D-erythronate,None,49003,None,None,True
C03401,"2,3-Diaminopropionic acid",97328,16303,6429.0,NC[C@H](N)C(O)=O,True
C03402,L-Asparaginyl-tRNA(Asn),None,29265,None,None,True
C03406,Argininosuccinic acid,16950,15682,5115.0,N[C@@H](CCCNC(=N)N[C@@H](CC(O)=O)C(O)=O)C(O)=O,True
C03415,N2-Succinyl-L-ornithine,127370,27574,6075.0,NCCC[C@H](NC(=O)CCC(O)=O)C(O)=O,True
C03451,S-Lactoylglutathione,440018,15694,5979.0,C[C@@H](O)C(=O)SC[C@H](NC(=O)CC[C@H](N)C(O)=O)C(=O)NCC(O)=O,True
C03453,(Z)-5-oxohex-2-enedioic acid,5280595,32808,None,O=C(O)/C=C\CC(=O)C(=O)O,True
C03459,2-Hydroxy-3-oxosuccinate,None,17778,None,None,True
C03460,Methacrylyl-CoA,165390,27754,5941.0,CC(=C)C(=O)SCCNC(=O)CCNC(=O)[C@H](O)C(C)(C)COP(O)(=O)OP(O)(=O)OC[C@H]1O[C@H]([C@H](O)[C@@H]1OP(O)(O)=O)N1C=NC2=C1N=CN=C2N,True
C03479,Folinic acid,149436,63606,6323.0,NC1=NC(=O)C2=C(NC[C@H](CNC3=CC=C(C=C3)C(=O)N[C@@H](CCC(O)=O)C(O)=O)N2C=O)N1,True
C03492,D-4'-Phosphopantothenate,41635,15905,3427.0,CC(C)(COP(O)(O)=O)[C@@H](O)C(=O)NCCC(O)=O,True
C03506,"(1S,2R)-1-C-(indol-3-yl)glycerol 3-phosphate",444150,51793,None,[H][C@@](O)(COP(O)(O)=O)[C@@]([H])(O)C1=CNC2=C1C=CC=C2,True
C03508,L-2-Amino-3-oxobutanoic acid,440033,40673,None,CC(=O)[C@H](N)C(O)=O,True
C03511,L-Phenylalanyl-tRNA(Phe),None,29153,None,None,True
C03512,L-Tryptophanyl-tRNA(Trp),None,29159,None,None,True
C03519,N-Acetyl-L-phenylalanine,74839,16259,5498.0,CC(=O)N[C@@H](CC1=CC=CC=C1)C(O)=O,True
C03539,S-Ribosyl-L-homocysteine,None,None,None,None,True
C03541,Tetrahydrofolyl-[Glu](n),45479706,27650,None,NC1=NC(=O)C2=C(NCC(CNC3=CC=C(C=C3)C(=O)NC(CCC(=O)NC(CCC(=O)NC(CCC(O)=O)C(O)=O)C(O)=O)C(O)=O)N2)N1,True
C03546,D-myo-Inositol 4-phosphate,440043,18384,6151.0,O[C@@H]1[C@H](O)[C@H](O)[C@@H](OP(O)(O)=O)[C@H](O)[C@H]1O,True
C03557,Ciliatine,339,15573,None,NCCP(O)(O)=O,True
C03561,3-Hydroxybutyryl-CoA,11966146,15452,456.0,C[C@@H](O)CC(=O)SCCNC(=O)CCNC(=O)[C@H](O)C(C)(C)COP(O)(=O)OP(O)(=O)OC[C@H]1O[C@H]([C@H](O)[C@@H]1OP(O)(O)=O)N1C=NC2=C1N=CN=C2N,True
C03589,4-Hydroxy-2-oxopentanoate,6380,17655,None,None,True
C03657,"1,4-Dihydroxy-2-naphthoic acid",671,18094,None,OC(=O)C1=C(O)C2=CC=CC=C2C(O)=C1,True
C03684,Dyspropterin,128973,17804,6071.0,CC(=O)C(=O)C1CNC2=C(N1)C(=O)NC(N)=N2,True
C03688,Apo-[acyl-carrier-protein],None,16139,None,None,True
C03692,"1,2-Diacyl-3-beta-D-galactosyl-sn-glycerol",None,17615,None,None,True
C03722,Quinolinic acid,1066,16675,330.0,OC(=O)C1=CC=CN=C1C(O)=O,True
C03733,"UDP-D-galacto-1,4-furanose",6496,67118,None,C=CS(=O)(=O)C=C,True
C03736,None,None,None,None,None,False
C03740,gamma-Glutamylalanine,440103,50619,None,C[C@H](NC(=O)CC[C@H](N)C(O)=O)C(O)=O,True
C03741,(S)-4-Amino-5-oxopentanoate,None,15757,None,None,True
C03742,(S)-4-Hydroxymandelonitrile,440104,16660,None,O[C@H](C#N)C1=CC=C(O)C=C1,True
C03758,Dopamine,681,18243,64.0,NCCC1=CC(O)=C(O)C=C1,True
C03765,4-Hydroxyphenylacetaldehyde,440113,15621,None,OC1=CC=C(CC=O)C=C1,True
C03785,"D-Tagatose 1,6-bisphosphate",440117,4250,None,O[C@@H]1[C@H](O)C(O)(COP(O)(O)=O)O[C@@H]1COP(O)(O)=O,True
C03794,Adenylsuccinic acid,447145,15919,5521.0,O[C@@H]1[C@@H](COP(O)(O)=O)O[C@H]([C@@H]1O)N1C=NC2=C1N=CN=C2N[C@@H](CC(O)=O)C(O)=O,True
C03826,2-dehydro-3-deoxy-D-arabinonic acid,5280626,1060,None,O=C(O)C(=O)C(O)CO,True
C03838,Glycineamideribotide,160913,18349,None,NCC(=O)N[C@@H]1O[C@H](COP(O)(O)=O)[C@@H](O)[C@H]1O,True
C03859,None,None,None,None,None,False
C03889,None,None,None,None,None,False
C03892,Phosphatidylglycerophosphate,None,37393,None,None,True
C03912,1-Pyrroline-5-carboxylic acid,440162,371,6145.0,OC(=O)[C@@H]1CCC=N1,True
C03921,2-Dehydro-3-deoxy-D-glucarate,None,17305,None,None,True
C03939,Acetyl-[acyl-carrier protein],None,17093,None,None,True
C03964,(R)-3-(4-Hydroxyphenyl)lactate,6685,10980 16003,None,None,True
C03972,Tetrahydrodipicolinate,440179,864,None,OC(=O)[C@@H]1CCCC(=N1)C(O)=O,True
C03979,2-Dehydro-3-deoxy-L-rhamnonate,None,18078,None,None,True
C04006,myo-Inositol 1-phosphate,None,18297,359.0,O[C@H]1[C@H](O)[C@@H](O)[C@H](OP(O)(O)=O)[C@H](O)[C@@H]1O,True
C04030,None,None,None,None,None,False
C04039,"2,3-Dihydroxy-3-methylbutanoate",None,15689,None,None,True
C04043,"3,4-Dihydroxyphenylacetaldehyde",119219,27978,None,OC1=C(O)C=C(CC=O)C=C1,True
C04044,"3-(2,3-Dihydroxyphenyl)propanoate",None,18136,None,None,True
C04051,5-Aminoimidazole-4-carboxamide,9679,2030,629.0,NC(=O)C1=C(N)N=CN1,True
C04053,5-Dehydro-4-deoxy-D-glucuronate,None,17117,None,None,True
C04058,None,None,None,None,None,False
C04079,D-Pantothenoyl-L-cysteine,440217,18416,None,CC(C)(CO)[C@@H](O)C(=O)NCCC(=O)N[C@@H](CS)C(O)=O,True
C04088,Octadecanoyl-[acyl-carrier protein],None,None,None,None,True
C04114,None,None,None,None,None,False
C04115,"2-hydroxy-4-oxobutane-1,2,4-tricarboxylic acid",130,17250,None,O=C(O)CC(O)(CC(=O)C(=O)O)C(=O)O,True
C04121,CMP-3-deoxy-D-manno-octulosonate,74413916,None,None,NC1=NC(=O)N(C=C1)C1OC(COP([O-])(=O)OC2(CC(O)C(O)C(O2)C(O)CO)C([O-])=O)C(O)C1O,True
C04133,N-Acetyl-L-glutamyl 5-phosphate,440236,16878,3396.0,CC(=O)N[C@@H](CCC(=O)OP(O)(O)=O)C(O)=O,True
C04144,Tetrahydropteroyltri-L-glutamic acid,16722112,17420,None,NC1=NC(=O)C2=C(NC[C@H](CNC3=CC=C(C=C3)C(=O)N[C@@H](CCC(=O)N[C@@H](CCC(=O)N[C@@H](CCC(O)=O)C(O)=O)C(O)=O)C(O)=O)N2)N1,True
C04146,Octaprenyl diphosphate,5280651,16275,6000.0,CC(C)=CCC\C(C)=C\CC\C(C)=C\CC\C(C)=C\CC\C(C)=C\CC\C(C)=C\CC\C(C)=C\CC\C(C)=C\COP(O)(=O)OP(O)(O)=O,True
C04152,1-Methylguanine,70315,21803,3778.0,CN1C(N)=NC2=C(NC=N2)C1=O,True
C04153,N2-Methylguanine,24828,21818,None,CNC1=NC(=O)C2=C(N1)N=CN2,True
C04154,None,None,None,None,None,False
C04157,None,None,None,None,None,False
C04171,"(2S,3S)-2,3-Dihydro-2,3-dihydroxybenzoate",None,48968,None,None,True
C04180,cis-Dec-3-enoyl-[acp],6857,1480,None,None,True
C04181,3-hydroxy-3-methyl-2-oxo-butanoic acid,440248,17667,None,CC(C)(O)C(=O)C(=O)O,True
C04188,5-Methylthioribose 1-phosphate,11988266,27859,5909.0,CSC[C@H]1O[C@H](OP(O)(O)=O)[C@H](O)[C@@H]1O,True
C04204,None,None,None,None,None,False
C04225,cis-2-Methylaconitate,3080625,16717,None,C\C(C(O)=O)=C(/CC(O)=O)C(O)=O,True
C04230,LysoPC(18:1/0:0),16081932,28610,184.0,CCCCCCCC\C=C/CCCCCCCC(=O)OC[C@@H](O)COP([O-])(=O)OCC[N+](C)(C)C,True
C04233,2-Acyl-sn-glycero-3-phosphocholine,None,16728,None,None,True
C04236,2-Isopropyl-3-oxosuccinate,5462259,1467,None,CC(C)[C@H](C(O)=O)C(=O)C(O)=O,True
C04242,5-Fluorodeoxyuridine monophosphate,8642,None,None,O[C@H]1C[C@@H](O[C@@H]1COP(O)(O)=O)N1C=C(F)C(O)=NC1=O,True
C04246,But-2-enoyl-[acyl-carrier protein],None,None,None,None,True
C04256,None,None,None,None,None,False
C04257,N-Acetyl-D-mannosamine 6-phosphate,440273,62165,None,CC(=O)N[C@@H]1[C@@H](O)O[C@H](COP(O)(O)=O)[C@@H](O)[C@@H]1O,True
C04261,None,None,None,None,None,False
C04272,"(R)-2,3-Dihydroxy-isovalerate",440279,15684,None,CC(C)(O)[C@@H](O)C(O)=O,True
C04281,Pyrroline hydroxycarboxylic acid,1059,27391,6196.0,OC1CC(N=C1)C(O)=O,True
C04294,5-(2-Hydroxyethyl)-4-methylthiazole,1136,17957,None,CC1=C(CCO)SC=N1,True
C04298,None,None,None,None,None,False
C04302,N-(5-Phospho-D-ribosyl)anthranilate,None,18277,None,None,True
C04312,None,None,None,None,None,False
C04317,LysoPC(O-18:0/0:0),2733532,75216,None,CCCCCCCCCCCCCCCCCCOC[C@@H](O)COP([O-])(=O)OCC[N+](C)(C)C,True
C04322,None,None,None,None,None,False
C04327,4-methyl-5-(2-phosphonooxyethyl)thiazole,1137,17857,None,CC1=C(CCOP(O)(O)=O)SC=N1,True
C04332,"6,7-Dimethyl-8-(1-D-ribityl)lumazine",168989,17601,None,CC1=C(C)N(C[C@H](O)[C@H](O)[C@H](O)CO)C2=NC(=O)NC(=O)C2=N1,True
C04334,None,None,None,None,None,False
C04346,"dTDP-4-amino-4,6-dideoxy-D-galactose",None,None,None,None,True
C04349,"3-deoxy-D-glycero-hexo-2,5-diulosonic acid",440303,15623,None,O=C(O)C(=O)C(O)C(=O)CO,True
C04352,4'-Phosphopantothenoylcysteine,440304,15769,None,CC(C)(COP(O)(O)=O)[C@@H](O)C(=O)NCCC(=O)N[C@@H](CS)C(O)=O,True
C04376,5'-Phosphoribosyl-N-formylglycinamide,130805,None,None,O[C@H]1[C@@H](O)[C@H](NC(=O)CNC=O)O[C@@H]1COP(O)(O)=O,True
C04377,"5,10-Methylenetetrahydromethanopterin",440314,16568,None,C[C@@H]1[C@H]2[C@H](C)NC3=C(N2CN1C1=CC=C(C[C@H](O)[C@H](O)[C@H](O)CO[C@H]2O[C@H](COP(O)(=O)O[C@@H](CCC(O)=O)C(O)=O)[C@@H](O)[C@H]2O)C=C1)C(O)=NC(=N)N3,True
C04404,4-Hydroxycyclohexylcarboxylic acid,151138,16817,None,OC1CCC(CC1)C(O)=O,True
C04405,2-Methyl-3-hydroxybutyryl-CoA,11966220,15449,6186.0,C[C@H](O)[C@H](C)C(=O)SCCNC(=O)CCNC(=O)[C@H](O)C(C)(C)COP(O)(=O)OP(O)(=O)OC[C@H]1O[C@H]([C@H](O)[C@@H]1OP(O)(O)=O)N1C=NC2=C1N=CN=C2N,True
C04411,3-Isopropylmalic acid,5462261,43468,None,CC(C)[C@@H]([C@@H](O)C(O)=O)C(O)=O,True
C04419,Carboxybiotin-carboxyl-carrier protein,None,None,None,None,True
C04421,"N-Succinyl-L,L-2,6-diaminopimelate",25202447,165894,None,NC(CCC[C@H](NC(=O)CCC(O)=O)C(O)=O)C(O)=O,True
C04425,S-adenosyl-4-methylthio-2-oxobutanoate,5459852,8944,None,C[S+](CCC(=O)C(O)=O)C[C@H]1O[C@H]([C@H](O)[C@@H]1O)N1C=NC2=C1N=CN=C2N,True
C04431,cis-4-Carboxymethylenebut-2-en-4-olide,5459914,18371,None,OC(=O)\C=C1\OC(=O)C=C1,True
C04432,tRNA containing 6-isopentenyladenosine,None,None,None,None,True
C04438,1-Acyl-sn-glycero-3-phosphoethanolamine,None,29017,None,None,True
C04442,2-Keto-3-deoxy-6-phosphogluconic acid,3080745,15925,6202.0,O[C@H](COP(O)(O)=O)[C@@H](O)CC(=O)C(O)=O,True
C04454,5-Amino-6-(5'-phosphoribitylamino)uracil,18666812,18247,None,NC1=C(NC[C@H](O)[C@H](O)[C@H](O)COP(O)(O)=O)NC(=O)NC1=O,True
C04462,N-Succinyl-2-amino-6-ketopimelate,440349,35266,None,OC(=O)CCC(=O)N[C@@H](CCCC(=O)C(O)=O)C(O)=O,True
C04478,3-deoxy-D-manno-octulosonate 8-phosphate,15942880,18069,None,O[C@H](COP(O)(O)=O)[C@@H](O)[C@H](O)[C@H](O)CC(=O)C(O)=O,True
C04479,"2-Hydroxy-6-oxonona-2,4-diene-1,9-dioate",None,17367,None,None,True
C04489,5-Methyltetrahydropteroyltri-L-glutamic acid,16722111,17614,None,CN1[C@@H](CNC2=CC=C(C=C2)C(=O)N[C@@H](CCC(=O)N[C@@H](CCC(=O)N[C@@H](CCC(O)=O)C(O)=O)C(O)=O)C(O)=O)CNC2=C1C(=O)N=C(N)N2,True
C04494,Guanosine 3'-diphosphate 5'-triphosphate,38166,16690,None,[H][C@]1(COP(O)(=O)OP(O)(=O)OP(O)(O)=O)O[C@@]([H])(N2C=NC3=C2NC(=N)N=C3O)[C@]([H])(O)[C@]1([H])OP(O)(=O)OP(O)(O)=O,True
C04501,N-Acetyl-glucosamine 1-phosphate,440272,7125,6194.0,CC(=O)N[C@@H]1[C@@H](O)[C@H](O)[C@@H](CO)OC1OP(O)(O)=O,True
C04534,"6-Phospho-beta-D-glucosyl-(1,4)-D-glucose",7141,2233,None,None,True
C04556,(4-Amino-2-methylpyrimidin-5-YL)methyl dihydrogen phosphate,None,18032,None,CC1=NC=C(COP(O)(O)=O)C(=N)N1,True
C04574,"di-trans,poly-cis-Undecaprenyl diphosphate",None,18197,None,None,True
C04575,Diketogulonic acid,440390,15622,None,OC[C@H](O)[C@@H](O)C(=O)C(=O)C(O)=O,True
C04579,"Inositol 1,2,3,5,6-pentakisphosphate",None,18345,None,None,True
C04593,Methylisocitric acid,513,142525,None,CC(O)(C(CC(O)=O)C(O)=O)C(O)=O,True
C04618,Crotonoyl-ACP,None,None,None,None,True
C04619,3-hydroxy-decanoyl-ACP,None,None,None,None,True
C04620,3-Hydroxy-octenoyl-ACP,None,None,None,None,True
C04631,UDP-N-acetyl-3-(1-carboxyvinyl)-D-glucosamine,None,68507,None,None,True
C04633,3-Hydroxy-hexadecanoyl-ACP,None,None,None,None,True
C04635,1-(1-Alkenyl)-sn-glycero-3-phosphoethanolamine,7224,15785,None,None,True
C04640,Phosphoribosylformylglycinamidine,131878633,18413,5930.0,NC(=N)CN(C=O)[C@@H]1O[C@H](COP(O)(O)=O)[C@@H](O)[C@H]1O,True
C04644,"3a,7a-Dihydroxy-5b-cholestanoyl-CoA",53479251,15494,6517.0,[H][C@@]12C[C@H](O)CC[C@]1(C)C1CC[C@]3(C)C(CCC3C1[C@H](O)C2)C(C)CCCC(C)C(=O)SCCNC(=O)CCNC(=O)C(O)C(C)(C)COP(O)(=O)OP(O)(=O)OC[C@H]1O[C@H]([C@H](O)[C@@H]1OP(O)(O)=O)N1C=NC2=C(N)N=CN=C12,True
C04646,6-Thioinosine-5'-monophosphate,3034391,2332,None,O[C@@H]1[C@@H](COP(O)(O)=O)O[C@H]([C@@H]1O)N1C=NC2=C1N=CN=C2S,True
C04652,"UDP-2,3-bis(3-hydroxytetradecanoyl)glucosamine",None,17787,None,None,True
C04666,D-Erythro-imidazole-glycerol-phosphate,440431,17805,None,O[C@H](COP(O)(O)=O)[C@@H](O)C1=CNC=N1,True
C04677,AICAR,65110,18406,6294.0,NC(=O)C1=C(N)N(C=N1)[C@@H]1O[C@H](COP(O)(O)=O)[C@@H](O)[C@H]1O,True
C04688,3-hydroxy-tetradecanoyl-ACP,None,None,None,None,True
C04691,3-deoxy-D-arabino-heptulosonate-7-phosphate,160647,18150,None,O[C@H](COP(O)(O)=O)[C@@H](O)[C@H](O)CC(=O)C(O)=O,True
C04702,UDPMurAc(oyl-L-Ala-D-gamma-Glu-L-Lys-D-Ala-D-Ala),None,70768,None,None,True
C04706,"cis-2-Chloro-4-carboxymethylenebut-2-en-1,4-olide",190225,38122,None,OC(=O)C=C1OC(=O)C(Cl)=C1,True
C04728,None,None,None,None,None,False
C04732,5-Amino-6-ribitylamino uracil,193516,15934,None,NC1=C(NC[C@H](O)[C@H](O)[C@H](O)CO)NC(=O)NC1=O,True
C04734,Phosphoribosyl formamidocarboxamide,166760,18381,6247.0,NC(=O)C1=C(NC=O)N(C=N1)[C@@H]1O[C@H](COP(O)(O)=O)[C@@H](O)[C@H]1O,True
C04737,Trihexosylceramide (d18:1/12:0),53477785,None,7134.0,CCCCCCCCCCCCC\C=C\[C@@H](O)[C@H](CO[C@@H]1O[C@H](CO)[C@@H](O[C@@H]2O[C@H](CO)[C@H](O[C@H]3O[C@H](CO)[C@H](O)[C@H](O)[C@H]3O)[C@H](O)[C@H]2O)[C@H](O)[C@H]1O)NC(=O)CCCCCCCCCCC,True
C04738,UDP-3-O-(3-hydroxytetradecanoyl)-N-acetylglucosamine,None,61537,None,None,True
C04751,5-Amino-1-(5-phospho-D-ribosyl)imidazole-4-carboxylic acid,165388,28413,None,NC1=C(N=CN1[C@@H]1O[C@H](COP(O)(O)=O)[C@@H](O)[C@H]1O)C(O)=O,True
C04752,4-Amino-5-hydroxymethyl-2-methylpyrimidine diphosphate,22290169,None,None,OP(O)(=O)OP(O)(O)=O.CC1=NC=C(CO)C(N)=N1,True
C04756,PE(P-16:0/16:0),52925046,72743,None,[H][C@@](CO\C=C/CCCCCCCCCCCCCC)(COP(O)(=O)OCCN)OC(=O)CCCCCCCCCCCCCCC,True
C04778,"N1-(5-Phospho-a-D-ribosyl)-5,6-dimethylbenzimidazole",444941,16837,None,CC1=CC2=C(C=C1C)N(C=N2)[C@H]1O[C@H](COP(O)(O)=O)[C@@H](O)[C@H]1O,True
C04807,"2-Amino-7,8-dihydro-4-hydroxy-6-(diphosphooxymethyl)pteridine",None,15998,None,None,True
C04823,SAICAR,160666,18319,5762.0,NC1=C(N=CN1[C@@H]1O[C@H](COP(O)(O)=O)[C@@H](O)[C@H]1O)C(=O)N[C@@H](CC(O)=O)C(O)=O,True
C04824,Lipid X,3247032,16942,None,CCCCCCCCCCC(O)CC(=O)N1C(OC(=O)C(O)CCCCCCCCCCC)(O)C(CO)O1OP(=O)(O)O,True
C04851,MurAc(oyl-L-Ala-D-gamma-Glu-L-Lys-D-Ala-D-Ala)-diphospho-undecaprenol,None,37738,None,None,True
C04874,"7,8-Dihydroneopterin",65074,17001,6588.0,NC1=NC(=O)C2=C(NCC(=N2)[C@H](O)[C@H](O)CO)N1,True
C04877,"UDP-N-acetylmuramoyl-L-alanyl-D-gamma-glutamyl-meso-2,6-diaminopimelate",None,84805,None,None,True
C04882,UDP-N-acetylmuramoyl-L-alanyl-D-glutamyl-6-carboxy-L-lysyl-D-alanyl-D-alanine,None,18199,None,None,True
C04895,Dihydroneopterin triphosphate,121885,18372,5917.0,NC1=NC(=O)C2=C(NCC(=N2)[C@H](O)[C@H](O)COP(O)(=O)OP(O)(=O)OP(O)(O)=O)N1,True
C04896,Phosphoribosylformimino-AICAR-P,440534,18302,None,NC(=O)C1=C(\N=C\N[C@@H]2O[C@H](COP(O)(O)=O)[C@@H](O)[C@H]2O)N(C=N1)[C@@H]1O[C@H](COP(O)(O)=O)[C@@H](O)[C@H]1O,True
C04900,Luteolin 7-O-[beta-D-glucuronosyl-(1->2)-beta-D-glucuronide]-4'-O-beta-D-glucuronide,5280752,37645,None,O[C@@H]1[C@@H](O)[C@H](O[C@@H]2[C@@H](O)[C@H](O)[C@H](O[C@H]2OC2=CC(O)=C3C(=O)C=C(OC3=C2)C2=CC(O)=C(O[C@@H]3O[C@@H]([C@@H](O)[C@H](O)[C@H]3O)C(O)=O)C=C2)C(O)=O)O[C@@H]([C@H]1O)C(O)=O,True
C04916,Phosphoribulosylformimino-AICAR-P,193735,27735,None,NC(=O)C1=C(\N=C\NCC(=O)[C@H](O)[C@H](O)COP(O)(O)=O)N(C=N1)[C@@H]1O[C@H](COP(O)(O)=O)[C@@H](O)[C@H]1O,True
C04919,"2,3,2'3'-Tetrakis(3-hydroxytetradecanoyl)-D-glucosaminyl-1,6-beta-D-glucosamine 1,4'-bisphosphate",None,29056,None,None,True
C04932,"2,3,2',3'-Tetrakis(3-hydroxytetradecanoyl)-D-glucosaminyl-1,6-beta-D-glucosamine 1-phosphate",None,18380,None,None,True
C05003,None,None,None,None,None,False
C05080,Novobiocin,54675769,28368,None,CO[C@@H]1[C@@H](OC(N)=O)[C@@H](O)[C@H](OC2=C(C)C3=C(C=C2)C(O)=C(NC(=O)C2=CC=C(O)C(CC=C(C)C)=C2)C(=O)O3)OC1(C)C,True
C05116,None,None,None,None,None,False
C05123,2-Hydroxyethanesulfonate,7866,1157,6987.0,OCCS(O)(=O)=O,True
C05125,2-(a-Hydroxyethyl)thiamine diphosphate,440568,978,None,CC(O)C1=[N+](CC2=CN=C(C)N=C2N)C(C)=C(CCOP(O)(=O)OP(O)(O)=O)S1,True
C05143,Dhurrin,161355,27826,None,OC[C@H]1O[C@@H](O[C@H](C#N)C2=CC=C(O)C=C2)[C@H](O)[C@@H](O)[C@@H]1O,True
C05172,Phosphoroselenoic acid,1092,29269,None,OP(O)(O)=[Se],True
C05196,None,None,None,None,None,False
C05197,None,None,None,None,None,False
C05198,5'-Deoxyadenosine,439182,17319,None,C[C@H]1O[C@H]([C@H](O)[C@@H]1O)N1C=NC2=C(N)N=CN=C12,True
C05199,None,None,None,None,None,False
C05212,1-Radyl-2-acyl-sn-glycero-3-phosphocholine,None,None,None,None,True
C05223,Dodecanoyl-ACP,None,None,None,None,True
C05235,Hydroxyacetone,8299,27957,None,CC(=O)CO,True
C05258,(S)-3-Hydroxyhexadecanoyl-CoA,440600,27402,None,CCCCCCCCCCCCC[C@H](O)CC(=O)SCCNC(=O)CCNC(=O)C(O)C(C)(C)COP(O)(=O)OP(O)(=O)OC[C@H]1O[C@H]([C@H](O)[C@@H]1OP(O)(O)=O)N1C=NC2=C(N)N=CN=C12,True
C05259,3-Oxohexadecanoyl-CoA,440601,15491,None,CCCCCCCCCCCCCC(=O)CC(=O)SCCNC(=O)CCNC(=O)C(O)C(C)(C)COP(O)(=O)OP(O)(=O)OC[C@H]1O[C@H]([C@H](O)[C@@H]1OP(O)(O)=O)N1C=NC2=C(N)N=CN=C12,True
C05260,(S)-3-Hydroxytetradecanoyl-CoA,440602,27466,None,CCCCCCCCCCC[C@H](O)CC(=O)SCCNC(=O)CCNC(=O)C(O)C(C)(C)COP(O)(=O)OP(O)(=O)OC[C@H]1O[C@H]([C@H](O)[C@@H]1OP(O)(O)=O)N1C=NC2=C(N)N=CN=C12,True
C05261,3-Oxotetradecanoyl-CoA,11966197,28726,None,CCCCCCCCCCCC(=O)CC(=O)SCCNC(=O)CCNC(=O)[C@H](O)C(C)(C)COP(O)(=O)OP(O)(=O)OC[C@H]1O[C@H]([C@H](O)[C@@H]1OP(O)(O)=O)N1C=NC2=C1N=CN=C2N,True
C05262,(S)-3-Hydroxydodecanoyl-CoA,440603,27668,None,CCCCCCCCC[C@H](O)CC(=O)SCCNC(=O)CCNC(=O)C(O)C(C)(C)COP(O)(=O)OP(O)(=O)OC[C@H]1O[C@H]([C@H](O)[C@@H]1OP(O)(O)=O)N1C=NC2=C(N)N=CN=C12,True
C05263,3-Oxododecanoyl-CoA,440604,27868,None,CCCCCCCCCC(=O)CC(=O)SCCNC(=O)CCNC(=O)C(O)C(C)(C)COP(O)(=O)OP(O)(=O)OC[C@H]1O[C@H]([C@H](O)[C@@H]1OP(O)(O)=O)N1C=NC2=C(N)N=CN=C12,True
C05264,(S)-Hydroxydecanoyl-CoA,16061159,28325,None,CCCCCCC[C@H](O)CC(=O)SCCNC(=O)CCNC(=O)[C@H](O)C(C)(C)COP(O)(=O)OP(O)(=O)OC[C@H]1O[C@H](C(O)[C@H]1OP(O)(O)=O)N1C=NC2=C(N)N=CN=C12,True
C05265,3-Oxodecanoyl-CoA,440606,28528,None,CCCCCCCC(=O)CC(=O)SCCNC(=O)CCNC(=O)C(O)C(C)(C)COP(O)(=O)OP(O)(=O)OC[C@H]1O[C@H]([C@H](O)[C@@H]1OP(O)(O)=O)N1C=NC2=C(N)N=CN=C12,True
C05266,(S)-Hydroxyoctanoyl-CoA,53477508,28632,None,[H][C@](O)(CCCCC)CC(=O)SCCNC(=O)CCNC(=O)[C@]([H])(O)C(C)(C)COP(O)(=O)OP(O)(=O)OC[C@H]1O[C@H](C(O)[C@H]1OP(O)(O)=O)N1C=NC2=C1N=CN=C2N,True
C05267,3-Oxooctanoyl-CoA,440608,28264,None,CCCCCC(=O)CC(=O)SCCNC(=O)CCNC(=O)C(O)C(C)(C)COP(O)(=O)OP(O)(=O)OC[C@H]1O[C@H]([C@H](O)[C@@H]1OP(O)(O)=O)N1C=NC2=C(N)N=CN=C12,True
C05268,(S)-Hydroxyhexanoyl-CoA,11966160,28276,None,CCC[C@H](O)CC(=O)SCCNC(=O)CCNC(=O)[C@H](O)C(C)(C)COP(O)(=O)OP(O)(=O)OC[C@H]1O[C@H]([C@H](O)[C@@H]1OP(O)(O)=O)N1C=NC2=C1N=CN=C2N,True
C05269,3-Oxohexanoyl-CoA,440610,27648,None,CCCC(=O)CC(=O)SCCNC(=O)CCNC(=O)C(O)C(C)(C)COP(O)(=O)OP(O)(=O)OC[C@H]1O[C@H]([C@H](O)[C@@H]1OP(O)(O)=O)N1C=NC2=C(N)N=CN=C12,True
C05270,Hexanoyl-CoA,449118,27540,459.0,CCCCCC(=O)SCCNC(=O)CCNC(=O)[C@H](O)C(C)(C)COP(O)(=O)OP(O)(=O)OC[C@H]1O[C@H]([C@H](O)[C@@H]1OP(O)(O)=O)N1C=NC2=C1N=CN=C2N,True
C05271,trans-2-Hexenoyl-CoA,5280765,28706,None,CCC\C=C\C(=O)SCCNC(=O)CCNC(=O)C(O)C(C)(C)COP(O)(=O)OP(O)(=O)OC[C@H]1O[C@H]([C@H](O)[C@@H]1OP(O)(O)=O)N1C=NC2=C1N=CN=C2N,True
C05272,(2E)-Hexadecenoyl-CoA,5118010,61526,None,CCCCCCCCCCCCCC=CC(=O)SCCNC(=O)CCNC(=O)C(O)C(C)(C)COP(O)(=O)OP(O)(=O)OCC1OC(C(O)C1OP(O)(O)=O)N1C=NC2=C1N=CN=C2N,True
C05273,(2E)-Tetradecenoyl-CoA,5280767,27721,None,CCCCCCCCCCC\C=C\C(=O)SCCNC(=O)CCNC(=O)C(O)C(C)(C)COP(O)(=O)OP(O)(=O)OC[C@H]1O[C@H]([C@H](O)[C@@H]1OP(O)(O)=O)N1C=NC2=C1N=CN=C2N,True
C05274,Decanoyl-CoA (n-C10:0CoA),440615,28493,None,CCCCCCCCCC(=O)SCCNC(=O)CCNC(=O)C(O)C(C)(C)COP(O)(=O)OP(O)(=O)OC[C@H]1O[C@H]([C@H](O)[C@@H]1OP(O)(O)=O)N1C=NC2=C1N=CN=C2N,True
C05275,(2E)-Decenoyl-CoA,5280768,10723,None,CCCCCCC\C=C\C(=O)SCCNC(=O)CCNC(=O)C(O)C(C)(C)COP(O)(=O)OP(O)(=O)OC[C@H]1O[C@H]([C@H](O)[C@@H]1OP(O)(O)=O)N1C=NC2=C(N)N=CN=C12,True
C05276,(2E)-Octenoyl-CoA,5280769,27537,None,CCCCC\C=C\C(=O)SCCNC(=O)CCNC(=O)C(O)C(C)(C)COP(O)(=O)OP(O)(=O)OC[C@H]1O[C@H]([C@H](O)[C@@H]1OP(O)(O)=O)N1C=NC2=C1N=CN=C2N,True
C05279,"trans,cis-Lauro-2,6-dienoyl-CoA",53480665,None,None,CCCCCC\C=C/C\C=C\C(=O)SCCNC(=O)CCNC(=O)[C@@](O)([H])C(C)(C)COP(=O)(O)OP(=O)(O)OC[C@H]1O[C@H](C(O)[C@H]1OP(=O)(O)O)N1C=NC2=C1N=CN=C2N,True
C05280,"cis,cis-3,6-Dodecadienoyl-CoA",5280771,28002,None,CCCCC\C=C/C\C=C/CC(=O)SCCNC(=O)CCNC(=O)C(O)C(C)(C)COP(O)(=O)OP(O)(=O)OC[C@H]1O[C@H]([C@H](O)[C@@H]1OP(O)(O)=O)N1C=NC2=C1N=CN=C2N,True
C05312,None,None,None,None,None,False
C05330,None,None,None,None,None,False
C05332,Phenylethylamine,1001,18397,None,NCCC1=CC=CC=C1,True
C05335,Selenomethionine,105024,30021,6993.0,C[Se]CC[C@H](N)C(O)=O,True
C05336,Selenomethionyl-tRNA(Met),None,9100,None,None,True
C05337,Chenodeoxycholoyl-CoA,53478855,89422,None,[H][C@@]1(CC[C@@]2([H])[C@]3([H])[C@H](O)C[C@]4([H])C[C@H](O)CC[C@]4(C)[C@@]3([H])CC[C@]12C)[C@H](C)CCC(=O)SCCNC(=O)CCNC(=O)C(O)C(C)(C)COP(O)(=O)OP(O)(=O)OC[C@H]1O[C@H]([C@H](O)[C@@H]1OP(O)(O)=O)N1C=NC2=C1N=CN=C2N,True
C05345,Beta-D-Fructose 6-phosphate,440641,16084,None,OC[C@@]1(O)O[C@H](COP(O)(O)=O)[C@@H](O)[C@@H]1O,True
C05359,None,None,None,None,None,False
C05360,Diazene,123195,30096,None,N=N,True
C05364,None,None,None,None,None,False
C05378,"beta-D-Fructose 1,6-bisphosphate",7752,28013,None,None,True
C05379,Oxalosuccinic acid,972,44712,6996.0,OC(=O)C[C@H](C(O)=O)C(=O)C(O)=O,True
C05381,3-Carboxy-1-hydroxypropylthiamine diphosphate,440649,1463,None,CC1=C(CCOP(O)(=O)OP(O)(O)=O)SC(C(O)CCC(O)=O)=[N+]1CC1=C(N)N=C(C)N=C1,True
C05382,D-Sedoheptulose 7-phosphate,92042786,133983,5980.0,OC[C@]1(O)O[C@H](COP(O)(O)=O)[C@@H](O)[C@@H](O)[C@@H]1O,True
C05385,D-Glucuronic acid 1-phosphate,439432,16787,None,O[C@@H]1[C@@H](O)[C@@H](OP(O)(O)=O)O[C@@H]([C@H]1O)C(O)=O,True
C05394,3-Keto-b-D-galactose,440653,27453,6206.0,OC[C@H]1O[C@@H](O)[C@H](O)C(=O)[C@H]1O,True
C05399,Melibiitol,440655,27527,None,OC[C@@H](O)[C@@H](O)[C@H](O)[C@@H](O)COC[C@H]1O[C@H](O)[C@H](O)[C@@H](O)[C@H]1O,True
C05400,Epimelibiose,11724912,4808,None,OC[C@H]1O[C@H](OC[C@H]2O[C@H](O)[C@@H](O)[C@@H](O)[C@@H]2O)[C@H](O)[C@@H](O)[C@H]1O,True
C05401,Galactosylglycerol,656504,15754,None,OCC(O)CO[C@@H]1O[C@H](CO)[C@H](O)[C@H](O)[C@H]1O,True
C05402,Melibiose,6602503,4808,3478.0,OC[C@H]1O[C@H](OC[C@H]2O[C@H](O)[C@H](O)[C@@H](O)[C@@H]2O)[C@H](O)[C@@H](O)[C@H]1O,True
C05403,3'-Ketolactose,440659,None,None,OC[C@H]1O[C@@H](O[C@H]2[C@H](O)[C@@H](O)C(O)O[C@@H]2CO)[C@H](O)C(=O)[C@H]1O,True
C05404,D-Gal alpha 1->6D-Gal alpha 1->6D-Glucose,440660,None,None,OC[C@H]1O[C@H](OC[C@H]2O[C@H](OC[C@H]3OC(O)[C@H](O)[C@@H](O)[C@@H]3O)[C@H](O)[C@@H](O)[C@H]2O)[C@H](O)[C@@H](O)[C@H]1O,True
C05512,Deoxyinosine,65058,28997,3383.0,OC[C@H]1O[C@H](C[C@@H]1O)N1C=NC2=C1N=CNC2=O,True
C05519,L-Allothreonine,99289,28718,7007.0,C[C@H](O)[C@H](N)C(O)=O,True
C05527,3-Sulfinylpyruvic acid,110,1665,6627.0,OC(=O)C(=O)CS(O)=O,True
C05528,3-Sulfopyruvic acid,440717,16894,None,OC(=O)C(=O)CS(O)(=O)=O,True
C05529,None,None,None,None,None,False
C05554,Aerobactin,123762,18157,7008.0,CC(=O)N(O)CCCC[C@H](NC(=O)CC(O)(CC(=O)N[C@@H](CCCCN(O)C(C)=O)C(O)=O)C(O)=O)C(O)=O,True
C05576,"3,4-Dihydroxyphenylglycol",91528,1387,5307.0,OCC(O)C1=CC(O)=C(O)C=C1,True
C05577,"3,4-Dihydroxymandelaldehyde",151725,27852,None,OC(C=O)C1=CC(O)=C(O)C=C1,True
C05607,D-Phenyllactic acid,444718,43065,5547.0,[H][C@](O)(CC1=CC=CC=C1)C(O)=O,True
C05623,Isoquercitrin,5280804,68352,None,OC[C@H]1O[C@@H](OC2=C(OC3=C(C(O)=CC(O)=C3)C2=O)C2=CC=C(O)C(O)=C2)[C@H](O)[C@@H](O)[C@@H]1O,True
C05627,4-Hydroxystyrene,62453,1883,7012.0,OC1=CC=C(C=C)C=C1,True
C05629,Hydrocinnamic acid,107,28631,4153.0,OC(=O)CCC1=CC=CC=C1,True
C05640,Cinnabarinic acid,114918,None,None,NC1=C(C(O)=O)C2=NC3=C(C=CC=C3OC2=CC1=O)C(O)=O,True
C05649,Dihydropteridine,167,30156,6249.0,C1CN=C2N=CN=CC2=N1,True
C05650,Tetrahydropteridine,156,28889,6086.0,C1CNC2=C(N1)C=NC=N2,True
C05665,3-Aminopropionaldehyde,75,18090,6007.0,NCCC=O,True
C05668,3-Hydroxypropionyl-CoA,11966171,27762,6497.0,CC(C)(COP(O)(=O)OP(O)(=O)OC[C@H]1O[C@H]([C@H](O)[C@@H]1OP(O)(O)=O)N1C=NC2=C1N=CN=C2N)[C@@H](O)C(=O)NCCC(=O)NCCSC(=O)CCO,True
C05670,Beta-Aminopropionitrile,1647,27413,7017.0,NCCC#N,True
C05684,Selenite,1091,26642,None,O[Se](O)=O,True
C05686,Adenylylselenate,440758,2485,None,NC1=NC=NC2=C1N=CN2[C@@H]1O[C@H](COP(O)(=O)O[Se](O)(=O)=O)[C@@H](O)[C@H]1O,True
C05688,Selenocysteine,25076,16633,3292.0,N[C@@H](C[SeH])C(O)=O,True
C05689,Se-Methylselenocysteine,147004,27812,7019.0,C[Se]C[C@H](N)C(O)=O,True
C05691,Se-Adenosylselenomethionine,24892761,None,None,C[Se+](CCC(N)C(O)=O)C[C@H]1O[C@H]([C@H](O)[C@@H]1O)N1C=NC2=C1N=CN=C2N,True
C05695,Gamma-Glutamyl-Se-methylselenocysteine,440760,28776,None,C[Se]CC(NC(=O)CCC(N)C(O)=O)C(O)=O,True
C05696,3-Phosphoadenylylselenate,24892762,28450,None,NC1=C2N=CN([C@@H]3O[C@H](COP(O)(=O)O[Se](O)(=O)=O)[C@@H](OP(O)(O)=O)[C@H]3O)C2=NC=N1,True
C05697,Selenate,1089,18170,None,O[Se](O)(=O)=O,True
C05698,Selenohomocysteine,49787004,9096,None,N[C@@H](CC[SeH])C(O)=O,True
C05699,Selenocystathionine,441455,27760,None,N[C@@H](CC[Se]C[C@H](N)C(O)=O)C(O)=O,True
C05702,O-phosphonato-L-homoserine(2-),953,21969,None,NC(CCOP(O)(O)=O)C(O)=O,True
C05703,Methaneselenol,440764,64685,None,C[SeH],True
C05711,gamma-Glutamyl-beta-cyanoalanine,53297342,10565,None,N[C@@H](CCC(O)=N[C@@H](CC#N)C(O)=O)C(O)=O,True
C05712,Cyanohydrin,None,23437,None,None,True
C05713,None,None,None,None,None,False
C05726,S-Substituted L-cysteine,None,47910,None,None,True
C05729,R-S-Alanylglycine,None,8744,None,None,True
C05730,Glutathionylspermidine,None,16613,None,None,True
C05744,Acetoacetyl-[acp],None,2393,None,None,True
C05745,Butyryl-ACP,None,3247,None,None,True
C05746,3-oxo-hexanoyl-ACP,None,1642,None,None,True
C05747,3-Hydroxy hexanoyl-ACP,None,326,None,None,True
C05748,2-trans-hexanoyl-ACP,None,10727,None,None,True
C05749,Hexanoyl-ACP,None,5704,None,None,True
C05750,3-oxo-octanoyl-ACP,None,1646,None,None,True
C05751,2-trans-octenoyl-ACP,None,None,None,None,True
C05752,Octanoyl-[acp],None,7725,None,None,True
C05753,3-oxo-decanoyl-ACP,None,1634,None,None,True
C05754,2-trans-decanoyl-ACP,None,10724,None,None,True
C05755,Decanoyl-[acp],None,4349,None,None,True
C05756,3-oxo-dodecanoyl-ACP,None,1637,None,None,True
C05757,3-hydroxy-dodecanoyl-ACP,None,325,None,None,True
C05758,2-trans-dodecanoyl-ACP,None,10725,None,None,True
C05759,3-oxo-tetradecanoyl-ACP,None,1655,None,None,True
C05760,trans-Tetradec-2-enoyl-[acp],None,10735,None,None,True
C05761,Tetradecanoyl-[acp],None,50651,None,None,True
C05762,3-Oxo-hexadecanoyl-ACP,None,1639,None,CCCCCCCCCCCCCC(=O)CC(=O)S[*],True
C05763,2-trans-hexadecenoyl-ACP,None,10729,None,None,True
C05764,Hexadecanoyl-[acp],None,5697,None,None,True
C05766,Uroporphyrinogen I,440775,28766,6550.0,OC(=O)CCC1=C2CC3=C(CC(O)=O)C(CCC(O)=O)=C(CC4=C(CC(O)=O)C(CCC(O)=O)=C(CC5=C(CC(O)=O)C(CCC(O)=O)=C(CC(N2)=C1CC(O)=O)N5)N4)N3,True
C05768,Coproporphyrinogen I,440776,28607,6516.0,CC1=C2CC3=C(CCC(O)=O)C(C)=C(CC4=C(CCC(O)=O)C(C)=C(CC5=C(CCC(O)=O)C(C)=C(CC(N2)=C1CCC(O)=O)N5)N4)N3,True
C05770,Coproporphyrin III,None,27609,5553.0,CC1=C(CCC(O)=O)/C2=C/C3=N/C(=C\C4=C(C)C(CCC(O)=O)=C(N4)/C=C4\N=C(\C=C\1/N\2)C(C)=C4CCC(O)=O)/C(CCC(O)=O)=C3C,True
C05771,1-Amino-propan-2-ol,4,19030,None,CC(O)CN,True
C05774,Cobinamide,11528127,28956,None,[H][C@@]12[C@H](CC(N)=O)[C@@](C)(CCC(=O)NC[C@@H](C)O)C3=C(C)C4=[N]5C(=CC6=[N]7C(=C(C)C8=[N]([C@]1(C)[C@@](C)(CC(N)=O)[C@@H]8CCC(N)=O)[Co++]57N23)[C@@](C)(CC(N)=O)[C@@H]6CCC(N)=O)C(C)(C)[C@@H]4CCC(N)=O,True
C05775,"N1-(alpha-D-ribosyl)-5,6-dimethyl-benzimidazole",440780,10329,None,CC1=CC2=C(C=C1C)N(C=N2)[C@H]1O[C@H](CO)C(O)C1O,True
C05778,Sirohydrochlorin,None,18023,None,None,True
C05787,Bilirubin diglucuronide,5280817,None,None,CC1=C(C=C)\C(NC1=O)=C\C1=C(C)C(CCC(=O)O[C@@H]2O[C@@H]([C@@H](O)[C@H](O)[C@H]2O)C(O)=O)=C(CC2=C(CCC(=O)O[C@@H]3O[C@@H]([C@@H](O)[C@H](O)[C@H]3O)C(O)=O)C(C)=C(N2)\C=C2/NC(=O)C(C=C)=C2C)N1,True
C05791,Urobilinogen,440784,4260,7021.0,CCC1=C(C)C(=O)NC1CC1=C(C)C(CCC(O)=O)=C(CC2=C(CCC(O)=O)C(C)=C(CC3NC(=O)C(C=C)=C3C)N2)N1,True
C05796,Galactan,53477780,None,7023.0,CO[C@@H]1O[C@H](CO)[C@H](O[C@@H]2O[C@H](CO)[C@H](OC)[C@H](O)[C@H]2O)[C@H](O)[C@H]1O,True
C05807,2-Polyprenylphenol,None,1269,None,None,True
C05809,3-octaprenyl-4-hydroxybenzoate,76170714,50116,None,CC(C)=CCCC(C)=CCCC(C)=CCCC(C)=CCCC(C)=CCCC(C)=CCCC(C)=CCCC(C)=CCC1=C(O)C=CC(=C1)C([O-])=O,True
C05810,2-octaprenylphenol,8105,40407,None,CC(C)=CCC\C(C)=C\CC\C(C)=C\CC\C(C)=C\CC\C(C)=C\CC\C(C)=C\CC\C(C)=C\CC\C(C)=C\CC1=CC=CC=C1O,True
C05811,"3-(all-trans-octaprenyl)benzene-1,2-diol",5280833,1233,None,[H]\C(CC\C(C)=C(/[H])CC\C(C)=C(/[H])CC\C(C)=C(/[H])CC\C(C)=C(/[H])CC\C(C)=C(/[H])CC\C(C)=C(/[H])CC1=C(O)C(O)=CC=C1)=C(\C)CCC=C(C)C,True
C05812,None,None,None,None,None,False
C05817,"(1R,6R)-6-hydroxy-2-succinylcyclohexa-2,4-diene-1-carboxylate",None,39564,None,[H][C@@]1(O)C=CC=C(C(=O)CCC(O)=O)[C@@]1([H])C(O)=O,True
C05819,Menaquinol,5280839,None,None,CC(C)=CCC\C(C)=C\CC1=C(O)C2=CC=CC=C2C(O)=C1C,True
C05820,None,None,None,None,None,False
C05821,"Chymosin preparation, escherichia coli k-12",34231,28855,None,OC1=CC=CC(C(=O)N[C@H]2COC(=O)[C@H](COC(=O)[C@H](COC2=O)NC(=O)C2=CC=CC(O)=C2O)NC(=O)C2=CC=CC(O)=C2O)=C1O,True
C05822,Cytidine 3'-monophosphate,66535,53013,None,NC1=NC(=O)N(C=C1)[C@@H]1O[C@H](CO)[C@@H](OP(O)(O)=O)[C@H]1O,True
C05824,Cysteine-S-sulfate,115015,27891,None,N[C@@H](CSS(O)(=O)=O)C(O)=O,True
C05838,Coumarinic acid,5280841,28873,None,OC(=O)\C=C/C1=C(O)C=CC=C1,True
C05839,cis-Melilotoside,5316113,62251,None,OC[C@H]1O[C@@H](OC2=C(\C=C/C(O)=O)C=CC=C2)[C@H](O)[C@@H](O)[C@@H]1O,True
C05840,Iminoaspartic acid,796,50616,6025.0,OC(=O)CC(=N)C(O)=O,True
C05841,Nicotinic acid ribonucleoside,161234,27748,None,OC[C@H]1O[C@H]([C@H](O)[C@@H]1O)[N+]1=CC=CC(=C1)C(O)=O,True
C05844,5-L-Glutamyl-taurine,68759,27694,None,N[C@@H](CCC(=O)NCCS(O)(=O)=O)C(O)=O,True
C05847,all-trans-Polyprenyl diphosphate,None,None,None,None,True
C05848,4-Hydroxy-3-polyprenylbenzoate,5280844,61122,None,CC(C)=CCC\C(C)=C\CC1=CC(=CC=C1O)C(O)=O,True
C05850,Vitamin K1,5284607,18067,7027.0,CC(C)CCC[C@@H](C)CCC[C@@H](C)CCC\C(C)=C\CC1=C(C)C(=O)C2=C(C=CC=C2)C1=O,True
C05892,UDP-N-acetylmuramoyl-L-alanyl-gamma-D-glutamyl-L-lysine,None,16329,None,None,True
C05893,Undecaprenyl-diphospho-N-acetylmuramoyl-(N-acetylglucosamine)-L-alanyl-gamma-D-glutamyl-L-lysyl-D-alanyl-D-alanine,None,27692,None,None,True
C05897,"Undecaprenyl-diphospho-N-acetylmuramoyl-L-alanyl-D-glutamyl-meso-2,6-diaminopimeloyl-D-alanyl-D-alanine",None,None,None,None,True
C05898,"Undecaprenyl-diphospho-N-acetylmuramoyl-(N-acetylglucosamine)-L-alanyl-D-glutamyl-meso-2,6-diaminopimeloyl-D-alanyl-D-alanine",None,28138,None,None,True
C05921,Biotinyl-5'-AMP,440839,None,None,NC1=NC=NC2=C1N=CN2[C@@H]1O[C@H](COP(O)(=O)OC(=O)CCCC[C@@H]2SCC3NC(=O)NC23)[C@@H](O)[C@H]1O,True
C05922,Formamidopyrimidine nucleoside triphosphate,440840,58104,None,NC1=NC(N[C@@H]2O[C@H](COP(O)(=O)OP(O)(=O)OP(O)(O)=O)[C@@H](O)[C@H]2O)=C(NC=O)C(=O)N1,True
C05923,"2,5-Diaminopyrimidine nucleoside triphosphate",440841,929,None,NC1=NC(N[C@@H]2O[C@H](COP(O)(=O)OP(O)(=O)OP(O)(O)=O)[C@@H](O)[C@H]2O)=C(N)C(=O)N1,True
C05924,Molybdopterin,None,None,None,None,True
C05925,Dihydroneopterin phosphate,24771767,48954,None,NC1=NC(=O)C2=C(NCC(=N2)[C@H](O)[C@H](O)COP(O)(O)=O)N1,True
C05931,N-Succinyl-L-glutamate,None,48957,None,None,True
C05932,N2-Succinyl-L-glutamic acid 5-semialdehyde,440848,27657,6061.0,OC(=O)CCC(=O)N[C@@H](CCC=O)C(O)=O,True
C05938,L-4-Hydroxyglutamate semialdehyde,440851,27809,None,N[C@@H](C[C@@H](O)C=O)C(O)=O,True
C05946,D-4-Hydroxy-2-oxoglutarate,440853,4083,None,[H][C@@](O)(CC(=O)C(O)=O)C(O)=O,True
C05947,4-Hydroxy-L-glutamic acid,440854,21285,6586.0,N[C@@H](C[C@@H](O)C(O)=O)C(O)=O,True
C05951,Leukotriene D4,5280878,28666,3583.0,CCCCC\C=C/C\C=C/C=C/C=C/[C@@H](SC[C@H](N)C(=O)NCC(O)=O)[C@@H](O)CCCC(O)=O,True
C05973,2-Acyl-sn-glycero-3-phosphoethanolamine,None,28936,None,None,True
C05974,2-Acyl-sn-glycero-3-phosphoserine,None,37646,None,None,True
C05980,"CL(8:0/15:0/18:2(9Z,11Z)/23:0)",131828451,28494,None,[H][C@](O)(COP(O)(=O)OC[C@@]([H])(COC(=O)CCCCCCC)OC(=O)CCCCCCCCCCCCCC)COP(O)(=O)OC[C@@]([H])(COC(=O)CCCCCCC\C=C/C=C\CCCCCC)OC(=O)CCCCCCCCCCCCCCCCCCCCCC,True
C05983,Propinol adenylate,440863,62415,None,CCC(=O)OP(O)(=O)OC[C@H]1O[C@H]([C@H](O)[C@@H]1O)N1C=NC2=C1N=CN=C2N,True
C05993,Acetyl adenylate,440867,37666,None,CC(=O)OP(O)(=O)OC[C@H]1O[C@H]([C@H](O)[C@@H]1O)N1C=NC2=C1N=CN=C2N,True
C05998,3-Hydroxyisovaleryl-CoA,11953876,28291,None,CC(C)(O)CC(=O)SCCNC(=O)CCNC(=O)C(O)C(C)(C)COP(O)(=O)OP(O)(=O)OC[C@H]1O[C@H]([C@H](O)[C@@H]1OP(O)(O)=O)N1C=NC2=C1N=CN=C2N,True
C05999,None,None,None,None,None,False
C06000,(S)-3-Hydroxyisobutyryl-CoA,88,28259,453.0,CC(CO)C(=O)SCCNC(=O)CCNC(=O)C(O)C(C)(C)COP(O)(=O)OP(O)(=O)OCC1OC(C(O)C1OP(O)(O)=O)N1C=NC2=C(N)N=CN=C12,True
C06002,(S)-Methylmalonic acid semialdehyde,5462303,27821,6553.0,C[C@@H](C=O)C(O)=O,True
C06006,(S)-2-Aceto-2-hydroxybutanoic acid,440875,27681,None,CC[C@](O)(C(C)=O)C(O)=O,True
C06007,"(R)-2,3-Dihydroxy-3-methylvalerate",448154,27512,None,CC[C@@](C)(O)[C@@H](O)C(O)=O,True
C06010,(S)-2-Acetolactate,440878,18409,None,CC(=O)[C@](C)(O)C(O)=O,True
C06022,UDP-3-O-(3-hydroxytetradecanoyl)-D-glucosamine,None,71619,None,None,True
C06024,3-Deoxy-D-manno-octulosonyl-lipid IV(A),None,27439,None,None,True
C06025,Di[3-deoxy-D-manno-octulosonyl]-lipid IV(A),None,28526,None,None,True
C06026,Di[3-deoxy-D-manno-octulosonyl]-lipid A,None,27963,None,None,True
C06032,D-erythro-3-Methylmalate,None,27394,None,None,True
C06037,Digalactosyl-diacylglycerol,None,28396,None,None,True
C06054,2-Oxo-3-hydroxy-4-phosphobutanoic acid,21145142,27951,None,O[C@H](COP(O)(O)=O)C(=O)C(O)=O,True
C06055,O-Phospho-4-hydroxy-L-threonine,440901,18336,None,N[C@@H]([C@H](O)COP(O)(O)=O)C(O)=O,True
C06056,4-Hydroxy-L-threonine,None,28330,None,None,True
C06114,gamma-Glutamyl-beta-aminopropiononitrile,440920,28092,None,[H][C@](N)(CCC(O)=NCCC#N)C(O)=O,True
C06125,3-O-Sulfogalactosylceramide (d18:1/24:0),24779585,60361,5096.0,[H][C@@](CO[C@@H]1O[C@H](CO)[C@H](O)C(OS(O)(=O)=O)C1O)(NC(=O)CCCCCCCCCCCCCCCCCCCCCCC)[C@]([H])(O)\C=C\CCCCCCCCCCCCC,True
C06126,Galabiosylceramide (d18:1/9Z-18:1),20057273,None,7091.0,CCCCCCCCCCCCC\C=C/C(O)C(CO[C@@H]1O[C@H](CO)[C@H](O[C@H]2O[C@H](CO)[C@H](O)[C@H](O)[C@H]2O)[C@H](O)[C@H]1O)NC(=O)CCCCCCC\C=C/CCCCCCCC,True
C06148,"2,5-Diamino-6-(5'-triphosphoryl-3',4'-trihydroxy-2'-oxopentyl)-amino-4-oxopyrimidine",440923,None,None,NC1=NC(=O)C(N)=C(NCC(=O)C(O)C(O)COP(O)(=O)OP(O)(=O)OP(O)(O)=O)N1,True
C06156,Glucosamine-1P,9965052,174383,6009.0,N[C@@H]1[C@@H](O)[C@H](O)[C@@H](CO)O[C@H]1OP(O)(O)=O,True
C06157,S-Glutaryldihydrolipoamide,11953879,28391,None,NC(=O)CCCCC(S)CCSC(=O)CCCC(O)=O,True
C06178,1-Methylpyrrolinium,440932,27435,None,C[N+]1=CCCC1,True
C06186,Arbutin,440936,18305,None,OC[C@H]1O[C@@H](OC2=CC=C(O)C=C2)[C@H](O)[C@@H](O)[C@@H]1O,True
C06187,Arbutin 6-phosphate,None,2807,None,None,True
C06188,Salicin 6-phosphate,None,9003,None,None,True
C06193,Guanosine 3'-monophosphate,8339,28072,None,NC1=NC2=C(N=CN2[C@@H]2O[C@H](CO)[C@@H](OP(O)(O)=O)[C@H]2O)C(=O)N1,True
C06194,"Guanosine 2',3'-cyclic phosphate",53481125,28181,None,NC1=NC(=O)C2=C(N1)N(C=N2)[C@@H]1O[C@H](CO)[C@H]2OP(O)(=O)O[C@@H]12,True
C06196,dIMP,91531,28806,None,O[C@H]1C[C@@H](O[C@@H]1COP(O)(O)=O)N1C=NC2=C1NC=NC2=O,True
C06206,Benzoyl phosphate,151426,None,None,OP(O)(=O)OC(=O)C1=CC=CC=C1,True
C06224,None,None,None,None,None,False
C06227,Fe(III)hydroxamate,8470,28163,None,None,True
C06228,None,None,None,None,None,False
C06229,Fe(III)dicitrate,8472,None,None,None,True
C06230,None,None,None,None,None,False
C06232,Molybdate,82208,25371,None,O[Mo++](O)(=O)=O,True
C06240,UDP-N-acetyl-D-mannosaminouronate,None,70738,None,None,True
C06249,None,None,None,None,None,False
C06250,Holo-[carboxylase],None,None,None,None,True
C06251,Lauroyl-KDO2-lipid IV(A),None,27422,None,None,True
C06257,1-Deoxy-D-xylulose,12444984,None,6138.0,OC[C@@H]1OC[C@@H](O)[C@@H]1O,True
C06311,Galactitol 1-phosphate,None,28663,None,None,True
C06329,2-Chloromaleylacetate,9776838,None,None,OC(=O)CC(=O)\C=C(\Cl)C(O)=O,True
C06332,Methyl n-acetylanthranilate,17623,16803,None,COC(=O)C1=CC=CC=C1NC(C)=O,True
C06369,None,None,None,None,None,False
C06376,N-Acetyl-D-galactosamine 6-phosphate,None,18207,None,None,True
C06377,D-Galactosamine 6-phosphate,None,18232,None,None,True
C06393,None,None,None,None,None,False
C06397,D-altro-D-manno-Heptose,245622,28723,None,OCC(O)C1OC(O)C(O)C(O)C1O,True
C06398,ADP-L-glycero-D-manno-heptose,None,15915,None,None,True
C06421,None,None,None,None,None,False
C06422,None,None,None,None,None,False
C06423,Caprylic acid,379,28837,5469.0,CCCCCCCC(O)=O,True
C06427,alpha-Linolenic acid,5280934,27432,6208.0,CC\C=C/C\C=C/C\C=C/CCCCCCCC(O)=O,True
C06441,L-Xylulose 1-phosphate,None,28566,None,None,True
C06473,2-Keto-D-gluconic acid,None,27469,None,None,True
C06481,L-Seryl-tRNA(Sec),None,13170,None,None,True
C06482,L-Selenocysteinyl-tRNA(Sec),None,13166,None,None,True
C06501,O-Phosphotyrosine,30819,37788,None,N[C@@H](CC1=CC=C(OP(O)(O)=O)C=C1)C(O)=O,True
C06504,"Cob(II)yrinate a,c diamide",None,27937,None,None,True
C06505,"Cob(I)yrinate a,c diamide",None,28531,None,[Co]N1\C2=C(C)/C3=N/C(=C\C4=N\C(=C(C)/C5=NC([C@H](CC(O)=O)[C@@]5(C)CCC(O)=O)[C@@]1(C)[C@@](C)(CC(N)=O)[C@@H]2CCC(O)=O)\[C@@H](CCC(O)=O)C4(C)C)/[C@@H](CCC(O)=O)[C@]3(C)CC(N)=O,True
C06506,"Adenosyl cobyrinic acid a,c diamide",0,2482,5991.0,[H][C@]12[C@H](CC(O)=O)[C@@](C)(CCC(O)=O)\C(N1[Co+]C[C@H]1O[C@H]([C@H](O)[C@@H]1O)N1C=NC3=C1N=CN=C3N)=C(C)\C1=N\C(=C/C3=N/C(=C(C)\C4=N[C@]2(C)[C@@](C)(CC(N)=O)[C@@H]4CCC(O)=O)/[C@@](C)(CC(N)=O)[C@@H]3CCC(O)=O)\C(C)(C)[C@@H]1CCC(O)=O,True
C06508,Adenosyl cobinamide,None,2480,None,[H][C@@]12[C@H](CC(N)=O)[C@@](C)(CCC(=O)NC[C@@H](C)O)C3=C(C)C4=[N+]5C(=CC6=[N+]7C(=C(C)C8=[N+]([C@]1(C)[C@@](C)(CC(N)=O)[C@@H]8CCC(N)=O)[Co--]57(C[C@H]1O[C@H]([C@H](O)[C@@H]1O)N1C=NC5=C1N=CN=C5N)N23)[C@@](C)(CC(N)=O)[C@@H]6CCC(N)=O)C(C)(C)[C@@H]4CCC(N)=O,True
C06509,Adenosyl cobinamide phosphate,None,2481,None,C[C@H](CNC(=O)CC[C@]1(C)[C@@H](CC(N)=O)[C@H]2N3C1=C(C)C1=[N+]4C(=CC5=[N+]6C(=C(C)C7=[N+]([C@]2(C)[C@@](C)(CC(N)=O)[C@@H]7CCC(N)=O)[Co--]346C[C@H]2O[C@H]([C@H](O)[C@@H]2O)N2C=NC3=C2N=CN=C3N)[C@@](C)(CC(N)=O)[C@@H]5CCC(N)=O)C(C)(C)[C@@H]1CCC(N)=O)OP(O)(O)=O,True
C06510,Adenosylcobinamide-GDP,0,2479,None,[H][C@@]12[C@H](CC(N)=O)[C@@](C)(CCC(=O)NC[C@@H](C)OP(O)(=O)OP(O)(=O)OC[C@H]3O[C@H]([C@H](O)[C@@H]3O)N3C=NC4=C3N=C(N)NC4=O)C3=C(C)C4=[N+]5C(=CC6=[N+]7C(=C(C)C8=[N+]([C@]1(C)[C@@](C)(CC(N)=O)[C@@H]8CCC(N)=O)[Co--]57(C[C@H]1O[C@H]([C@H](O)[C@@H]1O)N1C=NC5=C1N=CN=C5N)N23)[C@@](C)(CC(N)=O)[C@@H]6CCC(N)=O)C(C)(C)[C@@H]4CCC(N)=O,True
C06563,Genistein,5280961,28088,3398.0,OC1=CC=C(C=C1)C1=COC2=CC(O)=CC(O)=C2C1=O,True
C06567,Penicilloic acid,98994,None,None,CC1(C)SC(NC1C(O)=O)C(NC(=O)CC1=CC=CC=C1)C(O)=O,True
C06570,Tetracycline,5761,27902,None,[H][C@@]12C[C@@]3([H])C(=C(O)[C@]1(O)C(=O)C(C(N)=O)=C(O)[C@H]2N(C)C)C(=O)C1=C(O)C=CC=C1[C@@]3(C)O,True
C06611,trans-3-Chloro-2-propene-1-ol,287955,28960,None,OC\C=C\Cl,True
C06612,cis-3-Chloro-2-propene-1-ol,643775,28967,None,OC\C=C/Cl,True
C06613,trans-3-Chloroallyl aldehyde,5280971,None,None,Cl\C=C\C=O,True
C06688,None,None,None,None,None,False
C06694,Fusidic Acid,3000226,29013,None,O[C@@H]1CC[C@@]2(C)[C@@]([H])(CC[C@@]3(C)[C@@]2([H])[C@H](O)C[C@@]2([H])\C([C@@H](OC(=O)C)C[C@]32C)=C(/CCC=C(C)C)C(O)=O)[C@@H]1C,True
C06697,None,None,None,None,None,False
C06701,None,None,None,None,None,False
C06710,Silver,104755,49468,None,[Ag+],True
C06714,3-Hydroxypimelyl-CoA,441146,15485,None,CC(C)(COP(O)(=O)OP(O)(=O)OC[C@H]1O[C@H]([C@H](O)[C@@H]1OP(O)(O)=O)N1C=NC2=C1N=CN=C2N)C(O)C(=O)NCCC(=O)NCCSC(=O)CC(O)CCCC(O)=O,True
C06715,3-Oxopimelyl-CoA,441147,15492,None,CC(C)(COP(O)(=O)OP(O)(=O)OC[C@H]1O[C@H]([C@H](O)[C@@H]1OP(O)(O)=O)N1C=NC2=C1N=CN=C2N)C(O)C(=O)NCCC(=O)NCCSC(=O)CC(=O)CCCC(O)=O,True
C06735,2-Aminoacetaldehyde,363,17628,None,NCC=O,True
C06790,Trichloroethylene,6575,16602,None,ClC=C(Cl)Cl,True
C06899,Chloral hydrate,2707,28142,None,OC(O)C(Cl)(Cl)Cl,True
C07054,Isoniazid,3767,6030,None,NNC(=O)C1=CC=NC=C1,True
C07086,Phenylacetic acid,999,30745,129.0,OC(=O)CC1=CC=CC=C1,True
C07090,Protoanemonin,66948,28906,None,C=C1OC(=O)C=C1,True
C07091,cis-Acetylacrylate,5281015,28993,None,[H]\C(=C(/[H])C(O)=O)C(C)=O,True
C07118,Benzoyl acetyl-CoA,None,27388,None,None,True
C07225,Minocycline,54675783,50694,None,[H][C@@]12CC3=C(C(O)=CC=C3N(C)C)C(=O)C1=C(O)[C@]1(O)C(=O)C(C(N)=O)=C(O)[C@@H](N(C)C)[C@]1([H])C2,True
C07335,2-Amino-3-oxo-4-phosphonooxybutyrate,None,64186,None,None,True
C07478,"2-Hydroxy-5-methyl-cis,cis-muconate",None,28249,None,None,True
C07479,2-Oxo-5-methyl-cis-muconate,None,1243,None,None,True
C07490,"2,2,2-Trichloroethanol",8259,28094,None,OCC(Cl)(Cl)Cl,True
C07597,Ferrioxamine B,123851,None,None,CC(=O)N1CCCCCNC(=O)CCC(=O)N2CCCCCNC(=O)CCC(=O)N(CCCCCN)O[Fe](O1)O2,True
C07645,Aldophosphamide,107744,2560,None,NP(=O)(OCCC=O)N(CCCl)CCCl,True
C07648,Thioguanine,2723601,9555,None,NC1=NC(=S)C2=C(N1)N=CN2,True
C07649,Fluorouracil,3385,46345,None,FC1=CNC(=O)NC1=O,True
C07836,D-glycero-D-manno-Heptose 7-phosphate,None,28723,None,None,True
C07838,D-glycero-D-manno-Heptose 1-phosphate,None,28137,None,None,True
C08325,Amygdalin,2180,27613,None,OCC1OC(OCC2OC(OC(C#N)C3=CC=CC=C3)C(O)C(O)C2O)C(O)C(O)C1O,True
C08334,Lotaustralin,4626626,None,None,CCC(C)(OC1OC(CO)C(O)C(O)C1O)C#N,True
C08353,None,None,None,None,None,False
C09099,Naringenin 7-O-beta-D-glucoside,92794,None,None,None,True
C09126,Genistin,5284639,27514,None,OCC1OC(OC2=CC(O)=C3C(=O)C(=COC3=C2)C2=CC=C(O)C=C2)C(O)C(O)C1O,True
C09306,Sulfur dioxide,1119,18422,None,O=S=O,True
C09332,Tetrahydrofolyl-[Glu](2),442163,28624,None,NC1=NC2=C(NC(CNC3=CC=C(C=C3)C(=O)NC(CCC(=O)NC(CCC(O)=O)C(O)=O)C(O)=O)CN2)C(=O)N1,True
C09822,Cyclohexanecarboxylic acid,7413,36096,None,OC(=O)C1CCCCC1,True
C09847,cis-Citral,643779,29020,None,CC(C)=CCC\C(C)=C/C=O,True
C09871,beta-Geraniol,637566,17447,None,CC(C)=CCC\C(C)=C\CO,True
C10208,Daidzein,5281708,28197,None,OC1=CC=C(C=C1)C1=COC2=C(C=CC(O)=C2)C1=O,True
C10216,Daidzin,107971,42202,None,OC[C@H]1O[C@@H](OC2=CC3=C(C=C2)C(=O)C(=CO3)C2=CC=C(O)C=C2)[C@H](O)[C@@H](O)[C@@H]1O,True
C10438,Cinnamic acid,5372954,35699,310.0,OC(=O)\C=C/C1=CC=CC=C1,True
C10906,None,None,None,None,None,False
C11038,2'-Deoxy-5-hydroxymethylcytidine-5'-diphosphate,None,835,None,None,True
C11039,2'-Deoxy-5-hydroxymethylcytidine-5'-triphosphate,None,836,None,None,True
C11088,"1,2-Dibromoethane",7839,28534,None,BrCCBr,True
C11143,Dimethyl sulfoxide,679,28262,3985.0,CS(C)=O,True
C11145,Mesylate,6395,27376,None,CS(O)(=O)=O,True
C11173,SN-38,104842,8988,None,CCC1=C2C=C(O)C=CC2=NC2=C1CN1C2=CC2=C(COC(=O)[C@]2(O)CC)C1=O,True
C11215,None,None,None,None,None,False
C11278,"Aflatoxin B1exo-8,9-epoxide-GSH",5460816,None,None,COC1=CC2=C(C3[C@@H](O)[C@@H](OC3O2)SCC(N=C(O)CCC(N)C(O)=O)C(O)=NCC(O)=O)C2=C1C1=C(C(=O)CC1)C(=O)O2,True
C11355,4-amino-4-deoxychorismate,443142,18198,None,N[C@@H]1C=CC(=C[C@H]1OC(=C)C(O)=O)C(O)=O,True
C11376,SN38 glucuronide,443154,8990,None,CCC1=C2C=C(O[C@@H]3O[C@@H]([C@@H](O)[C@H](O)[C@H]3O)C(O)=O)C=CC2=NC2=C1CN1C2=CC2=C(COC(=O)[C@]2(O)CC)C1=O,True
C11434,2-C-methyl-D-erythritol-4-phosphate,443198,17764,None,[H][C@@](O)(COP(O)(O)=O)[C@@](C)(O)CO,True
C11435,4-(cytidine 5'-diphospho)-2-C-methyl-D-erythritol,443199,16578,None,[H][C@@](O)(COP(O)(=O)OP(O)(=O)OC[C@@]1([H])O[C@@]([H])(N2C=CC(=N)N=C2O)[C@]([H])(O)[C@]1([H])O)[C@@](C)(O)CO,True
C11436,2-phospho-4-(cytidine 5'-diphospho)-2-C-methyl-D-erythritol,443200,16840,None,[H][C@@](O)(COP(O)(=O)OP(O)(=O)OC[C@@]1([H])O[C@@]([H])(N2C=CC(=N)N=C2O)[C@]([H])(O)[C@]1([H])O)[C@](C)(CO)OP(O)(O)=O,True
C11437,1-Deoxy-D-xylulose 5-phosphate,443201,16493,6085.0,CC(=O)[C@@H](O)[C@H](O)COP(O)(O)=O,True
C11453,"2-C-Methyl-D-erythritol 2,4-cyclodiphosphate",None,18425,None,None,True
C11457,3-(3-Hydroxyphenyl)propanoic acid,91,1427,5364.0,OC(=O)CCC1=CC(O)=CC=C1,True
C11472,"D-glycero-D-manno-Heptose 1,7-bisphosphate",None,4188,None,None,True
C11476,None,None,None,None,None,False
C11477,None,None,None,None,None,False
C11478,None,None,None,None,None,False
C11481,bisulfite,None,17137,None,OS([O-])=O,True
C11514,(2E)-3-(methoxycarbonyl)pent-2-enedioic acid,5281931,15663,None,COC(=O)/C(=C/C(=O)O)CC(=O)O,True
C11516,2-(alpha-D-Mannosyl)-3-phosphoglycerate,None,16351,None,None,True
C11537,(2R)-3-Sulfolactate,13704,48291,None,CC1=NC(=NC(=N1)OCC=C)C(Cl)(Cl)Cl,True
C11544,2(alpha-D-Mannosyl)-D-glycerate,None,15847,None,None,True
C11583,4-Glutathionyl cyclophosphamide,443288,1831,None,NC(CCC(O)=NC(CSC1CCOP(=O)(N1)N(CCCl)CCCl)C(O)=NCC(O)=O)C(O)=O,True
C11588,"cis-3-(Carboxy-ethyl)-3,5-cyclo-hexadiene-1,2-diol",None,10472,None,None,True
C11638,3-Amino-2-oxopropyl phosphate,None,None,None,None,True
C11736,Floxuridine,5790,60761,None,OC[C@H]1O[C@H](C[C@@H]1O)N1C=C(F)C(=O)NC1=O,True
C11811,(2E)-4-hydroxy-3-methylbut-2-en-1-yl trihydrogen diphosphate,5281976,15664,None,C/C(=C\COP(=O)(O)OP(=O)(O)O)CO,True
C11821,5-Hydroxyisourate,101957720,18072,None,O[C@@]12NC(=O)NC1=NC(=O)NC2=O,True
C11822,None,None,None,None,None,False
C11827,None,None,None,None,None,False
C11838,None,None,None,None,None,False
C11907,dTDP-4-oxo-6-deoxy-D-glucose,439292,16128,6218.0,C[C@H]1O[C@H](OP(O)(=O)OP(O)(=O)OC[C@H]2O[C@H](C[C@@H]2O)N2C=C(C)C(=O)NC2=O)[C@H](O)[C@@H](O)C1=O,True
C11945,"trans-2-Methyl-5-isopropylhexa-2,5-dienoyl-CoA",53477851,None,None,CC(C)C(=C)C\C=C(\C)C(=O)SCCNC(=O)CCNC(=O)[C@@](O)([H])C(C)(C)COP(=O)(O)OP(=O)(O)OC[C@H]1O[C@H](C(O)[C@H]1OP(=O)(O)O)N1C=NC2=C1N=CN=C2N,True
C11946,"cis-2-Methyl-5-isopropylhexa-2,5-dienoyl-CoA",53477855,None,None,CC(C)C(=C)C\C=C(/C)C(=O)SCCNC(=O)CCNC(=O)[C@@](O)([H])C(C)(C)COP(=O)(O)OP(=O)(O)OC[C@H]1O[C@H]([C@@H](O)C1OP(=O)(O)O)N1C=NC2=C1N=CN=C2N,True
C11947,"3-Hydroxy-2,6-dimethyl-5-methylene-heptanoyl-CoA",9543313,None,None,CC(C)C(=C)CC(O)C(C)C(=O)SCCNC(=O)CCNC(=O)[C@H](O)C(C)(C)COP(O)(=O)OP(O)(=O)OC[C@H]1O[C@H]([C@H](O)[C@@H]1OP(O)(O)=O)N1C=NC2=C(N)N=CN=C12,True
C12147,O-Phosphothreonine,3246323,37525,None,C[C@@H](OP(O)(O)=O)[C@H](N)C(O)=O,True
C12205,5-Hydroxyconiferyl alcohol,5282095,31135,None,COC1=CC(\C=C\CO)=CC(O)=C1O,True
C12214,Aminofructose 6-phosphate,443711,31203,None,N[C@H]1[C@H](O)[C@@H](COP(O)(O)=O)OC1(O)CO,True
C12215,Iminoerythrose 4-phosphate,18439579,None,None,O[C@H](COP(O)(O)=O)[C@@H](O)C=N,True
C12248,2-Oxo-4-hydroxy-4-carboxy-5-ureidoimidazoline,101957722,31132,None,NC(=O)NC1=NC(=O)N[C@@]1(O)C(O)=O,True
C12455,5-Aminopentanal,443849,31130,None,NCCCCC=O,True
C12621,m-Coumaric acid,637541,32357,305.0,OC(=O)\C=C\C1=CC(O)=CC=C1,True
C12622,"cis-3-(3-Carboxyethenyl)-3,5-cyclohexadiene-1,2-diol",None,61462,None,None,True
C12623,"(E)-3-(2,3-Dihydroxyphenyl)-2-propenoic acid",5282146,48681,None,OC(=O)C=CC1=C(O)C(O)=CC=C1,True
C12624,2-Hydroxy-6-ketononatrienedioate,None,31082,None,None,True
C12632,Luteolin 7-O-[beta-D-glucuronosyl-(1->2)-beta-D-glucuronide],5282153,60077,None,O[C@@H]1[C@@H](O)[C@H](O[C@@H]2[C@@H](O)[C@H](O)[C@H](O[C@H]2OC2=CC(O)=C3C(=O)C=C(OC3=C2)C2=CC(O)=C(O)C=C2)C(O)=O)O[C@@H]([C@H]1O)C(O)=O,True
C12739,5'-Deoxy-5-fluorouridine,18343,31521,None,C[C@H]1O[C@H]([C@H](O)[C@@H]1O)N1C=C(F)C(O)=NC1=O,True
C12834,"2,5-Dichloro-carboxymethylenebut-2-en-4-olide",443961,None,None,OC(=O)C(Cl)=C1OC(=O)C(Cl)=C1,True
C12835,"2,5-Dichloro-4-oxohex-2-enedioate",5282172,None,None,[H]\C(=C(/Cl)C(O)=O)C(=O)C(Cl)C(O)=O,True
C12838,trans-4-Carboxymethylenebut-2-en-4-olide,120,11972,None,OC(=O)C=C1OC(=O)C=C1,True
C13508,Sulfoquinovosyldiacylglycerol,None,32167,None,None,True
C13645,None,None,None,None,None,False
C14089,1-Hydroxymethylnaphthalene,20908,38137,None,OCC1=CC=CC2=CC=CC=C12,True
C14090,1-Naphthaldehyde,6195,52367,None,O=CC1=CC=CC2=CC=CC=C12,True
C14099,2-Naphthaldehyde,6201,52368,None,O=CC1=CC2=CC=CC=C2C=C1,True
C14144,5-Carboxy-2-pentenoyl-CoA,24798711,49295,None,O[C@H](C(C)(C)COP(=O)(O)OP(O)(=O)OC[C@H]1O[C@H]([C@H](O)[C@@H]1OP(O)(O)=O)N1C=NC2=C1N=CN=C2N)C(=O)NCCC(=O)NCCSC(=O)\C=C\CCC(O)=O,True
C14145,(3S)-3-Hydroxyadipyl-CoA,53481427,None,None,CC(C)(COP(O)(=O)OP(O)(=O)OC[C@@H]1O[C@@H]([C@@H](O)[C@H]1OP(O)(O)=O)N1C=NC2=C1N=CN=C2N)C(O)C(=O)NCCC(=O)NCCSC(=O)C[C@H](O)CCC(O)=O,True
C14179,Sulfoacetic acid,31257,50519,None,OC(=O)CS(O)(=O)=O,True
C14180,S-Hydroxymethylglutathione,447123,48926,7068.0,N[C@@H](CCC(=O)N[C@@H](CSCO)C(=O)NCC(O)=O)C(O)=O,True
C14463,(R)-3-hydroxy-3-methyl-2-oxopentanoic acid,11954026,34008,None,CC(C)(O)C(=O)C(=O)O,True
C14786,Naphthalene epoxide,108063,52431,None,O1C2C=CC3=CC=CC=C3C12,True
C14787,"(1S,2R)-Naphthalene 1,2-oxide",11094749,34001,None,[H][C@]12O[C@@]1([H])C1=CC=CC=C1C=C2,True
C14791,"(1R)-Hydroxy-(2R)-glutathionyl-1,2-dihydronaphthalene",11954044,33995,None,[H][C@](N)(CCC(O)=N[C@@]([H])(CS[C@]1([H])C=CC2=CC=CC=C2[C@@]1([H])O)C(O)=NCC(O)=O)C(O)=O,True
C14792,"(1S)-Hydroxy-(2S)-glutathionyl-1,2-dihydronaphthalene",11954045,34000,None,[H][C@](N)(CCC(O)=N[C@@]([H])(CS[C@@]1([H])C=CC2=CC=CC=C2[C@]1([H])O)C(O)=NCC(O)=O)C(O)=O,True
C14793,"(1R)-Glutathionyl-(2R)-hydroxy-1,2-dihydronaphthalene",11954046,33993,None,[H][C@](N)(CCC(O)=N[C@@]([H])(CS[C@]1([H])C2=CC=CC=C2C=C[C@@]1([H])O)C(O)=NCC(O)=O)C(O)=O,True
C14800,"1-Nitronaphthalene-5,6-oxide",11954051,34105,None,O=N(=O)C1=CC=CC2=C1C=CC1OC21,True
C14802,"1-Nitronaphthalene-7,8-oxide",11954053,34106,None,O=N(=O)C1=CC=CC2=C1C1OC1C=C2,True
C14803,"1-Nitro-7-hydroxy-8-glutathionyl-7,8-dihydronaphthalene",11954054,34103,None,[H][C@](N)(CCC(O)=N[C@@]([H])(CSC1([H])C2=C(C=CC=C2N(=O)=O)C=CC1([H])O)C(O)=NCC(O)=O)C(O)=O,True
C14804,"1-Nitro-7-glutathionyl-8-hydroxy-7,8-dihydronaphthalene",11954055,34102,None,[H][C@](N)(CCC(O)=N[C@@]([H])(CSC1([H])C=CC2=C(C(=CC=C2)N(=O)=O)C1([H])O)C(O)=NCC(O)=O)C(O)=O,True
C14805,"1-Nitro-5-hydroxy-6-glutathionyl-5,6-dihydronaphthalene",11954056,34101,None,[H][C@](N)(CCC(O)=N[C@@]([H])(CSC1([H])C=CC2=C(C=CC=C2N(=O)=O)C1([H])O)C(O)=NCC(O)=O)C(O)=O,True
C14806,"1-Nitro-5-glutathionyl-6-hydroxy-5,6-dihydronaphthalene",11954057,34100,None,[H][C@](N)(CCC(O)=N[C@@]([H])(CSC1([H])C2=C(C=CC1([H])O)C(=CC=C2)N(=O)=O)C(O)=NCC(O)=O)C(O)=O,True
C14818,Fe2+,27284,29033,None,[Fe++],True
C14819,Iron,29936,29034,None,[Fe+3],True
C14839,"Bromobenzene-3,4-oxide",108121,34589,None,BrC1=CC2OC2C=C1,True
C14840,"Bromobenzene-2,3-oxide",3036760,34587,None,BrC1=CC=CC2OC12,True
C14847,"3,4-Dihydro-3-hydroxy-4-S-glutathionyl bromobenzene",11954066,34324,None,[H][C@](N)(CCC(O)=N[C@@]([H])(CSC1([H])C=CC(Br)=CC1([H])O)C(O)=NCC(O)=O)C(O)=O,True
C14848,"2,3-Dihydro-2-S-glutathionyl-3-hydroxy bromobenzene",11954067,34228,None,[H][C@](N)(CCC(O)=N[C@@]([H])(CSC1([H])C(Br)=CC=CC1([H])O)C(O)=NCC(O)=O)C(O)=O,True
C14851,"Benzo[a]pyrene-4,5-oxide",37786,34560,None,O1C2C1C1=CC3=CC=CC=C3C3=C1C1=C(C=CC=C21)C=C3,True
C14852,"Benzo[a]pyrene-7,8-diol",25892,34562,None,OC1C=CC2=C3C=CC4=CC=CC5=C4C3=C(C=C5)C=C2C1O,True
C14855,"4,5-Dihydro-4-hydroxy-5-S-glutathionyl-benzo[a]pyrene",11954068,34374,None,[H][C@](N)(CCC(O)=N[C@@]([H])(CSC1([H])C2=CC3=CC=CC=C3C3=C2C2=C(C=CC=C2C1([H])O)C=C3)C(O)=NCC(O)=O)C(O)=O,True
C14856,"7,8-Dihydro-7-hydroxy-8-S-glutathionyl-benzo[a]pyrene",11954069,34479,None,[H][C@](N)(CCC(O)=N[C@@]([H])(CSC1([H])C=CC2=C3C=CC4=CC=CC5=C4C3=C(C=C5)C=C2C1([H])O)C(O)=NCC(O)=O)C(O)=O,True
C14857,"1,1-Dichloroethylene epoxide",119521,None,None,ClC1(Cl)CO1,True
C14858,"2,2-Dichloroacetaldehyde",6576,None,None,ClC(Cl)C=O,True
C14859,Chloroacetyl chloride,6577,None,None,ClCC(Cl)=O,True
C14861,"S-(2,2-Dichloro-1-hydroxy)ethyl glutathione",11954070,34958,None,[H][C@](N)(CCC(O)=N[C@@]([H])(CSC([H])(O)C(Cl)Cl)C(O)=NCC(O)=O)C(O)=O,True
C14863,2-(S-Glutathionyl)acetyl glutathione,11954072,34254,None,[H][C@](N)(CCC(O)=N[C@@]([H])(CSCC(=O)SC[C@]([H])(N=C(O)CC[C@]([H])(N)C(O)=O)C(O)=NCC(O)=O)C(O)=NCC(O)=O)C(O)=O,True
C14864,S-(2-Chloroacetyl)glutathione,163913,34959,None,[H][C@](N)(CCC(O)=N[C@@]([H])(CSC(=O)CCl)C(O)=NCC(O)=O)C(O)=O,True
C14865,2-(S-Glutathionyl)acetyl chloride,11954073,34253,None,[H][C@](N)(CCC(O)=N[C@@]([H])(CSCC(Cl)=O)C(O)=NCC(O)=O)C(O)=O,True
C14868,"S-(1,2-Dichlorovinyl)glutathione",6437359,34957,None,[H]\C(Cl)=C(/Cl)SC[C@]([H])(N=C(O)CC[C@]([H])(N)C(O)=O)C(O)=NCC(O)=O,True
C14870,2-Bromoacetaldehyde,105131,None,None,BrCC=O,True
C14871,S-(Formylmethyl)glutathione,11954074,34962,None,[H][C@](N)(CCC(O)=N[C@@]([H])(CSCC=O)C(O)=NCC(O)=O)C(O)=O,True
C14874,Glutathione episulfonium ion,159079,34777,None,[H][C@](N)(CCC(O)=N[C@@]([H])(C[S+]1CC1)C(O)=NCC(O)=O)C(O)=O,True
C14899,3-Dehydro-L-gulonate 6-phosphate,None,49039,None,None,True
C15025,D-Carnitine,2724480,None,None,None,True
C15521,Alkanesulfonate,17396513,62081,None,None,True
C15532,N-alpha-Acetyl-L-citrulline,656979,49002,5819.0,CC(=O)N[C@@H](CCCNC(N)=O)C(O)=O,True
C15547,"1,4-dihydroxy-2-naphthoyl-CoA",None,52668,None,[H][C@](O)(C(O)=NCCC(O)=NCCSC(=O)C1=C(O)C2=CC=CC=C2C(O)=C1)C(C)(C)COP(O)(=O)OP(O)(=O)OC[C@@]1([H])O[C@@]([H])(N2C=NC3=C(N)N=CN=C23)[C@]([H])(O)[C@]1([H])OP(O)(O)=O,True
C15556,1-deoxy-L-glycero-tetrulose 4-phosphate,669,50606,None,CC(=O)C(O)COP(O)(O)=O,True
C15583,Phenyl acetate,31229,8082,None,CC(=O)OC1=CC=CC=C1,True
C15586,None,None,None,None,None,False
C15587,Purine,1044,17258,6193.0,N1C=NC2=C1C=NC=N2,True
C15602,None,None,None,None,None,False
C15603,None,None,None,None,None,False
C15667,5-Carboxyamino-1-(5-phospho-D-ribosyl)imidazole,None,48000,None,None,True
C15672,Heme O,0,24480,6044.0,CC(C)=CCC\C(C)=C\CC\C(C)=C\CCC(O)C1=C(C)/C2=C/C3=N/C(=C\C4=C(CCC(O)=O)C(C)=C5/C=C6\N=C(\C=C\1/N\2[Fe]N45)C(C)=C6C=C)/C(CCC(O)=O)=C3C,True
C15673,None,None,None,None,None,False
C15699,Gamma-glutamyl-L-putrescine,20841830,48005,None,NCCCCNC(=O)CC[C@H](N)C(O)=O,True
C15700,gamma-Glutamyl-gamma-aminobutyraldehyde,None,61521,None,None,True
C15767,4-(Glutamylamino) butanoate,23724570,49260,None,N[C@@H](CCC(=O)NCCCC(O)=O)C(O)=O,True
C15804,p-Hydroxyphenyl lignin,None,None,None,None,True
C15805,Guaiacyl lignin,None,64475,None,None,True
C15806,Syringyl lignin,None,64476,None,None,True
C15807,5-Hydroxy-guaiacyl lignin,None,80099,None,None,True
C15809,Iminoglycine,None,53647,None,None,True
C15810,C15810,None,80100,None,None,True
C15811,[Enzyme]-cysteine,None,None,None,None,True
C15812,[Enzyme]-S-sulfanylcysteine,None,None,None,None,True
C15813,C15813,None,80101,None,None,True
C15814,C15814,None,80102,None,None,True
C15930,L-Galactonate,None,37425,None,None,True
C15972,Enzyme N6-(lipoyl)lysine,None,80218,None,None,True
C15973,Enzyme N6-(dihydrolipoyl)lysine,None,80219,None,None,True
C15980,None,None,None,None,None,False
C15996,7-Cyano-7-carbaguanine,47205307,45075,None,C1COC2=C1C=C(C=C2)C(=O)NCC3=CC=NN3,True
C15998,None,None,None,None,None,False
C16153,UDP-L-Ara4N,None,47025,None,None,True
C16154,UDP-L-Ara4FN,None,47027,None,None,True
C16155,UDP-L-Ara4O,None,47028,None,None,True
C16156,Undecaprenyl phosphate alpha-L-Ara4FN,None,53028,None,None,True
C16157,4-amino-4-deoxy-alpha-L-arabinopyranosyl undecaprenyl phosphate,17756765,47039,None,CC(C)=CCC/C(C)=C/CC/C(C)=C/CC/C(C)=C/CC/C(C)=C/CC/C(C)=C/CC/C(C)=C/CC/C(C)=C/CC/C(C)=C/CC/C(C)=C/CC/C(C)=C/COP(=O)(O)O1OC(N)(O)1O,True
C16186,L-Ascorbate 6-phosphate,None,80368,None,None,True
C16216,3-Oxooctadecanoyl-CoA,74000474,None,None,CCCCCCCCCCCCCCCC(=O)CC(=O)SCCNC(=O)CCNC(=O)C(O)C(C)(C)COP(O)(=O)OP(O)(=O)OCC1OC(C(O)C1OP(O)(O)=O)N1C=NC2=C1N=CN=C2N,True
C16218,trans-Octadec-2-enoyl-CoA,53477850,None,None,CCCCCCCCCCCCCCC\C=C\C(=O)SCCNC(=O)CCNC(=O)[C@@](O)([H])C(C)(C)COP(=O)(O)OP(=O)(O)OC[C@H]1O[C@H](C(O)[C@H]1OP(=O)(O)O)N1C=NC2=C1N=CN=C2N,True
C16219,3-Oxostearoyl-[acp],None,80386,None,None,True
C16220,3-Hydroxyoctadecanoyl-[acp],None,80387,None,None,True
C16221,(2E)-Octadecenoyl-[acp],None,80388,None,None,True
C16236,Protein N6-(octanoyl)lysine,None,80398,None,None,True
C16237,Protein N6-(lipoyl)lysine,None,80399,None,None,True
C16238,Lipoyl-AMP,23724672,55451,None,NC1=NC=NC2=C1N=CN2[C@@H]1O[C@H](COP(O)(=O)OC(=O)CCCCC2CCSS2)[C@@H](O)[C@H]1O,True
C16239,Lipoyl-[acp],None,80400,None,None,True
C16240,None,None,None,None,None,False
C16241,(R)-Lipoic acid,6112,30314,126.0,OC(=O)CCCC[C@@H]1CCSS1,True
C16254,S-Succinyl- dihydrolipoamide-E,None,80403,None,None,True
C16255,S-Acetyldihydrolipoamide-E,24906332,50623,None,CC(=O)SCCC(S)CCCCC(N)=O,True
C16272,3-Hydroxy-5-oxohexanoate,None,37032,None,None,True
C16273,3-Hydroxy-5-oxohexanoyl-CoA,None,20052,None,None,True
C16330,3-Oxo-OPC8-CoA,71448911,None,None,CC\C=C/C[C@H]1[C@@H](CCCCCC(=O)CC(=O)SCCN=C(O)CCN=C(O)[C@H](O)C(C)(C)COP(O)(=O)OP(O)(=O)OC[C@H]2O[C@H]([C@H](O)[C@@H]2OP(O)(O)=O)N2C=NC3=C(N)N=CN=C23)CCC1=O,True
C16331,OPC6-CoA,53480660,None,None,CC\C=C/C[C@@H]1C(=O)CCC1CCCCCC(=O)SCCNC(=O)CCNC(=O)[C@@](O)([H])C(C)(C)COP(=O)(O)OP(=O)(O)OC[C@H]1O[C@H](C(O)[C@H]1OP(=O)(O)O)N1C=NC2=C1N=CN=C2N,True
C16334,3-Oxo-OPC6-CoA,71448915,None,None,CC\C=C/C[C@H]1[C@@H](CCCC(=O)CC(=O)SCCN=C(O)CCN=C(O)[C@H](O)C(C)(C)COP(O)(=O)OP(O)(=O)OC[C@H]2O[C@H]([C@H](O)[C@@H]2OP(O)(O)=O)N2C=NC3=C(N)N=CN=C23)CCC1=O,True
C16335,OPC4-CoA,53480659,None,None,CC\C=C/C[C@@H]1C(=O)CCC1CCCC(=O)SCCNC(=O)CCNC(=O)[C@@](O)([H])C(C)(C)COP(=O)(O)OP(=O)(O)OC[C@H]1O[C@H](C(O)[C@H]1OP(=O)(O)O)N1C=NC2=C1N=CN=C2N,True
C16338,3-Oxo-OPC4-CoA,71448919,None,None,CC\C=C/C[C@H]1[C@@H](CC(=O)CC(=O)SCCN=C(O)CCN=C(O)[C@H](O)C(C)(C)COP(O)(=O)OP(O)(=O)OC[C@H]2O[C@H]([C@H](O)[C@@H]2OP(O)(O)=O)N2C=NC3=C(N)N=CN=C23)CCC1=O,True
C16339,(+)-7-Isojasmonic acid CoA,71448920,None,None,CC\C=C/C[C@H]1[C@@H](CC(=O)SCCN=C(O)CCN=C(O)[C@H](O)C(C)(C)COP(O)(=O)OP(O)(=O)OC[C@H]2O[C@H]([C@H](O)[C@@H]2OP(O)(O)=O)N2C=NC3=C(N)N=CN=C23)CCC1=O,True
C16348,cis-3-Chloroallyl aldehyde,9543055,80465,None,Cl\C=C/C=O,True
C16391,"2,4,6-Trinitrotoluene",8376,46053,None,CC1=C(C=C(C=C1[N+]([O-])=O)[N+]([O-])=O)[N+]([O-])=O,True
C16392,"4-hydroxylamino-2,6-dinitrotoluene",5375469,20408,None,CC1=C(C=C(NO)C=C1[N+]([O-])=O)[N+]([O-])=O,True
C16393,"2-hydroxylamino-4,6-dinitrotoluene",None,19644,None,CC1=C(C=C(C=C1NO)[N+]([O-])=O)[N+]([O-])=O,True
C16396,"2,4-Diamino-6-nitrotoluene",96177,19342,None,CC1=C(N)C=C(N)C=C1N(=O)=O,True
C16399,"2,4-Diamino-6-hydroxylaminotoluene",None,None,None,None,True
C16433,1-Deoxy-1-(N6-lysino)-D-fructose,424,22660,None,N[C@@H](CCCCNC[C@@]1(O)O[C@H](CO)[C@@H](O)[C@@H]1O)C(O)=O,True
C16435,DL-Proline,614,26271,None,OC(=O)C1CCCN1,True
C16436,D-Valine,1182,27266,None,CC(C)C(N)C(O)=O,True
C16438,DL-Asparagine,None,22653,None,NC(CC(O)=N)C(O)=O,True
C16439,None,None,None,None,None,False
C16440,None,None,None,None,None,False
C16463,"3',5'-Cyclic diGMP",47205759,49537,None,None,True
C16466,7-Methyl-3-oxo-6-octenoyl-CoA,9549325,52043,None,CC(C)=CCCC(=O)CC(=O)SCCN=C(O)CCN=C(O)[C@H](O)C(C)(C)COP(O)(=O)OP(O)(=O)OC[C@H]1O[C@H]([C@H](O)[C@@H]1OP(O)(O)=O)N1C=NC2=C(N)N=CN=C12,True
C16468,"(2E)-5-Methylhexa-2,4-dienoyl-CoA",None,80511,None,None,True
C16469,3-Hydroxy-5-methylhex-4-enoyl-CoA,9549330,None,None,CC(C)=CC(O)CC(=O)SCCN=C(O)CCN=C(O)[C@H](O)C(C)(C)COP(O)(=O)OP(O)(=O)OC[C@H]1O[C@H]([C@H](O)[C@@H]1OP(O)(O)=O)N1C=NC2=C(N)N=CN=C12,True
C16470,5-Methylhex-4-enoyl-CoA,None,80513,None,None,True
C16471,5-Methyl-3-oxo-4-hexenoyl-CoA,9549331,None,None,CC(C)=CC(=O)CC(=O)SCCN=C(O)CCN=C(O)[C@H](O)C(C)(C)COP(O)(=O)OP(O)(=O)OC[C@H]1O[C@H]([C@H](O)[C@@H]1OP(O)(O)=O)N1C=NC2=C(N)N=CN=C12,True
C16476,4-Fluoromuconolactone,None,None,None,None,True
C16477,5-Fluoromuconolactone,None,None,None,None,True
C16487,None,None,None,None,None,False
C16488,1-[(5-Amino-5-carboxypentyl)amino]-1-deoxyfructose,131751634,24109,None,NC(CCCCNCC1(O)OC(CO)C(O)C1O)C(O)=O,True
C16489,None,None,None,None,None,False
C16519,2-succinyl-5-enolpyruvyl-6-hydroxy-3-cyclohexene-1-carboxylate,None,None,None,OC1C(CC=C(C1C([O-])=O)C(=O)CCC([O-])=O)OC(=C)C([O-])=O,True
C16520,Palmitoyl-ACP,None,None,None,None,True
C16551,Alcophosphamide,98612,80559,None,NP(=O)(OCCCO)N(CCCl)CCCl,True
C16565,Aminopropylcadaverine,65523,64860,None,NCCCCCNCCCN,True
C16586,"2-Phenyl-1,3-propanediol monocarbamate",213060,80585,None,OCC(COC(O)=N)C1=CC=CC=C1,True
C16587,3-Carbamoyl-2-phenylpropionaldehyde,21350391,80586,None,OC(=N)OCC(C=O)C1=CC=CC=C1,True
C16595,"4-Hydroxy-5-phenyltetrahydro-1,3-oxazin-2-one",21350392,None,None,OC1N=C(O)OCC1C1=CC=CC=C1,True
C16596,"5-Phenyl-1,3-oxazinane-2,4-dione",21350393,80594,None,OC1=NC(=O)OCC1C1=CC=CC=C1,True
C16614,6-Methylmercaptopurine,5778,28279,None,CSC1=NC=NC2=C1N=CN2,True
C16615,6-Methylthiopurine 5'-monophosphate ribonucleotide,10091038,80609,None,CSC1=NC=NC2=C1N=CN2[C@@H]1O[C@H](COP(O)(O)=O)[C@@H](O)[C@H]1O,True
C16617,6-Mercaptopurine ribonucleoside triphosphate,3036942,80611,None,O[C@@H]1[C@@H](COP(O)(=O)OP(O)(=O)OP(O)(O)=O)O[C@H]([C@@H]1O)N1C=NC2=C1N=CN=C2S,True
C16618,6-Thioxanthine 5'-monophosphate,3081384,None,None,O[C@@H]1[C@@H](COP(O)(O)=O)O[C@H]([C@@H]1O)N1C=NC2=C1N=C(O)N=C2S,True
C16619,6-Thioguanosine monophosphate,3034646,1267082,None,NC1=NC(=S)C2=C(N1)N(C=N2)[C@@H]1O[C@H](COP(O)(O)=O)[C@@H](O)[C@H]1O,True
C16630,"5,6-Dihydro-5-fluorouracil",121997,80624,None,OC1=NCC(F)C(O)=N1,True
C16631,alpha-Fluoro-beta-ureidopropionic acid,151244,80625,None,OC(=N)NCC(F)C(O)=O,True
C16633,5-Fluorouridine,9427,40154,None,OC[C@H]1O[C@H]([C@H](O)[C@@H]1O)N1C=C(F)C(=O)NC1=O,True
C16634,5-Fluorouridine monophosphate,150856,40101,None,O[C@H]1[C@@H](O)[C@@H](O[C@@H]1COP(O)(O)=O)N1C=C(F)C(O)=NC1=O,True
C16635,5'-Deoxy-5-fluorocytidine,10037499,None,None,C[C@H]1O[C@H]([C@H](O)[C@@H]1O)N1C=C(F)C(=N)N=C1O,True
C16636,tRNA(Sec),None,None,None,None,True
C16637,5-Deoxyribose-1-phosphate,24906327,48462,None,C[C@H]1O[C@H](OP(O)(O)=O)[C@H](O)[C@@H]1O,True
C16639,None,None,None,None,None,False
C16675,7-Aminomethyl-7-carbaguanine,171,45126,None,NCC1=CNC2=C1C(=O)NC(N)=N2,True
C16688,Sucrose-6-phosphate,72787409,None,None,OCC1OC(CO)(OC2OC(COP(O)(O)=O)C(O)C(O)C2O)C(O)C1O,True
C16698,N-Acetylmuramic acid 6-phosphate,None,47968,None,None,True
C16699,2-O-(6-Phospho-alpha-mannosyl)-D-glycerate,24892815,61001,None,OC[C@@H](O[C@H]1O[C@H](COP(O)(O)=O)[C@@H](O)[C@H](O)[C@@H]1O)C(O)=O,True
C16739,None,None,None,None,None,False
C16831,None,None,None,None,None,False
C16832,None,None,None,None,None,False
C17023,None,None,None,None,None,False
C17210,2-(2'-Methylthio)ethylmalic acid,None,50261,None,None,True
C17211,2-oxo-5-methylthiopentanoate,None,58815,None,CSCCCC(=O)C([O-])=O,True
C17212,3-(2'-Methylthio)ethylmalic acid,96023620,80963,None,None,True
C17213,Homomethionine,10329619,50708,None,CSCCC[C@H](N)C(O)=O,True
C17214,2-(3'-Methylthio)propylmalic acid,None,50262,None,None,True
C17215,3-(3'-methylthio)propylmalate,44237292,133501,None,CSCCCC(C(O)C([O-])=O)C([O-])=O,True
C17216,2-oxo-6-methylthiohexanoate,44237195,None,None,CSCCCCC(=O)C([O-])=O,True
C17217,Dihomomethionine,None,50710,None,None,True
C17218,2-(4'-methylthio)butylmalate,44237181,None,None,CSCCCCC(O)(CC([O-])=O)C([O-])=O,True
C17219,3-(4'-methylthio)butylmalate,44237164,None,None,CSCCCCC(C(O)C([O-])=O)C([O-])=O,True
C17222,2-(5'-methylthio)pentylmalate,44237333,None,None,CSCCCCCC(O)(CC([O-])=O)C([O-])=O,True
C17223,3-(5'-methylthio)pentylmalate,44237178,None,None,CSCCCCCC(C(O)C([O-])=O)C([O-])=O,True
C17226,2-(6'-methylthio)hexylmalate,44237240,None,None,CSCCCCCCC(O)(CC([O-])=O)C([O-])=O,True
C17227,3-(6'-methylthio)hexylmalate,44237339,None,None,CSCCCCCCC(C(O)C([O-])=O)C([O-])=O,True
C17230,2-(7'-methylthio)heptylmalate,44237389,None,None,CSCCCCCCCC(O)(CC([O-])=O)C([O-])=O,True
C17231,3-(7'-methylthio)heptylmalate,44237172,None,None,CSCCCCCCCC(C(O)C([O-])=O)C([O-])=O,True
C17322,tRNA containing 2-thiouridine,96023686,81006,None,None,True
C17323,None,None,None,None,None,False
C17324,None,None,None,None,None,False
C17551,2-Polyprenyl-6-hydroxyphenol,None,81178,None,None,True
C17552,2-Polyprenyl-6-methoxyphenol,46173939,None,None,COC1=CC=CC(C\C=C(/C)CCC=C(C)C)=C1O,True
C17556,undecaprenyl phosphate,5283548,60468,None,CC(C)=CCC/C(C)=C/CC/C(C)=C/CC/C(C)=C\CC/C(C)=C\CC/C(C)=C\CC/C(C)=C\CC/C(C)=C\CC/C(C)=C\CC/C(C)=C\CC/C(C)=C\COP(=O)(O)O,True
C17569,ubiquinone-8,5283546,61683,None,COC1=C(OC)C(=O)C(C\C=C(/C)CC\C=C(/C)CC\C=C(/C)CC\C=C(/C)CC\C=C(/C)CC\C=C(/C)CC\C=C(/C)CCC=C(C)C)=C(C)C1=O,True
C17758,"4,5-seco-dopa",96024085,16098,None,[H]C(O)=C([H])C(\C[C@]([H])(N)C(O)=O)=C(\[H])C(=O)C(O)=O,True
C18060,N-acetyl-alpha-D-galactosamine 1-phosphate,4369589,44313,None,CC(O)=N[C@@H]1[C@@H](O)[C@@H](O)[C@@H](CO)O[C@@H]1OP(O)(O)=O,True
C18076,5'-Phosphoguanylyl(3'->5')guanosine,96024293,48622,None,None,True
C18094,UDP-L-arabinofuranose,96024311,81497,None,None,True
C18096,D-Allulose 6-phosphate,96024313,81499,None,None,True
C18237,Molybdoenzyme molybdenum cofactor,None,None,None,None,True
C18239,Cyclic pyranopterin monophosphate,16061579,60210,None,[H][C@@]12COP(O)(=O)O[C@]1([H])C(O)(O)[C@]1([H])NC3=C(NC(=N)N=C3O)N[C@]1([H])O2,True
C18242,"2,3,5-Trichlorodienelactone",14951695,None,None,OC(=O)C(\Cl)=C1/OC(=O)C(Cl)=C1Cl,True
C18243,"2,3,5-Trichloromaleylacetate",9543107,19297,None,OC(=O)C(Cl)C(=O)C(\Cl)=C(\Cl)C(O)=O,True
C18304,2-Chloro-5-methyl-cis-dienelactone,9543297,81655,None,C\C(C(O)=O)=C1/OC(=O)C(Cl)=C1,True
C18305,2-Chloro-5-methylmaleylacetate,9543299,81656,None,CC(C(O)=O)C(=O)\C=C(\Cl)C(O)=O,True
C18309,3-Chloro-2-methyldienelactone,49787040,81660,None,CC1=C(Cl)\C(OC1=O)=C\C(O)=O,True
C18310,3-Chloro-2-methylmaleylacetate,9543305,81661,None,C\C(C(O)=O)=C(/Cl)C(=O)CC(O)=O,True
C18796,(2R)-2-Hydroxy-2-methylbutanenitrile,12650900,60908,None,CC[C@@](C)(O)C#N,True
C18870,selenodiglutathione,108069,26634,None,N[C@@H](CCC(=O)N[C@@H](CS[Se]SC[C@H](NC(=O)CC[C@H](N)C(O)=O)C(=O)NCC(O)=O)C(=O)NCC(O)=O)C(O)=O,True
C18902,Methylselenic acid,161597,77012,None,C[Se](O)=O,True
C19078,None,None,None,None,None,False
C19080,None,None,None,None,None,False
C19085,None,None,None,None,None,False
C19586,"2,3-Epoxyaflatoxin B1",104756,30725,None,[H][C@]12O[C@@H]3O[C@@H]3[C@@]1([H])C1=C(O2)C=C(OC)C2=C1OC(=O)C1=C2CCC1=O,True
C19609,Nickel,934,49786,None,[Ni++],True
C19610,None,None,None,None,None,False
C19647,None,None,None,None,None,False
C19673,Malonyl-[acp] methyl ester,135626141,None,None,None,True
C19722,None,None,None,None,None,False
C19723,None,None,None,None,None,False
C19769,"1,6-anhydro-N-acetyl-beta-muramate",None,58690,None,C[C@@H](O[C@H]1[C@H](O)[C@H]2CO[C@H](O2)[C@@H]1N=C(C)[O-])C(O)=O,True
C19770,None,None,None,None,None,False
C19771,None,None,None,None,None,False
C19792,None,None,None,None,None,False
C19845,Pimeloyl-[acp],135626312,None,None,None,True
C19846,Pimelyl-[acp] methyl ester,135626313,None,None,None,True
C19847,Demethylmenaquinol,135626314,55437,None,None,True
C19848,Adenylyl-molybdopterin,53356705,62728,None,[H][C@]12NC3=C(N[C@@]1([H])C(S)=C(S)[C@@H](COP(O)(=O)OP(O)(=O)OC[C@H]1O[C@H]([C@H](O)[C@@H]1O)N1C=NC4=C1N=CN=C4N)O2)C(=O)NC(N)=N3,True
C19858,"2-methoxy-6-all trans-hexaprenyl-2-methoxy-1,4-benzoquinol",None,61472,None,[H]\C(CC\C(C)=C(/[H])CC\C(C)=C(/[H])CC\C(C)=C(/[H])CC\C(C)=C(/[H])CC1=CC(O)=CC(OC)=C1O)=C(\C)CCC=C(C)C,True
C19859,"6-methoxy-3-methyl-2-all-trans-hexaprenyl-1,4-benzoquinol",25244096,61473,None,[H]\C(CC\C(C)=C(/[H])CC\C(C)=C(/[H])CC\C(C)=C(/[H])CC\C(C)=C(/[H])CC1=C(C)C(O)=CC(OC)=C1O)=C(\C)CCC=C(C)C,True
C19871,Guanylyl molybdenum cofactor,333497467,None,None,None,True
C19875,None,None,None,None,None,False
C19878,D-glycero-alpha-D-manno-Heptose 7-phosphate,135626344,None,None,None,True
C19879,"D-glycero-alpha-D-manno-Heptose 1,7-bisphosphate",135626345,None,None,None,True
C19880,D-glycero-alpha-D-manno-Heptose 1-phosphate,135626346,None,None,None,True
C19882,None,None,None,None,None,False
C19883,None,None,None,None,None,False
C19884,Lipid IIA,135626350,None,None,None,True
C19890,alpha-Kdo-(2->4)-alpha-Kdo-(2->6)-[4-P-L-Ara4N]-lipid A,135626356,None,None,None,True
C19891,D-chiro-Inositol,892,27372,None,O[C@H]1[C@@H](O)[C@H](O)[C@H](O)[C@@H](O)[C@@H]1O,True
C19909,N-Acetyl-a-neuraminic acid,444885,49026,5739.0,[H][C@]1(O[C@](O)(C[C@H](O)[C@H]1NC(C)=O)C(O)=O)[C@H](O)[C@H](O)CO,True
C19910,N-Acetylneuraminic acid,445063,45744,3321.0,[H][C@]1(O[C@@](O)(C[C@H](O)[C@H]1NC(C)=O)C(O)=O)[C@H](O)[C@H](O)CO,True
C19928,None,None,None,None,None,False
C19945,"3-oxo-5,6-dehydrosuberyl-CoA",135626411,None,None,[H]\C(CC(O)=O)=C(/[H])CC(=O)CC(=O)SCCN=C(O)CCN=C(O)[C@]([H])(O)C(C)(C)COP(O)(=O)OP(O)(=O)OC[C@@]1([H])O[C@@]([H])(N2C=NC3=C(N)N=CN=C23)[C@]([H])(O)[C@]1([H])OP(O)(O)=O,True
C19946,"3-Oxo-5,6-dehydrosuberyl-CoA semialdehyde",135626412,None,None,None,True
C19975,2-Oxepin-2(3H)-ylideneacetyl-CoA,135626441,None,None,None,True
C20062,"2-(1,2-Epoxy-1,2-dihydrophenyl)acetyl-CoA",135626528,None,None,None,True
C20231,(Z)-3-Ureidoacrylate peracid,163311974,None,None,None,True
C20239,"6-Carboxy-5,6,7,8-tetrahydropterin",12463319,61126,None,NC1=NC2=C(NC(CN2)C(O)=O)C(=O)N1,True
C20246,"2-[(2R,5Z)-2-Carboxy-4-methylthiazol-5(2H)-ylidene]ethyl phosphate",163311989,138844,None,None,True
C20247,2-(2-carboxy-4-methylthiazol-5-yl)ethyl phosphate,53477624,62890,None,CC1=C(CCOP([O-])([O-])=O)SC(=N1)C([O-])=O,True
C20248,7-carboxy-7-deazaguanine,163311991,None,None,None,True
C20249,(Z)-3-Peroxyaminoacrylate,163311992,None,None,None,True
C20253,Aminoacrylate,163311996,None,None,None,True
C20254,Ureidoacrylate,163311997,None,None,None,True
C20258,"(4S)-4-hydroxy-2,3,4,5-tetrahydro-(2S)-dipicolinate",70678847,67139,None,[H][C@@]1(O)CC(=N[C@@]([H])(C1)C([O-])=O)C([O-])=O,True
C20345,Isopentenyl phosphate,21896400,None,None,None,True
C20364,None,None,None,None,None,False
C20372,3-Ketoglutaryl-[acp] methyl ester,163312110,None,None,None,True
C20373,3-Hydroxyglutaryl-[acp] methyl ester,163312111,None,None,None,True
C20374,Enoylglutaryl-[acp] methyl ester,163312112,None,None,None,True
C20375,Glutaryl-[acp] methyl ester,163312113,None,None,None,True
C20376,3-Ketopimeloyl-[acp] methyl ester,163312114,None,None,None,True
C20377,3-Hydroxypimeloyl-[acp] methyl ester,163312115,None,None,None,True
C20378,Enoylpimeloyl-[acp] methyl ester,163312116,None,None,None,True
C20386,Biotin sulfoxide,566344,None,None,OC(=O)CCCCC1C2NC(=O)NC2CS1=O,True
C20390,None,None,None,None,None,False
C20396,Methylphosphonic acid,13818,45129,None,CP(O)(O)=O,True
C20415,"dTDP-4-acetamido-4,6-dideoxy-alpha-D-galactose",None,None,None,None,True
C20422,alpha-D-Ribose 1-methylphosphonate 5-triphosphate,163312159,None,None,None,True
C20423,alpha-D-Ribose 1-methylphosphonate 5-phosphate,163312160,None,None,None,True
C20440,"alpha-D-Ribose 1,2-cyclic phosphate 5-phosphate",163312177,None,None,None,True
C20446,None,None,None,None,None,False
C20451,None,None,None,None,None,False
C20463,None,None,None,None,None,False
C20497,None,None,None,None,None,False
C20498,None,None,None,None,None,False
C20641,None,None,None,None,None,False
C20646,None,None,None,None,None,False
C20648,None,None,None,None,None,False
C20658,None,None,None,None,None,False
C20679,None,None,None,None,None,False
C20683,Long-chain acyl-[acyl-carrier protein],172232403,None,None,None,True
C20743,None,None,None,None,None,False
C20748,None,None,None,None,None,False
C20749,None,None,None,None,None,False
C20750,None,None,None,None,None,False
C20753,None,None,None,None,None,False
C20755,None,None,None,None,None,False
C20756,None,None,None,None,None,False
C20758,None,None,None,None,None,False
C20796,None,None,None,None,None,False
C20830,None,None,None,None,None,False
C20831,None,None,None,None,None,False
C20835,None,None,None,None,None,False
C20836,beta-L-Fucose,444863,42589,None,C[C@@H]1O[C@H](O)[C@@H](O)[C@H](O)[C@@H]1O,True
C20858,None,None,None,None,None,False
C20863,None,None,None,None,None,False
C20864,None,None,None,None,None,False
C20895,None,None,None,None,None,False
C20904,None,None,None,None,None,False
C20905,None,None,None,None,None,False
C20933,(9Z)-Hexadec-9-enoyl-KDO2-lipid IV(A),254741395,None,None,None,True
C20957,None,None,None,None,None,False
C20958,None,None,None,None,None,False
C20959,"(4S)-4-Hydroxy-5-phosphooxypentane-2,3-dione",254741420,None,None,None,True
C20960,None,None,None,None,None,False
C20969,None,None,None,None,None,False
C21007,"5,6,7,8-Tetrahydromonapterin",254741465,None,None,None,True
C21008,"7,8-dihydromonapterin",254741466,71175,None,[H][C@](O)(CO)[C@@]([H])(O)C1=NC2=C(NC1)NC(=N)N=C2O,True
C21015,gamma-L-Glutamyl-L-2-aminobutyrate,254741469,None,None,None,True
C21016,Ophthalmic acid,7018721,84058,None,CC[C@H](NC(=O)CC[C@H](N)C(O)=O)C(=O)NCC(O)=O,True
C21028,"(R)-5,6-Dihydrothymine",254816253,None,None,None,True
C21029,(R)-3-Ureidoisobutyrate,254816254,None,None,None,True
C21057,None,None,None,None,None,False
C21065,"7,8-Dihydroxanthopterin",295369327,None,None,None,True
C21094,"7,8-Dihydromonapterin 3'-triphosphate",310920475,None,None,None,True
C21113,None,None,None,None,None,False
C21152,"N,N'-Diacetylchitobiose 6'-phosphate",313369412,None,None,None,True
C21153,None,None,None,None,None,False
C21157,KDO2-lipid A 1-diphosphate,313369417,None,None,None,True
C21158,None,None,None,None,None,False
C21173,PEtN-KDO2-lipid A,313369433,None,None,None,True
C21174,None,None,None,None,None,False
C21181,None,None,None,None,None,False
C21193,None,None,None,None,None,False
C21194,None,None,None,None,None,False
C21214,Dimethylallyl phosphate,None,None,None,None,True
C21215,Prenylated FMNH2,None,None,None,None,True
C21284,Fe-coproporphyrin III,318172264,None,None,None,True
C21310,"(8S)-3',8-Cyclo-7,8-dihydroguanosine 5'-triphosphate",319075052,None,None,None,True
C21333,None,None,None,None,None,False
C21334,None,None,None,None,None,False
C21382,R-THMF,319902612,None,None,None,True
C21386,None,None,None,None,None,False
C21387,None,None,None,None,None,False
C21388,None,None,None,None,None,False
C21403,2-Acetamidoethylphosphonate,328082946,None,None,None,True
C21440,None,None,None,None,None,False
C21461,Kdo2-lipid A 1-(2-aminoethyl diphosphate),329728084,None,None,None,True
C21462,None,None,None,None,None,False
C21463,"Kdo2-lipid A 1,4'-bis(2-aminoethyl diphosphate)",329728086,None,None,None,True
C21484,LysoPE(18:0/0:0),9547068,75036,None,[H][C@@](O)(COC(=O)CCCCCCCCCCCCCCCCC)COP(O)(=O)OCCN,True
C21485,Cytidylyl molybdenum cofactor,333497468,None,None,None,True
C21610,None,None,None,None,None,False
C21611,None,None,None,None,None,False
C21612,None,None,None,None,None,False
C21616,None,None,None,None,None,False
C21617,None,None,None,None,None,False
C21618,None,None,None,None,None,False
C21652,None,None,None,None,None,False
C21748,5-Fluorouridine diphosphate,354264342,None,None,None,True
C21749,5-Fluorouridine triphosphate,354264343,None,None,None,True
C21750,5-Fluorodeoxyuridine diphosphate,354264344,None,None,None,True
C21751,5-Fluorodeoxyuridine triphosphate,354264345,None,None,None,True
C21754,Isonicotinoyl radical,354264348,None,None,None,True
C21758,Hepatotoxins,354264352,None,None,None,True
C21860,3-Demethylubiquinol,None,None,None,None,True
C21873,2-Methylquinolin-4-ol,None,None,None,None,True
C21982,Lipid IVB,384585048,None,None,None,True
C21983,Deacyl-lipid IVB,384585049,None,None,None,True
C21984,Deacyl-lipid IVA,384585050,None,None,None,True
C21991,Palmitoleoyl-myristoyl-KDO2-lipid A,384585052,None,None,None,True
C21993,C16-KDO2-lipid A,384585054,None,None,None,True
C21994,1-Dephospho-KDO2-lipid A,384585055,None,None,None,True
C21995,1-PEtN-KDO2-lipid A,384585056,None,None,None,True
C21999,Stearoyl-KDO2-lipid IVA,384585060,None,None,None,True
C22002,Lipid IIB,384585063,None,None,None,True
C22068,H. pylori KDO2-lipid IVA,384585128,None,None,None,True
C22077,None,None,None,None,None,False
C22078,None,None,None,None,None,False
C22131,None,None,None,None,None,False
C22150,None,None,None,None,None,False
C22151,None,None,None,None,None,False
C22154,None,None,None,None,None,False
C22155,None,None,None,None,None,False
C22157,None,None,None,None,None,False
C22158,None,None,None,None,None,False
C22159,[Glycine cleavage system H]-N6-octanoyl-L-lysine,None,None,None,None,True
C22160,[Lipoyl-carrier protein E2]-N6-octanoyl-L-lysine,None,None,None,None,True
C22161,Dihydrolipoyl-AMP,None,None,None,None,True
C22337,D-Ribulose 1-phosphate,None,None,None,None,True
C22382,None,None,None,None,None,False
C22383,None,None,None,None,None,False
C22395,N6-Succino-2-amino-2'-deoxyadenylate,None,None,None,None,True
C22438,"3,5-Dehydroshikimate",None,None,None,None,True
C22441,dZMP,None,None,None,None,True
C22442,dZDP,None,None,None,None,True
C22443,dZTP,None,None,None,None,True
C22453,trans-Anhydromevalonate phosphate,None,None,None,None,True
C22458,8-Amino-7-(carboxyamino)nonanoate,None,None,None,None,True
C22501,None,None,None,None,None,False
C22502,None,None,None,None,None,False
C22507,None,None,None,None,None,False
C22611,N-Acetyl-D-glutamate,None,None,None,None,True
