inchikey,smiles
,CCC(=O)C(O)=O
,OC[C@H]1O[C@H](C[C@@H]1O)N1C=CC(=O)NC1=O
,NC1=NC(=O)N(C=C1)[C@H]1C[C@H](O)[C@@H](CO)O1
,CC(C)C(=O)C(O)=O
,CC(CO)C(O)=O
,NC(=O)NCCC(O)=O
,[H][C@]12CS[C@@H](CCCCC(O)=O)[C@@]1([H])NC(=O)N2
,NC1=C2NC=NC2=NC=N1
,CCCC(O)=O
,CC(O)=O
,[H][C@@]1(OC(=O)C(O)=C1O)[C@@H](O)CO
,NC1=C2N=CN([C@@H]3O[C@H](COP(O)(O)=O)[C@@H](O)[C@H]3O)C2=NC=N1
,OC[C@H]1O[C@H](OC[C@H]2OC(O)[C@H](O)[C@@H](O)[C@@H]2O)[C@H](O)[C@@H](O)[C@H]1O
,NC1=C2N=CN([C@@H]3O[C@H](CO)[C@@H](O)[C@H]3O)C2=NC=N1
,N
,OC[C@H]1O[C@@H](O[C@H]2[C@H](O)[C@@H](O)[C@H](O)O[C@@H]2CO)[C@H](O)[C@@H](O)[C@@H]1O
,NCCC(O)=O
,NC1=NC=NC2=C1N=CN2[C@@H]1O[C@@H]2COP(O)(=O)O[C@H]2[C@H]1O
,CC(=O)CC(O)=O
,NC1=NC=NC2=C1N=CN2[C@@H]1O[C@H](COP(O)(O)=O)[C@@H](OP(O)(O)=O)[C@H]1O
,C[N+](C)(C)CC(O)CC(O)=O
,OC[C@H]1O[C@H](C[C@@H]1O)N1C=NC2=C1N=CN=C2O
,OC(=O)C\C(=C\C(O)=O)C(O)=O
,NCCC1=CC(O)=C(O)C=C1
,O=C1CCNC(=O)N1
,N[C@@H](CS)C(=O)NCC(O)=O
,CC1CNC(=O)NC1=O
,NC1=NC(=O)N(C=C1)[C@@H]1O[C@H](COP(O)(=O)OP(O)(=O)OP(O)(O)=O)[C@@H](O)[C@H]1O
,NC1=NC2=C(N=CN2[C@H]2C[C@H](O)[C@@H](CO)O2)C(=O)N1
,C[N+](C)(C)CCO[P@](O)(=O)OC[C@H](O)CO
,NC1=NC(=O)N(C=C1)[C@@H]1O[C@H](CO)[C@@H](O)[C@H]1O
,OC(=O)CC(O)(CC(O)=O)C(O)=O
,NC1=NC(=O)N(C=C1)[C@@H]1O[C@H](COP(O)(O)=O)[C@@H](O)[C@H]1O
,C[N+](C)(C)CCO
,O[C@@H]1COC(O)[C@H](O)[C@H]1O
,N[C@@H](CCSC[C@H](N)C(O)=O)C(O)=O
,NC1=NC=NC2=C1N=CN2[C@H]1C[C@H](O)[C@@H](CO)O1
,OC[C@H](O)[C@@H](O)[C@@H](O)[C@H](O)CO
,CCO
,OCCN(CC(O)CO)P(O)(O)=O
,OC(=O)C=O
,NC1=NC(=O)C2=NC(CNC3=CC=C(C=C3)C(=O)N[C@@H](CCC(O)=O)C(O)=O)=CN=C2N1
,OC[C@H]1OC(O)[C@H](O)[C@@H](O)[C@@H]1O
,NCC(O)=O
,OCC(=O)[C@@H](O)[C@H](O)[C@H](O)COP(O)(O)=O
,N[C@@H](CCC(=O)N[C@@H](CS)C(=O)NCC(O)=O)C(O)=O
,OC[C@@H](O)COP(O)(O)=O
,OCC(O)CO
,NC1=NC(=O)C2=C(N1)N=CN2
,NC1=NC2=C(N=CN2[C@@H]2O[C@H](CO)[C@@H](O)[C@H]2O)C(=O)N1
,OC=O
,OC[C@H]1OC(O)[C@H](O)[C@@H](O)[C@H]1O
,N[C@@H](CCC(O)=O)C(O)=O
,NCCO
,OC[C@H]1OC(=O)[C@H](O)[C@@H](O)[C@@H]1O
,O[C@@H](CC(O)=O)C(O)=O
,OC1=NC=NC2=C1NC=N2
,N[C@@H](CC1=CC=C(O)C=C1)C(O)=O
,N[C@@H](CC1=CC=CC=C1)C(O)=O
,OC1C(O)C(O)C(O)C(O)C1O
,C[C@H](N)C(O)=O
,OC(=O)[C@@H]1CCCN1
,OC[C@H]1O[C@H](O[C@H]2[C@H](O)[C@H](O)[C@@H](O)O[C@@H]2CO)[C@H](O)[C@@H](O)[C@@H]1O
,N[C@@H](CCS)C(O)=O
,C[C@@H](O)[C@H](N)C(O)=O
,N[C@@H](CC(N)=O)C(O)=O
,OC[C@H]1OC(O)[C@@H](O)[C@@H](O)[C@@H]1O
,CC[C@H](C)[C@H](N)C(O)=O
,C[C@@H]1OC(O)[C@@H](O)[C@H](O)[C@@H]1O
,OC(=O)\C=C\C(O)=O
,N[C@@H](CC1=CN=CN1)C(O)=O
,NCCCC[C@H](N)C(O)=O
,OC[C@H]1O[C@@H](O[C@H]2[C@H](O)[C@@H](O)[C@@H](O)O[C@@H]2CO)[C@H](O)[C@@H](O)[C@H]1O
,N[C@@H](CO)C(O)=O
,O[C@@H]1[C@@H](COP(O)(=O)OP(O)(=O)OP(O)(O)=O)O[C@H]([C@@H]1O)N1C=NC2=C1N=CN=C2O
,C[C@H](O)C(O)=O
,N[C@@H](CC(O)=O)C(O)=O
,N[C@@H](CSSC[C@H](N)C(O)=O)C(O)=O
,OC[C@H]1O[C@H]([C@H](O)[C@@H]1O)N1C=NC2=C1NC=NC2=O
,OC(=O)C(=O)CC1=CC=CC=C1
,CC(C)(CO)C(O)C(=O)NCCC(O)=O
,O[C@H]1[C@H](O)[C@H](O)[C@H](OP(O)(O)=O)[C@@H](O)[C@@H]1O
,NCCC[C@H](N)C(O)=O
,[H]OC([H])([H])[C@]1([H])O[C@@]([H])(O[H])[C@@]([H])(N([H])C(=O)C([H])([H])[H])[C@]([H])(O[H])[C@@]1([H])O[H]
,NC(=O)C1=C[N+](=CC=C1)[C@@H]1O[C@H](CO[P@](O)(=O)O[P@](O)(=O)OC[C@H]2O[C@H]([C@H](OP(O)(O)=O)[C@@H]2O)N2C=NC3=C(N)N=CN=C23)[C@@H](O)[C@H]1O
,O[C@H]1[C@@H](O)[C@@H](O[C@@H]1COP(O)(O)=O)N1C(=O)NC(=O)C=C1C(O)=O
,CCCCCCCCCCCCCCCC(O)=O
,OC(=O)CC(=O)C(O)=O
,OC(=O)CCCC(=O)C(O)=O
,OC(=O)C1=CC(=O)NC(=O)N1
,O[C@H]1[C@@H](O)[C@@H](O[C@@H]1COP(O)(O)=O)[N+]1=CC=CC(=C1)C(O)=O
,OC(=O)C1=CC=CN=C1C(O)=O
,CC1=C(CCO)SC=[N+]1CC1=CN=C(C)N=C1N
,CCC(O)=O
,CC1=C(O)C(CO)=C(CO)C=N1
,[O-]S([O-])=O
,CC1=C(CCC(O)=O)/C2=C/C3=N/C(=C\C4=C(C)C(C=C)=C(N4)/C=C4\N=C(\C=C\1/N\2)C(C=C)=C4C)/C(C)=C3CCC(O)=O
,CC(=O)C(O)=O
,CC1=C(C)C=C2N(C[C@H](O)[C@H](O)[C@H](O)CO)C3=NC(=O)NC(=O)C3=NC2=C1
,NCC1=C(CC(O)=O)C(CCC(O)=O)=CN1
,OC[C@H](O)[C@@H](O)[C@H](O)[C@H](O)CO
,NCCS(O)(=O)=O
,OC(=O)CCC(O)=O
,[O-]S([S-])(=O)=O
,OC[C@H]1O[C@@](CO)(O[C@H]2O[C@H](CO)[C@@H](O)[C@H](O)[C@H]2O)[C@@H](O)[C@@H]1O
,CC1=CNC(=O)NC1=O
,OC(=O)C(=C)OP(O)(O)=O
,CNCC(O)=O
,N[C@@H](COP(O)(O)=O)C(O)=O
,CC1=CN([C@H]2C[C@H](O)[C@@H](CO)O2)C(=O)NC1=O
,O[C@H]1[C@@H](O)[C@@H](O[P@](O)(=O)OP(O)(O)=O)O[C@@H]1COP(O)(O)=O
,OC[C@H]1OC(O)[C@H](O)[C@@H]1O
,O[C@H]1[C@@H](O)[C@@H](O[C@@H]1COP(O)(=O)OP(O)(=O)OP(O)(O)=O)N1C=CC(=O)NC1=O
,O[C@H]1[C@@H](O)[C@@H](O[C@@H]1COP(O)(O)=O)N1C=CC(=O)NC1=O
,O=C1NC2=C(N1)C(=O)NC(=O)N2
,CC(=O)N[C@@H]1[C@@H](O)[C@H](O)[C@@H](CO)O[C@@H]1OP(O)(=O)OP(O)(=O)OC[C@H]1O[C@H]([C@H](O)[C@@H]1O)N1C=CC(=O)NC1=O
,O=C1NC2=C(NC=N2)C(=O)N1
,O[C@@H]1[C@@H](COP(O)(=O)OP(O)(=O)OP(O)(O)=O)O[C@H]([C@@H]1O)N1C=NC2=C1N=C(O)N=C2O
,O[C@H]1[C@@H](O)[C@@H](O[C@@H]1COP(O)(=O)OP(O)(O)=O)N1C=CC(=O)NC1=O
,OC[C@H]1O[C@H]([C@H](O)[C@@H]1O)N1C=CC(=O)NC1=O
,OC[C@H]1O[C@H]([C@H](O)[C@@H]1O)N1C=NC2=C1N=C(O)N=C2O
,O=C1NC=CC(=O)N1
,OC[C@H]1O[C@H](O[P@@](O)(=O)O[P@@](O)(=O)OC[C@H]2O[C@H]([C@H](O)[C@@H]2O)N2C=CC(=O)NC2=O)[C@H](O)[C@@H](O)[C@H]1O
,NCCC1=CC=C(O)C=C1
,OCC(O)C1=CC(O)=C(O)C=C1
,OC(=O)CCC1=CC=CC(O)=C1
,OC(=O)C1=CC=CC(O)=C1O
,CC(C)[C@@](O)(CC(O)=O)C(O)=O
,NC(=O)NC1NC(=O)NC1=O
,CCCCCCCC(O)=O
,CCC(C)C(=O)C(O)=O
,O
,OC(=O)C1=CC=C(O)C=C1
,N[C@@H](CCCC(O)=O)C(O)=O
,OC[C@H]1O[C@@H](O)[C@H](O)[C@@H](O)[C@@H]1O
,N[C@@H](CCCNC(N)=N)C(O)=O
,OC(=O)C1CC(=O)NC(=O)N1
,NC1=NC=NC2=C1N=CN2[C@@H]1O[C@H](COP(O)(=O)OP(O)(=O)OP(O)(O)=O)[C@@H](O)[C@H]1O
,[Mg++]
,OC[C@@H](O)[C@H](O)[C@H](O)[C@@H](O)C(O)=O
,CC1=C(CCC(O)=O)/C2=C/C3=N/C(=C\C4=C(C)C(CCC(O)=O)=C(N4)/C=C4\N=C(\C=C\1/N\2)C(C)=C4CCC(O)=O)/C(CCC(O)=O)=C3C
,N[C@@H](CS)C(O)=O
,OC([O-])=O
,[S--]
,OC(CCC(O)=O)C(O)=O
,CCCCCCCCCCCCCCCC(=O)OCC(COP(O)(=O)OC[C@H](N)C(O)=O)OC(=O)CCCCCCCCCCCCCCC
,OC[C@@H](O)[C@@H](O)C(=O)CO
,OC[C@@H](O)[C@@H](O)[C@H](O)[C@@H](O)C(O)=O
,NC1=CC=NC(=O)N1
,O[C@@H]([C@@H](O)[C@H](O)C(O)=O)[C@@H](O)C(O)=O
,N[C@@H](CCC(N)=O)C(O)=O
,OC[C@H](O)[C@H](O)[C@@H](O)C=O
,[H][C@@](O)(CO)[C@]([H])(O)C(=O)CO
,[Cu++]
,OC[C@H]1O[C@](O)(CO)[C@@H](O)[C@@H]1O
,OC(C(O)C(O)C(O)=O)C(O)C(O)=O
,CCCCCCCCCCCCCCCC(=O)OC[C@H](COP(O)(O)=O)OC(=O)CCCCCCCCCCCCCCC
,CC(C)C[C@H](N)C(O)=O
,[Fe++]
,[H][C@](O)(CCC(O)=O)C(O)=O
,CC(C)CC(=O)C(O)=O
,CSCC[C@H](N)C(O)=O
,OC(C(=O)C(O)=O)C1=CC=CC=C1
,CC(C)CC(O)=O
,CC(C(O)=O)C(O)(CC(O)=O)C(O)=O
,O[C@H]1CN[C@@H](C1)C(O)=O
,N[C@@H](CSS(O)(=O)=O)C(O)=O
,N1C=CC2=C1C=CC=C2
,NCCCC(=O)N[C@@H](CC1=CNC=N1)C(O)=O
,OC[C@H](O)[C@@H](O)C(=O)CO
,OC(=O)CCC1=CC=CC=C1
,OC[C@@H](O)[C@@H](O)[C@H](O)[C@H](O)CO
,NC1=C(N=CN1[C@@H]1O[C@H](COP(O)(O)=O)[C@@H](O)[C@H]1O)C(=O)N[C@@H](CC(O)=O)C(O)=O
,OC(=O)[C@H]1CCC(=O)N1
,NC(=O)N[C@@H](CC(O)=O)C(O)=O
,CC(=O)N[C@@H]1[C@@H](O)C[C@](O)(O[C@H]1[C@H](O)[C@H](O)CO)C(O)=O
,[H][C@@]1(C)O[C@@]([H])(O)[C@]([H])(O)[C@]([H])(O)[C@@]1([H])O
,CC(=O)N[C@H]1[C@H](O)O[C@H](CO)[C@H](O)[C@@H]1O
,NC(=O)C1=C[N+](=CC=C1)[C@@H]1O[C@H](CO)[C@@H](O)[C@H]1O
,CC(C)[C@H](N)C(O)=O
,NC(=O)C1=C[N+](=CC=C1)[C@@H]1O[C@H](COP(O)(=O)OP(O)(=O)OC[C@H]2O[C@H]([C@H](O)[C@@H]2O)N2C=NC3=C2N=CN=C3N)[C@@H](O)[C@H]1O
,N[C@@H](CCCNC(N)=O)C(O)=O
,NC1=NC=NC2=C1N=CN2[C@H]1C[C@H](O)[C@@H](COP(O)(O)=O)O1
,CN(C)C
,OC(=O)CCC1=C(CC(O)=O)/C2=C/C3=N/C(=C\C4=C(CCC(O)=O)C(CC(O)=O)=C(N4)/C=C4\N=C(\C=C\1/N\2)C(CC(O)=O)=C4CCC(O)=O)/C(CCC(O)=O)=C3CC(O)=O
,N[C@@H](CC1=CNC2=CC=CC=C12)C(O)=O
,OC(=O)\C=C\C1=CC=CC=C1
,N[C@@H](CCSC[C@H]1O[C@H]([C@H](O)[C@@H]1O)N1C=NC2=C(N)N=CN=C12)C(O)=O
,O[C@H]([C@@H](O)C(O)=O)C(O)=O
,OC1=CC=CC=C1O
,OC(=O)C\C(=C/C(O)=O)C(O)=O
,NC1=NC2=C(N=CN2[C@H]2C[C@H](O)[C@@H](COP(O)(=O)OP(O)(O)=O)O2)C(=O)N1
,CC(C)=CCC\C(C)=C\CC\C(C)=C\COP(O)(=O)OP(O)(O)=O
,NC(=O)CCCCC1CCSS1
,NCCS(O)=O
,NC1=NC(=O)C2=C(NCC(CN(C=O)C3=CC=C(C=C3)C(=O)N[C@@H](CCC(O)=O)C(O)=O)N2)N1
,OC[C@H]1O[C@H](O[C@H]2O[C@H](CO)[C@@H](O)[C@H](O)[C@H]2O)[C@H](O)[C@@H](O)[C@@H]1O
,OC(=N)CCCCC(S)CCS
,C[S+](CCCN)C[C@H]1O[C@H]([C@H](O)[C@@H]1O)N1C=NC2=C1N=CN=C2N
,CC=O
,N[C@@H](CS(=O)=O)C(O)=O
,NC1=NC(=O)N(C=C1)[C@H]1C[C@H](O)[C@@H](COP(O)(=O)OP(O)(=O)OP(O)(O)=O)O1
,O[C@H]1[C@@H](O)[C@H](NC(=N)CNC=O)O[C@@H]1COP(O)(O)=O
,O[C@H]1C[C@@H](O[C@@H]1COP(O)(=O)OP(O)(O)=O)N1C=CC(=O)NC1=O
,NC1=NC=NC2=C1N=CN2[C@@H]1O[C@H](COP(O)(=O)OS(O)(=O)=O)[C@@H](O)[C@H]1O
,NC(=O)N[C@@H](O)C(O)=O
,N[C@@H](CCCNC(=N)N[C@@H](CC(O)=O)C(O)=O)C(O)=O
,CC(=C)C(=O)SCCNC(=O)CCNC(=O)C(O)C(C)(C)COP(O)(=O)OP(O)(=O)OC[C@H]1O[C@H]([C@H](O)[C@@H]1OP(O)(O)=O)N1C=NC2=C1N=CN=C2N
,CC(C)(COP(O)(O)=O)C(O)C(=O)NCCC(O)=O
,CC(C)(COP(O)(=O)OP(O)(=O)OC[C@H]1O[C@H]([C@H](O)[C@@H]1OP(O)(O)=O)N1C=NC2=C1N=CN=C2N)C(O)C(=O)NCCC(=O)NCCSC(=O)CCC(O)=O
,OC(=O)C(=O)COP(O)(O)=O
,[H]C1(O)C[C@]([H])(O)[C@@]([H])(COP(O)(O)=O)O1
,NC1=NC(=O)C2=C(N1)N(C=N2)[C@H]1C[C@H](O)[C@@H](COP(O)(O)=O)O1
,N[C@@H](CCC(=O)N[C@@H](CS)C(O)=O)C(O)=O
,OCC(O)C=O
,CC(CO)C(=O)SCCNC(=O)CCNC(=O)C(O)C(C)(C)COP(O)(=O)OP(O)(=O)OCC1OC(C(O)C1OP(O)(O)=O)N1C=NC2=C(N)N=CN=C12
,[H][C@@](CCC([O-])=O)(NC(=O)C1=CC=C(NCC2=NC3=C(NC2)NC(=N)N=C3[O-])C=C1)C(O)=O
,O[C@H]1[C@H](O)[C@](O)(COP(O)(O)=O)O[C@@H]1COP(O)(O)=O
,COC1=C(OC)C(O)C(C\C=C(/C)CC\C=C(/C)CC\C=C(/C)CC\C=C(/C)CC\C=C(/C)CC\C=C(/C)CC\C=C(/C)CCC=C(C)C)=C(C)C1O
,CC(=O)N[C@H]1C(O)O[C@H](COP(O)(O)=O)[C@@H](O)[C@@H]1O
,C[C@@H](O)C(=O)SC[C@H](NC(=O)CC[C@H](N)C(O)=O)C(=O)NCC(O)=O
,OCC1(O)O[C@H](COP(O)(O)=O)[C@@H](O)[C@@H](O)[C@@H]1O
,CCCCCCCC(=O)SCCNC(=O)CCNC(=O)C(O)C(C)(C)COP(O)(=O)OP(O)(=O)OCC1OC(C(O)C1OP(O)(O)=O)N1C=NC2=C(N)N=CN=C12
,COC1=C(OC)C(=O)C(C\C=C(/C)CC\C=C(/C)CC\C=C(/C)CC\C=C(/C)CC\C=C(/C)CC\C=C(/C)CC\C=C(/C)CC\C=C(/C)CC\C=C(/C)CCC=C(C)C)=C(C)C1=O
,OC[C@H]1O[C@](O)(COP(O)(O)=O)[C@@H](O)[C@@H]1O
,OC1OC(COP([O-])([O-])=O)C(O)C(O)C1O
,[H][C@](N)(CCC(O)=O)C(=O)OC1=NC(=N)NC2=C1N(C)C(=CN2)C([H])(OC(=O)[C@@]([H])(N)CCC(O)=O)C([H])(C)OC(=O)[C@@]([H])(N)CCC(O)=O
,NCCCC=O
,[Co]N1\C2=C(C)/C3=N/C(=C\C4=N\C(=C(C)/C5=N[C@@](C)([C@@]1([H])[C@H](CC(=O)O)[C@@]2(C)CCC(=O)O)[C@@](C)(CC(=O)N)[C@@H]5CCC(=O)O)\[C@@](C)(CC(=O)N)[C@@H]4CCC(=O)O)/C(C)(C)[C@@H]3CCC(=O)O
,OC(=O)CCC1=C2CC3=C(CCC(O)=O)C(CC(O)=O)=C(CC4=C(CC(O)=O)C(CCC(O)=O)=C(CC5=C(CC(O)=O)C(CCC(O)=O)=C(CC(N2)=C1CC(O)=O)N5)N4)N3
,CSC[C@H]1O[C@@H](O)[C@H](O)[C@@H]1O
,CCCC(=O)SCCNC(=O)CCNC(=O)C(O)C(C)(C)COP(O)(=O)OP(O)(=O)OCC1OC(C(O)C1OP(O)(O)=O)N1C=NC2=C1N=CN=C2N
,CC(C)=CCC\C(C)=C\CC\C(C)=C\CC\C(C)=C\CC\C(C)=C\CC\C(C)=C\CC\C(C)=C\CC\C(C)=C\COP(O)(=O)OP(O)(O)=O
,C[C@@H]1OC(OP(O)(=O)OP(O)(=O)OC[C@H]2O[C@H]([C@H](O)[C@@H]2O)N2C=NC3=C2N=C(N)NC3=O)[C@@H](O)[C@H](O)[C@@H]1O
,NC(=O)OP(O)(O)=O
,CC1=C2CC3=C(C)C(C=C)=C(CC4=C(C)C(C=C)=C(CC5=C(C)C(CCC(O)=O)=C(CC(N2)=C1CCC(O)=O)N5)N4)N3
,NCCC=O
,N[C@@H]1[C@@H](O)[C@H](O)[C@@H](CO)O[C@H]1OP(O)(O)=O
,OC(COP(O)(O)=O)C=O
,[H][C@](O)(C(O)=NCCC(O)=NCCSC(=O)CC(C)C)C(C)(C)COP(O)(=O)OP(O)(=O)OC[C@@]1([H])O[C@@]([H])(N2C=NC3=C(N)N=CN=C23)[C@]([H])(O)[C@]1([H])OP(O)(O)=O
,CC(C)(COP(O)(O)=O)[C@@H](O)C(=O)NCCC(=O)N[C@@H](CS)C(O)=O
,CC(C)=CCO[P@](O)(=O)OP(O)(O)=O
,CC(=O)N[C@@H]1[C@@H](O)O[C@H](COP(O)(O)=O)[C@@H](O)[C@@H]1O
,NC1=CC=CC=C1C(O)=O
,OC[C@H]1O[C@H](O[C@H]2O[C@H](COP(O)(O)=O)[C@@H](O)[C@H](O)[C@H]2O)[C@H](O)[C@@H](O)[C@@H]1O
,O[C@H]1[C@H](O)[C@@H](COP(O)(O)=O)OC(=O)[C@@H]1O
,N[C@@H]1O[C@H](COP(O)(O)=O)[C@@H](O)[C@H]1O
,[H]C1(O)O[C@]([H])(CO)[C@@]([H])(O)[C@]([H])(O)[C@]1([H])N=C(C)O
,OC(=O)CC(=N)C(O)=O
,NC1=NC=NC2=C1N=CN2[C@@H]1O[C@H](COP(O)(=O)OS(O)(=O)=O)[C@@H](OP(O)(O)=O)[C@H]1O
,OCC1=C(CC(O)=O)C(CCC(O)=O)=C(CC2=C(CC(O)=O)C(CCC(O)=O)=C(CC3=C(CC(O)=O)C(CCC(O)=O)=C(CC4=C(CC(O)=O)C(CCC(O)=O)=CN4)N3)N2)N1
,C[C@H](NC(C)=O)C(O)=O
,CC1=CC2=C(C=C1C)N(CC(O)C(O)C(O)COP(O)(O)=O)C1=C(N2)C(=O)NC(=O)N1
,NC1=NC2=C(N=C(CN2)[C@H](O)[C@H](O)COP(O)(=O)OP(O)(=O)OP(O)(O)=O)C(=O)N1
,NCC(=O)CCC(O)=O
,[H]C1(O)O[C@]([H])(CO)[C@@]([H])(O)[C@@]([H])(O)[C@@]1([H])O
,CC(C(C)=O)C(=O)SCCNC(=O)CCNC(=O)C(O)C(C)(C)COP(O)(=O)OP(O)(=O)OCC1OC(C(O)C1OP(O)(O)=O)N1C=NC2=C(N)N=CN=C12
,CC(C)=CCC\C(C)=C\CC\C(C)=C\CCC(O)C1=C(C)/C2=C/C3=N/C(=C\C4=C(CCC(O)=O)C(C)=C5/C=C6\N=C(\C=C\1/N\2[Fe]N45)C(C)=C6C=C)/C(CCC(O)=O)=C3C
,NC1=NC2=C(N=CN2[C@@H]2O[C@H](COP(O)(=O)OP(O)(=O)O[C@H]3O[C@H](CO)[C@@H](O)[C@H](O)[C@@H]3O)[C@@H](O)[C@H]2O)C(=O)N1
,C[C@@H](O)CC(=O)SCCNC(=O)CCNC(=O)C(O)C(C)(C)COP(O)(=O)OP(O)(=O)OC[C@H]1O[C@H]([C@H](O)[C@@H]1OP(O)(O)=O)N1C=NC2=C1N=CN=C2N
,CC(=O)C=O
,CSC[C@H]1O[C@H]([C@H](O)[C@@H]1O)N1C=NC2=C1N=CN=C2N
,[H][C@](N)(CCC(O)=O)C(=O)OC1=NC(=N)NC2=C1NC(=CN2)C([H])(OC(=O)[C@@]([H])(N)CCC(O)=O)C([H])(C)OC(=O)[C@@]([H])(N)CCC(O)=O
,CC(C)(COP(O)(=O)OP(O)(=O)OC[C@H]1O[C@H]([C@H](O)[C@@H]1OP(O)(O)=O)N1C=NC2=C1N=CN=C2N)C(O)C(=O)NCCC(=O)NCCSC(=O)CC(O)=O
,[H][C@@]1(O)O[C@]([H])(COP(O)(=O)OP(O)(=O)OC[C@@]2([H])O[C@@]([H])(N3C=NC4=C(N)N=CN=C34)[C@]([H])(O)[C@]2([H])O)[C@@]([H])(O)[C@@]1([H])O
,NC1=C2N=CN([C@@H]3O[C@H](COP(O)(=O)OP(O)(=O)OC[C@H]4O[C@H]([C@H](O)[C@@H]4O)[N+]4=CC=CC(=C4)C(O)=O)[C@@H](O)[C@H]3O)C2=NC=N1
,OC(=O)CCC(=O)N[C@@H](CCC=O)C(O)=O
,[H][C@@](N)(CC[S+](C)C[C@@]1([H])O[C@@]([H])(N2C=NC3=C2N=CN=C3N)[C@]([H])(O)[C@]1([H])O)C(O)=O
,O[C@H]1C[C@@H](O[C@@H]1COP(O)(=O)OP(O)(=O)OP(O)(O)=O)N1C=CC(=O)NC1=O
,CCCCC\C=C/C\C=C/C\C=C/C=C/[C@H](CCCC(O)=O)OO
,CC(=O)C(=O)C1CNC2=C(N1)C(=O)NC(N)=N2
,CC1=CC2=C(C=C1C)N(C[C@H](O)[C@H](O)[C@H](O)COP(O)(=O)OP(O)(=O)OC[C@H]1O[C@H]([C@H](O)[C@@H]1O)N1C=NC3=C1N=CN=C3N)C1=C(N2)C(=O)NC(=O)N1
,NCCC[C@H](NC(=O)CCC(O)=O)C(O)=O
,NC1=NC2=C(N=CN2[C@@H]2O[C@H](COP(O)(=O)OP(O)(O)=O)[C@@H](O)[C@H]2O)C(=O)N1
,NC1=NC(=O)N(C=C1)[C@H]1C[C@H](O)[C@@H](COP(O)(O)=O)O1
,CC(=O)SCCNC(=O)CCNC(=O)[C@H](O)C(C)(C)COP(O)(=O)OP(O)(=O)OC[C@H]1O[C@H]([C@H](O)[C@@H]1OP(O)(O)=O)N1C=NC2=C1N=CN=C2N
,NC(=O)NC(NC(N)=O)C(O)=O
,NC1=C2N=CN([C@@H]3O[C@H](COP(O)(=O)OP(O)(=O)OP(O)(=O)OP(O)(=O)OC[C@H]4O[C@H]([C@H](O)[C@@H]4O)N4C=NC5=C(N)N=CN=C45)[C@@H](O)[C@H]3O)C2=NC=N1
,CC(=O)[C@@H](O)[C@H](O)COP(O)(O)=O
,C1CNC2=C(N1)C=NC=N2
,CC1=CN([C@H]2C[C@H](O)[C@@H](COP(O)(O)=O)O2)C(=O)NC1=O
,N[C@@H](CCC(=O)OP(O)(O)=O)C(O)=O
,OC1=CC=C(C=C1)[N+]([O-])=O
,NC1=CN=CN1[C@@H]1O[C@H](COP(O)(O)=O)[C@@H](O)[C@H]1O
,NC1=NC(=O)N(C=C1)[C@H]1C[C@H](O)[C@@H](COP(O)(=O)OP(O)(O)=O)O1
,CC1=CC2=C(C=C1C)N(C[C@H](O)[C@H](O)[C@H](O)CO[P@](O)(=O)O[P@@](O)(=O)OC[C@H]1O[C@H]([C@H](O)[C@@H]1O)N1C=NC3=C1N=CN=C3N)C1=NC(=O)NC(=O)C1=N2
,C[N+](C)(C)CC=O
,N[C@H]1[C@@H](O)O[C@H](COP(O)(O)=O)[C@@H](O)[C@@H]1O
,NCCCNCCCCNCCCN
,NCCCCNCCCN
,OC(=O)CCC=O
,CC1=C2CC3=C(C)C(CCC(O)=O)=C(CC4=C(CCC(O)=O)C(C)=C(CC5=C(CCC(O)=O)C(C)=C(CC(N2)=C1CCC(O)=O)N5)N4)N3
,OC[C@H]1O[C@H](O[C@H]2[C@H](O)[C@@H](O)[C@@H](O[C@H]3[C@H](O)[C@@H](O)C(O)O[C@@H]3CO)O[C@@H]2CO)[C@H](O)[C@@H](O)[C@@H]1O
,OC[C@@]1(O)OC[C@H](O)[C@@H](O)[C@@H]1O
,OC(COP(O)(O)=O)C(=O)OP(O)(O)=O
,O[C@H]1[C@@H](O)[C@@H](O[C@@H]1COP(O)(O)=O)C1=CNC(=O)NC1=O
,NC1=NC2=C(N=CN2[C@@H]2O[C@H](COP(O)(=O)OP(O)(=O)OP(O)(O)=O)[C@@H](O)[C@H]2O)C(=O)N1
,CC1=CN([C@H]2C[C@H](O)[C@@H](COP(O)(=O)OP(O)(O)=O)O2)C(=O)NC1=O
,CCC(=O)SCCNC(=O)CCNC(=O)C(O)C(C)(C)COP(O)(=O)OP(O)(=O)OC[C@H]1O[C@H]([C@H](O)[C@@H]1OP(O)(O)=O)N1C=NC2=C1N=CN=C2N
,CC(=O)NCCCNCCCCN
,CC(C)=CCC\C(C)=C\CO[P@@](=O)(O)OP(=O)(O)O
,OC[C@@H]1OC[C@@H](O)[C@@H]1O
,OC(=O)[C@@H](COP(O)(O)=O)OP(O)(O)=O
,OC[C@H]1O[C@H](O[C@H]2[C@H](O)[C@@H](O)[C@@H](O[C@H]3[C@H](O)[C@@H](O)[C@@H](O[C@H]4[C@H](O)[C@@H](O)C(O)O[C@@H]4CO)O[C@@H]3CO)O[C@@H]2CO)[C@H](O)[C@@H](O)[C@@H]1O
,OC(=O)C1CCC=N1
,[Zn]
,N[C@@H](CCC=O)C(O)=O
,O[C@H]1[C@@H](O)[C@H](NC(=O)CNC=O)O[C@@H]1COP(O)(O)=O
,C[C@@H](N)C(O)=O
,C[C@@H](O)C(O)=O
,[H]C1(O)[C@]([H])(O)[C@]([H])(O)C([H])(OP(O)(O)=O)[C@]([H])(O)[C@@]1([H])O
,O[C@H](COP(O)(O)=O)[C@@H](O)[C@H](O)[C@@H](O)C(O)=O
,OC1C(COP(O)(O)=O)OC(C1O)N1C=NC=C1NC(O)=O
,CC1=NC=C(COP(O)(O)=O)C(CO)=C1O
,CC1=CN([C@H]2C[C@H](O)[C@@H](COP(O)(=O)OP(O)(=O)OC3O[C@H](CO)[C@@H](O)[C@H](O)[C@H]3O)O2)C(=O)NC1=O
,O[C@@H]1[C@@H](COP(O)(O)=O)O[C@H]([C@@H]1O)N1C=NC2=C(N[C@@H](CC(O)=O)C(O)=O)N=CN=C12
,[Mn++]
,CCCCCCCCCCCCCCCC(=O)SCCNC(=O)CCNC(=O)C(O)C(C)(C)COP(O)(=O)OP(O)(=O)OC[C@H]1O[C@H]([C@H](O)[C@@H]1OP(O)(O)=O)N1C=NC2=C1N=CN=C2N
,CC(C)(COP(O)(=O)OP(O)(=O)OC[C@H]1O[C@H]([C@H](O)[C@@H]1OP(O)(O)=O)N1C=NC2=C1N=CN=C2N)C(O)C(=O)NCCC(=O)NCCSC(=O)CCCC(O)=O
,NC1=NC=NC2=C1N=CN2[C@@H]1O[C@H](COP(O)(=O)OP(O)(O)=O)[C@@H](O)[C@H]1O
,CC1=CN([C@H]2C[C@H](O)[C@@H](COP(O)(=O)OP(O)(=O)OP(O)(O)=O)O2)C(=O)NC1=O
,C[C@H]1O[C@H](OP(O)(=O)OP(O)(=O)OC[C@H]2O[C@H]([C@H](O)[C@@H]2O)N2C=NC3=C2N=C(N)NC3=O)[C@@H](O)[C@@H](O)C1=O
,CC(=C)CCO[P@](O)(=O)OP(O)(O)=O
,[Se++]
,OC[C@H]1OC(C[C@@H]1O)OP(O)(O)=O
,OCC(=O)C(O)=O
,OC[C@@H](O)[C@H](O)CC(=O)C(O)=O
,[H][C@@]12CN(CN1C1=C(NC2)N=C(N)NC1=O)C1=CC=C(C=C1)C(=O)NC(CCC(O)=O)C(O)=O
,[H][H]
,N1C=NC2=C1C=NC=N2
,CC(=O)N[C@@H]1[C@@H](O)[C@H](O)[C@@H](CO)OC1OP(O)(O)=O
,OC(=O)C(=O)CS
,OC1CC(N=C1)C(O)=O
,N[C@@H](CCC[C@H](N)C(O)=O)C(O)=O
,CC1=C(CCO[P@](O)(=O)OP(O)(O)=O)SC=[N+]1CC1=CN=C(C)N=C1N
,CC(C)(COP(O)(=O)OP(O)(=O)OC[C@H]1O[C@H]([C@H](O)[C@@H]1O)N1C=NC2=C1N=CN=C2N)C(O)C(=O)NCCC(=O)NCCS
,O[C@H](COP(O)(O)=O)[C@@H](O)CC(=O)C(O)=O
,O[C@@H]1[C@@H](COP(O)(=O)OP(O)(=O)O[C@H]2O[C@@H]([C@@H](O)[C@H](O)[C@H]2O)C(O)=O)O[C@H]([C@@H]1O)N1C=CC(=O)NC1=O
,CCC=CCC=CCC=CCCCCCCCC(O)=O
,C[C@@H]1OC(OP(O)(=O)OP(O)(=O)OCC2O[C@H]([C@H](O)[C@@H]2O)N2C=NC3=C2N=C(N)NC3=O)[C@@H](O)[C@H](O)C1=O
,NC1=CC=C(C=C1)C(O)=O
,CN1C(CNC2=CC=C(C=C2)C(=O)N[C@H](CCC(O)=O)C(O)=O)CNC2=C1C(=O)NC(N)=N2
,NC1=NC2=C(N=CN2[C@@H]2O[C@H](COP(O)(O)=O)[C@@H](O)[C@H]2O)C(=O)N1
,C[C@H]1OC(OP(O)(=O)OP(O)(=O)OC[C@H]2O[C@H](C[C@@H]2O)N2C=C(C)C(=O)NC2=O)[C@H](O)[C@@H](O)C1=O
,OCC(O)C(O)C(O)C(O)COP(O)(O)=O
,OC1O[C@H](COP(O)(O)=O)[C@@H](O)[C@H](O)[C@H]1O
,OC(=O)C(=O)CS([O-])=O
,NC(=O)C1=CC=CN=C1
,O[C@H]1C[C@@H](O[C@@H]1COP(O)(O)=O)N1C=CC(=O)NC1=O
,NC1=NC2=C(N=C(CNC3=CC=C(C=C3)C(O)=O)CN2)C(=O)N1
,NCCCCN
,CC(C)(COP(O)(O)=O)[C@@H](O)C(=O)NCCC(=O)NCCS
,N[C@@H](CCOC(=O)CCC(O)=O)C(O)=O
,CC(C)(COP(O)(=O)OP(O)(=O)OC[C@H]1O[C@H]([C@H](O)[C@@H]1OP(O)(O)=O)N1C=NC2=C1N=CN=C2N)C(O)C(=O)NCCC(=O)NCCS
,C=O
,[O-]P([O-])([O-])=O
,CC1=C(O)C(CN)=C(CO)C=N1
,NCCCCNC(N)=N
,OC[C@H]1OC(OP(O)(O)=O)[C@@H](O)[C@@H](O)[C@@H]1O
,[H][C@@](CCC(O)=O)(N=C(O)CCC(O)=O)C(O)=O
,NC(=O)C1=C(NC=O)N(C=N1)[C@@H]1O[C@H](COP(O)(O)=O)[C@@H](O)[C@H]1O
,NC1=NC2=C(N=CN2[C@H]2C[C@H](O)[C@@H](COP(O)(=O)OP(O)(=O)OP(O)(O)=O)O2)C(=O)N1
,C1CN=C2N=CN=CC2=N1
,[O-]S([O-])(=O)=O
,OC(=O)CCCC[C@@H]1CCSS1
,CC(C)=CCC\C(C)=C\CC\C(C)=C\CC\C(C)=C\CC\C(C)=C\CC\C(C)=C\CC\C(C)=C\CC\C(C)=C\CC\C(C)=C\CC\C(C)=C\CC\C(C)=C\COP(O)(=O)OP(O)(O)=O
,OCC(=O)COP(O)(O)=O
,NC1=C(O)C=CC=C1C(O)=O
,CC(=O)CC(=O)SCCNC(=O)CCNC(=O)C(O)C(C)(C)COP(O)(=O)OP(O)(=O)OC[C@H]1O[C@H]([C@H](O)[C@@H]1OP(O)(O)=O)N1C=NC2=C1N=CN=C2N
,NC(=O)C1=CN(C=CC1)[C@@H]1O[C@H](CO[P@](O)(=O)O[P@](O)(=O)OC[C@H]2O[C@H]([C@H](O)[C@@H]2O)N2C=NC3=C(N)N=CN=C23)[C@@H](O)[C@H]1O
,OC(=O)C1=CN=CC=C1
,CC1=NC=C(COP(O)(O)=O)C(C=O)=C1O
,CC(C)=CC(=O)SCCNC(=O)CCNC(=O)C(O)C(C)(C)COP(O)(=O)OP(O)(=O)OC[C@H]1O[C@H]([C@H](O)[C@@H]1OP(O)(O)=O)N1C=NC2=C1N=CN=C2N
,CC(=O)OP(O)(O)=O
,O[C@@H]1C=C[C@@H](NCC2=CNC3=C2C(=O)NC(=N)N3)[C@@H]1O
,[H][C@@]1(N)C(O)O[C@@]([H])(CO)[C@]([H])(O)[C@@]1([H])O
,NC(=O)C1=C(N)N(C=N1)[C@@H]1O[C@H](COP(O)(O)=O)[C@@H](O)[C@H]1O
,CC1=CC2=C(C=C1C)N(C[C@H](O)[C@H](O)[C@H](O)COP(O)(O)=O)C1=NC(=O)NC(=O)C1=N2
,CCCCCCCCCCCCCC(=O)SCCNC(=O)CCNC(=O)C(O)C(C)(C)COP(O)(=O)OP(O)(=O)OC[C@H]1O[C@H]([C@H](O)[C@@H]1OP(O)(O)=O)N1C=NC2=C1N=CN=C2N
,CC(=O)SC(CCS)CCCCC(N)=O
,[H][C@]1(O)C[C@@]([H])(O[C@]1([H])COP([O-])(=O)OP([O-])(=O)OP([O-])([O-])=O)N1C=NC2=C(N)N=CN=C12
,CC1=NC=C(CO)C(C=O)=C1O
,NC1=NC(=O)N(C=C1)[C@@H]1O[C@H](COP(O)(=O)OP(O)(O)=O)[C@@H](O)[C@H]1O
,N[C@@H](CCC(=O)N[C@@H](CSC=O)C(=O)NCC(O)=O)C(O)=O
,CSCCC(=O)C(O)=O
,O[C@@H]1[C@@H](COP(O)(O)=O)O[C@H]([C@@H]1O)N1C=NC2=C1NC(=O)NC2=O
,CC1=NC=C(COP(O)(O)=O)C(CN)=C1O
,NC1=NC2=C(N(C=O)C(CNC3=CC=C(C=C3)C(=O)NC(CCC(O)=O)C(O)=O)CN2)C(=O)N1
,NCC(=O)N[C@@H]1O[C@H](COP(O)(O)=O)[C@@H](O)[C@H]1O
,OC[C@H]1OC(OP(O)(O)=O)[C@H](O)[C@@H](O)[C@@H]1O
,NC1=NC(=O)C2=C(NC[C@H](CNC3=CC=C(C=C3)C(=O)NC(CCC(O)=O)C(O)=O)N2)N1
,CO
,CC(O)CO
,OCC(=O)CO
,CS(=O)CCC(N)C(O)=O
,C\C=C\C(=O)SCCNC(=O)CCNC(=O)C(O)C(C)(C)COP(O)(=O)OP(O)(=O)OC[C@H]1O[C@H]([C@H](O)[C@@H]1OP(O)(O)=O)N1C=NC2=C(N)N=CN=C12
,CC(CNC(N)=O)C(O)=O
,OC1O[C@H](COP(O)(O)=O)[C@@H](O)[C@H]1O
,C\C=C(/C)C(=O)SCCNC(=O)CCNC(=O)C(O)C(C)(C)COP(O)(=O)OP(O)(=O)OC[C@H]1O[C@H]([C@H](O)[C@@H]1OP(O)(O)=O)N1C=NC2=C(N)N=CN=C12
,CC(=O)NCCCCN
,OC(=O)C1=CN=CC=N1
,OC(CC(=O)C(O)=O)C(O)=O
,[O-]C#N
,C#[N-]
,C1(C)(C)[C@]([H])(CCC(N)=O)C2=[N]3[Co+]456([N]7=CN([C@]8(O[C@]([H])(CO)[C@@](OP(O[C@@](C)([H])CNC(=O)CC[C@]9(C)[C@@](C([C@@]%10([N]4=C(C(=C4[C@](C)([C@]([H])(CCC(N)=O)C(=[N]54)C=C13)CC(N)=O)C)[C@@]([C@]%10(C)CC(N)=O)([H])CCC(N)=O)C)N6C9=C2C)([H])CC(N)=O)(=O)[O-])([C@]8(O)[H])[H])[H])C1=C7C=C(C)C(=C1)C)C[C@]1(O[C@]([C@@]([C@@]1(O)[H])(O)[H])(N1C=NC2=C1N=CN=C2N)[H])[H]
,OC(=O)CC(=C)C(O)=O
,CC(=O)CN
,CC1=C2CC3=C(CCC(O)=O)C(C)=C(CC4=C(CCC(O)=O)C(C)=C(CC5=C(CCC(O)=O)C(C)=C(CC(N2)=C1CCC(O)=O)N5)N4)N3
,[H][C@@]12C[C@H](O)CC[C@]1(C)C1CC[C@]3(C)C(CCC3C1[C@H](O)C2)C(C)CCCC(C)C(=O)SCCNC(=O)CCNC(=O)C(O)C(C)(C)COP(O)(=O)OP(O)(=O)OC[C@H]1O[C@H]([C@H](O)[C@@H]1OP(O)(O)=O)N1C=NC2=C(N)N=CN=C12
,OCC=O
,C[C@@H](CN)C(O)=O
,NC1=NC2=C(NC3C(N2)OC(COP(O)(O)=O)C2=C3S[Mo](=O)(=O)S2)C(=O)N1
,OC(=O)CCC1=C2CC3=C(CC(O)=O)C(CCC(O)=O)=C(CC4=C(CC(O)=O)C(CCC(O)=O)=C(CC5=C(CC(O)=O)C(CCC(O)=O)=C(CC(N2)=C1CC(O)=O)N5)N4)N3
,C[C@@H](C=O)C(O)=O
,N[C@@H](CCO)C(O)=O
,[H][C@@](C)(C(O)=O)C(=O)SCCN=C(O)CCN=C(O)[C@]([H])(O)C(C)(C)COP(O)(=O)OP(O)(=O)OC[C@@]1([H])O[C@@]([H])(N2C=NC3=C(N)N=CN=C23)[C@]([H])(O)[C@]1([H])OP(O)(O)=O
,OC(=O)C1=CC(O)=C(O)C(O)=C1
,NC1=NC(=O)C2=C(NCC(=N2)C(O)C(O)CO)N1
,CC(C)(COP(O)(=O)OP(O)(=O)OC[C@H]1O[C@H]([C@H](O)[C@@H]1OP(O)(O)=O)N1C=NC2=C(N)N=CN=C12)C(O)C(=O)NCCC(=O)NCCSC(=O)C=C
,[H][C@](C)(C(O)=O)C(=O)SCCN=C(O)CCN=C(O)[C@]([H])(O)C(C)(C)COP(O)(=O)OP(O)(=O)OC[C@@]1([H])O[C@@]([H])(N2C=NC3=C(N)N=CN=C23)[C@]([H])(O)[C@]1([H])OP(O)(O)=O
,NCCCCCN
,OC(=O)C(O)=O
,OC1=CC=C(O)C=C1
,O[C@H](COP(O)(O)=O)[C@@H](O)C=O
,NCCC1=CC=CC=C1
,CC1=C(CCO[P@](O)([O-])=O)SC=[N+]1CC1=CN=C(C)N=C1N
,NC(CS(O)(=O)=O)C(O)=O
,[O-]N=O
,[O-]C(=O)CCC(=O)C([O-])=O
,CCCCCC(=O)SCCNC(=O)CCNC(=O)C(O)C(C)(C)COP(O)(=O)OP(O)(=O)OC[C@H]1O[C@H]([C@H](O)[C@@H]1OP(O)(O)=O)N1C=NC2=C(N)N=CN=C12
,[O-][N+]([O-])=O
,CC1=C(N)NC(=O)N=C1
,[Na+]
,CC(=O)OC[C@H](N)C(O)=O
,OC(=O)CC=O
,OCC(O)=O
,[H]C(=O)C(C)O
,O[C@@H]1CC(=C[C@@H](O)[C@H]1O)C(O)=O
,[H]C([H])(C=O)[C@@]([H])(O)[C@]([H])(O)[C@]([H])(O)CO
,CC1=C(CCC(O)=O)C2=CC3=[N+]4C(=CC5=C(C=C)C(C)=C6C=C7C(C=C)=C(C)C8=[N+]7[Fe@]4(N2C1=C8)N56)C(C)=C3CCC(O)=O
,OC[C@@H]1O[C@H](O)C[C@H]1O
,CC(O)C(C)=O
,CC(OC1C(O)C(CO)OC(OP(O)(=O)OP(O)(=O)OCC2OC(C(O)C2O)N2C=CC(=O)NC2=O)C1NC(C)=O)C(O)=O
,S
,N[C@H](COP(O)(O)=O)CC1=CNC=N1
,N[C@@H](C[SeH])C(O)=O
,[H]\C(C1=C(C)C(CCC(=O)O[C@]2([H])O[C@]([H])(C(O)=O)[C@@]([H])(O)[C@]([H])(O)[C@@]2([H])O)=C(CC2=C(CCC(=O)O[C@]3([H])O[C@]([H])(C(O)=O)[C@@]([H])(O)[C@]([H])(O)[C@@]3([H])O)C(C)=C(N2)C(\[H])=C2/N=C(O)C(C)=C2C=C)N1)=C1\N=C(O)C(C=C)=C1C
,O[C@@H]1[C@@H](COP(O)(=O)OP(O)(O)=O)OC([C@@H]1O)N1C=NC2=C1NC=NC2=O
,N[C@H](CCC(O)=O)C(O)=O
,OC[C@H]1O[C@H](O)[C@H](O)[C@@H](O)[C@@H]1O
,CC(=O)N[C@@H](CCCN)C(O)=O
,[N]=O
,[O-]P([O-])(=O)OP([O-])(=O)OP([O-])([O-])=O
,N[C@H](CO)C(O)=O
,N[C@H](CS)C(O)=O
,[H][C@](O)(C(O)=NCCC(O)=NCCSC=O)C(C)(C)COP(O)(=O)OP(O)(=O)OC[C@@]1([H])O[C@@]([H])(N2C=NC3=C(N)N=CN=C23)[C@]([H])(O)[C@]1([H])OP(O)(O)=O
,N[C@H](CCC(N)=O)C(O)=O
,CC(C)(CO)C(O)C(=O)NCCC(=O)NCCS
,N[C@H](CO)CC1=CN=CN1
,O.[Co+3].[H][C@@](C)(CN=C(O)CCC1(C)C2=NC([H])([C@]1([H])CC(O)=N)[C@]1(C)NC(=C(C)C3=NC(=CC4=NC(=C2C)[C@@]([H])(CCC([O-])=N)C4(C)C)[C@@]([H])(CCC([O-])=N)[C@]3(C)CC(O)=N)[C@@]([H])(CCC([O-])=N)[C@]1(C)CC(O)=N)OP(O)(=O)O[C@]1([H])[C@@]([H])(CO)O[C@]([H])([N+]2=CNC3=C2C=C(C)C(C)=C3)[C@]1([H])O
,C[C@@H](N)C(=O)N[C@H](C)C(O)=O
,N[C@@H](CCOP(O)(O)=O)C(O)=O
,O[C@@H]1O[C@H](COP(O)(O)=O)[C@@H](O)[C@H](O)[C@H]1O
,OP(O)(=O)OC1C(OP(O)(O)=O)C(OP(O)(O)=O)C(OP(O)(O)=O)C(OP(O)(O)=O)C1OP(O)(O)=O
,O[C@H]1[C@H](O)[C@@H](COP(O)(O)=O)O[C@H](OP(O)(O)=O)[C@@H]1O
,O[C@H]1C[C@@H](O[C@@H]1CO[P@@](O)(=O)OP(O)(O)=O)N1C=NC2=C1NC=NC2=O
,OC(O)=O
,NC1=C2N=CN([C@@H]3O[C@H](CO)[C@@H](OP(O)(O)=O)[C@H]3O)C2=NC=N1
,CCCC=O
,NC(O)=O
,CC(=O)N[C@H]1[C@H](O)O[C@H](CO)[C@@H](O[C@@H]2O[C@H](CO)[C@@H](O)[C@H](O)[C@H]2NC(O)=O)[C@@H]1O
,CCCCCCCCCCCC(=O)SCCNC(=O)CCNC(=O)[C@H](O)C(C)(C)COP(O)(=O)OP(O)(=O)OC[C@H]1O[C@H]([C@H](O)[C@@H]1OP(O)(O)=O)N1C=NC2=C(N)N=CN=C12
,[H][C@@]1(C)NC(=O)N[C@]1([H])CCCCCC(O)=O
,NC(=C)C(O)=O
,CC1=CC2=C(C=C1C)N=CN2
,CCCCCCCCC\C=C\C(=O)SCCNC(=O)CCNC(=O)[C@H](O)C(C)(C)COP(=O)([O-])OP([O-])(=O)OC[C@H]1O[C@H]([C@H](O)[C@@H]1OP(=O)([O-])[O-])N1C=NC2=C1N=CN=C2N
,OC1=C(O)C=C(CC=O)C=C1
,CC1=C(C)N(CC(O)C(O)C(O)CO)C2=NC(=O)NC(=O)C2=N1
,OP(O)(O)=[Se]
,CC1=CC2=C(C=C1C)N(C=N2)[C@H]1O[C@H](COP(O)(O)=O)[C@@H](O)[C@H]1O
,CCCCCCCCCCCCC[C@H](O)CC(=O)SCCNC(=O)CCNC(=O)C(O)C(C)(C)COP(O)(=O)OP(O)(=O)OC[C@H]1O[C@H]([C@H](O)[C@@H]1OP(O)(O)=O)N1C=NC2=C(N)N=CN=C12
,CCCCCCCCCCC[C@H](O)CC(=O)SCCNC(=O)CCNC(=O)C(O)C(C)(C)COP(O)(=O)OP(O)(=O)OC[C@H]1O[C@H]([C@H](O)[C@@H]1OP(O)(O)=O)N1C=NC2=C(N)N=CN=C12
,CCCCCCCCCCCC(=O)CC(=O)SCCNC(=O)CCNC(=O)[C@H](O)C(C)(C)COP(O)(=O)OP(O)(=O)OC[C@H]1O[C@H]([C@H](O)[C@@H]1OP(O)(O)=O)N1C=NC2=C(N)N=CN=C12
,CCCCCCCCC[C@H](O)CC(=O)SCCNC(=O)CCNC(=O)C(O)C(C)(C)COP(O)(=O)OP(O)(=O)OC[C@H]1O[C@H]([C@H](O)[C@@H]1OP(O)(O)=O)N1C=NC2=C(N)N=CN=C12
,CCCCCCCCCC(=O)CC(=O)SCCNC(=O)CCNC(=O)C(O)C(C)(C)COP(O)(=O)OP(O)(=O)OC[C@H]1O[C@H]([C@H](O)[C@@H]1OP(O)(O)=O)N1C=NC2=C(N)N=CN=C12
,CCCCCCC[C@H](O)CC(=O)SCCNC(=O)CCNC(=O)[C@H](O)C(C)(C)COP(O)(=O)OP(O)(=O)OC[C@H]1O[C@H](C(O)[C@H]1OP(O)(O)=O)N1C=NC2=C(N)N=CN=C12
,CCCCCCCC(=O)CC(=O)SCCNC(=O)CCNC(=O)C(O)C(C)(C)COP(O)(=O)OP(O)(=O)OC[C@H]1O[C@H]([C@H](O)[C@@H]1OP(O)(O)=O)N1C=NC2=C(N)N=CN=C12
,[H][C@](O)(CCCCC)CC(=O)SCCNC(=O)CCNC(=O)[C@]([H])(O)C(C)(C)COP(O)(=O)OP(O)(=O)OC[C@H]1O[C@H](C(O)[C@H]1OP(O)(O)=O)N1C=NC2=C1N=CN=C2N
,CCCCCC(=O)CC(=O)SCCNC(=O)CCNC(=O)C(O)C(C)(C)COP(O)(=O)OP(O)(=O)OC[C@H]1O[C@H]([C@H](O)[C@@H]1OP(O)(O)=O)N1C=NC2=C(N)N=CN=C12
,CCC[C@H](O)CC(=O)SCCNC(=O)CCNC(=O)C(O)C(C)(C)COP(O)(=O)OP(O)(=O)OC[C@H]1O[C@H]([C@H](O)[C@@H]1OP(O)(O)=O)N1C=NC2=C(N)N=CN=C12
,CCCC(=O)CC(=O)SCCNC(=O)CCNC(=O)C(O)C(C)(C)COP(O)(=O)OP(O)(=O)OC[C@H]1O[C@H]([C@H](O)[C@@H]1OP(O)(O)=O)N1C=NC2=C(N)N=CN=C12
,CCC\C=C\C(=O)SCCNC(=O)CCNC(=O)C(O)C(C)(C)COP(O)(=O)OP(O)(=O)OC[C@H]1O[C@H]([C@H](O)[C@@H]1OP(O)(O)=O)N1C=NC2=C1N=CN=C2N
,CCCCCCCCCCCCC\C=C\C(=O)SCCNC(=O)CCNC(=O)[C@H](O)C(C)(C)COP(=O)([O-])OP([O-])(=O)OC[C@H]1O[C@H]([C@H](O)[C@@H]1OP(=O)([O-])[O-])N1C=NC2=C1N=CN=C2N
,CCCCCCCCCCC\C=C\C(=O)SCCNC(=O)CCNC(=O)C(O)C(C)(C)COP(O)(=O)OP(O)(=O)OC[C@H]1O[C@H]([C@H](O)[C@@H]1OP(O)(O)=O)N1C=NC2=C1N=CN=C2N
,CCCCCCC\C=C\C(=O)SCCNC(=O)CCNC(=O)C(O)C(C)(C)COP(O)(=O)OP(O)(=O)OC[C@H]1O[C@H]([C@H](O)[C@@H]1OP(O)(O)=O)N1C=NC2=C(N)N=CN=C12
,CCCCC\C=C\C(=O)SCCNC(=O)CCNC(=O)C(O)C(C)(C)COP(O)(=O)OP(O)(=O)OC[C@H]1O[C@H]([C@H](O)[C@@H]1OP(O)(O)=O)N1C=NC2=C1N=CN=C2N
,OC[C@@]1(O)O[C@H](COP(O)(O)=O)[C@@H](O)[C@@H]1O
,OC(=O)CC(C(O)=O)C(=O)C(O)=O
,CC[C@](O)(C(C)=O)C(O)=O
,CC(=O)C(C)(O)C(O)=O
,[H]C1(O)O[C@]([H])(CO[C@]2([H])O[C@]([H])(CO)[C@]([H])(O)[C@]([H])(O)[C@@]2([H])O)[C@@]([H])(O)[C@]([H])(O)[C@@]1([H])O
,OCC1OC(OC2OC(COP(O)(O)=O)C(O)C(O)C2O)C(O)C(O)C1O
,OC[C@H]1O[C@H](OP(O)(O)=O)[C@H](O)[C@@H](O)[C@H]1O
,OC[C@H]1O[C@H](O)[C@H](O)[C@@H](O)[C@H]1O
,CC(O)CN
,NC(CP(O)(O)=O)C(O)=O
,NCCCC(O)=O
,C[N+](C)(C)CC([O-])=O
,OC[C@H]1O[C@@H](O)[C@H](O)[C@@H](O)[C@H]1O
,CC(C)C(O)(CC([O-])=O)C([O-])=O
,O=C=O
,[H][C@]1(COP([O-])(=O)OP(O)(=O)O[C@@]2([H])O[C@]([H])(CO)[C@@]([H])(O)[C@]([H])(O)[C@@]2([H])O)O[C@@]([H])(N2C=CC(=N)N=C2[O-])[C@]([H])(O)[C@]1([H])O
,NC1=NC2=C(N=CN2[C@@H]2O[C@@H]3COP(O)(=O)O[C@H]3[C@H]2O)C(=O)N1
,[Cl-]
,[H][C@]12[C@H](CC(N)=O)[C@@]3(C)CCC(=O)NC[C@@]([H])(C)OP([O-])(=O)O[C@H]4[C@@H](O)[C@H](O[C@@H]4CO)N4C=[N](C5=CC(C)=C(C)C=C45)[Co]456N1C3=C(C)C1=[N]4C(=CC3=[N]5C(=C(C)C4=[N]6[C@]2(C)[C@@](C)(CC(N)=O)[C@@H]4CCC(N)=O)[C@@](C)(CC(N)=O)[C@@H]3CCC(N)=O)C(C)(C)[C@@H]1CCC(N)=O
,OCC(O)C(O)C(O)C(=O)C(O)=O
,CC(C)(CO)C(=O)C([O-])=O
,OCC(O)C(O)CC(=O)C([O-])=O
,[H][C@@](O)(COP([O-])([O-])=O)[C@]([H])(O)CC(=O)C([O-])=O
,OCC(O)C(O)C(=O)CC(O)=O
,OC1CC(=CC(=O)C1O)C([O-])=O
,O[C@@H]1C[C@@](O)(CC(=O)[C@H]1O)C(O)=O
,OCC(O)C(O)C(O)CC([O-])=O
,[H]C(O)([C@@]1([H])OC([H])(NC2=C(N)C(O)=NC(=N)N2)[C@]([H])(O)[C@]1([H])O)P(O)(O)=O
,[H][C@]1(COP(O)(=O)OC(=O)C2=C(O)C(O)=CC=C2)O[C@@]([H])(N2C=NC3=C(N)N=CN=C23)[C@]([H])(O)[C@]1([H])O
,OC(=O)C1=C(O)C2=CC=CC=C2C(O)=C1
,OC1C=CC=C(C1O)C([O-])=O
,OC(=O)C1CC=CC(=N1)C(O)=O
,CC(C)(O)[C@@H](O)C(O)=O
,CC(=O)C(O)COP([O-])([O-])=O
,OC(=O)CCC1=C(O)C([O-])=CC=C1
,[H][C@@](O)(C(=O)CO)[C@]([H])(O)C(=O)C([O-])=O
,O[C@H]1C[C@@H](O[C@@H]1COP(O)(=O)OP(O)(=O)OP(O)(O)=O)N1C=NC2=C1NC=NC2=O
,[H][C@@](C)(O)[C@@]([H])(O)[C@@]([H])(O)C(=O)CO
,O[C@H]1O[C@@H]([C@@H](O)[C@H](O)[C@H]1O)C(O)=O
,OC[C@@H](O)C(O)=O
,OC(C(O)=O)C(=O)C(O)=O
,OC(=O)C([O-])=CC=CC(=O)CCC([O-])=O
,OC(=O)CCC1=CC([O-])=CC=C1
,O[C@@H]1[C@@H](COP(O)(O)=O)O[C@H]([C@@H]1O)N1C=NC2=C1N=CNC2=O
,O[C@H]1[C@H](O)[C@@H](O)[C@H](O)[C@H](O)[C@@H]1O
,OC(C(CC(O)=O)C(O)=O)C(O)=O
,CC[C@H](C)C(=O)C([O-])=O
,[H][C@@]1(O)COC([H])(O)[C@@]([H])(O)[C@@]1([H])O
,O[C@@H]1O[C@@H]([C@H](O)[C@H](O)[C@H]1O)C(O)=O
,OC[C@@H](O)[C@@H](O)[C@H](O)[C@H](O)C(O)=O
,CC1=CC(=O)C2=CC=CC=C2C1=O
,[H][C@@]1(O)COP([O-])(=O)OP([O-])(=O)O[C@@]1(C)CO
,CC(O)(CO)C(O)COP([O-])([O-])=O
,[H]C1(O)[C@]([H])(OP([O-])([O-])=O)[C@]([H])(OP([O-])([O-])=O)C([H])(OP([O-])([O-])=O)[C@@]([H])(OP([O-])([O-])=O)[C@]1([H])OP([O-])([O-])=O
,NC(=O)C1=CN(C=CC1)[C@H]1O[C@@H](COP(O)(=O)OP(O)(=O)OC[C@@H]2O[C@@H]([C@@H](OP(O)(O)=O)[C@H]2O)N2C=NC3=C(N)N=CN=C23)[C@H](O)[C@@H]1O
,N#N
,CC(C)=CCC\C(C)=C\CC\C(C)=C\CC\C(C)=C\CC\C(C)=C\CC\C(C)=C\CC\C(C)=C\CC\C(C)=C\CC1=C(C)C(C)=CC=C1
,COC1=CC=CC(CC=C(C)CCC=C(C)CCC=C(C)CCC=C(C)CCC=C(C)CCC=C(C)CCC=C(C)CCC=C(C)C)=C1O
,CC(C)=CCC\C(C)=C\CC\C(C)=C\CC\C(C)=C\CC\C(C)=C\CC\C(C)=C\CC\C(C)=C\CC\C(C)=C\CC1=CC=CC=C1O
,OC(=O)CCC(=O)C(O)=O
,O=O
,OC(=O)CC1=CC=CC=C1
,OC[C@@H](OP(O)(O)=O)C(O)=O
,OC(=O)COP(O)(O)=O
,OC(COP(O)(O)=O)C(O)=O
,O[C@@H]1[C@@H](COP(O)(O)=O)O[C@H]([C@@H]1O)N1C=NC2=C1N=CN([C@H]1O[C@H](COP(O)(O)=O)[C@@H](O)[C@H]1O)C2=N
,NC1=[N+](C=NC2=C1N=CN2C1OC(COP(O)(=O)OP(O)(=O)OP(O)(O)=O)C(O)C1O)C1OC(COP(O)(O)=O)C(O)C1O
,[K+]
,CC1=C(C=CC(=C1)C1=CC(C)=C(C=C1)N=NC1=C(O)C2=C(C=C1)C(=CC(=C2N)S(O)(=O)=O)S(O)(=O)=O)N=NC1=C(O)C2=C(C=C1)C(=CC(=C2N)S(O)(=O)=O)S(O)(=O)=O
,C[C@H](O)[C@@H](O)[C@H](O)C(=O)CO
,NC1=C(NCC(O)C(O)C(O)CO)NC(=O)NC1=O
,OC[C@H]1O[C@H](OP(O)(O)=O)[C@H](O)[C@@H]1O
,OCC(=O)[C@H](O)[C@H](O)COP(O)(O)=O
,OCC1(O)OC[C@@H](O)[C@@H]1O
,OC[C@H]1O[C@@H](OC2=C(CO)C=CC=C2)[C@H](O)[C@@H](O)[C@@H]1O
,CC(C)[C@@H]([C@@H](O)C(O)=O)C(O)=O
,C[N+](C)(C)[O-]
,[H][C@@](O)(CCCCCCCCCCC)CC(=O)O[C@@]1([H])[C@]([H])(O)[C@@]([H])(CO)O[C@]([H])(OP(O)(=O)OP(O)(=O)OC[C@@]2([H])O[C@@]([H])(N3C=CC(O)=NC3=O)[C@]([H])(O)[C@]2([H])O)[C@]1([H])N=C(C)O
,[H][C@@](O)(CO)[C@]1([H])O[C@]([H])(OP(O)(=O)OP(O)(=O)OC[C@@]2([H])O[C@@]([H])(N3C=CC(O)=NC3=O)[C@]([H])(O)[C@]2([H])O)[C@]([H])(O)[C@@]1([H])O
,[H][C@]1(COP(O)(=O)OP(O)(=O)O[C@@]2([H])O[C@]([H])(CO)[C@@]([H])(O)[C@]([H])(OC(=C)C(O)=O)[C@@]2([H])N=C(C)O)O[C@@]([H])(N2C=CC(O)=NC2=O)[C@]([H])(O)[C@]1([H])O
,[H][C@](C)(O[C@@]1([H])[C@]([H])(O)[C@@]([H])(CO)OC([H])(OP(O)(=O)OP(O)(=O)OC[C@@]2([H])O[C@@]([H])(N3C=CC(O)=NC3=O)[C@]([H])(O)[C@]2([H])O)[C@]1([H])N=C(C)O)C(O)=N[C@@]([H])(C)C(O)=O
,CCCCCN(CCCCC)C(=O)C(CCC(O)=O)N=C(O)C1=CC(Cl)=C(Cl)C=C1
,[H][C@@](N)(CCC[C@]([H])(N=C([O-])CC[C@@]([H])(N=C([O-])[C@]([H])(C)N=C(O)[C@@]([H])(C)O[C@@]1([H])[C@]([H])(O)[C@@]([H])(CO)O[C@]([H])(OP(O)(=O)OP(O)(=O)OC[C@@]2([H])O[C@@]([H])(N3C=CC([O-])=NC3=O)[C@]([H])(O)[C@]2([H])O)[C@]1([H])N=C(C)[O-])C(O)=O)C(O)=O)C(O)=O
,OC[C@@H]1OC(OP(O)(=O)OP(O)(=O)OC[C@@H]2O[C@@H]([C@@H](O)[C@H]2O)N2C=CC(=O)NC2=O)[C@@H](O)[C@H](O)[C@H]1O
,NC(N)=O
,OCC(=O)[C@@H](O)[C@H](O)COP(O)(O)=O
,N[C@@H](CCC(=O)NCCS(O)(=O)=O)C(O)=O
,NC1=NC=NC2=C1N=CN2[C@@H]1O[C@H](COP(O)(=O)OC(=O)CCCC[C@@H]2SCC3NC(=O)NC23)[C@@H](O)[C@H]1O
,N[C@@H](CCC(=O)N[C@@H](CSCO)C(=O)NCC(O)=O)C(O)=O
,O=CCC1=CC=CC=C1
,NC1=C(N=CN1[C@@H]1O[C@H](COP(O)(O)=O)[C@@H](O)[C@H]1O)C(O)=O
,[Co+4].[H][C@@](C)(CN=C(O)CCC1(C)C2=NC([H])([C@]1([H])CC(O)=N)[C@]1(C)NC(=C(C)C3=NC(=CC4=NC(=C2C)[C@@]([H])(CCC([O-])=N)C4(C)C)[C@@]([H])(CCC([O-])=N)[C@]3(C)CC(O)=N)[C@@]([H])(CCC(O)=N)[C@]1(C)CC(O)=N)OP(O)(=O)O[C@]1([H])[C@@]([H])(CO)O[C@]([H])([N+]2=CNC3=C2C=C(C)C(C)=C3)[C@]1([H])O
,OC[C@H](O)[C@@H](O)C(=O)[C@H](O)C(O)=O
,NC(CC[Se]CC(N)C(O)=O)C(O)=O
,C[C@@H]1OC(OP(O)(=O)OP(O)(=O)OC[C@H]2O[C@H](C[C@@H]2O)N2C=C(C)C(=O)NC2=O)[C@H](O)[C@H](O)[C@H]1O
,C\C(C(O)=O)=C(/CC(O)=O)C(O)=O
,CCCCCCCCCCCCCC(=O)CC(=O)SCCNC(=O)CCNC(=O)C(O)C(C)(C)COP(O)(=O)OP(O)(=O)OC[C@H]1O[C@H]([C@H](O)[C@@H]1OP(O)(O)=O)N1C=NC2=C(N)N=CN=C12
,CCCCCCCCCC(=O)SCCNC(=O)CCNC(=O)C(O)C(C)(C)COP(O)(=O)OP(O)(=O)OC[C@H]1O[C@H]([C@H](O)[C@@H]1OP(O)(O)=O)N1C=NC2=C1N=CN=C2N
,CC(=O)[C@H](N)C(O)=O
,CC(=O)N[C@@H](CCC(=O)OP(O)(O)=O)C(O)=O
,C[C@@H](O)C=O
,CC(O)(C(CC(O)=O)C(O)=O)C(O)=O
,CC(=O)N[C@@H](CCC=O)C(O)=O
,CC(C)(COP(O)(=O)OP(O)(=O)OC[C@H]1O[C@H]([C@H](O)[C@@H]1OP(O)(O)=O)N1C=NC2=C(N)N=CN=C12)[C@@H](O)C(=O)NCCC(=O)NCCSC(=O)CC1=CC=CC=C1
,OC[C@H](O)C(O)C(=O)C(=O)C(O)=O
,O[C@H]1C[C@@H](O[C@@H]1COP(O)(O)=O)N1C=NC2=C1NC=NC2=O
,NC1=C2N=CN([C@@H]3O[C@H](CO[P@](O)(=O)O[P@](O)(=O)O[C@H]4O[C@H](CO)[C@@H](O)[C@H](O)[C@H]4O)[C@@H](O)[C@H]3O)C2=NC=N1
,O[C@H](COP(O)(O)=O)C(=O)C(O)=O
,N[C@@H]([C@H](O)COP(O)(O)=O)C(O)=O
,NC1=NC(=O)C(N)=C(NCC(=O)C(O)C(O)COP(O)(=O)OP(O)(=O)OP(O)(O)=O)N1
,CC(C)(CO)[C@@H](O)C(=O)NCCC(=O)N[C@@H](CS)C(O)=O
,CC(=O)[C@](C)(O)C(O)=O
,CC(C)(O)CC(=O)SCCNC(=O)CCNC(=O)C(O)C(C)(C)COP(O)(=O)OP(O)(=O)OC[C@H]1O[C@H]([C@H](O)[C@@H]1OP(O)(O)=O)N1C=NC2=C1N=CN=C2N
,O[C@@H]1[C@H](O)C(O)(COP(O)(O)=O)O[C@@H]1COP(O)(O)=O
,OCC1(O)O[C@H](COP(O)(O)=O)[C@H](O)[C@@H]1O
,CC1=CN([C@H]2C[C@H](O)[C@@H](COP(O)(=O)OP(O)(=O)O[C@H]3O[C@H](CO)[C@H](O)[C@H](O)[C@H]3O)O2)C(=O)NC1=O
,C[C@@H](O)CNC(=O)CC[C@]1(C)[C@@H](CC(=O)N)[C@@]2([H])N([Co++])\C1=C(C)/C1=N/C(=C\C3=N\C(=C(C)/C4=N[C@]2(C)[C@@](C)(CC(=O)N)[C@@H]4CCC(=O)N)\[C@@](C)(CC(=O)N)[C@@H]3CCC(=O)N)/C(C)(C)[C@@H]1CCC(=O)N
,C[C@@H](O)CNC(=O)CC[C@]1(C)[C@@H](CC(=O)N)[C@@]2([H])N([Co++]CC3OC(C(O)C3O)N3C=NC4=C3N=CN=C4N)\C1=C(C)/C1=N/C(=C\C3=N\C(=C(C)/C4=N[C@]2(C)[C@@](C)(CC(=O)N)[C@@H]4CCC(=O)N)\[C@@](C)(CC(=O)N)[C@@H]3CCC(=O)N)/C(C)(C)[C@@H]1CCC(=O)N
,OC(C=O)C(O)=O
,[H][C@@](COC(=O)CCCCCCCCCCCCCCC)(COP(O)(=O)OP(O)(=O)OC[C@H]1O[C@H](C(O)[C@H]1O)N1C=CC(N)=NC1=O)OC(=O)CCCCCCCCCCCCCCC
,[H][C@@](COC(=O)CCCCCCCCCCCCCCC)(COP(O)(=O)OP(O)(=O)OC[C@H]1O[C@H](C(O)[C@H]1O)N1C=CC(N)=NC1=O)OC(=O)CCCCCCCCCCCCCCCCC
,[H]\C(CCCCCC)=C(/[H])CCCCCCCCCC(=O)O[C@]([H])(COC(=O)CCCCCCCCCCCCCCC)COP(O)(=O)OP(O)(=O)OC[C@@]1([H])O[C@@]([H])(N2C=CC(=N)N=C2O)C([H])(O)[C@]1([H])O
,[H][C@@](COC(=O)CCCCCCCCCCCCCCC)(COP(O)(=O)OP(O)(=O)OC[C@H]1O[C@H](C(O)[C@H]1O)N1C=CC(N)=NC1=O)OC(=O)CCCCCCC\C=C/CCCCCCCC
,[H][C@@](COC(=O)CCCCCCCCCCCCCCCCC)(COP(O)(=O)OP(O)(=O)OC[C@H]1O[C@H](C(O)[C@H]1O)N1C=CC(N)=NC1=O)OC(=O)CCCCCCCCCCCCCCC
,[H][C@@](COC(=O)CCCCCCCCCCCCCCCCC)(COP(O)(=O)OP(O)(=O)OC[C@H]1O[C@H](C(O)[C@H]1O)N1C=CC(N)=NC1=O)OC(=O)CCCCCCCCCCCCCCCCC
,[H]\C(CCCCCC)=C(/[H])CCCCCCCCCC(=O)O[C@]([H])(COC(=O)CCCCCCCCCCCCCCCCC)COP(O)(=O)OP(O)(=O)OC[C@@]1([H])O[C@@]([H])(N2C=CC(=N)N=C2O)[C@]([H])(O)C1([H])O
,[H][C@@](COC(=O)CCCCCCCCCCCCCCCCC)(COP(O)(=O)OP(O)(=O)OC[C@H]1O[C@H](C(O)[C@H]1O)N1C=CC(N)=NC1=O)OC(=O)CCCCCCC\C=C/CCCCCCCC
,[H]\C(CCCCCC)=C(/[H])CCCCCCCCCC(=O)OC[C@]([H])(COP(O)(=O)OP(O)(=O)OC[C@@]1([H])O[C@@]([H])(N2C=CC(=N)N=C2O)[C@]([H])(O)C1([H])O)OC(=O)CCCCCCCCCCCCCCC
,[H]\C(CCCCCC)=C(/[H])CCCCCCCCCC(=O)OC[C@]([H])(COP(O)(=O)OP(O)(=O)OC[C@@]1([H])O[C@@]([H])(N2C=CC(=N)N=C2O)[C@]([H])(O)C1([H])O)OC(=O)CCCCCCCCCCCCCCCCC
,[H]\C(CCCCCC)=C(/[H])CCCCCCCCCC(=O)OC[C@]([H])(COP(O)(=O)OP(O)(=O)OC[C@@]1([H])O[C@@]([H])(N2C=CC(=N)N=C2O)[C@]([H])(O)C1([H])O)OC(=O)CCCCCCCCC\C([H])=C(\[H])CCCCCC
,[H]\C(CCCCCC)=C(/[H])CCCCCCCCCC(=O)OC[C@]([H])(COP(O)(=O)OP(O)(=O)OC[C@@]1([H])O[C@@]([H])(N2C=CC(=N)N=C2O)[C@]([H])(O)C1([H])O)OC(=O)CCCCCCC\C([H])=C(\[H])CCCCCCCC
,[H][C@@](COC(=O)CCCCCCCCC\C=C/CCCCCC)(COP(O)(=O)OP(O)(=O)OC[C@H]1O[C@H](C(O)[C@H]1O)N1C=CC(N)=NC1=O)OC(=O)CC\C=C/C\C=C/C\C=C/C\C=C/C\C=C/C\C=C/CC
,[H][C@@](COC(=O)CCCCCCC\C=C/CCCCCCCC)(COP(O)(=O)OP(O)(=O)OC[C@H]1O[C@H](C(O)[C@H]1O)N1C=CC(N)=NC1=O)OC(=O)CCCCCCCCCCCCCCC
,[H][C@@](COC(=O)CCCCCCC\C=C/CCCCCCCC)(COP(O)(=O)OP(O)(=O)OC[C@H]1O[C@H](C(O)[C@H]1O)N1C=CC(N)=NC1=O)OC(=O)CCCCCCCCCCCCCCCCC
,[H]\C(CCCCCC)=C(/[H])CCCCCCCCCC(=O)O[C@]([H])(COC(=O)CCCCCCC\C([H])=C(\[H])CCCCCCCC)COP(O)(=O)OP(O)(=O)OC[C@@]1([H])O[C@@]([H])(N2C=CC(=N)N=C2O)[C@]([H])(O)C1([H])O
,CCCCCCCCCCCCCCCC(=O)OC[C@]([H])(COP(O)(=O)O)OC(=O)CCCCCCCCC\C=C/CCCCCC
,CCCCCCCCCCCCCCCC(=O)OC[C@]([H])(COP(O)(=O)O)OC(=O)CCCCCCC\C=C/CCCCCCCC
,CCCCCCCCCCCCCCCC(=O)OC[C@]([H])(COP(O)(=O)O)OC(=O)CCCCCCC\C=C/C\C=C/CCCCC
,CCCCCCCCCCCCCCCCCC(=O)OC[C@]([H])(COP(O)(=O)O)OC(=O)CCCCCCC\C=C/C\C=C/CCCCC
,CCCCCC\C=C/CCCCCCCCCC(=O)OC[C@]([H])(COP(O)(=O)O)OC(=O)CCCCCCCCC\C=C/CCCCCC
,CCCCCCCC\C=C/CCCCCCCC(=O)O[C@]([H])(COC(=O)CCCCCCCCC\C=C/CCCCCC)COP(O)(=O)O
,CCCCCCCC\C=C/CCCCCCCC(=O)OC[C@]([H])(COP(O)(=O)O)OC(=O)CCCCCCCCC\C=C/CCCCCC
,CCCCCCCC\C=C/CCCCCCCC(=O)OC[C@]([H])(COP(O)(=O)O)OC(=O)CCCCCCC\C=C/CCCCCCCC
,[H][C@@](COC(=O)CCCCCCCCCCCCC)(COP(O)(=O)OCCN)OC(=O)CCCCCCCCCCCCC
,[H][C@@](COC(=O)CCCCCCCCCCCCC)(COP(O)(=O)OCCN)OC(=O)CCCCCCCCCCCCCCC
,[H][C@@](COC(=O)CCCCCCCCCCCCC)(COP(O)(=O)OCCN)OC(=O)CCCCCCC\C=C/CCCCCC
,[H][C@@](COC(=O)CCCCCCCCCCCCC)(COP(O)(=O)OCCN)OC(=O)CCCCCCCCC\C=C/CCCCCC
,[H][C@@](COC(=O)CCCCCCCCCCCCCCC)(COP(O)(=O)OCCN)OC(=O)CCCCCCCCCCCCC
,[H][C@@](COC(=O)CCCCCCCCCCCCCCC)(COP(O)(=O)OCCN)OC(=O)CCCCCCCCCCCCCCC
,[H][C@@](COC(=O)CCCCCCCCCCCCCCC)(COP(O)(=O)OCCN)OC(=O)CCCCCCC\C=C/CCCCCC
,[H][C@@](COC(=O)CCCCCCCCCCCCCCC)(COP(O)(=O)OCCN)OC(=O)CCCCCCCCC\C=C/CCCCCC
,[H][C@@](COC(=O)CCCCCCC\C=C/CCCCCC)(COP(O)(=O)OCCN)OC(=O)CCCCCCCCCCCCC
,[H][C@@](COC(=O)CCCCCCC\C=C/CCCCCC)(COP(O)(=O)OCCN)OC(=O)CCCCCCCCCCCCCCC
,[H][C@@](COC(=O)CCCCCCC\C=C/CCCCCC)(COP(O)(=O)OCCN)OC(=O)CCCCCCC\C=C/CCCCCC
,[H][C@@](COC(=O)CCCCCCC\C=C/CCCCCC)(COP(O)(=O)OCCN)OC(=O)CCCCCCCCC\C=C/CCCCCC
,[H][C@@](COC(=O)CCCCCCCCC\C=C/CCCCCC)(COP(O)(=O)OCCN)OC(=O)CCCCCCCCCCCCC
,[H][C@@](COC(=O)CCCCCCCCC\C=C/CCCCCC)(COP(O)(=O)OCCN)OC(=O)CCCCCCCCCCCCCCC
,[H][C@@](COC(=O)CCCCCCCCC\C=C/CCCCCC)(COP(O)(=O)OCCN)OC(=O)CCCCCCC\C=C/CCCCCC
,[H][C@@](COC(=O)CCCCCCCCC\C=C/CCCCCC)(COP(O)(=O)OCCN)OC(=O)CCCCCCCCC\C=C/CCCCCC
,[H][C@](O)(CO)COP(O)(=O)OC[C@@]([H])(COC(=O)CCCCCCCCCCCCCCC)OC(=O)CCCCCCCCCCCCCCC
,[H][C@](O)(CO)COP(O)(=O)OC[C@@]([H])(COC(=O)CCCCCCCCCCCCCCC)OC(=O)CCCCCCC\C=C/CCCCCC
,[H][C@](O)(CO)COP(O)(=O)OC[C@@]([H])(COC(=O)CCCCCCCCCCCCCCC)OC(=O)CCCCCCCCC\C=C/CCCCCC
,[H][C@](O)(CO)COP(O)(=O)OC[C@@]([H])(COC(=O)CCCCCCC\C=C/CCCCCC)OC(=O)CCCCCCCCCCCCCCC
,[H][C@](O)(CO)COP(O)(=O)OC[C@@]([H])(COC(=O)CCCCCCC\C=C/CCCCCC)OC(=O)CCCCCCC\C=C/CCCCCC
,[H][C@](O)(CO)COP(O)(=O)OC[C@@]([H])(COC(=O)CCCCCCC\C=C/CCCCCC)OC(=O)CCCCCCCCC\C=C/CCCCCC
,[H][C@](O)(CO)COP(O)(=O)OC[C@@]([H])(COC(=O)CCCCCCCCC\C=C/CCCCCC)OC(=O)CCCCCCCCCCCCCCC
,[H][C@](O)(CO)COP(O)(=O)OC[C@@]([H])(COC(=O)CCCCCCCCC\C=C/CCCCCC)OC(=O)CCCCCCC\C=C/CCCCCC
,[H][C@](O)(CO)COP(O)(=O)OC[C@@]([H])(COC(=O)CCCCCCCCC\C=C/CCCCCC)OC(=O)CCCCCCCCC\C=C/CCCCCC
,CCCCCCCC\C=C/CCCCCCCC(=O)OC[C@]([H])(COP(O)(=O)OCC(O)([H])COP(=O)(O)OC[C@@]([H])(COC(=O)CCCCCCC\C=C/CCCCCCCC)OC(=O)CCCCCCC\C=C/CCCCCCCC)OC(=O)CCCCCCC\C=C/CCCCCCCC
,C[Se]CC(NC(=O)CCC(N)C(O)=O)C(O)=O
,[SeH2]
,CC1=CC2=C(C=C1C)N(C=N2)[C@H]1O[C@H](CO)C(O)C1O
,C[Se+](CCC(N)C(O)=O)C[C@H]1O[C@H]([C@H](O)[C@@H]1O)N1C=NC2=C1N=CN=C2N
,CC\C=C/C[C@@H]1C(=O)CCC1C\C=C\C(=O)SCCNC(=O)CCNC(=O)[C@@](O)([H])C(C)(C)COP(=O)(O)OP(=O)(O)OC[C@H]1O[C@H](C(O)[C@H]1OP(=O)(O)O)N1C=NC2=C1N=CN=C2N
,CC\C=C/C[C@@H]1C(=O)CCC1CCC\C=C\C(=O)SCCNC(=O)CCNC(=O)[C@@](O)([H])C(C)(C)COP(=O)(O)OP(=O)(O)OC[C@H]1O[C@H](C(O)[C@H]1OP(=O)(O)O)N1C=NC2=C1N=CN=C2N
,CCCCCC\C([H])=C(\[H])C\C([H])=C(/[H])C(=O)SCCN=C(O)CCN=C(O)[C@@](O)([H])C(C)(C)COP(O)(=O)OP(O)(=O)OC[C@@]1([H])O[C@@]([H])(N2C=NC3=C(N)N=CN=C23)[C@@](O)([H])C1([H])OP(O)(O)=O
,[H][C@@](COCCCCCCCCCCCCCCCC)(COP(O)(O)=O)OC(=O)CCCCCCCCCCCCCCCCC
,CCCCCCCCCCCCCC\C=C/OC[C@]([H])(COP(=O)(O)O)OC(=O)CCCCCCC\C=C/C\C=C/CCCCC
,CCCCC\C=C/C\C=C/C\C=C/C\C=C/CCCCOC[C@]([H])(COP(=O)(O)O)OC(C)=O
,[H]C1(CO)O[C@]([H])(N2C=NC3=C(N)N=CN=C23)C2([H])OP(O)(=O)OC12[H]
,NC1=NC(=O)C2=C(N1)N(C=N2)[C@@H]1O[C@H](CO)[C@H]2OP(O)(=O)O[C@@H]12
,O[C@H]1[C@@H](O)[C@@H](OP(O)(O)=O)O[C@@H]1COP(O)(O)=O
,OCC(=O)C(O)C(O)C(O)C(O)=O
,O[C@H](COP(O)(O)=O)[C@@H](O)[C@H](O)C=O
,CC[C@@](C)(O)[C@@H](O)C(O)=O
,CC(C)[C@H](C(O)=O)C(=O)C(O)=O
,N[C@@H](CCC(=O)NCCCC(O)=O)C(O)=O
,C[C@H](CNC(=O)CC[C@]1(C)[C@@H](CC(=O)N)[C@@]2([H])N([Co+]C[C@H]3O[C@H]([C@H](O)[C@@H]3O)N3C=NC4=C3N=CN=C4N)\C1=C(C)/C1=N/C(=C\C3=N\C(=C(C)/C4=N[C@]2(C)[C@@](C)(CC(=O)N)[C@@H]4CCC(=O)N)\[C@@](C)(CC(=O)N)[C@@H]3CCC(=O)N)/C(C)(C)[C@@H]1CCC(=O)N)OP(=O)(O)O
,CC(CNC(=O)CC[C@]1(C)[C@@H](CC(N)=O)C2N=C1\C(C)=C1/N=C(/C=C3\N=C(\C(\C)=C4\[C@@H](CCC(N)=O)[C@](C)(CC(N)=O)[C@@]2(C)N4[Co+]C[C@H]2O[C@H]([C@H](O)[C@@H]2O)N2C=NC4=C2N=CN=C4N)[C@@](C)(CC(N)=O)[C@@H]3CCC(N)=O)C(C)(C)[C@@H]1CCC(N)=O)OP(O)(=O)OP(O)(=O)OC[C@H]1O[C@H]([C@H](O)[C@@H]1O)N1C=NC2=C1N=C(N)NC2=O
,NCCCCCNCCCN
,O[C@@H]1C=CC(=C[C@H]1OC(=C)C(O)=O)C(O)=O
,O[C@H](COP(O)(O)=O)[C@@H](O)C1=CNC=N1
,NCCCCNC(=O)CC[C@H](N)C(O)=O
,OP(O)(=O)OCC(=O)CC1=CNC=N1
,CC(C)C(=C\C(O)=O)\C(O)=O
,N[C@@H](CC=O)C(O)=O
,NC(CC(=O)OP(O)(O)=O)C(O)=O
,OC(=O)CCC(=O)N[C@@H](CCCC(=O)C(O)=O)C(O)=O
,NC(CCC[C@H](NC(=O)CCC(O)=O)C(O)=O)C(O)=O
,NC(=O)C1=C(\N=C\NC2OC(COP(O)(O)=O)C(O)C2O)N(C=N1)C1OC(COP(O)(O)=O)C(O)C1O
,O[C@H](COP(=O)(O)O)[C@@H](O)C(=O)CN\C=N\C1=C(C(=O)N)N=CN1[C@H]1O[C@@H](COP(=O)(O)O)[C@H](O)[C@@H]1O
,OC1C=CC(CC(=O)C(O)=O)(C=C1)C(O)=O
,OC(=O)C1CCCC(=N1)C(O)=O
,[H][C@](N)(COP(O)(=O)OC[C@@]([H])(COC(=O)CCCCCCCCCCCCC)OC(=O)CCCCCCCCCCCCC)C(O)=O
,[H][C@](N)(COP(O)(=O)OC[C@@]([H])(COC(=O)CCCCCCCCCCCCC)OC(=O)CCCCCCCCCCCCCCC)C(O)=O
,[H][C@](N)(COP(O)(=O)OC[C@@]([H])(COC(=O)CCCCCCCCCCCCC)OC(=O)CCCCCCC\C=C/CCCCCC)C(O)=O
,[H][C@](N)(COP(O)(=O)OC[C@@]([H])(COC(=O)CCCCCCCCCCCCCCC)OC(=O)CCCCCCCCCCCCC)C(O)=O
,[H][C@](N)(COP(O)(=O)OC[C@@]([H])(COC(=O)CCCCCCCCCCCCCCC)OC(=O)CCCCCCC\C=C/CCCCCC)C(O)=O
,[H][C@](N)(COP(O)(=O)OC[C@@]([H])(COC(=O)CCCCCCC\C=C/CCCCCC)OC(=O)CCCCCCCCCCCCC)C(O)=O
,[H][C@](N)(COP(O)(=O)OC[C@@]([H])(COC(=O)CCCCCCC\C=C/CCCCCC)OC(=O)CCCCCCCCCCCCCCC)C(O)=O
,[H][C@](N)(COP(O)(=O)OC[C@@]([H])(COC(=O)CCCCCCC\C=C/CCCCCC)OC(=O)CCCCCCC\C=C/CCCCCC)C(O)=O
,O1C2C=CC3=CC=CC=C3C12
,[H][C@@]1(O)C=CC=C(C(=O)CCC([O-])=O)[C@@]1([H])C([O-])=O
,[H][C@](N)(CCC(O)=N[C@@]([H])(CS[C@]1([H])C2=CC=CC=C2C=C[C@@]1([H])O)C(O)=NCC(O)=O)C(O)=O
,[H][C@](N)(CCC(O)=N[C@@]([H])(CS[C@]1([H])C=CC2=CC=CC=C2[C@@]1([H])O)C(O)=NCC(O)=O)C(O)=O
,[H][C@](N)(CCC(O)=N[C@@]([H])(CS[C@@]1([H])C=CC2=CC=CC=C2[C@]1([H])O)C(O)=NCC(O)=O)C(O)=O
,OCC1=CC2=CC=CC=C2C=C1
,[H]\C(C=C(C)C)=C(\[H])C(=O)SCCN=C(O)CCN=C(O)C(O)([H])C(C)(C)COP(O)(=O)OP(O)(=O)OC[C@@]1([H])O[C@@]([H])(N2C=NC3=C(N)N=CN=C23)[C@@](O)([H])[C@]1([H])OP(O)(O)=O
,[H][C@]1(O)C=CC=C(C(O)=O)[C@]1([H])O
,[H][C@](O)(CCC(O)=O)CC(=O)SCCN=C(O)CCN=C(O)C([H])(O)C(C)(C)COP(O)(=O)OP(O)(=O)OC[C@@]1([H])O[C@@]([H])(N2C=NC3=C(N)N=CN=C23)[C@]([H])(O)[C@]1([H])OP(O)(O)=O
,[H][C@](O)(CC(=O)C(O)=O)C(=O)CO
,CC[C@@](C)(O)C(=O)C(O)=O
,O[C@H](CC(O)=O)C(O)=O
,CC(C)(CO)C(O)C([O-])=O
,[H][C@](N)(CCC(O)=O)C=O
,[H][C@]1(NC(O)=N)N=C(O)N=C1O
,O[C@H](COP(O)(O)=O)[C@@H](O)C(=O)CNC1=C(C=CC=C1)C(O)=O
,CC(CO)=CCOP(O)(=O)OP(O)(O)=O
,OCC1=CC=CC2=CC=CC=C12
,[H][C@](N)(CCC(O)=N[C@@]([H])(CSC1([H])C2=C(C=CC1([H])O)C(=CC=C2)N(=O)=O)C(O)=NCC(O)=O)C(O)=O
,[H][C@](N)(CCC(O)=N[C@@]([H])(CSC1([H])C=CC2=C(C=CC=C2N(=O)=O)C1([H])O)C(O)=NCC(O)=O)C(O)=O
,[H][C@](N)(CCC(O)=N[C@@]([H])(CSC1([H])C=CC2=C(C(=CC=C2)N(=O)=O)C1([H])O)C(O)=NCC(O)=O)C(O)=O
,[H][C@](N)(CCC(O)=N[C@@]([H])(CSC1([H])C2=C(C=CC=C2N(=O)=O)C=CC1([H])O)C(O)=NCC(O)=O)C(O)=O
,O=N(=O)C1=CC=CC2=C1C=CC1OC21
,O=N(=O)C1=CC=CC2=C1C1OC1C=C2
,C1CC=NC1
,[H][C@](O)(C([O-])=NCCC([O-])=NCCSC(=O)C1=C([O-])C2=CC=CC=C2C([O-])=C1)C(C)(C)COP(O)(=O)OP(O)(=O)OC[C@@]1([H])O[C@@]([H])(N2C=NC3=C(N)N=CN=C23)[C@]([H])(O)[C@]1([H])OP(O)(O)=O
,[H]C(COP(O)(O)=O)(O[C@@]1([H])O[C@]([H])(CO)[C@@]([H])(O)[C@]([H])(O)[C@]1([H])O)C(O)=O
,[H][C@](N)(CCC(O)=N[C@@]([H])(CSCC(Cl)=O)C(O)=NCC(O)=O)C(O)=O
,[H][C@](N)(CCC(O)=N[C@@]([H])(CSCC(=O)SC[C@]([H])(N=C(O)CC[C@]([H])(N)C(O)=O)C(O)=NCC(O)=O)C(O)=NCC(O)=O)C(O)=O
,[H][C@@](N)(C(O)=O)C(=O)COP(O)(O)=O
,O[C@H](COP(O)(O)=O)[C@@H](O)[C@H](O)CC(=O)C(O)=O
,[H][C@](O)(CC(=O)C(O)=O)[C@]([H])(O)C(O)=O
,[O-]C(=O)C(=O)CC=C
,OC(=O)C=CC(=O)C=CC=C(O)C(O)=O
,[H]\C(C)=C(/[H])\C(\[H])=C(\O)C(O)=O
,OC(=O)CC(=O)\C=C/C(O)=O
,CC1=NC=C(COP([O-])(=O)OP([O-])([O-])=O)C(=N)N1
,O=CC1=CC2=CC=CC=C2C=C1
,OCC(COC(O)=N)C1=CC=CC=C1
,[H][C@@](O)(COP(O)(=O)OP([O-])(=O)OC[C@@]1([H])O[C@@]([H])(N2C=CC(=N)N=C2[O-])[C@]([H])(O)[C@]1([H])O)[C@](C)(CO)OP([O-])([O-])=O
,[H][C@@]1(O)[C@@]([H])(OC(=C)C(O)=O)C=C[C@]([H])(C(=O)CCC(O)=O)[C@@]1([H])C(O)=O
,[O-]C(=O)CCC(=O)C1=CC=CC=C1C([O-])=O
,[H][C@](O)(C(O)=NCCC(O)=NCCSC(=O)C1=CC=CC=C1C(=O)CCC(O)=O)C(C)(C)COP(O)(=O)OP(O)(=O)OC[C@@]1([H])O[C@@]([H])(N2C=NC3=C(N)N=CN=C23)[C@]([H])(O)[C@]1([H])OP(O)(O)=O
,ClCC(Cl)Cl
,[H]C(O)(CCCCCCCCCCC)CC(=O)O[C@@]1([H])[C@]([H])(O)[C@@]([H])(CO)O[C@]([H])(OP(O)(O)=O)[C@]1([H])N=C(O)CC([H])(O)CCCCCCCCCCC
,[H][C@](N)(CCC(O)=N[C@@]([H])(CSC1([H])C(Br)=CC=CC1([H])O)C(O)=NCC(O)=O)C(O)=O
,[H]C(O)(CCCCCCCCCCC)CC(=O)O[C@@]1([H])[C@]([H])(O)[C@@]([H])(CO)O[C@@]([H])(OC[C@@]2([H])O[C@@]([H])(OP(O)(O)=O)[C@]([H])(N=C(O)CC([H])(O)CCCCCCCCCCC)[C@@]([H])(OC(=O)CC([H])(O)CCCCCCCCCCC)[C@]2([H])O)[C@]1([H])N=C(O)CC([H])(O)CCCCCCCCCCC
,[H]C(O)(CCCCCCCCCCC)CC(=O)O[C@@]1([H])[C@]([H])(O)[C@@]([H])(CO[C@]2([H])O[C@]([H])(CO)[C@@]([H])(OP(O)(O)=O)[C@]([H])(OC(=O)CC([H])(O)CCCCCCCCCCC)[C@@]2([H])N=C(O)CC([H])(O)CCCCCCCCCCC)O[C@@]([H])(OP(O)(O)=O)[C@]1([H])N=C(O)CC([H])(O)CCCCCCCCCCC
,NC1=NC(N[C@@H]2O[C@H](COP(O)(O)=O)[C@@H](O)[C@H]2O)=C(N)C(O)=N1
,NC1=NC(N[C@@H]2O[C@H](COP(O)(=O)OP(O)(=O)OP(O)(O)=O)[C@@H](O)[C@H]2O)=C(N)C(=O)N1
,[H]\C(=C(/Cl)C(O)=O)C(=O)C(Cl)C(O)=O
,OC(=O)C(Cl)=C1OC(=O)C(Cl)=C1
,OC[C@H]1O[C@H]([C@@H]2OP(O)(=O)O[C@H]12)N1C=CC(=O)NC1=O
,[H][C@](CO)(O[C@@]1([H])O[C@]([H])(CO)[C@@]([H])(O)[C@]([H])(O)[C@]1([H])O)C(O)=O
,OC(=O)CCC1=C(O)C(O)=CC=C1
,OC(=N)OCC(C=O)C1=CC=CC=C1
,[H][C@](N)(CC#N)C(O)=O
,[H][C@](O)(COP(O)(O)=O)[C@@]([H])(O)C(=O)[C@]([H])(O)C(O)=O
,OC(COP([O-])([O-])=O)C(O)C(O)C(O)CC(=O)C([O-])=O
,OCC(O)C(O)C(O)C(O)CC(=O)C([O-])=O
,CC(C)(O)C(=O)C(O)=O
,[H]C(O)(CC(=O)SCCN=C(O)CCN=C(O)C([H])(O)C(C)(C)COP(O)(=O)OP(O)(=O)OC[C@@]1([H])O[C@@]([H])(N2C=NC3=C(N)N=CN=C23)[C@]([H])(O)[C@]1([H])OP(O)(O)=O)C=C(C)C
,CC(=O)CC(O)CC(O)=O
,CC(=O)CC(O)CC(=O)SCCNC(=O)CCNC(=O)C(O)C(C)(C)COP(O)(=O)OP(O)(=O)OCC1OC(C(O)C1OP(O)(O)=O)N1C=NC2=C1N=CN=C2N
,CC\C([H])=C(\[H])C[C@]1([H])C(=O)CC[C@]1([H])CC(=O)CC(=O)SCCN=C(O)CCN=C(O)C(O)([H])C(C)(C)COP(O)(=O)OP(O)(=O)OC[C@@]1([H])O[C@@]([H])(N2C=NC3=C(N)N=CN=C23)[C@@](O)([H])[C@]1([H])OP(O)(O)=O
,CC\C([H])=C(\[H])C[C@]1([H])C(=O)CC[C@]1([H])CCCC(=O)CC(=O)SCCN=C(O)CCN=C(O)C(O)([H])C(C)(C)COP(O)(=O)OP(O)(=O)OC[C@@]1([H])O[C@@]([H])(N2C=NC3=C(N)N=CN=C23)[C@@](O)([H])[C@]1([H])OP(O)(O)=O
,[H][C@](O)(C(O)=NCCC(O)=NCCSC(=O)CC(=O)CCC(O)=O)C(C)(C)COP(O)(=O)OP(O)(=O)OC[C@@]1([H])O[C@@]([H])(N2C=NC3=C(N)N=CN=C23)[C@]([H])(O)[C@]1([H])OP(O)(O)=O
,[H][C@](N)(CCC(O)=N[C@@]([H])(CSC1([H])C=CC(Br)=CC1([H])O)C(O)=NCC(O)=O)C(O)=O
,OC1C(O)C(OC1COP(O)(O)=O)N1C=CC(=N)N=C1O
,NC1=C2N=CN([C@@H]3O[C@H](COP(O)(=O)O[Se](O)(=O)=O)[C@@H](OP(O)(O)=O)[C@H]3O)C2=NC=N1
,[H][C@]1(CO)O[C@@]([H])(N2C=CC(O)=NC2=O)[C@]([H])(O)[C@]1([H])OP(O)(O)=O
,[H][C@@](O)(COP(O)(=O)OP([O-])(=O)OC[C@@]1([H])O[C@@]([H])(N2C=CC(=N)N=C2[O-])[C@]([H])(O)[C@]1([H])O)[C@@](C)(O)CO
,CC1=NC=C(COP(O)(O)=O)C(=N)N1
,[H][C@@]1(N)C=CC(=C[C@@]1([H])OC(=C)C([O-])=O)C(O)=O
,CC1=NC=C(CO)C(N)=N1
,OC(=O)CC(O)(CC(=O)C(O)=O)C(O)=O
,NC(CCC(O)=NC(CSC1CCOP(=O)(N1)N(CCCl)CCCl)C(O)=NCC(O)=O)C(O)=O
,CCC(O)CC(=O)C(O)=O
,CC(O)CC(=O)C([O-])=O
,OC1N=C(O)OCC1C1=CC=CC=C1
,N[C@@H]([C@H](O)CO)C(O)=O
,OC1=CC=C(CC=O)C=C1
,CC1=C(CC(O)P(O)(O)=O)SC=N1
,[H][C@@](O)(COP(O)(O)=O)[C@@]([H])(O)C(O)=O
,[H][C@](N)(CCC(O)=N[C@@]([H])(CSC1([H])C2=CC3=CC=CC=C3C3=C2C2=C(C=CC=C2C1([H])O)C=C3)C(O)=NCC(O)=O)C(O)=O
,CC1=C(CCO)SC=N1
,NC(=O)C1=C(N)N=CN1
,NC1=C(N[C@@H]2O[C@H](COP(O)(O)=O)[C@@H](O)[C@H]2O)NC(=O)NC1=O
,[H]\C(CCC(=O)O)=C(\[H])C(=O)SCCN=C(O)CCN=C(O)C(O)([H])C(C)(C)COP(O)(=O)OP(O)(=O)OC[C@@]1([H])O[C@@]([H])(N2C=NC3=C(N)N=CN=C23)[C@@](O)([H])[C@]1([H])OP(O)(O)=O
,[H][C@](O)(CC(=O)C(O)=O)[C@@]([H])(O)C(O)=O
,[H][C@](O)(CC(=O)C(O)=O)[C@@]([H])(O)C=O
,[H]C(O)(C(O)=NCCC(O)=NCCSC(=O)CC(=O)C=C(C)C)C(C)(C)COP(O)(=O)OP(O)(=O)OC[C@@]1([H])O[C@@]([H])(N2C=NC3=C(N)N=CN=C23)[C@]([H])(O)[C@]1([H])OP(O)(O)=O
,[H]C(O)(C(O)=NCCC(O)=NCCSC(=O)CCC=C(C)C)C(C)(C)COP(O)(=O)OP(O)(=O)OC[C@@]1([H])O[C@@]([H])(N2C=NC3=C(N)N=CN=C23)[C@]([H])(O)[C@]1([H])OP(O)(O)=O
,O[C@H]1[C@@H](CC(=C[C@H]1OP(O)(O)=O)C(O)=O)OC(=C)C(O)=O
,OC1=NC(=O)OCC1C1=CC=CC=C1
,[H]C(O)(C(O)=NCCC(O)=NCCSC(=O)CC(=O)CCC=C(C)C)C(C)(C)COP(O)(=O)OP(O)(=O)OC[C@@]1([H])O[C@@]([H])(N2C=NC3=C(N)N=CN=C23)[C@]([H])(O)[C@]1([H])OP(O)(O)=O
,CC(N)C(N)CCCCCC([O-])=O
,[H][C@](N)(CCC(O)=N[C@@]([H])(CSC1([H])C=CC2=C3C=CC4=CC=CC5=C4C3=C(C=C5)C=C2C1([H])O)C(O)=NCC(O)=O)C(O)=O
,CC(N)C(=O)CCCCCC(O)=O
,[H][C@@](O)(CO)[C@@]1([H])OC([H])(OP(O)(=O)OP(O)(=O)OC[C@@]2([H])O[C@@]([H])(N3C=NC4=C(N)N=CN=C34)[C@]([H])(O)[C@]2([H])O)[C@@]([H])(O)[C@@]([H])(O)[C@]1([H])O
,[H][C@](O)(CO)[C@@]1([H])OC([H])(OP(O)(=O)OP(O)(=O)OC[C@@]2([H])O[C@@]([H])(N3C=NC4=C(N)N=CN=C34)[C@]([H])(O)[C@]2([H])O)[C@@]([H])(O)[C@@]([H])(O)[C@]1([H])O
,NCC=O
,[H][C@]1(COP(O)(O)=O)O[C@@]([H])(OC2=CC=C(O)C=C2)[C@]([H])(O)[C@@]([H])(O)[C@]1([H])O
,O1C2C1C1=CC3=CC=CC=C3C3=C1C1=C(C=CC=C21)C=C3
,OC1C=CC2=C3C=CC4=CC=CC5=C4C3=C(C=C5)C=C2C1O
,[H]C(O)(C(O)=NCCC(O)=NCCSC(=O)CC(=O)C1=CC=CC=C1)C(C)(C)COP(O)(=O)OP(O)(=O)OC[C@@]1([H])O[C@@]([H])(N2C=NC3=C(N)N=CN=C23)[C@]([H])(O)[C@]1([H])OP(O)(O)=O
,OP(O)(=O)OC(=O)C1=CC=CC=C1
,O[C@H]1[C@H](O)[C@@](O)(COP(O)(O)=O)O[C@@H]1COP(O)(O)=O
,[H][C@]1(O)[C@]([H])(O)[C@@]([H])(CO)O[C@@]([H])(OP(O)(O)=O)[C@]1([H])O
,BrC1=CC=CC2OC12
,BrC1=CC2OC2C=C1
,OC(=O)C=C1OC(=O)C(Cl)=C1
,[H]\C(=C(\[H])C1=CC=C[C@]([H])(O)[C@]1([H])O)C(O)=O
,[H][C@]1(O)C=CC=C(CCC(O)=O)[C@@]1([H])O
,OC(=O)\C=C1\OC(=O)C=C1
,[H]\C(=C(/[H])C(O)=O)C(C)=O
,[H][C@@](O)(CO)[C@@]1([H])O[C@@](C[C@@]([H])(O)[C@@]1([H])O)(OP(O)(=O)OC[C@@]1([H])O[C@@]([H])(N2C=CC(=N)N=C2O)[C@]([H])(O)[C@]1([H])O)C(O)=O
,[H][C@@](O)(CC(=O)C(O)=O)C(O)=O
,[H][C@@](O)(CO)[C@@]([H])(O)[C@@]([H])(O)[C@]([H])(O)C(O)=O
,[H][C@@](C)(C(O)=O)[C@@]([H])(O)C(O)=O
,[H][C@]1(O)[C@]([H])(O)C(O)(CO)O[C@]1([H])C(O)=O
,[H][C@@](O)(CO)[C@@]([H])(O)[C@]([H])(O[C@@]1([H])O[C@]([H])(CO)[C@]([H])(O)[C@]([H])(O)[C@@]1([H])O)[C@@]([H])(O[C@@]1([H])O[C@]([H])(CO)[C@]([H])(O)[C@]([H])(O)[C@@]1([H])O)C=O
,OCC(O)C(O)C(O)C(O)C(O)=O
,[H]C1(O)O[C@]([H])(COP(O)(O)=O)[C@]([H])(O)[C@]([H])(O)[C@@]1([H])N
,N[C@H]1C(O)O[C@H](CO)[C@H](O)[C@@H]1O
,O[C@@H](C=O)[C@@H](O)[C@@H](O)[C@H](O)C(O)=O
,NC(CC1=CC=CC=C1)C(O)=O
,[H][C@@](O)(COP(O)(O)=O)[C@@]([H])(O)C(=O)COP(O)(O)=O
,OCCO
,NC1=NC(N[C@@H]2O[C@H](COP(O)(=O)OP(O)(=O)OP(O)(O)=O)[C@@H](O)[C@H]2O)=C(NC=O)C(=O)N1
,[H][C@@](O)(CO)[C@]([H])(O)[C@]([H])(O)[C@@]([H])(O)COP(O)(O)=O
,[H][C@](N)(CCC(O)=NCCC#N)C(O)=O
,NC(CCC(O)=NC(CC#N)C(O)=O)C(O)=O
,[H][C@](N)(CCC(O)=N[C@@]([H])(C[S+]1CC1)C(O)=NCC(O)=O)C(O)=O
,[H][C@](N)(CCC(O)=N[C@@]([H])(CS)C(O)=NCC(O)=NCCCNCCCCN)C(O)=O
,[H][C@]1(COP(O)(=O)OP(O)(=O)OP(O)(O)=O)O[C@@]([H])(N2C=NC3=C2NC(=N)N=C3O)[C@]([H])(O)[C@]1([H])OP(O)(=O)OP(O)(O)=O
,OCC1OC(C(O)C1OP(O)(O)=O)N1C=NC2=C1NC(=N)N=C2O
,[H][C@]1(COP(O)(=O)OP(O)(O)=O)O[C@@]([H])(N2C=NC3=C2NC(=N)N=C3O)[C@]([H])(O)[C@]1([H])OP(O)(=O)OP(O)(O)=O
,[H][C@@](O)(COP(O)(O)=O)[C@@]([H])(O)C1=CNC2=C1C=CC=C2
,[H]C1(O)[C@]([H])(OP(O)(O)=O)[C@]([H])(OP(O)(O)=O)C([H])(OP(O)(O)=O)[C@@]([H])(OP(O)(O)=O)[C@]1([H])OP(O)(O)=O
,[H][C@]1(O)C(=CC=C[C@]1([H])OC(=C)C([O-])=O)C([O-])=O
,[H][C@@]1(OC(=O)C(O)=C1[O-])[C@@H](O)COP([O-])([O-])=O
,CC(O)C(O)C(O)C(=O)COP([O-])([O-])=O
,CC(O)C(O)C(O)C(=C)COP(C)(O)=C
,[H][C@](O)(COP(O)(O)=O)[C@]([H])(O)C(=O)CO
,CC(COP([O-])([O-])=O)C(C)C(=O)CO
,NC1=NC=NC2=C1N=CN2[C@@H]1O[C@H](COP(O)(=O)OC(=O)CCCCC2CCSS2)[C@@H](O)[C@H]1O
,[H][C@]1(O)O[C@]([H])(CO)[C@@]([H])(O[C@@]2([H])O[C@]([H])(COP(O)(O)=O)[C@@]([H])(O)[C@]([H])(O)[C@@]2([H])O)[C@]([H])(O)[C@@]1([H])O
,OC(C(O)C(O)=O)C(O)=O
,NCCCC[C@]([H])(N=C(O)CC[C@@]([H])(N=C(O)[C@@](C)([H])N=C(O)C(C)([H])O[C@@]1([H])[C@@](O)([H])[C@@]([H])(CO)O[C@]([H])(OP(O)(=O)OP(O)(=O)OC\C([H])=C(/C)CC\C([H])=C(/C)CC\C([H])=C(/C)CC\C([H])=C(/C)CC\C([H])=C(/C)CC\C([H])=C(/C)CC\C([H])=C(/C)CC\C([H])=C(/C)CC\C([H])=C(/C)CC\C([H])=C(/C)CCC=C(C)C)[C@]1([H])N=C(C)O)C(=O)O)C(O)=N[C@@](C)([H])C(O)=N[C@@](C)([H])C(=O)O
,[H]C(O)([C@@]1([H])OC([H])(NC2=CC=CC=C2C(O)=O)[C@]([H])(O)[C@]1([H])O)P(O)(O)=O
,[H]C1(O)O[C@]([H])(COP(O)(O)=O)[C@]([H])(O)[C@]([H])(O)[C@@]1([H])N=C(C)O
,[H][C@](C)(O[C@@]1([H])[C@]([H])(O)[C@@]([H])(CO)OC([H])(O)[C@]1([H])N=C(C)O)C(O)=O
,[H][C@](C)(O[C@@]1([H])[C@]([H])(O)[C@@]([H])(COP(O)(O)=O)OC([H])(O)[C@]1([H])N=C(C)O)C(O)=O
,[H][C@](C)(O[C@@]1([H])[C@]([H])(O)[C@@]([H])(CO)O[C@]([H])(O)[C@]1([H])N=C(C)O)C(O)=N[C@]([H])(C)C(O)=O
,[H][C@@](CCCNC(N)=N)(N=C(O)CCC(O)=O)C(O)=O
,OC(=N)N=C(O)C(O)=O
,[H][C@](O)(C(O)=NCCC(O)=NCCSC(=O)C(O)=O)C(C)(C)COP(O)(=O)OP(O)(=O)OC[C@@]1([H])O[C@@]([H])(N2C=NC3=C(N)N=CN=C23)[C@]([H])(O)[C@]1([H])OP(O)(O)=O
,[H][C@@]1(CCC(O)=O)C2=CC3=C(CC(O)=O)C(CCC(O)=O)=C(CC4=[NH+]C(=CC5=NC(=CC(=N2)[C@@]1(C)CC(O)=O)[C@@]([H])(CCC(O)=O)[C@]5(C)CC(O)=O)C(CC(O)=O)=C4CCC(O)=O)[N-]3
,CCC(=O)OP([O-])([O-])=O
,[H]\C(Cl)=C(/Cl)SC[C@]([H])(N=C(O)CC[C@]([H])(N)C(O)=O)C(O)=NCC(O)=O
,[H][C@](N)(CCC(O)=N[C@@]([H])(CSC(=O)CCl)C(O)=NCC(O)=O)C(O)=O
,[H][C@](N)(CCC(O)=N[C@@]([H])(CSC([H])(O)C(Cl)Cl)C(O)=NCC(O)=O)C(O)=O
,[H][C@](N)(CCC(O)=N[C@@]([H])(CSCC=O)C(O)=NCC(O)=O)C(O)=O
,[H][C@](N)(CCSC[C@@]1([H])OC([H])(O)[C@]([H])(O)[C@]1([H])O)C(O)=O
,[H][C@]1(COP(O)(O)=O)O[C@@]([H])(OC2=CC=CC=C2CO)[C@]([H])(O)[C@@]([H])(O)[C@]1([H])O
,OC(COP(O)(O)=O)C(O)C(O)C(O)C(=O)COP(O)(O)=O
,[H][C@@]1(O)CC(=C[C@@]([H])(OP([O-])([O-])=O)[C@@]1([H])O)C([O-])=O
,C[C@]1(CC(O)=O)[C@H](CCC(O)=O)\C2=C\C3=C(CC(O)=O)C(CCC(O)=O)=C4\C=C5/N=C(/C=C6\N([Fe]N34)\C(=C/C1=N2)[C@@H](CCC(O)=O)[C@]6(C)CC(O)=O)C(CC(O)=O)=C5CCC(O)=O
,C[C@]1(CC(O)=O)[C@H](CCC(O)=O)\C2=C\C3=N\C(=C/C4=C(CCC(O)=O)C(CC(O)=O)=C(N4)\C=C4/N=C(/C=C1\N2)[C@@H](CCC(O)=O)[C@]4(C)CC(O)=O)\C(CCC(O)=O)=C3CC(O)=O
,OC[C@H]1O[C@@](CO)(O[C@H]2O[C@H](COP(O)(O)=O)[C@@H](O)[C@H](O)[C@H]2O)[C@@H](O)[C@@H]1O
,OC(=O)C=CC1=C(O)C(O)=CC=C1
,OC(=O)C=C1OC(=O)C=C1
,[H][C@@](O)(CCCCCCCCCCC)CC(=O)O[C@@]1([H])[C@]([H])(O)[C@@]([H])(CO)O[C@]([H])(OP(O)(=O)OP(O)(=O)OC[C@@]2([H])O[C@@]([H])(N3C=CC(O)=NC3=O)[C@]([H])(O)[C@]2([H])O)[C@]1([H])N=C(O)C[C@]([H])(O)CCCCCCCCCCC
,CC(=O)N[C@@H]1[C@H](O)[C@@H](O)[C@H](CO)OC1OP(O)(=O)OP(O)(=O)OC[C@@H]1O[C@@H]([C@@H](O)[C@H]1O)N1C=CC(=O)NC1=O
,[H]C(N)(CCCC([H])(N=C(O)CC[C@@]([H])(N=C(O)[C@]([H])(C)N=C(O)C([H])(C)O[C@@]1([H])[C@]([H])(O)[C@@]([H])(CO)O[C@]([H])(OP(O)(=O)OP(O)(=O)OC[C@@]2([H])O[C@@]([H])(N3C=CC(O)=NC3=O)[C@]([H])(O)[C@]2([H])O)[C@]1([H])N=C(C)O)C(O)=O)C(O)=O)C(O)=O
,[H]C(N)(CCC[C@]([H])(N=C(O)CC[C@@]([H])(N=C(O)[C@]([H])(C)N=C(O)C([H])(C)O[C@@]1([H])[C@]([H])(O)[C@@]([H])(CO)O[C@]([H])(OP(O)(=O)OP(O)(=O)OC[C@@]2([H])O[C@@]([H])(N3C=CC(O)=NC3=O)[C@]([H])(O)[C@]2([H])O)[C@]1([H])N=C(C)O)C(O)=O)C(O)=N[C@]([H])(C)C(O)=NC([H])(C)C(O)=O)C(O)=O
,[H]C(C)(O[C@@]1([H])[C@]([H])(O)[C@@]([H])(CO)OC([H])(OP(O)(=O)OP(O)(=O)OC[C@@]2([H])O[C@@]([H])(N3C=CC(O)=NC3=O)[C@]([H])(O)[C@]2([H])O)[C@]1([H])N=C(C)O)C(O)=N[C@@]([H])(C)C(O)=NC([H])(CCC(O)=N[C@@]([H])(CCCCN)C(O)=N[C@]([H])(C)C(O)=N[C@]([H])(C)C(O)=O)C(O)=O
,[H][C@](C)(O[C@@]1([H])[C@]([H])(O)[C@@]([H])(CO)O[C@]([H])(OP(O)(=O)OP(O)(=O)OC[C@@]2([H])O[C@@]([H])(N3C=CC(O)=NC3=O)[C@]([H])(O)[C@]2([H])O)[C@]1([H])N=C(C)O)C(O)=N[C@@]([H])(C)C(O)=N[C@]([H])(CCC(O)=N[C@@]([H])(CCCCN)C(O)=O)C(O)=O
,CC(C)=CCCC(C)=CCCC(C)=CCCC(C)=CCCC(C)=CCCC(C)=CCCC(C)=CCCC(C)=CCCC(C)=CCCC(C)=CCCC(C)=CCOP(O)(O)=O
,OC[C@@]1([H])O[C@@]([H])(O[C@]2([H])[C@@]([H])(CO)OC([H])(OP(O)(=O)OP(O)(=O)OC\C([H])=C(/C)CC\C([H])=C(/C)CC\C([H])=C(/C)CC\C([H])=C(/C)CC\C([H])=C(/C)CC\C([H])=C(/C)CC\C([H])=C(/C)CC\C([H])=C(/C)CC\C([H])=C(/C)CC\C([H])=C(/C)CCC=C(C)C)[C@]([H])(N=C(C)O)[C@@]2([H])OC(C)([H])C(O)=N[C@](C)([H])C(O)=N[C@]([H])(CCC(=N)O)C(O)=N[C@]([H])(CCC[C@@](N)([H])C(=O)O)C(O)=N[C@@](C)([H])C(O)=N[C@@](C)([H])C(=O)O)[C@]([H])(N=C(C)O)[C@](O)([H])[C@@]1(O)[H]
,OC[C@@]1([H])O[C@@]([H])(O[C@]2([H])[C@@]([H])(CO)O[C@]([H])(OP(O)(=O)OP(O)(=O)OC\C([H])=C(/C)CC\C([H])=C(/C)CC\C([H])=C(/C)CC\C([H])=C(/C)CC\C([H])=C(/C)CC\C([H])=C(/C)CC\C([H])=C(/C)CC\C([H])=C(/C)CC\C([H])=C(/C)CC\C([H])=C(/C)CCC=C(C)C)[C@]([H])(N=C(C)O)[C@@]2([H])OC(C)([H])C(O)=N[C@](C)([H])C(O)=N[C@]([H])(CCC(=O)O)C(O)=N[C@]([H])(CCC[C@@](N)([H])C(=O)O)C(O)=N[C@@](C)([H])C(O)=N[C@@](C)([H])C(=O)O)[C@]([H])(N=C(C)O)[C@](O)([H])[C@@]1(O)[H]
,NCCCC[C@]([H])(N=C(O)CCC([H])(N=C(O)[C@@](C)([H])N=C(O)C(C)([H])O[C@@]1([H])[C@]([H])(O[C@]2([H])O[C@]([H])(CO)[C@](O)([H])[C@@](O)([H])[C@@]2([H])N=C(C)O)[C@@]([H])(CO)O[C@]([H])(OP(O)(=O)OP(O)(=O)OC\C([H])=C(/C)CC\C([H])=C(/C)CC\C([H])=C(/C)CC\C([H])=C(/C)CC\C([H])=C(/C)CC\C([H])=C(/C)CC\C([H])=C(/C)CC\C([H])=C(/C)CC\C([H])=C(/C)CC\C([H])=C(/C)CCC=C(C)C)[C@]1([H])N=C(C)O)C(=O)O)C(O)=N[C@@](C)([H])C(O)=N[C@@](C)([H])C(=O)O
,CC(NC(=O)C(C)NC(=O)C(CCCC([NH3+])C([O-])=O)NC(=O)C(CCC([O-])=O)NC(=O)C(C)NC(=O)C(C)OC1C(O)C(CO)OC(OP([O-])(=O)OP([O-])(=O)OCC=C(C)CCC=C(C)CCC=C(C)CCC=C(C)CCC=C(C)CCC=C(C)CCC=C(C)CCC=C(C)CCC=C(C)CCC=C(C)CCC=C(C)C)C1NC(C)=O)C([O-])=O
,NC(NC(O)=N)C(O)=O
,OC1C[NH2+]CC(O)C1O
,CCN1C=NC2=C(N)N=CN=C12
,[H][C@](O)(C(O)=NCCC(O)=NCCS)C(C)(C)COP(O)(=O)OP(O)(=O)OC[C@@]1([H])O[C@@]([H])(N2C=NC3=C(N)N=CN=C23)[C@]([H])(O[C@]2([H])O[C@]([H])(COP(O)(=O)OP(O)(=O)OP(O)(O)=O)[C@@]([H])(O)[C@@]2([H])O)[C@]1([H])O
,[O-]C(=O)C=CC=C(C([O-])=O)C([O-])=O
,[H]C1(O)C[C@@]([H])(O)[C@]([H])(O)[C@@]([H])(COP(O)(O)=O)O1
,NC1=C2N=CN(C3CC(O)C(COP([O-])(=O)OP(O)(=O)OP([O-])([O-])=O)O3)C2=NC([O-])=N1
,OC(C([O-])=O)C([O-])=O
,[H][C@]1(CO)O[C@@]([H])(N2C=CC(O)=NC2=S)[C@]([H])(O)[C@]1([H])O
,CC(C)(COP(O)(=O)OP(O)(=O)OCC1OC(C(O)C1OP(O)(O)=O)N1C=NC2=C(N)N=CN=C12)C(O)C(O)=NCCC(O)=NCCSC(=O)CC(O)CCC(O)=O
,[H][C@@]1(CO)O[C@]([H])(N2C=C(CNC)C(O)=NC2=[Se])[C@@]([H])(O)[C@@]1([H])O
,[H][C@@]1(CO)O[C@]([H])(N2C=C(CNC)C(O)=NC2=S)[C@@]([H])(O)[C@@]1([H])O
,OC1CC(OC1COP(O)(=O)OP(O)(=O)OP([O-])([O-])=O)N1C([O-])=NC2=C1NC(=N)N=C2[O-]
,[H][C@@](N)(CCC[C@]([H])(N=C(O)CC[C@@]([H])(N=C(O)[C@]([H])(C)N=C(O)[C@@]([H])(C)O[C@@]1([H])[C@]([H])(O)[C@@]([H])(CO)O[C@@]([H])(OP(O)(=O)OP(O)(=O)OCC=C(C)CCC=C(C)CCC=C(C)CCC=C(C)CCC=C(C)CCC=C(C)CCC=C(C)CCC=C(C)CCC=C(C)CCC=C(C)CCC=C(C)C)[C@]1([H])N=C(C)O)C(O)=O)C(O)=N[C@]([H])(C)C(O)=N[C@]([H])(C)C(O)=O)C(O)=O
,[H]C(O)(C(O)=NCCC(O)=NCCSC(=O)C[C@@]1(O)C=CC=C[C@]1([H])O)C(C)(C)COP(O)(=O)OP(O)(=O)OCC1([H])OC([H])(N2C=NC3=C(N)N=CN=C23)C([H])(O)C1([H])OP(O)(O)=O
,C[C@@H]1O[C@@H](O)[C@@H](O)[C@H](O)[C@@H]1O
,[H]C1(O)O[C@]([H])(CO)[C@@]([H])(O[C@]2([H])O[C@]([H])(COP(O)(O)=O)[C@@]([H])(O)[C@]([H])(O)[C@@]2([H])O)[C@]([H])(O)[C@@]1([H])O
,OC(COP([O-])([O-])=O)C(O)C(=O)C(O)C(O)=O
,NCC[NH3+]
,[H][C@@](N)(COP(O)(O)=O)C(O)=O
,OC(COP(O)(=O)OP(O)(=O)OCC1OC(C(O)C1O)N1C=NC2=C1NC(=N)N=C2O)C(=S)C(=S)C1=CNC2=C(N1)C(O)=NC(=N)N2
,[H][C@](O)(CO)[C@]([H])(O)[C@]([H])(O)C=O
,[H][C@]12CS(=O)[C@@]([H])(CCCCC(O)=O)[C@@]1([H])NC(O)=N2
,[H][C@](C)(O[C@@]1([H])[C@]([H])(O[C@@]2([H])O[C@]([H])(CO)[C@@]([H])(O)[C@]([H])(O)[C@@]2([H])N=C(C)O)[C@@]([H])(CO)O[C@]([H])(OP(O)(=O)OP(O)(=O)OCC=C(C)CCC=C(C)CCC=C(C)CCC=C(C)CCC=C(C)CCC=C(C)CCC=C(C)CCC=C(C)CCC=C(C)CCC=C(C)CCC=C(C)C)[C@]1([H])N=C(C)O)C(O)=N[C@@]([H])(C)C(O)=N[C@]([H])(CCC(O)=O)C(O)=N[C@@]([H])(CCCCN)C(O)=N[C@]([H])(C)C(O)=N[C@]([H])(C)C(O)=O
,OC1=NC(=N)NC2=C1C(=CN2)C#N
,C[S@](=O)CC[C@@H](N)C(O)=O
,[H][C@]1(O)C[C@@]([H])(O[C@]1([H])COP([O-])(=O)OP(O)(=O)O[C@@]1([H])O[C@]([H])(CO)[C@@]([H])(O)[C@]([H])(O)[C@@]1([H])O)N1C=C(C)C([O-])=NC1=O
,CC(C)=CCCC(C)=CCCC(C)=CCCC(C)=CCCC(C)=CCCC(C)=CCCC(C)=CCCC(C)=CCCC(C)=CCCC(C)=CCCC(C)=CCO[P-]([O])(=O)=O
,[H][C@]1(COP(O)(=O)OP(O)(O)=O)O[C@@]([H])(N2C=NC3=C2NC(=N)N=C3O)[C@]([H])(O)[C@]1([H])OP(O)(O)=O
,[H][C@]1(C[S+](C)CCC[NH3+])O[C@@]([H])(N2C=NC3=C(N)N=CN=C23)[C@]([H])(O)[C@]1([H])O
,CP(O)(O)=O
,CCP(O)([O-])=O
,CCCP(O)([O-])=O
,NCCCP(O)(O)=O
,[O-]P([O-])(=O)C1=CC=CC=C1
,[H][C@@]1(O)O[C@]([H])(CO)[C@@]([H])(O)[C@@]1([H])O
,O[C@@H]1CO[C@@H](O)[C@H](O)[C@@H]1O
,[H][C@](O)(CO)C([H])(O)[C@]1([H])O[C@](O)(C[C@]([H])(O)C1([H])N=C(C)[O-])C(O)=O
,[H][C@]1(O)[C@]([H])(O)[C@@]([H])(CO)O[C@]([H])(OC[C@@]2([H])OC([H])(O[C@@]3([H])O[C@]([H])(CO)[C@@]([H])(O)[C@]([H])(O)[C@@]3([H])O[C@@]3([H])O[C@]([H])(CO)[C@@]([H])(O)[C@]([H])(O)[C@@]3([H])O)[C@]([H])(O[C@@]3([H])O[C@]([H])(CO)[C@@]([H])(O)[C@]([H])(O)[C@@]3([H])O)[C@@]([H])(O[C@@]3([H])O[C@]([H])(CO)[C@@]([H])(O)[C@]([H])(O)[C@@]3([H])O)[C@]2([H])O[C@@]2([H])O[C@]([H])(CO)[C@@]([H])(O)[C@]([H])(O)[C@@]2([H])O)[C@]1([H])O
,[H][C@](O)(C(O)=NCCC(O)=NCCSC(=O)CC=CC=CCCCCCCCC)C(C)(C)COP(O)(=O)OP(O)(=O)OC[C@@]1([H])O[C@@]([H])(N2C=NC3=C(N)N=CN=C23)[C@]([H])(O)[C@]1([H])OP(O)(O)=O
,[H][C@@](O)(CCCCCCCCCCC)CC(=O)O[C@@]1([H])[C@]([H])(O)[C@@]([H])(CO[C@]2([H])O[C@]([H])(CO)[C@@]([H])(OP([O-])([O-])=O)[C@]([H])(OC(=O)C[C@]([H])(O)CCCCCCCCCCC)[C@@]2([H])N=C([O-])C[C@]([H])(O)CCCCCCCCCCC)O[C@]([H])(OP(O)(O)=O)[C@]1([H])N=C([O-])C[C@@]([H])(CCCCCCCCCCC)OC(=O)CCCCCCCCCCCCC
,[H][C@@]1([NH3+])O[C@]([H])(CO)[C@]([H])(O)[C@]([H])(O)C1([H])O
,[H][C@]1(O)C[C@]([H])(O[C@@]1([H])COP(O)(=O)OP([O-])([O-])=O)N1C=C(CO)C([O-])=NC1=O
,[H][C@]1(O)C[C@]([H])(O[C@@]1([H])COP(O)(=O)OP(O)(=O)OP([O-])([O-])=O)N1C=C(CO)C([O-])=NC1=O
,CC(C)=CCC1=C(C)C(O)C2=CC=CC=C2C1=O
,OP(=O)=O
,[H][C@@](COC(=O)CCCCCCCCCCCCCCCCC)(COP([O-])([O-])=O)OC(=O)CCCCCCCCCCCCCCCCC
,[H][C@@](COC(=O)CCCCCCCCCCCCC)(COP([O-])([O-])=O)OC(=O)CCCCCCCCCCCCC
,CC(N)C(O)=NC(CCC([O-])=O)C(O)=O
,[H][C@](C)(O[C@@]1([H])[C@]([H])(O)[C@@]([H])(CO)OC([H])(OP(O)(=O)OP(O)(=O)OC[C@@]2([H])O[C@@]([H])(N3C=CC([O-])=NC3=O)[C@]([H])(O)[C@]2([H])O)[C@]1([H])N=C(C)[O-])C([O-])=N[C@]([H])(C)C(O)=O
,COC1=C(OC)C(=O)C(C)=CC1=O
,[Fe+3].[H]\C(=C(\C)CCO)C(=O)N([O-])CCCC(N=C(C)O)C(=O)OCC\C(C)=C(\[H])C(=O)N([O-])CCCC1N=C(O)C(CCCN([O-])C(=O)C(\[H])=C(\C)CCO)N=C1O
,[H]C(C)(O[C@@]1([H])[C@]([H])(O)[C@@]([H])(C[O+]P(O)(O)=O)OC([H])(O)[C@]1([H])[NH+]=C(C)[O-])C([O-])=O
,[H]C(C)(O[C@@]1([H])[C@]([H])(O)[C@@]2([H])COC([H])(O2)[C@]1([H])N=C(C)O)C(O)=O
,[H][C@@](CCC([O-])=O)(NC(=O)C1=CC=C(N)C=C1)C([O-])=O
,CCN1C(=O)CCC1=O
,[H][C@@]1(O[C@@](C[C@@H](O)[C@H]1O)(O[C@@H]1C[C@@](OC[C@H]2O[C@@H](OC[C@H]3O[C@H](OP([O-])([O-])=O)[C@H](NC(=O)C[C@H](O)CCCCCCCCCCC)[C@@H](OC(=O)C[C@H](O)CCCCCCCCCCC)[C@@H]3O)[C@H](NC(=O)C[C@@H](CCCCCCCCCCC)OC(=O)CCCCCCCCCCC)[C@@H](OC(=O)C[C@@H](CCCCCCCCCCC)OC(=O)CCCCCCCCCCCCC)[C@@H]2OP([O-])([O-])=O)(O[C@]([H])([C@H](O)CO)[C@@H]1O[C@H]1O[C@H]([C@@H](O)CO)[C@@H](O)[C@H](O)[C@@H]1O)C([O-])=O)C([O-])=O)[C@H](O)CO
,[H][C@@](O)(CCCCCCCCCCC)CC(=O)O[C@@]1([H])[C@]([H])(O)[C@@]([H])(CO[C@]2([H])O[C@]([H])(CO[C@@]3(C[C@@]([H])(OC4(CC([H])(O)C([H])(O)C([H])(O4)C([H])(O)CO)C(O)O)[C@@]([H])(OC4([H])OC([H])([C@@]([H])(O)CO)[C@@]([H])(O)[C@]([H])(OC5([H])OC([H])([C@@]([H])(O)CO)[C@@]([H])(O)[C@]([H])(O)[C@]5([H])O)[C@]4([H])O)[C@]([H])(O3)[C@]([H])(O)CO)C(O)=O)[C@@]([H])(OP(O)(O)=O)[C@]([H])(OC(=O)C[C@@]([H])(CCCCCCCCCCC)OC(=O)CCCCCCCCCCCCC)[C@@]2([H])N=C(O)C[C@@]([H])(CCCCCCCCCCC)OC(=O)CCCCCCCCCCC)O[C@]([H])(OP(O)(O)=O)[C@]1([H])N=C(O)C[C@]([H])(O)CCCCCCCCCCC
,[H][C@@](O)(CCCCCCCCCCC)CC(=O)O[C@@]1([H])[C@]([H])(O)[C@@]([H])(CO[C@]2([H])O[C@]([H])(CO[C@@]3(C[C@@]([H])(OC4(CC([H])(O)C([H])(O)C([H])(O4)C([H])(O)CO)C(O)O)[C@@]([H])(OC4([H])OC([H])([C@@]([H])(O)CO)[C@@]([H])(O)[C@]([H])(OC5([H])OC([H])([C@@]([H])(O)CO)[C@@]([H])(O)[C@]([H])(OC6([H])OC([H])(CO)C([H])(O)C([H])(O)C6([H])O)[C@]5([H])O)[C@]4([H])O)[C@]([H])(O3)[C@]([H])(O)CO)C(O)=O)[C@@]([H])(OP(O)(O)=O)[C@]([H])(OC(=O)C[C@@]([H])(CCCCCCCCCCC)OC(=O)CCCCCCCCCCCCC)[C@@]2([H])N=C(O)C[C@@]([H])(CCCCCCCCCCC)OC(=O)CCCCCCCCCCC)O[C@]([H])(OP(O)(O)=O)[C@]1([H])N=C(O)C[C@]([H])(O)CCCCCCCCCCC
,[H][C@@](O)(CCCCCCCCCCC)CC(=O)O[C@@]1([H])[C@]([H])(O)[C@@]([H])(CO[C@]2([H])O[C@]([H])(CO[C@@]3(C[C@@]([H])(OC4(CC([H])(O)C([H])(O)C([H])(O4)C([H])(O)CO)C(O)O)[C@@]([H])(OC4([H])OC([H])(C([H])(O)CO)[C@@]([H])(O[P+](O)(O)O)[C@]([H])(OC5([H])OC([H])([C@@]([H])(O)CO)[C@@]([H])(O)[C@]([H])(OC6([H])OC([H])(CO)C([H])(O)C([H])(O)C6([H])O)[C@]5([H])O)[C@]4([H])O)[C@]([H])(O3)[C@]([H])(O)CO)C(O)=O)[C@@]([H])(OP(O)(O)=O)[C@]([H])(OC(=O)C[C@@]([H])(CCCCCCCCCCC)OC(=O)CCCCCCCCCCCCC)[C@@]2([H])N=C(O)C[C@@]([H])(CCCCCCCCCCC)OC(=O)CCCCCCCCCCC)O[C@]([H])(OP(O)(O)=O)[C@]1([H])N=C(O)C[C@]([H])(O)CCCCCCCCCCC
,[H][C@@](O)(CCCCCCCCCCC)CC(=O)O[C@@]1([H])[C@]([H])(O)[C@@]([H])(CO[C@]2([H])O[C@]([H])(CO[C@@]3(C[C@@]([H])(OC4(CC([H])(O)C([H])(O)C([H])(O4)C([H])(O)CO)C(O)O)[C@@]([H])(OC4([H])OC([H])([C@@]([H])(O)CO)[C@@]([H])(O[P+](O)(O)O)[C@]([H])(OC5([H])OC([H])([C@@]([H])(O)COC6([H])OC([H])(C([H])(O)CO)C([H])(O)C([H])(O)C6([H])O)[C@@]([H])(O)[C@]([H])(OC6([H])OC([H])(CO)C([H])(O)C([H])(O)C6([H])O)[C@]5([H])O)[C@]4([H])O)[C@]([H])(O3)[C@]([H])(O)CO)C(O)=O)[C@@]([H])(OP(O)(O)=O)[C@]([H])(OC(=O)C[C@@]([H])(CCCCCCCCCCC)OC(=O)CCCCCCCCCCCCC)[C@@]2([H])N=C(O)C[C@@]([H])(CCCCCCCCCCC)OC(=O)CCCCCCCCCCC)O[C@]([H])(OP(O)(O)=O)[C@]1([H])N=C(O)C[C@]([H])(O)CCCCCCCCCCC
,[H][C@@](O)(CCCCCCCCCCC)CC(=O)O[C@@]1([H])[C@]([H])(O)[C@@]([H])(CO[C@]2([H])O[C@]([H])(CO[C@@]3(C[C@@]([H])(OC4(CC([H])(O)C([H])(O)C([H])(O4)C([H])(O)CO)C(O)O)[C@@]([H])(OC4([H])OC([H])([C@@]([H])(O)CO)[C@@]([H])(O[P+](O)(O)O)[C@]([H])(OC5([H])OC([H])([C@@]([H])(O)COC6([H])OC([H])(C([H])(O)CO)C([H])(O)C([H])(O)C6([H])O)[C@@]([H])(O[P+](O)(O)O)[C@]([H])(OC6([H])OC([H])(CO)C([H])(O)C([H])(O)C6([H])O)[C@]5([H])O)[C@]4([H])O)[C@]([H])(O3)[C@]([H])(O)CO)C(O)=O)[C@@]([H])(OP(O)(O)=O)[C@]([H])(OC(=O)C[C@@]([H])(CCCCCCCCCCC)OC(=O)CCCCCCCCCCCCC)[C@@]2([H])N=C(O)C[C@@]([H])(CCCCCCCCCCC)OC(=O)CCCCCCCCCCC)O[C@]([H])(OP(O)(O)=O)[C@]1([H])N=C(O)C[C@]([H])(O)CCCCCCCCCCC
,[H][C@@](O)(CCCCCCCCCCC)CC(=O)O[C@@]1([H])[C@]([H])(O)[C@@]([H])(CO[C@]2([H])O[C@]([H])(CO[C@@]3(C[C@@]([H])(OC4(CC([H])(O)C([H])(O)C([H])(O4)C([H])(O)CO)C(O)O)[C@@]([H])(OC4([H])OC([H])([C@@]([H])(O)CO)[C@@]([H])(O[P+](O)(O)O)[C@]([H])(OC5([H])OC([H])([C@@]([H])(O)COC6([H])OC([H])(C([H])(O)CO)C([H])(O)C([H])(O)C6([H])O)[C@@]([H])(O[P+](O)(O)O)[C@]([H])(OC6([H])OC([H])(COC7([H])OC([H])(CO)C([H])(O)C([H])(O)C7([H])O)C([H])(O)C([H])(O)C6([H])O)[C@]5([H])O)[C@]4([H])O)[C@]([H])(O3)[C@]([H])(O)CO)C(O)=O)[C@@]([H])(OP(O)(O)=O)[C@]([H])(OC(=O)C[C@@]([H])(CCCCCCCCCCC)OC(=O)CCCCCCCCCCCCC)[C@@]2([H])N=C(O)C[C@@]([H])(CCCCCCCCCCC)OC(=O)CCCCCCCCCCC)O[C@]([H])(OP(O)(O)=O)[C@]1([H])N=C(O)C[C@]([H])(O)CCCCCCCCCCC
,[H][C@@](O)(CCCCCCCCCCC)CC(=O)O[C@@]1([H])[C@]([H])(O)[C@@]([H])(CO[C@]2([H])O[C@]([H])(CO[C@@]3(C[C@@]([H])(OC4(CC([H])(O)C([H])(O)C([H])(O4)C([H])(O)CO)C(O)O)[C@@]([H])(OC4([H])OC([H])(C([H])(O)CO)[C@@]([H])(O[P+](O)(O)O)[C@]([H])(OC5([H])OC([H])([C@@]([H])(O)COC6([H])OC([H])(C([H])(O)CO)C([H])(O)C([H])(O)C6([H])O)[C@@]([H])(O[P+](O)(O)O)[C@]([H])(OC6([H])OC([H])(COC7([H])OC([H])(CO)C([H])(O)C([H])(O)C7([H])O)C([H])(O)C([H])(OC7([H])OC([H])(CO)C([H])(O)C([H])(O)C7([H])O)C6([H])O)[C@]5([H])O)[C@]4([H])O)[C@]([H])(O3)[C@]([H])(O)CO)C(O)=O)[C@@]([H])(OP(O)(O)=O)[C@]([H])(OC(=O)C[C@@]([H])(CCCCCCCCCCC)OC(=O)CCCCCCCCCCCCC)[C@@]2([H])N=C(O)C[C@@]([H])(CCCCCCCCCCC)OC(=O)CCCCCCCCCCC)O[C@]([H])(OP(O)(O)=O)[C@]1([H])N=C(O)C[C@]([H])(O)CCCCCCCCCCC
,[H]C(O)(CCCCCCCCCCC)CC(=O)O[C@@]1([H])[C@]([H])(O)[C@@]([H])(CO[C@]2([H])O[C@]([H])(CO[C@@]3(C[C@@]([H])(O[C@@]4(C[C@@]([H])(O)[C@@]([H])(O)[C@]([H])(O4)[C@]([H])(O)CO)C(O)O)[C@@]([H])(OC4([H])OC([H])([C@@]([H])(O)CO)[C@@]([H])(O[P+](O)(O)O)[C@]([H])(OC5([H])OC([H])([C@@]([H])(O)COC6([H])OC([H])([C@@]([H])(O)CO)[C@@]([H])(O)[C@]([H])(O)[C@]6([H])O)[C@@]([H])(O[P+](O)(O)O)[C@]([H])(OC6([H])O[C@]([H])(COC7([H])O[C@]([H])(CO)[C@]([H])(O)[C@]([H])(O)[C@@]7([H])O)[C@@]([H])(O)C([H])(OC7([H])O[C@]([H])(CO)[C@@]([H])(O)[C@]([H])(O)C7([H])OC7([H])O[C@]([H])(CO)[C@@]([H])(O)[C@]([H])(O)[C@@]7([H])O)[C@@]6([H])O)[C@]5([H])O)[C@]4([H])O)[C@]([H])(O3)[C@]([H])(O)CO)C(O)=O)[C@@]([H])(OP(O)(O)=O)[C@]([H])(OC(=O)C[C@@]([H])(CCCCCCCCCCC)OC(=O)CCCCCCCCCCCCC)[C@@]2([H])N=C(O)C[C@@]([H])(CCCCCCCCCCC)OC(=O)CCCCCCCCCCC)O[C@]([H])(OP(O)(O)=O)[C@]1([H])N=C(O)C[C@]([H])(O)CCCCCCCCCCC
,[H][C@@](O)(CCCCCCCCCCC)CC(=O)O[C@@]1([H])[C@]([H])(O)[C@@]([H])(CO[C@]2([H])O[C@]([H])(CO[C@@]3(C[C@@]([H])(O[C@@]4(C[C@@]([H])(O)[C@@]([H])(O)[C@]([H])(O4)[C@]([H])(O)CO)C(O)O)[C@@]([H])(OC4([H])OC([H])([C@@]([H])(O)CO)[C@@]([H])(O[P+](O)(O)O)[C@]([H])(OC5([H])OC([H])([C@@]([H])(O)COC6([H])OC([H])([C@@]([H])(O)CO)[C@@]([H])(O)[C@]([H])(O)[C@]6([H])O)[C@@]([H])(O[P+](O)(O)O)[C@]([H])(OC6([H])O[C@]([H])(COC7([H])O[C@]([H])(CO)[C@]([H])(O)[C@]([H])(O)[C@@]7([H])O)[C@@]([H])(O)C([H])(OC7([H])O[C@]([H])(CO)[C@@]([H])(O)[C@]([H])(O)C7([H])OC7([H])O[C@]([H])(COC8([H])OC([H])([C@@]([H])(O)CO)[C@@]([H])(O)[C@]([H])(O)[C@]8([H])O)[C@@]([H])(O)[C@]([H])(O)[C@@]7([H])O)[C@@]6([H])O)[C@]5([H])O)[C@]4([H])O)[C@]([H])(O3)[C@]([H])(O)CO)C(O)=O)[C@@]([H])(OP(O)(O)=O)[C@]([H])(OC(=O)C[C@@]([H])(CCCCCCCCCCC)OC(=O)CCCCCCCCCCCCC)[C@@]2([H])N=C(O)C[C@@]([H])(CCCCCCCCCCC)OC(=O)CCCCCCCCCCC)O[C@]([H])(OP(O)(O)=O)[C@]1([H])N=C(O)C[C@]([H])(O)CCCCCCCCCCC
,[H][C@]1(O)C[C@]([H])(O[C@@]1([H])CCP([O-])(=O)OP([O-])(=O)O[C@@]1([H])O[C@@]([H])(C)[C@@]([H])(O)[C@@]([H])(O)[C@@]1([H])O)[N+]1=C[C+](C)C(O)=NC1=O
,[H]\C(C[N+](C)(C)C)=C(\[H])C(=O)SCCN=C(O)CCN=C(O)[C@@](O)([H])C(C)(C)COP(=O)(O)OP(O)(=O)OC[C@@]1([H])O[C@@]([H])(N2C=NC3=C(N)N=CN=C23)[C@@](O)([H])[C@]1([H])OP(=O)(O)O
,[H][C@@](O)(COP([O-])([O-])=O)[C@@]([H])(O)[C@@]([H])(O)C(=O)CO
,CC(C)(COP(O)(=O)OP(O)(=O)OCC1OC(C(O)C1OP(O)(O)=O)N1C=NC2=C(N)N=CN=C12)C(O)C(O)=NCCC(O)=NCCSC(=O)CC(O)C[N+](C)(C)C
,[H]C1(O)[C@]([H])(O)[C@@]([H])(O)C([H])(OP(O)(O)=O)[C@]([H])(O)[C@]1([H])O
,OCC(O)C(O)C(=O)COP(O)(O)=O
,[H][C@@]1(O)O[C@]([H])(CO)[C@@]([H])(O[C@@]2([H])O[C@]([H])(COP(O)(O)=O)[C@@]([H])(O)[C@]([H])(O)[C@@]2([H])N=C(C)O)[C@]([H])(O)[C@@]1([H])N=C(C)O
,[H][C@](O)(C[O+]P([O-])(=O)OP([O-])(=O)O[P+](O)([O-])[O-])[C@@]([H])(O)C1=[N+]=C2C(O)=NC(=[NH2+])NC2=[NH+]C1
,[H][C@@](O)(CO)C(=O)C(C)=O
,[H][C@@](C)(C(C)=O)C(=O)OCC
,[H][C@@](C)(O)[C@@]([H])(C)C(=O)OCC
,NC(CCCCNC1OC(CO)C(O)C(O)C1=O)C(O)=O
,NC(CCCCNC1OC(COP(O)(O)=O)C(O)C(O)C1=O)C(O)=O
,CC(C)(COP(O)(=O)OP(O)(=O)OCC1OC(C(O)C1OP(O)(O)=O)N1C=NC2=C(N)N=CN=C12)C(O)C(O)=NCCC(O)=NCCSC(=O)CCC[N+](C)(C)C
,CC(C)=CCCC(C)=CCCC(C)=CCCC(C)=CCCC(C)=CCCC(C)=CCCC(C)=CCCC(C)=CCCC(C)=CCCC(C)=CCCC(C)=CCOP(O)(=O)OP(O)(=O)OC1OC(CO)C(O)C(O)C1N=C(C)O
,[H][C@@]([NH3+])(CCCC[NH3+])C(=O)OP(O)(=O)OC[C@@]1([H])O[C@@]([H])(N2C=[N+]C3=C2[N-]C(=N)N=C3O)[C@]([H])(O)[C@]1([H])O
,CC1=C(CCC(O)=O)/C2=C/C3=C(CCC(O)=O)C(C)=C(N3)\C=C3/N=C(/C=C4\N=C(\C=C\1/N\2)C(=O)C4(C)CC(O)=O)C(=O)C3(C)CC(O)=O
,Br.NC1CCOC1=O
,[H][C@@](O)(CCCCCCCCCCC)CC(=O)O[C@@]1([H])[C@]([H])(O)[C@@]([H])(CO[C@]2([H])O[C@]([H])(CO[C@@]3(C[C@@]([H])(O[C@@]4(C[C@@]([H])(O)[C@@]([H])(O)[C@]([H])(O4)[C@]([H])(O)CO)C(O)=O)[C@@]([H])(O)[C@]([H])(O3)[C@]([H])(O)CO)C(O)=O)[C@@]([H])(OP(O)(O)=O)[C@]([H])(OC(=O)C[C@@]([H])(CCCCCCCCCCC)OC(=O)CCCCCCCCCCCCC)[C@@]2([H])N=C(O)C[C@@]([H])(CCCCCCCCCCC)OC(=O)CCCCCCCC=CCCCCCC)O[C@]([H])(OP(O)(O)=O)[C@]1([H])N=C(O)C[C@]([H])(O)CCCCCCCCCCC
,[H][C@@](O)(CCCCCCCCCCC)CC(=O)O[C@@]1([H])[C@]([H])(O)[C@@]([H])(CO[C@]2([H])O[C@]([H])(CO[C@@]3(C[C@@]([H])(O[C@@]4(C[C@@]([H])(O)[C@@]([H])(O)[C@]([H])(O4)[C@]([H])(O)CO)C(O)=O)[C@@]([H])(O)[C@]([H])(O3)[C@]([H])(O)CO)C(O)=O)[C@@]([H])(OP(O)(O)=O)[C@]([H])(OC(=O)C[C@]([H])(O)CCCCCCCCCCC)[C@@]2([H])N=C(O)C[C@@]([H])(CCCCCCCCCCC)OC(=O)CCCCCCCC=CCCCCCC)O[C@]([H])(OP(O)(O)=O)[C@]1([H])N=C(O)C[C@]([H])(O)CCCCCCCCCCC
,[H][C@@](C)(N)C(O)=N[C@]([H])(CCC(O)=N[C@@]([H])(CCC[C@@]([H])(N)C(O)=O)C(O)=O)C(O)=O
,[H][C@@](C)(N)C(O)=N[C@]([H])(CCC([O-])=O)C(O)=O
,CC(N)C(O)=NC(CCC(O)=O)C(O)=NC1=CC=CC(=N)N1
,CCCCCCCCCCCCCC(=O)OC(CCCCCCCCCCC)CC(=O)OC1C(OP(O)(=O)OC2OCC(N)C(O)C2O)C(COC2(CC(OC3(CC(O)C(O)C(O3)C(O)CO)C(O)=O)C(O)C(O2)C(O)CO)C(O)=O)OC(OCC2OC(OP(O)(=O)OC3OCC(N)C(O)C3O)C(N=C(O)CC(O)CCCCCCCCCCC)C(OC(=O)CC(O)CCCCCCCCCCC)C2O)C1N=C(O)CC(CCCCCCCCCCC)OC(=O)CCCCCCCCCCC
,[H][C@]1(COP(O)(=O)O[C@]2([H])[C@@]([H])(COP(O)([O-])=O)O[C@@]([H])(N3C=NC4=C3NC(=N)N=C4[O-])[C@]2([H])O)O[C@@]([H])(N2C=NC3=C2NC(=N)N=C3[O-])[C@]([H])(O)[C@]1([H])O
,[H][C@](O)(CO)C=O
,[H][C@](O)(CO[P-]([O])(=O)=O)C=O
,CN1C=NC2=C(N=CN2)C1=N
,C[N+]1=C(N)C=CNC1=O
,[H][C@]1(COP(O)(O)=O)O[C@@]([H])(N2C=CCC(=C2)C(O)=N)[C@]([H])(O)[C@]1([H])O
,OC1=NC(C(O)=N1)C1=CC=CC=C1
,[H][C@@]12COP(O)(=O)O[C@]1([H])C(O)(O)[C@]1([H])NC3=C(NC(=N)N=C3O)N[C@]1([H])O2
,NC(CSCC([O-])=O)C(O)=O
,[H][C@](N)(CO)C(=O)OP(O)(=O)OC[C@@]1([H])O[C@@]([H])(N2C=NC3=C(N)N=CN=C23)[C@]([H])(O)[C@]1([H])O
,[H][C@](O)(CO)COP(O)(O)=O
,[H]C(O)(C(O)=NCCC(O)=NCCSC(=O)C=CC=CCCCCC)C(C)(C)COP(O)(=O)OP(O)(=O)OC[C@]1([H])O[C@]([H])(N2C=NC3=C(N)N=CN=C23)[C@]([H])(O)[C@]1([H])OP(O)(O)=O
,[H]C1(O)CC([H])(OC1([H])COP(O)(=O)OP(O)(=O)O[C@@]1([H])O[C@]([H])(C)[C@]([H])(N)[C@]([H])(O)[C@@]1([H])O)N1C=C(C)C(O)=NC1=O
,C[C@H]1OC(OP(O)(=O)OP(O)(=O)OCC2OC(CC2O)N2C=C(C)C(=O)NC2=O)[C@H](O)[C@@H](O)C1NC(C)=O
,COC1=C(OC)C(O)=C(C\C=C(/C)CC\C=C(/C)CC\C=C(/C)CC\C=C(/C)CC\C=C(/C)CC\C=C(/C)CC\C=C(/C)CC\C=C(/C)CC\C=C(/C)CCC=C(C)C)C(C)=C1O
,COC1=C(OC)C(=O)C(CC=C(C)CCC=C(C)CCC=C(C)CCC=C(C)CCC=C(C)CCC=C(C)C)=C(C)C1=O
,[H][C@@](N)(CCC[C@]([H])(N=C([O-])CC[C@@]([H])(N=C(O)[C@]([H])(C)N=C(O)[C@@]([H])(C)O[C@@]1([H])[C@]([H])(O)[C@@]([H])(CO)O[C@]([H])(OP([O-])(=O)OP([O-])(=O)OC[C@@]2([H])O[C@@]([H])([N+]3=C[CH+]C(O)=NC3=O)[C@]([H])(O)[C@]2([H])O)[C@]1([H])N=C(C)[O-])C(O)=O)C(O)=N[C@]([H])(C)C(O)=O)C(O)=O
,[H][C@]1(COP(O)(=O)OP(O)(O)=O)O[C@@]([H])(N2C=NC3=C2N=C(O)N=C3O)[C@]([H])(O)[C@]1([H])O
,CCC1=C(C)C(=O)NC1CC1=C(C)C(CCC(O)=O)=C(CC2=C(CCC(O)=O)C(C)=C(CC3NC(=O)C(C=C)=C3C)N2)N1
,OC(=O)C(=O)CS(O)(=O)=O
,NC1=C2N=CN([C@@H]3O[C@H](COP(O)(=O)O[Se](O)(=O)=O)[C@@H](O)[C@H]3O)C2=NC=N1
,NCCC#N
,NC1=C(C(O)=O)C2=NC3=C(C=CC=C3OC2=CC1=O)C(O)=O
,C[C@H](O)[C@H](N)C(O)=O
,C[Se]C[C@H](N)C(O)=O
,NC(CC[SeH])C(O)=O
,N.[H][C@](O)(CO)COP(O)(=O)OC[C@@]([H])(COC(=O)CCCCCCCCCCCCC)OC(=O)CCCCCCCCCCCCC
,[H][C@@](COC(=O)CCCCCCCCCCCCCCCC)(COP(O)(=O)OCCN)OC(=O)CCCCCCCCCCCCCCC
,CCCCCCCCCCCCCCCCC(=O)OCC(COP(O)(=O)OCCN)OC(=O)CCCCCCCCCCCCCCCC
,CCCCCCCCCCCCCCCCCCC(=O)OC(COC(=O)CCCCCCCCCCCCCCCC)COP(O)(=O)OCCN
,[H][C@@](COC(=O)CCCCCCCCCCCCCCCCCC)(COP(O)(=O)OCCN)OC(=O)CCCCCCCCCCCCC
,[H][C@@](COC(=O)CCCCCCCCCCCCCCCCCC)(COP(O)(=O)OCCN)OC(=O)CCCCCCCCCCCCCCC
,[H][C@@](COC(=O)CCCCCCCCCCCCCCCCCC)(COP(O)(=O)OCCN)OC(=O)CCCCCCCCCCCCCCCC
,CCCCCCCCCCCCCCCCCCC(=O)OCC(COP(O)(=O)OCCN)OC(=O)CCCCCCCCCCCCCCCCCC
,[H][C@](O)(CO)COP(O)(=O)OC[C@@]([H])(COC(=O)CCCCCCCCCCCCC)OC(=O)CCCCCCCCCCCCCCC
,[H][C@](O)(CO)COP(O)(=O)OCC([H])(COC(=O)CCCCCCCCCCCCCCCC)OC(=O)CCCCCCCCCCCCCCCC
,[H]\C(CCCCCC)=C(/[H])CCCCCCCCCC(=O)O[C@]([H])(COC(=O)CCCCCCCCCCCCCCC)COP(O)(=O)OC[C@]([H])(N)C(O)=O
,CCCCCCCCCCCCCCCCC(=O)OC(COC(=O)CCCCCCCCCCCCC)COP(O)(=O)OCCN
,[H][C@@](COC(=O)CCCCCCCCCCCCC)(COP(O)(=O)OCCN)OC(=O)CCCCCCCCCCCCCCCCCC
,[H][C@@](COC(=O)CCCCCCCCCCCCCCC)(COP(O)(=O)OCCN)OC(=O)CCCCCCCCCCCCCCCC
,[H][C@@](COC(=O)CCCCCCCCCCCCCCC)(COP(O)(=O)OCCN)OC(=O)CCCCCCCCCCCCCCCCCC
,[H][C@@](COC(=O)CCCCCCCCCCCCCCCC)(COP(O)(=O)OCCN)OC(=O)CCCCCCCCCCCCC
,[H][C@](O)(CO)COP(O)(=O)OC[C@@]([H])(COC(=O)CCCCCCCCCCCCC)OC(=O)CCCCCCCCCCCCCCCC
,[H][C@](O)(CO)COP(O)(=O)OC[C@@]([H])(COC(=O)CCCCCCCCCCCCCCCCCC)OC(=O)CCCCCCCCCCCCC
,[H]C(O)(CCCCCCCCCCC)CC(=O)O[C@@]1([H])[C@]([H])(O)[C@@]([H])(CO[C@]2([H])O[C@]([H])(CO[C@@]3(C[C@@]([H])(O[C@@]4(C[C@@]([H])(O)[C@@]([H])(O)[C@]([H])(O4)[C@]([H])(O)CO)C(O)=O)[C@@]([H])(O)[C@]([H])(O3)[C@]([H])(O)CO)C(O)=O)[C@@]([H])(OP(O)(O)=O)[C@]([H])(OC(=O)CC([H])(CCCCCCCCCCC)OC(=O)CCCCCCCCCCCCC)[C@@]2([H])N=C(O)CC([H])(CCCCCCCCCCC)OC(=O)CCCCCCCCCCC)O[C@]([H])(OP(O)(O)=O)[C@]1([H])N=C(O)CC([H])(O)CCCCCCCCCCC
,[H][C@](O)(CO)COP(O)(=O)OC[C@@]([H])(COC(=O)CCCCCCCCCCCCCCCCCC)OC(=O)CCCCCCCCCCCCCCC
,[H][C@](O)(CO)COP(O)(=O)OC[C@@]([H])(COC(=O)CCCCCCCCCCCCCCCCCC)OC(=O)CCCCCCCCCCCCCCCC
,[H][C@](O)(CO)COP(O)(=O)OC[C@@]([H])(COC(=O)CCCCCCCCCCCCCCCCCC)OC(=O)CCCCCCCCCCCCCCCCCC
,[H]\C(CCCCCC)=C(/[H])CCCCCCCC(=O)OCC([H])(COP(O)(=O)OC[C@@]([H])(O)CO)OC(=O)CCCCCCCCCCCCC
,[H][C@](N)(COP(O)(=O)OC[C@@]([H])(COC(=O)CCCCCCCCCCCCC)OC(=O)CCCCCCCCCCCCCCCC)C(O)=O
,[H][C@](N)(COP(O)(=O)OC[C@@]([H])(COC(=O)CCCCCCCCCCCCC)OC(=O)CCCCCCCCCCCCCCCCCC)C(O)=O
,[H][C@](N)(COP(O)(=O)OC[C@@]([H])(COC(=O)CCCCCCCCCCCCCCC)OC(=O)CCCCCCCCCCCCCCCC)C(O)=O
,[H][C@](N)(COP(O)(=O)OC[C@@]([H])(COC(=O)CCCCCCCCCCCCCCC)OC(=O)CCCCCCCCCCCCCCCCCC)C(O)=O
,[H]\C(CCCCCC)=C(/[H])CCCCCCCCCC(=O)OC[C@@]([H])(COP(O)(=O)OC[C@]([H])(N)C(O)=O)OC(=O)CCCCCCCCCCCCC
,[H][C@](O)(CO)COP(O)(=O)OC[C@@]([H])(COC(=O)CCCCCCCCCCCCC)OC(=O)CCCCCCCCCCCCCCCCCC
,[H][C@](N)(COP(O)(=O)OC[C@@]([H])(COC(=O)CCCCCCCCCCCCCCCC)OC(=O)CCCCCCCCCCCCC)C(O)=O
,[H][C@](N)(COP(O)(=O)OC[C@@]([H])(COC(=O)CCCCCCCCCCCCCCCC)OC(=O)CCCCCCCCCCCCCCCCCC)C(O)=O
,[H][C@](N)(COP(O)(=O)OC[C@@]([H])(COC(=O)CCCCCCCCCCCCCCCCCC)OC(=O)CCCCCCCCCCCCC)C(O)=O
,[H][C@](N)(COP(O)(=O)OC[C@@]([H])(COC(=O)CCCCCCCCCCCCCCCCCC)OC(=O)CCCCCCCCCCCCCCC)C(O)=O
,[H][C@](N)(COP(O)(=O)OC[C@@]([H])(COC(=O)CCCCCCCCCCCCCCCCCC)OC(=O)CCCCCCCCCCCCCCCC)C(O)=O
,[H][C@](N)(COP(O)(=O)OC[C@@]([H])(COC(=O)CCCCCCCCCCCCCCCCCC)OC(=O)CCCCCCCCCCCCCCCCCC)C(O)=O
,[H]\C(CCCCCC)=C(/[H])CCCCCCCCCC(=O)O[C@]([H])(COC(=O)CCCCCCCCCCCCC)COP(O)(=O)OC[C@@]([H])(O)CO
,[H][C@](O)(CO)COP(O)(=O)OC[C@@]([H])(COC(=O)CCCCCCCCCCCCCCCC)OC(=O)CCCCCCCCCCCCCCC
,[H]\C(CCCCCC)=C(/[H])CCCCCCCCCC(=O)O[C@]([H])(COC(=O)CCCCCCCCCCCCC)COP(O)(=O)OC[C@]([H])(N)C(O)=O
,[H]\C(CCCCCC)=C(/[H])CCCCCCCCCC(=O)OC[C@@]([H])(COP(O)(=O)OC[C@]([H])(N)C(O)=O)OC(=O)CCCCCCCCCCCCCCC
,[H]\C(CCCCCC)=C(/[H])CCCCCCCC(=O)O[C@]([H])(COC(=O)CCCCCCCCCCCCC)COP(O)(=O)OC[C@@]([H])(O)CO
,[H]\C(CCCCCC)=C(/[H])CCCCCCCCCC(=O)OC[C@]([H])(COP(O)(=O)OC[C@]([H])(N)C(O)=O)OC(=O)CCCCCCCCC\C([H])=C(\[H])CCCCCC
,[H]\C(CCCCCC)=C(/[H])CCCCCCCCCC(=O)OC[C@]([H])(COP(O)(=O)OC[C@]([H])(N)C(O)=O)OC(=O)CCCCCCC\C([H])=C(\[H])CCCCCC
,[H][C@](N)(COP(O)(=O)OC[C@@]([H])(COC(=O)CCCCCCCCCCCCCCCC)OC(=O)CCCCCCCCCCCCCCC)C(O)=O
,[H][C@](O)(CO)COP(O)(=O)OC[C@@]([H])(COC(=O)CCCCCCCCCCCCCCCC)OC(=O)CCCCCCCCCCCCCCCC
,[H]\C(CCCCCC)=C(/[H])CCCCCCCCCC(=O)O[C@]([H])(COC(=O)CCCCCCC\C([H])=C(\[H])CCCCCC)COP(O)(=O)OC[C@]([H])(N)C(O)=O
,[H]\C(CCCCCC)=C(/[H])CCCCCCCCCC(=O)OC[C@]([H])(COP(O)(=O)OCCN)OC(=O)CCCCCCCCCCCCCCCC
,[H]\C(CCCCCC)=C(/[H])CCCCCCCCCC(=O)OC[C@]([H])(COP(O)(=O)OCCN)OC(=O)CCCCCCCCCCCCCCCCCC
,[H]\C(CCCCCC)=C(/[H])CCCCCCCC(=O)O[C@]([H])(COC(=O)CCCCCCCCCCCCCCCC)COP(O)(=O)OCCN
,[H]\C(CCCCCC)=C(/[H])CCCCCCCCCC(=O)O[C@]([H])(COC(=O)CCCCCCCCCCCCCCCCCC)COP(O)(=O)OCCN
,[H]\C(CCCCCC)=C(/[H])CCCCCCCCCC(=O)O[C@]([H])(COC(=O)CCCCCCCCCCCCCCCC)COP(O)(=O)OCCN
,[H][C@](O)(CO)COP(O)(=O)OC[C@@]([H])(COC(=O)CCCCCCCCCCCCCCC)OC(=O)CCCCCCCCCCCCC
,[H]\C(CCCCCC)=C(/[H])CCCCCCCC(=O)O[C@]([H])(COC(=O)CCCCCCCCCCCCCCCCCC)COP(O)(=O)OCCN
,[H]\C(CCCCCC)=C(/[H])CCCCCCCC(=O)OC[C@]([H])(COP(O)(=O)OCCN)OC(=O)CCCCCCCCCCCCCCCC
,[H]\C(CCCCCC)=C(/[H])CCCCCCCC(=O)OC[C@]([H])(COP(O)(=O)OCCN)OC(=O)CCCCCCCCCCCCCCCCCC
,[H]\C(CCCCCC)=C(/[H])CCCCCCCCCC(=O)OCC([H])(COP(O)(=O)OC[C@@]([H])(O)CO)OC(=O)CCCCCCCCCCCCCCCC
,[H]\C(CCCCCC)=C(/[H])CCCCCCCCCC(=O)OCC([H])(COP(O)(=O)OC[C@@]([H])(O)CO)OC(=O)CCCCCCCCCCCCCCCCCC
,[H]\C(CCCCCC)=C(/[H])CCCCCCCCCC(=O)O[C@]([H])(COC(=O)CCCCCCCCCCCCCCCC)COP(O)(=O)OC[C@@]([H])(O)CO
,[H]\C(CCCCCC)=C(/[H])CCCCCCCC(=O)O[C@]([H])(COC(=O)CCCCCCCCCCCCCCCC)COP(O)(=O)OC[C@@]([H])(O)CO
,[H]\C(CCCCCC)=C(/[H])CCCCCCCCCC(=O)O[C@]([H])(COC(=O)CCCCCCCCCCCCCCCCCC)COP(O)(=O)OC[C@@]([H])(O)CO
,[H]\C(CCCCCC)=C(/[H])CCCCCCCC(=O)O[C@]([H])(COC(=O)CCCCCCCCCCCCCCCCCC)COP(O)(=O)OC[C@@]([H])(O)CO
,[H]\C(CCCCCC)=C(/[H])CCCCCCCC(=O)OCC([H])(COP(O)(=O)OC[C@@]([H])(O)CO)OC(=O)CCCCCCCCCCCCCCCC
,[H][C@](O)(CO)COP(O)(=O)OC[C@@]([H])(COC(=O)CCCCCCCCCCCCCCC)OC(=O)CCCCCCCCCCCCCCCC
,[H]\C(CCCCCC)=C(/[H])CCCCCCCC(=O)OCC([H])(COP(O)(=O)OC[C@@]([H])(O)CO)OC(=O)CCCCCCCCCCCCCCCCCC
,[H]\C(CCCCCC)=C(/[H])CCCCCCCCCC(=O)OC[C@@]([H])(COP(O)(=O)OC[C@]([H])(N)C(O)=O)OC(=O)CCCCCCCCCCCCCCCC
,[H]\C(CCCCCC)=C(/[H])CCCCCCCCCC(=O)OC[C@@]([H])(COP(O)(=O)OC[C@]([H])(N)C(O)=O)OC(=O)CCCCCCCCCCCCCCCCCC
,[H]\C(CCCCCC)=C(/[H])CCCCCCCCCC(=O)O[C@]([H])(COC(=O)CCCCCCCCCCCCCCCC)COP(O)(=O)OC[C@]([H])(N)C(O)=O
,[H]\C(CCCCCC)=C(/[H])CCCCCCCC(=O)O[C@]([H])(COC(=O)CCCCCCCCCCCCCCCC)COP(O)(=O)OC[C@]([H])(N)C(O)=O
,[H]\C(CCCCCC)=C(/[H])CCCCCCCCCC(=O)O[C@]([H])(COC(=O)CCCCCCCCCCCCCCCCCC)COP(O)(=O)OC[C@]([H])(N)C(O)=O
,[H]\C(CCCCCC)=C(/[H])CCCCCCCC(=O)O[C@]([H])(COC(=O)CCCCCCCCCCCCCCCCCC)COP(O)(=O)OC[C@]([H])(N)C(O)=O
,[H]\C(CCCCCC)=C(/[H])CCCCCCCC(=O)OC[C@]([H])(COP(O)(=O)OC[C@]([H])(N)C(O)=O)OC(=O)CCCCCCCCCCCCCCCC
,[H]\C(CCCCCC)=C(/[H])CCCCCCCC(=O)OC[C@]([H])(COP(O)(=O)OC[C@]([H])(N)C(O)=O)OC(=O)CCCCCCCCCCCCCCCCCC
,[H][C@](O)(CO)COP(O)(=O)OC[C@@]([H])(COC(=O)CCCCCCCCCCCCCCC)OC(=O)CCCCCCCCCCCCCCCCCC
,[H]\C(CCCCCC)=C(/[H])CCCCCCCCCC(=O)OCC([H])(COP(O)(=O)OC[C@@]([H])(O)CO)OC(=O)CCCCCCCCCCCCC
,[H][C@](O)(CO)COP(O)(=O)OC[C@@]([H])(COC(=O)CCCCCCCCCCCCCCCC)OC(=O)CCCCCCCCCCCCC
,[H][C@](O)(CO)COP(O)(=O)OCC([H])(COC(=O)CCCCCCCCCCCCCCCC)OC(=O)CCCCCCCCCCCCCCCCCC
,[H][C@@](O)(CCCCCCCCCCC)CC(=O)O[C@@]1([H])[C@]([H])(O)[C@@]([H])(CO[C@]2([H])O[C@]([H])(CO[C@]3(O[C@]([H])([C@@]([H])(C)CO)[C@@]([H])(OC4([H])O[C@]([H])([C@@]([H])(C)CO)[C@@]([H])(OP(O)(=O)OP(O)(=O)OCCN)[C@]([H])(OC5([H])O[C@]([H])([C@@]([H])(C)COC6([H])O[C@]([H])([C@@]([H])(C)CO)[C@@]([H])(OP(O)(O)=O)[C@]([H])(O)[C@]6([H])O)[C@@]([H])(O)[C@]([H])(OC6([H])O[C@]([H])(CO[C@@]7([H])O[C@]([H])(CO)[C@]([H])(O)[C@]([H])(O)[C@@]7([H])O)[C@@]([H])(O)[C@]([H])(O[C@@]7([H])O[C@]([H])(CO)[C@]([H])(O)[C@]([H])(O)[C@@]7([H])OC7([H])O[C@]([H])(CO)[C@@]([H])(O)[C@]([H])(O[C@]8([H])O[C@]([H])(CO[C@]9([H])O[C@]([H])(CO)[C@@]([H])(O)[C@]([H])(O)[C@@]9([H])NC(O)=N)[C@]([H])(O)[C@]([H])(O[C@]9([H])O[C@]([H])(CO)[C@]([H])(O)[C@]([H])(O[C@@]%10([H])O[C@]([H])(CO[C@@]%11([H])O[C@]([H])(CO)[C@]([H])(O)[C@]([H])(O)[C@@]%11([H])O)[C@]([H])(O)[C@]([H])(O)[C@@]%10([H])O)[C@@]9([H])N=C(C)O)[C@@]8([H])N=C(C)O)[C@@]7([H])O[C@]7([H])O[C@]([H])(CO)[C@@]([H])(O)[C@]([H])(O)[C@@]7([H])NC(O)=N)[C@@]6([H])O)[C@]5([H])O)[C@]4([H])O)[C@]([H])(O[C@]4(O[C@]([H])([C@@]([H])(C)CO)[C@@]([H])(O)[C@]([H])(O[C@]5(O[C@]([H])([C@@]([H])(C)CO)[C@@]([H])(O)[C@]([H])(OP(O)(=O)OCCN)[C@]5([H])O)C(O)=O)[C@]4([H])O)C(O)=O)[C@]3([H])O)C(O)=O)[C@@]([H])(OP(O)(O)=O)[C@]([H])(OC(=O)C[C@@]([H])(CCCCCCCCCCC)OC(=O)CCCCCCCCCCCCC)[C@@]2([H])N=C(O)C[C@@]([H])(CCCCCCCCCCC)OC(=O)CCCCCCCCCCC)O[C@]([H])(OP(O)(O)=O)[C@]1([H])N=C(O)C[C@]([H])(O)CCCCCCCCCCC
,P(O[C@]1(O[C@@]([H])([C@@]([H])(O)[C@]([H])(OC(=O)C[C@]([H])(O)CCCCCCCCCCC)[C@]1(N=C(O)C[C@]([H])(O)CCCCCCCCCCC)[H])CO[C@@]1(O[C@]([H])(CO[C@]2(O[C@]([H])([C@@]([H])(C)CO)[C@]([H])([C@@](O[C@]3(O[C@]([H])([C@@]([H])(C)CO)[C@@]([H])(O)[C@@](O[C@]4(O[C@]([H])([C@@]([H])(C)CO)[C@@]([H])(O)[C@@](OP(O)(=O)OCCN)([H])[C@]4([H])O)C(O)=O)([H])[C@]3([H])O)C(O)=O)([H])[C@]2([H])O)OC2(O[C@]([H])([C@@]([H])(C)CO)[C@](OP(OP(O)(=O)OCCN)(O)=O)([H])[C@@]([H])([C@]2([H])O)OC2(O[C@]([H])([C@@]([H])(C)COC3(O[C@]([H])([C@@]([H])(C)CO)[C@](OP(O)(O)=O)([H])[C@]([H])(O)[C@]3([H])O)[H])[C@@]([H])(O)[C@@]([H])([C@]2([H])O)OC2(O[C@@]([H])([C@@]([H])(O)[C@@]([H])([C@@]2([H])O)O[C@]2(O[C@@]([H])([C@]([H])(O)[C@]([H])(O)[C@@]2([H])OC2(O[C@@]([H])([C@@]([H])(O)[C@@]([H])([C@@]2([H])O[C@@]2(O[C@@]([H])([C@@]([H])(O)[C@]([H])(O)[C@@]2([H])NC(O)=N)CO)[H])O[C@@]2(O[C@@]([H])([C@]([H])(O)[C@@]([H])([C@]2(N=C(C)O)[H])O[C@@]2(O[C@@]([H])([C@]([H])(O)[C@]([H])(O[C@]3(O[C@@]([H])([C@]([H])(O)[C@]([H])(O)[C@@]3([H])O[C@@]3(O[C@@]([H])([C@]([H])(O)[C@@]([H])([C@]3(N=C(C)O)[H])O[C@@]3(O[C@@]([H])([C@]([H])(O)[C@]([H])(O[C@]4(O[C@@]([H])([C@]([H])(O)[C@]([H])(O)[C@@]4([H])O[C@@]4(O[C@@]([H])([C@]([H])(O)[C@@]([H])([C@]4(N=C(C)O)[H])O[C@@]4(O[C@@]([H])([C@]([H])(O)[C@]([H])(O[C@]5(O[C@@]([H])([C@]([H])(O)[C@]([H])(O)[C@@]5([H])O[C@@]5(O[C@@]([H])([C@]([H])(O)[C@@]([H])([C@]5(N=C(C)O)[H])O[C@@]5(O[C@@]([H])([C@]([H])(O)[C@]([H])(O[C@]6(O[C@@]([H])([C@]([H])(O)[C@]([H])(O)[C@@]6([H])O)CO[C@]6(O[C@@]([H])([C@]([H])(O)[C@]([H])(O)[C@@]6([H])O)CO)[H])[H])[C@]5(N=C(C)O)[H])CO)[H])CO[C@@]5(O[C@@]([H])([C@@]([H])(O)[C@]([H])(O)[C@@]5([H])NC(O)=N)CO)[H])[H])CO[C@]5(O[C@@]([H])([C@]([H])(O)[C@]([H])(O)[C@@]5([H])O)CO)[H])[H])[C@]4(N=C(C)O)[H])CO)[H])CO[C@@]4(O[C@@]([H])([C@@]([H])(O)[C@]([H])(O)[C@@]4([H])NC(O)=N)CO)[H])[H])CO[C@]4(O[C@@]([H])([C@]([H])(O)[C@]([H])(O)[C@@]4([H])O)CO)[H])[H])[C@]3(N=C(C)O)[H])CO)[H])CO[C@@]3(O[C@@]([H])([C@@]([H])(O)[C@]([H])(O)[C@@]3([H])NC(O)=N)CO)[H])[H])CO[C@]3(O[C@@]([H])([C@]([H])(O)[C@]([H])(O)[C@@]3([H])O)CO)[H])[H])[C@]2(N=C(C)O)[H])CO)[H])CO[C@@]2(O[C@@]([H])([C@@]([H])(O)[C@]([H])(O)[C@@]2([H])NC(O)=N)CO)[H])[H])CO)[H])CO)[H])CO[C@]2(O[C@@]([H])([C@]([H])(O)[C@]([H])(O)[C@@]2([H])O)CO)[H])[H])[H])[H])C(O)=O)[C@](OP(O)(O)=O)([H])[C@]([H])(OC(=O)C[C@@]([H])(CCCCCCCCCCC)OC(=O)CCCCCCCCCCCCC)[C@]1(N=C(O)C[C@@]([H])(CCCCCCCCCCC)OC(=O)CCCCCCCCCCC)[H])[H])[H])(O)(O)=O
,[H][C@@](O)(CCCCCCCCCCC)CC(=O)O[C@@]1([H])[C@]([H])(O)[C@@]([H])(CO[C@]2([H])O[C@]([H])(CO[C@]3(O[C@]([H])([C@@]([H])(C)CO)[C@@]([H])(OC4([H])O[C@]([H])([C@@]([H])(C)CO)[C@@]([H])(OP(O)(=O)OP(O)(=O)OCCN)[C@]([H])(OC5([H])O[C@]([H])([C@@]([H])(C)COC6([H])O[C@]([H])([C@@]([H])(C)CO)[C@@]([H])(OP(O)(O)=O)[C@]([H])(O)[C@]6([H])O)[C@@]([H])(O)[C@]([H])(OC6([H])O[C@]([H])(CO[C@@]7([H])O[C@]([H])(CO)[C@]([H])(O)[C@]([H])(O)[C@@]7([H])O)[C@@]([H])(O)[C@]([H])(O[C@@]7([H])O[C@]([H])(CO)[C@]([H])(O)[C@]([H])(O)[C@@]7([H])OC7([H])O[C@]([H])(CO)[C@@]([H])(O)[C@]([H])(O)[C@@]7([H])O[C@]7([H])O[C@]([H])(CO)[C@@]([H])(O)[C@]([H])(O)[C@@]7([H])NC(O)=N)[C@@]6([H])O)[C@]5([H])O)[C@]4([H])O)[C@]([H])(O[C@]4(O[C@]([H])([C@@]([H])(C)CO)[C@@]([H])(O)[C@]([H])(O[C@]5(O[C@]([H])([C@@]([H])(C)CO)[C@@]([H])(O)[C@]([H])(OP(O)(=O)OCCN)[C@]5([H])O)C(O)=O)[C@]4([H])O)C(O)=O)[C@]3([H])O)C(O)=O)[C@@]([H])(OP(O)(O)=O)[C@]([H])(OC(=O)C[C@@]([H])(CCCCCCCCCCC)OC(=O)CCCCCCCCCCCCC)[C@@]2([H])N=C(O)C[C@@]([H])(CCCCCCCCCCC)OC(=O)CCCCCCCCCCC)O[C@]([H])(OP(O)(O)=O)[C@]1([H])N=C(O)C[C@]([H])(O)CCCCCCCCCCC
,CCCCCCCCCCCCCC(=O)O[C@H](CCCCCCCCCCC)CC(=O)O[C@@H]1[C@@H](NC(=O)C[C@@H](CCCCCCCCCCC)OC(=O)CCCCCCCCCCC)[C@H](OC[C@H]2O[C@H](OP(O)(O)=O)[C@H](NC(=O)C[C@H](O)CCCCCCCCCCC)[C@@H](OC(=O)C[C@H](O)CCCCCCCCCCC)[C@@H]2O)O[C@H](CO)[C@H]1OP(O)(O)=O
,C[C@@H](O)CO
,C[C@H](O)CO
,[H][C@](CO)(COC(=O)CCCCCCCCCCCCC)OC(=O)CCCCCCCCCCCCC
,CCCCCCCCCCCCCCCC(=O)OCC(O)COP(O)(O)=O
,NC1=NC(=O)N(C=C1)[C@@H]1O[C@H](CO)[C@H]2OP(O)(=O)O[C@@H]12
,OCC(OC1OC(COP([O-])([O-])=O)C(O)C(O)C1O)C([O-])=O
,CCCCCCCCCCC[C@@H](O)CC(=O)N[C@H]1[C@@H](OP(O)(O)=O)O[C@H](CO[C@@H]2O[C@H](CO)[C@@H](OP(O)(O)=O)[C@H](OC(=O)C[C@H](O)CCCCCCCCCCC)[C@H]2NC(=O)C[C@H](O)CCCCCCCCCCC)[C@@H](O)[C@@H]1OC(=O)C[C@H](O)CCCCCCCCCCC
,[H][C@@](CO)(NC(=O)C1=C(O)C(O)=CC=C1)C(O)=O
,N[C@@H](C=O)C(O)=O
,[H]\C(CC\C(C)=C(/[H])CC\C(C)=C(/[H])CC\C(C)=C(/[H])CC\C(C)=C(/[H])CC\C(C)=C(/[H])CC\C(C)=C(/[H])CC1=CC(=O)C2=CC=CC=C2C1=O)=C(\C)CCC=C(C)C
,[H]\C(CC\C(C)=C(/[H])CC\C(C)=C(/[H])CC\C(C)=C(/[H])CC\C(C)=C(/[H])CC\C(C)=C(/[H])CC\C(C)=C(/[H])CC1=C(C)C(O)C([O-])=C(OC)C1O)=C(\C)CCC=C(C)C
,[H]\C(CC\C(C)=C(/[H])CC\C(C)=C(/[H])CC\C(C)=C(/[H])CC\C(C)=C(/[H])CC\C(C)=C(/[H])CC\C(C)=C(/[H])CC1=C(C)C(O)C=C(OC)C1O)=C(\C)CCC=C(C)C
,[H]OC1=C([H])C(=C(O[H])C(OC([H])([H])[H])=C1[H])C([H])([H])C(\[H])=C(/C([H])([H])[H])C([H])([H])C([H])([H])C(\[H])=C(/C([H])([H])[H])C([H])([H])C([H])([H])C(\[H])=C(/C([H])([H])[H])C([H])([H])C([H])([H])C(\[H])=C(/C([H])([H])[H])C([H])([H])C([H])([H])C(\[H])=C(/C([H])([H])[H])C([H])([H])C([H])([H])C(\[H])=C(/C([H])([H])[H])C([H])([H])C([H])([H])C(\[H])=C(/C([H])([H])[H])C([H])([H])C([H])([H])C([H])=C(C([H])([H])[H])C([H])([H])[H]
,O[C@H](C(C)(C)COP(=O)(O)OP(O)(=O)OC[C@H]1O[C@H]([C@H](O)[C@@H]1OP(O)(O)=O)N1C=NC2=C1N=CN=C2N)C(=O)NCCC(=O)NCCSC(=O)\C=C1\CC=CC=CO1
,N\C=C/C(O)=O
,OCCC(O)=O
,CC(C)=CCC\C(C)=C\CC\C(C)=C\CC\C(C)=C\CC\C(C)=C\CC\C(C)=C\CC\C(C)=C\CC\C(C)=C\CC1=C(O)C=CC(=C1)C(O)=O
,CCCCCCCCCCCCCCCC(=O)CC(=O)SCCNC(=O)CCNC(=O)[C@H](O)C(C)(C)COP([O-])(=O)OP([O-])(=O)OC[C@H]1O[C@H]([C@H](O)[C@@H]1OP(O)(O)=O)N1C=NC2=C1N=CN=C2N
,OC(=O)\C=C\C1=CC=CC(O)=C1
,[H][C@](O)(C(O)=NCCC(O)=NCCSC(=O)CC(=O)CC=CCC(O)=O)C(C)(C)COP(O)(=O)OP(O)(=O)OC[C@@]1([H])O[C@@]([H])(N2C=NC3=C(N)N=CN=C23)[C@]([H])(O)[C@]1([H])OP(O)(O)=O
,C[C@H]1O[C@H]([C@H](O)[C@@H]1O)N1C=NC2=C(N)N=CN=C12
,[H][C@@]12CN(C=[N+]1C1=C(NC2)N=C(N)NC1=O)C1=CC=C(C=C1)C(=O)N[C@@H](CCC(O)=O)C(O)=O
,NC1=C(NCC(O)C(O)C(O)COP(O)(O)=O)NC(=O)NC1=O
,CC(=O)OC[C@H]1O[C@@H](O)[C@H](O)[C@@H](O)[C@@H]1O
,NC1=NC2=C(NC(CN2)C(O)=O)C(=O)N1
,NC1=NC2=C(N=C(CO)CN2)C(=O)N1
,OP(=O)(OCC1=NC2=C(NC1)NC(=N)N=C2[O-])OP([O-])([O-])=O
,[H]OC(=O)C1=C([H])N([H])C2=C1C(=O)N=C(N([H])[H])N2[H]
,[H][C@]1(O)[C@]([H])(O)[C@@]([H])(CO)O[C@]([H])(O[C@@]2([H])[C@]([H])(O)[C@@]([H])(O)[C@@]([H])(OC(C)=O)O[C@]2([H])CO)[C@]1([H])O
,CC(=O)N(O)CCCC[C@H](NC(=O)CC(O)(CC(=O)N[C@@H](CCCCN(O)C(C)=O)C(O)=O)C(O)=O)C(O)=O
,[NH4+]
,[Cd]
,[Ca++]
,OC1O[C@H](COP(O)(O)=O)[C@@H](O)[C@@H](O)[C@H]1O
,O[C@@H]1[C@@H](O)[C@@H](OP(O)(O)=O)O[C@@H]([C@H]1O)C(O)=O
,[H][C@@](O)(COP(O)(O)=O)[C@@]1([H])OC([H])(OP(O)(O)=O)[C@@]([H])(O)[C@@]([H])(O)[C@]1([H])O
,[H][C@@](O)(CO)[C@@]1([H])OC([H])(OP([O-])([O-])=O)[C@@]([H])(O)[C@@]([H])(O)[C@]1([H])O
,O[C@H](COP(O)(O)=O)[C@H]1OC(O)[C@@H](O)[C@@H](O)[C@@H]1O
,CSCC[C@@H](N)C(O)=O
,CCCCCCCCCC([O-])=O
,[H][C@@](O)(COP(O)([O-])=O)[C@@]([H])(O)C1=NC2=C(NC1)NC(=N)N=C2[O-]
,CSC
,CS(C)=O
,CCCCCCCCCCCC([O-])=O
,[H]\C(C([O-])=O)=C(\CC([O-])=O)C(=O)OC
,OC1=CC=CC(C(=O)N[C@H]2COC(=O)[C@H](COC(=O)[C@H](COC2=O)NC(=O)C2=CC=CC(O)=C2O)NC(=O)C2=CC=CC(O)=C2O)=C1O
,[Fe].OC(O)CC(O)(CC(O)O)C(O)O.OC(O)CC(O)(CC(O)O)C(O)O
,CC(=O)N1CCCC2N=C(O)CN=C(O)CN=C(O)CN=C(O)C3CCCN(O[Fe](O1)ON(CCCC(N=C2O)C(O)=N3)C(C)=O)C(C)=O
,[H]O[C@@]1([H])[C@@]([H])(O[C@]([H])(C([H])([H])OP([O-])(=O)OP([O-])(=O)OC2([H])O[C@]([H])(C(=O)[C@@]([H])(O[H])[C@]2([H])O[H])C([H])([H])[H])[C@@]1([H])O[H])N1C([H])=NC2=C1N([H])C(=NC2=O)N([H])[H]
,NC(CCC(=O)NC(CSSCC(NC(=O)CCC(N)C(O)=O)C(=O)NCC(O)=O)C(=O)NCC(O)=O)C(O)=O
,OCC(CO)OP(O)(O)=O
,OCC(O)COP([O-])(=O)OCC(O)CO
,[H+]
,CCCCCC([O-])=O
,C#N
,OO
,OCCS(O)(=O)=O
,[H]OC(=O)[C@]1(OC([H])([H])[C@@]2([H])O[C@@]([H])(OC([H])([H])[C@@]3([H])O[C@]([H])(OP(=O)(O[H])O[H])[C@]([H])(N([H])C(=O)C([H])([H])[C@]([H])(O[H])C([H])([H])C([H])([H])C([H])([H])C([H])([H])C([H])([H])C([H])([H])C([H])([H])C([H])([H])C([H])([H])C([H])([H])C([H])([H])[H])[C@@]([H])(OC(=O)C([H])([H])[C@]([H])(O[H])C([H])([H])C([H])([H])C([H])([H])C([H])([H])C([H])([H])C([H])([H])C([H])([H])C([H])([H])C([H])([H])C([H])([H])C([H])([H])[H])[C@]3([H])O[H])[C@]([H])(N([H])C(=O)C([H])([H])[C@]([H])(O[H])C([H])([H])C([H])([H])C([H])([H])C([H])([H])C([H])([H])C([H])([H])C([H])([H])C([H])([H])C([H])([H])C([H])([H])C([H])([H])[H])[C@@]([H])(OC(=O)C([H])([H])[C@]([H])(O[H])C([H])([H])C([H])([H])C([H])([H])C([H])([H])C([H])([H])C([H])([H])C([H])([H])C([H])([H])C([H])([H])C([H])([H])C([H])([H])[H])[C@]2([H])OP(=O)(O[H])O[H])O[C@]([H])([C@]([H])(O[H])C([H])([H])O[H])[C@]([H])(O[H])[C@]([H])(O[C@]2(O[C@]([H])([C@]([H])(O[H])C([H])([H])O[H])[C@]([H])(O[H])[C@]([H])(O[H])C2([H])[H])C(=O)O[H])C1([H])[H]
,CCCCCCCCCCC[C@@H](O)CC(=O)N[C@H]1[C@@H](OP(O)(O)=O)O[C@H](CO[C@@H]2O[C@H](CO[C@@]3(C[C@@H](O)[C@@H](O)[C@H](O3)[C@H](O)CO)C(O)=O)[C@@H](OP(O)(O)=O)[C@H](OC(=O)C[C@H](O)CCCCCCCCCCC)[C@H]2NC(=O)C[C@H](O)CCCCCCCCCCC)[C@@H](O)[C@@H]1OC(=O)C[C@H](O)CCCCCCCCCCC
,C[C@@H](OP(O)(O)=O)[C@H](N)C(O)=O
,OC[C@H]1O[C@H](O[C@H]2[C@H](O)[C@@H](O)[C@@H](O[C@H]3[C@H](O)[C@@H](O)[C@@H](O[C@H]4[C@H](O)[C@@H](O)[C@@H](O[C@H]5[C@H](O)[C@@H](O)[C@@H](O[C@H]6[C@H](O)[C@@H](O)C(O)O[C@@H]6CO)O[C@@H]5CO)O[C@@H]4CO)O[C@@H]3CO)O[C@@H]2CO)[C@H](O)[C@@H](O)[C@@H]1O
,O[Mo](O)(=O)=O
,[H]OC([H])([H])[C@@]1([H])O[C@]([H])(OP([O-])([O-])=O)[C@]([H])(N([H])C(=O)C([H])([H])[H])[C@@]([H])(O[H])[C@@]1([H])O[H]
,CC(=O)NC1=CC=CC=C1C(O)=O
,CNC(CC1=CNC2=CC=CC=C12)C(O)=O
,CC(=O)NCCCCNCCCN
,[O-][N+]#N
,NC(=O)C(O)=O
,NC1=NC2=C(N=CN2[C@@H]2O[C@H](COP(O)(=O)OP(O)(=O)OP(O)(=O)OP(O)(=O)OC[C@H]3O[C@H]([C@H](O)[C@@H]3O)N3C=NC4=C3N=C(N)NC4=O)[C@@H](O)[C@H]2O)C(=O)N1
,N\C=C/C(=O)OO
,N[C@@H](CC1=CC=C(OP(O)(O)=O)C=C1)C(O)=O
,CCC=O
,O[C@@H]1C[C@@](O)(C[C@@H](O)[C@H]1O)C(O)=O
,CC1=C(C)C=C2N(C[C@H](O)[C@H](O)[C@H](O)CO)C3=C(NC2=C1)C(=O)NC(=O)N3
,C[S+](CCC(=O)C(O)=O)C[C@H]1O[C@H]([C@H](O)[C@@H]1O)N1C=NC2=C1N=CN=C2N
,N[C@@H](CCC(=O)N[C@@H](CS[Se]SC[C@H](NC(=O)CC[C@H](N)C(O)=O)C(=O)NCC(O)=O)C(=O)NCC(O)=O)C(O)=O
,CCCCCCCCCCCCCCCCCC(=O)SCCNC(=O)CCNC(=O)C(O)C(C)(C)COP(O)(=O)OP(O)(=O)OC[C@H]1O[C@H]([C@H](O)[C@@H]1OP(O)(O)=O)N1C=NC2=C1N=CN=C2N
,[O][O-]
,[S-]C#N
,[H][C@@](O)(CCCCCCCCCCC)CC(=O)O[C@]1([H])[C@@]([H])(N)[C@@]([H])(OP(O)(=O)OP(O)(=O)OC[C@@]2([H])O[C@@]([H])(N3C=CC([O-])=NC3=O)[C@]([H])(O)[C@]2([H])O)O[C@]([H])(CO)[C@@]1([H])O
,[H][C@]1(COP([O-])(=O)OP(O)(=O)O[C@@]2([H])OCC(=O)[C@]([H])(O)[C@@]2([H])O)OC([H])(N2C=CC([O-])=NC2=O)[C@]([H])(O)[C@]1([H])O
,[H][C@]1(COP(O)(=O)OP(O)(=O)O[C@@]2([H])O[C@]([H])(C([O-])=O)[C@@]([H])(O)[C@]([H])(O)[C@]2([H])N=C(C)[O-])O[C@@]([H])(N2C=CC([O-])=NC2=O)[C@]([H])(O)[C@]1([H])O
,COC1=C(OC)C(=O)C(C\C=C(/C)CC\C=C(/C)CC\C=C(/C)CC\C=C(/C)CC\C=C(/C)CC\C=C(/C)CC\C=C(/C)CCC=C(C)C)=C(C)C1=O
,NC(=O)N\C=C/C(=O)OO
,NC1=NC2=C(NC3C(N2)OC(COP(O)(=O)OP(O)(=O)OCC2OC(C(O)C2O)N2C=NC4=C2N=CN=C4N)C(S)=C3S)C(=O)N1
,O[As](O)O
,[H]O[C@]1([H])C([H])=C([H])C([H])=C(C([H])([H])C([H])([H])C([O-])=O)[C@]1([H])O[H]
,[H]\C(=C(\[H])C([H])([H])[N+](C([H])([H])[H])(C([H])([H])[H])C([H])([H])[H])C([O-])=O
,NC1=NC=NC2=C1N=CN2C1C[C@H](O)[C@@H](COP(O)(=O)OP(O)(O)=O)O1
,[H][C@]1(O)C[C@@]([H])(O[C@]1([H])COP(O)(=O)OP(O)(=O)OC1([H])O[C@@]([H])(C)C(=O)[C@@]([H])(O)[C@@]1([H])O)N1C=C(C)C(O)=NC1=O
,CN(C)C(=O)COC(=O)CC1=CC=C(OC(=O)C2=CC=C(NC(N)=N)C=C2)C=C1
,[Fe+3].CC(=O)N([O-])CCCCCN=C(O)CCC(=O)N([O-])CCCCCN=C(O)CCC(=O)N([O-])CCCCCN
,C[N+](C)(C)CCCC([O-])=O
,NC(CCC(=O)CCNCC=O)C(O)=O
,OCCCC(O)=O
,OC[C@H]1O[C@H](OC[C@H]2O[C@H](O[C@H]3[C@H](O)[C@@H](O)[C@@H](O)O[C@@H]3CO)[C@H](O)[C@@H](O)[C@@H]2O[C@H]2O[C@H](CO)[C@@H](O)[C@H](O)[C@H]2O)[C@H](O)[C@@H](O)[C@@H]1O
,CS([O-])(=O)=O
,CCCCCCCCCCCCCCCCCC([O-])=O
,CC1=CC=C(O)C=C1
,[O-][Se]([O-])=O
,OC[C@@H](O)COP(O)(=O)O[C@H]1[C@H](O)[C@@H](O)[C@H](O)[C@@H](O)[C@H]1O
,OC(=O)CS(O)(=O)=O
,O=S=O
,CCCCCCCCCCCCCCC\C=C\C(=O)SCCNC(=O)CCNC(=O)[C@@](O)([H])C(C)(C)COP(=O)(O)OP(=O)(O)OC[C@H]1O[C@H](C(O)[C@H]1OP(=O)(O)O)N1C=NC2=C1N=CN=C2N
,N[C@H]1CO[C@@H](OP(=O)(O)OC\C=C(\C)CC\C=C(\C)CC\C=C(\C)CC\C=C(\C)CC\C=C(\C)CC\C=C(\C)CC\C=C(\C)CC\C=C(\C)CC\C=C(/C)CC\C=C(/C)CCC=C(C)C)[C@H](O)[C@H]1O
,[H][C@]1(COP(O)(=O)OP(O)(=O)O[C@@]2([H])OC[C@]([H])(N)[C@]([H])(O)[C@@]2([H])O)O[C@@]([H])(N2C=CC([O-])=NC2=O)[C@]([H])(O)[C@]1([H])O
,[H][C@]1(COP(O)(=O)OP(O)(=O)O[C@@]2([H])OC[C@]([H])(N=C[O-])[C@]([H])(O)[C@@]2([H])O)OC([H])(N2C=CC([O-])=NC2=O)[C@]([H])(O)[C@]1([H])O
,CC1(O)OCC(O)C1(O)O
,[Fe].OC1OCC(N=C(O)C2=C(O)C(O)=CC=C2)C(O)OCC(N=C(O)C2=C(O)C(O)=CC=C2)C(O)OCC1N=C(O)C1=C(O)C(O)=CC=C1
,[H][C@](O)(CO)[C@@]([H])(O)[C@@]([H])(O)[C@]([H])(O)C([O-])=O
,[H][C@](O)(CO)[C@@]([H])(O)[C@]([H])(O)[C@@]([H])(O)C(O)=O
,[H][C@](N)(CC[S+](C)C)C([O-])=O
,CC1=NCCC(N1)C(O)=O
,OP(O)(O)=O
,CO[C@@H]1O[C@H](CO)[C@H](O)[C@H](O)[C@H]1O
,C[N+]1(C)CCC[C@H]1C([O-])=O
,OC(=O)C1CCCCN1
,OC[C@H]1O[C@@H]([C@H](O)[C@@H]1OP(O)(=O)O[C@]([H])(C)CNC(=O)CC[C@]1(C)[C@@H](CC(=O)N)[C@@]2([H])N([Co]C#N)\C1=C(C)/C1=N/C(=C\C3=N\C(=C(C)/C4=N[C@]2(C)[C@@](C)(CC(=O)N)[C@@H]4CCC(=O)N)\[C@@](C)(CC(=O)N)[C@@H]3CCC(=O)N)/C(C)(C)[C@@H]1CCC(=O)N)N1C=NC2=CC(C)=C(C)C=C12
,[H][C@@]12CC[C@H]([C@H](C)CCC(O)=O)[C@@]1(C)[C@@H](O)C[C@@]1([H])[C@@]2([H])CC[C@]2([H])C[C@H](O)CC[C@]12C
,OC[C@H]1O[C@H]([C@H](O)[C@@H]1O)C1=CNC(=O)NC1=O
,CC1=CN([C@@H]2O[C@H](CO)[C@@H](O)[C@H]2O)C(=O)NC1=O
,[Mo++]
,[Ni++]
,C1=CN=CN=C1
,[Li+]
,O[As](O)(O)=O
,[Fe+3]
,OC(=O)\C=C\C1=CNC=N1
,C\C(=C\C(O)=O)C(O)=O
,OC(=O)CCCCCCCC(O)=O
,NC1=NC2=NC=CN=C2C(=O)N1
,CC(=O)N[C@@H](CC(O)=O)C(O)=O
,CC(C)C(=O)SCCNC(=O)CCNC(=O)[C@H](O)C(C)(C)COP(O)(=O)OP(O)(=O)OC[C@H]1O[C@H]([C@H](O)[C@@H]1OP(O)(O)=O)N1C=NC2=C1N=CN=C2N
,CC(C)(N)C(O)=O
,NCCC(N)C(O)=O
,OCCNCCO
,CN1C=CNC1=S
,CC(C)CN
,COS(O)(=O)=O
,OC1C(COP(O)(=O)OP(O)(=O)OCC2OC(C(O)C2O)[N+]2=CC=CC(=C2)C(O)=N)OC(C1O)N1C=NC2=C1N=CN=C2O
,OCCN(CCO)CCO
,[H][C@@](O)(CO)[C@@]([H])(O)[C@]1([H])O[C@](C[C@]([H])(O)[C@@]1([H])NC(C)=O)(OP(O)(=O)OC[C@@]1([H])O[C@@]([H])(N2C=CC(N)=NC2=O)[C@]([H])(O)[C@]1([H])O)C(O)=O
,NCCOP(O)(O)=O
,CC(O)CC(O)=O
,OCC(OP(O)(O)=O)C(O)=O
,C[C@@H](O)[C@@H](O)C(O)=O
,OC[C@H](O)[C@H](O)[C@H](O)CO
,OC(=O)\C=C/C1=CC=CC=C1
,CCCCCCCC\C=C/CCCCCCCC(O)=O
,[H][C@@](C)(CCC(O)=O)[C@@]1([H])CC[C@@]2([H])[C@]3([H])C([H])(O)C[C@]4([H])C[C@]([H])(O)CC[C@]4(C)[C@@]3([H])C[C@]([H])(O)[C@]12C
,OC(=O)CCCC(O)=O
,OC(CC1=CC=CC=C1)C(O)=O
,CCCCCCCCCCCCCC(O)=O
,CCCCCCCCCCCCCCCCCC(O)=O
,CC(=O)NC(CCC(O)=O)C(O)=O
,NC(C(O)=O)C(O)=O
,NC1=C2N=CN([C@H]3O[C@@H](COP(O)(=O)OP(O)(=O)OP(O)(=O)OC[C@H]4O[C@H]([C@H](O)[C@@H]4O)N4C=NC5=C(N)N=CN=C45)[C@H](O)[C@@H]3O)C2=NC=N1
,NC1=NC=NC2=C1N=CN2[C@@H]1O[C@H](COP(O)(=O)OP(O)(=O)OP(O)(=O)OP(O)(O)=O)[C@@H](O)[C@H]1O
,OC[C@@H](O)[C@@H](O)[C@H](O)[C@H](O)COP(O)(O)=O
,OC[C@H](O)C(O)[C@@H](O)CO
,OC(=O)C1=CC=CC=C1O
,COC1=C(OC)C(=O)C(CC=C(C)C)=C(C)C1=O
,OC(CN1C=CN=C1)C(O)=O
,O[C@@H]1COC(=O)[C@H](O)[C@@H](O)[C@H]1O
,CCCCCC\C=C/CCCCCCCC(O)=O
,CCCCCC\C=C/CCCCCCCCCC(O)=O
,NO
,O[C@H]1O[C@@H]([C@H](O)[C@H](O)[C@H]1O)C(O)=O
,CC(=O)C(C)=O
,CCCCCC(C)=O
,OC(=O)CP(O)(O)=O
,OP(O)([O-])=[Se]
,NC1=NC2=C(N=C(CN2)[C@H](O)[C@H](O)COP(O)(O)=O)C(=O)N1
,NCC1=CNC2=C1C(=O)NC(N)=N2
,OCC1=CC=C(O)C=C1
,OC(=O)C1=CC2=C(N1)C1=C(N=C(C=C1C(O)=O)C(O)=O)C(=O)C2=O
,CC(C)(O)C(O)C(O)=O
,CCC(O)(CC(O)=O)C(O)=O
,[H][C@]1(COP(O)(=O)OP(O)(=O)O[C@@]2([H])OC[C@]([H])(N)[C@]([H])(O)[C@@]2([H])O)O[C@@]([H])(N2C=CC(O)=NC2=O)[C@]([H])(O)[C@]1([H])O
,[H][C@@]1(O)O[C@]([H])(CO)[C@@]([H])(O[C@]2([H])O[C@]([H])(COP(O)(O)=O)[C@@]([H])(O)[C@]([H])(O)[C@@]2([H])O)[C@]([H])(O)[C@@]1([H])O
,CCCCCCCCCCCCCCCCC(O)=O
,[H]C1(O)[C@]([H])(OP(O)(O)=O)[C@@]([H])(OP(O)(O)=O)C([H])(OP(O)(O)=O)[C@@]([H])(OP(O)(O)=O)[C@]1([H])OP(O)(O)=O
,C[C@@H](O)[C@@H](N)C(O)=O
,N[C@H](CC1=CC=C(O)C=C1)C(O)=O
,Cl.CC(N)CC1=CC=C(I)C=C1
,NC1=NC(=O)N(C=C1)[C@H]1C[C@@H](O)[C@H](CO[P@@](O)(=O)O[P@](O)(=O)OP(O)(O)=O)O1
,[H]\C(CCCCCCCCCCCCCC)=C(\[H])C(O)=O
,OC(=O)C(=O)CC1=CN=CN1
,[O-]C(=O)C(=O)CC1=CNC2=C1C=CC=C2
,OC[C@H]1O[C@H](OC[C@H]2OC(O)[C@H](O)[C@@H](O)[C@@H]2O)[C@H](O)[C@@H](O)[C@@H]1O
,[NH3+]C(CC1=CN=CN1)C=O
,CC1=C(O)C2=CC=CC=C2C(O)=C1
,[H]\C(CC\C(C)=C(/[H])CC\C(C)=C(/[H])CC\C(C)=C(/[H])CC\C(C)=C(/[H])CC1=C(O)C2=CC=CC=C2C(O)=C1C)=C(\C)CCC=C(C)C
,CC(=O)N[C@H]1C(O)O[C@H](CO)[C@@H](O)[C@@H]1O
,C[C@]1(CC(O)=O)[C@H](CCC(O)=O)C2=N\C1=C/C1=C(CC(O)=O)C(CCC(O)=O)=C(CC3=C(CCC(O)=O)C(CC(O)=O)=C(CC4=C(CCC(O)=O)C(CC(O)=O)=C(C2)N4)N3)N1
,OC(=O)CS
,COC1=C(OC)C(=O)C(C\C=C(/C)CCC=C(C)C)=C(C)C1=O
,COC1=C(OC)C(=O)C(C\C=C(/C)CC\C=C(/C)CC\C=C(/C)CC\C=C(/C)CC\C=C(/C)CC\C=C(/C)CC\C=C(/C)CC\C=C(/C)CCC=C(C)C)=C(C)C1=O
,CC(=O)C(=O)[C@@H](O)CO
,[H][C@@](C)(O)CC(=O)SCCN=C(O)CCN=C(O)[C@]([H])(O)C(C)(C)COP(O)(=O)OP(O)(=O)OC[C@@]1([H])O[C@@]([H])(N2C=NC3=C(N)N=CN=C23)[C@]([H])(O)[C@]1([H])OP(O)(O)=O
,[H][C@@](C)(O)[C@]([H])(O)CC(=O)C(O)=O
,O[C@H](COP(O)(O)=O)C(O)=O
,O[C@@H](CCCC(O)=O)\C=C/C=C/C=C/[C@H](O)C\C=C/CCCCC=O
,CC(=O)NC1[C@H](O)OC(CO)[C@@H](COC[C@@H]2OC(CO)[C@@H](COC[C@@H]3OC(CO)[C@@H](O)[C@H](O)C3NC(C)=O)[C@H](O)C2NC(C)=O)[C@@H]1O
,NC(CCSCC(N)C(O)=O)C(O)=O
,OC[C@H]1OC(O[C@H]2[C@H](O)[C@@H](O)C(O[C@H]3[C@H](O)[C@@H](O)[C@@H](O)O[C@@H]3CO)O[C@@H]2CO)[C@H](O)[C@@H](O)[C@@H]1O
,CC(CC\C=C(/C)COC1OC(COC2OC(CO)C(O)C(O)C2O)C(O)C(O)C1O)C1CCC2(C)C3CC=C4C(CCC(O)C4(C)C)C3(C)C(=O)CC12C
,[H][C@@]1(O)[C@]([H])(O)[C@]([H])(O[C@@]2([H])O[C@@]([H])(CO)[C@]([H])(O[C@@]3([H])O[C@@]([H])(CO)[C@]([H])(OC)[C@]([H])(O)[C@@]3([H])O)[C@@]([H])(O)[C@@]2([H])O)[C@]([H])(CO)O[C@]1([H])OC
,[H][C@](O)(COP(O)(O)=O)COP(O)(=O)OC[C@@]([H])(COC=O)OC=O
,C\C(\C=C\C=C(/C)\C=C\C1=C(C)CCCC1(C)C)=C/C=O
,C\C(=C/CO)\C=C\C=C(/C)\C=C\C1=C(C)CCCC1(C)C
,NC1=NC2=C(NC(CNC3=CC=C(C=C3)C(=O)NC(CCC(=O)NC(CCC(O)=O)C(O)=O)C(O)=O)CN2)C(=O)N1
,N[C@@H]1[C@@H](O)[C@H](O)[C@@H](CO)O[C@@H]1OP(O)(O)=O
,OC[C@H]1O[C@@](CO)(OP(O)(O)=O)[C@@H](O)[C@@H]1O
,[H][C@](N)(CCC[C@@]([H])(N)C(O)=O)C(O)=O
,[O]O
,[Cu+]
,OC[C@@H](O[C@H]1O[C@H](COP(O)(O)=O)[C@@H](O)[C@H](O)[C@@H]1O)C(O)=O
,NC1=C(NC[C@H](O)[C@H](O)[C@H](O)CO)NC(=O)NC1=O
,[H][C@]1(COP(O)(O)=O)O[C@@]([H])(N2C=NC=C2NC(O)=O)[C@]([H])(O)[C@]1([H])O
,NCCCC[C@H](NC(=O)CC[C@@H](NC(=O)[C@H](C)NC(=O)[C@@H](C)O[C@H]1[C@H](O[C@@H]2O[C@H](CO)[C@@H](O)[C@H](O)[C@H]2NC(C)=O)[C@@H](CO)O[C@H](OP(O)(=O)OP(O)(=O)OC\C=C(\C)CC\C=C(\C)CC\C=C(\C)CC\C=C(\C)CC\C=C(\C)CC\C=C(\C)CC\C=C(\C)CC\C=C(\C)CC\C=C(/C)CC\C=C(/C)CCC=C(C)C)[C@@H]1NC(C)=O)C(O)=O)C(=O)N[C@H](C)C(=O)N[C@H](C)C(O)=O
,O[C@H]1[C@@H](O)C(NC(=N)CNC=O)O[C@@H]1COP(O)(O)=O
,OC(=O)CCCCC1CCSS1
,COC(=O)C(\CC(O)=O)=C\C(O)=O
,[H][C@@](O)(COP(O)(O)=O)[C@@]1([H])O[C@@]([H])(O)[C@@]([H])(O)[C@@]([H])(O)[C@]1([H])O
,[H][C@@](CCSC)(NC(C)=O)C(O)=O
,CC(O)=NC(CCC(=O)OP(O)(O)=O)C(O)=O
,[H][C@@](C)(C(O)=O)[C@](O)(CC(O)=O)C(O)=O
,O=C1C=CC(=O)C=C1
,O[C@H]1O[C@H](COP(O)(O)=O)[C@@H](O)[C@H](O)[C@H]1O
,[H][C@@]1(O)[C@]([H])(COP(O)(O)=O)OC(O)(CO)[C@]1([H])O
,[H][C@@](C)(O)[C@]([H])(O)[C@@]([H])(O)[C@@]([H])(O)C(O)=O
,[H][C@@](C)(O)[C@]([H])(O)[C@@]([H])(O)[C@@]([H])(O)C=O
,C[C@@H]1O[C@H](O)[C@H](O)[C@H](O)[C@H]1O
,OC(COP([O-])([O-])=O)C(O)CC(=O)C([O-])=O
,CCCCCCCCCCC[C@@H](O)CC(=O)N[C@H]1[C@H](OC[C@H]2O[C@H](OP(O)(O)=O)[C@H](NC(=O)C[C@H](O)CCCCCCCCCCC)[C@@H](OC(=O)C[C@H](O)CCCCCCCCCCC)[C@@H]2O)O[C@H](CO)[C@@H](O)[C@@H]1OC(=O)C[C@H](O)CCCCCCCCCCC
,OC[C@@]1([H])O[C@]([H])(OP(O)(=O)OP(O)(=O)OC\C([H])=C(\C)CC\C([H])=C(\C)CC\C([H])=C(\C)CC\C([H])=C(\C)CC\C([H])=C(\C)CC\C([H])=C(\C)CC\C([H])=C(\C)CC\C([H])=C(\C)CC\C([H])=C(/C)CC\C([H])=C(/C)CCC=C(C)C)[C@]([H])(N=C(C)O)[C@](O)([H])[C@@]1(O)[H]
,[Co+3].CC(CNC(=O)CCC1(C)C(CC(N)=O)C2[N-]\C1=C(C)/C1=N/C(=C\C3=N\C(=C(C)/C4=NC2(C)C(C)(CC(N)=O)C4CCC(N)=O)\C(C)(CC(N)=O)C3CCC(N)=O)/C(C)(C)C1CCC(N)=O)OP([O-])(=O)OC1C(CO)OC(C1O)N1C=NC2=C1C=C(C)C(C)=C2
,OC=N[C@@]1([H])CO[C@@]([H])(OP(O)(=O)OC\C([H])=C(\C)CC\C([H])=C(\C)CC\C([H])=C(\C)CC\C([H])=C(\C)CC\C([H])=C(\C)CC\C([H])=C(\C)CC\C([H])=C(\C)CC\C([H])=C(\C)CC\C([H])=C(/C)CC\C([H])=C(/C)CCC=C(C)C)[C@@](O)([H])[C@]1(O)[H]
,N[C@@H](CSCC(O)=O)C(O)=O
,[H]\C(NC(O)=N)=C(/C)C(=O)OO
,[H][C@]1(CCC=N1)C(O)=O
,NC(=O)NC1=NC(=O)NC1(O)C(O)=O
,OC12NC(=O)N=C1NC(=O)NC2=O
,[H][C@@]1(O)COP(O)(=O)OP(O)(=O)O[C@@]1(C)CO
,C[S@@](=O)CC[C@H](N)C(O)=O
,[H]C([H])([H])[S@](=O)C([H])([H])C([H])([H])[C@@]([H])(C([O-])=O)[N+]([H])([H])[H]
,CC(=O)[C@@H](O)COP(O)(O)=O
,CC(=O)C(O)COP(O)(O)=O
,[H]\C(N)=C(/C)C(=O)OO
,CC(C=O)C(O)=O
,[H]\C(NC(O)=N)=C(/[H])C(O)=O
,CCCCC
,[H]\C(COP(=O)(OC\C([H])=C(/C)CCC=C(C)C)OP(=O)(OC\C([H])=C(/C)CCC=C(C)C)OC\C([H])=C(/C)CCC=C(C)C)=C(\C)CCC=C(C)C
,OCC(O)COP(O)(O)=O
,O[C@H](COP(O)(O)=O)C(=O)OP(O)(O)=O
,COC1=CC(O)=C(C)C(CC=C(C)CCC=C(C)CCC=C(C)CCC=C(C)CCC=C(C)CCC=C(C)C)=C1O
,COC1=CC(O)=CC(CC=C(C)CCC=C(C)CCC=C(C)CCC=C(C)CCC=C(C)CCC=C(C)C)=C1O
,C[C@@H](NC(=O)[C@@H](C)O[C@H]1[C@H](O)[C@@H](CO)O[C@H](OP(O)(=O)OP(O)(=O)OC[C@H]2O[C@H]([C@H](O)[C@@H]2O)N2C=CC(=O)NC2=O)[C@@H]1NC(C)=O)C(=O)NC(CCC(=O)N[C@@H](CCC[C@@H](N)C(O)=O)C(O)=O)C(O)=O
,CCCCCCCC\C=C/CC(=O)SCCNC(=O)CCNC(=O)[C@H](O)C(C)(C)COP(O)(=O)OP(O)(=O)OC[C@H]1O[C@H](C(O)[C@H]1OP(O)(O)=O)N1C=NC2=C(N)N=CN=C12
,CN1[C@@H](CNC2=CC=C(C=C2)C(=O)N[C@@H](CCC(=O)N[C@@H](CCC(=O)N[C@@H](CCC(O)=O)C(O)=O)C(O)=O)C(O)=O)CNC2=C1C(=O)N=C(N)N2
,OC(=O)C=N
,O=CC\C([H])=C(\[H])CC(=O)CC(=O)SCCN=C(O)CCN=C(O)[C@@](O)([H])C(C)(C)COP(O)(=O)OP(O)(=O)OC[C@@]1([H])O[C@@]([H])(N2C=NC3=C(N)N=CN=C23)[C@@](O)([H])[C@]1([H])OP(O)(O)=O
,[H][C@](O)(C(O)=NCCC(O)=NCCSC(=O)CC12OC1([H])C=CC=C2)C(C)(C)COP(O)(=O)OP(O)(=O)OC[C@@]1([H])O[C@@]([H])(N2C=NC3=C(N)N=CN=C23)[C@]([H])(O)[C@]1([H])OP(O)(O)=O
,NC1=NC(=O)C2=C(NC[C@H](CNC3=CC=C(C=C3)C(=O)N[C@@H](CCC(=O)N[C@@H](CCC(=O)N[C@@H](CCC(O)=O)C(O)=O)C(O)=O)C(O)=O)N2)N1
,[H]C(O)(C(O)=NCCC(O)=NCCSC(=O)CC(O)(CC(O)=O)C(O)=O)C(C)(C)COP(O)(=O)OP(O)(=O)OC[C@@]1([H])O[C@@]([H])(N2C=NC3=C(N)N=CN=C23)[C@]([H])(O)[C@]1([H])OP(O)(O)=O
,O[C@H](C(C)(C)COP(=O)(O)OP(O)(=O)OC[C@H]1O[C@H]([C@H](O)[C@@H]1OP(O)(O)=O)N1C=NC2=C1N=CN=C2N)C(=O)NCCC(=O)NCCSC(=O)\C=C\CCC(O)=O
,COC(=O)CC(=O)SCCNC(=O)CCNC(=O)[C@H](O)C(C)(C)COP(O)(=O)OP(O)(=O)OC[C@H]1O[C@H]([C@H](O)[C@@H]1OP(O)(O)=O)N1C=NC2=C1N=CN=C2N
,[H][C@@](C)(CCC(O)=O)[C@@]1([H])CC[C@@]2([H])[C@]3([H])[C@]([H])(O)C[C@]4([H])C[C@]([H])(O)CC[C@]4(C)[C@@]3([H])C[C@]([H])(O)[C@]12C
,CC(C)(COP(O)(=O)OP(O)(=O)OC[C@H]1O[C@H]([C@H](O)[C@@H]1O)N1C=NC2=C1N=CN=C2N)[C@@H](O)C(=O)NCCC(=O)NCCS
,[H][C@]1(COP(O)(=O)OP(O)(=O)OC[C@@]2([H])O[C@@]([H])(N3C=C(CC[C@]3([H])O)C(O)=N)[C@]([H])(O)[C@]2([H])O)O[C@@]([H])(N2C=NC3=C(N)N=CN=C23)[C@]([H])(O)[C@]1([H])O
,COC1=CC(\C=C\C(=O)CC(=O)\C=C\C2=CC(OC)=C(O)C=C2)=CC=C1O
,[H][C@@]12COP(O)(=O)O[C@]3([H])[C@@]([H])(COP(O)(=O)O[C@@]1([H])[C@@]([H])(O)[C@@]([H])(O2)N1C=NC2=C1NC(=N)N=C2O)O[C@@]([H])(N1C=NC2=C1NC(=N)N=C2O)[C@]3([H])O
,[H][C@@](O)(COP(O)(O)=O)[C@@]([H])(O)[C@@]([H])(O)CN1C2=C(NC3=C1N=C([O-])N=C3[O-])C=C(C)C(C)=C2
,[H][C@]1(COP(O)(=O)OP(O)(=O)O[C@@]2([H])OC[C@]([H])(N=CO)[C@]([H])(O)[C@@]2([H])O)O[C@@]([H])(N2C=CC(O)=NC2=O)[C@]([H])(O)[C@]1([H])O
,OC1=CC2=C(C(O)=C1)C(=O)C(O)=C(O2)C1=CC=C(O)C(O)=C1
,OC(=O)C1=C(O)C=C(O)C=C1OC(=O)C1=CC(O)=C(O)C=C1
,CC(C)(COP(O)(O)=O)C(O)C(=O)NCCC(=O)NCCS
,[H][C@]1(O[C@](O)(C[C@H](O)[C@H]1NC(C)=O)C(O)=O)[C@H](O)[C@H](O)CO
,[H][C@]1(OC(O)(C[C@H](O)[C@H]1NC(C)=O)C(O)=O)[C@H](O)[C@H](O)CO
,[H]OC(=O)[C@]([H])(O[C@@]1([H])[C@]([H])(O[H])[C@]2([H])O[C@@]([H])(OC2([H])[H])[C@]1([H])N([H])C(=O)C([H])([H])[H])C([H])([H])[H]
,[H][C@]1(COP(O)(O)=O)O[C@@]([H])([N+]2=CC=CC(=C2)C(O)=N)[C@]([H])(O)[C@]1([H])O
,CCOP(=S)(OCC)SCSC1=C(Cl)C=CC(Cl)=C1
,[H][C@]1(O)C[C@@]([H])(O[C@]1([H])COP(O)(=O)OP(O)(=O)OP(O)(O)=O)N1C(O)=NC2=C1NC(=N)N=C2O
,[H][C@]1(O)C[C@@]([H])(O[C@]1([H])COP(O)(O)=O)N1C(O)=NC2=C1NC(=N)N=C2O
,O.O.[Mo++].OC1=NC(=N)NC2=C1NC1C(N2)OC(COP(O)(O)=O)C(S)=C1S
,[H][C@]1(CO)O[C@@]([H])(N2C=NC3=CN=CN=C23)[C@]([H])(O)[C@]1([H])O
,CCCCCCCCCCC[C@@H](O)CC(=O)N[C@H]1[C@@H](OP(O)(O)=O)O[C@H](CO)[C@@H](O)[C@@H]1OC(=O)C[C@H](O)CCCCCCCCCCC
,OC[C@@H](O)[C@@H](O)[C@H](O)C=O
,CC(C)=CCC\C(CC(O)=O)=C/C(=O)SCCNC(=O)CCNC(=O)[C@H](O)C(C)(C)COP(O)(=O)OP(O)(=O)OC[C@H]1O[C@H]([C@H](O)[C@@H]1OP(O)(O)=O)N1C=NC2=C1N=CN=C2N
,[Co++].[H]C1([CH2])OC([H])(N2C=NC3=C(N)N=CN=C23)C([H])(O)C1([H])O.[H]C1(CCC(O)=O)\C2=C\C3=N\C(=C(C)\C4=NC([H])(C([H])(CC(O)=O)C4(C)CCC(O)=O)C4(C)N\C(=C(C)/C(=N2)C1(C)CC([NH-])=O)C([H])(CCC(O)=O)C4(C)CC(O)=N)\C([H])(CCC(O)=O)C3(C)C
,C\C=C(/N)C(O)=O
,BrCCBr
,C[N+](C)(C)[C@@H](CC1=CNC(S)=N1)C(O)=O
,CC(C)=CCC\C(C)=C\CC1=CC(=CC=C1O)C(O)=O
,COC1=CC(=O)C(C)=C(C\C=C(/C)CCC=C(C)C)C1=O
,[H][C@@](O)(CCCCCCCCCCC)CC(=O)O[C@@]1([H])[C@]([H])(O)[C@@]([H])(CO[C@]2([H])O[C@]([H])(CO[C@@]3(C[C@@]([H])(O[C@@]4(C[C@@]([H])(O)[C@@]([H])(O)[C@]([H])(O4)[C@]([H])(O)CO)C(O)=O)[C@@]([H])(O)[C@]([H])(O3)[C@]([H])(O)CO)C(O)=O)[C@@]([H])(OP(O)(O)=O)[C@]([H])(OC(=O)C[C@]([H])(O)CCCCCCCCCCC)[C@@]2([H])N=C(O)C[C@@]([H])(CCCCCCCCCCC)OC(=O)CCCCCCCCCCC)O[C@]([H])(OP(O)(O)=O)[C@]1([H])N=C(O)C[C@]([H])(O)CCCCCCCCCCC
,NCC(=O)COP(O)(O)=O
,O.O.[Mo++].[H]C1(COP(O)([O-])=O)OC2([H])NC3=C(NC2([H])C(S)=C1S)C([O-])=NC(=N)N3
,OC1CC(N=C(C1)C([O-])=O)C([O-])=O
,[Co++].[H]C1(CCC(O)=O)\C2=C\C3=N\C(=C(C)\C4=NC([H])(C([H])(CC(O)=O)C4(C)CCC(O)=O)C4(C)N\C(=C(C)/C(=N2)C1(C)CC([NH-])=O)C([H])(CCC(O)=O)C4(C)CC(O)=N)\C([H])(CCC(O)=O)C3(C)C
,N[C@@H](C[C@@H](O)C(O)=O)C(O)=O
,OC\C=C\Cl
,CN1CC(=O)NC1=O
,O[Se](O)(=O)=O
,O[C@H]1[C@H](O)[C@@H](COP(O)(O)=O)O[C@H](OP(O)(O)=O)[C@H]1O
,C[C@H](C(=O)C(O)=O)C1=CC=CC=C1
,[H][C@](C)(O)[C@]([H])(N=C(O)OP(O)(=O)OC[C@@]1([H])O[C@@]([H])(N2C=NC3=C(N)N=CN=C23)[C@]([H])(O)[C@]1([H])O)C(O)=O
,[Co++].[H]C1([CH2])OC([H])(N2C=NC3=C(N)N=CN=C23)C([H])(O)C1([H])O.[H]C1(CCC([NH-])=O)\C2=C\C3=N\C(=C(C)\C4=NC([H])(C([H])(CC(O)=N)C4(C)CCC(O)=O)C4(C)N\C(=C(C)/C(=N2)C1(C)CC(O)=N)C([H])(CCC(O)=N)C4(C)CC(O)=N)\C([H])(CCC(O)=N)C3(C)C
,[H]P(O)(=O)CC[C@H](N)C(O)=O
,CN(CC(O)=O)C(O)=N
,OC(=O)C1=CN=C(O)C=C1
,OC[C@@H](O)[C@H]1O[C@H](OP(O)(O)=O)[C@@H](O)[C@@H](O)[C@@H]1O
,OC[C@H](O)[C@@H](O)[C@H](O)[C@H](O)C(O)=O
,CC(C)=CCC\C(C)=C\CC1=C(O)C=CC=C1
,OCC(=O)C(O)C(O)C(O)C([O-])=O
,CC(C)=CCC\C(C)=C\CC1=C(O)C2=CC=CC=C2C(O)=C1
,CC1=N[C@H](S\C1=C/COP(O)(O)=O)C(O)=O
,OC[C@H]1O[C@H](C[C@@H]1O)N1C=NC2=C1N=CN=C2
,OP(O)(=O)OP(O)(=O)OP(O)(O)=O
,OC1=CC=CC=C1
,O[C@@H]1[C@@H](O)[C@H](O[C@@H]2[C@@H](O)[C@H](O)[C@H](O[C@H]2OC2=CC(O)=C3C(=O)C=C(OC3=C2)C2=CC(O)=C(O[C@@H]3O[C@@H]([C@@H](O)[C@H](O)[C@H]3O)C(O)=O)C=C2)C(O)=O)O[C@@H]([C@H]1O)C(O)=O
,[H][C@](O)(CO)[C@@]([H])(O)[C@]([H])(O)C(=O)C(O)=O
,CC(=O)N[C@@H](CCP(C)(O)=O)C(O)=O
,OC[C@H](O)[C@@H](O)[C@H](O)[C@H](O)COP(O)(O)=O
,N[C@@H](CC1=CC(O)=C(O)C=C1)C(O)=O
,O[C@@H]1[C@@H](COP(O)(O)=O)O[C@@H]2OP(O)(=O)O[C@H]12
,OCC1=CC=CC=C1
,C
,CCCCCCCCCCC[C@@H](O)CC(=O)N[C@H]1[C@@H](OP(O)(=O)O[C@H]2OC[C@H](N)[C@H](O)[C@H]2O)O[C@H](CO[C@@H]2O[C@H](CO)[C@@H](OP(O)(O)=O)[C@H](OC(=O)C[C@H](O)CCCCCCCCCCC)[C@H]2NC(=O)C[C@H](O)CCCCCCCCCCC)[C@@H](O)[C@@H]1OC(=O)C[C@H](O)CCCCCCCCCCC
,CP(O)(=O)O[C@H]1O[C@H](COP(O)(=O)OP(O)(=O)OP(O)(O)=O)[C@@H](O)[C@H]1O
,CP(O)(=O)O[C@H]1O[C@H](COP(O)(O)=O)[C@@H](O)[C@H]1O
,CN(C)CC(O)=O
,CC(C)[C@@H]1CC[C@@H](C)C[C@@H]1O
,CCCCC[C@H](O)\C=C\[C@H]1[C@H](O)CC(=O)[C@@H]1C\C=C/CCCC(O)=O
,OC1=CC(O)=C2C(=O)C(OS(O)(=O)=O)=C(OC2=C1)C1=CC=C(O)C(O)=C1
,OC(C#N)C1=CC=C(O)C=C1
,OC[C@H](O)CC(=O)C(O)=O
,O[C@@H]1CC(=O)C2=C(C1)C=C(O)C=C2O
,NC1=C2N=CN([C@@H]3O[C@H](COP(O)(=O)O[C@@H]4[C@@H](COP(O)(=O)O[C@@H]5[C@@H](CO)O[C@H]([C@@H]5O)N5C=NC6=C(N)N=CN=C56)O[C@H]([C@@H]4O)N4C=NC5=C(N)N=CN=C45)[C@@H](O)[C@H]3O)C2=NC=N1
,COC1=CC(\C=C/C(=O)OCC[N+](C)(C)C)=CC(OC)=C1O
,CC(=C)[C@@H]1CC=C(C)[C@@H](O)C1
,OC1=CC=C(C=C1)C1=CN2C(=O)C(CC3=CC=CC=C3)=NC2=C(CC2=CC=CC=C2)N1
,NC(CC1=CNC2=C1C=C(O)C=C2)C(O)=O
,OC1CCCCC1=O
,N[C@H]1[C@H](O)[C@@H](O)[C@H](O)[C@@H](O)[C@@H]1O
,CC(=O)N[C@H]1[C@H](N)O[C@H](CO)[C@@H](O)[C@@H]1O
,COC1=CC2=C(C(O)=C1)C(=O)C(OC)=C(O2)C1=CC(O)=C(O)C=C1
,COC1=CC=CC=C1
,[H][C@](N)(CC1=CC=C(OC)C=C1)C(=O)N[C@]1([H])[C@@]([H])(CO)O[C@@]([H])(N2C=NC3=C(N=CN=C23)N(C)C)[C@]1([H])O
,O[C@@H]1CO[C@@H](O[C@@H]2COC(O)[C@H](O)[C@H]2O)[C@H](O)[C@H]1O
,CCN(=O)=O
,C[N+](C)(C)C[C@H](O)CC([O-])=O
,CC(C)(COP(O)(=O)OP(O)(=O)OC[C@H]1O[C@H]([C@H](O)[C@@H]1OP(O)(O)=O)N1C=NC2=C1N=CN=C2N)[C@@H](O)C(=O)NCCC(=O)NCCSC(=O)CCC[N+](C)(C)C
,C[C@H]1O[C@H](OP(O)(=O)OP(O)(=O)OC[C@H]2O[C@H](C[C@@H]2O)N2C=C(C)C(=O)NC2=O)[C@H](O)[C@@H](O)[C@H]1NC(C)=O
,OS(=O)(=O)OC1=CC=CC=C1
,OC(CS(O)(=O)=O)C=O
,O[C@H]1[C@H](O)C(O)(COP(O)(O)=O)O[C@@H]1CS(O)(=O)=O
,OC1O[C@H](CS(O)(=O)=O)[C@@H](O)[C@H](O)[C@H]1O
,OCC1(O)O[C@H](CS(O)(=O)=O)[C@@H](O)[C@@H]1O
,CCC(=N)C([O-])=O
,NCN
,CC(=O)NCN
,CC(=N)C([O-])=O
,CCCCCCCCCCCCCC(=O)O[C@H](CCCCCCCCCCC)CC(=O)O[C@@H]1[C@@H](NC(=O)C[C@@H](CCCCCCCCCCC)OC(=O)CCCCCCCCCCC)[C@H](OC[C@H]2O[C@H](OP(O)(O)=O)[C@H](NC(=O)C[C@H](O)CCCCCCCCCCC)[C@@H](OC(=O)C[C@H](O)CCCCCCCCCCC)[C@@H]2O)O[C@H](CO[C@@]2(C[C@@H](O[C@@]3(C[C@@H](O)[C@@H](O)[C@H](O3)[C@H](O)CO)C(O)=O)[C@@H](O)[C@H](O2)[C@H](O)CO)C(O)=O)[C@H]1OP(O)(=O)O[C@H]1OC[C@H](N)[C@H](O)[C@H]1O
,CCCCCCCCCCC[C@@H](O)CC(=O)N[C@H]1[C@@H](OP(O)(O)=O)O[C@H](CO[C@@H]2O[C@H](CO[C@@]3(C[C@@H](O[C@@]4(C[C@@H](O)[C@@H](O)[C@H](O4)[C@H](O)CO)C(O)=O)[C@@H](O)[C@H](O3)[C@H](O)CO)C(O)=O)[C@@H](OP(O)(O)=O)[C@H](OC(=O)C[C@H](O)CCCCCCCCCCC)[C@H]2NC(=O)C[C@@H](CCCCCCCCCCC)OC(=O)CCCCCCC\C=C/CCCCCC)[C@@H](O)[C@@H]1OC(=O)C[C@H](O)CCCCCCCCCCC
,[O-][As]([O-])([O-])=O
,C[C@@H]1O[C@H](O)[C@@H](O)[C@H](O)[C@@H]1O
,NCC(N)C(O)=O
,[H][C@]1(COP(O)(=O)OP(O)(=O)OC[C@@]2([H])O[C@@]([H])(N3C=NC4=C(N)N=CN=C34)[C@]([H])(OP(O)(O)=O)[C@]2([H])O)O[C@@]([H])(N2C=C(CC[C@]2([H])O)C(O)=N)[C@]([H])(O)[C@]1([H])O
,OC[C@H]1O[C@H]([C@H](O)[C@@H]1O)[N+]1=CN=CC=C1
,O[C]1C=CC(=O)C=C1
,CC(C)=CCC\C(C)=C\CC\C(C)=C\CC\C(C)=C/CC\C(C)=C/CC\C(C)=C/CC\C(C)=C/CC\C(C)=C/CC\C(C)=C/CC\C(C)=C/CC\C(C)=C/COP(O)(=O)OP(O)(=O)O[C@H]1O[C@H](CO)[C@@H](O)[C@H](O)[C@H]1O
,N[C@@H](C\C(=C\C=O)\C=C(\O)C(O)=O)C(O)=O
,OC(=O)OP(O)(O)=O
