sid	smiles	kingdom	superclass	class	subclass	direct_parent	geometric_descriptor	alternative parents	substituents
None	O	Organic compounds	Organic oxygen compounds	Organic oxides	Organic oxides	Organic oxides	Acyclic compounds		Organic oxide;Acyclic compound
None	NC1=NC=NC2=C1N=CN2[C@@H]1O[C@H](COP(O)(=O)OP(O)(=O)OP(O)(O)=O)[C@@H](O)[C@H]1O	Organic compounds	Nucleosides, nucleotides, and analogues	Purine nucleotides	Purine ribonucleotides	Purine ribonucleoside triphosphates	Aromatic heteropolycyclic compounds	1,2-diols;Azacyclic compounds;Heteroaromatic compounds;Hydrocarbon derivatives;Imidazoles;Imidolactams;Monoalkyl phosphates;Monosaccharides;N-substituted imidazoles;Organic oxides;Organopnictogen compounds;Oxacyclic compounds;Pentose phosphates;Primary amines;Purine ribonucleoside monophosphates;Purines and purine derivatives;Pyrimidines and pyrimidine derivatives;Secondary alcohols;Tetrahydrofurans	Pentose phosphate;Purine ribonucleoside monophosphate;Monosaccharide;Pentose-5-phosphate;Imidazopyrimidine;Pyrimidine;Saccharide;Organic oxide;Aromatic heteropolycyclic compound;Imidazole;Organonitrogen compound;Organopnictogen compound;Imidolactam;Purine ribonucleoside triphosphate;Organoheterocyclic compound;Azole;1,2-diol;N-substituted imidazole;Alcohol;Azacycle;Tetrahydrofuran;Heteroaromatic compound;Oxacycle;Organic oxygen compound;Phosphoric acid ester;Monoalkyl phosphate;Secondary alcohol;Hydrocarbon derivative;Purine;Primary amine;Organic nitrogen compound;Organic phosphoric acid derivative;Amine;Alkyl phosphate;Organooxygen compound
None	NC(=O)C1=C[N+](=CC=C1)[C@@H]1O[C@H](COP([O-])(=O)OP(O)(=O)OC[C@H]2O[C@H]([C@H](O)[C@@H]2O)N2C=NC3=C2N=CN=C3N)[C@@H](O)[C@H]1O	Organic compounds	Nucleosides, nucleotides, and analogues	Pyridine nucleotides	Pyridine nucleotides	Pyridine nucleotides	Aromatic heteropolycyclic compounds	Amino acids and derivatives;Azacyclic compounds;Carboxylic acids and derivatives;Heteroaromatic compounds;Hydrocarbon derivatives;Hydroxypyridines;Imidazoles;Imidolactams;Monoalkyl phosphates;Monosaccharides;N-substituted imidazoles;Nicotinamides;Organic oxides;Organic pyrophosphates;Organopnictogen compounds;Oxacyclic compounds;Pentose phosphates;Primary amines;Primary carboxylic acid amides;Purine ribonucleoside diphosphates;Purine ribonucleoside monophosphates;Purines and purine derivatives;Pyridinecarboxylic acids and derivatives;Pyrimidines and pyrimidine derivatives;Secondary alcohols;Tetrahydrofurans;Vinylogous amides	Primary carboxylic acid amide;Pyridine carboxylic acid or derivatives;Pentose phosphate;Amino acid or derivatives;Purine ribonucleoside monophosphate;Nicotinamide;Monosaccharide;Pentose-5-phosphate;Imidazopyrimidine;Carboxylic acid derivative;Pyrimidine;Saccharide;Organic oxide;Purine ribonucleoside diphosphate;Aromatic heteropolycyclic compound;Imidazole;Organonitrogen compound;Organopnictogen compound;Imidolactam;Organoheterocyclic compound;Azole;N-substituted imidazole;Pyridine nucleotide;Alcohol;Vinylogous amide;Azacycle;Tetrahydrofuran;Heteroaromatic compound;Hydroxypyridine;Carboxamide group;Organic pyrophosphate;Oxacycle;Pyridine;Organic oxygen compound;Phosphoric acid ester;Monoalkyl phosphate;Secondary alcohol;Hydrocarbon derivative;Purine;Primary amine;Organic nitrogen compound;Organic phosphoric acid derivative;Amine;Alkyl phosphate;Organooxygen compound
None	NC(=O)C1=CN(C=CC1)[C@@H]1O[C@H](COP(O)(=O)OP(O)(=O)OC[C@H]2O[C@H]([C@H](O)[C@@H]2O)N2C=NC3=C2N=CN=C3N)[C@@H](O)[C@H]1O	Organic compounds	Nucleosides, nucleotides, and analogues	Pyridine nucleotides	Nicotinamide nucleotides	Nicotinamide nucleotides	Aromatic heteropolycyclic compounds	Amino acids and derivatives;Azacyclic compounds;Carbonyl compounds;Carboxylic acids and derivatives;Dihydropyridines;Enamines;Heteroaromatic compounds;Hydrocarbon derivatives;Imidazoles;Imidolactams;Monoalkyl phosphates;Monosaccharides;N-substituted imidazoles;N-substituted nicotinamides;Organic oxides;Organic pyrophosphates;Organopnictogen compounds;Oxacyclic compounds;Pentose phosphates;Primary amines;Primary carboxylic acid amides;Purine ribonucleoside diphosphates;Purine ribonucleoside monophosphates;Purines and purine derivatives;Pyrimidines and pyrimidine derivatives;Secondary alcohols;Tetrahydrofurans;Vinylogous amides	Primary carboxylic acid amide;Carbonyl group;Pentose phosphate;Amino acid or derivatives;Purine ribonucleoside monophosphate;Nicotinamide;Monosaccharide;Pentose-5-phosphate;Nicotinamide-nucleotide;Imidazopyrimidine;Carboxylic acid derivative;Pyrimidine;Saccharide;Organic oxide;Purine ribonucleoside diphosphate;Aromatic heteropolycyclic compound;Imidazole;Organonitrogen compound;Organopnictogen compound;Dihydropyridine;Imidolactam;Organoheterocyclic compound;Azole;N-substituted imidazole;Alcohol;Vinylogous amide;Azacycle;Tetrahydrofuran;Heteroaromatic compound;Carboxamide group;Organic pyrophosphate;N-substituted nicotinamide;Oxacycle;Organic oxygen compound;Phosphoric acid ester;Monoalkyl phosphate;Secondary alcohol;Hydrocarbon derivative;Purine;Primary amine;Organic nitrogen compound;Organic phosphoric acid derivative;Amine;Alkyl phosphate;Organooxygen compound;Enamine
None	NC(=O)C1=CN(C=CC1)[C@@H]1O[C@H](COP(O)(=O)OP(O)(=O)OC[C@H]2O[C@H]([C@H](OP(O)(O)=O)[C@@H]2O)N2C=NC3=C2N=CN=C3N)[C@@H](O)[C@H]1O	Organic compounds	Nucleosides, nucleotides, and analogues	Purine nucleotides	Purine ribonucleotides	Purine ribonucleoside diphosphates	Aromatic heteropolycyclic compounds	Amino acids and derivatives;Azacyclic compounds;Carbonyl compounds;Carboxylic acids and derivatives;Dihydropyridines;Enamines;Heteroaromatic compounds;Hydrocarbon derivatives;Imidazoles;Imidolactams;Monoalkyl phosphates;Monosaccharides;N-substituted imidazoles;N-substituted nicotinamides;Nicotinamide nucleotides;Organic oxides;Organic pyrophosphates;Organopnictogen compounds;Oxacyclic compounds;Pentose phosphates;Primary amines;Primary carboxylic acid amides;Purine ribonucleoside 2',5'-bisphosphates;Purines and purine derivatives;Pyrimidines and pyrimidine derivatives;Secondary alcohols;Tetrahydrofurans;Vinylogous amides	Primary carboxylic acid amide;Carbonyl group;Pentose phosphate;Amino acid or derivatives;Nicotinamide;Monosaccharide;Pentose-5-phosphate;Nicotinamide-nucleotide;Imidazopyrimidine;Carboxylic acid derivative;Pyrimidine;Saccharide;Organic oxide;Purine ribonucleoside diphosphate;Aromatic heteropolycyclic compound;Imidazole;Purine ribonucleoside 2',5'-bisphosphate;Organonitrogen compound;Organopnictogen compound;Dihydropyridine;Imidolactam;Organoheterocyclic compound;Azole;N-substituted imidazole;Alcohol;Vinylogous amide;Azacycle;Tetrahydrofuran;Heteroaromatic compound;Carboxamide group;Organic pyrophosphate;N-substituted nicotinamide;Oxacycle;Organic oxygen compound;Phosphoric acid ester;Monoalkyl phosphate;Secondary alcohol;Hydrocarbon derivative;Purine;Primary amine;Organic nitrogen compound;Organic phosphoric acid derivative;Amine;Alkyl phosphate;Organooxygen compound;Enamine
None	NC(=O)C1=C[N+](=CC=C1)[C@@H]1O[C@H](COP([O-])(=O)OP(O)(=O)OC[C@H]2O[C@H]([C@H](OP(O)(O)=O)[C@@H]2O)N2C=NC3=C2N=CN=C3N)[C@@H](O)[C@H]1O	Organic compounds	Nucleosides, nucleotides, and analogues	Pyridine nucleotides	Pyridine nucleotides	Pyridine nucleotides	Aromatic heteropolycyclic compounds	Amino acids and derivatives;Azacyclic compounds;Carboxylic acids and derivatives;Heteroaromatic compounds;Hydrocarbon derivatives;Hydroxypyridines;Imidazoles;Imidolactams;Monoalkyl phosphates;Monosaccharides;N-substituted imidazoles;Nicotinamides;Organic oxides;Organic pyrophosphates;Organopnictogen compounds;Oxacyclic compounds;Pentose phosphates;Primary amines;Primary carboxylic acid amides;Purine ribonucleoside 2',5'-bisphosphates;Purine ribonucleoside diphosphates;Purines and purine derivatives;Pyridinecarboxylic acids and derivatives;Pyrimidines and pyrimidine derivatives;Secondary alcohols;Tetrahydrofurans;Vinylogous amides	Primary carboxylic acid amide;Pyridine carboxylic acid or derivatives;Pentose phosphate;Amino acid or derivatives;Nicotinamide;Monosaccharide;Pentose-5-phosphate;Imidazopyrimidine;Carboxylic acid derivative;Pyrimidine;Saccharide;Organic oxide;Purine ribonucleoside diphosphate;Aromatic heteropolycyclic compound;Imidazole;Purine ribonucleoside 2',5'-bisphosphate;Organonitrogen compound;Organopnictogen compound;Imidolactam;Organoheterocyclic compound;Azole;N-substituted imidazole;Pyridine nucleotide;Alcohol;Vinylogous amide;Azacycle;Tetrahydrofuran;Heteroaromatic compound;Hydroxypyridine;Carboxamide group;Organic pyrophosphate;Oxacycle;Pyridine;Organic oxygen compound;Phosphoric acid ester;Monoalkyl phosphate;Secondary alcohol;Hydrocarbon derivative;Purine;Primary amine;Organic nitrogen compound;Organic phosphoric acid derivative;Amine;Alkyl phosphate;Organooxygen compound
None	O=O	Organic compounds	Organic oxygen compounds	Organic oxides	Organic oxides	Organic oxides	Acyclic compounds		Organic oxide;Acyclic compound
None	NC1=NC=NC2=C1N=CN2[C@@H]1O[C@H](COP(O)(=O)OP(O)(O)=O)[C@@H](O)[C@H]1O	Organic compounds	Nucleosides, nucleotides, and analogues	Purine nucleotides	Purine ribonucleotides	Purine ribonucleoside diphosphates	Aromatic heteropolycyclic compounds	1,2-diols;Azacyclic compounds;Heteroaromatic compounds;Hydrocarbon derivatives;Imidazoles;Imidolactams;Monoalkyl phosphates;Monosaccharides;N-substituted imidazoles;Organic oxides;Organic pyrophosphates;Organopnictogen compounds;Oxacyclic compounds;Pentose phosphates;Primary amines;Purine ribonucleoside monophosphates;Purines and purine derivatives;Pyrimidines and pyrimidine derivatives;Secondary alcohols;Tetrahydrofurans	Pentose phosphate;Purine ribonucleoside monophosphate;Monosaccharide;Pentose-5-phosphate;Imidazopyrimidine;Pyrimidine;Saccharide;Organic oxide;Purine ribonucleoside diphosphate;Aromatic heteropolycyclic compound;Imidazole;Organonitrogen compound;Organopnictogen compound;Imidolactam;Organoheterocyclic compound;Azole;1,2-diol;N-substituted imidazole;Alcohol;Azacycle;Tetrahydrofuran;Heteroaromatic compound;Organic pyrophosphate;Oxacycle;Organic oxygen compound;Phosphoric acid ester;Monoalkyl phosphate;Secondary alcohol;Hydrocarbon derivative;Purine;Primary amine;Organic nitrogen compound;Organic phosphoric acid derivative;Amine;Alkyl phosphate;Organooxygen compound
None	OP(O)(O)=O	Organic compounds	Organic acids and derivatives	Organic phosphoric acids and derivatives	Organic phosphoric acids and derivatives	Organic phosphoric acids and derivatives	Acyclic compounds	Organic oxides	Organic oxide;Organic oxygen compound;Acyclic compound;Organic phosphoric acid derivative
None	CC(C)(COP(O)(=O)OP(O)(=O)OC[C@H]1O[C@H]([C@H](O)[C@@H]1OP(O)(O)=O)N1C=NC2=C1N=CN=C2N)[C@@H](O)C(=O)NCCC(=O)NCCS	Organic compounds	Nucleosides, nucleotides, and analogues	Purine nucleotides	Purine ribonucleotides	Coenzyme A and derivatives	Aromatic heteropolycyclic compounds	Alkylthiols;Azacyclic compounds;Beta amino acids and derivatives;Carbonyl compounds;Carboxylic acids and derivatives;Heteroaromatic compounds;Hydrocarbon derivatives;Imidazoles;Imidolactams;Monoalkyl phosphates;Monosaccharides;N-acyl amines;N-substituted imidazoles;Organic oxides;Organic pyrophosphates;Organopnictogen compounds;Organosulfur compounds;Oxacyclic compounds;Pentose phosphates;Primary amines;Purine ribonucleoside diphosphates;Purines and purine derivatives;Pyrimidines and pyrimidine derivatives;Ribonucleoside 3'-phosphates;Secondary alcohols;Secondary carboxylic acid amides;Tetrahydrofurans	Amino acid or derivatives;Monosaccharide;Pentose-5-phosphate;Imidazopyrimidine;Saccharide;Purine ribonucleoside diphosphate;Organonitrogen compound;Organoheterocyclic compound;Alcohol;Azacycle;Heteroaromatic compound;Organic pyrophosphate;Secondary carboxylic acid amide;Monoalkyl phosphate;Hydrocarbon derivative;Primary amine;Amine;Alkylthiol;Fatty acyl;Coenzyme a or derivatives;Carbonyl group;Pentose phosphate;Fatty amide;Organosulfur compound;Carboxylic acid derivative;Pyrimidine;Organic oxide;Aromatic heteropolycyclic compound;Imidazole;Organopnictogen compound;Imidolactam;Azole;N-substituted imidazole;Ribonucleoside 3'-phosphate;Tetrahydrofuran;Carboxamide group;N-acyl-amine;Beta amino acid or derivatives;Oxacycle;Organic oxygen compound;Phosphoric acid ester;Secondary alcohol;Purine;Organic nitrogen compound;Organic phosphoric acid derivative;Alkyl phosphate;Organooxygen compound
None	O=C=O	Organic compounds	Organic oxygen compounds	Organooxygen compounds	Organooxygen compounds	Organooxygen compounds	Aliphatic acyclic compounds	Hydrocarbon derivatives;Organic oxides	Aliphatic acyclic compound;Organic oxide;Hydrocarbon derivative;Organooxygen compound
None	OP(O)(=O)OP(O)(O)=O	Organic compounds	Organic oxygen compounds	Organic oxoanionic compounds	Organic pyrophosphates	Organic pyrophosphates	Acyclic compounds	Organic oxides;Organic phosphoric acids and derivatives	Organic oxide;Acyclic compound;Organic phosphoric acid derivative;Organic pyrophosphate
None	N	Organic compounds	Organic nitrogen compounds		Organic nitrogen compounds	Organic nitrogen compounds	Acyclic compounds		Acyclic compound;Organic nitrogen compound
None	O[C@H]1[C@@H](O)[C@@H](O[C@@H]1COP(O)(=O)OP(O)(O)=O)N1C=CC(=O)NC1=O	Organic compounds	Nucleosides, nucleotides, and analogues	Pyrimidine nucleotides	Pyrimidine ribonucleotides	Pyrimidine ribonucleoside diphosphates	Aromatic heteromonocyclic compounds	1,2-diols;Azacyclic compounds;Heteroaromatic compounds;Hydrocarbon derivatives;Lactams;Monoalkyl phosphates;Monosaccharides;Organic carbonic acids and derivatives;Organic oxides;Organic pyrophosphates;Organonitrogen compounds;Organopnictogen compounds;Oxacyclic compounds;Pentose phosphates;Pyrimidones;Secondary alcohols;Tetrahydrofurans;Vinylogous amides	Lactam;Aromatic heteromonocyclic compound;Pentose phosphate;Monosaccharide;Pentose-5-phosphate;Pyrimidone;Pyrimidine;Saccharide;Organic oxide;Organonitrogen compound;Organopnictogen compound;Organoheterocyclic compound;1,2-diol;Alcohol;Vinylogous amide;Carbonic acid derivative;Azacycle;Tetrahydrofuran;Heteroaromatic compound;Organic pyrophosphate;Oxacycle;Pyrimidine ribonucleoside diphosphate;Organic oxygen compound;Phosphoric acid ester;Monoalkyl phosphate;Secondary alcohol;Hydrocarbon derivative;Organic nitrogen compound;Organic phosphoric acid derivative;Alkyl phosphate;Organooxygen compound
None	CC1=CC2=C(C=C1C)N(C[C@H](O)[C@H](O)[C@H](O)COP(O)(=O)OP(O)(=O)OC[C@H]1O[C@H]([C@H](O)[C@@H]1O)N1C=NC3=C1N=CN=C3N)C1=NC(=O)NC(=O)C1=N2	Organic compounds	Nucleosides, nucleotides, and analogues	Flavin nucleotides	Flavin nucleotides	Flavin nucleotides	Aromatic heteropolycyclic compounds	Azacyclic compounds;Benzenoids;Diazanaphthalenes;Flavins;Heteroaromatic compounds;Hydrocarbon derivatives;Imidazoles;Imidolactams;Lactams;Monoalkyl phosphates;Monosaccharides;N-substituted imidazoles;Organic carbonic acids and derivatives;Organic oxides;Organic pyrophosphates;Organopnictogen compounds;Oxacyclic compounds;Pentose phosphates;Primary amines;Purine ribonucleoside diphosphates;Purine ribonucleoside monophosphates;Purines and purine derivatives;Pyrazines;Pyrimidones;Quinoxalines;Secondary alcohols;Tetrahydrofurans	Lactam;Pentose phosphate;Purine ribonucleoside monophosphate;Monosaccharide;Pentose-5-phosphate;Pyrimidone;Imidazopyrimidine;Pteridine;Isoalloxazine;Flavin;Pyrimidine;Saccharide;Organic oxide;Purine ribonucleoside diphosphate;Diazanaphthalene;Aromatic heteropolycyclic compound;Imidazole;Organonitrogen compound;Organopnictogen compound;Imidolactam;Organoheterocyclic compound;Azole;N-substituted imidazole;Alcohol;Quinoxaline;Carbonic acid derivative;Azacycle;Flavin nucleotide;Tetrahydrofuran;Heteroaromatic compound;Organic pyrophosphate;Oxacycle;Organic oxygen compound;Phosphoric acid ester;Monoalkyl phosphate;Pyrazine;Secondary alcohol;Hydrocarbon derivative;Purine;Benzenoid;Primary amine;Organic nitrogen compound;Organic phosphoric acid derivative;Amine;Alkyl phosphate;Organooxygen compound
None	CC1=NC=C(COP(O)(O)=O)C(C=O)=C1O	Organic compounds	Organoheterocyclic compounds	Pyridines and derivatives	Pyridine carboxaldehydes	Pyridoxals and derivatives	Aromatic heteromonocyclic compounds	2-halopyridines;Aryl-aldehydes;Azacyclic compounds;Heteroaromatic compounds;Hydrocarbon derivatives;Hydroxypyridines;Monoalkyl phosphates;Organic oxides;Organonitrogen compounds;Organooxygen compounds;Organopnictogen compounds;Polyhalopyridines;Pyridinecarboxylic acids and derivatives;Vinylogous acids	Pyridine carboxylic acid or derivatives;Aromatic heteromonocyclic compound;Polyhalopyridine;Organic oxide;Aryl-aldehyde;Organonitrogen compound;Organopnictogen compound;2-halopyridine;Pyridoxal;Azacycle;Heteroaromatic compound;Hydroxypyridine;Aldehyde;Vinylogous acid;Organic oxygen compound;Phosphoric acid ester;Monoalkyl phosphate;Hydrocarbon derivative;Organic nitrogen compound;Organic phosphoric acid derivative;Alkyl phosphate;Organooxygen compound
None	C[S+](CC[C@H](N)C(O)=O)C[C@H]1O[C@H]([C@H](O)[C@@H]1O)N1C=NC2=C1N=CN=C2N	Organic compounds	Nucleosides, nucleotides, and analogues	5'-deoxyribonucleosides	5'-deoxy-5'-thionucleosides	5'-deoxy-5'-thionucleosides	Aromatic heteropolycyclic compounds	1,2-diols;Alpha amino acids;Amino acids;Azacyclic compounds;Carbonyl compounds;Carboxylic acids;Fatty Acyls;Heteroaromatic compounds;Hydrocarbon derivatives;Hydroxy fatty acids;Imidazoles;Imidolactams;Methionine and derivatives;Monoalkylamines;Monocarboxylic acids and derivatives;Monosaccharides;N-substituted imidazoles;Organic cations;Organic oxides;Organic sulfonium compounds;Organopnictogen compounds;Oxacyclic compounds;Purines and purine derivatives;Pyrimidines and pyrimidine derivatives;Secondary alcohols;Tetrahydrofurans;Thia fatty acids	Fatty acyl;Carbonyl group;Carboxylic acid;Amino acid or derivatives;Amino acid;Monosaccharide;Alpha-amino acid or derivatives;Imidazopyrimidine;Organosulfur compound;Carboxylic acid derivative;Pyrimidine;Saccharide;Organic oxide;Aromatic heteropolycyclic compound;Imidazole;Organonitrogen compound;Alpha-amino acid;Organopnictogen compound;Hydroxy fatty acid;Organic cation;Imidolactam;Organoheterocyclic compound;Azole;1,2-diol;N-substituted imidazole;Alcohol;Azacycle;Tetrahydrofuran;5'-deoxy-5'-thionucleoside;Heteroaromatic compound;Oxacycle;Monocarboxylic acid or derivatives;Thia fatty acid;Organic oxygen compound;Organic_Sulfonium;Methionine or derivatives;Secondary alcohol;Hydrocarbon derivative;Primary aliphatic amine;Primary amine;Purine;Organic nitrogen compound;Amine;Organooxygen compound
None	NC1=C2N=CN([C@@H]3O[C@H](COP(O)(O)=O)[C@@H](O)[C@H]3O)C2=NC=N1	Organic compounds	Nucleosides, nucleotides, and analogues	Purine nucleotides	Purine ribonucleotides	Purine ribonucleoside monophosphates	Aromatic heteropolycyclic compounds	1,2-diols;Azacyclic compounds;Heteroaromatic compounds;Hydrocarbon derivatives;Imidazoles;Imidolactams;Monoalkyl phosphates;Monosaccharides;N-substituted imidazoles;Organic oxides;Organopnictogen compounds;Oxacyclic compounds;Pentose phosphates;Primary amines;Purines and purine derivatives;Pyrimidines and pyrimidine derivatives;Secondary alcohols;Tetrahydrofurans	Pentose phosphate;Purine ribonucleoside monophosphate;Monosaccharide;Pentose-5-phosphate;Imidazopyrimidine;Pyrimidine;Saccharide;Organic oxide;Aromatic heteropolycyclic compound;Imidazole;Organonitrogen compound;Organopnictogen compound;Imidolactam;Organoheterocyclic compound;Azole;1,2-diol;N-substituted imidazole;Alcohol;Azacycle;Tetrahydrofuran;Heteroaromatic compound;Oxacycle;Organic oxygen compound;Phosphoric acid ester;Monoalkyl phosphate;Secondary alcohol;Hydrocarbon derivative;Purine;Primary amine;Organic nitrogen compound;Organic phosphoric acid derivative;Amine;Alkyl phosphate;Organooxygen compound
None	N[C@@H](CCSC[C@H]1O[C@H]([C@H](O)[C@@H]1O)N1C=NC2=C1N=CN=C2N)C(O)=O	Organic compounds	Nucleosides, nucleotides, and analogues	5'-deoxyribonucleosides	5'-deoxy-5'-thionucleosides	5'-S-alkylthio-5'-deoxyribonucleosides	Aromatic heteropolycyclic compounds	1,2-diols;Alpha amino acids;Amino acids;Azacyclic compounds;Carbonyl compounds;Carboxylic acids;Dialkylthioethers;Fatty Acyls;Heteroaromatic compounds;Hydrocarbon derivatives;Hydroxy fatty acids;Imidazoles;Imidolactams;Monoalkylamines;Monocarboxylic acids and derivatives;Monosaccharides;N-substituted imidazoles;Organic oxides;Organopnictogen compounds;Oxacyclic compounds;Purines and purine derivatives;Pyrimidines and pyrimidine derivatives;Secondary alcohols;Sulfenyl compounds;Tetrahydrofurans;Thia fatty acids	Fatty acyl;Carbonyl group;Carboxylic acid;Amino acid or derivatives;Amino acid;Monosaccharide;Alpha-amino acid or derivatives;Imidazopyrimidine;Organosulfur compound;Carboxylic acid derivative;Pyrimidine;Saccharide;Organic oxide;5'-s-alkylthio-5'-deoxyribonucleoside;Aromatic heteropolycyclic compound;Imidazole;Organonitrogen compound;Alpha-amino acid;Organopnictogen compound;Hydroxy fatty acid;Imidolactam;Organoheterocyclic compound;Azole;1,2-diol;N-substituted imidazole;Alcohol;Sulfenyl compound;Azacycle;Tetrahydrofuran;Dialkylthioether;Heteroaromatic compound;Oxacycle;Monocarboxylic acid or derivatives;Thia fatty acid;Organic oxygen compound;Thioether;Secondary alcohol;Hydrocarbon derivative;Primary aliphatic amine;Primary amine;Purine;Organic nitrogen compound;Amine;Organooxygen compound
None	CC(=O)C(O)=O	Organic compounds	Organic acids and derivatives	Keto acids and derivatives	Alpha-keto acids and derivatives	Alpha-keto acids and derivatives	Aliphatic acyclic compounds	Alpha-hydroxy ketones;Carboxylic acids;Hydrocarbon derivatives;Monocarboxylic acids and derivatives;Organic oxides	Aliphatic acyclic compound;Carbonyl group;Carboxylic acid;Alpha-hydroxy ketone;Carboxylic acid derivative;Ketone;Organic oxide;Monocarboxylic acid or derivatives;Organic oxygen compound;Alpha-keto acid;Hydrocarbon derivative;Organooxygen compound
None	CC(=O)SCCNC(=O)CCNC(=O)[C@H](O)C(C)(C)COP(O)(=O)OP(O)(=O)OC[C@H]1O[C@H]([C@H](O)[C@@H]1OP(O)(O)=O)N1C=NC2=C1N=CN=C2N	Organic compounds	Lipids and lipid-like molecules	Fatty Acyls	Fatty acyl thioesters	Acyl CoAs	Aromatic heteropolycyclic compounds	Azacyclic compounds;Beta amino acids and derivatives;Carbonyl compounds;Carbothioic S-esters;Carboxylic acids and derivatives;Coenzyme A and derivatives;Heteroaromatic compounds;Hydrocarbon derivatives;Imidazoles;Imidolactams;Monoalkyl phosphates;Monosaccharides;N-acyl amines;N-substituted imidazoles;Organic oxides;Organic pyrophosphates;Organopnictogen compounds;Oxacyclic compounds;Pentose phosphates;Primary amines;Purine ribonucleoside diphosphates;Purines and purine derivatives;Pyrimidines and pyrimidine derivatives;Ribonucleoside 3'-phosphates;Secondary alcohols;Secondary carboxylic acid amides;Sulfenyl compounds;Tetrahydrofurans;Thioesters;Thiolactones	Amino acid or derivatives;Monosaccharide;Pentose-5-phosphate;Imidazopyrimidine;Carbothioic s-ester;Saccharide;Purine ribonucleoside diphosphate;Organonitrogen compound;Organoheterocyclic compound;Alcohol;Sulfenyl compound;Azacycle;Thiocarboxylic acid ester;Heteroaromatic compound;Organic pyrophosphate;Secondary carboxylic acid amide;Monoalkyl phosphate;Hydrocarbon derivative;Primary amine;Amine;Coenzyme a or derivatives;Carbonyl group;Pentose phosphate;Fatty amide;Organosulfur compound;Carboxylic acid derivative;Pyrimidine;Organic oxide;Aromatic heteropolycyclic compound;Imidazole;Organopnictogen compound;Imidolactam;Thiolactone;Azole;N-substituted imidazole;Purine ribonucleoside 3',5'-bisphosphate;Ribonucleoside 3'-phosphate;Thiocarboxylic acid or derivatives;Tetrahydrofuran;Carboxamide group;N-acyl-amine;Beta amino acid or derivatives;Oxacycle;Organic oxygen compound;Phosphoric acid ester;Secondary alcohol;Purine;Organic nitrogen compound;Organic phosphoric acid derivative;Alkyl phosphate;Organooxygen compound
None	N[C@@H](CCC(O)=O)C(O)=O	Organic compounds	Organic acids and derivatives	Carboxylic acids and derivatives	Amino acids, peptides, and analogues	Glutamic acid and derivatives	Aliphatic acyclic compounds	Alpha amino acids;Carbonyl compounds;Carboxylic acids;Dicarboxylic acids and derivatives;Fatty acids and conjugates;Hydrocarbon derivatives;Monoalkylamines;Organic oxides;Organonitrogen compounds;Organopnictogen compounds	Aliphatic acyclic compound;Carbonyl group;Carboxylic acid;Fatty acid;Glutamic acid or derivatives;Organic oxide;Organic oxygen compound;Organonitrogen compound;Alpha-amino acid;Dicarboxylic acid or derivatives;Organopnictogen compound;Hydrocarbon derivative;Primary aliphatic amine;Organic nitrogen compound;Organooxygen compound
None	OC(=O)CCC(=O)C(O)=O	Organic compounds	Organic acids and derivatives	Keto acids and derivatives	Gamma-keto acids and derivatives	Gamma-keto acids and derivatives	Aliphatic acyclic compounds	Alpha-hydroxy ketones;Alpha-keto acids and derivatives;Carboxylic acids;Dicarboxylic acids and derivatives;Hydrocarbon derivatives;Organic oxides;Short-chain keto acids and derivatives	Aliphatic acyclic compound;Carbonyl group;Carboxylic acid;Short-chain keto acid;Alpha-hydroxy ketone;Carboxylic acid derivative;Gamma-keto acid;Ketone;Organic oxide;Organic oxygen compound;Alpha-keto acid;Dicarboxylic acid or derivatives;Hydrocarbon derivative;Organooxygen compound
None	OO	Organic compounds	Organic oxygen compounds		Organic oxygen compounds	Organic oxygen compounds	Acyclic compounds		Organic oxygen compound;Acyclic compound
None	OC[C@H]1O[C@H](OP(O)(=O)OP(O)(=O)OC[C@H]2O[C@H]([C@H](O)[C@@H]2O)N2C=CC(=O)NC2=O)[C@H](O)[C@@H](O)[C@@H]1O	Organic compounds	Nucleosides, nucleotides, and analogues	Pyrimidine nucleotides	Pyrimidine ribonucleotides	Pyrimidine ribonucleoside diphosphates	Aromatic heteromonocyclic compounds	Azacyclic compounds;Heteroaromatic compounds;Hydrocarbon derivatives;Lactams;Monoalkyl phosphates;Monosaccharides;Organic carbonic acids and derivatives;Organic oxides;Organic pyrophosphates;Organonitrogen compounds;Organopnictogen compounds;Oxacyclic compounds;Oxanes;Pentose phosphates;Primary alcohols;Pyrimidones;Secondary alcohols;Tetrahydrofurans;Vinylogous amides	Lactam;Aromatic heteromonocyclic compound;Pentose phosphate;Monosaccharide;Pentose-5-phosphate;Pyrimidone;Pyrimidine;Saccharide;Organic oxide;Organonitrogen compound;Organopnictogen compound;Oxane;Primary alcohol;Organoheterocyclic compound;Alcohol;Vinylogous amide;Carbonic acid derivative;Azacycle;Tetrahydrofuran;Heteroaromatic compound;Organic pyrophosphate;Oxacycle;Pyrimidine ribonucleoside diphosphate;Organic oxygen compound;Phosphoric acid ester;Monoalkyl phosphate;Secondary alcohol;Hydrocarbon derivative;Organic nitrogen compound;Organic phosphoric acid derivative;Alkyl phosphate;Organooxygen compound
None	OC[C@H]1O[C@@H](O)[C@H](O)[C@@H](O)[C@@H]1O	Organic compounds	Organic oxygen compounds	Organooxygen compounds	Carbohydrates and carbohydrate conjugates	Monosaccharides	Aliphatic heteromonocyclic compounds	Hemiacetals;Hydrocarbon derivatives;Oxacyclic compounds;Oxanes;Primary alcohols;Secondary alcohols	Alcohol;Monosaccharide;Oxacycle;Aliphatic heteromonocyclic compound;Secondary alcohol;Hemiacetal;Hydrocarbon derivative;Oxane;Primary alcohol;Organoheterocyclic compound
None	CC1=C(CCC(O)=O)C2=CC3=[N+]4C(=CC5=C(C)C(C=C)=C6C=C7C(C)=C(C=C)C8=[N+]7[Fe--]4(N2C1=C8)N56)C(C)=C3CCC(O)=O	Organic compounds	Organoheterocyclic compounds	Tetrapyrroles and derivatives	Metallotetrapyrroles	Metallotetrapyrroles	Aromatic heteropolycyclic compounds	Azacyclic compounds;Carbonyl compounds;Carboxylic acids;Dicarboxylic acids and derivatives;Heteroaromatic compounds;Hydrocarbon derivatives;Organic oxides;Organic transition metal salts;Organonitrogen compounds;Organopnictogen compounds;Pyrroles	Carbonyl group;Carboxylic acid;Azacycle;Heteroaromatic compound;Carboxylic acid derivative;Organic transition metal salt;Organic oxide;Organic oxygen compound;Aromatic heteropolycyclic compound;Pyrrole;Organonitrogen compound;Dicarboxylic acid or derivatives;Organopnictogen compound;Hydrocarbon derivative;Organic nitrogen compound;Organic salt;Metallotetrapyrrole skeleton;Organooxygen compound;Organic metal salt
None	CC(O)=O	Organic compounds	Organic acids and derivatives	Carboxylic acids and derivatives	Carboxylic acids	Carboxylic acids	Aliphatic acyclic compounds	Carbonyl compounds;Hydrocarbon derivatives;Monocarboxylic acids and derivatives;Organic oxides	Aliphatic acyclic compound;Carbonyl group;Organic oxide;Monocarboxylic acid or derivatives;Carboxylic acid;Organic oxygen compound;Hydrocarbon derivative;Organooxygen compound
None	NC1=NC2=C(N=CN2[C@@H]2O[C@H](COP(O)(=O)OP(O)(O)=O)[C@@H](O)[C@H]2O)C(=O)N1	Organic compounds	Nucleosides, nucleotides, and analogues	Purine nucleotides	Purine ribonucleotides	Purine ribonucleoside diphosphates	Aromatic heteropolycyclic compounds	1,2-diols;Azacyclic compounds;Heteroaromatic compounds;Hydrocarbon derivatives;Hypoxanthines;Imidazoles;Lactams;Monoalkyl phosphates;Monosaccharides;N-substituted imidazoles;Organic oxides;Organic pyrophosphates;Organopnictogen compounds;Oxacyclic compounds;Pentose phosphates;Primary amines;Purine ribonucleoside monophosphates;Purines and purine derivatives;Pyrimidones;Secondary alcohols;Tetrahydrofurans;Vinylogous amides	Lactam;Pentose phosphate;Purine ribonucleoside monophosphate;Monosaccharide;Pentose-5-phosphate;Pyrimidone;Imidazopyrimidine;Pyrimidine;Saccharide;Organic oxide;Purine ribonucleoside diphosphate;Aromatic heteropolycyclic compound;Imidazole;Organonitrogen compound;Organopnictogen compound;Organoheterocyclic compound;Azole;1,2-diol;N-substituted imidazole;Alcohol;Vinylogous amide;Azacycle;Tetrahydrofuran;Heteroaromatic compound;Organic pyrophosphate;Oxacycle;Organic oxygen compound;Phosphoric acid ester;Monoalkyl phosphate;Secondary alcohol;Hypoxanthine;Hydrocarbon derivative;Purine;Primary amine;Organic nitrogen compound;Organic phosphoric acid derivative;Amine;Alkyl phosphate;Organooxygen compound
None	OC(=O)CC(=O)C(O)=O	Organic compounds	Organic acids and derivatives	Keto acids and derivatives	Short-chain keto acids and derivatives	Short-chain keto acids and derivatives	Aliphatic acyclic compounds	Alpha-hydroxy ketones;Alpha-keto acids and derivatives;Beta-hydroxy ketones;Beta-keto acids and derivatives;Carboxylic acids;Dicarboxylic acids and derivatives;Hydrocarbon derivatives;Organic oxides	Beta-hydroxy ketone;Aliphatic acyclic compound;Carbonyl group;Carboxylic acid;Short-chain keto acid;Alpha-hydroxy ketone;Carboxylic acid derivative;Beta-keto acid;Ketone;Organic oxide;Organic oxygen compound;Alpha-keto acid;Dicarboxylic acid or derivatives;Hydrocarbon derivative;Organooxygen compound
None	NCC(O)=O	Organic compounds	Organic acids and derivatives	Carboxylic acids and derivatives	Amino acids, peptides, and analogues	Alpha amino acids	Aliphatic acyclic compounds	Carbonyl compounds;Carboxylic acids;Hydrocarbon derivatives;Monoalkylamines;Monocarboxylic acids and derivatives;Organic oxides;Organonitrogen compounds;Organopnictogen compounds	Aliphatic acyclic compound;Carbonyl group;Carboxylic acid;Organic oxide;Monocarboxylic acid or derivatives;Organic oxygen compound;Organonitrogen compound;Alpha-amino acid;Organopnictogen compound;Hydrocarbon derivative;Primary aliphatic amine;Organic nitrogen compound;Organooxygen compound
None	[Zn++]	Organic compounds	Organic cations		Organic cations	Organic cations	Acyclic compounds		Acyclic compound;Organic cation
None	C[C@H](N)C(O)=O	Organic compounds	Organic acids and derivatives	Carboxylic acids and derivatives	Amino acids, peptides, and analogues	Alanine and derivatives	Aliphatic acyclic compounds	Alpha amino acids;Carbonyl compounds;Carboxylic acids;Hydrocarbon derivatives;Monoalkylamines;Monocarboxylic acids and derivatives;Organic oxides;Organonitrogen compounds;Organopnictogen compounds	Aliphatic acyclic compound;Carbonyl group;Carboxylic acid;Organic oxide;Monocarboxylic acid or derivatives;Organic oxygen compound;Organonitrogen compound;Alpha-amino acid;Organopnictogen compound;Alanine or derivatives;Hydrocarbon derivative;Primary aliphatic amine;Organic nitrogen compound;Organooxygen compound
None	OC(=O)CCC(O)=O	Organic compounds	Organic acids and derivatives	Carboxylic acids and derivatives	Dicarboxylic acids and derivatives	Dicarboxylic acids and derivatives	Aliphatic acyclic compounds	Carbonyl compounds;Carboxylic acids;Fatty acids and conjugates;Hydrocarbon derivatives;Organic oxides	Aliphatic acyclic compound;Carbonyl group;Organic oxide;Carboxylic acid;Organic oxygen compound;Dicarboxylic acid or derivatives;Fatty acid;Hydrocarbon derivative;Organooxygen compound
None	CC(=O)N[C@@H]1[C@@H](O)[C@H](O)[C@@H](CO)O[C@@H]1OP(O)(=O)OP(O)(=O)OC[C@H]1O[C@H]([C@H](O)[C@@H]1O)N1C=CC(=O)NC1=O	Organic compounds	Organic oxygen compounds	Organooxygen compounds	Carbohydrates and carbohydrate conjugates	Monosaccharides	Aromatic heteromonocyclic compounds	Acetamides;Azacyclic compounds;Carbonyl compounds;Carboxylic acids and derivatives;Heteroaromatic compounds;Hydrocarbon derivatives;Lactams;Monoalkyl phosphates;N-acyl-alpha-hexosamines;Organic carbonic acids and derivatives;Organic oxides;Organic pyrophosphates;Organonitrogen compounds;Organopnictogen compounds;Oxacyclic compounds;Oxanes;Pentose phosphates;Primary alcohols;Pyrimidine ribonucleoside diphosphates;Pyrimidones;Secondary alcohols;Secondary carboxylic acid amides;Tetrahydrofurans;Vinylogous amides	Carbonyl group;Lactam;Aromatic heteromonocyclic compound;Pentose phosphate;Monosaccharide;Pentose-5-phosphate;Pyrimidone;Carboxylic acid derivative;Pyrimidine;N-acyl-alpha-hexosamine;Organic oxide;Organonitrogen compound;Organopnictogen compound;Oxane;Primary alcohol;Organoheterocyclic compound;Acetamide;Alcohol;Vinylogous amide;Carbonic acid derivative;Azacycle;Tetrahydrofuran;Heteroaromatic compound;Carboxamide group;Organic pyrophosphate;Oxacycle;Secondary carboxylic acid amide;Pyrimidine ribonucleoside diphosphate;Phosphoric acid ester;Monoalkyl phosphate;Secondary alcohol;Hydrocarbon derivative;Organic nitrogen compound;Organic phosphoric acid derivative;Alkyl phosphate
None	NC1=NC2=C(N=CN2[C@@H]2O[C@H](COP(O)(=O)OP(O)(=O)OP(O)(O)=O)[C@@H](O)[C@H]2O)C(=O)N1	Organic compounds	Nucleosides, nucleotides, and analogues	Purine nucleotides	Purine ribonucleotides	Purine ribonucleoside triphosphates	Aromatic heteropolycyclic compounds	1,2-diols;Azacyclic compounds;Heteroaromatic compounds;Hydrocarbon derivatives;Hypoxanthines;Imidazoles;Lactams;Monoalkyl phosphates;Monosaccharides;N-substituted imidazoles;Organic oxides;Organopnictogen compounds;Oxacyclic compounds;Pentose phosphates;Primary amines;Purine ribonucleoside monophosphates;Purines and purine derivatives;Pyrimidones;Secondary alcohols;Tetrahydrofurans;Vinylogous amides	Lactam;Pentose phosphate;Purine ribonucleoside monophosphate;Monosaccharide;Pentose-5-phosphate;Pyrimidone;Imidazopyrimidine;Pyrimidine;Saccharide;Organic oxide;Aromatic heteropolycyclic compound;Imidazole;Organonitrogen compound;Organopnictogen compound;Purine ribonucleoside triphosphate;Organoheterocyclic compound;Azole;1,2-diol;N-substituted imidazole;Alcohol;Vinylogous amide;Azacycle;Tetrahydrofuran;Heteroaromatic compound;Oxacycle;Organic oxygen compound;Phosphoric acid ester;Monoalkyl phosphate;Secondary alcohol;Hypoxanthine;Hydrocarbon derivative;Purine;Primary amine;Organic nitrogen compound;Organic phosphoric acid derivative;Amine;Alkyl phosphate;Organooxygen compound
None	NCCCC[C@H](N)C(O)=O	Organic compounds	Organic acids and derivatives	Carboxylic acids and derivatives	Amino acids, peptides, and analogues	Alpha amino acids	Aliphatic acyclic compounds	Amino fatty acids;Carbonyl compounds;Carboxylic acids;Hydrocarbon derivatives;Medium-chain fatty acids;Monoalkylamines;Monocarboxylic acids and derivatives;Organic oxides;Organonitrogen compounds;Organopnictogen compounds	Fatty acyl;Aliphatic acyclic compound;Carbonyl group;Carboxylic acid;Fatty acid;Amino fatty acid;Organic oxide;Monocarboxylic acid or derivatives;Organic oxygen compound;Organonitrogen compound;Alpha-amino acid;Organopnictogen compound;Hydrocarbon derivative;Medium-chain fatty acid;Primary aliphatic amine;Organic nitrogen compound;Organooxygen compound
None	OC(=O)C=O	Organic compounds	Organic acids and derivatives	Carboxylic acids and derivatives	Carboxylic acids	Carboxylic acids	Aliphatic acyclic compounds	Hydrocarbon derivatives;Monocarboxylic acids and derivatives;Organic oxides;Short-chain aldehydes	Aliphatic acyclic compound;Carbonyl group;Organic oxide;Monocarboxylic acid or derivatives;Short-chain aldehyde;Carboxylic acid;Organic oxygen compound;Aldehyde;Hydrocarbon derivative;Organooxygen compound
None	N[C@@H](CC(O)=O)C(O)=O	Organic compounds	Organic acids and derivatives	Carboxylic acids and derivatives	Amino acids, peptides, and analogues	Aspartic acid and derivatives	Aliphatic acyclic compounds	Alpha amino acids;Carbonyl compounds;Carboxylic acids;Dicarboxylic acids and derivatives;Fatty acids and conjugates;Hydrocarbon derivatives;Monoalkylamines;Organic oxides;Organonitrogen compounds;Organopnictogen compounds	Aliphatic acyclic compound;Carbonyl group;Carboxylic acid;Fatty acid;Organic oxide;Organic oxygen compound;Aspartic acid or derivatives;Organonitrogen compound;Alpha-amino acid;Dicarboxylic acid or derivatives;Organopnictogen compound;Hydrocarbon derivative;Primary aliphatic amine;Organic nitrogen compound;Organooxygen compound
None	N[C@@H](CCC(=O)N[C@@H](CS)C(=O)NCC(O)=O)C(O)=O	Organic compounds	Organic acids and derivatives	Carboxylic acids and derivatives	Amino acids, peptides, and analogues	Oligopeptides	Aliphatic acyclic compounds	Acyl glycines;Alkylthiols;Alpha amino acid amides;Alpha amino acids;Carbonyl compounds;Carboxylic acids;Cysteine and derivatives;Dicarboxylic acids and derivatives;Fatty acids and conjugates;Glutamine and derivatives;Hydrocarbon derivatives;Monoalkylamines;N-acyl amines;Organic oxides;Organonitrogen compounds;Organopnictogen compounds;Organosulfur compounds;Secondary carboxylic acid amides	Fatty acyl;Aliphatic acyclic compound;Carbonyl group;Carboxylic acid;Glutamine or derivatives;Fatty amide;Fatty acid;Alpha-amino acid or derivatives;Organosulfur compound;Organic oxide;Organonitrogen compound;Alpha-amino acid;Organopnictogen compound;N-acyl-alpha amino acid or derivatives;Alpha-amino acid amide;N-acyl-alpha-amino acid;Carboxamide group;N-acyl-amine;N-acylglycine;N-substituted-alpha-amino acid;Secondary carboxylic acid amide;Organic oxygen compound;Cysteine or derivatives;Dicarboxylic acid or derivatives;Hydrocarbon derivative;Primary aliphatic amine;Alpha-oligopeptide;Organic nitrogen compound;Alkylthiol;Organooxygen compound
None	OC[C@H]1O[C@H](OP(O)(=O)OP(O)(=O)OC[C@H]2O[C@H]([C@H](O)[C@@H]2O)N2C=CC(=O)NC2=O)[C@H](O)[C@@H](O)[C@H]1O	Organic compounds	Nucleosides, nucleotides, and analogues	Pyrimidine nucleotides	Pyrimidine ribonucleotides	Pyrimidine ribonucleoside diphosphates	Aromatic heteromonocyclic compounds	Azacyclic compounds;Heteroaromatic compounds;Hydrocarbon derivatives;Lactams;Monoalkyl phosphates;Monosaccharides;Organic carbonic acids and derivatives;Organic oxides;Organic pyrophosphates;Organonitrogen compounds;Organopnictogen compounds;Oxacyclic compounds;Oxanes;Pentose phosphates;Primary alcohols;Pyrimidones;Secondary alcohols;Tetrahydrofurans;Vinylogous amides	Lactam;Aromatic heteromonocyclic compound;Pentose phosphate;Monosaccharide;Pentose-5-phosphate;Pyrimidone;Pyrimidine;Saccharide;Organic oxide;Organonitrogen compound;Organopnictogen compound;Oxane;Primary alcohol;Organoheterocyclic compound;Alcohol;Vinylogous amide;Carbonic acid derivative;Azacycle;Tetrahydrofuran;Heteroaromatic compound;Organic pyrophosphate;Oxacycle;Pyrimidine ribonucleoside diphosphate;Organic oxygen compound;Phosphoric acid ester;Monoalkyl phosphate;Secondary alcohol;Hydrocarbon derivative;Organic nitrogen compound;Organic phosphoric acid derivative;Alkyl phosphate;Organooxygen compound
None	NC1=C2N=CN([C@@H]3O[C@H](COP(O)(=O)OS(O)(=O)=O)[C@@H](OP(O)(O)=O)[C@H]3O)C2=NC=N1	Organic compounds	Nucleosides, nucleotides, and analogues	Purine nucleotides	Purine ribonucleotides	Purine ribonucleoside 3',5'-bisphosphates	Aromatic heteropolycyclic compounds	Azacyclic compounds;Heteroaromatic compounds;Hydrocarbon derivatives;Imidazoles;Imidolactams;Monoalkyl phosphates;Monosaccharides;N-substituted imidazoles;Organic oxides;Organic sulfuric acids and derivatives;Organopnictogen compounds;Oxacyclic compounds;Pentose phosphates;Primary amines;Purine ribonucleoside monophosphates;Purines and purine derivatives;Pyrimidines and pyrimidine derivatives;Ribonucleoside 3'-phosphates;Secondary alcohols;Tetrahydrofurans	Pentose phosphate;Purine ribonucleoside monophosphate;Monosaccharide;Pentose-5-phosphate;Imidazopyrimidine;Pyrimidine;Saccharide;Organic oxide;Aromatic heteropolycyclic compound;Imidazole;Organonitrogen compound;Organopnictogen compound;Imidolactam;Organoheterocyclic compound;Azole;N-substituted imidazole;Purine ribonucleoside 3',5'-bisphosphate;Ribonucleoside 3'-phosphate;Alcohol;Organic sulfuric acid or derivatives;Azacycle;Tetrahydrofuran;Heteroaromatic compound;Oxacycle;Organic oxygen compound;Phosphoric acid ester;Monoalkyl phosphate;Secondary alcohol;Hydrocarbon derivative;Purine;Primary amine;Organic nitrogen compound;Organic phosphoric acid derivative;Amine;Alkyl phosphate;Organooxygen compound
None	NC1=C2N=CN([C@@H]3O[C@H](COP(O)(O)=O)[C@@H](OP(O)(O)=O)[C@H]3O)C2=NC=N1	Organic compounds	Nucleosides, nucleotides, and analogues	Purine nucleotides	Purine ribonucleotides	Purine ribonucleoside 3',5'-bisphosphates	Aromatic heteropolycyclic compounds	Azacyclic compounds;Heteroaromatic compounds;Hydrocarbon derivatives;Imidazoles;Imidolactams;Monoalkyl phosphates;Monosaccharides;N-substituted imidazoles;Organic oxides;Organopnictogen compounds;Oxacyclic compounds;Pentose phosphates;Primary amines;Purine ribonucleoside monophosphates;Purines and purine derivatives;Pyrimidines and pyrimidine derivatives;Ribonucleoside 3'-phosphates;Secondary alcohols;Tetrahydrofurans	Pentose phosphate;Purine ribonucleoside monophosphate;Monosaccharide;Pentose-5-phosphate;Imidazopyrimidine;Pyrimidine;Saccharide;Organic oxide;Aromatic heteropolycyclic compound;Imidazole;Organonitrogen compound;Organopnictogen compound;Imidolactam;Organoheterocyclic compound;Azole;N-substituted imidazole;Purine ribonucleoside 3',5'-bisphosphate;Ribonucleoside 3'-phosphate;Alcohol;Azacycle;Tetrahydrofuran;Heteroaromatic compound;Oxacycle;Organic oxygen compound;Phosphoric acid ester;Monoalkyl phosphate;Secondary alcohol;Hydrocarbon derivative;Purine;Primary amine;Organic nitrogen compound;Organic phosphoric acid derivative;Amine;Alkyl phosphate;Organooxygen compound
None	NC1=NC(=O)N(C=C1)[C@@H]1O[C@H](COP(O)(O)=O)[C@@H](O)[C@H]1O	Organic compounds	Nucleosides, nucleotides, and analogues	Pyrimidine nucleotides	Pyrimidine ribonucleotides	Pyrimidine ribonucleoside monophosphates	Aromatic heteromonocyclic compounds	1,2-diols;Azacyclic compounds;Heteroaromatic compounds;Hydrocarbon derivatives;Imidolactams;Monoalkyl phosphates;Monosaccharides;Organic carbonic acids and derivatives;Organic oxides;Organopnictogen compounds;Oxacyclic compounds;Pentose phosphates;Primary amines;Pyrimidones;Secondary alcohols;Tetrahydrofurans	Aromatic heteromonocyclic compound;Pentose phosphate;Monosaccharide;Pentose-5-phosphate;Pyrimidone;Pyrimidine;Saccharide;Organic oxide;Organonitrogen compound;Organopnictogen compound;Imidolactam;Organoheterocyclic compound;1,2-diol;Alcohol;Carbonic acid derivative;Azacycle;Tetrahydrofuran;Heteroaromatic compound;Oxacycle;Pyrimidine ribonucleoside monophosphate;Organic oxygen compound;Phosphoric acid ester;Monoalkyl phosphate;Secondary alcohol;Hydrocarbon derivative;Primary amine;Organic nitrogen compound;Organic phosphoric acid derivative;Amine;Alkyl phosphate;Organooxygen compound
None	OC=O	Organic compounds	Organic acids and derivatives	Carboxylic acids and derivatives	Carboxylic acids	Carboxylic acids	Aliphatic acyclic compounds	Carbonyl compounds;Hydrocarbon derivatives;Monocarboxylic acids and derivatives;Organic oxides	Aliphatic acyclic compound;Carbonyl group;Organic oxide;Monocarboxylic acid or derivatives;Carboxylic acid;Organic oxygen compound;Hydrocarbon derivative;Organooxygen compound
None	OS(O)(=O)=O	Organic compounds	Organic acids and derivatives	Organic sulfuric acids and derivatives	Organic sulfuric acids	Organic sulfuric acids	Acyclic compounds	Organic oxides	Organic oxide;Organic oxygen compound;Acyclic compound;Sulfuric acid
None	CC1=CC2=C(C=C1C)N(C[C@H](O)[C@H](O)[C@H](O)COP(O)(O)=O)C1=NC(=O)NC(=O)C1=N2	Organic compounds	Nucleosides, nucleotides, and analogues	Flavin nucleotides	Flavin nucleotides	Flavin nucleotides	Aromatic heteropolycyclic compounds	Azacyclic compounds;Benzenoids;Diazanaphthalenes;Flavins;Heteroaromatic compounds;Hydrocarbon derivatives;Lactams;Monoalkyl phosphates;Organic carbonic acids and derivatives;Organic oxides;Organonitrogen compounds;Organopnictogen compounds;Pyrazines;Pyrimidones;Quinoxalines;Secondary alcohols	Lactam;Pyrimidone;Pteridine;Isoalloxazine;Flavin;Pyrimidine;Organic oxide;Diazanaphthalene;Aromatic heteropolycyclic compound;Organonitrogen compound;Organopnictogen compound;Organoheterocyclic compound;Alcohol;Quinoxaline;Carbonic acid derivative;Azacycle;Flavin nucleotide;Heteroaromatic compound;Organic oxygen compound;Phosphoric acid ester;Monoalkyl phosphate;Pyrazine;Secondary alcohol;Hydrocarbon derivative;Benzenoid;Organic nitrogen compound;Organic phosphoric acid derivative;Alkyl phosphate;Organooxygen compound
None	N[C@@H](CCCNC(N)=N)C(O)=O	Organic compounds	Organic acids and derivatives	Carboxylic acids and derivatives	Amino acids, peptides, and analogues	Arginine and derivatives	Aliphatic acyclic compounds	Alpha amino acids;Carbonyl compounds;Carboximidamides;Carboxylic acids;Fatty acids and conjugates;Guanidines;Hydrocarbon derivatives;Imines;Monoalkylamines;Monocarboxylic acids and derivatives;Organic oxides;Organopnictogen compounds	Aliphatic acyclic compound;Carbonyl group;Carboxylic acid;Guanidine;Imine;Fatty acid;Carboximidamide;Organic oxide;Monocarboxylic acid or derivatives;Organic oxygen compound;Arginine or derivatives;Organonitrogen compound;Alpha-amino acid;Organopnictogen compound;Hydrocarbon derivative;Primary aliphatic amine;Organic nitrogen compound;Organooxygen compound
None	NC1=NC(=O)N(C=C1)[C@@H]1O[C@H](COP(O)(=O)OP(O)(=O)OP(O)(O)=O)[C@@H](O)[C@H]1O	Organic compounds	Nucleosides, nucleotides, and analogues	Pyrimidine nucleotides	Pyrimidine ribonucleotides	Pyrimidine ribonucleoside triphosphates	Aromatic heteromonocyclic compounds	1,2-diols;Azacyclic compounds;Heteroaromatic compounds;Hydrocarbon derivatives;Imidolactams;Monoalkyl phosphates;Monosaccharides;Organic carbonic acids and derivatives;Organic oxides;Organopnictogen compounds;Oxacyclic compounds;Pentose phosphates;Primary amines;Pyrimidones;Secondary alcohols;Tetrahydrofurans	Pyrimidine ribonucleoside triphosphate;Aromatic heteromonocyclic compound;Pentose phosphate;Monosaccharide;Pentose-5-phosphate;Pyrimidone;Pyrimidine;Saccharide;Organic oxide;Organonitrogen compound;Organopnictogen compound;Imidolactam;Organoheterocyclic compound;1,2-diol;Alcohol;Carbonic acid derivative;Azacycle;Tetrahydrofuran;Heteroaromatic compound;Oxacycle;Organic oxygen compound;Phosphoric acid ester;Monoalkyl phosphate;Secondary alcohol;Hydrocarbon derivative;Primary amine;Organic nitrogen compound;Organic phosphoric acid derivative;Amine;Alkyl phosphate;Organooxygen compound
None	N[C@@H](CCC(N)=O)C(O)=O	Organic compounds	Organic acids and derivatives	Carboxylic acids and derivatives	Amino acids, peptides, and analogues	Glutamine and derivatives	Aliphatic acyclic compounds	Alpha amino acids;Carbonyl compounds;Carboxylic acids;Fatty acids and conjugates;Fatty amides;Hydrocarbon derivatives;Monoalkylamines;Monocarboxylic acids and derivatives;Organic oxides;Organonitrogen compounds;Organopnictogen compounds;Primary carboxylic acid amides	Primary carboxylic acid amide;Fatty acyl;Aliphatic acyclic compound;Carbonyl group;Carboxylic acid;Glutamine or derivatives;Fatty amide;Fatty acid;Carboxamide group;Organic oxide;Monocarboxylic acid or derivatives;Organic oxygen compound;Organonitrogen compound;Alpha-amino acid;Organopnictogen compound;Hydrocarbon derivative;Primary aliphatic amine;Organic nitrogen compound;Organooxygen compound
None	N[C@@H](CO)C(O)=O	Organic compounds	Organic acids and derivatives	Carboxylic acids and derivatives	Amino acids, peptides, and analogues	Serine and derivatives	Aliphatic acyclic compounds	Alpha amino acids;Beta hydroxy acids and derivatives;Carbonyl compounds;Carboxylic acids;Hydrocarbon derivatives;Monoalkylamines;Monocarboxylic acids and derivatives;Organic oxides;Organonitrogen compounds;Organopnictogen compounds;Primary alcohols	Alcohol;Aliphatic acyclic compound;Carbonyl group;Carboxylic acid;Hydroxy acid;Beta-hydroxy acid;Organic oxide;Monocarboxylic acid or derivatives;Organic oxygen compound;Organonitrogen compound;Alpha-amino acid;Organopnictogen compound;Hydrocarbon derivative;Primary aliphatic amine;Organic nitrogen compound;Primary alcohol;Serine or derivatives;Organooxygen compound
None	C=O	Organic compounds	Organic oxygen compounds	Organooxygen compounds	Carbonyl compounds	Carbonyl compounds	Aliphatic acyclic compounds	Hydrocarbon derivatives;Organic oxides	Aliphatic acyclic compound;Carbonyl group;Organic oxide;Hydrocarbon derivative
None	CC1=C(CCOP(O)(=O)OP(O)(O)=O)SC=[N+]1CC1=CN=C(C)N=C1N	Organic compounds	Organoheterocyclic compounds	Diazines	Pyrimidines and pyrimidine derivatives	Thiamine phosphates	Aromatic heteromonocyclic compounds	4,5-disubstituted thiazoles;Azacyclic compounds;Heteroaromatic compounds;Hydrocarbon derivatives;Imidolactams;Monoalkyl phosphates;Organic cations;Organic oxides;Organic pyrophosphates;Organooxygen compounds;Organopnictogen compounds;Primary amines	Aromatic heteromonocyclic compound;Organic oxide;Organonitrogen compound;Organopnictogen compound;Organic cation;Imidolactam;Thiamine-phosphate;Azole;Azacycle;Heteroaromatic compound;Organic pyrophosphate;4,5-disubstituted 1,3-thiazole;Organic oxygen compound;Phosphoric acid ester;Monoalkyl phosphate;Hydrocarbon derivative;Primary amine;Organic nitrogen compound;Thiazole;Organic phosphoric acid derivative;Amine;Alkyl phosphate;Organooxygen compound
None	[Cu++]	Organic compounds	Organic cations		Organic cations	Organic cations	Acyclic compounds		Acyclic compound;Organic cation
None	[H][C@@]1(OC(=O)C(O)=C1O)[C@@H](O)CO	Organic compounds	Organoheterocyclic compounds	Dihydrofurans	Furanones	Butenolides	Aliphatic heteromonocyclic compounds	1,2-diols;Carbonyl compounds;Dihydrofurans;Enoate esters;Hydrocarbon derivatives;Lactones;Monocarboxylic acids and derivatives;Monosaccharides;Organic oxides;Oxacyclic compounds;Primary alcohols;Secondary alcohols;Vinylogous acids	Enoate ester;Alcohol;Carbonyl group;Monosaccharide;Carboxylic acid derivative;Lactone;Oxacycle;Alpha,beta-unsaturated carboxylic ester;Vinylogous acid;2-furanone;Saccharide;Organic oxide;Monocarboxylic acid or derivatives;Organic oxygen compound;Carboxylic acid ester;Aliphatic heteromonocyclic compound;Secondary alcohol;Hydrocarbon derivative;Primary alcohol;Organooxygen compound;1,2-diol
None	CSCC[C@H](N)C(O)=O	Organic compounds	Organic acids and derivatives	Carboxylic acids and derivatives	Amino acids, peptides, and analogues	Methionine and derivatives	Aliphatic acyclic compounds	Alpha amino acids;Carbonyl compounds;Carboxylic acids;Dialkylthioethers;Hydrocarbon derivatives;Monoalkylamines;Monocarboxylic acids and derivatives;Organic oxides;Organonitrogen compounds;Organopnictogen compounds;Sulfenyl compounds;Thia fatty acids	Fatty acyl;Aliphatic acyclic compound;Carbonyl group;Carboxylic acid;Sulfenyl compound;Dialkylthioether;Fatty acid;Organosulfur compound;Organic oxide;Monocarboxylic acid or derivatives;Thia fatty acid;Organic oxygen compound;Thioether;Methionine or derivatives;Organonitrogen compound;Alpha-amino acid;Organopnictogen compound;Hydrocarbon derivative;Primary aliphatic amine;Organic nitrogen compound;Organooxygen compound
None	OC(=O)C(=C)OP(O)(O)=O	Organic compounds	Organic acids and derivatives	Organic phosphoric acids and derivatives	Phosphate esters	Phosphate esters	Aliphatic acyclic compounds	Carbonyl compounds;Carboxylic acids;Hydrocarbon derivatives;Monocarboxylic acids and derivatives;Organic oxides	Aliphatic acyclic compound;Carbonyl group;Organic oxide;Monocarboxylic acid or derivatives;Carboxylic acid;Organic oxygen compound;Phosphoric acid ester;Hydrocarbon derivative;Carboxylic acid derivative;Organooxygen compound
None	O[C@H]1[C@@H](O)[C@@H](O[C@@H]1COP(O)(=O)OP(O)(=O)OP(O)(O)=O)N1C=CC(=O)NC1=O	Organic compounds	Nucleosides, nucleotides, and analogues	Pyrimidine nucleotides	Pyrimidine ribonucleotides	Pyrimidine ribonucleoside triphosphates	Aromatic heteromonocyclic compounds	1,2-diols;Azacyclic compounds;Heteroaromatic compounds;Hydrocarbon derivatives;Lactams;Monoalkyl phosphates;Monosaccharides;Organic carbonic acids and derivatives;Organic oxides;Organonitrogen compounds;Organopnictogen compounds;Oxacyclic compounds;Pentose phosphates;Pyrimidones;Secondary alcohols;Tetrahydrofurans;Vinylogous amides	Pyrimidine ribonucleoside triphosphate;Lactam;Aromatic heteromonocyclic compound;Pentose phosphate;Monosaccharide;Pentose-5-phosphate;Pyrimidone;Pyrimidine;Saccharide;Organic oxide;Organonitrogen compound;Organopnictogen compound;Organoheterocyclic compound;1,2-diol;Alcohol;Vinylogous amide;Carbonic acid derivative;Azacycle;Tetrahydrofuran;Heteroaromatic compound;Oxacycle;Organic oxygen compound;Phosphoric acid ester;Monoalkyl phosphate;Secondary alcohol;Hydrocarbon derivative;Organic nitrogen compound;Organic phosphoric acid derivative;Alkyl phosphate;Organooxygen compound
None	[Ca++]	Organic compounds	Organic cations		Organic cations	Organic cations	Acyclic compounds		Acyclic compound;Organic cation
None	NCCC[C@H](N)C(O)=O	Organic compounds	Organic acids and derivatives	Carboxylic acids and derivatives	Amino acids, peptides, and analogues	Alpha amino acids	Aliphatic acyclic compounds	Carbonyl compounds;Carboxylic acids;Fatty acids and conjugates;Hydrocarbon derivatives;Monoalkylamines;Monocarboxylic acids and derivatives;Organic oxides;Organonitrogen compounds;Organopnictogen compounds	Aliphatic acyclic compound;Carbonyl group;Carboxylic acid;Fatty acid;Organic oxide;Monocarboxylic acid or derivatives;Organic oxygen compound;Organonitrogen compound;Alpha-amino acid;Organopnictogen compound;Hydrocarbon derivative;Primary aliphatic amine;Organic nitrogen compound;Organooxygen compound
None	N[C@@H](CC1=CNC2=C1C=CC=C2)C(O)=O	Organic compounds	Organic acids and derivatives	Carboxylic acids and derivatives	Amino acids, peptides, and analogues	Alpha amino acids	Aromatic heteropolycyclic compounds	Azacyclic compounds;Benzenoids;Carbonyl compounds;Carboxylic acids;Heteroaromatic compounds;Hydrocarbon derivatives;Indoles;Monoalkylamines;Monocarboxylic acids and derivatives;Organic oxides;Organonitrogen compounds;Organopnictogen compounds;Pyrroles	Carbonyl group;Carboxylic acid;Azacycle;Indole;Heteroaromatic compound;Indole or derivatives;Organic oxide;Monocarboxylic acid or derivatives;Organic oxygen compound;Aromatic heteropolycyclic compound;Pyrrole;Organonitrogen compound;Alpha-amino acid;Organopnictogen compound;Hydrocarbon derivative;Benzenoid;Primary aliphatic amine;Organic nitrogen compound;Organoheterocyclic compound;Organooxygen compound
None	N[C@@H](CC1=CC=CC=C1)C(O)=O	Organic compounds	Organic acids and derivatives	Carboxylic acids and derivatives	Amino acids, peptides, and analogues	Phenylalanine and derivatives	Aromatic homomonocyclic compounds	Alpha amino acids;Amphetamines and derivatives;Benzene and substituted derivatives;Carbonyl compounds;Carboxylic acids;Hydrocarbon derivatives;Monoalkylamines;Monocarboxylic acids and derivatives;Organic oxides;Organonitrogen compounds;Organopnictogen compounds;Phenylpropanoic acids	Monocyclic benzene moiety;Carbonyl group;Carboxylic acid;3-Phenylpropanoic-acid;Aromatic homomonocyclic compound;Organic oxide;Monocarboxylic acid or derivatives;Phenylalanine or derivatives;Organic oxygen compound;Organonitrogen compound;Alpha-amino acid;Organopnictogen compound;Hydrocarbon derivative;Benzenoid;Primary aliphatic amine;Organic nitrogen compound;Organooxygen compound;Amphetamine or derivatives
None	[H+]	Organic compounds	Organic cations		Organic cations	Organic cations	Acyclic compounds		Acyclic compound;Organic cation
None	O[C@@H]1[C@@H](COP(O)(=O)OP(O)(=O)OP(O)(O)=O)O[C@H]([C@@H]1O)N1C=NC2=C1N=CN=C2O	Organic compounds	Nucleosides, nucleotides, and analogues	Purine nucleotides	Purine ribonucleotides	Purine ribonucleoside triphosphates	Aromatic heteropolycyclic compounds	1,2-diols;Azacyclic compounds;Heteroaromatic compounds;Hydrocarbon derivatives;Hydroxypyrimidines;Imidazoles;Monoalkyl phosphates;Monosaccharides;N-substituted imidazoles;Organic oxides;Organonitrogen compounds;Organopnictogen compounds;Oxacyclic compounds;Pentose phosphates;Purine ribonucleoside monophosphates;Purines and purine derivatives;Secondary alcohols;Tetrahydrofurans	Pentose phosphate;Purine ribonucleoside monophosphate;Monosaccharide;Pentose-5-phosphate;Hydroxypyrimidine;Imidazopyrimidine;Pyrimidine;Saccharide;Organic oxide;Aromatic heteropolycyclic compound;Imidazole;Organonitrogen compound;Organopnictogen compound;Purine ribonucleoside triphosphate;Organoheterocyclic compound;Azole;1,2-diol;N-substituted imidazole;Alcohol;Azacycle;Tetrahydrofuran;Heteroaromatic compound;Oxacycle;Organic oxygen compound;Phosphoric acid ester;Monoalkyl phosphate;Secondary alcohol;Hydrocarbon derivative;Purine;Organic nitrogen compound;Organic phosphoric acid derivative;Alkyl phosphate;Organooxygen compound
None	N[C@@H](CC1=CC=C(O)C=C1)C(O)=O	Organic compounds	Organic acids and derivatives	Carboxylic acids and derivatives	Amino acids, peptides, and analogues	Tyrosine and derivatives	Aromatic homomonocyclic compounds	1-hydroxy-2-unsubstituted benzenoids;Alpha amino acids;Amphetamines and derivatives;Benzene and substituted derivatives;Carbonyl compounds;Carboxylic acids;Hydrocarbon derivatives;Monoalkylamines;Monocarboxylic acids and derivatives;Organic oxides;Organonitrogen compounds;Organopnictogen compounds;Phenylalanine and derivatives;Phenylpropanoic acids	Monocyclic benzene moiety;Carbonyl group;Carboxylic acid;Tyrosine or derivatives;3-Phenylpropanoic-acid;1-hydroxy-2-unsubstituted benzenoid;Aromatic homomonocyclic compound;Organic oxide;Monocarboxylic acid or derivatives;Phenylalanine or derivatives;Organic oxygen compound;Organonitrogen compound;Alpha-amino acid;Organopnictogen compound;Phenol;Hydrocarbon derivative;Benzenoid;Primary aliphatic amine;Organic nitrogen compound;Organooxygen compound;Amphetamine or derivatives
None	CC(C)(COP(O)(=O)OP(O)(=O)OC[C@H]1O[C@H]([C@H](O)[C@@H]1OP(O)(O)=O)N1C=NC2=C1N=CN=C2N)[C@@H](O)C(=O)NCCC(=O)NCCSC(=O)CC(O)=O	Organic compounds	Lipids and lipid-like molecules	Fatty Acyls	Fatty acyl thioesters	Acyl CoAs	Aromatic heteropolycyclic compounds	Amino acids;Azacyclic compounds;Beta amino acids and derivatives;Carbonyl compounds;Carbothioic S-esters;Carboxylic acids;Coenzyme A and derivatives;Heteroaromatic compounds;Hydrocarbon derivatives;Imidazoles;Imidolactams;Monoalkyl phosphates;Monocarboxylic acids and derivatives;Monosaccharides;N-acyl amines;N-substituted imidazoles;Organic oxides;Organic pyrophosphates;Organopnictogen compounds;Oxacyclic compounds;Pentose phosphates;Primary amines;Purine ribonucleoside diphosphates;Purines and purine derivatives;Pyrimidines and pyrimidine derivatives;Ribonucleoside 3'-phosphates;Secondary alcohols;Secondary carboxylic acid amides;Sulfenyl compounds;Tetrahydrofurans;Thioesters;Thiolactones	Carboxylic acid;Amino acid or derivatives;Monosaccharide;Pentose-5-phosphate;Imidazopyrimidine;Carbothioic s-ester;Saccharide;Purine ribonucleoside diphosphate;Organonitrogen compound;Organoheterocyclic compound;Alcohol;Sulfenyl compound;Azacycle;Thiocarboxylic acid ester;Heteroaromatic compound;Organic pyrophosphate;Secondary carboxylic acid amide;Monoalkyl phosphate;Hydrocarbon derivative;Primary amine;Amine;Coenzyme a or derivatives;Carbonyl group;Pentose phosphate;Amino acid;Fatty amide;Organosulfur compound;Carboxylic acid derivative;Pyrimidine;Organic oxide;Aromatic heteropolycyclic compound;Imidazole;Organopnictogen compound;Imidolactam;Thiolactone;Azole;N-substituted imidazole;Purine ribonucleoside 3',5'-bisphosphate;Ribonucleoside 3'-phosphate;Thiocarboxylic acid or derivatives;Tetrahydrofuran;Carboxamide group;N-acyl-amine;Beta amino acid or derivatives;Oxacycle;Monocarboxylic acid or derivatives;Organic oxygen compound;Phosphoric acid ester;Secondary alcohol;Purine;Organic nitrogen compound;Organic phosphoric acid derivative;Alkyl phosphate;Organooxygen compound
None	CC=O	Organic compounds	Organic oxygen compounds	Organooxygen compounds	Carbonyl compounds	Short-chain aldehydes	Aliphatic acyclic compounds	Hydrocarbon derivatives;Organic oxides	Aliphatic acyclic compound;Organic oxide;Short-chain aldehyde;Hydrocarbon derivative
None	OCC(=O)[C@@H](O)[C@H](O)[C@H](O)COP(O)(O)=O	Organic compounds	Organic oxygen compounds	Organooxygen compounds	Carbohydrates and carbohydrate conjugates	Hexose phosphates	Aliphatic acyclic compounds	Acyloins;Alpha-hydroxy ketones;Beta-hydroxy ketones;Hydrocarbon derivatives;Monoalkyl phosphates;Monosaccharides;Organic oxides;Secondary alcohols	Alcohol;Beta-hydroxy ketone;Aliphatic acyclic compound;Carbonyl group;Alpha-hydroxy ketone;Ketone;Organic oxide;Phosphoric acid ester;Monoalkyl phosphate;Acyloin;Secondary alcohol;Hexose Phosphate;Hydrocarbon derivative;Organic phosphoric acid derivative;Alkyl phosphate
None	NC(N)=O	Organic compounds	Organic acids and derivatives	Organic carbonic acids and derivatives	Organic carbonic acids and derivatives	Organic carbonic acids and derivatives	Aliphatic acyclic compounds	Carbonyl compounds;Hydrocarbon derivatives;Organic oxides;Organonitrogen compounds;Organopnictogen compounds	Aliphatic acyclic compound;Carbonyl group;Organic oxide;Carbonic acid derivative;Organic oxygen compound;Organonitrogen compound;Organopnictogen compound;Hydrocarbon derivative;Organic nitrogen compound;Organooxygen compound
None	ON=O	Organic compounds	Organic nitrogen compounds	Organonitrogen compounds	Organic nitroso compounds	Organic O-nitroso compounds	Acyclic compounds	Organic nitrites;Organic nitrogen compounds;Organic oxides	Organic oxide;Organic oxygen compound;Acyclic compound;Organic nitrite;Organic O-nitroso compound
None	OC[C@H]1O[C@@](CO)(O[C@H]2O[C@H](CO)[C@@H](O)[C@H](O)[C@H]2O)[C@@H](O)[C@@H]1O	Organic compounds	Organic oxygen compounds	Organooxygen compounds	Ethers	Ketals	Aliphatic heteromonocyclic compounds	Hydrocarbon derivatives;Monosaccharides;Oxacyclic compounds;Oxanes;Primary alcohols;Secondary alcohols;Tetrahydrofurans	Alcohol;Tetrahydrofuran;Monosaccharide;Oxacycle;Saccharide;Ketal;Aliphatic heteromonocyclic compound;Secondary alcohol;Hydrocarbon derivative;Oxane;Primary alcohol;Organoheterocyclic compound
None	CC(C)(COP(O)(=O)OP(O)(=O)OC[C@H]1O[C@H]([C@H](O)[C@@H]1OP(O)(O)=O)N1C=NC2=C1N=CN=C2N)[C@@H](O)C(=O)NCCC(=O)NCCSC(=O)CCC(O)=O	Organic compounds	Lipids and lipid-like molecules	Fatty Acyls	Fatty acyl thioesters	Acyl CoAs	Aromatic heteropolycyclic compounds	Amino acids;Azacyclic compounds;Beta amino acids and derivatives;Carbonyl compounds;Carbothioic S-esters;Carboxylic acids;Coenzyme A and derivatives;Heteroaromatic compounds;Hydrocarbon derivatives;Hydroxy fatty acids;Imidazoles;Imidolactams;Monoalkyl phosphates;Monocarboxylic acids and derivatives;Monosaccharides;N-acyl amines;N-substituted imidazoles;Organic oxides;Organic pyrophosphates;Organopnictogen compounds;Oxacyclic compounds;Pentose phosphates;Primary amines;Purine ribonucleoside diphosphates;Purines and purine derivatives;Pyrimidines and pyrimidine derivatives;Ribonucleoside 3'-phosphates;Secondary alcohols;Secondary carboxylic acid amides;Sulfenyl compounds;Tetrahydrofurans;Thia fatty acids;Thioesters;Thiolactones	Carboxylic acid;Amino acid or derivatives;Monosaccharide;Pentose-5-phosphate;Imidazopyrimidine;Carbothioic s-ester;Saccharide;Purine ribonucleoside diphosphate;Organonitrogen compound;Hydroxy fatty acid;Organoheterocyclic compound;Alcohol;Sulfenyl compound;Azacycle;Thiocarboxylic acid ester;Heteroaromatic compound;Organic pyrophosphate;Secondary carboxylic acid amide;Monoalkyl phosphate;Hydrocarbon derivative;Primary amine;Amine;Coenzyme a or derivatives;Carbonyl group;Pentose phosphate;Amino acid;Fatty amide;Organosulfur compound;Carboxylic acid derivative;Pyrimidine;Organic oxide;Aromatic heteropolycyclic compound;Imidazole;Organopnictogen compound;Imidolactam;Thiolactone;Azole;N-substituted imidazole;Purine ribonucleoside 3',5'-bisphosphate;Ribonucleoside 3'-phosphate;Thiocarboxylic acid or derivatives;Tetrahydrofuran;Carboxamide group;N-acyl-amine;Beta amino acid or derivatives;Oxacycle;Monocarboxylic acid or derivatives;Thia fatty acid;Organic oxygen compound;Phosphoric acid ester;Secondary alcohol;Purine;Organic nitrogen compound;Organic phosphoric acid derivative;Alkyl phosphate;Organooxygen compound
None	OC1O[C@H](COP(O)(O)=O)[C@@H](O)[C@H](O)[C@H]1O	Organic compounds	Organic oxygen compounds	Organooxygen compounds	Carbohydrates and carbohydrate conjugates	Hexose phosphates	Aliphatic heteromonocyclic compounds	Hemiacetals;Hydrocarbon derivatives;Monoalkyl phosphates;Monosaccharides;Organic oxides;Oxacyclic compounds;Oxanes;Secondary alcohols	Alcohol;Oxacycle;Organic oxide;Phosphoric acid ester;Monoalkyl phosphate;Aliphatic heteromonocyclic compound;Secondary alcohol;Hexose Phosphate;Hemiacetal;Hydrocarbon derivative;Oxane;Organic phosphoric acid derivative;Alkyl phosphate;Organoheterocyclic compound
None	OC[C@@H](O)COP(O)(O)=O	Organic compounds	Lipids and lipid-like molecules	Glycerophospholipids	Glycerophosphates	Glycerophosphates	Aliphatic acyclic compounds	1,2-diols;Hydrocarbon derivatives;Monoalkyl phosphates;Organic oxides;Primary alcohols;Secondary alcohols	Alcohol;Aliphatic acyclic compound;Sn-glycerol-3-phosphate;Organic oxide;Organic oxygen compound;Phosphoric acid ester;Monoalkyl phosphate;Secondary alcohol;Hydrocarbon derivative;Primary alcohol;Organic phosphoric acid derivative;Alkyl phosphate;Organooxygen compound;1,2-diol
None	OS(O)=O	Organic compounds	Organic oxygen compounds	Organic oxides	Organic oxides	Organic oxides	Acyclic compounds		Organic oxide;Acyclic compound
None	OC[C@H]1O[C@](O)(CO)[C@@H](O)[C@@H]1O	Organic compounds	Organic oxygen compounds	Organooxygen compounds	Carbohydrates and carbohydrate conjugates	Monosaccharides	Aliphatic heteromonocyclic compounds	Hemiacetals;Hydrocarbon derivatives;Oxacyclic compounds;Primary alcohols;Secondary alcohols;Tetrahydrofurans	Alcohol;Tetrahydrofuran;Monosaccharide;Oxacycle;Aliphatic heteromonocyclic compound;Secondary alcohol;Hemiacetal;Hydrocarbon derivative;Primary alcohol;Organoheterocyclic compound
None	NC1=NC2=C(N=CN2[C@@H]2O[C@H](COP(O)(=O)OP(O)(=O)O[C@H]3O[C@H](CO)[C@@H](O)[C@H](O)[C@@H]3O)[C@@H](O)[C@H]2O)C(=O)N1	Organic compounds	Organic oxygen compounds	Organooxygen compounds	Carbohydrates and carbohydrate conjugates	Monosaccharides	Aromatic heteropolycyclic compounds	Azacyclic compounds;Heteroaromatic compounds;Hydrocarbon derivatives;Hypoxanthines;Imidazoles;Lactams;Monoalkyl phosphates;N-substituted imidazoles;Organic oxides;Organic pyrophosphates;Organopnictogen compounds;Oxacyclic compounds;Oxanes;Pentose phosphates;Primary alcohols;Primary amines;Purine ribonucleoside diphosphates;Purine ribonucleoside monophosphates;Purines and purine derivatives;Pyrimidones;Secondary alcohols;Tetrahydrofurans;Vinylogous amides	Lactam;Pentose phosphate;Purine ribonucleoside monophosphate;Monosaccharide;Pentose-5-phosphate;Pyrimidone;Imidazopyrimidine;Pyrimidine;Organic oxide;Purine ribonucleoside diphosphate;Aromatic heteropolycyclic compound;Imidazole;Organonitrogen compound;Organopnictogen compound;Oxane;Primary alcohol;Organoheterocyclic compound;Azole;N-substituted imidazole;Alcohol;Vinylogous amide;Azacycle;Tetrahydrofuran;Heteroaromatic compound;Organic pyrophosphate;Oxacycle;Phosphoric acid ester;Monoalkyl phosphate;Secondary alcohol;Hypoxanthine;Hydrocarbon derivative;Purine;Primary amine;Organic nitrogen compound;Organic phosphoric acid derivative;Amine;Alkyl phosphate
None	N[C@@H](CS)C(O)=O	Organic compounds	Organic acids and derivatives	Carboxylic acids and derivatives	Amino acids, peptides, and analogues	Cysteine and derivatives	Aliphatic acyclic compounds	Alkylthiols;Alpha amino acids;Carbonyl compounds;Carboxylic acids;Hydrocarbon derivatives;Monoalkylamines;Monocarboxylic acids and derivatives;Organic oxides;Organonitrogen compounds;Organopnictogen compounds;Organosulfur compounds	Aliphatic acyclic compound;Carbonyl group;Carboxylic acid;Organosulfur compound;Organic oxide;Monocarboxylic acid or derivatives;Organic oxygen compound;Cysteine or derivatives;Organonitrogen compound;Alpha-amino acid;Organopnictogen compound;Hydrocarbon derivative;Primary aliphatic amine;Organic nitrogen compound;Alkylthiol;Organooxygen compound
None	NCCC(O)=O	Organic compounds	Organic acids and derivatives	Carboxylic acids and derivatives	Amino acids, peptides, and analogues	Beta amino acids and derivatives	Aliphatic acyclic compounds	Carbonyl compounds;Carboxylic acids;Hydrocarbon derivatives;Monoalkylamines;Monocarboxylic acids and derivatives;Organic oxides;Organonitrogen compounds;Organopnictogen compounds	Aliphatic acyclic compound;Carbonyl group;Carboxylic acid;Beta amino acid or derivatives;Organic oxide;Monocarboxylic acid or derivatives;Organic oxygen compound;Organonitrogen compound;Organopnictogen compound;Hydrocarbon derivative;Primary aliphatic amine;Organic nitrogen compound;Organooxygen compound
None	CCC(=O)SCCNC(=O)CCNC(=O)[C@H](O)C(C)(C)COP(O)(=O)OP(O)(=O)OC[C@H]1O[C@H]([C@H](O)[C@@H]1OP(O)(O)=O)N1C=NC2=C1N=CN=C2N	Organic compounds	Lipids and lipid-like molecules	Fatty Acyls	Fatty acyl thioesters	Acyl CoAs	Aromatic heteropolycyclic compounds	Azacyclic compounds;Beta amino acids and derivatives;Carbonyl compounds;Carbothioic S-esters;Carboxylic acids and derivatives;Coenzyme A and derivatives;Heteroaromatic compounds;Hydrocarbon derivatives;Imidazoles;Imidolactams;Monoalkyl phosphates;Monosaccharides;N-acyl amines;N-substituted imidazoles;Organic oxides;Organic pyrophosphates;Organopnictogen compounds;Oxacyclic compounds;Pentose phosphates;Primary amines;Purine ribonucleoside diphosphates;Purines and purine derivatives;Pyrimidines and pyrimidine derivatives;Ribonucleoside 3'-phosphates;Secondary alcohols;Secondary carboxylic acid amides;Sulfenyl compounds;Tetrahydrofurans;Thioesters;Thiolactones	Amino acid or derivatives;Monosaccharide;Pentose-5-phosphate;Imidazopyrimidine;Carbothioic s-ester;Saccharide;Purine ribonucleoside diphosphate;Organonitrogen compound;Organoheterocyclic compound;Alcohol;Sulfenyl compound;Azacycle;Thiocarboxylic acid ester;Heteroaromatic compound;Organic pyrophosphate;Secondary carboxylic acid amide;Monoalkyl phosphate;Hydrocarbon derivative;Primary amine;Amine;Coenzyme a or derivatives;Carbonyl group;Pentose phosphate;Fatty amide;Organosulfur compound;Carboxylic acid derivative;Pyrimidine;Organic oxide;Aromatic heteropolycyclic compound;Imidazole;Organopnictogen compound;Imidolactam;Thiolactone;Azole;N-substituted imidazole;Purine ribonucleoside 3',5'-bisphosphate;Ribonucleoside 3'-phosphate;Thiocarboxylic acid or derivatives;Tetrahydrofuran;Carboxamide group;N-acyl-amine;Beta amino acid or derivatives;Oxacycle;Organic oxygen compound;Phosphoric acid ester;Secondary alcohol;Purine;Organic nitrogen compound;Organic phosphoric acid derivative;Alkyl phosphate;Organooxygen compound
None	NC1=NC(=O)C2=C(NC[C@H](CNC3=CC=C(C=C3)C(=O)NC(CCC(O)=O)C(O)=O)N2)N1	Organic compounds	Organic acids and derivatives	Carboxylic acids and derivatives	Amino acids, peptides, and analogues	Glutamic acid and derivatives	Aromatic heteropolycyclic compounds	Alpha amino acids;Amino acids;Azacyclic compounds;Benzoyl derivatives;Carbonyl compounds;Carboxylic acids;Dicarboxylic acids and derivatives;Heteroaromatic compounds;Hippuric acids and derivatives;Hydrocarbon derivatives;N-acyl-alpha amino acids;Organic oxides;Organopnictogen compounds;Phenylalkylamines;Primary amines;Pterins and derivatives;Pyrimidones;Secondary alkylarylamines;Secondary carboxylic acid amides;Vinylogous amides	Monocyclic benzene moiety;Carbonyl group;Carboxylic acid;Amino acid;Benzoyl;Pyrimidone;Benzamide;Pyrimidine;Organic oxide;Aromatic heteropolycyclic compound;Organonitrogen compound;Alpha-amino acid;Organopnictogen compound;Organoheterocyclic compound;N-acyl-alpha amino acid or derivatives;Vinylogous amide;Pterin;Azacycle;N-acyl-alpha-amino acid;Hippuric acid or derivatives;Heteroaromatic compound;Benzoic acid or derivatives;Glutamic acid or derivatives;Secondary amine;Carboxamide group;Secondary aliphatic/aromatic amine;Secondary carboxylic acid amide;Organic oxygen compound;Dicarboxylic acid or derivatives;Phenylalkylamine;Hydrocarbon derivative;Benzenoid;Primary amine;Organic nitrogen compound;Amine;Organooxygen compound
None	OC[C@H]1O[C@H](OP(O)(O)=O)[C@H](O)[C@@H](O)[C@@H]1O	Organic compounds	Organic acids and derivatives	Organic phosphoric acids and derivatives	Phosphate esters	Monoalkyl phosphates	Aliphatic heteromonocyclic compounds	Hydrocarbon derivatives;Monosaccharides;Organic oxides;Oxacyclic compounds;Oxanes;Primary alcohols;Secondary alcohols	Alcohol;Monosaccharide;Oxacycle;Saccharide;Organic oxide;Organic oxygen compound;Monoalkyl phosphate;Aliphatic heteromonocyclic compound;Secondary alcohol;Hydrocarbon derivative;Oxane;Primary alcohol;Organoheterocyclic compound;Organooxygen compound
None	O[C@@H]1[C@@H](COP(O)(=O)OP(O)(O)=O)OC([C@@H]1O)N1C=NC2=C1NC=NC2=O	Organic compounds	Nucleosides, nucleotides, and analogues	Purine nucleotides	Purine ribonucleotides	Purine ribonucleoside diphosphates	Aromatic heteropolycyclic compounds	1,2-diols;Azacyclic compounds;Heteroaromatic compounds;Hydrocarbon derivatives;Hypoxanthines;Imidazoles;Monoalkyl phosphates;Monosaccharides;N-substituted imidazoles;Organic oxides;Organic pyrophosphates;Organonitrogen compounds;Organopnictogen compounds;Oxacyclic compounds;Pentose phosphates;Purine ribonucleoside monophosphates;Purines and purine derivatives;Pyrimidones;Secondary alcohols;Tetrahydrofurans;Vinylogous amides	Pentose phosphate;Purine ribonucleoside monophosphate;Monosaccharide;Pentose-5-phosphate;Pyrimidone;Imidazopyrimidine;Pyrimidine;Saccharide;Organic oxide;Purine ribonucleoside diphosphate;Aromatic heteropolycyclic compound;Imidazole;Organonitrogen compound;Organopnictogen compound;Organoheterocyclic compound;Azole;1,2-diol;N-substituted imidazole;Alcohol;Vinylogous amide;Azacycle;Tetrahydrofuran;Heteroaromatic compound;Organic pyrophosphate;Oxacycle;Organic oxygen compound;Phosphoric acid ester;Monoalkyl phosphate;Secondary alcohol;Hypoxanthine;Hydrocarbon derivative;Purine;Organic nitrogen compound;Organic phosphoric acid derivative;Alkyl phosphate;Organooxygen compound
None	O[C@H]1[C@@H](O)[C@@H](O[C@@H]1COP(O)(O)=O)N1C=CC(=O)NC1=O	Organic compounds	Nucleosides, nucleotides, and analogues	Pyrimidine nucleotides	Pyrimidine ribonucleotides	Pyrimidine ribonucleoside monophosphates	Aromatic heteromonocyclic compounds	1,2-diols;Azacyclic compounds;Heteroaromatic compounds;Hydrocarbon derivatives;Lactams;Monoalkyl phosphates;Monosaccharides;Organic carbonic acids and derivatives;Organic oxides;Organonitrogen compounds;Organopnictogen compounds;Oxacyclic compounds;Pentose phosphates;Pyrimidones;Secondary alcohols;Tetrahydrofurans;Vinylogous amides	Lactam;Aromatic heteromonocyclic compound;Pentose phosphate;Monosaccharide;Pentose-5-phosphate;Pyrimidone;Pyrimidine;Saccharide;Organic oxide;Organonitrogen compound;Organopnictogen compound;Organoheterocyclic compound;1,2-diol;Alcohol;Vinylogous amide;Carbonic acid derivative;Azacycle;Tetrahydrofuran;Heteroaromatic compound;Oxacycle;Pyrimidine ribonucleoside monophosphate;Organic oxygen compound;Phosphoric acid ester;Monoalkyl phosphate;Secondary alcohol;Hydrocarbon derivative;Organic nitrogen compound;Organic phosphoric acid derivative;Alkyl phosphate;Organooxygen compound
None	O=C1NC=CC(=O)N1	Organic compounds	Organoheterocyclic compounds	Diazines	Pyrimidines and pyrimidine derivatives	Pyrimidones	Aromatic heteromonocyclic compounds	Azacyclic compounds;Heteroaromatic compounds;Hydrocarbon derivatives;Lactams;Organic carbonic acids and derivatives;Organic oxides;Organonitrogen compounds;Organooxygen compounds;Organopnictogen compounds;Vinylogous amides	Vinylogous amide;Carbonic acid derivative;Lactam;Aromatic heteromonocyclic compound;Azacycle;Heteroaromatic compound;Pyrimidone;Organic oxide;Organic oxygen compound;Organonitrogen compound;Organopnictogen compound;Hydrocarbon derivative;Organic nitrogen compound;Organooxygen compound
None	NC1=CC=CC=C1C(O)=O	Organic compounds	Benzenoids	Benzene and substituted derivatives	Benzoic acids and derivatives	Benzoic acids	Aromatic homomonocyclic compounds	1-carboxy-2-haloaromatic compounds;Amino acids;Benzoyl derivatives;Hydrocarbon derivatives;Monocarboxylic acids and derivatives;Organic oxides;Organooxygen compounds;Organopnictogen compounds;Primary amines;Vinylogous amides	Vinylogous amide;Carboxylic acid;Amino acid or derivatives;Amino acid;Benzoyl;Carboxylic acid derivative;Aromatic homomonocyclic compound;Organic oxide;Monocarboxylic acid or derivatives;Organic oxygen compound;Organonitrogen compound;Organopnictogen compound;Hydrocarbon derivative;Primary amine;1-carboxy-2-haloaromatic compound;Organic nitrogen compound;Benzoic acid;Amine;Organooxygen compound
None	CCC(=O)C(O)=O	Organic compounds	Organic acids and derivatives	Keto acids and derivatives	Short-chain keto acids and derivatives	Short-chain keto acids and derivatives	Aliphatic acyclic compounds	Alpha-hydroxy ketones;Alpha-keto acids and derivatives;Carboxylic acids;Hydrocarbon derivatives;Monocarboxylic acids and derivatives;Organic oxides	Aliphatic acyclic compound;Carbonyl group;Carboxylic acid;Short-chain keto acid;Alpha-hydroxy ketone;Carboxylic acid derivative;Ketone;Organic oxide;Monocarboxylic acid or derivatives;Organic oxygen compound;Alpha-keto acid;Hydrocarbon derivative;Organooxygen compound
None	OCC(=O)COP(O)(O)=O	Organic compounds	Organic oxygen compounds	Organooxygen compounds	Carbonyl compounds	Glycerone phosphates	Aliphatic acyclic compounds	Alcohols and polyols;Alpha-hydroxy ketones;Hydrocarbon derivatives;Monoalkyl phosphates;Monosaccharides;Organic oxides	Alcohol;Aliphatic acyclic compound;Monosaccharide;Alpha-hydroxy ketone;Glycerone phosphate;Saccharide;Organic oxide;Phosphoric acid ester;Monoalkyl phosphate;Hydrocarbon derivative;Organic phosphoric acid derivative;Alkyl phosphate
None	NC1=NC(=O)N(C=C1)[C@@H]1O[C@H](COP(O)(=O)OP(O)(O)=O)[C@@H](O)[C@H]1O	Organic compounds	Nucleosides, nucleotides, and analogues	Pyrimidine nucleotides	Pyrimidine ribonucleotides	Pyrimidine ribonucleoside diphosphates	Aromatic heteromonocyclic compounds	1,2-diols;Azacyclic compounds;Heteroaromatic compounds;Hydrocarbon derivatives;Imidolactams;Monoalkyl phosphates;Monosaccharides;Organic carbonic acids and derivatives;Organic oxides;Organic pyrophosphates;Organopnictogen compounds;Oxacyclic compounds;Pentose phosphates;Primary amines;Pyrimidones;Secondary alcohols;Tetrahydrofurans	Aromatic heteromonocyclic compound;Pentose phosphate;Monosaccharide;Pentose-5-phosphate;Pyrimidone;Pyrimidine;Saccharide;Organic oxide;Organonitrogen compound;Organopnictogen compound;Imidolactam;Organoheterocyclic compound;1,2-diol;Alcohol;Carbonic acid derivative;Azacycle;Tetrahydrofuran;Heteroaromatic compound;Organic pyrophosphate;Oxacycle;Pyrimidine ribonucleoside diphosphate;Organic oxygen compound;Phosphoric acid ester;Monoalkyl phosphate;Secondary alcohol;Hydrocarbon derivative;Primary amine;Organic nitrogen compound;Organic phosphoric acid derivative;Amine;Alkyl phosphate;Organooxygen compound
None	C[N+](C)(C)CCO	Organic compounds	Organic nitrogen compounds	Organonitrogen compounds	Quaternary ammonium salts	Cholines	Aliphatic acyclic compounds	1,2-aminoalcohols;Alcohols and polyols;Hydrocarbon derivatives;Organic cations;Organic salts;Organopnictogen compounds;Tetraalkylammonium salts	Alcohol;Aliphatic acyclic compound;Tetraalkylammonium salt;1,2-aminoalcohol;Organic oxygen compound;Choline;Organopnictogen compound;Hydrocarbon derivative;Organic cation;Organic salt;Amine;Organooxygen compound;Alkanolamine
None	OCC(O)CO	Organic compounds	Organic oxygen compounds	Organooxygen compounds	Alcohols and polyols	Secondary alcohols	Aliphatic acyclic compounds	Hydrocarbon derivatives;Primary alcohols	Aliphatic acyclic compound;Secondary alcohol;Hydrocarbon derivative;Primary alcohol
None	O[C@H]1O[C@H](COP(O)(O)=O)[C@@H](O)[C@H]1O	Organic compounds	Organic oxygen compounds	Organooxygen compounds	Carbohydrates and carbohydrate conjugates	Pentose phosphates	Aliphatic heteromonocyclic compounds	1,2-diols;Hemiacetals;Hydrocarbon derivatives;Monoalkyl phosphates;Monosaccharides;Organic oxides;Oxacyclic compounds;Secondary alcohols;Tetrahydrofurans	Alcohol;Tetrahydrofuran;Pentose phosphate;Pentose-5-phosphate;Oxacycle;Organic oxide;Phosphoric acid ester;Monoalkyl phosphate;Aliphatic heteromonocyclic compound;Secondary alcohol;Hemiacetal;Hydrocarbon derivative;Organic phosphoric acid derivative;Alkyl phosphate;Organoheterocyclic compound;1,2-diol
None	O[C@H](COP(O)(O)=O)C=O	Organic compounds	Organic oxygen compounds	Organooxygen compounds	Carbohydrates and carbohydrate conjugates	Glyceraldehyde-3-phosphates	Aliphatic acyclic compounds	Alpha-hydroxyaldehydes;Hydrocarbon derivatives;Monoalkyl phosphates;Monosaccharides;Organic oxides;Secondary alcohols	Alcohol;Aliphatic acyclic compound;Carbonyl group;Aldehyde;Organic oxide;Alpha-hydroxyaldehyde;Glyceraldehyde-3-phosphate;Phosphoric acid ester;Monoalkyl phosphate;Secondary alcohol;Hydrocarbon derivative;Organic phosphoric acid derivative;Alkyl phosphate
None	O[C@H]1[C@@H](O)[C@@H](OP(O)(=O)OP(O)(O)=O)O[C@@H]1COP(O)(O)=O	Organic compounds	Organic oxygen compounds	Organooxygen compounds	Carbohydrates and carbohydrate conjugates	Pentose phosphates	Aliphatic heteromonocyclic compounds	1,2-diols;Hydrocarbon derivatives;Monoalkyl phosphates;Monosaccharides;Organic oxides;Organic pyrophosphates;Oxacyclic compounds;Secondary alcohols;Tetrahydrofurans	Alcohol;Tetrahydrofuran;Pentose phosphate;Pentose-5-phosphate;Organic pyrophosphate;Oxacycle;Organic oxide;Phosphoric acid ester;Monoalkyl phosphate;Aliphatic heteromonocyclic compound;Secondary alcohol;Hydrocarbon derivative;Organic phosphoric acid derivative;Alkyl phosphate;Organoheterocyclic compound;1,2-diol
None	[H][C@]12CS[C@@H](CCCCC(O)=O)[C@@]1([H])NC(=O)N2	Organic compounds	Organoheterocyclic compounds	Biotin and derivatives	Biotin and derivatives	Biotin and derivatives	Aliphatic heteropolycyclic compounds	Azacyclic compounds;Carbonyl compounds;Carboxylic acids;Dialkylthioethers;Heterocyclic fatty acids;Hydrocarbon derivatives;Imidazolidinones;Medium-chain fatty acids;Monocarboxylic acids and derivatives;Organic carbonic acids and derivatives;Organic oxides;Organonitrogen compounds;Organopnictogen compounds;Thienoimidazolidines;Thiolanes;Thiophenes	Thiolane;Imidazolidine;Fatty acyl;Carbonyl group;Carboxylic acid;Heterocyclic fatty acid;Fatty acid;Thiophene;Carboxylic acid derivative;Aliphatic heteropolycyclic compound;Imidazolidinone;Organic oxide;Biotin_derivative;Organonitrogen compound;Organopnictogen compound;Medium-chain fatty acid;Carbonic acid derivative;Azacycle;Dialkylthioether;Biotin;Thienoimidazolidine;Monocarboxylic acid or derivatives;Organic oxygen compound;Thioether;Hydrocarbon derivative;Organic nitrogen compound;Organooxygen compound
None	OC[C@H]1OC(O)[C@H](O)[C@@H]1O	Organic compounds	Organic oxygen compounds	Organooxygen compounds	Carbohydrates and carbohydrate conjugates	Monosaccharides	Aliphatic heteromonocyclic compounds	Hemiacetals;Hydrocarbon derivatives;Oxacyclic compounds;Primary alcohols;Secondary alcohols;Tetrahydrofurans	Alcohol;Tetrahydrofuran;Monosaccharide;Oxacycle;Aliphatic heteromonocyclic compound;Secondary alcohol;Hemiacetal;Hydrocarbon derivative;Primary alcohol;Organoheterocyclic compound
None	OC(=O)\C=C\C(O)=O	Organic compounds	Organic acids and derivatives	Carboxylic acids and derivatives	Dicarboxylic acids and derivatives	Dicarboxylic acids and derivatives	Aliphatic acyclic compounds	Carbonyl compounds;Carboxylic acids;Hydrocarbon derivatives;Organic oxides;Unsaturated fatty acids	Fatty acyl;Aliphatic acyclic compound;Carbonyl group;Carboxylic acid;Fatty acid;Unsaturated fatty acid;Organic oxide;Organic oxygen compound;Dicarboxylic acid or derivatives;Hydrocarbon derivative;Organooxygen compound
None	CC(C)C[C@H](N)C(O)=O	Organic compounds	Organic acids and derivatives	Carboxylic acids and derivatives	Amino acids, peptides, and analogues	Leucine and derivatives	Aliphatic acyclic compounds	Alpha amino acids;Carbonyl compounds;Carboxylic acids;Hydrocarbon derivatives;Methyl-branched fatty acids;Monoalkylamines;Monocarboxylic acids and derivatives;Organic oxides;Organonitrogen compounds;Organopnictogen compounds	Fatty acyl;Aliphatic acyclic compound;Carbonyl group;Carboxylic acid;Methyl-branched fatty acid;Fatty acid;Branched fatty acid;Organic oxide;Monocarboxylic acid or derivatives;Organic oxygen compound;Leucine or derivatives;Organonitrogen compound;Alpha-amino acid;Organopnictogen compound;Hydrocarbon derivative;Primary aliphatic amine;Organic nitrogen compound;Organooxygen compound
None	OC[C@H]1O[C@H](O)[C@H](O)[C@@H](O)[C@H]1O	Organic compounds	Organic oxygen compounds	Organooxygen compounds	Carbohydrates and carbohydrate conjugates	Monosaccharides	Aliphatic heteromonocyclic compounds	Hemiacetals;Hydrocarbon derivatives;Oxacyclic compounds;Oxanes;Primary alcohols;Secondary alcohols	Alcohol;Monosaccharide;Oxacycle;Aliphatic heteromonocyclic compound;Secondary alcohol;Hemiacetal;Hydrocarbon derivative;Oxane;Primary alcohol;Organoheterocyclic compound
None	N[C@@H](CCC(=O)N[C@@H](CSSC[C@H](NC(=O)CC[C@H](N)C(O)=O)C(=O)NCC(O)=O)C(=O)NCC(O)=O)C(O)=O	Organic compounds	Organic acids and derivatives	Carboxylic acids and derivatives	Amino acids, peptides, and analogues	Oligopeptides	Aliphatic acyclic compounds	Acyl glycines;Alpha amino acid amides;Alpha amino acids;Carbonyl compounds;Carboxylic acids;Cysteine and derivatives;Dialkyldisulfides;Glutamine and derivatives;Hydrocarbon derivatives;Monoalkylamines;N-acyl amines;Organic oxides;Organonitrogen compounds;Organopnictogen compounds;Secondary carboxylic acid amides;Sulfenyl compounds;Tetracarboxylic acids and derivatives	Fatty acyl;Aliphatic acyclic compound;Carbonyl group;Carboxylic acid;Glutamine or derivatives;Fatty amide;Alpha-amino acid or derivatives;Organosulfur compound;Organic oxide;Organonitrogen compound;Alpha-amino acid;Organopnictogen compound;N-acyl-alpha amino acid or derivatives;Sulfenyl compound;Alpha-amino acid amide;N-acyl-alpha-amino acid;Tetracarboxylic acid or derivatives;Carboxamide group;N-acyl-amine;N-acylglycine;N-substituted-alpha-amino acid;Secondary carboxylic acid amide;Dialkyldisulfide;Organic oxygen compound;Organic disulfide;Cysteine or derivatives;Hydrocarbon derivative;Primary aliphatic amine;Alpha-oligopeptide;Organic nitrogen compound;Organooxygen compound
None	CC(=C)CCOP(O)(=O)OP(O)(O)=O	Organic compounds	Lipids and lipid-like molecules	Prenol lipids	Isoprenoid phosphates	Isoprenoid phosphates	Aliphatic acyclic compounds	Hydrocarbon derivatives;Monoalkyl phosphates;Organic oxides;Organic pyrophosphates;Organooxygen compounds	Aliphatic acyclic compound;Organic oxide;Organic oxygen compound;Phosphoric acid ester;Monoalkyl phosphate;Hydrocarbon derivative;Organic phosphoric acid derivative;Organic pyrophosphate;Isoprenoid phosphate;Alkyl phosphate;Organooxygen compound
None	O[C@@H]1[C@@H](COP(O)(O)=O)O[C@H]([C@@H]1O)N1C=NC2=C1N=CNC2=O	Organic compounds	Nucleosides, nucleotides, and analogues	Purine nucleotides	Purine ribonucleotides	Purine ribonucleoside monophosphates	Aromatic heteropolycyclic compounds	1,2-diols;Azacyclic compounds;Heteroaromatic compounds;Hydrocarbon derivatives;Hypoxanthines;Imidazoles;Lactams;Monoalkyl phosphates;Monosaccharides;N-substituted imidazoles;Organic oxides;Organonitrogen compounds;Organopnictogen compounds;Oxacyclic compounds;Pentose phosphates;Purines and purine derivatives;Pyrimidones;Secondary alcohols;Tetrahydrofurans;Vinylogous amides	Lactam;Pentose phosphate;Purine ribonucleoside monophosphate;Monosaccharide;Pentose-5-phosphate;Pyrimidone;Imidazopyrimidine;Pyrimidine;Saccharide;Organic oxide;Aromatic heteropolycyclic compound;Imidazole;Organonitrogen compound;Organopnictogen compound;Organoheterocyclic compound;Azole;1,2-diol;N-substituted imidazole;Alcohol;Vinylogous amide;Azacycle;Tetrahydrofuran;Heteroaromatic compound;Oxacycle;Organic oxygen compound;Phosphoric acid ester;Monoalkyl phosphate;Secondary alcohol;Hypoxanthine;Hydrocarbon derivative;Purine;Organic nitrogen compound;Organic phosphoric acid derivative;Alkyl phosphate;Organooxygen compound
None	NC1=NC=NC2=C1N=CN2[C@H]1C[C@H](O)[C@@H](COP(O)(=O)OP(O)(=O)OP(O)(O)=O)O1	Organic compounds	Organic oxygen compounds	Organooxygen compounds	Carbohydrates and carbohydrate conjugates	Pentose phosphates	Aromatic heteropolycyclic compounds	Azacyclic compounds;Heteroaromatic compounds;Hydrocarbon derivatives;Imidazoles;Imidolactams;Monoalkyl phosphates;Monosaccharides;N-substituted imidazoles;Organic oxides;Organopnictogen compounds;Oxacyclic compounds;Primary amines;Purines and purine derivatives;Pyrimidines and pyrimidine derivatives;Secondary alcohols;Tetrahydrofurans	Pentose phosphate;Imidazopyrimidine;Pyrimidine;Organic oxide;Aromatic heteropolycyclic compound;Imidazole;Organonitrogen compound;Organopnictogen compound;Imidolactam;Organoheterocyclic compound;Azole;N-substituted imidazole;Alcohol;Azacycle;Tetrahydrofuran;Heteroaromatic compound;Oxacycle;Phosphoric acid ester;Monoalkyl phosphate;Secondary alcohol;Hydrocarbon derivative;Primary amine;Purine;Organic nitrogen compound;Organic phosphoric acid derivative;Amine;Alkyl phosphate
None	CO	Organic compounds	Organic oxygen compounds	Organooxygen compounds	Alcohols and polyols	Alcohols and polyols	Aliphatic acyclic compounds	Hydrocarbon derivatives	Alcohol;Aliphatic acyclic compound;Hydrocarbon derivative
None	C[C@@H](N)C(O)=O	Organic compounds	Organic acids and derivatives	Carboxylic acids and derivatives	Amino acids, peptides, and analogues	Alanine and derivatives	Aliphatic acyclic compounds	Alpha amino acids;Carbonyl compounds;Carboxylic acids;Hydrocarbon derivatives;Monoalkylamines;Monocarboxylic acids and derivatives;Organic oxides;Organonitrogen compounds;Organopnictogen compounds	Aliphatic acyclic compound;Carbonyl group;Carboxylic acid;Organic oxide;Monocarboxylic acid or derivatives;Organic oxygen compound;Organonitrogen compound;Alpha-amino acid;Organopnictogen compound;Alanine or derivatives;Hydrocarbon derivative;Primary aliphatic amine;Organic nitrogen compound;Organooxygen compound
None	NCCCCN	Organic compounds	Organic nitrogen compounds	Organonitrogen compounds	Organonitrogen compounds	Organonitrogen compounds	Aliphatic acyclic compounds	Hydrocarbon derivatives;Monoalkylamines;Organopnictogen compounds	Aliphatic acyclic compound;Organonitrogen compound;Organopnictogen compound;Hydrocarbon derivative;Primary aliphatic amine
None	N[C@@H](CC1=CN=CN1)C(O)=O	Organic compounds	Organic acids and derivatives	Carboxylic acids and derivatives	Amino acids, peptides, and analogues	Alpha amino acids	Aromatic heteromonocyclic compounds	Azacyclic compounds;Carbonyl compounds;Carboxylic acids;Heteroaromatic compounds;Hydrocarbon derivatives;Imidazoles;Monoalkylamines;Monocarboxylic acids and derivatives;Organic oxides;Organonitrogen compounds;Organopnictogen compounds	Carbonyl group;Carboxylic acid;Aromatic heteromonocyclic compound;Azacycle;Heteroaromatic compound;Organic oxide;Monocarboxylic acid or derivatives;Organic oxygen compound;Imidazole;Organonitrogen compound;Alpha-amino acid;Organopnictogen compound;Hydrocarbon derivative;Primary aliphatic amine;Organic nitrogen compound;Organoheterocyclic compound;Organooxygen compound;Azole
None	CCCC(=O)SCCNC(=O)CCNC(=O)C(O)C(C)(C)COP(O)(=O)OP(O)(=O)OCC1OC(C(O)C1OP(O)(O)=O)N1C=NC2=C1N=CN=C2N	Organic compounds	Lipids and lipid-like molecules	Fatty Acyls	Fatty acyl thioesters	Acyl CoAs	Aromatic heteropolycyclic compounds	Azacyclic compounds;Beta amino acids and derivatives;Carbonyl compounds;Carbothioic S-esters;Carboxylic acids and derivatives;Coenzyme A and derivatives;Heteroaromatic compounds;Hydrocarbon derivatives;Imidazoles;Imidolactams;Monoalkyl phosphates;Monosaccharides;N-acyl amines;N-substituted imidazoles;Organic oxides;Organic pyrophosphates;Organopnictogen compounds;Oxacyclic compounds;Pentose phosphates;Primary amines;Purine ribonucleoside diphosphates;Purines and purine derivatives;Pyrimidines and pyrimidine derivatives;Ribonucleoside 3'-phosphates;Secondary alcohols;Secondary carboxylic acid amides;Sulfenyl compounds;Tetrahydrofurans;Thioesters;Thiolactones	Amino acid or derivatives;Monosaccharide;Pentose-5-phosphate;Imidazopyrimidine;Carbothioic s-ester;Saccharide;Purine ribonucleoside diphosphate;Organonitrogen compound;Organoheterocyclic compound;Alcohol;Sulfenyl compound;Azacycle;Thiocarboxylic acid ester;Heteroaromatic compound;Organic pyrophosphate;Secondary carboxylic acid amide;Monoalkyl phosphate;Hydrocarbon derivative;Primary amine;Amine;Coenzyme a or derivatives;Carbonyl group;Pentose phosphate;Fatty amide;Organosulfur compound;Carboxylic acid derivative;Pyrimidine;Organic oxide;Aromatic heteropolycyclic compound;Imidazole;Organopnictogen compound;Imidolactam;Thiolactone;Azole;N-substituted imidazole;Purine ribonucleoside 3',5'-bisphosphate;Ribonucleoside 3'-phosphate;Thiocarboxylic acid or derivatives;Tetrahydrofuran;Carboxamide group;N-acyl-amine;Beta amino acid or derivatives;Oxacycle;Organic oxygen compound;Phosphoric acid ester;Secondary alcohol;Purine;Organic nitrogen compound;Organic phosphoric acid derivative;Alkyl phosphate;Organooxygen compound
None	O[C@H]1[C@H](O)[C@@H](O)[C@H](O)[C@H](O)[C@@H]1O	Organic compounds	Organic oxygen compounds	Organooxygen compounds	Alcohols and polyols	Cyclohexanols	Aliphatic homomonocyclic compounds	Cyclitols and derivatives;Hydrocarbon derivatives	Cyclohexanol;Aliphatic homomonocyclic compound;Cyclitol or derivatives;Hydrocarbon derivative;Cyclic alcohol
None	CC(=O)N[C@H]1C(O)O[C@H](CO)[C@@H](O)[C@@H]1O	Organic compounds	Organic oxygen compounds	Organooxygen compounds	Carbohydrates and carbohydrate conjugates	Acylaminosugars	Aliphatic heteromonocyclic compounds	Acetamides;Carbonyl compounds;Carboxylic acids and derivatives;Hemiacetals;Hydrocarbon derivatives;Monosaccharides;N-acyl-alpha-hexosamines;Organic oxides;Organonitrogen compounds;Organopnictogen compounds;Oxacyclic compounds;Oxanes;Primary alcohols;Secondary alcohols;Secondary carboxylic acid amides	Carbonyl group;Monosaccharide;Carboxylic acid derivative;N-acyl-alpha-hexosamine;Organic oxide;Aliphatic heteromonocyclic compound;Organonitrogen compound;Organopnictogen compound;Hemiacetal;Oxane;Primary alcohol;Organoheterocyclic compound;Acetamide;Alcohol;Carboxamide group;Acylaminosugar;Oxacycle;Secondary carboxylic acid amide;Secondary alcohol;Hydrocarbon derivative;Organic nitrogen compound
None	CC(C)C(=O)C(O)=O	Organic compounds	Organic acids and derivatives	Keto acids and derivatives	Short-chain keto acids and derivatives	Short-chain keto acids and derivatives	Aliphatic acyclic compounds	Alpha-hydroxy ketones;Alpha-keto acids and derivatives;Carboxylic acids;Fatty Acyls;Hydrocarbon derivatives;Methyl-branched fatty acids;Monocarboxylic acids and derivatives;Organic oxides	Fatty acyl;Aliphatic acyclic compound;Carbonyl group;Carboxylic acid;Methyl-branched fatty acid;Short-chain keto acid;Alpha-hydroxy ketone;Carboxylic acid derivative;Branched fatty acid;Ketone;Organic oxide;Monocarboxylic acid or derivatives;Organic oxygen compound;Alpha-keto acid;Hydrocarbon derivative;Organooxygen compound
None	[H][C@@]12CN(CN1C1=C(NC2)N=C(N)NC1=O)C1=CC=C(C=C1)C(=O)NC(CCC(O)=O)C(O)=O	Organic compounds	Organic acids and derivatives	Carboxylic acids and derivatives	Amino acids, peptides, and analogues	Glutamic acid and derivatives	Aromatic heteropolycyclic compounds	Alpha amino acids;Amino acids;Aniline and substituted anilines;Azacyclic compounds;Benzoyl derivatives;Carbonyl compounds;Carboxylic acids;Dialkylarylamines;Dicarboxylic acids and derivatives;Heteroaromatic compounds;Hippuric acids and derivatives;Hydrocarbon derivatives;Imidazopyrazines;Imidolactams;Lactams;N-acyl-alpha amino acids;Organic oxides;Organopnictogen compounds;Phenylimidazolidines;Primary amines;Pterins and derivatives;Pyrimidones;Secondary alkylarylamines;Secondary carboxylic acid amides;Vinylogous amides	Imidazolidine;Monocyclic benzene moiety;Carbonyl group;Lactam;Carboxylic acid;Phenylimidazolidine;Imidazopyrazine;Amino acid;Benzoyl;Pyrimidone;Benzamide;Pyrimidine;Organic oxide;Aromatic heteropolycyclic compound;Organonitrogen compound;Alpha-amino acid;Organopnictogen compound;Dialkylarylamine;Imidolactam;Organoheterocyclic compound;N-acyl-alpha amino acid or derivatives;Vinylogous amide;Pterin;Azacycle;N-acyl-alpha-amino acid;Hippuric acid or derivatives;Aniline or substituted anilines;Heteroaromatic compound;Benzoic acid or derivatives;Glutamic acid or derivatives;Secondary amine;Carboxamide group;Secondary aliphatic/aromatic amine;Secondary carboxylic acid amide;Organic oxygen compound;Dicarboxylic acid or derivatives;Hydrocarbon derivative;Benzenoid;Primary amine;Organic nitrogen compound;Amine;Organooxygen compound
None	NC1=NC2=C(N=CN2[C@@H]2O[C@H](COP(O)(O)=O)[C@@H](O)[C@H]2O)C(=O)N1	Organic compounds	Nucleosides, nucleotides, and analogues	Purine nucleotides	Purine ribonucleotides	Purine ribonucleoside monophosphates	Aromatic heteropolycyclic compounds	1,2-diols;Azacyclic compounds;Heteroaromatic compounds;Hydrocarbon derivatives;Hypoxanthines;Imidazoles;Lactams;Monoalkyl phosphates;Monosaccharides;N-substituted imidazoles;Organic oxides;Organopnictogen compounds;Oxacyclic compounds;Pentose phosphates;Primary amines;Purines and purine derivatives;Pyrimidones;Secondary alcohols;Tetrahydrofurans;Vinylogous amides	Lactam;Pentose phosphate;Purine ribonucleoside monophosphate;Monosaccharide;Pentose-5-phosphate;Pyrimidone;Imidazopyrimidine;Pyrimidine;Saccharide;Organic oxide;Aromatic heteropolycyclic compound;Imidazole;Organonitrogen compound;Organopnictogen compound;Organoheterocyclic compound;Azole;1,2-diol;N-substituted imidazole;Alcohol;Vinylogous amide;Azacycle;Tetrahydrofuran;Heteroaromatic compound;Oxacycle;Organic oxygen compound;Phosphoric acid ester;Monoalkyl phosphate;Secondary alcohol;Hypoxanthine;Hydrocarbon derivative;Purine;Primary amine;Organic nitrogen compound;Organic phosphoric acid derivative;Amine;Alkyl phosphate;Organooxygen compound
None	OC1=CC=CC=C1	Organic compounds	Benzenoids	Phenols	1-hydroxy-2-unsubstituted benzenoids	1-hydroxy-2-unsubstituted benzenoids	Aromatic homomonocyclic compounds	1-hydroxy-4-unsubstituted benzenoids;Benzene and substituted derivatives;Hydrocarbon derivatives;Organooxygen compounds	Aromatic homomonocyclic compound;Monocyclic benzene moiety;Organic oxygen compound;1-hydroxy-2-unsubstituted benzenoid;Hydrocarbon derivative;1-hydroxy-4-unsubstituted benzenoid;Organooxygen compound
None	NC1=C2NC=NC2=NC=N1	Organic compounds	Organoheterocyclic compounds	Imidazopyrimidines	Purines and purine derivatives	Purines and purine derivatives	Aromatic heteropolycyclic compounds	Azacyclic compounds;Heteroaromatic compounds;Hydrocarbon derivatives;Imidazoles;Imidolactams;Organopnictogen compounds;Primary amines;Pyrimidines and pyrimidine derivatives	Azacycle;Heteroaromatic compound;Pyrimidine;Aromatic heteropolycyclic compound;Imidazole;Organonitrogen compound;Organopnictogen compound;Hydrocarbon derivative;Primary amine;Purine;Organic nitrogen compound;Imidolactam;Amine;Azole
None	OC(=O)[C@@H]1CCCN1	Organic compounds	Organic acids and derivatives	Carboxylic acids and derivatives	Amino acids, peptides, and analogues	Proline and derivatives	Aliphatic heteromonocyclic compounds	Alpha amino acids;Amino acids;Azacyclic compounds;Carbonyl compounds;Carboxylic acids;Dialkylamines;Hydrocarbon derivatives;Monocarboxylic acids and derivatives;Organic oxides;Organopnictogen compounds;Pyrrolidine carboxylic acids	Carbonyl group;Carboxylic acid;Amino acid;Organic oxide;Pyrrolidine carboxylic acid;Aliphatic heteromonocyclic compound;Organonitrogen compound;Alpha-amino acid;Organopnictogen compound;Pyrrolidine;Organoheterocyclic compound;Proline or derivatives;Secondary aliphatic amine;Azacycle;Secondary amine;Monocarboxylic acid or derivatives;Pyrrolidine carboxylic acid or derivatives;Organic oxygen compound;Hydrocarbon derivative;Organic nitrogen compound;Organooxygen compound;Amine
None	O[C@@H](CC(O)=O)C(O)=O	Organic compounds	Organic acids and derivatives	Hydroxy acids and derivatives	Beta hydroxy acids and derivatives	Beta hydroxy acids and derivatives	Aliphatic acyclic compounds	Alpha hydroxy acids and derivatives;Carbonyl compounds;Carboxylic acids;Dicarboxylic acids and derivatives;Hydrocarbon derivatives;Hydroxy fatty acids;Organic oxides;Secondary alcohols;Short-chain hydroxy acids and derivatives	Alcohol;Fatty acyl;Aliphatic acyclic compound;Carbonyl group;Carboxylic acid;Short-chain hydroxy acid;Alpha-hydroxy acid;Fatty acid;Carboxylic acid derivative;Beta-hydroxy acid;Organic oxide;Organic oxygen compound;Secondary alcohol;Dicarboxylic acid or derivatives;Hydrocarbon derivative;Hydroxy fatty acid;Organooxygen compound
None	N[C@@H]([*])C(O)=O	Organic compounds	Organic acids and derivatives	Carboxylic acids and derivatives	Amino acids, peptides, and analogues	Alpha amino acids	Aliphatic acyclic compounds	Carbonyl compounds;Carboxylic acids;Hydrocarbon derivatives;Monoalkylamines;Monocarboxylic acids and derivatives;Organic oxides;Organic salts;Organometallic compounds;Organonitrogen compounds;Organopnictogen compounds	Aliphatic acyclic compound;Carbonyl group;Carboxylic acid;Organic oxide;Monocarboxylic acid or derivatives;Organic oxygen compound;Organometallic compound;Organonitrogen compound;Alpha-amino acid;Organopnictogen compound;Hydrocarbon derivative;Primary aliphatic amine;Organic nitrogen compound;Organic salt;Organooxygen compound
None	N[C@@H](CC(N)=O)C(O)=O	Organic compounds	Organic acids and derivatives	Carboxylic acids and derivatives	Amino acids, peptides, and analogues	Asparagine and derivatives	Aliphatic acyclic compounds	Alpha amino acids;Carbonyl compounds;Carboxylic acids;Fatty acids and conjugates;Fatty amides;Hydrocarbon derivatives;Monoalkylamines;Monocarboxylic acids and derivatives;Organic oxides;Organonitrogen compounds;Organopnictogen compounds;Primary carboxylic acid amides	Primary carboxylic acid amide;Fatty acyl;Aliphatic acyclic compound;Carbonyl group;Carboxylic acid;Fatty amide;Fatty acid;Carboxamide group;Organic oxide;Monocarboxylic acid or derivatives;Organic oxygen compound;Organonitrogen compound;Alpha-amino acid;Organopnictogen compound;Hydrocarbon derivative;Primary aliphatic amine;Asparagine or derivatives;Organic nitrogen compound;Organooxygen compound
None	NC(=O)C1=CC=CN=C1	Organic compounds	Organoheterocyclic compounds	Pyridines and derivatives	Pyridinecarboxylic acids and derivatives	Pyridinecarboxylic acids and derivatives	Aromatic heteromonocyclic compounds	Azacyclic compounds;Carboxylic acids and derivatives;Heteroaromatic compounds;Hydrocarbon derivatives;Nicotinamides;Organic oxides;Organonitrogen compounds;Organooxygen compounds;Organopnictogen compounds;Primary carboxylic acid amides	Primary carboxylic acid amide;Pyridine carboxylic acid or derivatives;Aromatic heteromonocyclic compound;Azacycle;Nicotinamide;Heteroaromatic compound;Carboxamide group;Carboxylic acid derivative;Organic oxide;Organic oxygen compound;Organonitrogen compound;Organopnictogen compound;Hydrocarbon derivative;Organic nitrogen compound;Organooxygen compound
None	CCCCCCCCCCCCCCCC(=O)SCCNC(=O)CCNC(=O)[C@H](O)C(C)(C)COP(O)(=O)OP(O)(=O)OC[C@H]1O[C@H]([C@H](O)[C@@H]1OP(O)(O)=O)N1C=NC2=C1N=CN=C2N	Organic compounds	Lipids and lipid-like molecules	Fatty Acyls	Fatty acyl thioesters	Acyl CoAs	Aromatic heteropolycyclic compounds	Azacyclic compounds;Beta amino acids and derivatives;Carbonyl compounds;Carbothioic S-esters;Carboxylic acids and derivatives;Coenzyme A and derivatives;Heteroaromatic compounds;Hydrocarbon derivatives;Imidazoles;Imidolactams;Monoalkyl phosphates;Monosaccharides;N-acyl amines;N-substituted imidazoles;Organic oxides;Organic pyrophosphates;Organopnictogen compounds;Oxacyclic compounds;Pentose phosphates;Primary amines;Purine ribonucleoside diphosphates;Purines and purine derivatives;Pyrimidines and pyrimidine derivatives;Ribonucleoside 3'-phosphates;Secondary alcohols;Secondary carboxylic acid amides;Sulfenyl compounds;Tetrahydrofurans;Thioesters;Thiolactones	Amino acid or derivatives;Monosaccharide;Pentose-5-phosphate;Imidazopyrimidine;Carbothioic s-ester;Saccharide;Purine ribonucleoside diphosphate;Organonitrogen compound;Organoheterocyclic compound;Alcohol;Sulfenyl compound;Azacycle;Thiocarboxylic acid ester;Heteroaromatic compound;Organic pyrophosphate;Secondary carboxylic acid amide;Monoalkyl phosphate;Hydrocarbon derivative;Primary amine;Amine;Coenzyme a or derivatives;Carbonyl group;Pentose phosphate;Fatty amide;Organosulfur compound;Carboxylic acid derivative;Pyrimidine;Organic oxide;Aromatic heteropolycyclic compound;Imidazole;Organopnictogen compound;Imidolactam;Thiolactone;Azole;N-substituted imidazole;Purine ribonucleoside 3',5'-bisphosphate;Ribonucleoside 3'-phosphate;Thiocarboxylic acid or derivatives;Tetrahydrofuran;Carboxamide group;N-acyl-amine;Beta amino acid or derivatives;Oxacycle;Organic oxygen compound;Phosphoric acid ester;Secondary alcohol;Purine;Organic nitrogen compound;Organic phosphoric acid derivative;Alkyl phosphate;Organooxygen compound
None	N[C@@H](CCS)C(O)=O	Organic compounds	Organic acids and derivatives	Carboxylic acids and derivatives	Amino acids, peptides, and analogues	Alpha amino acids	Aliphatic acyclic compounds	Alkylthiols;Carbonyl compounds;Carboxylic acids;Hydrocarbon derivatives;Monoalkylamines;Monocarboxylic acids and derivatives;Organic oxides;Organonitrogen compounds;Organopnictogen compounds;Organosulfur compounds;Thia fatty acids	Fatty acyl;Aliphatic acyclic compound;Carbonyl group;Carboxylic acid;Fatty acid;Organosulfur compound;Organic oxide;Monocarboxylic acid or derivatives;Thia fatty acid;Organic oxygen compound;Organonitrogen compound;Alpha-amino acid;Organopnictogen compound;Hydrocarbon derivative;Primary aliphatic amine;Organic nitrogen compound;Alkylthiol;Organooxygen compound
None	OC(=O)C1=CC=C(O)C=C1	Organic compounds	Benzenoids	Benzene and substituted derivatives	Benzoic acids and derivatives	Hydroxybenzoic acid derivatives	Aromatic homomonocyclic compounds	1-hydroxy-2-unsubstituted benzenoids;Benzoic acids;Benzoyl derivatives;Carboxylic acids;Hydrocarbon derivatives;Monocarboxylic acids and derivatives;Organic oxides;Organooxygen compounds	Carboxylic acid;Benzoyl;1-hydroxy-2-unsubstituted benzenoid;Carboxylic acid derivative;Hydroxybenzoic acid;Aromatic homomonocyclic compound;Organic oxide;Monocarboxylic acid or derivatives;Organic oxygen compound;Phenol;Hydrocarbon derivative;Benzoic acid;Organooxygen compound
None	[H][C@@](COC(=O)CCCCCCCCCCCCCCC)(COP([O-])(=O)OCC[N+](C)(C)C)OC(=O)CCCCCCCCCCCCCCC	Organic compounds	Lipids and lipid-like molecules	Glycerophospholipids	Glycerophosphocholines	Phosphatidylcholines	Aliphatic acyclic compounds	Alkyl phosphates;Amines;Carbonyl compounds;Carboxylic acid esters;Dicarboxylic acids and derivatives;Fatty acid esters;Hydrocarbon derivatives;Organic oxides;Organic salts;Organopnictogen compounds;Phosphocholines;Tetraalkylammonium salts	Fatty acyl;Aliphatic acyclic compound;Carbonyl group;Carboxylic acid derivative;Organic oxide;Organonitrogen compound;Organopnictogen compound;Organic salt;Tetraalkylammonium salt;Quaternary ammonium salt;Diacylglycero-3-Phosphocholine;Phosphocholine;Fatty acid ester;Organic oxygen compound;Phosphoric acid ester;Carboxylic acid ester;Dicarboxylic acid or derivatives;Hydrocarbon derivative;Organic nitrogen compound;Organic phosphoric acid derivative;Amine;Alkyl phosphate;Organooxygen compound
None	OC(=O)CC(O)(CC(O)=O)C(O)=O	Organic compounds	Organic acids and derivatives	Carboxylic acids and derivatives	Tricarboxylic acids and derivatives	Tricarboxylic acids and derivatives	Aliphatic acyclic compounds	Alpha hydroxy acids and derivatives;Carbonyl compounds;Carboxylic acids;Hydrocarbon derivatives;Organic oxides;Tertiary alcohols	Alcohol;Aliphatic acyclic compound;Carbonyl group;Carboxylic acid;Alpha-hydroxy acid;Tricarboxylic acid or derivatives;Hydroxy acid;Tertiary alcohol;Organic oxide;Organic oxygen compound;Hydrocarbon derivative;Organooxygen compound
None	OC[C@H]1O[C@H](O)[C@@H](O)[C@@H](O)[C@@H]1O	Organic compounds	Organic oxygen compounds	Organooxygen compounds	Carbohydrates and carbohydrate conjugates	Monosaccharides	Aliphatic heteromonocyclic compounds	Hemiacetals;Hydrocarbon derivatives;Oxacyclic compounds;Oxanes;Primary alcohols;Secondary alcohols	Alcohol;Monosaccharide;Oxacycle;Aliphatic heteromonocyclic compound;Secondary alcohol;Hemiacetal;Hydrocarbon derivative;Oxane;Primary alcohol;Organoheterocyclic compound
None	OC(=O)C([*])=O	Organic compounds	Organic acids and derivatives	Carboxylic acids and derivatives	Carboxylic acids	Carboxylic acids	Aliphatic acyclic compounds	Carbonyl compounds;Hydrocarbon derivatives;Monocarboxylic acids and derivatives;Organic oxides;Organic salts;Organometallic compounds	Aliphatic acyclic compound;Carbonyl group;Organic oxide;Monocarboxylic acid or derivatives;Carboxylic acid;Organic oxygen compound;Organometallic compound;Hydrocarbon derivative;Organic salt;Organooxygen compound
None	CCC(O)=O	Organic compounds	Organic acids and derivatives	Carboxylic acids and derivatives	Carboxylic acids	Carboxylic acids	Aliphatic acyclic compounds	Carbonyl compounds;Hydrocarbon derivatives;Monocarboxylic acids and derivatives;Organic oxides	Aliphatic acyclic compound;Carbonyl group;Organic oxide;Monocarboxylic acid or derivatives;Carboxylic acid;Organic oxygen compound;Hydrocarbon derivative;Organooxygen compound
None	CC(=O)CC(O)=O	Organic compounds	Organic acids and derivatives	Keto acids and derivatives	Short-chain keto acids and derivatives	Short-chain keto acids and derivatives	Aliphatic acyclic compounds	Beta-hydroxy ketones;Beta-keto acids and derivatives;Carboxylic acids;Hydrocarbon derivatives;Monocarboxylic acids and derivatives;Organic oxides	Beta-hydroxy ketone;Aliphatic acyclic compound;Carbonyl group;Carboxylic acid;Short-chain keto acid;Carboxylic acid derivative;Beta-keto acid;Ketone;Organic oxide;Monocarboxylic acid or derivatives;Organic oxygen compound;Hydrocarbon derivative;Organooxygen compound
None	[H][C@](CO)(COC(=O)CCCCCCCCCCCCCCC)OC(=O)CCCCCCCCCCCCCCC	Organic compounds	Lipids and lipid-like molecules	Glycerolipids	Diradylglycerols	1,2-diacylglycerols	Aliphatic acyclic compounds	Carbonyl compounds;Carboxylic acid esters;Dicarboxylic acids and derivatives;Fatty acid esters;Glycerolipids;Hydrocarbon derivatives;Organic oxides;Primary alcohols	Alcohol;Fatty acyl;Aliphatic acyclic compound;Carbonyl group;Carboxylic acid derivative;Fatty acid ester;Organic oxide;1,2-acyl-sn-glycerol;Organic oxygen compound;Carboxylic acid ester;Dicarboxylic acid or derivatives;Hydrocarbon derivative;Primary alcohol;Organooxygen compound
None	OC(=O)C(=O)CC1=CC=CC=C1	Organic compounds	Benzenoids	Benzene and substituted derivatives	Phenylpyruvic acid derivatives	Phenylpyruvic acid derivatives	Aromatic homomonocyclic compounds	Alpha-hydroxy ketones;Alpha-keto acids and derivatives;Carboxylic acids;Hydrocarbon derivatives;Monocarboxylic acids and derivatives;Organic oxides;Phenylpropanoic acids	Carbonyl group;Carboxylic acid;Phenylpyruvate;3-Phenylpropanoic-acid;Alpha-hydroxy ketone;Carboxylic acid derivative;Ketone;Aromatic homomonocyclic compound;Organic oxide;Monocarboxylic acid or derivatives;Organic oxygen compound;Keto acid;Alpha-keto acid;Hydrocarbon derivative;Organooxygen compound
None	O[C@@H]1[C@@H](COP(O)(=O)OP(O)(=O)O[C@H]2O[C@@H]([C@@H](O)[C@H](O)[C@H]2O)C(O)=O)O[C@H]([C@@H]1O)N1C=CC(=O)NC1=O	Organic compounds	Nucleosides, nucleotides, and analogues	Pyrimidine nucleotides	Pyrimidine ribonucleotides	Pyrimidine ribonucleoside diphosphates	Aromatic heteromonocyclic compounds	Azacyclic compounds;Beta hydroxy acids and derivatives;Carbonyl compounds;Carboxylic acids;Glucuronic acid derivatives;Heteroaromatic compounds;Hydrocarbon derivatives;Lactams;Monoalkyl phosphates;Monocarboxylic acids and derivatives;Monosaccharides;Organic carbonic acids and derivatives;Organic oxides;Organic pyrophosphates;Organonitrogen compounds;Organopnictogen compounds;Oxacyclic compounds;Oxanes;Pentose phosphates;Pyran carboxylic acids;Pyrimidones;Secondary alcohols;Tetrahydrofurans;Vinylogous amides	Carbonyl group;Lactam;Carboxylic acid;Glucuronic acid or derivatives;Aromatic heteromonocyclic compound;Pentose phosphate;Monosaccharide;Pentose-5-phosphate;Pyrimidone;Carboxylic acid derivative;Pyran carboxylic acid;Pyrimidine;Beta-hydroxy acid;Saccharide;Organic oxide;Organonitrogen compound;Organopnictogen compound;Oxane;Organoheterocyclic compound;Alcohol;Vinylogous amide;Carbonic acid derivative;Pyran carboxylic acid or derivatives;Azacycle;Tetrahydrofuran;Heteroaromatic compound;Hydroxy acid;Organic pyrophosphate;Oxacycle;Monocarboxylic acid or derivatives;Pyrimidine ribonucleoside diphosphate;Organic oxygen compound;Phosphoric acid ester;Pyran;Monoalkyl phosphate;Secondary alcohol;Hydrocarbon derivative;Organic nitrogen compound;Organic phosphoric acid derivative;Alkyl phosphate;Organooxygen compound
None	OCC(=O)C(O)=O	Organic compounds	Organic acids and derivatives	Hydroxy acids and derivatives	Beta hydroxy acids and derivatives	Beta hydroxy acids and derivatives	Aliphatic acyclic compounds	Alcohols and polyols;Alpha-hydroxy ketones;Alpha-keto acids and derivatives;Carboxylic acids;Hydrocarbon derivatives;Monocarboxylic acids and derivatives;Monosaccharides;Organic oxides	Alcohol;Aliphatic acyclic compound;Carbonyl group;Carboxylic acid;Monosaccharide;Alpha-hydroxy ketone;Carboxylic acid derivative;Ketone;Beta-hydroxy acid;Saccharide;Organic oxide;Monocarboxylic acid or derivatives;Organic oxygen compound;Keto acid;Alpha-keto acid;Hydrocarbon derivative;Organooxygen compound
None	NC(=O)OP(O)(O)=O	Organic compounds	Organic acids and derivatives	Organic phosphoric acids and derivatives	Organic phosphoric acids and derivatives	Organic phosphoric acids and derivatives	Aliphatic acyclic compounds	Carbonyl compounds;Hydrocarbon derivatives;Organic carbonic acids and derivatives;Organic oxides;Organonitrogen compounds;Organopnictogen compounds	Aliphatic acyclic compound;Carbonyl group;Organic oxide;Carbonic acid derivative;Organic oxygen compound;Organonitrogen compound;Organopnictogen compound;Hydrocarbon derivative;Organic nitrogen compound;Organic phosphoric acid derivative;Organooxygen compound
None	CSC[C@H]1O[C@H]([C@H](O)[C@@H]1O)N1C=NC2=C1N=CN=C2N	Organic compounds	Nucleosides, nucleotides, and analogues	5'-deoxyribonucleosides	5'-deoxy-5'-thionucleosides	5'-S-alkylthio-5'-deoxyribonucleosides	Aromatic heteropolycyclic compounds	1,2-diols;Azacyclic compounds;Dialkylthioethers;Heteroaromatic compounds;Hydrocarbon derivatives;Imidazoles;Imidolactams;Monosaccharides;N-substituted imidazoles;Organopnictogen compounds;Oxacyclic compounds;Primary amines;Purines and purine derivatives;Pyrimidines and pyrimidine derivatives;Secondary alcohols;Sulfenyl compounds;Tetrahydrofurans	Monosaccharide;Imidazopyrimidine;Organosulfur compound;Pyrimidine;Saccharide;5'-s-alkylthio-5'-deoxyribonucleoside;Aromatic heteropolycyclic compound;Imidazole;Organonitrogen compound;Organopnictogen compound;Imidolactam;Organoheterocyclic compound;Azole;1,2-diol;N-substituted imidazole;Alcohol;Sulfenyl compound;Azacycle;Tetrahydrofuran;Dialkylthioether;Heteroaromatic compound;Oxacycle;Organic oxygen compound;Thioether;Secondary alcohol;Hydrocarbon derivative;Primary amine;Purine;Organic nitrogen compound;Amine;Organooxygen compound
None	[Co++]	Organic compounds	Organic cations		Organic cations	Organic cations	Acyclic compounds		Acyclic compound;Organic cation
None	C#[N-]	Organic compounds	Organic nitrogen compounds	Organonitrogen compounds	Organic cyanides	Nitriles	Aliphatic acyclic compounds	Hydrocarbon derivatives;Organic anions;Organonitrogen compounds;Organopnictogen compounds	Aliphatic acyclic compound;Organic anion;Organopnictogen compound;Hydrocarbon derivative;Carbonitrile
None	CC1=CNC(=O)NC1=O	Organic compounds	Organoheterocyclic compounds	Diazines	Pyrimidines and pyrimidine derivatives	Pyrimidones	Aromatic heteromonocyclic compounds	Azacyclic compounds;Heteroaromatic compounds;Hydrocarbon derivatives;Lactams;Organic carbonic acids and derivatives;Organic oxides;Organonitrogen compounds;Organooxygen compounds;Organopnictogen compounds;Vinylogous amides	Vinylogous amide;Carbonic acid derivative;Lactam;Aromatic heteromonocyclic compound;Azacycle;Heteroaromatic compound;Pyrimidone;Organic oxide;Organic oxygen compound;Organonitrogen compound;Organopnictogen compound;Hydrocarbon derivative;Organic nitrogen compound;Organooxygen compound
None	NCCCCNC(N)=N	Organic compounds	Organic nitrogen compounds	Organonitrogen compounds	Guanidines	Guanidines	Aliphatic acyclic compounds	Carboximidamides;Hydrocarbon derivatives;Imines;Monoalkylamines;Organopnictogen compounds	Aliphatic acyclic compound;Guanidine;Imine;Organopnictogen compound;Hydrocarbon derivative;Primary aliphatic amine;Carboximidamide
None	OC(=O)C1=CC=CC=C1	Organic compounds	Benzenoids	Benzene and substituted derivatives	Benzoic acids and derivatives	Benzoic acids	Aromatic homomonocyclic compounds	Benzoyl derivatives;Carboxylic acids;Hydrocarbon derivatives;Monocarboxylic acids and derivatives;Organic oxides;Organooxygen compounds	Carboxylic acid;Benzoyl;Carboxylic acid derivative;Aromatic homomonocyclic compound;Organic oxide;Monocarboxylic acid or derivatives;Organic oxygen compound;Hydrocarbon derivative;Benzoic acid;Organooxygen compound
None	O[C@@H]1COC(O)[C@H](O)[C@H]1O	Organic compounds	Organic oxygen compounds	Organooxygen compounds	Carbohydrates and carbohydrate conjugates	Monosaccharides	Aliphatic heteromonocyclic compounds	Hemiacetals;Hydrocarbon derivatives;Oxacyclic compounds;Oxanes;Secondary alcohols	Alcohol;Monosaccharide;Oxacycle;Aliphatic heteromonocyclic compound;Secondary alcohol;Hemiacetal;Hydrocarbon derivative;Oxane;Organoheterocyclic compound
None	OC[C@H]1O[C@H](OC[C@H]2O[C@H](O[C@H]3[C@H](O)[C@@H](O)[C@@H](O)O[C@@H]3CO)[C@H](O)[C@@H](O)[C@@H]2O[C@H]2O[C@H](CO)[C@@H](O)[C@H](O)[C@H]2O)[C@H](O)[C@@H](O)[C@@H]1O	Organic compounds	Organic oxygen compounds	Organooxygen compounds	Carbohydrates and carbohydrate conjugates	Monosaccharides	Aliphatic heteromonocyclic compounds	Acetals;Hemiacetals;Hydrocarbon derivatives;Oxacyclic compounds;Oxanes;Primary alcohols;Secondary alcohols	Alcohol;Monosaccharide;Oxacycle;Acetal;Aliphatic heteromonocyclic compound;Secondary alcohol;Hemiacetal;Hydrocarbon derivative;Oxane;Primary alcohol;Organoheterocyclic compound
None	CC(C)[C@H](N)C(O)=O	Organic compounds	Organic acids and derivatives	Carboxylic acids and derivatives	Amino acids, peptides, and analogues	Valine and derivatives	Aliphatic acyclic compounds	Alpha amino acids;Carbonyl compounds;Carboxylic acids;Hydrocarbon derivatives;Methyl-branched fatty acids;Monoalkylamines;Monocarboxylic acids and derivatives;Organic oxides;Organonitrogen compounds;Organopnictogen compounds	Fatty acyl;Aliphatic acyclic compound;Carbonyl group;Carboxylic acid;Methyl-branched fatty acid;Valine or derivatives;Fatty acid;Branched fatty acid;Organic oxide;Monocarboxylic acid or derivatives;Organic oxygen compound;Organonitrogen compound;Alpha-amino acid;Organopnictogen compound;Hydrocarbon derivative;Primary aliphatic amine;Organic nitrogen compound;Organooxygen compound
None	OCC(=O)CO	Organic compounds	Organic oxygen compounds	Organooxygen compounds	Carbohydrates and carbohydrate conjugates	Monosaccharides	Aliphatic acyclic compounds	Alcohols and polyols;Alpha-hydroxy ketones;Glycerone and derivatives;Hydrocarbon derivatives;Organic oxides	Alcohol;Aliphatic acyclic compound;Carbonyl group;Monosaccharide;Alpha-hydroxy ketone;Ketone;Organic oxide;Glycerone or derivatives;Hydrocarbon derivative
None	OC[C@H]1O[C@@H](O[C@H]2[C@H](O)[C@@H](O)[C@H](O)O[C@@H]2CO)[C@H](O)[C@@H](O)[C@@H]1O	Organic compounds	Organic oxygen compounds	Organooxygen compounds	Carbohydrates and carbohydrate conjugates	Monosaccharides	Aliphatic heteromonocyclic compounds	Acetals;Hemiacetals;Hydrocarbon derivatives;Oxacyclic compounds;Oxanes;Primary alcohols;Secondary alcohols	Alcohol;Monosaccharide;Oxacycle;Acetal;Aliphatic heteromonocyclic compound;Secondary alcohol;Hemiacetal;Hydrocarbon derivative;Oxane;Primary alcohol;Organoheterocyclic compound
None	C[C@H](O)C(O)=O	Organic compounds	Organic acids and derivatives	Hydroxy acids and derivatives	Alpha hydroxy acids and derivatives	Alpha hydroxy acids and derivatives	Aliphatic acyclic compounds	Carbonyl compounds;Carboxylic acids;Hydrocarbon derivatives;Monocarboxylic acids and derivatives;Organic oxides;Secondary alcohols	Alcohol;Aliphatic acyclic compound;Carbonyl group;Carboxylic acid;Alpha-hydroxy acid;Carboxylic acid derivative;Organic oxide;Monocarboxylic acid or derivatives;Organic oxygen compound;Secondary alcohol;Hydrocarbon derivative;Organooxygen compound
None	C[C@@H](O)[C@H](N)C(O)=O	Organic compounds	Organic acids and derivatives	Carboxylic acids and derivatives	Amino acids, peptides, and analogues	Alpha amino acids	Aliphatic acyclic compounds	Beta hydroxy acids and derivatives;Carbonyl compounds;Carboxylic acids;Hydrocarbon derivatives;Hydroxy fatty acids;Monoalkylamines;Monocarboxylic acids and derivatives;Organic oxides;Organonitrogen compounds;Organopnictogen compounds;Secondary alcohols;Short-chain hydroxy acids and derivatives	Alcohol;Fatty acyl;Aliphatic acyclic compound;Carbonyl group;Carboxylic acid;Short-chain hydroxy acid;Fatty acid;Hydroxy acid;Beta-hydroxy acid;Organic oxide;Monocarboxylic acid or derivatives;Organic oxygen compound;Organonitrogen compound;Alpha-amino acid;Secondary alcohol;Organopnictogen compound;Hydrocarbon derivative;Hydroxy fatty acid;Primary aliphatic amine;Organic nitrogen compound;Organooxygen compound
None	NCCO	Organic compounds	Organic nitrogen compounds	Organonitrogen compounds	Amines	Alkanolamines	Aliphatic acyclic compounds	Alcohols and polyols;Hydrocarbon derivatives;Monoalkylamines;Organonitrogen compounds;Organopnictogen compounds	Alcohol;Aliphatic acyclic compound;Organic oxygen compound;Organopnictogen compound;Hydrocarbon derivative;Primary aliphatic amine;Organooxygen compound;Alkanolamine
None	O[C@H]1O[C@@H]([C@@H](O)[C@H](O)[C@H]1O)C(O)=O	Organic compounds	Organic oxygen compounds	Organooxygen compounds	Carbohydrates and carbohydrate conjugates	Glucuronic acid derivatives	Aliphatic heteromonocyclic compounds	Beta hydroxy acids and derivatives;Carbonyl compounds;Carboxylic acids;Hemiacetals;Hydrocarbon derivatives;Monocarboxylic acids and derivatives;Monosaccharides;Organic oxides;Oxacyclic compounds;Oxanes;Pyran carboxylic acids;Secondary alcohols	Alcohol;Carbonyl group;Carboxylic acid;Pyran carboxylic acid or derivatives;Glucuronic acid or derivatives;Monosaccharide;Hydroxy acid;Carboxylic acid derivative;Pyran carboxylic acid;Oxacycle;Beta-hydroxy acid;Organic oxide;Monocarboxylic acid or derivatives;Pyran;Aliphatic heteromonocyclic compound;Secondary alcohol;Hemiacetal;Hydrocarbon derivative;Oxane;Organoheterocyclic compound
None	NO	Organic compounds	Organic nitrogen compounds		Organic nitrogen compounds	Organic nitrogen compounds	Acyclic compounds	Organic oxygen compounds	Organic oxygen compound;Acyclic compound;Organic nitrogen compound
None	[C@H]1(C[Co-3]2345[N+]6=C7C(C)=C8N2[C@]([H])([C@H](CC(=O)N)[C@]8(CCC(=O)NC[C@@H](C)OP([O-])(=O)O[C@@H]2[C@@H](CO)O[C@H](N8C=[N+]3C3=CC(C)=C(C)C=C83)[C@@H]2O)C)[C@@]2(C)[C@@](CC(=O)N)([C@H](CCC(=O)N)C(C(C)=C3[N+]4=C(C=C6C([C@@H]7CCC(=O)N)(C)C)[C@@H](CCC(=O)N)[C@@]3(CC(=O)N)C)=[N+]52)C)O[C@@H](N2C3=NC=NC(=C3N=C2)N)[C@H](O)[C@@H]1O	Organic compounds	Organoheterocyclic compounds	Tetrapyrroles and derivatives	Corrinoids	Cobalamin derivatives	Aromatic heteropolycyclic compounds	5'-deoxyribonucleosides;Amino acids and derivatives;Azacyclic compounds;Benzenoids;Benzimidazoles;Carbonyl compounds;Carboxylic acids and derivatives;Fatty amides;Heteroaromatic compounds;Hydrocarbon derivatives;Imidazoles;Imidolactams;Lactams;Metalloheterocyclic compounds;Metallotetrapyrroles;Monosaccharides;N-substituted imidazoles;Organic oxides;Organic phosphoric acids and derivatives;Organic transition metal salts;Organopnictogen compounds;Organotransition metal compounds;Oxacyclic compounds;Pentose phosphates;Primary alcohols;Primary amines;Primary carboxylic acid amides;Propargyl-type 1,3-dipolar organic compounds;Purines and purine derivatives;Pyrimidines and pyrimidine derivatives;Pyrrolidines;Pyrrolines;Secondary alcohols;Secondary carboxylic acid amides;Tetrahydrofurans;Transition metal alkyls	Lactam;Amino acid or derivatives;Monosaccharide;Imidazopyrimidine;Organic transition metal moeity;Saccharide;Cobalamin;Organonitrogen compound;Organic salt;Alcohol;Azacycle;Transition metal alkyl;Heteroaromatic compound;Organic 1,3-dipolar compound;Organic transition metal salt;Secondary carboxylic acid amide;Organometallic compound;Hydrocarbon derivative;Primary amine;Amine;Primary carboxylic acid amide;Fatty acyl;Metalloheterocycle;Carbonyl group;Pentose phosphate;Fatty amide;Carboxylic acid derivative;Pyrimidine;Propargyl-type 1,3-dipolar organic compound;Organic oxide;Aromatic heteropolycyclic compound;Benzimidazole;Imidazole;Organopnictogen compound;Metallotetrapyrrole skeleton;Pyrrolidine;Primary alcohol;Imidolactam;Azole;N-substituted imidazole;5'-deoxyribonucleoside;Tetrahydrofuran;Carboxamide group;Oxacycle;Pyrroline;Organic oxygen compound;Secondary alcohol;Benzenoid;Purine;Organic nitrogen compound;Organic phosphoric acid derivative;Organooxygen compound;Organic metal salt
None	OC(=O)C1=C(O)C(O)=CC=C1	Organic compounds	Benzenoids	Benzene and substituted derivatives	Benzoic acids and derivatives	Salicylic acids	Aromatic homomonocyclic compounds	1-carboxy-2-haloaromatic compounds;1-hydroxy-2-unsubstituted benzenoids;1-hydroxy-4-unsubstituted benzenoids;Benzoic acids;Benzoyl derivatives;Hydrocarbon derivatives;Monocarboxylic acids and derivatives;Organic oxides;Organooxygen compounds;Vinylogous acids	Carboxylic acid;Benzoyl;1-hydroxy-2-unsubstituted benzenoid;Salicylic acid;1-hydroxy-4-unsubstituted benzenoid;Carboxylic acid derivative;Aromatic homomonocyclic compound;Vinylogous acid;Organic oxide;Monocarboxylic acid or derivatives;Organic oxygen compound;Phenol;Hydrocarbon derivative;1-carboxy-2-haloaromatic compound;Benzoic acid;Organooxygen compound
None	O[C@H](COP(O)(O)=O)C(O)=O	Organic compounds	Organic oxygen compounds	Organooxygen compounds	Carbohydrates and carbohydrate conjugates	Sugar acids and derivatives	Aliphatic acyclic compounds	Alpha hydroxy acids and derivatives;Carbonyl compounds;Carboxylic acids;Hydrocarbon derivatives;Monoalkyl phosphates;Monocarboxylic acids and derivatives;Monosaccharides;Organic oxides;Secondary alcohols	Alcohol;Aliphatic acyclic compound;Carbonyl group;Carboxylic acid;Alpha-hydroxy acid;Monosaccharide;Hydroxy acid;Carboxylic acid derivative;Organic oxide;Monocarboxylic acid or derivatives;Phosphoric acid ester;Glyceric_acid;Monoalkyl phosphate;Secondary alcohol;Hydrocarbon derivative;Organic phosphoric acid derivative;Alkyl phosphate
None	OC[C@H]1OC(=O)[C@H](O)[C@@H](O)[C@@H]1O	Organic compounds	Organic oxygen compounds	Organooxygen compounds	Carbohydrates and carbohydrate conjugates	Gluconolactones	Aliphatic heteromonocyclic compounds	Carbonyl compounds;Carboxylic acid esters;Delta valerolactones;Hydrocarbon derivatives;Monocarboxylic acids and derivatives;Monosaccharides;Organic oxides;Oxacyclic compounds;Oxanes;Primary alcohols;Secondary alcohols	Alcohol;Carbonyl group;Delta valerolactone;Carboxylic acid derivative;Lactone;Oxacycle;Organic oxide;Monocarboxylic acid or derivatives;Gluconolactone;Carboxylic acid ester;Aliphatic heteromonocyclic compound;Secondary alcohol;Hydrocarbon derivative;Oxane;Primary alcohol;Delta_valerolactone;Organoheterocyclic compound
None	OCC(=O)[C@H](O)[C@H](O)COP(O)(O)=O	Organic compounds	Organic oxygen compounds	Organooxygen compounds	Carbohydrates and carbohydrate conjugates	Pentose phosphates	Aliphatic acyclic compounds	Acyloins;Alpha-hydroxy ketones;Beta-hydroxy ketones;Hydrocarbon derivatives;Monoalkyl phosphates;Monosaccharides;Organic oxides;Secondary alcohols	Alcohol;Beta-hydroxy ketone;Aliphatic acyclic compound;Carbonyl group;Pentose phosphate;Pentose-5-phosphate;Alpha-hydroxy ketone;Ketone;Organic oxide;Phosphoric acid ester;Monoalkyl phosphate;Acyloin;Secondary alcohol;Hydrocarbon derivative;Organic phosphoric acid derivative;Alkyl phosphate
None	CC(O)=NC1C(OP(O)(=O)OP(O)(=O)OCC2OC(C(O)C2O)N2C=CC(O)=NC2=O)OC(CO)C(O)C1O	Organic compounds	Organic oxygen compounds	Organooxygen compounds	Carbohydrates and carbohydrate conjugates	Monosaccharides	Aromatic heteromonocyclic compounds	Azacyclic compounds;Carboximidic acids;Heteroaromatic compounds;Hydrocarbon derivatives;Hydroxypyrimidines;Monoalkyl phosphates;N-acyl-alpha-hexosamines;Organic carbonic acids and derivatives;Organic oxides;Organic pyrophosphates;Organonitrogen compounds;Organopnictogen compounds;Oxacyclic compounds;Oxanes;Pentose phosphates;Primary alcohols;Propargyl-type 1,3-dipolar organic compounds;Pyrimidine ribonucleoside diphosphates;Pyrimidones;Secondary alcohols;Tetrahydrofurans	Carboximidic acid;Aromatic heteromonocyclic compound;Pentose phosphate;Monosaccharide;Pentose-5-phosphate;Pyrimidone;Hydroxypyrimidine;Pyrimidine;N-acyl-alpha-hexosamine;Propargyl-type 1,3-dipolar organic compound;Organic oxide;Organonitrogen compound;Organopnictogen compound;Oxane;Primary alcohol;Organoheterocyclic compound;Alcohol;Carbonic acid derivative;Azacycle;Tetrahydrofuran;Heteroaromatic compound;Organic 1,3-dipolar compound;Organic pyrophosphate;Oxacycle;Pyrimidine ribonucleoside diphosphate;Phosphoric acid ester;Monoalkyl phosphate;Secondary alcohol;Hydrocarbon derivative;Organic nitrogen compound;Organic phosphoric acid derivative;Alkyl phosphate
None	O=C(O)C(=O)C(O)(O)CO	Organic compounds	Organic acids and derivatives	Keto acids and derivatives	Short-chain keto acids and derivatives	Short-chain keto acids and derivatives	Aliphatic acyclic compounds	Acyloins;Alpha-hydroxy ketones;Alpha-keto acids and derivatives;Beta-hydroxy ketones;Carbonyl hydrates;Carboxylic acids;Fatty Acyls;Hydrocarbon derivatives;Hydroxy fatty acids;Monocarboxylic acids and derivatives;Organic oxides	Alcohol;Fatty acyl;Beta-hydroxy ketone;Aliphatic acyclic compound;Carbonyl group;Carboxylic acid;Carbonyl hydrate;Short-chain keto acid;Alpha-hydroxy ketone;Carboxylic acid derivative;Ketone;Organic oxide;Monocarboxylic acid or derivatives;Organic oxygen compound;Acyloin;Alpha-keto acid;Hydrocarbon derivative;Hydroxy fatty acid;Organooxygen compound
None	NC1=NC=NC2=C1N=CN2[C@H]1C[C@H](O)[C@@H](COP(O)(=O)OP(O)(O)=O)O1	Organic compounds	Nucleosides, nucleotides, and analogues	Purine nucleotides	Purine deoxyribonucleotides	Purine 2'-deoxyribonucleoside diphosphates	Aromatic heteropolycyclic compounds	Azacyclic compounds;Heteroaromatic compounds;Hydrocarbon derivatives;Imidazoles;Imidolactams;Monoalkyl phosphates;Monosaccharides;N-substituted imidazoles;Organic oxides;Organic pyrophosphates;Organopnictogen compounds;Oxacyclic compounds;Pentose phosphates;Primary amines;Purines and purine derivatives;Pyrimidines and pyrimidine derivatives;Secondary alcohols;Tetrahydrofurans	Pentose phosphate;Monosaccharide;Imidazopyrimidine;Pyrimidine;Saccharide;Organic oxide;Aromatic heteropolycyclic compound;Imidazole;Organonitrogen compound;Organopnictogen compound;Imidolactam;Organoheterocyclic compound;Azole;N-substituted imidazole;Alcohol;Azacycle;Tetrahydrofuran;Heteroaromatic compound;Purine 2'-deoxyribonucleoside diphosphate;Organic pyrophosphate;Oxacycle;Organic oxygen compound;Phosphoric acid ester;Monoalkyl phosphate;Secondary alcohol;Hydrocarbon derivative;Primary amine;Purine;Organic nitrogen compound;Organic phosphoric acid derivative;Amine;Alkyl phosphate;Organooxygen compound
None	OC[C@H]1O[C@H](O[C@H]2[C@H](O)[C@H](O)[C@@H](O)O[C@@H]2CO)[C@H](O)[C@@H](O)[C@@H]1O	Organic compounds	Organic oxygen compounds	Organooxygen compounds	Carbohydrates and carbohydrate conjugates	Monosaccharides	Aliphatic heteromonocyclic compounds	Acetals;Hemiacetals;Hydrocarbon derivatives;Oxacyclic compounds;Oxanes;Primary alcohols;Secondary alcohols	Alcohol;Monosaccharide;Oxacycle;Acetal;Aliphatic heteromonocyclic compound;Secondary alcohol;Hemiacetal;Hydrocarbon derivative;Oxane;Primary alcohol;Organoheterocyclic compound
None	OC(=O)C(O)=O	Organic compounds	Organic acids and derivatives	Carboxylic acids and derivatives	Dicarboxylic acids and derivatives	Dicarboxylic acids and derivatives	Aliphatic acyclic compounds	Carbonyl compounds;Carboxylic acids;Hydrocarbon derivatives;Organic oxides	Aliphatic acyclic compound;Carbonyl group;Organic oxide;Carboxylic acid;Organic oxygen compound;Dicarboxylic acid or derivatives;Hydrocarbon derivative;Organooxygen compound
None	NC1=C2N=CN([C@@H]3O[C@H](CO)[C@@H](O)[C@H]3O)C2=NC=N1	Organic compounds	Nucleosides, nucleotides, and analogues	Purine nucleosides	Purine nucleosides	Purine nucleosides	Aromatic heteropolycyclic compounds	Azacyclic compounds;Heteroaromatic compounds;Hydrocarbon derivatives;Imidazoles;Imidolactams;Monosaccharides;N-substituted imidazoles;Organopnictogen compounds;Oxacyclic compounds;Primary alcohols;Primary amines;Purines and purine derivatives;Pyrimidines and pyrimidine derivatives;Secondary alcohols;Tetrahydrofurans	Monosaccharide;Imidazopyrimidine;Pyrimidine;Saccharide;Aromatic heteropolycyclic compound;Imidazole;Organonitrogen compound;Organopnictogen compound;Primary alcohol;Imidolactam;Organoheterocyclic compound;Azole;N-substituted imidazole;Alcohol;Azacycle;Tetrahydrofuran;Purine nucleoside;Heteroaromatic compound;Oxacycle;Organic oxygen compound;Secondary alcohol;Hydrocarbon derivative;Primary amine;Purine;Organic nitrogen compound;Amine;Organooxygen compound
None	CNCC(O)=O	Organic compounds	Organic acids and derivatives	Carboxylic acids and derivatives	Amino acids, peptides, and analogues	Alpha amino acids	Aliphatic acyclic compounds	Amino acids;Carbonyl compounds;Carboxylic acids;Dialkylamines;Hydrocarbon derivatives;Monocarboxylic acids and derivatives;Organic oxides;Organopnictogen compounds	Aliphatic acyclic compound;Secondary aliphatic amine;Carbonyl group;Carboxylic acid;Amino acid;Secondary amine;Organic oxide;Monocarboxylic acid or derivatives;Organic oxygen compound;Organonitrogen compound;Alpha-amino acid;Organopnictogen compound;Hydrocarbon derivative;Organic nitrogen compound;Organooxygen compound;Amine
None	CC1=CN([C@H]2C[C@H](O)[C@@H](CO)O2)C(=O)NC1=O	Organic compounds	Nucleosides, nucleotides, and analogues	Pyrimidine nucleosides	Pyrimidine nucleosides	Pyrimidine nucleosides	Aromatic heteromonocyclic compounds	Azacyclic compounds;Heteroaromatic compounds;Hydrocarbon derivatives;Lactams;Monosaccharides;Organic carbonic acids and derivatives;Organic oxides;Organonitrogen compounds;Organopnictogen compounds;Oxacyclic compounds;Primary alcohols;Pyrimidones;Secondary alcohols;Tetrahydrofurans;Vinylogous amides	Lactam;Aromatic heteromonocyclic compound;Monosaccharide;Pyrimidone;Pyrimidine;Saccharide;Organic oxide;Organonitrogen compound;Organopnictogen compound;Pyrimidine nucleoside;Primary alcohol;Organoheterocyclic compound;Alcohol;Vinylogous amide;Carbonic acid derivative;Azacycle;Tetrahydrofuran;Heteroaromatic compound;Oxacycle;Organic oxygen compound;Secondary alcohol;Hydrocarbon derivative;Organic nitrogen compound;Organooxygen compound
None	O[C@@H]1CO[C@@H](O)[C@@H](O)[C@@H]1O	Organic compounds	Organic oxygen compounds	Organooxygen compounds	Carbohydrates and carbohydrate conjugates	Monosaccharides	Aliphatic heteromonocyclic compounds	Hemiacetals;Hydrocarbon derivatives;Oxacyclic compounds;Oxanes;Secondary alcohols	Alcohol;Monosaccharide;Oxacycle;Aliphatic heteromonocyclic compound;Secondary alcohol;Hemiacetal;Hydrocarbon derivative;Oxane;Organoheterocyclic compound
None	N[C@H](CCC(O)=O)C(O)=O	Organic compounds	Organic acids and derivatives	Carboxylic acids and derivatives	Amino acids, peptides, and analogues	Glutamic acid and derivatives	Aliphatic acyclic compounds	Alpha amino acids;Carbonyl compounds;Carboxylic acids;Dicarboxylic acids and derivatives;Fatty acids and conjugates;Hydrocarbon derivatives;Monoalkylamines;Organic oxides;Organonitrogen compounds;Organopnictogen compounds	Aliphatic acyclic compound;Carbonyl group;Carboxylic acid;Fatty acid;Glutamic acid or derivatives;Organic oxide;Organic oxygen compound;Organonitrogen compound;Alpha-amino acid;Dicarboxylic acid or derivatives;Organopnictogen compound;Hydrocarbon derivative;Primary aliphatic amine;Organic nitrogen compound;Organooxygen compound
None	CN	Organic compounds	Organic nitrogen compounds	Organonitrogen compounds	Organonitrogen compounds	Organonitrogen compounds	Aliphatic acyclic compounds	Hydrocarbon derivatives;Monoalkylamines;Organopnictogen compounds	Aliphatic acyclic compound;Organonitrogen compound;Organopnictogen compound;Hydrocarbon derivative;Primary aliphatic amine
None	CCCCC\C=C/C\C=C/C\C=C/C\C=C/CCCC(O)=O	Organic compounds	Lipids and lipid-like molecules	Fatty Acyls	Fatty acids and conjugates	Long-chain fatty acids	Aliphatic acyclic compounds	Carbonyl compounds;Carboxylic acids;Fatty Acyls;Hydrocarbon derivatives;Monocarboxylic acids and derivatives;Organic oxides;Straight chain fatty acids	Aliphatic acyclic compound;Carbonyl group;Straight chain fatty acid;Long-chain fatty acid;Carboxylic acid;Carboxylic acid derivative;Organic oxide;Monocarboxylic acid or derivatives;Organic oxygen compound;Hydrocarbon derivative;Organooxygen compound
None	OC(=O)CC=O	Organic compounds	Organic oxygen compounds	Organooxygen compounds	Carbonyl compounds	Alpha-hydrogen aldehydes	Aliphatic acyclic compounds	Carboxylic acids;Hydrocarbon derivatives;Monocarboxylic acids and derivatives;Organic oxides;Short-chain aldehydes	Aliphatic acyclic compound;Short-chain aldehyde;Carboxylic acid;Carboxylic acid derivative;Organic oxide;Monocarboxylic acid or derivatives;Alpha-hydrogen aldehyde;Hydrocarbon derivative
None	NC1=NC=NC2=C1N=CN2[C@@H]1O[C@H](COP(O)(=O)OS(O)(=O)=O)[C@@H](O)[C@H]1O	Organic compounds	Nucleosides, nucleotides, and analogues	Purine nucleotides	Purine ribonucleotides	Purine ribonucleoside monophosphates	Aromatic heteropolycyclic compounds	1,2-diols;Azacyclic compounds;Heteroaromatic compounds;Hydrocarbon derivatives;Imidazoles;Imidolactams;Monoalkyl phosphates;Monosaccharides;N-substituted imidazoles;Organic oxides;Organic sulfuric acids and derivatives;Organopnictogen compounds;Oxacyclic compounds;Pentose phosphates;Primary amines;Purines and purine derivatives;Pyrimidines and pyrimidine derivatives;Secondary alcohols;Tetrahydrofurans	Pentose phosphate;Purine ribonucleoside monophosphate;Monosaccharide;Pentose-5-phosphate;Imidazopyrimidine;Pyrimidine;Saccharide;Organic oxide;Aromatic heteropolycyclic compound;Imidazole;Organonitrogen compound;Organopnictogen compound;Imidolactam;Organoheterocyclic compound;Azole;1,2-diol;N-substituted imidazole;Alcohol;Organic sulfuric acid or derivatives;Azacycle;Tetrahydrofuran;Heteroaromatic compound;Oxacycle;Organic oxygen compound;Phosphoric acid ester;Monoalkyl phosphate;Secondary alcohol;Hydrocarbon derivative;Purine;Primary amine;Organic nitrogen compound;Organic phosphoric acid derivative;Amine;Alkyl phosphate;Organooxygen compound
None	CC(=O)OP(O)(O)=O	Organic compounds	Organic acids and derivatives	Organic phosphoric acids and derivatives	Phosphate esters	Acyl monophosphates	Aliphatic acyclic compounds	Acetate salts;Carbonyl compounds;Hydrocarbon derivatives;Monocarboxylic acids and derivatives;Organic oxides;Organic phosphoric acids and derivatives;Organic salts	Aliphatic acyclic compound;Carbonyl group;Acetate salt;Acyl monophosphate;Carboxylic acid derivative;Organic oxide;Monocarboxylic acid or derivatives;Organic oxygen compound;Hydrocarbon derivative;Organic salt;Organooxygen compound
None	OCC(=O)[C@@H](O)[C@H](O)COP(O)(O)=O	Organic compounds	Organic oxygen compounds	Organooxygen compounds	Carbohydrates and carbohydrate conjugates	Pentose phosphates	Aliphatic acyclic compounds	Acyloins;Alpha-hydroxy ketones;Beta-hydroxy ketones;Hydrocarbon derivatives;Monoalkyl phosphates;Monosaccharides;Organic oxides;Secondary alcohols	Alcohol;Beta-hydroxy ketone;Aliphatic acyclic compound;Carbonyl group;Pentose phosphate;Pentose-5-phosphate;Alpha-hydroxy ketone;Ketone;Organic oxide;Phosphoric acid ester;Monoalkyl phosphate;Acyloin;Secondary alcohol;Hydrocarbon derivative;Organic phosphoric acid derivative;Alkyl phosphate
None	OC(=O)CCC=O	Organic compounds	Lipids and lipid-like molecules	Fatty Acyls	Fatty acids and conjugates	Straight chain fatty acids	Aliphatic acyclic compounds	Alpha-hydrogen aldehydes;Carboxylic acids;Hydrocarbon derivatives;Monocarboxylic acids and derivatives;Organic oxides	Aliphatic acyclic compound;Carbonyl group;Straight chain fatty acid;Carboxylic acid;Aldehyde;Carboxylic acid derivative;Organic oxide;Monocarboxylic acid or derivatives;Organic oxygen compound;Alpha-hydrogen aldehyde;Hydrocarbon derivative;Organooxygen compound
None	CC(C)CC(=O)C(O)=O	Organic compounds	Organic acids and derivatives	Keto acids and derivatives	Short-chain keto acids and derivatives	Short-chain keto acids and derivatives	Aliphatic acyclic compounds	Alpha-hydroxy ketones;Alpha-keto acids and derivatives;Carboxylic acids;Fatty Acyls;Hydrocarbon derivatives;Methyl-branched fatty acids;Monocarboxylic acids and derivatives;Organic oxides	Fatty acyl;Aliphatic acyclic compound;Carbonyl group;Carboxylic acid;Methyl-branched fatty acid;Short-chain keto acid;Alpha-hydroxy ketone;Carboxylic acid derivative;Branched fatty acid;Ketone;Organic oxide;Monocarboxylic acid or derivatives;Organic oxygen compound;Alpha-keto acid;Hydrocarbon derivative;Organooxygen compound
None	NC1=NC(=O)C2=C(NCC(CN(C=O)C3=CC=C(C=C3)C(=O)N[C@@H](CCC(O)=O)C(O)=O)N2)N1	Organic compounds	Organic acids and derivatives	Carboxylic acids and derivatives	Amino acids, peptides, and analogues	Glutamic acid and derivatives	Aromatic heteropolycyclic compounds	Acylaminobenzoic acid and derivatives;Alpha amino acids;Amino acids;Anilides;Azacyclic compounds;Benzoyl derivatives;Carbonyl compounds;Carboxylic acids;Dicarboxylic acids and derivatives;Heteroaromatic compounds;Hippuric acids and derivatives;Hydrocarbon derivatives;N-acyl-alpha amino acids;Organic oxides;Organopnictogen compounds;Primary amines;Pterins and derivatives;Pyrimidones;Secondary alkylarylamines;Secondary carboxylic acid amides;Tertiary carboxylic acid amides;Vinylogous amides	Monocyclic benzene moiety;Carbonyl group;Carboxylic acid;Amino acid;Benzoyl;Pyrimidone;Benzamide;Pyrimidine;Organic oxide;Aromatic heteropolycyclic compound;Tertiary carboxylic acid amide;Organonitrogen compound;Alpha-amino acid;Organopnictogen compound;Organoheterocyclic compound;N-acyl-alpha amino acid or derivatives;Vinylogous amide;Acylaminobenzoic acid or derivatives;Pterin;Azacycle;N-acyl-alpha-amino acid;Hippuric acid or derivatives;Heteroaromatic compound;Benzoic acid or derivatives;Glutamic acid or derivatives;Secondary amine;Carboxamide group;Secondary aliphatic/aromatic amine;Anilide;Secondary carboxylic acid amide;Organic oxygen compound;Dicarboxylic acid or derivatives;Hydrocarbon derivative;Benzenoid;Primary amine;Organic nitrogen compound;Amine;Organooxygen compound
None	CC(C)=CCOP(O)(=O)OP(O)(O)=O	Organic compounds	Organic oxygen compounds	Organic oxoanionic compounds	Organic pyrophosphates	Organic pyrophosphates	Aliphatic acyclic compounds	Hydrocarbon derivatives;Monoalkyl phosphates;Organic oxides;Organooxygen compounds	Aliphatic acyclic compound;Organic oxide;Phosphoric acid ester;Monoalkyl phosphate;Hydrocarbon derivative;Organic phosphoric acid derivative;Organic pyrophosphate;Alkyl phosphate;Organooxygen compound
None	O[C@H](COP(O)(O)=O)C(=O)OP(O)(O)=O	Organic compounds	Organic acids and derivatives	Organic phosphoric acids and derivatives	Phosphate esters	Acyl monophosphates	Aliphatic acyclic compounds	Carbonyl compounds;Hydrocarbon derivatives;Monoalkyl phosphates;Monocarboxylic acids and derivatives;Monosaccharides;Organic oxides;Secondary alcohols;Sugar acids and derivatives	Alcohol;Aliphatic acyclic compound;Carbonyl group;Acyl monophosphate;Monosaccharide;Carboxylic acid derivative;Saccharide;Organic oxide;Monocarboxylic acid or derivatives;Organic oxygen compound;Glyceric_acid;Monoalkyl phosphate;Secondary alcohol;Hydrocarbon derivative;Alkyl phosphate;Organooxygen compound
None	[C-]#[O+]	Organic compounds	Hydrocarbon derivatives		Hydrocarbon derivatives	Hydrocarbon derivatives	Aliphatic acyclic compounds	Organic oxygen compounds	Aliphatic acyclic compound;Organic oxygen compound;Hydrocarbon derivative
None	[K+]	Organic compounds	Organic cations		Organic cations	Organic cations	Acyclic compounds		Acyclic compound;Organic cation
None	NC1=NC(=O)N(C=C1)[C@H]1C[C@H](O)[C@@H](COP(O)(O)=O)O1	Organic compounds	Nucleosides, nucleotides, and analogues	Pyrimidine nucleotides	Pyrimidine deoxyribonucleotides	Pyrimidine 2'-deoxyribonucleoside monophosphates	Aromatic heteromonocyclic compounds	Azacyclic compounds;Heteroaromatic compounds;Hydrocarbon derivatives;Imidolactams;Monoalkyl phosphates;Monosaccharides;Organic carbonic acids and derivatives;Organic oxides;Organopnictogen compounds;Oxacyclic compounds;Pentose phosphates;Primary amines;Pyrimidones;Secondary alcohols;Tetrahydrofurans	Aromatic heteromonocyclic compound;Pentose phosphate;Monosaccharide;Pyrimidone;Pyrimidine;Pyrimidine 2'-deoxyribonucleoside monophosphate;Saccharide;Organic oxide;Organonitrogen compound;Organopnictogen compound;Imidolactam;Organoheterocyclic compound;Alcohol;Carbonic acid derivative;Azacycle;Tetrahydrofuran;Heteroaromatic compound;Oxacycle;Organic oxygen compound;Phosphoric acid ester;Monoalkyl phosphate;Secondary alcohol;Hydrocarbon derivative;Primary amine;Organic nitrogen compound;Organic phosphoric acid derivative;Amine;Alkyl phosphate;Organooxygen compound
None	NC1=NC(=O)C2=C(N1)N=CN2	Organic compounds	Organoheterocyclic compounds	Imidazopyrimidines	Purines and purine derivatives	Hypoxanthines	Aromatic heteropolycyclic compounds	Azacyclic compounds;Heteroaromatic compounds;Hydrocarbon derivatives;Imidazoles;Organic oxides;Organooxygen compounds;Organopnictogen compounds;Primary amines;Purines and purine derivatives;Pyrimidones;Vinylogous amides	Vinylogous amide;Azacycle;Heteroaromatic compound;Pyrimidone;Pyrimidine;Organic oxide;Organic oxygen compound;Aromatic heteropolycyclic compound;Imidazole;Organonitrogen compound;Organopnictogen compound;Hypoxanthine;Hydrocarbon derivative;Primary amine;Organic nitrogen compound;Amine;Organooxygen compound;Azole
None	OC[C@H]1O[C@@H](O[C@H]2[C@H](O)[C@@H](O)[C@@H](O)O[C@@H]2CO)[C@H](O)[C@@H](O)[C@H]1O	Organic compounds	Organic oxygen compounds	Organooxygen compounds	Carbohydrates and carbohydrate conjugates	Monosaccharides	Aliphatic heteromonocyclic compounds	Acetals;Hemiacetals;Hydrocarbon derivatives;Oxacyclic compounds;Oxanes;Primary alcohols;Secondary alcohols	Alcohol;Monosaccharide;Oxacycle;Acetal;Aliphatic heteromonocyclic compound;Secondary alcohol;Hemiacetal;Hydrocarbon derivative;Oxane;Primary alcohol;Organoheterocyclic compound
None	[O-][N+]([O-])=O	Organic compounds	Organic oxygen compounds	Organic oxoanionic compounds	Organic nitrates	Organic nitrates	Acyclic compounds	Organic anions;Organic nitric acids and derivatives;Organic nitro compounds;Organic nitrogen compounds;Organic oxides	Organic oxide;Organic anion;Organic nitric acid or derivatives;Organic nitrate;Acyclic compound;Organic nitrogen compound;Organic nitro compound
None	NCCS(O)(=O)=O	Organic compounds	Organic acids and derivatives	Organic sulfonic acids and derivatives	Organosulfonic acids and derivatives	Organosulfonic acids	Aliphatic acyclic compounds	Hydrocarbon derivatives;Monoalkylamines;Organic oxides;Organonitrogen compounds;Organopnictogen compounds;Sulfonyls	Aliphatic acyclic compound;Organosulfonic acid;Organosulfur compound;Organic oxide;Sulfonyl;Organic oxygen compound;Organonitrogen compound;Organopnictogen compound;Hydrocarbon derivative;Primary aliphatic amine;Organic nitrogen compound
None	CCCC(O)=O	Organic compounds	Lipids and lipid-like molecules	Fatty Acyls	Fatty acids and conjugates	Straight chain fatty acids	Aliphatic acyclic compounds	Carbonyl compounds;Carboxylic acids;Hydrocarbon derivatives;Monocarboxylic acids and derivatives;Organic oxides	Aliphatic acyclic compound;Carbonyl group;Straight chain fatty acid;Carboxylic acid;Carboxylic acid derivative;Organic oxide;Monocarboxylic acid or derivatives;Organic oxygen compound;Hydrocarbon derivative;Organooxygen compound
None	NC(=O)CCCCC1CCSS1	Organic compounds	Organoheterocyclic compounds	Dithiolanes	Lipoamides	Lipoamides	Aliphatic heteromonocyclic compounds	1,2-dithiolanes;Carbonyl compounds;Carboxylic acids and derivatives;Fatty amides;Hydrocarbon derivatives;Organic disulfides;Organic oxides;Organonitrogen compounds;Organopnictogen compounds;Primary carboxylic acid amides	Primary carboxylic acid amide;Fatty acyl;Carbonyl group;Fatty amide;Carboxamide group;Carboxylic acid derivative;1,2-dithiolane;Organic oxide;Organic oxygen compound;Organic disulfide;Aliphatic heteromonocyclic compound;Organonitrogen compound;Lipoamide;Organopnictogen compound;Hydrocarbon derivative;Organic nitrogen compound;Organooxygen compound
None	CCCCCCCCCCCCCCCC(O)=O	Organic compounds	Lipids and lipid-like molecules	Fatty Acyls	Fatty acids and conjugates	Long-chain fatty acids	Aliphatic acyclic compounds	Carbonyl compounds;Carboxylic acids;Hydrocarbon derivatives;Monocarboxylic acids and derivatives;Organic oxides;Straight chain fatty acids	Aliphatic acyclic compound;Carbonyl group;Straight chain fatty acid;Long-chain fatty acid;Carboxylic acid;Carboxylic acid derivative;Organic oxide;Monocarboxylic acid or derivatives;Organic oxygen compound;Hydrocarbon derivative;Organooxygen compound
None	CC1=NC=C(CO)C(C=O)=C1O	Organic compounds	Organoheterocyclic compounds	Pyridines and derivatives	Pyridine carboxaldehydes	Pyridoxals and derivatives	Aromatic heteromonocyclic compounds	2-halopyridines;Aromatic alcohols;Aryl-aldehydes;Azacyclic compounds;Heteroaromatic compounds;Hydrocarbon derivatives;Hydroxypyridines;Organic oxides;Organonitrogen compounds;Organopnictogen compounds;Polyhalopyridines;Pyridinecarboxylic acids and derivatives;Vinylogous acids	Aromatic alcohol;Pyridine carboxylic acid or derivatives;Alcohol;Pyridoxal;Aromatic heteromonocyclic compound;Azacycle;Polyhalopyridine;Heteroaromatic compound;Hydroxypyridine;Aldehyde;Vinylogous acid;Organic oxide;Aryl-aldehyde;Organic oxygen compound;Organonitrogen compound;Organopnictogen compound;Hydrocarbon derivative;2-halopyridine;Organic nitrogen compound;Organooxygen compound
None	O[C@@H]1C=CC(=C[C@H]1OC(=C)C(O)=O)C(O)=O	Organic compounds	Organic acids and derivatives	Carboxylic acids and derivatives	Dicarboxylic acids and derivatives	Dicarboxylic acids and derivatives	Aliphatic homomonocyclic compounds	Carbonyl compounds;Carboxylic acids;Hydrocarbon derivatives;Organic oxides;Secondary alcohols	Alcohol;Carbonyl group;Organic oxide;Carboxylic acid;Organic oxygen compound;Secondary alcohol;Aliphatic homomonocyclic compound;Dicarboxylic acid or derivatives;Hydrocarbon derivative;Organooxygen compound
None	OC(=O)C1=CN=CC=C1	Organic compounds	Organoheterocyclic compounds	Pyridines and derivatives	Pyridinecarboxylic acids and derivatives	Pyridine-3-carboxylic acids	Aromatic heteromonocyclic compounds	Azacyclic compounds;Carboxylic acids;Heteroaromatic compounds;Hydrocarbon derivatives;Hydroxypyridines;Monocarboxylic acids and derivatives;Organic oxides;Organonitrogen compounds;Organooxygen compounds;Organopnictogen compounds	Carboxylic acid;Aromatic heteromonocyclic compound;Azacycle;Pyridine-3-carboxylic acid;Heteroaromatic compound;Hydroxypyridine;Carboxylic acid derivative;Organic oxide;Monocarboxylic acid or derivatives;Organic oxygen compound;Organonitrogen compound;Organopnictogen compound;Hydrocarbon derivative;Organic nitrogen compound;Organooxygen compound
None	O[C@H]1C=C[C@](CC(=O)C(O)=O)(C=C1)C(O)=O	Organic compounds	Organic acids and derivatives	Keto acids and derivatives	Gamma-keto acids and derivatives	Gamma-keto acids and derivatives	Aliphatic homomonocyclic compounds	Alpha-hydroxy ketones;Alpha-keto acids and derivatives;Carboxylic acids;Dicarboxylic acids and derivatives;Hydrocarbon derivatives;Organic oxides;Secondary alcohols	Alcohol;Carbonyl group;Carboxylic acid;Alpha-hydroxy ketone;Carboxylic acid derivative;Gamma-keto acid;Ketone;Organic oxide;Organic oxygen compound;Alpha-keto acid;Secondary alcohol;Aliphatic homomonocyclic compound;Dicarboxylic acid or derivatives;Hydrocarbon derivative;Organooxygen compound
None	CC1=C(C)C=C2N(C[C@H](O)[C@H](O)[C@H](O)CO)C3=NC(=O)NC(=O)C3=NC2=C1	Organic compounds	Organoheterocyclic compounds	Pteridines and derivatives	Alloxazines and isoalloxazines	Flavins	Aromatic heteropolycyclic compounds	Azacyclic compounds;Benzenoids;Diazanaphthalenes;Heteroaromatic compounds;Hydrocarbon derivatives;Lactams;Organic carbonic acids and derivatives;Organic oxides;Organonitrogen compounds;Organopnictogen compounds;Primary alcohols;Pyrazines;Pyrimidones;Quinoxalines;Secondary alcohols	Lactam;Pyrimidone;Flavin;Pyrimidine;Organic oxide;Diazanaphthalene;Aromatic heteropolycyclic compound;Organonitrogen compound;Organopnictogen compound;Primary alcohol;Alcohol;Quinoxaline;Carbonic acid derivative;Azacycle;Heteroaromatic compound;Organic oxygen compound;Pyrazine;Secondary alcohol;Hydrocarbon derivative;Benzenoid;Organic nitrogen compound;Organooxygen compound
None	C[C@@H](O)C(O)=O	Organic compounds	Organic acids and derivatives	Hydroxy acids and derivatives	Alpha hydroxy acids and derivatives	Alpha hydroxy acids and derivatives	Aliphatic acyclic compounds	Carbonyl compounds;Carboxylic acids;Hydrocarbon derivatives;Monocarboxylic acids and derivatives;Organic oxides;Secondary alcohols	Alcohol;Aliphatic acyclic compound;Carbonyl group;Carboxylic acid;Alpha-hydroxy acid;Carboxylic acid derivative;Organic oxide;Monocarboxylic acid or derivatives;Organic oxygen compound;Secondary alcohol;Hydrocarbon derivative;Organooxygen compound
None	OC[C@@H](O)[C@@H](O)[C@H](O)[C@@H](O)C(O)=O	Organic compounds	Organic acids and derivatives	Hydroxy acids and derivatives	Medium-chain hydroxy acids and derivatives	Medium-chain hydroxy acids and derivatives	Aliphatic acyclic compounds	Alpha hydroxy acids and derivatives;Beta hydroxy acids and derivatives;Carbonyl compounds;Carboxylic acids;Hydrocarbon derivatives;Hydroxy fatty acids;Medium-chain fatty acids;Monocarboxylic acids and derivatives;Monosaccharides;Organic oxides;Primary alcohols;Secondary alcohols	Alcohol;Fatty acyl;Aliphatic acyclic compound;Carbonyl group;Carboxylic acid;Alpha-hydroxy acid;Monosaccharide;Fatty acid;Carboxylic acid derivative;Medium-chain hydroxy acid;Beta-hydroxy acid;Saccharide;Organic oxide;Monocarboxylic acid or derivatives;Organic oxygen compound;Secondary alcohol;Hydrocarbon derivative;Medium-chain fatty acid;Hydroxy fatty acid;Primary alcohol;Organooxygen compound
None	OC[C@@H](O)C(O)=O	Organic compounds	Organic oxygen compounds	Organooxygen compounds	Carbohydrates and carbohydrate conjugates	Sugar acids and derivatives	Aliphatic acyclic compounds	1,2-diols;Alpha hydroxy acids and derivatives;Beta hydroxy acids and derivatives;Carbonyl compounds;Carboxylic acids;Hydrocarbon derivatives;Monocarboxylic acids and derivatives;Monosaccharides;Organic oxides;Primary alcohols;Secondary alcohols	Alcohol;Aliphatic acyclic compound;Carbonyl group;Carboxylic acid;Alpha-hydroxy acid;Monosaccharide;Hydroxy acid;Carboxylic acid derivative;Beta-hydroxy acid;Organic oxide;Monocarboxylic acid or derivatives;Glyceric_acid;Secondary alcohol;Hydrocarbon derivative;Primary alcohol;1,2-diol
None	O[C@H]1CO[C@H](O)[C@H](O)[C@H]1O	Organic compounds	Organic oxygen compounds	Organooxygen compounds	Carbohydrates and carbohydrate conjugates	Monosaccharides	Aliphatic heteromonocyclic compounds	Hemiacetals;Hydrocarbon derivatives;Oxacyclic compounds;Oxanes;Secondary alcohols	Alcohol;Monosaccharide;Oxacycle;Aliphatic heteromonocyclic compound;Secondary alcohol;Hemiacetal;Hydrocarbon derivative;Oxane;Organoheterocyclic compound
None	OC1=NC=NC2=C1NC=N2	Organic compounds	Organoheterocyclic compounds	Imidazopyrimidines	Purines and purine derivatives	Purines and purine derivatives	Aromatic heteropolycyclic compounds	Azacyclic compounds;Heteroaromatic compounds;Hydrocarbon derivatives;Hydroxypyrimidines;Imidazoles;Organonitrogen compounds;Organooxygen compounds;Organopnictogen compounds	Azacycle;Heteroaromatic compound;Hydroxypyrimidine;Pyrimidine;Organic oxygen compound;Aromatic heteropolycyclic compound;Imidazole;Organonitrogen compound;Organopnictogen compound;Hydrocarbon derivative;Purine;Organic nitrogen compound;Organooxygen compound;Azole
None	N[C@@H](CCO)C(O)=O	Organic compounds	Organic acids and derivatives	Carboxylic acids and derivatives	Amino acids, peptides, and analogues	Alpha amino acids	Aliphatic acyclic compounds	Alcohols and polyols;Carbonyl compounds;Carboxylic acids;Fatty acids and conjugates;Hydrocarbon derivatives;Monoalkylamines;Monocarboxylic acids and derivatives;Organic oxides;Organonitrogen compounds;Organopnictogen compounds;Short-chain hydroxy acids and derivatives	Alcohol;Aliphatic acyclic compound;Carbonyl group;Carboxylic acid;Short-chain hydroxy acid;Fatty acid;Organic oxide;Monocarboxylic acid or derivatives;Organic oxygen compound;Organonitrogen compound;Alpha-amino acid;Organopnictogen compound;Hydrocarbon derivative;Primary aliphatic amine;Organic nitrogen compound;Organooxygen compound
None	OCC=O	Organic compounds	Organic oxygen compounds	Organooxygen compounds	Carbonyl compounds	Short-chain aldehydes	Aliphatic acyclic compounds	Hydrocarbon derivatives;Organic oxides;Primary alcohols	Alcohol;Aliphatic acyclic compound;Organic oxide;Short-chain aldehyde;Hydrocarbon derivative;Primary alcohol
None	OC[C@H]1O[C@H](O)[C@H](O)[C@@H](O)[C@@H]1O	Organic compounds	Organic oxygen compounds	Organooxygen compounds	Carbohydrates and carbohydrate conjugates	Monosaccharides	Aliphatic heteromonocyclic compounds	Hemiacetals;Hydrocarbon derivatives;Oxacyclic compounds;Oxanes;Primary alcohols;Secondary alcohols	Alcohol;Monosaccharide;Oxacycle;Aliphatic heteromonocyclic compound;Secondary alcohol;Hemiacetal;Hydrocarbon derivative;Oxane;Primary alcohol;Organoheterocyclic compound
None	[H][C@@]1(CNC2=C(N1)C(=O)N=C(N)N2)[C@@H](O)[C@H](C)O	Organic compounds	Organoheterocyclic compounds	Pteridines and derivatives	Pterins and derivatives	Pterins and derivatives	Aromatic heteropolycyclic compounds	1,2-diols;Azacyclic compounds;Heteroaromatic compounds;Hydrocarbon derivatives;Organic oxides;Organopnictogen compounds;Primary amines;Pyrimidones;Secondary alcohols;Secondary alkylarylamines;Vinylogous amides	Alcohol;Vinylogous amide;Pterin;Azacycle;Heteroaromatic compound;Pyrimidone;Secondary amine;Secondary aliphatic/aromatic amine;Pyrimidine;Organic oxide;Organic oxygen compound;Aromatic heteropolycyclic compound;Organonitrogen compound;Secondary alcohol;Organopnictogen compound;Hydrocarbon derivative;Primary amine;Organic nitrogen compound;Amine;Organooxygen compound;1,2-diol
None	O[C@@H]1O[C@H](COP(O)(O)=O)[C@@H](O)[C@H](O)[C@@H]1O	Organic compounds	Organic oxygen compounds	Organooxygen compounds	Carbohydrates and carbohydrate conjugates	Hexose phosphates	Aliphatic heteromonocyclic compounds	Hemiacetals;Hydrocarbon derivatives;Monoalkyl phosphates;Monosaccharides;Organic oxides;Oxacyclic compounds;Oxanes;Secondary alcohols	Alcohol;Oxacycle;Organic oxide;Phosphoric acid ester;Monoalkyl phosphate;Aliphatic heteromonocyclic compound;Secondary alcohol;Hexose Phosphate;Hemiacetal;Hydrocarbon derivative;Oxane;Organic phosphoric acid derivative;Alkyl phosphate;Organoheterocyclic compound
None	O[C@H](COP(O)(O)=O)[C@@H](O)C=O	Organic compounds	Organic acids and derivatives	Organic phosphoric acids and derivatives	Phosphate esters	Monoalkyl phosphates	Aliphatic acyclic compounds	1,2-diols;Alpha-hydroxyaldehydes;Beta-hydroxy aldehydes;Hydrocarbon derivatives;Monosaccharides;Organic oxides;Secondary alcohols	Alcohol;Aliphatic acyclic compound;Beta-hydroxy aldehyde;Carbonyl group;Monosaccharide;Aldehyde;Saccharide;Organic oxide;Alpha-hydroxyaldehyde;Organic oxygen compound;Monoalkyl phosphate;Secondary alcohol;Hydrocarbon derivative;Organooxygen compound;1,2-diol
None	ErrorOccur
None	ErrorOccur
None	NC1=NC2=C(N=CN2[C@H]2C[C@H](O)[C@@H](COP(O)(=O)OP(O)(=O)OP(O)(O)=O)O2)C(=O)N1	Organic compounds	Organic oxygen compounds	Organooxygen compounds	Carbohydrates and carbohydrate conjugates	Pentose phosphates	Aromatic heteropolycyclic compounds	Azacyclic compounds;Heteroaromatic compounds;Hydrocarbon derivatives;Hypoxanthines;Imidazoles;Lactams;Monoalkyl phosphates;Monosaccharides;N-substituted imidazoles;Organic oxides;Organopnictogen compounds;Oxacyclic compounds;Primary amines;Purines and purine derivatives;Pyrimidones;Secondary alcohols;Tetrahydrofurans;Vinylogous amides	Lactam;Pentose phosphate;Pyrimidone;Imidazopyrimidine;Pyrimidine;Organic oxide;Aromatic heteropolycyclic compound;Imidazole;Organonitrogen compound;Organopnictogen compound;Organoheterocyclic compound;Azole;N-substituted imidazole;Alcohol;Vinylogous amide;Azacycle;Tetrahydrofuran;Heteroaromatic compound;Oxacycle;Phosphoric acid ester;Monoalkyl phosphate;Secondary alcohol;Hypoxanthine;Hydrocarbon derivative;Primary amine;Purine;Organic nitrogen compound;Organic phosphoric acid derivative;Amine;Alkyl phosphate
None	OC(O)=O	Organic compounds	Organic acids and derivatives	Organic carbonic acids and derivatives	Organic carbonic acids	Organic carbonic acids	Aliphatic acyclic compounds	Carbonyl compounds;Hydrocarbon derivatives;Organic oxides	Aliphatic acyclic compound;Carbonyl group;Organic oxide;Organic oxygen compound;Hydrocarbon derivative;Carbonic acid;Organooxygen compound
None	OC[C@H]1O[C@H]([C@H](O)[C@@H]1O)N1C=NC2=C(O)N=CN=C12	Organic compounds	Nucleosides, nucleotides, and analogues	Purine nucleosides	Purine nucleosides	Purine nucleosides	Aromatic heteropolycyclic compounds	Azacyclic compounds;Heteroaromatic compounds;Hydrocarbon derivatives;Hydroxypyrimidines;Imidazoles;Monosaccharides;N-substituted imidazoles;Organonitrogen compounds;Organopnictogen compounds;Oxacyclic compounds;Primary alcohols;Purines and purine derivatives;Secondary alcohols;Tetrahydrofurans	Monosaccharide;Hydroxypyrimidine;Imidazopyrimidine;Pyrimidine;Saccharide;Aromatic heteropolycyclic compound;Imidazole;Organonitrogen compound;Organopnictogen compound;Primary alcohol;Organoheterocyclic compound;Azole;N-substituted imidazole;Alcohol;Azacycle;Tetrahydrofuran;Purine nucleoside;Heteroaromatic compound;Oxacycle;Organic oxygen compound;Secondary alcohol;Hydrocarbon derivative;Purine;Organic nitrogen compound;Organooxygen compound
None	OC(=O)C1=CC(=O)NC(=O)N1	Organic compounds	Organoheterocyclic compounds	Diazines	Pyrimidines and pyrimidine derivatives	Pyrimidinecarboxylic acids	Aromatic heteromonocyclic compounds	Azacyclic compounds;Carboxylic acids;Heteroaromatic compounds;Hydrocarbon derivatives;Lactams;Monocarboxylic acids and derivatives;Organic carbonic acids and derivatives;Organic oxides;Organonitrogen compounds;Organooxygen compounds;Organopnictogen compounds;Pyrimidones;Vinylogous amides	Vinylogous amide;Carbonic acid derivative;Lactam;Carboxylic acid;Aromatic heteromonocyclic compound;Azacycle;Heteroaromatic compound;Pyrimidone;Carboxylic acid derivative;Organic oxide;Monocarboxylic acid or derivatives;Organic oxygen compound;Organonitrogen compound;Organopnictogen compound;Hydrocarbon derivative;Organic nitrogen compound;Pyrimidine-6-carboxylic acid;Organooxygen compound
None	O[C@@H]1C[C@@](O)(C[C@@H](O)[C@H]1O)C(O)=O	Organic compounds	Organic oxygen compounds	Organooxygen compounds	Alcohols and polyols	Quinic acids and derivatives	Aliphatic homomonocyclic compounds	Alpha hydroxy acids and derivatives;Carbonyl compounds;Carboxylic acids;Cyclohexanols;Hydrocarbon derivatives;Monocarboxylic acids and derivatives;Organic oxides;Tertiary alcohols	Carbonyl group;Carboxylic acid;Alpha-hydroxy acid;Cyclohexanol;Hydroxy acid;Carboxylic acid derivative;Tertiary alcohol;Organic oxide;Monocarboxylic acid or derivatives;Secondary alcohol;Aliphatic homomonocyclic compound;Hydrocarbon derivative;Quinic acid
None	OC[C@H]1O[C@H]([C@H](O)[C@@H]1O)N1C=CC(=O)NC1=O	Organic compounds	Nucleosides, nucleotides, and analogues	Pyrimidine nucleosides	Pyrimidine nucleosides	Pyrimidine nucleosides	Aromatic heteromonocyclic compounds	Azacyclic compounds;Heteroaromatic compounds;Hydrocarbon derivatives;Lactams;Monosaccharides;Organic carbonic acids and derivatives;Organic oxides;Organonitrogen compounds;Organopnictogen compounds;Oxacyclic compounds;Primary alcohols;Pyrimidones;Secondary alcohols;Tetrahydrofurans;Vinylogous amides	Lactam;Aromatic heteromonocyclic compound;Monosaccharide;Pyrimidone;Pyrimidine;Saccharide;Organic oxide;Organonitrogen compound;Organopnictogen compound;Pyrimidine nucleoside;Primary alcohol;Organoheterocyclic compound;Alcohol;Vinylogous amide;Carbonic acid derivative;Azacycle;Tetrahydrofuran;Heteroaromatic compound;Oxacycle;Organic oxygen compound;Secondary alcohol;Hydrocarbon derivative;Organic nitrogen compound;Organooxygen compound
None	NC1=C2N=CN(C3OC(COP(O)(=O)OP(O)(=O)OCC4OC(O)C(O)C4O)C(O)C3O)C2=NC=N1	Organic compounds	Nucleosides, nucleotides, and analogues	Purine nucleotides	Purine ribonucleotides	Purine ribonucleoside diphosphates	Aromatic heteropolycyclic compounds	Azacyclic compounds;Hemiacetals;Heteroaromatic compounds;Hydrocarbon derivatives;Imidazoles;Imidolactams;Monoalkyl phosphates;Monosaccharides;N-substituted imidazoles;Organic oxides;Organic pyrophosphates;Organopnictogen compounds;Oxacyclic compounds;Pentose phosphates;Primary amines;Purine ribonucleoside monophosphates;Purines and purine derivatives;Pyrimidines and pyrimidine derivatives;Secondary alcohols;Tetrahydrofurans	Pentose phosphate;Purine ribonucleoside monophosphate;Monosaccharide;Pentose-5-phosphate;Imidazopyrimidine;Pyrimidine;Saccharide;Organic oxide;Purine ribonucleoside diphosphate;Aromatic heteropolycyclic compound;Imidazole;Organonitrogen compound;Organopnictogen compound;Hemiacetal;Imidolactam;Organoheterocyclic compound;Azole;N-substituted imidazole;Alcohol;Azacycle;Tetrahydrofuran;Heteroaromatic compound;Organic pyrophosphate;Oxacycle;Organic oxygen compound;Phosphoric acid ester;Monoalkyl phosphate;Secondary alcohol;Hydrocarbon derivative;Purine;Primary amine;Organic nitrogen compound;Organic phosphoric acid derivative;Amine;Alkyl phosphate;Organooxygen compound
None	NC(CCC(O)=O)C(O)=O	Organic compounds	Organic acids and derivatives	Carboxylic acids and derivatives	Amino acids, peptides, and analogues	Glutamic acid and derivatives	Aliphatic acyclic compounds	Alpha amino acids;Carbonyl compounds;Carboxylic acids;Dicarboxylic acids and derivatives;Fatty acids and conjugates;Hydrocarbon derivatives;Monoalkylamines;Organic oxides;Organonitrogen compounds;Organopnictogen compounds	Aliphatic acyclic compound;Carbonyl group;Carboxylic acid;Fatty acid;Glutamic acid or derivatives;Organic oxide;Organic oxygen compound;Organonitrogen compound;Alpha-amino acid;Dicarboxylic acid or derivatives;Organopnictogen compound;Hydrocarbon derivative;Primary aliphatic amine;Organic nitrogen compound;Organooxygen compound
None	CC1OC(OC2C(O)C(O)C(CO)OC2OC2CC3(C)C(CC(O)C4C(CCC34C)C(C)(C\C=C\C(C)(C)O)OC3OC(CO)C(O)C(O)C3O)C3(C)CCC(O)C(C)(C)C23)C(O)C(O)C1O	Organic compounds	Lipids and lipid-like molecules	Steroids and steroid derivatives	Hydroxysteroids	12-hydroxysteroids	Aliphatic heteropolycyclic compounds	3-hydroxysteroids;Acetals;Alkyl glycosides;Cyclic alcohols and derivatives;Fatty acyl glycosides of mono- and disaccharides;Hydrocarbon derivatives;Monosaccharides;Oxacyclic compounds;Oxanes;Primary alcohols;Secondary alcohols;Tertiary alcohols;Triterpene glycosides;Triterpenoids	Polycyclic triterpenoid;Fatty acyl glycoside of mono- or disaccharide;12-hydroxysteroid;Monosaccharide;Triterpene glycoside;Aliphatic heteropolycyclic compound;Triterpenoid;Saccharide;Acetal;Oxane;Primary alcohol;Organoheterocyclic compound;Alcohol;3-hydroxysteroid;Terpene glycoside;Cyclic alcohol;Oxacycle;Tertiary alcohol;Organic oxygen compound;Secondary alcohol;Hydrocarbon derivative;Organooxygen compound;Alkyl glycoside
None	[Mg++]	Organic compounds	Organic cations		Organic cations	Organic cations	Acyclic compounds		Acyclic compound;Organic cation
None	OC[C@@]1(O)OC[C@@H](O)[C@H]1O	Organic compounds	Organic oxygen compounds	Organooxygen compounds	Carbohydrates and carbohydrate conjugates	Monosaccharides	Aliphatic heteromonocyclic compounds	Hemiacetals;Hydrocarbon derivatives;Oxacyclic compounds;Secondary alcohols;Tetrahydrofurans	Alcohol;Tetrahydrofuran;Monosaccharide;Oxacycle;Aliphatic heteromonocyclic compound;Secondary alcohol;Hemiacetal;Hydrocarbon derivative;Organoheterocyclic compound
None	OC[C@@]1(O)OC[C@@H](O)[C@@H]1O	Organic compounds	Organic oxygen compounds	Organooxygen compounds	Carbohydrates and carbohydrate conjugates	Monosaccharides	Aliphatic heteromonocyclic compounds	Hemiacetals;Hydrocarbon derivatives;Oxacyclic compounds;Secondary alcohols;Tetrahydrofurans	Alcohol;Tetrahydrofuran;Monosaccharide;Oxacycle;Aliphatic heteromonocyclic compound;Secondary alcohol;Hemiacetal;Hydrocarbon derivative;Organoheterocyclic compound
None	OC(C(CC(O)=O)C(O)=O)C(O)=O	Organic compounds	Organic acids and derivatives	Carboxylic acids and derivatives	Tricarboxylic acids and derivatives	Tricarboxylic acids and derivatives	Aliphatic acyclic compounds	Alpha hydroxy acids and derivatives;Beta hydroxy acids and derivatives;Carbonyl compounds;Carboxylic acids;Hydrocarbon derivatives;Monosaccharides;Organic oxides;Secondary alcohols	Alcohol;Aliphatic acyclic compound;Carbonyl group;Carboxylic acid;Alpha-hydroxy acid;Monosaccharide;Tricarboxylic acid or derivatives;Hydroxy acid;Beta-hydroxy acid;Saccharide;Organic oxide;Organic oxygen compound;Secondary alcohol;Hydrocarbon derivative;Organooxygen compound
None	OC[C@]1(O)OC[C@H](O)[C@H]1O	Organic compounds	Organic oxygen compounds	Organooxygen compounds	Carbohydrates and carbohydrate conjugates	Monosaccharides	Aliphatic heteromonocyclic compounds	Hemiacetals;Hydrocarbon derivatives;Oxacyclic compounds;Secondary alcohols;Tetrahydrofurans	Alcohol;Tetrahydrofuran;Monosaccharide;Oxacycle;Aliphatic heteromonocyclic compound;Secondary alcohol;Hemiacetal;Hydrocarbon derivative;Organoheterocyclic compound
None	CC(C)(COP([O-])(=O)OP([O-])(=O)OCC1OC(C(O)C1OP([O-])([O-])=O)N1C=NC2=C1N=CN=C2N)C(O)C(=O)NCCC(=O)NCCSC(=O)C([O-])=O	Organic compounds	Lipids and lipid-like molecules	Fatty Acyls	Fatty acyl thioesters	Acyl CoAs	Aromatic heteropolycyclic compounds	Alkyl phosphates;Amino acids;Azacyclic compounds;Beta amino acids and derivatives;Carbonyl compounds;Carbothioic S-esters;Carboxylic acids;Coenzyme A and derivatives;Heteroaromatic compounds;Hydrocarbon derivatives;Imidazoles;Imidolactams;Monocarboxylic acids and derivatives;Monosaccharides;N-acyl amines;N-substituted imidazoles;Organic anions;Organic oxides;Organic pyrophosphates;Organopnictogen compounds;Oxacyclic compounds;Pentose phosphates;Primary amines;Purine ribonucleoside diphosphates;Purines and purine derivatives;Pyrimidines and pyrimidine derivatives;Ribonucleoside 3'-phosphates;Secondary alcohols;Secondary carboxylic acid amides;Sulfenyl compounds;Tetrahydrofurans;Thioesters;Thiolactones	Carboxylic acid;Amino acid or derivatives;Monosaccharide;Pentose-5-phosphate;Imidazopyrimidine;Carbothioic s-ester;Saccharide;Purine ribonucleoside diphosphate;Organonitrogen compound;Organoheterocyclic compound;Alcohol;Sulfenyl compound;Azacycle;Thiocarboxylic acid ester;Heteroaromatic compound;Organic pyrophosphate;Secondary carboxylic acid amide;Hydrocarbon derivative;Primary amine;Amine;Coenzyme a or derivatives;Carbonyl group;Pentose phosphate;Amino acid;Fatty amide;Organosulfur compound;Carboxylic acid derivative;Pyrimidine;Organic oxide;Aromatic heteropolycyclic compound;Imidazole;Organopnictogen compound;Imidolactam;Thiolactone;Azole;N-substituted imidazole;Purine ribonucleoside 3',5'-bisphosphate;Ribonucleoside 3'-phosphate;Thiocarboxylic acid or derivatives;Tetrahydrofuran;Carboxamide group;N-acyl-amine;Beta amino acid or derivatives;Oxacycle;Monocarboxylic acid or derivatives;Organic anion;Organic oxygen compound;Phosphoric acid ester;Secondary alcohol;Purine;Organic nitrogen compound;Organic phosphoric acid derivative;Alkyl phosphate;Organooxygen compound
None	CC1=C(O)C(CO)=C(CO)C=N1	Organic compounds	Organoheterocyclic compounds	Pyridines and derivatives	Pyridoxines	Pyridoxines	Aromatic heteromonocyclic compounds	2-halopyridines;Aromatic alcohols;Azacyclic compounds;Heteroaromatic compounds;Hydrocarbon derivatives;Hydroxypyridines;Organonitrogen compounds;Organopnictogen compounds;Polyhalopyridines	Aromatic alcohol;Alcohol;Aromatic heteromonocyclic compound;Azacycle;Polyhalopyridine;Heteroaromatic compound;Hydroxypyridine;Pyridoxine;Organic oxygen compound;Organonitrogen compound;Organopnictogen compound;Hydrocarbon derivative;2-halopyridine;Organic nitrogen compound;Organooxygen compound
None	NCCCCNCCCN	Organic compounds	Organic nitrogen compounds	Organonitrogen compounds	Amines	Dialkylamines	Aliphatic acyclic compounds	Hydrocarbon derivatives;Monoalkylamines;Organopnictogen compounds	Aliphatic acyclic compound;Secondary aliphatic amine;Organopnictogen compound;Hydrocarbon derivative;Primary aliphatic amine
None	OS(S)(=O)=O	Organic compounds	Organic oxygen compounds	Organic oxides	Organic oxides	Organic oxides	Acyclic compounds		Organic oxide;Acyclic compound
None	OC(=O)CCCC(=O)C(O)=O	Organic compounds	Organic acids and derivatives	Keto acids and derivatives	Medium-chain keto acids and derivatives	Medium-chain keto acids and derivatives	Aliphatic acyclic compounds	Alpha-hydroxy ketones;Alpha-keto acids and derivatives;Carboxylic acids;Dicarboxylic acids and derivatives;Hydrocarbon derivatives;Organic oxides	Aliphatic acyclic compound;Carbonyl group;Carboxylic acid;Alpha-hydroxy ketone;Carboxylic acid derivative;Ketone;Organic oxide;Organic oxygen compound;Alpha-keto acid;Dicarboxylic acid or derivatives;Hydrocarbon derivative;Organooxygen compound;Medium-chain keto acid
None	C[C@@H]1OC(OP(O)(=O)OP(O)(=O)OC[C@H]2O[C@H]([C@H](O)[C@@H]2O)N2C=NC3=C2N=C(N)NC3=O)[C@@H](O)[C@H](O)[C@@H]1O	Organic compounds	Organic oxygen compounds	Organooxygen compounds	Carbohydrates and carbohydrate conjugates	Monosaccharides	Aromatic heteropolycyclic compounds	Azacyclic compounds;Heteroaromatic compounds;Hydrocarbon derivatives;Hypoxanthines;Imidazoles;Lactams;Monoalkyl phosphates;N-substituted imidazoles;Organic oxides;Organic pyrophosphates;Organopnictogen compounds;Oxacyclic compounds;Oxanes;Pentose phosphates;Primary amines;Purine ribonucleoside diphosphates;Purine ribonucleoside monophosphates;Purines and purine derivatives;Pyrimidones;Secondary alcohols;Tetrahydrofurans;Vinylogous amides	Lactam;Pentose phosphate;Purine ribonucleoside monophosphate;Monosaccharide;Pentose-5-phosphate;Pyrimidone;Imidazopyrimidine;Pyrimidine;Organic oxide;Purine ribonucleoside diphosphate;Aromatic heteropolycyclic compound;Imidazole;Organonitrogen compound;Organopnictogen compound;Oxane;Organoheterocyclic compound;Azole;N-substituted imidazole;Alcohol;Vinylogous amide;Azacycle;Tetrahydrofuran;Heteroaromatic compound;Organic pyrophosphate;Oxacycle;Phosphoric acid ester;Monoalkyl phosphate;Secondary alcohol;Hypoxanthine;Hydrocarbon derivative;Purine;Primary amine;Organic nitrogen compound;Organic phosphoric acid derivative;Amine;Alkyl phosphate
None	N[C@@H](CCCNC(N)=O)C(O)=O	Organic compounds	Organic acids and derivatives	Carboxylic acids and derivatives	Amino acids, peptides, and analogues	Alpha amino acids	Aliphatic acyclic compounds	Carbonyl compounds;Carboxylic acids;Fatty acids and conjugates;Hydrocarbon derivatives;Monoalkylamines;Monocarboxylic acids and derivatives;Organic carbonic acids and derivatives;Organic oxides;Organonitrogen compounds;Organopnictogen compounds	Aliphatic acyclic compound;Carbonyl group;Carbonic acid derivative;Carboxylic acid;Fatty acid;Organic oxide;Monocarboxylic acid or derivatives;Organic oxygen compound;Organonitrogen compound;Alpha-amino acid;Organopnictogen compound;Hydrocarbon derivative;Primary aliphatic amine;Organic nitrogen compound;Organooxygen compound
None	N[C@H]1C(O)O[C@H](CO)[C@@H](O)[C@@H]1O	Organic compounds	Organic oxygen compounds	Organooxygen compounds	Carbohydrates and carbohydrate conjugates	Monosaccharides	Aliphatic heteromonocyclic compounds	Hemiacetals;Hydrocarbon derivatives;Monoalkylamines;Organonitrogen compounds;Organopnictogen compounds;Oxacyclic compounds;Oxanes;Primary alcohols;Secondary alcohols	Alcohol;Monosaccharide;Oxacycle;Aliphatic heteromonocyclic compound;Organonitrogen compound;Secondary alcohol;Organopnictogen compound;Hemiacetal;Hydrocarbon derivative;Primary aliphatic amine;Organic nitrogen compound;Oxane;Primary alcohol;Organoheterocyclic compound
None	NC1=NC2=C(N=CN2[C@H]2C[C@H](O)[C@@H](CO)O2)C(=O)N1	Organic compounds	Nucleosides, nucleotides, and analogues	Purine nucleosides	Purine 2'-deoxyribonucleosides	Purine 2'-deoxyribonucleosides	Aromatic heteropolycyclic compounds	Azacyclic compounds;Heteroaromatic compounds;Hydrocarbon derivatives;Hypoxanthines;Imidazoles;Lactams;Monosaccharides;N-substituted imidazoles;Organic oxides;Organopnictogen compounds;Oxacyclic compounds;Primary alcohols;Primary amines;Purines and purine derivatives;Pyrimidones;Secondary alcohols;Tetrahydrofurans;Vinylogous amides	Lactam;Monosaccharide;Pyrimidone;Imidazopyrimidine;Pyrimidine;Saccharide;Organic oxide;Aromatic heteropolycyclic compound;Imidazole;Organonitrogen compound;Organopnictogen compound;Primary alcohol;Purine 2'-deoxyribonucleoside;Organoheterocyclic compound;Azole;N-substituted imidazole;Alcohol;Vinylogous amide;Azacycle;Tetrahydrofuran;Heteroaromatic compound;Oxacycle;Organic oxygen compound;Secondary alcohol;Hypoxanthine;Hydrocarbon derivative;Primary amine;Purine;Organic nitrogen compound;Amine;Organooxygen compound
None	CC(=O)CC(=O)SCCNC(=O)CCNC(=O)[C@H](O)C(C)(C)COP(O)(=O)OP(O)(=O)OC[C@H]1O[C@H]([C@H](O)[C@@H]1OP(O)(O)=O)N1C=NC2=C1N=CN=C2N	Organic compounds	Lipids and lipid-like molecules	Fatty Acyls	Fatty acyl thioesters	3-oxo-acyl CoAs	Aromatic heteropolycyclic compounds	Azacyclic compounds;Beta amino acids and derivatives;Carbothioic S-esters;Carboxylic acids and derivatives;Coenzyme A and derivatives;Heteroaromatic compounds;Hydrocarbon derivatives;Imidazoles;Imidolactams;Ketones;Monoalkyl phosphates;Monosaccharides;N-acyl amines;N-substituted imidazoles;Organic oxides;Organic pyrophosphates;Organopnictogen compounds;Oxacyclic compounds;Pentose phosphates;Primary amines;Purine ribonucleoside diphosphates;Purines and purine derivatives;Pyrimidines and pyrimidine derivatives;Ribonucleoside 3'-phosphates;Secondary alcohols;Secondary carboxylic acid amides;Sulfenyl compounds;Tetrahydrofurans;Thioesters;Thiolactones	Amino acid or derivatives;Monosaccharide;Pentose-5-phosphate;Imidazopyrimidine;Carbothioic s-ester;Ketone;Saccharide;Purine ribonucleoside diphosphate;Organonitrogen compound;Organoheterocyclic compound;Alcohol;Sulfenyl compound;Azacycle;Thiocarboxylic acid ester;Heteroaromatic compound;Organic pyrophosphate;Secondary carboxylic acid amide;Monoalkyl phosphate;Hydrocarbon derivative;Primary amine;Amine;Coenzyme a or derivatives;Carbonyl group;Pentose phosphate;Fatty amide;Organosulfur compound;Carboxylic acid derivative;Pyrimidine;Organic oxide;Aromatic heteropolycyclic compound;Imidazole;Organopnictogen compound;Imidolactam;Thiolactone;Azole;N-substituted imidazole;Purine ribonucleoside 3',5'-bisphosphate;Ribonucleoside 3'-phosphate;Thiocarboxylic acid or derivatives;Tetrahydrofuran;Carboxamide group;N-acyl-amine;Beta amino acid or derivatives;Oxacycle;Organic oxygen compound;Phosphoric acid ester;Secondary alcohol;Purine;Organic nitrogen compound;Organic phosphoric acid derivative;Alkyl phosphate;Organooxygen compound
None	O[C@@H](C=O)[C@@H](O)[C@@H](O)[C@H](O)C(O)=O	Organic compounds	Organic oxygen compounds	Organooxygen compounds	Carbohydrates and carbohydrate conjugates	Glucuronic acid derivatives	Aliphatic acyclic compounds	Alpha hydroxy acids and derivatives;Alpha-hydroxyaldehydes;Beta hydroxy acids and derivatives;Beta-hydroxy aldehydes;Carboxylic acids;Hydrocarbon derivatives;Hydroxy fatty acids;Medium-chain fatty acids;Medium-chain hydroxy acids and derivatives;Monocarboxylic acids and derivatives;Monosaccharides;Organic oxides;Secondary alcohols	Fatty acyl;Aliphatic acyclic compound;Beta-hydroxy aldehyde;Carbonyl group;Carboxylic acid;Glucuronic acid or derivatives;Alpha-hydroxy acid;Monosaccharide;Fatty acid;Carboxylic acid derivative;Medium-chain hydroxy acid;Beta-hydroxy acid;Organic oxide;Alpha-hydroxyaldehyde;Medium-chain fatty acid;Hydroxy fatty acid;Alcohol;Aldehyde;Hydroxy acid;Monocarboxylic acid or derivatives;Secondary alcohol;Hydrocarbon derivative
None	NCCCC(O)=O	Organic compounds	Organic acids and derivatives	Carboxylic acids and derivatives	Amino acids, peptides, and analogues	Gamma amino acids and derivatives	Aliphatic acyclic compounds	Carbonyl compounds;Carboxylic acids;Hydrocarbon derivatives;Monoalkylamines;Monocarboxylic acids and derivatives;Organic oxides;Organonitrogen compounds;Organopnictogen compounds;Straight chain fatty acids	Fatty acyl;Aliphatic acyclic compound;Carbonyl group;Straight chain fatty acid;Carboxylic acid;Gamma amino acid or derivatives;Fatty acid;Organic oxide;Monocarboxylic acid or derivatives;Organic oxygen compound;Organonitrogen compound;Organopnictogen compound;Hydrocarbon derivative;Primary aliphatic amine;Organic nitrogen compound;Organooxygen compound
None	OC(=O)C1CC(=O)NC(=O)N1	Organic compounds	Organic acids and derivatives	Carboxylic acids and derivatives	Amino acids, peptides, and analogues	Alpha amino acids	Aliphatic heteromonocyclic compounds	Azacyclic compounds;Carbonyl compounds;Carboxylic acids;Diazinanes;Dicarboximides;Hydrocarbon derivatives;Monocarboxylic acids and derivatives;N-acyl ureas;Organic carbonic acids and derivatives;Organic oxides;Organonitrogen compounds;Organopnictogen compounds;Pyrimidones	N-acyl urea;Carbonyl group;Carbonic acid derivative;Carboxylic acid;Azacycle;Pyrimidone;Pyrimidine;1,3-diazinane;Organic oxide;Monocarboxylic acid or derivatives;Organic oxygen compound;Aliphatic heteromonocyclic compound;Organonitrogen compound;Alpha-amino acid;Organopnictogen compound;Hydrocarbon derivative;Dicarboximide;Organic nitrogen compound;Ureide;Organoheterocyclic compound;Organooxygen compound
None	CCCCCCCCCCCCCC(=O)O[C@H](CCCCCCCCCCC)CC(=O)O[C@@H]1[C@@H](NC(=O)C[C@@H](CCCCCCCCCCC)OC(=O)CCCCCCCCCCC)[C@H](OC[C@H]2O[C@H](OP(O)(O)=O)[C@H](NC(=O)C[C@H](O)CCCCCCCCCCC)[C@@H](OC(=O)C[C@H](O)CCCCCCCCCCC)[C@@H]2O)O[C@H](CO[C@@]2(C[C@@H](O[C@@]3(C[C@@H](O[C@@]4(C[C@@H](OP(O)(=O)OCCN)[C@H](O)[C@H](O4)[C@@H](O)CO)C(O)=O)[C@H](O)[C@H](O3)[C@@H](O)CO)C(O)=O)[C@H](OC3O[C@H]([C@@H](O)CO)[C@@H](OP(O)(=O)OP(O)(=O)OCCN)[C@H](OC4O[C@H]([C@@H](O)COC5O[C@H]([C@@H](O)CO)[C@@H](OP(O)(O)=O)[C@H](O)[C@@H]5O)[C@@H](O)[C@H](OC5O[C@H](CO[C@H]6O[C@H](CO)[C@H](O)[C@H](O)[C@H]6O)[C@@H](O)[C@H](O[C@H]6O[C@H](CO)[C@H](O)[C@H](O)[C@H]6OC6O[C@H](CO)[C@@H](O)[C@H](O[C@@H]7O[C@H](CO[C@@H]8O[C@H](CO)[C@@H](O)[C@H](O)[C@H]8NC(C)=O)[C@H](O)[C@H](O[C@@H]8O[C@H](CO)[C@H](O)[C@H](O[C@H]9O[C@H](CO[C@H]%10O[C@H](CO)[C@H](O)[C@H](O)[C@H]%10O)[C@H](O)[C@H](O)[C@H]9O)[C@H]8NC(C)=O)[C@H]7NC(C)=O)[C@H]6O[C@@H]6O[C@H](CO)[C@@H](O)[C@H](O)[C@H]6NC(C)=O)[C@H]5O)[C@@H]4O)[C@@H]3O)[C@H](O2)[C@@H](O)CO)C(O)=O)[C@H]1OP(O)(O)=O	Organic compounds	Lipids and lipid-like molecules	Saccharolipids	Saccharolipids	Saccharolipids	Aliphatic heteromonocyclic compounds	Acetamides;Acylaminosugars;Alkyl glycosides;Beta hydroxy acids and derivatives;C-glucuronides;Carbonyl compounds;Carboxylic acid esters;Carboxylic acids;Dialkyl phosphates;Fatty acid esters;Fatty acyl glycosides of mono- and disaccharides;Hexose phosphates;Hydrocarbon derivatives;Ketals;Monoalkyl phosphates;Monoalkylamines;Monosaccharides;N-acyl amines;N-acyl-alpha-hexosamines;Organic oxides;Organic pyrophosphates;Organonitrogen compounds;Organopnictogen compounds;Oxacyclic compounds;Oxanes;Phosphoethanolamines;Primary alcohols;Pyran carboxylic acids;Secondary alcohols;Secondary carboxylic acid amides	Fatty acyl glycoside of mono- or disaccharide;Carboxylic acid;Monosaccharide;Pyran carboxylic acid;Beta-hydroxy acid;Saccharide;Acetal;Ketal;Organonitrogen compound;Oxane;Organoheterocyclic compound;Acetamide;C-glucuronide;Alcohol;Fatty acyl glycoside;Organic pyrophosphate;Secondary carboxylic acid amide;Fatty acid ester;Monoalkyl phosphate;Carboxylic acid ester;Hydrocarbon derivative;Primary aliphatic amine;Fatty acyl;Carbonyl group;Fatty amide;Carboxylic acid derivative;N-acyl-alpha-hexosamine;Phosphoethanolamine;Organic oxide;Aliphatic heteromonocyclic compound;Organopnictogen compound;Primary alcohol;Amino saccharide;Pyran carboxylic acid or derivatives;Hydroxy acid;Carboxamide group;N-acyl-amine;Acylaminosugar;Oxacycle;Dialkyl phosphate;Organic oxygen compound;Phosphoric acid ester;Pyran;Hexose Phosphate;Secondary alcohol;Organic nitrogen compound;Saccharolipid;Organic phosphoric acid derivative;Alkyl phosphate;Organooxygen compound;Alkyl glycoside
None	CC(C)=CCC\C(C)=C\COP(O)(=O)OP(O)(O)=O	Organic compounds	Organic oxygen compounds	Organic oxoanionic compounds	Organic pyrophosphates	Organic pyrophosphates	Aliphatic acyclic compounds	Acyclic monoterpenoids;Hydrocarbon derivatives;Monoalkyl phosphates;Organic oxides;Organooxygen compounds	Aliphatic acyclic compound;Monoterpenoid;Organic pyrophosphate;Organic oxide;Phosphoric acid ester;Acyclic monoterpenoid;Monoalkyl phosphate;Hydrocarbon derivative;Organic phosphoric acid derivative;Alkyl phosphate;Organooxygen compound
None	CCC.CCO.OCC(O)COP(O)(O)=O	Organic compounds	Lipids and lipid-like molecules	Glycerophospholipids	Glycerophosphates	Glycerophosphates	Aliphatic acyclic compounds	Hydrocarbon derivatives;Monoalkyl phosphates;Organic oxides;Primary alcohols;Secondary alcohols	Alcohol;Aliphatic acyclic compound;Sn-glycerol-3-phosphate;Organic oxide;Organic oxygen compound;Phosphoric acid ester;Monoalkyl phosphate;Secondary alcohol;Hydrocarbon derivative;Primary alcohol;Organic phosphoric acid derivative;Alkyl phosphate;Organooxygen compound
None	O[C@H](COP(O)(O)=O)[C@@H](O)[C@H](O)[C@@H](O)C(O)=O	Organic compounds	Organic acids and derivatives	Hydroxy acids and derivatives	Medium-chain hydroxy acids and derivatives	Medium-chain hydroxy acids and derivatives	Aliphatic acyclic compounds	Alpha hydroxy acids and derivatives;Beta hydroxy acids and derivatives;Carbonyl compounds;Carboxylic acids;Hydrocarbon derivatives;Hydroxy fatty acids;Medium-chain fatty acids;Monoalkyl phosphates;Monocarboxylic acids and derivatives;Monosaccharides;Organic oxides;Secondary alcohols	Fatty acyl;Aliphatic acyclic compound;Carbonyl group;Carboxylic acid;Alpha-hydroxy acid;Monosaccharide;Fatty acid;Carboxylic acid derivative;Medium-chain hydroxy acid;Beta-hydroxy acid;Saccharide;Organic oxide;Medium-chain fatty acid;Hydroxy fatty acid;Alcohol;Monocarboxylic acid or derivatives;Organic oxygen compound;Phosphoric acid ester;Monoalkyl phosphate;Secondary alcohol;Hydrocarbon derivative;Organic phosphoric acid derivative;Alkyl phosphate;Organooxygen compound
None	CC(C)=CCC/C(C)=C/CC/C(C)=C/CC/C(C)=C/CC/C(C)=C/CC/C(C)=C/CC/C(C)=C/CC/C(C)=C/CC/C(C)=C/CC/C(C)=C/CC/C(C)=C/COP(=O)(O)O	Organic compounds	Lipids and lipid-like molecules	Prenol lipids	Polyterpenoids	Polyterpenoids	Aliphatic acyclic compounds	Hydrocarbon derivatives;Monoalkyl phosphates;Organic oxides;Organooxygen compounds;Polyprenyl monophosphates	Aliphatic acyclic compound;Polyterpenoid;Organic oxide;Organic oxygen compound;Phosphoric acid ester;Monoalkyl phosphate;Hydrocarbon derivative;Polyprenyl monophosphate;Polyprenyl phosphate skeleton;Organic phosphoric acid derivative;Alkyl phosphate;Organooxygen compound
None	[H][C@@](CO\C=C/CCCCCCCCCCCCCCCC)(COP(O)(=O)OCCN)OC(=O)CCC\C=C/C\C=C/C\C=C/C\C=C/CCCCC	Organic compounds	Lipids and lipid-like molecules	Glycerophospholipids	Glycerophosphoethanolamines	1-(1Z-alkenyl),2-acylglycerophosphoethanolamines	Aliphatic acyclic compounds	Carbonyl compounds;Carboxylic acid esters;Dialkyl phosphates;Fatty acid esters;Glycerol vinyl ethers;Hydrocarbon derivatives;Monoalkylamines;Monocarboxylic acids and derivatives;Organic oxides;Organonitrogen compounds;Organopnictogen compounds;Phosphoethanolamines	Fatty acyl;Glycerol vinyl ether;Aliphatic acyclic compound;Carbonyl group;Carboxylic acid derivative;Phosphoethanolamine;Organic oxide;Organonitrogen compound;Organopnictogen compound;1-(1Z-alkenyl),2-acylglycerophosphoethanolamine;Fatty acid ester;Dialkyl phosphate;Monocarboxylic acid or derivatives;Organic oxygen compound;Phosphoric acid ester;Carboxylic acid ester;Hydrocarbon derivative;Primary aliphatic amine;Organic nitrogen compound;Organic phosphoric acid derivative;Alkyl phosphate;Organooxygen compound
None	N[C@H]1[C@@H](O)O[C@H](COP(O)(O)=O)[C@@H](O)[C@@H]1O	Organic compounds	Organic oxygen compounds	Organooxygen compounds	Carbohydrates and carbohydrate conjugates	Hexose phosphates	Aliphatic heteromonocyclic compounds	1,2-diols;Hemiacetals;Hydrocarbon derivatives;Monoalkyl phosphates;Monoalkylamines;Monosaccharides;Organic oxides;Organonitrogen compounds;Organopnictogen compounds;Oxacyclic compounds;Oxanes;Secondary alcohols	Alcohol;Oxacycle;Organic oxide;Phosphoric acid ester;Monoalkyl phosphate;Aliphatic heteromonocyclic compound;Organonitrogen compound;Secondary alcohol;Hexose Phosphate;Organopnictogen compound;Hemiacetal;Hydrocarbon derivative;Primary aliphatic amine;Organic nitrogen compound;Oxane;Organic phosphoric acid derivative;Alkyl phosphate;Organoheterocyclic compound;1,2-diol
None	O[C@H]1[C@H](O)[C@@](O)(COP(O)(O)=O)O[C@@H]1COP(O)(O)=O	Organic compounds	Organic oxygen compounds	Organooxygen compounds	Carbohydrates and carbohydrate conjugates	Hexose phosphates	Aliphatic heteromonocyclic compounds	1,2-diols;Hemiacetals;Hydrocarbon derivatives;Monoalkyl phosphates;Monosaccharides;Organic oxides;Oxacyclic compounds;Pentose phosphates;Secondary alcohols;Tetrahydrofurans	Alcohol;Tetrahydrofuran;Pentose phosphate;Pentose-5-phosphate;Oxacycle;Organic oxide;Phosphoric acid ester;Monoalkyl phosphate;Aliphatic heteromonocyclic compound;Hexose Phosphate;Secondary alcohol;Hemiacetal;Hydrocarbon derivative;Organic phosphoric acid derivative;Alkyl phosphate;Organoheterocyclic compound;1,2-diol
None	N[C@@H](CC1=CC=C(O)C(O)=C1)C(O)=O	Organic compounds	Organic acids and derivatives	Carboxylic acids and derivatives	Amino acids, peptides, and analogues	Tyrosine and derivatives	Aromatic homomonocyclic compounds	1-hydroxy-2-unsubstituted benzenoids;1-hydroxy-4-unsubstituted benzenoids;Alpha amino acids;Amphetamines and derivatives;Benzene and substituted derivatives;Carbonyl compounds;Carboxylic acids;Hydrocarbon derivatives;Monoalkylamines;Monocarboxylic acids and derivatives;Organic oxides;Organonitrogen compounds;Organopnictogen compounds;Phenylalanine and derivatives;Phenylpropanoic acids	Monocyclic benzene moiety;Carbonyl group;Carboxylic acid;3-Phenylpropanoic-acid;1-hydroxy-2-unsubstituted benzenoid;Organic oxide;Organonitrogen compound;Alpha-amino acid;Organopnictogen compound;Amphetamine or derivatives;Tyrosine or derivatives;1-hydroxy-4-unsubstituted benzenoid;Aromatic homomonocyclic compound;Monocarboxylic acid or derivatives;Phenylalanine or derivatives;Organic oxygen compound;Phenol;Hydrocarbon derivative;Benzenoid;Primary aliphatic amine;Organic nitrogen compound;Organooxygen compound
None	CC(=O)N[C@H]1C(O)O[C@H](COP(O)(O)=O)[C@@H](O)[C@@H]1O	Organic compounds	Organic oxygen compounds	Organooxygen compounds	Carbohydrates and carbohydrate conjugates	Acylaminosugars	Aliphatic heteromonocyclic compounds	1,2-diols;Acetamides;Carbonyl compounds;Carboxylic acids and derivatives;Hemiacetals;Hexose phosphates;Hydrocarbon derivatives;Monoalkyl phosphates;Monosaccharides;N-acyl-alpha-hexosamines;Organic oxides;Organonitrogen compounds;Organopnictogen compounds;Oxacyclic compounds;Oxanes;Secondary alcohols;Secondary carboxylic acid amides	Carbonyl group;Monosaccharide;Carboxylic acid derivative;N-acyl-alpha-hexosamine;Organic oxide;Aliphatic heteromonocyclic compound;Organonitrogen compound;Organopnictogen compound;Hemiacetal;Oxane;Organoheterocyclic compound;Acetamide;1,2-diol;Alcohol;Carboxamide group;Acylaminosugar;Oxacycle;Secondary carboxylic acid amide;Phosphoric acid ester;Monoalkyl phosphate;Secondary alcohol;Hexose Phosphate;Hydrocarbon derivative;Organic nitrogen compound;Organic phosphoric acid derivative;Alkyl phosphate
None	NC1=NC=NC2=C1N=CN2[C@H]1C[C@H](O)[C@@H](COP(O)(O)=O)O1	Organic compounds	Organic oxygen compounds	Organooxygen compounds	Carbohydrates and carbohydrate conjugates	Pentose phosphates	Aromatic heteropolycyclic compounds	Azacyclic compounds;Heteroaromatic compounds;Hydrocarbon derivatives;Imidazoles;Imidolactams;Monoalkyl phosphates;Monosaccharides;N-substituted imidazoles;Organic oxides;Organopnictogen compounds;Oxacyclic compounds;Primary amines;Purines and purine derivatives;Pyrimidines and pyrimidine derivatives;Secondary alcohols;Tetrahydrofurans	Pentose phosphate;Imidazopyrimidine;Pyrimidine;Organic oxide;Aromatic heteropolycyclic compound;Imidazole;Organonitrogen compound;Organopnictogen compound;Imidolactam;Organoheterocyclic compound;Azole;N-substituted imidazole;Alcohol;Azacycle;Tetrahydrofuran;Heteroaromatic compound;Oxacycle;Phosphoric acid ester;Monoalkyl phosphate;Secondary alcohol;Hydrocarbon derivative;Primary amine;Purine;Organic nitrogen compound;Organic phosphoric acid derivative;Amine;Alkyl phosphate
None	NC1=NC2=C(N=CN2[C@H]2C[C@H](O)[C@@H](COP(O)(=O)OP(O)(O)=O)O2)C(=O)N1	Organic compounds	Nucleosides, nucleotides, and analogues	Purine nucleotides	Purine deoxyribonucleotides	Purine 2'-deoxyribonucleoside diphosphates	Aromatic heteropolycyclic compounds	Azacyclic compounds;Heteroaromatic compounds;Hydrocarbon derivatives;Hypoxanthines;Imidazoles;Lactams;Monoalkyl phosphates;Monosaccharides;N-substituted imidazoles;Organic oxides;Organic pyrophosphates;Organopnictogen compounds;Oxacyclic compounds;Pentose phosphates;Primary amines;Purines and purine derivatives;Pyrimidones;Secondary alcohols;Tetrahydrofurans;Vinylogous amides	Lactam;Pentose phosphate;Monosaccharide;Pyrimidone;Imidazopyrimidine;Pyrimidine;Saccharide;Organic oxide;Aromatic heteropolycyclic compound;Imidazole;Organonitrogen compound;Organopnictogen compound;Organoheterocyclic compound;Azole;N-substituted imidazole;Alcohol;Vinylogous amide;Azacycle;Tetrahydrofuran;Heteroaromatic compound;Purine 2'-deoxyribonucleoside diphosphate;Organic pyrophosphate;Oxacycle;Organic oxygen compound;Phosphoric acid ester;Monoalkyl phosphate;Secondary alcohol;Hypoxanthine;Hydrocarbon derivative;Primary amine;Purine;Organic nitrogen compound;Organic phosphoric acid derivative;Amine;Alkyl phosphate;Organooxygen compound
None	NC1=NC2=C(N=CN2[C@H]2C[C@H](O)[C@@H](COP(O)(O)=O)O2)C(=O)N1	Organic compounds	Organic oxygen compounds	Organooxygen compounds	Carbohydrates and carbohydrate conjugates	Pentose phosphates	Aromatic heteropolycyclic compounds	Azacyclic compounds;Heteroaromatic compounds;Hydrocarbon derivatives;Hypoxanthines;Imidazoles;Lactams;Monoalkyl phosphates;Monosaccharides;N-substituted imidazoles;Organic oxides;Organopnictogen compounds;Oxacyclic compounds;Primary amines;Purines and purine derivatives;Pyrimidones;Secondary alcohols;Tetrahydrofurans;Vinylogous amides	Lactam;Pentose phosphate;Pyrimidone;Imidazopyrimidine;Pyrimidine;Organic oxide;Aromatic heteropolycyclic compound;Imidazole;Organonitrogen compound;Organopnictogen compound;Organoheterocyclic compound;Azole;N-substituted imidazole;Alcohol;Vinylogous amide;Azacycle;Tetrahydrofuran;Heteroaromatic compound;Oxacycle;Phosphoric acid ester;Monoalkyl phosphate;Secondary alcohol;Hypoxanthine;Hydrocarbon derivative;Primary amine;Purine;Organic nitrogen compound;Organic phosphoric acid derivative;Amine;Alkyl phosphate
None	CC1=CN([C@H]2C[C@H](O)[C@@H](COP(O)(=O)OP(O)(O)=O)O2)C(=O)NC1=O	Organic compounds	Organic oxygen compounds	Organooxygen compounds	Carbohydrates and carbohydrate conjugates	Pentose phosphates	Aromatic heteromonocyclic compounds	Azacyclic compounds;Heteroaromatic compounds;Hydrocarbon derivatives;Lactams;Monoalkyl phosphates;Monosaccharides;Organic carbonic acids and derivatives;Organic oxides;Organic pyrophosphates;Organonitrogen compounds;Organopnictogen compounds;Oxacyclic compounds;Pyrimidones;Secondary alcohols;Tetrahydrofurans;Vinylogous amides	Lactam;Aromatic heteromonocyclic compound;Pentose phosphate;Pyrimidone;Pyrimidine;Organic oxide;Organonitrogen compound;Organopnictogen compound;Organoheterocyclic compound;Alcohol;Vinylogous amide;Carbonic acid derivative;Azacycle;Tetrahydrofuran;Heteroaromatic compound;Organic pyrophosphate;Oxacycle;Phosphoric acid ester;Monoalkyl phosphate;Secondary alcohol;Hydrocarbon derivative;Organic nitrogen compound;Organic phosphoric acid derivative;Alkyl phosphate
None	CC1=CN([C@H]2C[C@H](O)[C@@H](COP(O)(O)=O)O2)C(=O)NC1=O	Organic compounds	Nucleosides, nucleotides, and analogues	Pyrimidine nucleotides	Pyrimidine deoxyribonucleotides	Pyrimidine 2'-deoxyribonucleoside monophosphates	Aromatic heteromonocyclic compounds	Azacyclic compounds;Heteroaromatic compounds;Hydrocarbon derivatives;Lactams;Monoalkyl phosphates;Monosaccharides;Organic carbonic acids and derivatives;Organic oxides;Organonitrogen compounds;Organopnictogen compounds;Oxacyclic compounds;Pentose phosphates;Pyrimidones;Secondary alcohols;Tetrahydrofurans;Vinylogous amides	Lactam;Aromatic heteromonocyclic compound;Pentose phosphate;Monosaccharide;Pyrimidone;Pyrimidine;Pyrimidine 2'-deoxyribonucleoside monophosphate;Saccharide;Organic oxide;Organonitrogen compound;Organopnictogen compound;Organoheterocyclic compound;Alcohol;Vinylogous amide;Carbonic acid derivative;Azacycle;Tetrahydrofuran;Heteroaromatic compound;Oxacycle;Organic oxygen compound;Phosphoric acid ester;Monoalkyl phosphate;Secondary alcohol;Hydrocarbon derivative;Organic nitrogen compound;Organic phosphoric acid derivative;Alkyl phosphate;Organooxygen compound
None	O[C@H]1C[C@@H](O[C@@H]1COP(O)(O)=O)N1C=CC(=O)NC1=O	Organic compounds	Nucleosides, nucleotides, and analogues	Pyrimidine nucleotides	Pyrimidine deoxyribonucleotides	Pyrimidine 2'-deoxyribonucleoside monophosphates	Aromatic heteromonocyclic compounds	Azacyclic compounds;Heteroaromatic compounds;Hydrocarbon derivatives;Lactams;Monoalkyl phosphates;Monosaccharides;Organic carbonic acids and derivatives;Organic oxides;Organonitrogen compounds;Organopnictogen compounds;Oxacyclic compounds;Pentose phosphates;Pyrimidones;Secondary alcohols;Tetrahydrofurans;Vinylogous amides	Lactam;Aromatic heteromonocyclic compound;Pentose phosphate;Monosaccharide;Pyrimidone;Pyrimidine;Pyrimidine 2'-deoxyribonucleoside monophosphate;Saccharide;Organic oxide;Organonitrogen compound;Organopnictogen compound;Organoheterocyclic compound;Alcohol;Vinylogous amide;Carbonic acid derivative;Azacycle;Tetrahydrofuran;Heteroaromatic compound;Oxacycle;Organic oxygen compound;Phosphoric acid ester;Monoalkyl phosphate;Secondary alcohol;Hydrocarbon derivative;Organic nitrogen compound;Organic phosphoric acid derivative;Alkyl phosphate;Organooxygen compound
None	O=C1NC2=C(N1)C(=O)NC(=O)N2	Organic compounds	Organoheterocyclic compounds	Imidazopyrimidines	Purines and purine derivatives	Purinones	Aromatic heteropolycyclic compounds	Azacyclic compounds;Heteroaromatic compounds;Hydrocarbon derivatives;Imidazoles;Lactams;Organic carbonic acids and derivatives;Organic oxides;Organonitrogen compounds;Organooxygen compounds;Organopnictogen compounds;Pyrimidones;Vinylogous amides	Vinylogous amide;Carbonic acid derivative;Lactam;Azacycle;Heteroaromatic compound;Pyrimidone;Purinone;Pyrimidine;Organic oxide;Organic oxygen compound;Aromatic heteropolycyclic compound;Imidazole;Organonitrogen compound;Organopnictogen compound;Hydrocarbon derivative;Organic nitrogen compound;Organooxygen compound;Azole
None	C\C(\C=C\C=C(/C)\C=C\C1=C(C)CCCC1(C)C)=C/C=O	Organic compounds	Lipids and lipid-like molecules	Prenol lipids	Retinoids	Retinoids	Aliphatic homomonocyclic compounds	Aldehydes;Diterpenoids;Hydrocarbon derivatives;Organic oxides	Carbonyl group;Organic oxide;Organic oxygen compound;Abietane diterpenoid;Retinoid skeleton;Aliphatic homomonocyclic compound;Aldehyde;Hydrocarbon derivative;Diterpenoid;Organooxygen compound
None	CC1=C(CCO)SC=[N+]1CC1=CN=C(C)N=C1N	Organic compounds	Organoheterocyclic compounds	Diazines	Pyrimidines and pyrimidine derivatives	Thiamines	Aromatic heteromonocyclic compounds	4,5-disubstituted thiazoles;Alcohols and polyols;Azacyclic compounds;Heteroaromatic compounds;Hydrocarbon derivatives;Imidolactams;Organic cations;Organopnictogen compounds;Primary amines	Alcohol;Aromatic heteromonocyclic compound;Azacycle;Heteroaromatic compound;4,5-disubstituted 1,3-thiazole;Organic oxygen compound;Thiamine;Organonitrogen compound;Organopnictogen compound;Hydrocarbon derivative;Primary amine;Organic nitrogen compound;Organic cation;Imidolactam;Thiazole;Amine;Organooxygen compound;Azole
None	OC[C@H](O)[C@@H](O)[C@H](O)CO	Organic compounds	Organic oxygen compounds	Organooxygen compounds	Carbohydrates and carbohydrate conjugates	Monosaccharides	Aliphatic acyclic compounds	Hydrocarbon derivatives;Primary alcohols;Secondary alcohols	Alcohol;Aliphatic acyclic compound;Secondary alcohol;Monosaccharide;Hydrocarbon derivative;Primary alcohol
None	NC1=CC=NC(=O)N1	Organic compounds	Organoheterocyclic compounds	Diazines	Pyrimidines and pyrimidine derivatives	Pyrimidones	Aromatic heteromonocyclic compounds	Azacyclic compounds;Heteroaromatic compounds;Hydrocarbon derivatives;Organic carbonic acids and derivatives;Organic oxides;Organooxygen compounds;Organopnictogen compounds;Primary amines	Carbonic acid derivative;Aromatic heteromonocyclic compound;Azacycle;Heteroaromatic compound;Pyrimidone;Organic oxide;Organic oxygen compound;Organonitrogen compound;Organopnictogen compound;Hydrocarbon derivative;Primary amine;Organic nitrogen compound;Amine;Organooxygen compound
None	O=C1NC2=C(NC=N2)C(=O)N1	Organic compounds	Organoheterocyclic compounds	Imidazopyrimidines	Purines and purine derivatives	Purinones	Aromatic heteropolycyclic compounds	Azacyclic compounds;Heteroaromatic compounds;Hydrocarbon derivatives;Imidazoles;Lactams;Organic carbonic acids and derivatives;Organic oxides;Organonitrogen compounds;Organooxygen compounds;Organopnictogen compounds;Pyrimidones;Vinylogous amides	Vinylogous amide;Carbonic acid derivative;Lactam;Azacycle;Heteroaromatic compound;Pyrimidone;Purinone;Pyrimidine;Organic oxide;Organic oxygen compound;Aromatic heteropolycyclic compound;Imidazole;Organonitrogen compound;Organopnictogen compound;Hydrocarbon derivative;Organic nitrogen compound;Organooxygen compound;Azole
None	NC1=NC2=C(N=CN2[C@@H]2O[C@H](CO)[C@@H](O)[C@H]2O)C(=O)N1	Organic compounds	Nucleosides, nucleotides, and analogues	Purine nucleosides	Purine nucleosides	Purine nucleosides	Aromatic heteropolycyclic compounds	Azacyclic compounds;Heteroaromatic compounds;Hydrocarbon derivatives;Hypoxanthines;Imidazoles;Lactams;Monosaccharides;N-substituted imidazoles;Organic oxides;Organopnictogen compounds;Oxacyclic compounds;Primary alcohols;Primary amines;Purines and purine derivatives;Pyrimidones;Secondary alcohols;Tetrahydrofurans;Vinylogous amides	Lactam;Monosaccharide;Pyrimidone;Imidazopyrimidine;Pyrimidine;Saccharide;Organic oxide;Aromatic heteropolycyclic compound;Imidazole;Organonitrogen compound;Organopnictogen compound;Primary alcohol;Organoheterocyclic compound;Azole;N-substituted imidazole;Alcohol;Vinylogous amide;Azacycle;Tetrahydrofuran;Purine nucleoside;Heteroaromatic compound;Oxacycle;Organic oxygen compound;Secondary alcohol;Hypoxanthine;Hydrocarbon derivative;Primary amine;Purine;Organic nitrogen compound;Amine;Organooxygen compound
None	OC1=CC(O)=C2C(OC(=C(O)C2=O)C2=CC(O)=C(O)C=C2)=C1	Organic compounds	Phenylpropanoids and polyketides	Flavonoids	Flavones	Flavonols	Aromatic heteropolycyclic compounds	1-hydroxy-2-unsubstituted benzenoids;1-hydroxy-4-unsubstituted benzenoids;3'-hydroxyflavonoids;3-hydroxyflavonoids;4'-hydroxyflavonoids;5-hydroxyflavonoids;7-hydroxyflavonoids;Benzene and substituted derivatives;Chromones;Flavonoids;Heteroaromatic compounds;Hydrocarbon derivatives;Organic oxides;Organooxygen compounds;Oxacyclic compounds;Pyranones and derivatives;Vinylogous acids	3-hydroxyflavone;Monocyclic benzene moiety;3-hydroxyflavonoid;1-benzopyran;1-hydroxy-2-unsubstituted benzenoid;Organic oxide;Chromone;Aromatic heteropolycyclic compound;Pyranone;Organoheterocyclic compound;Benzopyran;Heteroaromatic compound;5-hydroxyflavonoid;1-hydroxy-4-unsubstituted benzenoid;3'-hydroxyflavonoid;Oxacycle;Vinylogous acid;Organic oxygen compound;Pyran;7-hydroxyflavonoid;4'-hydroxyflavonoid;Phenol;Hydrocarbon derivative;Benzenoid;Organooxygen compound
None	COC1=C(OC)C(O)=C(C\C=C(/C)CC\C=C(/C)CC\C=C(/C)CC\C=C(/C)CC\C=C(/C)CC\C=C(/C)CC\C=C(/C)CCC=C(C)C)C(C)=C1O	Organic compounds	Lipids and lipid-like molecules	Prenol lipids	Polyprenylphenols	2-polyprenyl-6-methoxyphenols	Aromatic homomonocyclic compounds	Alkyl aryl ethers;Anisoles;Dimethoxybenzenes;Hydrocarbon derivatives;Hydroquinones;Meta cresols;Methoxyphenols;Ortho cresols;Phenoxy compounds;Polyprenyl quinols;Sesterterpenoids;Toluenes;Ubiquinols	Phenol ether;Monocyclic benzene moiety;Ether;Methoxyphenol;Alkyl aryl ether;Sesterterpenoid;Dimethoxybenzene;2-polyprenyl-6-methoxyphenol;O-dimethoxybenzene;O-cresol;Prenylbenzoquinol;M-cresol;Ubiquinol skeleton;Polyprenylbenzoquinol;Methoxybenzene;Hydroquinone;Aromatic homomonocyclic compound;Organic oxygen compound;Anisole;Phenol;Hydrocarbon derivative;Benzenoid;Phenoxy compound;Toluene;Organooxygen compound
None	OC[C@@H](O)[C@@H](O)[C@H](O)[C@H](O)CO	Organic compounds	Organic oxygen compounds	Organooxygen compounds	Carbohydrates and carbohydrate conjugates	Monosaccharides	Aliphatic acyclic compounds	Hydrocarbon derivatives;Primary alcohols;Secondary alcohols	Alcohol;Aliphatic acyclic compound;Secondary alcohol;Monosaccharide;Hydrocarbon derivative;Primary alcohol
None	CCCCCCOC(=O)C(C)C	Organic compounds	Organic acids and derivatives	Carboxylic acids and derivatives	Carboxylic acid derivatives	Carboxylic acid esters	Aliphatic acyclic compounds	Carbonyl compounds;Hydrocarbon derivatives;Monocarboxylic acids and derivatives;Organic oxides	Aliphatic acyclic compound;Carbonyl group;Organic oxide;Monocarboxylic acid or derivatives;Organic oxygen compound;Carboxylic acid ester;Hydrocarbon derivative;Organooxygen compound
None	COC1=C(OC)C(=O)C(CC=C(C)C)=C(C)C1=O	Organic compounds	Lipids and lipid-like molecules	Prenol lipids	Quinone and hydroquinone lipids	Ubiquinones	Aliphatic homomonocyclic compounds	Hydrocarbon derivatives;Monocyclic monoterpenoids;Organic oxides;P-benzoquinones;Quinones;Vinylogous esters	Monoterpenoid;Carbonyl group;Monocyclic Monoterpenoid;Vinylogous ester;P-benzoquinone;Cyclic ketone;Ubiquinone skeleton;Ketone;Organic oxide;Organic oxygen compound;Aliphatic homomonocyclic compound;Hydrocarbon derivative;Organooxygen compound;Quinone
None	CC[C@H](C)[C@H](N)C(O)=O	Organic compounds	Organic acids and derivatives	Carboxylic acids and derivatives	Amino acids, peptides, and analogues	Isoleucine and derivatives	Aliphatic acyclic compounds	Alpha amino acids;Carbonyl compounds;Carboxylic acids;Hydrocarbon derivatives;Methyl-branched fatty acids;Monoalkylamines;Monocarboxylic acids and derivatives;Organic oxides;Organonitrogen compounds;Organopnictogen compounds	Fatty acyl;Aliphatic acyclic compound;Carbonyl group;Carboxylic acid;Methyl-branched fatty acid;Fatty acid;Branched fatty acid;Organic oxide;Monocarboxylic acid or derivatives;Organic oxygen compound;Organonitrogen compound;Alpha-amino acid;Organopnictogen compound;Hydrocarbon derivative;Primary aliphatic amine;Organic nitrogen compound;Isoleucine or derivatives;Organooxygen compound
None	CCCCCCCCCCCCCCCCCC(=O)SCCNC(=O)CCNC(=O)[C@H](O)C(C)(C)COP(O)(=O)OP(O)(=O)OC[C@H]1O[C@H]([C@H](O)[C@@H]1OP(O)(O)=O)N1C=NC2=C1N=CN=C2N	Organic compounds	Lipids and lipid-like molecules	Fatty Acyls	Fatty acyl thioesters	Acyl CoAs	Aromatic heteropolycyclic compounds	Azacyclic compounds;Beta amino acids and derivatives;Carbonyl compounds;Carbothioic S-esters;Carboxylic acids and derivatives;Coenzyme A and derivatives;Heteroaromatic compounds;Hydrocarbon derivatives;Imidazoles;Imidolactams;Monoalkyl phosphates;Monosaccharides;N-acyl amines;N-substituted imidazoles;Organic oxides;Organic pyrophosphates;Organopnictogen compounds;Oxacyclic compounds;Pentose phosphates;Primary amines;Purine ribonucleoside diphosphates;Purines and purine derivatives;Pyrimidines and pyrimidine derivatives;Ribonucleoside 3'-phosphates;Secondary alcohols;Secondary carboxylic acid amides;Sulfenyl compounds;Tetrahydrofurans;Thioesters;Thiolactones	Amino acid or derivatives;Monosaccharide;Pentose-5-phosphate;Imidazopyrimidine;Carbothioic s-ester;Saccharide;Purine ribonucleoside diphosphate;Organonitrogen compound;Organoheterocyclic compound;Alcohol;Sulfenyl compound;Azacycle;Thiocarboxylic acid ester;Heteroaromatic compound;Organic pyrophosphate;Secondary carboxylic acid amide;Monoalkyl phosphate;Hydrocarbon derivative;Primary amine;Amine;Coenzyme a or derivatives;Carbonyl group;Pentose phosphate;Fatty amide;Organosulfur compound;Carboxylic acid derivative;Pyrimidine;Organic oxide;Aromatic heteropolycyclic compound;Imidazole;Organopnictogen compound;Imidolactam;Thiolactone;Azole;N-substituted imidazole;Purine ribonucleoside 3',5'-bisphosphate;Ribonucleoside 3'-phosphate;Thiocarboxylic acid or derivatives;Tetrahydrofuran;Carboxamide group;N-acyl-amine;Beta amino acid or derivatives;Oxacycle;Organic oxygen compound;Phosphoric acid ester;Secondary alcohol;Purine;Organic nitrogen compound;Organic phosphoric acid derivative;Alkyl phosphate;Organooxygen compound
None	NC1=NC(=O)C2=C(NCC(CNC3=CC=C(C=C3)C(=O)N[C@@H](CCC(O)=O)C(O)=O)=N2)N1	Organic compounds	Organic acids and derivatives	Carboxylic acids and derivatives	Amino acids, peptides, and analogues	Glutamic acid and derivatives	Aromatic heteropolycyclic compounds	Alpha amino acids;Amino acids;Azacyclic compounds;Benzoyl derivatives;Carbonyl compounds;Carboxylic acids;Dicarboxylic acids and derivatives;Heteroaromatic compounds;Hippuric acids and derivatives;Hydrocarbon derivatives;Ketimines;N-acyl-alpha amino acids;Organic oxides;Organopnictogen compounds;Phenylalkylamines;Primary amines;Propargyl-type 1,3-dipolar organic compounds;Pterins and derivatives;Pyrimidones;Secondary alkylarylamines;Secondary carboxylic acid amides;Vinylogous amides	Ketimine;Monocyclic benzene moiety;Carbonyl group;Carboxylic acid;Amino acid;Imine;Benzoyl;Pyrimidone;Pteridine;Benzamide;Pyrimidine;Propargyl-type 1,3-dipolar organic compound;Organic oxide;Aromatic heteropolycyclic compound;Organonitrogen compound;Alpha-amino acid;Organopnictogen compound;Organoheterocyclic compound;N-acyl-alpha amino acid or derivatives;Vinylogous amide;Pterin;Azacycle;N-acyl-alpha-amino acid;Hippuric acid or derivatives;Heteroaromatic compound;Benzoic acid or derivatives;Organic 1,3-dipolar compound;Glutamic acid or derivatives;Secondary amine;Carboxamide group;Secondary aliphatic/aromatic amine;Secondary carboxylic acid amide;Organic oxygen compound;Dicarboxylic acid or derivatives;Phenylalkylamine;Hydrocarbon derivative;Benzenoid;Primary amine;Organic nitrogen compound;Amine;Organooxygen compound
None	[H][C@@](COC(=O)CCCCCCCCCCCCCCC)(COP(O)(O)=O)OC(=O)CCCCCCCCCCCCCCC	Organic compounds	Lipids and lipid-like molecules	Glycerophospholipids	Glycerophosphates	1,2-diacylglycerol-3-phosphates	Aliphatic acyclic compounds	Carbonyl compounds;Carboxylic acid esters;Dicarboxylic acids and derivatives;Fatty acid esters;Glycerophosphates;Hydrocarbon derivatives;Monoalkyl phosphates;Organic oxides	Fatty acyl;Aliphatic acyclic compound;Carbonyl group;Carboxylic acid derivative;1,2-diacylglycerol-3-phosphate;Fatty acid ester;Organic oxide;Organic oxygen compound;Phosphoric acid ester;Monoalkyl phosphate;Carboxylic acid ester;Dicarboxylic acid or derivatives;Hydrocarbon derivative;Organic phosphoric acid derivative;Alkyl phosphate;Organooxygen compound
None	OC(=O)C\C(=C\C(O)=O)C(O)=O	Organic compounds	Organic acids and derivatives	Carboxylic acids and derivatives	Tricarboxylic acids and derivatives	Tricarboxylic acids and derivatives	Aliphatic acyclic compounds	Carbonyl compounds;Carboxylic acids;Hydrocarbon derivatives;Organic oxides	Aliphatic acyclic compound;Carbonyl group;Organic oxide;Carboxylic acid;Organic oxygen compound;Hydrocarbon derivative;Tricarboxylic acid or derivatives;Organooxygen compound
None	C[C@H](O)C=O	Organic compounds	Organic oxygen compounds	Organooxygen compounds	Carbonyl compounds	Alpha-hydroxyaldehydes	Aliphatic acyclic compounds	Hydrocarbon derivatives;Organic oxides;Secondary alcohols;Short-chain aldehydes	Alcohol;Aliphatic acyclic compound;Organic oxide;Short-chain aldehyde;Alpha-hydroxyaldehyde;Secondary alcohol;Hydrocarbon derivative
None	O=C1CCNC(=O)N1	Organic compounds	Organoheterocyclic compounds	Diazines	Pyrimidines and pyrimidine derivatives	Pyrimidones	Aliphatic heteromonocyclic compounds	Azacyclic compounds;Carbonyl compounds;Carboxylic acids and derivatives;Diazinanes;Dicarboximides;Hydrocarbon derivatives;N-acyl ureas;Organic carbonic acids and derivatives;Organic oxides;Organonitrogen compounds;Organopnictogen compounds	N-acyl urea;Carbonyl group;Carbonic acid derivative;Azacycle;Pyrimidone;Carboxylic acid derivative;1,3-diazinane;Organic oxide;Organic oxygen compound;Aliphatic heteromonocyclic compound;Organonitrogen compound;Organopnictogen compound;Hydrocarbon derivative;Dicarboximide;Organic nitrogen compound;Ureide;Organooxygen compound
None	NCC(=O)CCC(O)=O	Organic compounds	Organic acids and derivatives	Carboxylic acids and derivatives	Amino acids, peptides, and analogues	Delta amino acids and derivatives	Aliphatic acyclic compounds	Carboxylic acids;Gamma-keto acids and derivatives;Hydrocarbon derivatives;Ketones;Monoalkylamines;Monocarboxylic acids and derivatives;Organic oxides;Organonitrogen compounds;Organopnictogen compounds;Short-chain keto acids and derivatives	Aliphatic acyclic compound;Carbonyl group;Carboxylic acid;Short-chain keto acid;Gamma-keto acid;Ketone;Organic oxide;Monocarboxylic acid or derivatives;Organic oxygen compound;Keto acid;Organonitrogen compound;Organopnictogen compound;Delta amino acid or derivatives;Hydrocarbon derivative;Primary aliphatic amine;Organic nitrogen compound;Organooxygen compound
None	NCCCCC(O)=O	Organic compounds	Organic acids and derivatives	Carboxylic acids and derivatives	Amino acids, peptides, and analogues	Delta amino acids and derivatives	Aliphatic acyclic compounds	Carbonyl compounds;Carboxylic acids;Hydrocarbon derivatives;Monoalkylamines;Monocarboxylic acids and derivatives;Organic oxides;Organonitrogen compounds;Organopnictogen compounds;Straight chain fatty acids	Fatty acyl;Aliphatic acyclic compound;Carbonyl group;Straight chain fatty acid;Carboxylic acid;Fatty acid;Organic oxide;Monocarboxylic acid or derivatives;Organic oxygen compound;Organonitrogen compound;Organopnictogen compound;Delta amino acid or derivatives;Hydrocarbon derivative;Primary aliphatic amine;Organic nitrogen compound;Organooxygen compound
None	CC(=O)N[C@@H](CCCN)C(O)=O	Organic compounds	Organic acids and derivatives	Carboxylic acids and derivatives	Amino acids, peptides, and analogues	N-acyl-alpha amino acids	Aliphatic acyclic compounds	Acetamides;Alpha amino acids;Carbonyl compounds;Carboxylic acids;Fatty acids and conjugates;Hydrocarbon derivatives;Monoalkylamines;Monocarboxylic acids and derivatives;Organic oxides;Organonitrogen compounds;Organopnictogen compounds;Secondary carboxylic acid amides	Aliphatic acyclic compound;Carbonyl group;Carboxylic acid;N-acyl-alpha-amino acid;Fatty acid;Carboxamide group;Secondary carboxylic acid amide;Organic oxide;Monocarboxylic acid or derivatives;Organic oxygen compound;Organonitrogen compound;Alpha-amino acid;Organopnictogen compound;Hydrocarbon derivative;Primary aliphatic amine;Organic nitrogen compound;Acetamide;Organooxygen compound
None	NC(=O)N[C@@H](CC(O)=O)C(O)=O	Organic compounds	Organic acids and derivatives	Carboxylic acids and derivatives	Amino acids, peptides, and analogues	Aspartic acid and derivatives	Aliphatic acyclic compounds	Alpha amino acids;Carbonyl compounds;Carboxylic acids;Dicarboxylic acids and derivatives;Fatty acids and conjugates;Hydrocarbon derivatives;N-carbamoyl-alpha amino acids;Organic carbonic acids and derivatives;Organic oxides;Organonitrogen compounds;Organopnictogen compounds	Aliphatic acyclic compound;Carbonyl group;Carbonic acid derivative;Carboxylic acid;N-carbamoyl-alpha-amino acid;Fatty acid;Organic oxide;Organic oxygen compound;N-carbamoyl-alpha-amino acid or derivatives;Aspartic acid or derivatives;Organonitrogen compound;Alpha-amino acid;Dicarboxylic acid or derivatives;Organopnictogen compound;Hydrocarbon derivative;Organic nitrogen compound;Organooxygen compound
None	CN1C(CNC2=CC=C(C=C2)C(=O)N[C@H](CCC(O)=O)C(O)=O)CNC2=C1C(=O)NC(N)=N2	Organic compounds	Organic acids and derivatives	Carboxylic acids and derivatives	Amino acids, peptides, and analogues	Glutamic acid and derivatives	Aromatic heteropolycyclic compounds	Alpha amino acids;Amino acids;Azacyclic compounds;Benzoyl derivatives;Carbonyl compounds;Carboxylic acids;Dialkylarylamines;Dicarboxylic acids and derivatives;Heteroaromatic compounds;Hippuric acids and derivatives;Hydrocarbon derivatives;Imidolactams;Lactams;N-acyl-alpha amino acids;Organic oxides;Organopnictogen compounds;Phenylalkylamines;Primary amines;Pterins and derivatives;Pyrimidones;Secondary alkylarylamines;Secondary carboxylic acid amides;Vinylogous amides	Monocyclic benzene moiety;Carbonyl group;Lactam;Carboxylic acid;Amino acid;Benzoyl;Pyrimidone;Benzamide;Pyrimidine;Organic oxide;Aromatic heteropolycyclic compound;Tertiary aliphatic/aromatic amine;Organonitrogen compound;Alpha-amino acid;Organopnictogen compound;Dialkylarylamine;Imidolactam;Tertiary amine;Organoheterocyclic compound;N-acyl-alpha amino acid or derivatives;Vinylogous amide;Pterin;Azacycle;N-acyl-alpha-amino acid;Hippuric acid or derivatives;Heteroaromatic compound;Benzoic acid or derivatives;Glutamic acid or derivatives;Secondary amine;Carboxamide group;Secondary aliphatic/aromatic amine;Secondary carboxylic acid amide;Organic oxygen compound;Dicarboxylic acid or derivatives;Phenylalkylamine;Hydrocarbon derivative;Benzenoid;Primary amine;Organic nitrogen compound;Amine;Organooxygen compound
None	N[C@@H](CC=O)C(O)=O	Organic compounds	Organic acids and derivatives	Carboxylic acids and derivatives	Amino acids, peptides, and analogues	Alpha amino acids	Aliphatic acyclic compounds	Alpha-hydrogen aldehydes;Carboxylic acids;Fatty acids and conjugates;Hydrocarbon derivatives;Monoalkylamines;Monocarboxylic acids and derivatives;Organic oxides;Organonitrogen compounds;Organopnictogen compounds	Aliphatic acyclic compound;Carbonyl group;Carboxylic acid;Fatty acid;Aldehyde;Organic oxide;Monocarboxylic acid or derivatives;Organic oxygen compound;Alpha-hydrogen aldehyde;Organonitrogen compound;Alpha-amino acid;Organopnictogen compound;Hydrocarbon derivative;Primary aliphatic amine;Organic nitrogen compound;Organooxygen compound
None	[H][C@@]12CN(C=[N+]1C1=C(NC2)NC(N)=NC1=O)C1=CC=C(C=C1)C(=O)N[C@@H](CCC(O)=O)C([O-])=O	Organic compounds	Organic acids and derivatives	Carboxylic acids and derivatives	Amino acids, peptides, and analogues	Glutamic acid and derivatives	Aromatic heteropolycyclic compounds	Alpha amino acids;Amino acids;Aniline and substituted anilines;Azacyclic compounds;Benzoyl derivatives;Carbonyl compounds;Carboxylic acid salts;Carboxylic acids;Dicarboxylic acids and derivatives;Heteroaromatic compounds;Hippuric acids and derivatives;Hydrocarbon derivatives;Imidazolines;N-acyl-alpha amino acids;Organic oxides;Organic salts;Organopnictogen compounds;Primary amines;Propargyl-type 1,3-dipolar organic compounds;Pterins and derivatives;Pyrimidones;Secondary alkylarylamines;Secondary carboxylic acid amides;Vinylogous amides	Monocyclic benzene moiety;Carbonyl group;Carboxylic acid;Amino acid;Benzoyl;Pyrimidone;Benzamide;Pyrimidine;Propargyl-type 1,3-dipolar organic compound;Organic oxide;Aromatic heteropolycyclic compound;Organonitrogen compound;Alpha-amino acid;Organopnictogen compound;Organic salt;Organoheterocyclic compound;N-acyl-alpha amino acid or derivatives;Vinylogous amide;Pterin;Azacycle;N-acyl-alpha-amino acid;Hippuric acid or derivatives;Aniline or substituted anilines;Heteroaromatic compound;Benzoic acid or derivatives;Organic 1,3-dipolar compound;Glutamic acid or derivatives;Secondary amine;Carboxamide group;Secondary aliphatic/aromatic amine;Secondary carboxylic acid amide;Organic oxygen compound;2-imidazoline;Imidazoline;Dicarboxylic acid or derivatives;Hydrocarbon derivative;Benzenoid;Primary amine;Organic nitrogen compound;Carboxylic acid salt;Amine;Organooxygen compound
None	OC[C@H]1O[C@H](OP(O)(O)=O)[C@H](O)[C@@H](O)[C@H]1O	Organic compounds	Organic acids and derivatives	Organic phosphoric acids and derivatives	Phosphate esters	Monoalkyl phosphates	Aliphatic heteromonocyclic compounds	Hydrocarbon derivatives;Monosaccharides;Organic oxides;Oxacyclic compounds;Oxanes;Primary alcohols;Secondary alcohols	Alcohol;Monosaccharide;Oxacycle;Saccharide;Organic oxide;Organic oxygen compound;Monoalkyl phosphate;Aliphatic heteromonocyclic compound;Secondary alcohol;Hydrocarbon derivative;Oxane;Primary alcohol;Organoheterocyclic compound;Organooxygen compound
None	O[C@H](COP(O)(O)=O)[C@@H](O)[C@@H](O)[C@H](O)C(=O)COP(O)(O)=O	Organic compounds	Organic oxygen compounds	Organooxygen compounds	Carbonyl compounds	Glycerone phosphates	Aliphatic acyclic compounds	Acyloins;Alpha-hydroxy ketones;Beta-hydroxy ketones;Hydrocarbon derivatives;Monoalkyl phosphates;Monosaccharides;Organic oxides;Secondary alcohols	Alcohol;Beta-hydroxy ketone;Aliphatic acyclic compound;Monosaccharide;Alpha-hydroxy ketone;Glycerone phosphate;Saccharide;Organic oxide;Phosphoric acid ester;Monoalkyl phosphate;Acyloin;Secondary alcohol;Hydrocarbon derivative;Organic phosphoric acid derivative;Alkyl phosphate
None	CC(C)=CCC\C(C)=C\CC\C(C)=C\COP(O)(=O)OP(O)(O)=O	Organic compounds	Lipids and lipid-like molecules	Prenol lipids	Sesquiterpenoids	Sesquiterpenoids	Aliphatic acyclic compounds	Hydrocarbon derivatives;Monoalkyl phosphates;Organic oxides;Organic pyrophosphates;Organooxygen compounds	Aliphatic acyclic compound;Organic pyrophosphate;Organic oxide;Sesquiterpenoid;Organic oxygen compound;Phosphoric acid ester;Monoalkyl phosphate;Hydrocarbon derivative;Farsesane sesquiterpenoid;Organic phosphoric acid derivative;Alkyl phosphate;Organooxygen compound
None	NC(=O)C1=C[N+](=CC=C1)[C@@H]1O[C@H](COP(O)(O)=O)[C@@H](O)[C@H]1O	Organic compounds	Nucleosides, nucleotides, and analogues	Pyridine nucleotides	Pyridine nucleotides	Pyridine nucleotides	Aromatic heteromonocyclic compounds	1,2-diols;Azacyclic compounds;Carboxylic acids and derivatives;Heteroaromatic compounds;Hydrocarbon derivatives;Hydroxypyridines;Monoalkyl phosphates;Monosaccharides;Nicotinamides;Organic cations;Organic oxides;Organonitrogen compounds;Organopnictogen compounds;Oxacyclic compounds;Pentose phosphates;Primary carboxylic acid amides;Pyridinecarboxylic acids and derivatives;Secondary alcohols;Tetrahydrofurans;Vinylogous amides	Primary carboxylic acid amide;Pyridine carboxylic acid or derivatives;Aromatic heteromonocyclic compound;Pentose phosphate;Nicotinamide;Monosaccharide;Pentose-5-phosphate;Carboxylic acid derivative;Saccharide;Organic oxide;Organonitrogen compound;Organopnictogen compound;Organic cation;Organoheterocyclic compound;1,2-diol;Pyridine nucleotide;Alcohol;Vinylogous amide;Azacycle;Tetrahydrofuran;Heteroaromatic compound;Hydroxypyridine;Carboxamide group;Oxacycle;Pyridine;Organic oxygen compound;Phosphoric acid ester;Monoalkyl phosphate;Secondary alcohol;Hydrocarbon derivative;Organic nitrogen compound;Organic phosphoric acid derivative;Alkyl phosphate;Organooxygen compound
None	NC1=NC(=O)N(C=C1)[C@H]1C[C@H](O)[C@@H](COP(O)(=O)OP(O)(=O)OP(O)(O)=O)O1	Organic compounds	Nucleosides, nucleotides, and analogues	Pyrimidine nucleotides	Pyrimidine deoxyribonucleotides	Pyrimidine 2'-deoxyribonucleoside triphosphates	Aromatic heteromonocyclic compounds	Azacyclic compounds;Heteroaromatic compounds;Hydrocarbon derivatives;Imidolactams;Monoalkyl phosphates;Monosaccharides;Organic carbonic acids and derivatives;Organic oxides;Organopnictogen compounds;Oxacyclic compounds;Pentose phosphates;Primary amines;Pyrimidones;Secondary alcohols;Tetrahydrofurans	Aromatic heteromonocyclic compound;Pentose phosphate;Monosaccharide;Pyrimidone;Pyrimidine;Pyrimidine 2'-deoxyribonucleoside triphosphate;Saccharide;Organic oxide;Organonitrogen compound;Organopnictogen compound;Imidolactam;Organoheterocyclic compound;Alcohol;Carbonic acid derivative;Azacycle;Tetrahydrofuran;Heteroaromatic compound;Oxacycle;Organic oxygen compound;Phosphoric acid ester;Monoalkyl phosphate;Secondary alcohol;Hydrocarbon derivative;Primary amine;Organic nitrogen compound;Organic phosphoric acid derivative;Amine;Alkyl phosphate;Organooxygen compound
None	CC1=CN([C@H]2C[C@H](O)[C@@H](COP(O)(=O)OP(O)(=O)OP(O)(O)=O)O2)C(=O)NC1=O	Organic compounds	Nucleosides, nucleotides, and analogues	Pyrimidine nucleotides	Pyrimidine deoxyribonucleotides	Pyrimidine 2'-deoxyribonucleoside triphosphates	Aromatic heteromonocyclic compounds	Azacyclic compounds;Heteroaromatic compounds;Hydrocarbon derivatives;Lactams;Monoalkyl phosphates;Monosaccharides;Organic carbonic acids and derivatives;Organic oxides;Organonitrogen compounds;Organopnictogen compounds;Oxacyclic compounds;Pentose phosphates;Pyrimidones;Secondary alcohols;Tetrahydrofurans;Vinylogous amides	Lactam;Aromatic heteromonocyclic compound;Pentose phosphate;Monosaccharide;Pyrimidone;Pyrimidine;Pyrimidine 2'-deoxyribonucleoside triphosphate;Saccharide;Organic oxide;Organonitrogen compound;Organopnictogen compound;Organoheterocyclic compound;Alcohol;Vinylogous amide;Carbonic acid derivative;Azacycle;Tetrahydrofuran;Heteroaromatic compound;Oxacycle;Organic oxygen compound;Phosphoric acid ester;Monoalkyl phosphate;Secondary alcohol;Hydrocarbon derivative;Organic nitrogen compound;Organic phosphoric acid derivative;Alkyl phosphate;Organooxygen compound
None	O[C@H]1C[C@@H](O[C@@H]1COP(O)(=O)OP(O)(=O)OP(O)(O)=O)N1C=CC(=O)NC1=O	Organic compounds	Nucleosides, nucleotides, and analogues	Pyrimidine nucleotides	Pyrimidine deoxyribonucleotides	Pyrimidine 2'-deoxyribonucleoside triphosphates	Aromatic heteromonocyclic compounds	Azacyclic compounds;Heteroaromatic compounds;Hydrocarbon derivatives;Lactams;Monoalkyl phosphates;Monosaccharides;Organic carbonic acids and derivatives;Organic oxides;Organonitrogen compounds;Organopnictogen compounds;Oxacyclic compounds;Pentose phosphates;Pyrimidones;Secondary alcohols;Tetrahydrofurans;Vinylogous amides	Lactam;Aromatic heteromonocyclic compound;Pentose phosphate;Monosaccharide;Pyrimidone;Pyrimidine;Pyrimidine 2'-deoxyribonucleoside triphosphate;Saccharide;Organic oxide;Organonitrogen compound;Organopnictogen compound;Organoheterocyclic compound;Alcohol;Vinylogous amide;Carbonic acid derivative;Azacycle;Tetrahydrofuran;Heteroaromatic compound;Oxacycle;Organic oxygen compound;Phosphoric acid ester;Monoalkyl phosphate;Secondary alcohol;Hydrocarbon derivative;Organic nitrogen compound;Organic phosphoric acid derivative;Alkyl phosphate;Organooxygen compound
None	CC(=O)N[C@H]1[C@H](O)O[C@H](CO)[C@@H](O[C@@H]2O[C@H](CO)[C@@H](O[C@@H]3O[C@H](CO)[C@@H](O)[C@H](O)[C@H]3NC(C)=O)[C@H](O)[C@H]2NC(C)=O)[C@@H]1O	Organic compounds	Organic oxygen compounds	Organooxygen compounds	Carbohydrates and carbohydrate conjugates	Acylaminosugars	Aliphatic heteromonocyclic compounds	Acetals;Acetamides;Carbonyl compounds;Carboxylic acids and derivatives;Hemiacetals;Hydrocarbon derivatives;Monosaccharides;N-acyl-alpha-hexosamines;Organic oxides;Organonitrogen compounds;Organopnictogen compounds;Oxacyclic compounds;Oxanes;Primary alcohols;Secondary alcohols;Secondary carboxylic acid amides	Carbonyl group;Monosaccharide;Carboxylic acid derivative;N-acyl-alpha-hexosamine;Organic oxide;Acetal;Aliphatic heteromonocyclic compound;Organonitrogen compound;Organopnictogen compound;Hemiacetal;Oxane;Primary alcohol;Organoheterocyclic compound;Acetamide;Alcohol;Carboxamide group;Acylaminosugar;Oxacycle;Secondary carboxylic acid amide;Secondary alcohol;Hydrocarbon derivative;Organic nitrogen compound
None	N1C=CC2=C1C=CC=C2	Organic compounds	Organoheterocyclic compounds	Indoles and derivatives	Indoles	Indoles	Aromatic heteropolycyclic compounds	Azacyclic compounds;Benzenoids;Heteroaromatic compounds;Hydrocarbon derivatives;Organonitrogen compounds;Organopnictogen compounds;Pyrroles	Azacycle;Indole;Heteroaromatic compound;Aromatic heteropolycyclic compound;Pyrrole;Organonitrogen compound;Organopnictogen compound;Hydrocarbon derivative;Benzenoid;Organic nitrogen compound
None	CCO	Organic compounds	Organic oxygen compounds	Organooxygen compounds	Alcohols and polyols	Alcohols and polyols	Aliphatic acyclic compounds	Hydrocarbon derivatives	Alcohol;Aliphatic acyclic compound;Hydrocarbon derivative
None	O[C@H]1O[C@@H]([C@H](O)[C@H](O)[C@H]1O)C(O)=O	Organic compounds	Organic oxygen compounds	Organooxygen compounds	Carbohydrates and carbohydrate conjugates	Glucuronic acid derivatives	Aliphatic heteromonocyclic compounds	Beta hydroxy acids and derivatives;Carbonyl compounds;Carboxylic acids;Hemiacetals;Hydrocarbon derivatives;Monocarboxylic acids and derivatives;Monosaccharides;Organic oxides;Oxacyclic compounds;Oxanes;Pyran carboxylic acids;Secondary alcohols	Alcohol;Carbonyl group;Carboxylic acid;Pyran carboxylic acid or derivatives;Glucuronic acid or derivatives;Monosaccharide;Hydroxy acid;Carboxylic acid derivative;Pyran carboxylic acid;Oxacycle;Beta-hydroxy acid;Organic oxide;Monocarboxylic acid or derivatives;Pyran;Aliphatic heteromonocyclic compound;Secondary alcohol;Hemiacetal;Hydrocarbon derivative;Oxane;Organoheterocyclic compound
None	C\C(=C/CO)\C=C\C=C(/C)\C=C\C1=C(C)CCCC1(C)C	Organic compounds	Lipids and lipid-like molecules	Prenol lipids	Retinoids	Retinoids	Aliphatic homomonocyclic compounds	Diterpenoids;Fatty alcohols;Hydrocarbon derivatives;Primary alcohols	Alcohol;Fatty acyl;Organic oxygen compound;Abietane diterpenoid;Fatty alcohol;Retinoid skeleton;Aliphatic homomonocyclic compound;Hydrocarbon derivative;Diterpenoid;Primary alcohol;Organooxygen compound
None	NC1=NC(=O)N(C=C1)[C@@H]1O[C@H](CO)[C@@H](O)[C@H]1O	Organic compounds	Nucleosides, nucleotides, and analogues	Pyrimidine nucleosides	Pyrimidine nucleosides	Pyrimidine nucleosides	Aromatic heteromonocyclic compounds	Azacyclic compounds;Heteroaromatic compounds;Hydrocarbon derivatives;Imidolactams;Monosaccharides;Organic carbonic acids and derivatives;Organic oxides;Organopnictogen compounds;Oxacyclic compounds;Primary alcohols;Primary amines;Pyrimidones;Secondary alcohols;Tetrahydrofurans	Aromatic heteromonocyclic compound;Monosaccharide;Pyrimidone;Pyrimidine;Saccharide;Organic oxide;Organonitrogen compound;Organopnictogen compound;Pyrimidine nucleoside;Primary alcohol;Imidolactam;Organoheterocyclic compound;Alcohol;Carbonic acid derivative;Azacycle;Tetrahydrofuran;Heteroaromatic compound;Oxacycle;Organic oxygen compound;Secondary alcohol;Hydrocarbon derivative;Primary amine;Organic nitrogen compound;Amine;Organooxygen compound
None	CCC=O	Organic compounds	Organic oxygen compounds	Organooxygen compounds	Carbonyl compounds	Alpha-hydrogen aldehydes	Aliphatic acyclic compounds	Hydrocarbon derivatives;Organic oxides;Short-chain aldehydes	Aliphatic acyclic compound;Organic oxide;Short-chain aldehyde;Alpha-hydrogen aldehyde;Hydrocarbon derivative
None	NCCC1=CC=C(O)C=C1	Organic compounds	Benzenoids	Phenols	1-hydroxy-2-unsubstituted benzenoids	1-hydroxy-2-unsubstituted benzenoids	Aromatic homomonocyclic compounds	Benzene and substituted derivatives;Hydrocarbon derivatives;Monoalkylamines;Organonitrogen compounds;Organooxygen compounds;Organopnictogen compounds	Monocyclic benzene moiety;1-hydroxy-2-unsubstituted benzenoid;Aromatic homomonocyclic compound;Organic oxygen compound;Organonitrogen compound;Organopnictogen compound;Hydrocarbon derivative;Primary aliphatic amine;Organic nitrogen compound;Organooxygen compound
None	C[N+](C)(C)C[C@H](O)CC(O)=O	Organic compounds	Organic nitrogen compounds	Organonitrogen compounds	Quaternary ammonium salts	Carnitines	Aliphatic acyclic compounds	1,2-aminoalcohols;Amines;Beta hydroxy acids and derivatives;Carbonyl compounds;Carboxylic acids;Hydrocarbon derivatives;Hydroxy fatty acids;Monocarboxylic acids and derivatives;Organic cations;Organic oxides;Organic salts;Organopnictogen compounds;Secondary alcohols;Short-chain hydroxy acids and derivatives;Tetraalkylammonium salts	Fatty acyl;Aliphatic acyclic compound;Carbonyl group;Carboxylic acid;Short-chain hydroxy acid;Fatty acid;Carboxylic acid derivative;Beta-hydroxy acid;Organic oxide;Organopnictogen compound;Hydroxy fatty acid;Organic cation;Organic salt;Alcohol;Tetraalkylammonium salt;1,2-aminoalcohol;Hydroxy acid;Carnitine;Monocarboxylic acid or derivatives;Organic oxygen compound;Secondary alcohol;Hydrocarbon derivative;Amine;Organooxygen compound
None	OC(=O)CCCC(O)=O	Organic compounds	Organic acids and derivatives	Carboxylic acids and derivatives	Dicarboxylic acids and derivatives	Dicarboxylic acids and derivatives	Aliphatic acyclic compounds	Carbonyl compounds;Carboxylic acids;Fatty acids and conjugates;Hydrocarbon derivatives;Organic oxides	Aliphatic acyclic compound;Carbonyl group;Organic oxide;Carboxylic acid;Organic oxygen compound;Dicarboxylic acid or derivatives;Fatty acid;Hydrocarbon derivative;Organooxygen compound
None	OC(=O)CC(=C)C(O)=O	Organic compounds	Lipids and lipid-like molecules	Fatty Acyls	Fatty acids and conjugates	Branched fatty acids	Aliphatic acyclic compounds	Carbonyl compounds;Carboxylic acids;Dicarboxylic acids and derivatives;Hydrocarbon derivatives;Organic oxides;Unsaturated fatty acids	Aliphatic acyclic compound;Carbonyl group;Carboxylic acid;Carboxylic acid derivative;Branched fatty acid;Unsaturated fatty acid;Organic oxide;Organic oxygen compound;Dicarboxylic acid or derivatives;Hydrocarbon derivative;Organooxygen compound
None	N[C@@H](CSSC[C@H](N)C(O)=O)C(O)=O	Organic compounds	Organic acids and derivatives	Carboxylic acids and derivatives	Amino acids, peptides, and analogues	Cysteine and derivatives	Aliphatic acyclic compounds	Alpha amino acids;Carbonyl compounds;Carboxylic acids;Dialkyldisulfides;Dicarboxylic acids and derivatives;Hydrocarbon derivatives;Monoalkylamines;Organic oxides;Organonitrogen compounds;Organopnictogen compounds;Sulfenyl compounds	Aliphatic acyclic compound;Carbonyl group;Carboxylic acid;Sulfenyl compound;Organosulfur compound;Dialkyldisulfide;Organic oxide;Organic oxygen compound;Organic disulfide;Cysteine or derivatives;Organonitrogen compound;Alpha-amino acid;Dicarboxylic acid or derivatives;Organopnictogen compound;Hydrocarbon derivative;Primary aliphatic amine;Organic nitrogen compound;Organooxygen compound
None	OC[C@H]1O[C@@](CO)(O[C@H]2O[C@H](CO[C@H]3O[C@H](CO)[C@H](O)[C@H](O)[C@H]3O)[C@@H](O)[C@H](O)[C@H]2O)[C@@H](O)[C@@H]1O	Organic compounds	Organic oxygen compounds	Organooxygen compounds	Ethers	Ketals	Aliphatic heteromonocyclic compounds	Hydrocarbon derivatives;Monosaccharides;Oxacyclic compounds;Oxanes;Primary alcohols;Secondary alcohols;Tetrahydrofurans	Alcohol;Tetrahydrofuran;Monosaccharide;Oxacycle;Saccharide;Ketal;Aliphatic heteromonocyclic compound;Secondary alcohol;Hydrocarbon derivative;Oxane;Primary alcohol;Organoheterocyclic compound
None	O[C@@H]1CC(=C[C@@H](O)[C@H]1O)C(O)=O	Organic compounds	Organic oxygen compounds	Organooxygen compounds	Alcohols and polyols	Shikimic acids and derivatves	Aliphatic homomonocyclic compounds	Carbonyl compounds;Carboxylic acids;Hydrocarbon derivatives;Monocarboxylic acids and derivatives;Organic oxides;Secondary alcohols	Carbonyl group;Carboxylic acid;Carboxylic acid derivative;Shikimic acid or derivatives;Organic oxide;Monocarboxylic acid or derivatives;Secondary alcohol;Aliphatic homomonocyclic compound;Hydrocarbon derivative
None	O[C@H](CC(O)=O)C(O)=O	Organic compounds	Organic acids and derivatives	Hydroxy acids and derivatives	Beta hydroxy acids and derivatives	Beta hydroxy acids and derivatives	Aliphatic acyclic compounds	Alpha hydroxy acids and derivatives;Carbonyl compounds;Carboxylic acids;Dicarboxylic acids and derivatives;Hydrocarbon derivatives;Hydroxy fatty acids;Organic oxides;Secondary alcohols;Short-chain hydroxy acids and derivatives	Alcohol;Fatty acyl;Aliphatic acyclic compound;Carbonyl group;Carboxylic acid;Short-chain hydroxy acid;Alpha-hydroxy acid;Fatty acid;Carboxylic acid derivative;Beta-hydroxy acid;Organic oxide;Organic oxygen compound;Secondary alcohol;Dicarboxylic acid or derivatives;Hydrocarbon derivative;Hydroxy fatty acid;Organooxygen compound
None	NC1=C2N=CN([C@@H]3O[C@H](COP(O)(=O)OP(O)(=O)O[C@H]4O[C@H](CO)[C@@H](O)[C@H](O)[C@H]4O)[C@@H](O)[C@H]3O)C2=NC=N1	Organic compounds	Organic oxygen compounds	Organooxygen compounds	Carbohydrates and carbohydrate conjugates	Monosaccharides	Aromatic heteropolycyclic compounds	Azacyclic compounds;Heteroaromatic compounds;Hydrocarbon derivatives;Imidazoles;Imidolactams;Monoalkyl phosphates;N-substituted imidazoles;Organic oxides;Organic pyrophosphates;Organopnictogen compounds;Oxacyclic compounds;Oxanes;Pentose phosphates;Primary alcohols;Primary amines;Purine ribonucleoside diphosphates;Purine ribonucleoside monophosphates;Purines and purine derivatives;Pyrimidines and pyrimidine derivatives;Secondary alcohols;Tetrahydrofurans	Pentose phosphate;Purine ribonucleoside monophosphate;Monosaccharide;Pentose-5-phosphate;Imidazopyrimidine;Pyrimidine;Organic oxide;Purine ribonucleoside diphosphate;Aromatic heteropolycyclic compound;Imidazole;Organonitrogen compound;Organopnictogen compound;Oxane;Primary alcohol;Imidolactam;Organoheterocyclic compound;Azole;N-substituted imidazole;Alcohol;Azacycle;Tetrahydrofuran;Heteroaromatic compound;Organic pyrophosphate;Oxacycle;Phosphoric acid ester;Monoalkyl phosphate;Secondary alcohol;Hydrocarbon derivative;Purine;Primary amine;Organic nitrogen compound;Organic phosphoric acid derivative;Amine;Alkyl phosphate
None	NC(=O)NC(NC(N)=O)C(O)=O	Organic compounds	Organic acids and derivatives	Carboxylic acids and derivatives	Amino acids, peptides, and analogues	N-carbamoyl-alpha amino acids	Aliphatic acyclic compounds	Alpha amino acids;Carbonyl compounds;Carboxylic acids;Hydrocarbon derivatives;Monocarboxylic acids and derivatives;Organic carbonic acids and derivatives;Organic oxides;Organonitrogen compounds;Organopnictogen compounds	Aliphatic acyclic compound;Carbonyl group;Carbonic acid derivative;Carboxylic acid;N-carbamoyl-alpha-amino acid;Organic oxide;Monocarboxylic acid or derivatives;Organic oxygen compound;Organonitrogen compound;Alpha-amino acid;Organopnictogen compound;Hydrocarbon derivative;Organic nitrogen compound;Organooxygen compound
None	OC[C@@H](O)[C@H](O)[C@@H](O)C(O)=O	Organic compounds	Organic acids and derivatives	Hydroxy acids and derivatives	Beta hydroxy acids and derivatives	Beta hydroxy acids and derivatives	Aliphatic acyclic compounds	Alpha hydroxy acids and derivatives;Carbonyl compounds;Carboxylic acids;Hydrocarbon derivatives;Hydroxy fatty acids;Monocarboxylic acids and derivatives;Monosaccharides;Organic oxides;Primary alcohols;Secondary alcohols;Short-chain hydroxy acids and derivatives	Alcohol;Fatty acyl;Aliphatic acyclic compound;Carbonyl group;Carboxylic acid;Short-chain hydroxy acid;Alpha-hydroxy acid;Monosaccharide;Fatty acid;Carboxylic acid derivative;Beta-hydroxy acid;Saccharide;Organic oxide;Monocarboxylic acid or derivatives;Organic oxygen compound;Secondary alcohol;Hydrocarbon derivative;Hydroxy fatty acid;Primary alcohol;Organooxygen compound
None	NC1=NC(=O)C2=NC(CNC3=CC=C(C=C3)C(=O)N[C@@H](CCC(O)=O)C(O)=O)=CN=C2N1	Organic compounds	Organic acids and derivatives	Carboxylic acids and derivatives	Amino acids, peptides, and analogues	Glutamic acid and derivatives	Aromatic heteropolycyclic compounds	Alpha amino acids;Amino acids;Azacyclic compounds;Benzoyl derivatives;Carbonyl compounds;Carboxylic acids;Dicarboxylic acids and derivatives;Heteroaromatic compounds;Hippuric acids and derivatives;Hydrocarbon derivatives;N-acyl-alpha amino acids;Organic oxides;Organopnictogen compounds;Phenylalkylamines;Primary amines;Pterins and derivatives;Pyrazines;Pyrimidones;Secondary alkylarylamines;Secondary carboxylic acid amides;Vinylogous amides	Monocyclic benzene moiety;Carbonyl group;Carboxylic acid;Amino acid;Benzoyl;Pyrimidone;Pteridine;Benzamide;Pyrimidine;Organic oxide;Aromatic heteropolycyclic compound;Organonitrogen compound;Alpha-amino acid;Organopnictogen compound;Organoheterocyclic compound;N-acyl-alpha amino acid or derivatives;Vinylogous amide;Pterin;Azacycle;N-acyl-alpha-amino acid;Hippuric acid or derivatives;Heteroaromatic compound;Benzoic acid or derivatives;Glutamic acid or derivatives;Secondary amine;Carboxamide group;Secondary aliphatic/aromatic amine;Secondary carboxylic acid amide;Organic oxygen compound;Pyrazine;Dicarboxylic acid or derivatives;Phenylalkylamine;Hydrocarbon derivative;Benzenoid;Primary amine;Organic nitrogen compound;Amine;Organooxygen compound
None	NC(CS(O)(=O)=O)C(O)=O	Organic compounds	Organic acids and derivatives	Carboxylic acids and derivatives	Amino acids, peptides, and analogues	Alpha amino acids	Aliphatic acyclic compounds	Carbonyl compounds;Carboxylic acids;Hydrocarbon derivatives;Monoalkylamines;Monocarboxylic acids and derivatives;Organic oxides;Organonitrogen compounds;Organopnictogen compounds;Organosulfonic acids;Sulfonyls	Aliphatic acyclic compound;Organosulfonic acid or derivatives;Carbonyl group;Carboxylic acid;Organosulfonic acid;Organosulfur compound;Organic oxide;Monocarboxylic acid or derivatives;Sulfonyl;Organic oxygen compound;Organic sulfonic acid or derivatives;Organonitrogen compound;Alpha-amino acid;Organopnictogen compound;Hydrocarbon derivative;Primary aliphatic amine;Organic nitrogen compound;Organooxygen compound
None	C[C@@H]1OC(O)[C@H](O)[C@H](O)[C@H]1O	Organic compounds	Organic oxygen compounds	Organooxygen compounds	Carbohydrates and carbohydrate conjugates	Monosaccharides	Aliphatic heteromonocyclic compounds	Hemiacetals;Hydrocarbon derivatives;Oxacyclic compounds;Oxanes;Secondary alcohols	Alcohol;Monosaccharide;Oxacycle;Aliphatic heteromonocyclic compound;Secondary alcohol;Hemiacetal;Hydrocarbon derivative;Oxane;Organoheterocyclic compound
None	OC[C@]1(O)OC[C@H](O)[C@@H]1O	Organic compounds	Organic oxygen compounds	Organooxygen compounds	Carbohydrates and carbohydrate conjugates	Monosaccharides	Aliphatic heteromonocyclic compounds	Hemiacetals;Hydrocarbon derivatives;Oxacyclic compounds;Secondary alcohols;Tetrahydrofurans	Alcohol;Tetrahydrofuran;Monosaccharide;Oxacycle;Aliphatic heteromonocyclic compound;Secondary alcohol;Hemiacetal;Hydrocarbon derivative;Organoheterocyclic compound
None	OC1=CC=C(C=C1)[C@@H]1CC(=O)C2=C(O1)C=C(O)C=C2O	Organic compounds	Phenylpropanoids and polyketides	Flavonoids	Flavans	Flavanones	Aromatic heteropolycyclic compounds	1-hydroxy-2-unsubstituted benzenoids;1-hydroxy-4-unsubstituted benzenoids;4'-hydroxyflavonoids;5-hydroxyflavonoids;7-hydroxyflavonoids;Alkyl aryl ethers;Aryl alkyl ketones;Benzene and substituted derivatives;Chromones;Hydrocarbon derivatives;Organic oxides;Oxacyclic compounds;Vinylogous acids	Monocyclic benzene moiety;Ether;Aryl alkyl ketone;1-benzopyran;Flavanone;1-hydroxy-2-unsubstituted benzenoid;Alkyl aryl ether;Ketone;Organic oxide;Chromone;Aromatic heteropolycyclic compound;Chromane;Organoheterocyclic compound;Benzopyran;5-hydroxyflavonoid;1-hydroxy-4-unsubstituted benzenoid;Oxacycle;Vinylogous acid;Organic oxygen compound;7-hydroxyflavonoid;4'-hydroxyflavonoid;Phenol;Hydrocarbon derivative;Benzenoid;Organooxygen compound;Aryl ketone
None	CC(C)(COP(O)(=O)OP(O)(=O)OC[C@H]1O[C@H]([C@H](O)[C@@H]1OP(O)(O)=O)N1C=NC2=C1N=CN=C2N)[C@@H](O)C(=O)NCCC(=O)NCCSC(=O)C1=CC=CC=C1	Organic compounds	Lipids and lipid-like molecules	Fatty Acyls	Fatty acyl thioesters	Acyl CoAs	Aromatic heteropolycyclic compounds	Azacyclic compounds;Benzenecarbothioic S-acids;Benzoyl derivatives;Beta amino acids and derivatives;Carbodithioic acids;Carbonyl compounds;Carbothioic S-acids;Carbothioic S-esters;Carboxylic acids and derivatives;Coenzyme A and derivatives;Heteroaromatic compounds;Hydrocarbon derivatives;Imidazoles;Imidolactams;Monoalkyl phosphates;Monosaccharides;N-acyl amines;N-substituted imidazoles;Organic oxides;Organic pyrophosphates;Organopnictogen compounds;Oxacyclic compounds;Pentose phosphates;Primary amines;Purine ribonucleoside diphosphates;Purines and purine derivatives;Pyrimidines and pyrimidine derivatives;Ribonucleoside 3'-phosphates;Secondary alcohols;Secondary carboxylic acid amides;Sulfenyl compounds;Tetrahydrofurans;Thiobenzoic acids and derivatives;Thioesters;Thiolactones	Monocyclic benzene moiety;Amino acid or derivatives;Benzoyl;Monosaccharide;Pentose-5-phosphate;Imidazopyrimidine;Carbothioic s-ester;Saccharide;Purine ribonucleoside diphosphate;Organonitrogen compound;Organoheterocyclic compound;Alcohol;Sulfenyl compound;Azacycle;Thiocarboxylic acid ester;Heteroaromatic compound;Organic pyrophosphate;Carbothioic S-acid;Secondary carboxylic acid amide;Monoalkyl phosphate;Hydrocarbon derivative;Primary amine;Amine;Coenzyme a or derivatives;Benzenecarbothioic S-acid;Carbonyl group;Pentose phosphate;Fatty amide;Organosulfur compound;Carboxylic acid derivative;Pyrimidine;Organic oxide;Aromatic heteropolycyclic compound;Imidazole;Organopnictogen compound;Imidolactam;Thiolactone;Thiobenzoic acid or derivatives;Azole;N-substituted imidazole;Purine ribonucleoside 3',5'-bisphosphate;Ribonucleoside 3'-phosphate;Thiocarboxylic acid or derivatives;Tetrahydrofuran;Carbodithioic acid;Benzoic acid or derivatives;Carboxamide group;N-acyl-amine;Beta amino acid or derivatives;Oxacycle;Organic oxygen compound;Phosphoric acid ester;Secondary alcohol;Purine;Benzenoid;Organic nitrogen compound;Organic phosphoric acid derivative;Alkyl phosphate;Organooxygen compound
None	OC[C@@H](O)[C@@H](O)[C@H](O)[C@H](O)C(O)=O	Organic compounds	Organic acids and derivatives	Hydroxy acids and derivatives	Medium-chain hydroxy acids and derivatives	Medium-chain hydroxy acids and derivatives	Aliphatic acyclic compounds	Alpha hydroxy acids and derivatives;Beta hydroxy acids and derivatives;Carbonyl compounds;Carboxylic acids;Hydrocarbon derivatives;Hydroxy fatty acids;Medium-chain fatty acids;Monocarboxylic acids and derivatives;Monosaccharides;Organic oxides;Primary alcohols;Secondary alcohols	Alcohol;Fatty acyl;Aliphatic acyclic compound;Carbonyl group;Carboxylic acid;Alpha-hydroxy acid;Monosaccharide;Fatty acid;Carboxylic acid derivative;Medium-chain hydroxy acid;Beta-hydroxy acid;Saccharide;Organic oxide;Monocarboxylic acid or derivatives;Organic oxygen compound;Secondary alcohol;Hydrocarbon derivative;Medium-chain fatty acid;Hydroxy fatty acid;Primary alcohol;Organooxygen compound
None	NCCC[C@@H](N)C(O)=O	Organic compounds	Organic acids and derivatives	Carboxylic acids and derivatives	Amino acids, peptides, and analogues	Alpha amino acids	Aliphatic acyclic compounds	Carbonyl compounds;Carboxylic acids;Fatty acids and conjugates;Hydrocarbon derivatives;Monoalkylamines;Monocarboxylic acids and derivatives;Organic oxides;Organonitrogen compounds;Organopnictogen compounds	Aliphatic acyclic compound;Carbonyl group;Carboxylic acid;Fatty acid;Organic oxide;Monocarboxylic acid or derivatives;Organic oxygen compound;Organonitrogen compound;Alpha-amino acid;Organopnictogen compound;Hydrocarbon derivative;Primary aliphatic amine;Organic nitrogen compound;Organooxygen compound
None	NCCS(O)=O	Organic compounds	Organic acids and derivatives	Sulfinic acids and derivatives	Sulfinic acids	Sulfinic acids	Aliphatic acyclic compounds	Alkanesulfinic acids and derivatives;Hydrocarbon derivatives;Monoalkylamines;Organic oxides;Organonitrogen compounds;Organopnictogen compounds;Organosulfur compounds	Aliphatic acyclic compound;Organosulfur compound;Sulfinic acid;Alkanesulfinic acid or derivatives;Organic oxide;Organic oxygen compound;Organonitrogen compound;Organopnictogen compound;Hydrocarbon derivative;Primary aliphatic amine;Organic nitrogen compound
None	CC(C)(CO)[C@@H](O)C(O)=O	Organic compounds	Lipids and lipid-like molecules	Fatty Acyls	Fatty acids and conjugates	Hydroxy fatty acids	Aliphatic acyclic compounds	Alpha hydroxy acids and derivatives;Carbonyl compounds;Carboxylic acids;Hydrocarbon derivatives;Methyl-branched fatty acids;Monocarboxylic acids and derivatives;Monosaccharides;Organic oxides;Secondary alcohols;Short-chain hydroxy acids and derivatives	Alcohol;Aliphatic acyclic compound;Carbonyl group;Carboxylic acid;Methyl-branched fatty acid;Short-chain hydroxy acid;Alpha-hydroxy acid;Monosaccharide;Hydroxy acid;Carboxylic acid derivative;Branched fatty acid;Saccharide;Organic oxide;Monocarboxylic acid or derivatives;Organic oxygen compound;Secondary alcohol;Hydrocarbon derivative;Hydroxy fatty acid;Organooxygen compound
None	OC[C@H]1O[C@H](C[C@@H]1O)N1C=CC(=O)NC1=O	Organic compounds	Nucleosides, nucleotides, and analogues	Pyrimidine nucleosides	Pyrimidine nucleosides	Pyrimidine nucleosides	Aromatic heteromonocyclic compounds	Azacyclic compounds;Heteroaromatic compounds;Hydrocarbon derivatives;Lactams;Monosaccharides;Organic carbonic acids and derivatives;Organic oxides;Organonitrogen compounds;Organopnictogen compounds;Oxacyclic compounds;Primary alcohols;Pyrimidones;Secondary alcohols;Tetrahydrofurans;Vinylogous amides	Lactam;Aromatic heteromonocyclic compound;Monosaccharide;Pyrimidone;Pyrimidine;Saccharide;Organic oxide;Organonitrogen compound;Organopnictogen compound;Pyrimidine nucleoside;Primary alcohol;Organoheterocyclic compound;Alcohol;Vinylogous amide;Carbonic acid derivative;Azacycle;Tetrahydrofuran;Heteroaromatic compound;Oxacycle;Organic oxygen compound;Secondary alcohol;Hydrocarbon derivative;Organic nitrogen compound;Organooxygen compound
None	CC(C)(COP(O)(=O)OP(O)(=O)OC[C@H]1O[C@H]([C@H](O)[C@@H]1OP(O)(O)=O)N1C=NC2=C1N=CN=C2N)[C@@H](O)C(=O)NCCC(=O)NCCSC(=O)CCCC(O)=O	Organic compounds	Lipids and lipid-like molecules	Fatty Acyls	Fatty acyl thioesters	Acyl CoAs	Aromatic heteropolycyclic compounds	Amino acids;Azacyclic compounds;Beta amino acids and derivatives;Carbonyl compounds;Carbothioic S-esters;Carboxylic acids;Coenzyme A and derivatives;Heteroaromatic compounds;Hydrocarbon derivatives;Imidazoles;Imidolactams;Monoalkyl phosphates;Monocarboxylic acids and derivatives;Monosaccharides;N-acyl amines;N-substituted imidazoles;Organic oxides;Organic pyrophosphates;Organopnictogen compounds;Oxacyclic compounds;Pentose phosphates;Primary amines;Purine ribonucleoside diphosphates;Purines and purine derivatives;Pyrimidines and pyrimidine derivatives;Ribonucleoside 3'-phosphates;Secondary alcohols;Secondary carboxylic acid amides;Sulfenyl compounds;Tetrahydrofurans;Thioesters;Thiolactones	Carboxylic acid;Amino acid or derivatives;Monosaccharide;Pentose-5-phosphate;Imidazopyrimidine;Carbothioic s-ester;Saccharide;Purine ribonucleoside diphosphate;Organonitrogen compound;Organoheterocyclic compound;Alcohol;Sulfenyl compound;Azacycle;Thiocarboxylic acid ester;Heteroaromatic compound;Organic pyrophosphate;Secondary carboxylic acid amide;Monoalkyl phosphate;Hydrocarbon derivative;Primary amine;Amine;Coenzyme a or derivatives;Carbonyl group;Pentose phosphate;Amino acid;Fatty amide;Organosulfur compound;Carboxylic acid derivative;Pyrimidine;Organic oxide;Aromatic heteropolycyclic compound;Imidazole;Organopnictogen compound;Imidolactam;Thiolactone;Azole;N-substituted imidazole;Purine ribonucleoside 3',5'-bisphosphate;Ribonucleoside 3'-phosphate;Thiocarboxylic acid or derivatives;Tetrahydrofuran;Carboxamide group;N-acyl-amine;Beta amino acid or derivatives;Oxacycle;Monocarboxylic acid or derivatives;Organic oxygen compound;Phosphoric acid ester;Secondary alcohol;Purine;Organic nitrogen compound;Organic phosphoric acid derivative;Alkyl phosphate;Organooxygen compound
None	OC1=CC=C(O)C=C1	Organic compounds	Benzenoids	Phenols	Benzenediols	Hydroquinones	Aromatic homomonocyclic compounds	1-hydroxy-2-unsubstituted benzenoids;Benzene and substituted derivatives;Hydrocarbon derivatives;Organooxygen compounds	Hydroquinone;Aromatic homomonocyclic compound;Monocyclic benzene moiety;Organic oxygen compound;1-hydroxy-2-unsubstituted benzenoid;Hydrocarbon derivative;Organooxygen compound
None	CC(C)(COP(O)(=O)OP(O)(=O)OC[C@H]1O[C@H]([C@H](O)[C@@H]1OP(O)(O)=O)N1C=NC2=C(N)N=CN=C12)C(O)C(=O)NCCC(=O)NCCSC(=O)CC(=C)C(O)=O	Organic compounds	Lipids and lipid-like molecules	Fatty Acyls	Fatty acyl thioesters	Acyl CoAs	Aromatic heteropolycyclic compounds	Amino acids;Azacyclic compounds;Beta amino acids and derivatives;Carbonyl compounds;Carbothioic S-esters;Carboxylic acids;Coenzyme A and derivatives;Heteroaromatic compounds;Hydrocarbon derivatives;Hydroxy fatty acids;Imidazoles;Imidolactams;Monoalkyl phosphates;Monocarboxylic acids and derivatives;Monosaccharides;N-acyl amines;N-substituted imidazoles;Organic oxides;Organic pyrophosphates;Organopnictogen compounds;Oxacyclic compounds;Pentose phosphates;Primary amines;Purine ribonucleoside diphosphates;Purines and purine derivatives;Pyrimidines and pyrimidine derivatives;Ribonucleoside 3'-phosphates;Secondary alcohols;Secondary carboxylic acid amides;Sulfenyl compounds;Tetrahydrofurans;Thia fatty acids;Thioesters;Thiolactones	Carboxylic acid;Amino acid or derivatives;Monosaccharide;Pentose-5-phosphate;Imidazopyrimidine;Carbothioic s-ester;Saccharide;Purine ribonucleoside diphosphate;Organonitrogen compound;Hydroxy fatty acid;Organoheterocyclic compound;Alcohol;Sulfenyl compound;Azacycle;Thiocarboxylic acid ester;Heteroaromatic compound;Organic pyrophosphate;Secondary carboxylic acid amide;Monoalkyl phosphate;Hydrocarbon derivative;Primary amine;Amine;Coenzyme a or derivatives;Carbonyl group;Pentose phosphate;Amino acid;Fatty amide;Organosulfur compound;Carboxylic acid derivative;Pyrimidine;Organic oxide;Aromatic heteropolycyclic compound;Imidazole;Organopnictogen compound;Imidolactam;Thiolactone;Azole;N-substituted imidazole;Purine ribonucleoside 3',5'-bisphosphate;Ribonucleoside 3'-phosphate;Thiocarboxylic acid or derivatives;Tetrahydrofuran;Carboxamide group;N-acyl-amine;Beta amino acid or derivatives;Oxacycle;Monocarboxylic acid or derivatives;Thia fatty acid;Organic oxygen compound;Phosphoric acid ester;Secondary alcohol;Purine;Organic nitrogen compound;Organic phosphoric acid derivative;Alkyl phosphate;Organooxygen compound
None	[N]=O	Organic compounds	Organic nitrogen compounds		Organic nitrogen compounds	Organic nitrogen compounds	Acyclic compounds	Organic oxides	Organic oxide;Organic oxygen compound;Acyclic compound;Organic nitrogen compound
None	CC1=C(O)C(CN)=C(CO)C=N1	Organic compounds	Organoheterocyclic compounds	Pyridines and derivatives	Pyridoxamines	Pyridoxamine 5'-phosphates	Aromatic heteromonocyclic compounds	2-halopyridines;Aromatic alcohols;Azacyclic compounds;Heteroaromatic compounds;Hydrocarbon derivatives;Hydroxypyridines;Monoalkylamines;Organonitrogen compounds;Organopnictogen compounds;Polyhalopyridines	Aromatic alcohol;Alcohol;Aromatic heteromonocyclic compound;Azacycle;Polyhalopyridine;Heteroaromatic compound;Hydroxypyridine;Pyridoxamine 5'-phosphate;Organic oxygen compound;Organonitrogen compound;Organopnictogen compound;Hydrocarbon derivative;Primary aliphatic amine;2-halopyridine;Organic nitrogen compound;Organooxygen compound
None	OP(O)(=O)OP(O)(=O)OP(O)(O)=O	Organic compounds	Organic acids and derivatives	Organic phosphoric acids and derivatives	Organic phosphoric acids and derivatives	Organic phosphoric acids and derivatives	Acyclic compounds	Organic oxides	Organic oxide;Organic oxygen compound;Acyclic compound;Organic phosphoric acid derivative
None	N[C@@H](CCSCC(N)C(O)=O)C(O)=O	Organic compounds	Organic acids and derivatives	Carboxylic acids and derivatives	Amino acids, peptides, and analogues	Cysteine and derivatives	Aliphatic acyclic compounds	Alpha amino acids;Carbonyl compounds;Carboxylic acids;Dialkylthioethers;Dicarboxylic acids and derivatives;Hydrocarbon derivatives;Monoalkylamines;Organic oxides;Organonitrogen compounds;Organopnictogen compounds;Sulfenyl compounds;Thia fatty acids	Fatty acyl;Aliphatic acyclic compound;Carbonyl group;Carboxylic acid;Sulfenyl compound;Dialkylthioether;Fatty acid;Organosulfur compound;Organic oxide;Thia fatty acid;Organic oxygen compound;Thioether;Cysteine or derivatives;Organonitrogen compound;Alpha-amino acid;Dicarboxylic acid or derivatives;Organopnictogen compound;Hydrocarbon derivative;Primary aliphatic amine;Organic nitrogen compound;Organooxygen compound
None	CC(=O)C=O	Organic compounds	Organic oxygen compounds	Organooxygen compounds	Carbonyl compounds	Alpha ketoaldehydes	Aliphatic acyclic compounds	Hydrocarbon derivatives;Ketones;Organic oxides;Short-chain aldehydes	Ketone;Aliphatic acyclic compound;Organic oxide;Short-chain aldehyde;Hydrocarbon derivative;Alpha-ketoaldehyde
None	NCCCC=O	Organic compounds	Organic oxygen compounds	Organooxygen compounds	Carbonyl compounds	Alpha-hydrogen aldehydes	Aliphatic acyclic compounds	Hydrocarbon derivatives;Monoalkylamines;Organic oxides;Organonitrogen compounds;Organopnictogen compounds	Aliphatic acyclic compound;Organic oxide;Alpha-hydrogen aldehyde;Organonitrogen compound;Organopnictogen compound;Hydrocarbon derivative;Primary aliphatic amine;Organic nitrogen compound
None	OCC(=O)C(O)C(O)C(O)C(O)=O	Organic compounds	Organic acids and derivatives	Hydroxy acids and derivatives	Medium-chain hydroxy acids and derivatives	Medium-chain hydroxy acids and derivatives	Aliphatic acyclic compounds	Acyloins;Alpha hydroxy acids and derivatives;Alpha-hydroxy ketones;Beta hydroxy acids and derivatives;Beta-hydroxy ketones;Carboxylic acids;Hydrocarbon derivatives;Hydroxy fatty acids;Medium-chain fatty acids;Monocarboxylic acids and derivatives;Monosaccharides;Organic oxides;Secondary alcohols	Fatty acyl;Beta-hydroxy ketone;Aliphatic acyclic compound;Carbonyl group;Carboxylic acid;Alpha-hydroxy acid;Monosaccharide;Fatty acid;Alpha-hydroxy ketone;Carboxylic acid derivative;Medium-chain hydroxy acid;Ketone;Beta-hydroxy acid;Saccharide;Organic oxide;Medium-chain fatty acid;Hydroxy fatty acid;Alcohol;Monocarboxylic acid or derivatives;Organic oxygen compound;Acyloin;Secondary alcohol;Hydrocarbon derivative;Organooxygen compound
None	NC1=C2N=CN([C@H]3C[C@H](O)[C@@H](CO)O3)C2=NC=N1	Organic compounds	Nucleosides, nucleotides, and analogues	Purine nucleosides	Purine 2'-deoxyribonucleosides	Purine 2'-deoxyribonucleosides	Aromatic heteropolycyclic compounds	Azacyclic compounds;Heteroaromatic compounds;Hydrocarbon derivatives;Imidazoles;Imidolactams;Monosaccharides;N-substituted imidazoles;Organopnictogen compounds;Oxacyclic compounds;Primary alcohols;Primary amines;Purines and purine derivatives;Pyrimidines and pyrimidine derivatives;Secondary alcohols;Tetrahydrofurans	Monosaccharide;Imidazopyrimidine;Pyrimidine;Saccharide;Aromatic heteropolycyclic compound;Imidazole;Organonitrogen compound;Organopnictogen compound;Primary alcohol;Imidolactam;Purine 2'-deoxyribonucleoside;Organoheterocyclic compound;Azole;N-substituted imidazole;Alcohol;Azacycle;Tetrahydrofuran;Heteroaromatic compound;Oxacycle;Organic oxygen compound;Secondary alcohol;Hydrocarbon derivative;Primary amine;Purine;Organic nitrogen compound;Amine;Organooxygen compound
None	O[C@@H](C#N)C1=CC=CC=C1	Organic compounds	Benzenoids	Benzene and substituted derivatives	Benzene and substituted derivatives	Benzene and substituted derivatives	Aromatic homomonocyclic compounds	Alpha-hydroxynitriles;Aromatic alcohols;Cyanohydrins;Hydrocarbon derivatives;Organonitrogen compounds;Organopnictogen compounds;Secondary alcohols	Aromatic alcohol;Alcohol;Monocyclic benzene moiety;Nitrile;Cyanohydrin;Aromatic homomonocyclic compound;Organic oxygen compound;Alpha-hydroxynitrile;Organonitrogen compound;Secondary alcohol;Organopnictogen compound;Hydrocarbon derivative;Organic nitrogen compound;Carbonitrile;Organooxygen compound
None	CN(C)C	Organic compounds	Organic nitrogen compounds	Organonitrogen compounds	Amines	Trialkylamines	Aliphatic acyclic compounds	Hydrocarbon derivatives;Organopnictogen compounds	Aliphatic acyclic compound;Tertiary aliphatic amine;Organopnictogen compound;Hydrocarbon derivative
None	NC1=CC=C(C=C1)C(O)=O	Organic compounds	Benzenoids	Benzene and substituted derivatives	Benzoic acids and derivatives	Benzoic acids	Aromatic homomonocyclic compounds	Amino acids;Benzoyl derivatives;Carboxylic acids;Hydrocarbon derivatives;Monocarboxylic acids and derivatives;Organic oxides;Organooxygen compounds;Organopnictogen compounds;Primary amines	Carboxylic acid;Amino acid or derivatives;Amino acid;Benzoyl;Carboxylic acid derivative;Aromatic homomonocyclic compound;Organic oxide;Monocarboxylic acid or derivatives;Organic oxygen compound;Organonitrogen compound;Organopnictogen compound;Hydrocarbon derivative;Primary amine;Organic nitrogen compound;Benzoic acid;Amine;Organooxygen compound
None	[H][C@@]12COP(O)(=O)O[C@@]1([H])[C@@H](O)[C@@H](O2)N1C=NC2=C1N=CN=C2N	Organic compounds	Nucleosides, nucleotides, and analogues	Purine nucleotides	Cyclic purine nucleotides	3',5'-cyclic purine nucleotides	Aromatic heteropolycyclic compounds	Azacyclic compounds;Heteroaromatic compounds;Hydrocarbon derivatives;Imidazoles;Imidolactams;Monosaccharides;N-substituted imidazoles;Organic oxides;Organic phosphoric acids and derivatives;Organopnictogen compounds;Oxacyclic compounds;Pentose phosphates;Primary amines;Purines and purine derivatives;Pyrimidines and pyrimidine derivatives;Secondary alcohols;Tetrahydrofurans	Pentose phosphate;Monosaccharide;Imidazopyrimidine;Pyrimidine;Saccharide;Organic oxide;Aromatic heteropolycyclic compound;Imidazole;Organonitrogen compound;Organopnictogen compound;Imidolactam;Organoheterocyclic compound;Azole;N-substituted imidazole;Alcohol;Azacycle;Tetrahydrofuran;Heteroaromatic compound;3',5'-cyclic purine ribonucleotide;Oxacycle;Organic oxygen compound;Secondary alcohol;Hydrocarbon derivative;Purine;Primary amine;Organic nitrogen compound;Organic phosphoric acid derivative;Amine;Organooxygen compound
None	C[N+](C)(C)CC=O	Organic compounds	Organic nitrogen compounds	Organonitrogen compounds	Quaternary ammonium salts	Tetraalkylammonium salts	Aliphatic acyclic compounds	Aldehydes;Amines;Hydrocarbon derivatives;Organic cations;Organic oxides;Organic salts;Organopnictogen compounds	Aliphatic acyclic compound;Carbonyl group;Tetraalkylammonium salt;Aldehyde;Organic oxide;Organic oxygen compound;Organopnictogen compound;Hydrocarbon derivative;Organic cation;Organic salt;Amine;Organooxygen compound
None	OC(=N)CCCCC(S)CCS	Organic compounds	Organic acids and derivatives	Carboximidic acids and derivatives	Carboximidic acids	Carboximidic acids	Aliphatic acyclic compounds	Alkylthiols;Hydrocarbon derivatives;Organonitrogen compounds;Organooxygen compounds;Organopnictogen compounds;Organosulfur compounds	Aliphatic acyclic compound;Carboximidic acid;Organic oxygen compound;Organonitrogen compound;Organopnictogen compound;Hydrocarbon derivative;Organic nitrogen compound;Organosulfur compound;Alkylthiol;Organooxygen compound
None	CSC	Organic compounds	Organosulfur compounds	Sulfenyl compounds	Sulfenyl compounds	Sulfenyl compounds	Aliphatic acyclic compounds	Dialkylthioethers;Hydrocarbon derivatives	Aliphatic acyclic compound;Sulfenyl compound;Thioether;Dialkylthioether;Hydrocarbon derivative
None	CC(C)(COP(O)(=O)OP(O)(=O)OC[C@H]1O[C@H]([C@H](O)[C@@H]1OP(O)(O)=O)N1C=NC2=C(N)N=CN=C12)[C@@H](O)C(=O)NCCC(=O)NCCSC(=O)CC1=CC=CC=C1	Organic compounds	Lipids and lipid-like molecules	Fatty Acyls	Fatty acyl thioesters	Acyl CoAs	Aromatic heteropolycyclic compounds	Azacyclic compounds;Benzene and substituted derivatives;Beta amino acids and derivatives;Carbonyl compounds;Carbothioic S-esters;Carboxylic acids and derivatives;Coenzyme A and derivatives;Heteroaromatic compounds;Hydrocarbon derivatives;Imidazoles;Imidolactams;Monoalkyl phosphates;Monosaccharides;N-acyl amines;N-substituted imidazoles;Organic oxides;Organic pyrophosphates;Organopnictogen compounds;Oxacyclic compounds;Pentose phosphates;Primary amines;Purine ribonucleoside diphosphates;Purines and purine derivatives;Pyrimidines and pyrimidine derivatives;Ribonucleoside 3'-phosphates;Secondary alcohols;Secondary carboxylic acid amides;Sulfenyl compounds;Tetrahydrofurans;Thioesters;Thiolactones	Monocyclic benzene moiety;Amino acid or derivatives;Monosaccharide;Pentose-5-phosphate;Imidazopyrimidine;Carbothioic s-ester;Saccharide;Purine ribonucleoside diphosphate;Organonitrogen compound;Organoheterocyclic compound;Alcohol;Sulfenyl compound;Azacycle;Thiocarboxylic acid ester;Heteroaromatic compound;Organic pyrophosphate;Secondary carboxylic acid amide;Monoalkyl phosphate;Hydrocarbon derivative;Primary amine;Amine;Coenzyme a or derivatives;Carbonyl group;Pentose phosphate;Fatty amide;Organosulfur compound;Carboxylic acid derivative;Pyrimidine;Organic oxide;Aromatic heteropolycyclic compound;Imidazole;Organopnictogen compound;Imidolactam;Thiolactone;Azole;N-substituted imidazole;Purine ribonucleoside 3',5'-bisphosphate;Ribonucleoside 3'-phosphate;Thiocarboxylic acid or derivatives;Tetrahydrofuran;Carboxamide group;N-acyl-amine;Beta amino acid or derivatives;Oxacycle;Organic oxygen compound;Phosphoric acid ester;Secondary alcohol;Purine;Benzenoid;Organic nitrogen compound;Organic phosphoric acid derivative;Alkyl phosphate;Organooxygen compound
None	C[C@@H](O)CO	Organic compounds	Organic oxygen compounds	Organooxygen compounds	Alcohols and polyols	1,2-diols	Aliphatic acyclic compounds	Hydrocarbon derivatives;Primary alcohols;Secondary alcohols	Aliphatic acyclic compound;Secondary alcohol;Hydrocarbon derivative;Primary alcohol;1,2-diol
None	COC1=C(O)C=CC(\C=C\CO)=C1	Organic compounds	Benzenoids	Phenols	Methoxyphenols	Methoxyphenols	Aromatic homomonocyclic compounds	1-hydroxy-2-unsubstituted benzenoids;Alkyl aryl ethers;Anisoles;Cinnamyl alcohols;Hydrocarbon derivatives;Methoxybenzenes;Phenoxy compounds;Primary alcohols	Alcohol;Phenol ether;Monocyclic benzene moiety;Ether;1-hydroxy-2-unsubstituted benzenoid;Methoxyphenol;Cinnamyl alcohol;Alkyl aryl ether;Methoxybenzene;Aromatic homomonocyclic compound;Organic oxygen compound;Anisole;Hydrocarbon derivative;Phenoxy compound;Primary alcohol;Organooxygen compound
None	O=CCC1=CC=CC=C1	Organic compounds	Benzenoids	Benzene and substituted derivatives	Phenylacetaldehydes	Phenylacetaldehydes	Aromatic homomonocyclic compounds	Alpha-hydrogen aldehydes;Hydrocarbon derivatives;Organic oxides	Aromatic homomonocyclic compound;Carbonyl group;Organic oxide;Organic oxygen compound;Alpha-hydrogen aldehyde;Aldehyde;Hydrocarbon derivative;Organooxygen compound;Phenylacetaldehyde
None	NC(=O)N[C@@H](O)C(O)=O	Organic compounds	Organic acids and derivatives	Carboxylic acids and derivatives	Amino acids, peptides, and analogues	N-carbamoyl-alpha amino acids	Aliphatic acyclic compounds	Alkanolamines;Alpha amino acids;Alpha hydroxy acids and derivatives;Carbonyl compounds;Carboxylic acids;Hydrocarbon derivatives;Monocarboxylic acids and derivatives;Organic carbonic acids and derivatives;Organic oxides;Organonitrogen compounds;Organopnictogen compounds	Aliphatic acyclic compound;Carbonyl group;Carbonic acid derivative;Carboxylic acid;N-carbamoyl-alpha-amino acid;Alpha-hydroxy acid;Hydroxy acid;Organic oxide;Monocarboxylic acid or derivatives;Organic oxygen compound;Organonitrogen compound;Alpha-amino acid;Organopnictogen compound;Hydrocarbon derivative;Organic nitrogen compound;Organooxygen compound;Alkanolamine
None	N[C@@H](CS(O)=O)C(O)=O	Organic compounds	Organic acids and derivatives	Carboxylic acids and derivatives	Amino acids, peptides, and analogues	Alpha amino acids	Aliphatic acyclic compounds	Alkanesulfinic acids and derivatives;Carbonyl compounds;Carboxylic acids;Hydrocarbon derivatives;Monoalkylamines;Monocarboxylic acids and derivatives;Organic oxides;Organonitrogen compounds;Organopnictogen compounds;Organosulfur compounds;Sulfinic acids	Aliphatic acyclic compound;Carbonyl group;Carboxylic acid;Sulfinic acid derivative;Organosulfur compound;Sulfinic acid;Alkanesulfinic acid or derivatives;Organic oxide;Monocarboxylic acid or derivatives;Organic oxygen compound;Organonitrogen compound;Alpha-amino acid;Organopnictogen compound;Hydrocarbon derivative;Primary aliphatic amine;Organic nitrogen compound;Organooxygen compound
None	CC(=O)NCCCNCCCCN	Organic compounds	Organic acids and derivatives	Carboxylic acids and derivatives	Carboxylic acid derivatives	Acetamides	Aliphatic acyclic compounds	Amino acids and derivatives;Carbonyl compounds;Carboxylic acids and derivatives;Dialkylamines;Hydrocarbon derivatives;Monoalkylamines;Organic oxides;Organopnictogen compounds;Secondary carboxylic acid amides	Aliphatic acyclic compound;Secondary aliphatic amine;Carbonyl group;Amino acid or derivatives;Secondary amine;Secondary carboxylic acid amide;Organic oxide;Organic oxygen compound;Organonitrogen compound;Organopnictogen compound;Hydrocarbon derivative;Primary aliphatic amine;Organic nitrogen compound;Acetamide;Organooxygen compound;Amine
None	OC[C@H](O)[C@@H](O)C(=O)[C@H](O)C(O)=O	Organic compounds	Organic acids and derivatives	Keto acids and derivatives	Medium-chain keto acids and derivatives	Medium-chain keto acids and derivatives	Aliphatic acyclic compounds	1,3-dicarbonyl compounds;Acyloins;Alpha hydroxy acids and derivatives;Alpha-hydroxy ketones;Beta-hydroxy ketones;Beta-keto acids and derivatives;Carboxylic acids;Fatty Acyls;Hydrocarbon derivatives;Hydroxy fatty acids;Monocarboxylic acids and derivatives;Monosaccharides;Organic oxides;Primary alcohols;Secondary alcohols	Fatty acyl;Beta-hydroxy ketone;Aliphatic acyclic compound;Carbonyl group;Carboxylic acid;Alpha-hydroxy acid;Monosaccharide;Alpha-hydroxy ketone;Carboxylic acid derivative;Beta-keto acid;Ketone;Saccharide;Organic oxide;Hydroxy fatty acid;Primary alcohol;Alcohol;Hydroxy acid;Monocarboxylic acid or derivatives;Organic oxygen compound;Acyloin;Secondary alcohol;Hydrocarbon derivative;1,3-dicarbonyl compound;Organooxygen compound;Medium-chain keto acid
None	OC[C@H]1O[C@H](OP(O)(O)=O)[C@H](O)[C@@H]1O	Organic compounds	Organic acids and derivatives	Organic phosphoric acids and derivatives	Phosphate esters	Monoalkyl phosphates	Aliphatic heteromonocyclic compounds	Hydrocarbon derivatives;Monosaccharides;Organic oxides;Oxacyclic compounds;Primary alcohols;Secondary alcohols;Tetrahydrofurans	Alcohol;Tetrahydrofuran;Monosaccharide;Oxacycle;Saccharide;Organic oxide;Organic oxygen compound;Monoalkyl phosphate;Aliphatic heteromonocyclic compound;Secondary alcohol;Hydrocarbon derivative;Primary alcohol;Organoheterocyclic compound;Organooxygen compound
None	CC(=O)N[C@@H](CCC(O)=O)C(O)=O	Organic compounds	Organic acids and derivatives	Carboxylic acids and derivatives	Amino acids, peptides, and analogues	Glutamic acid and derivatives	Aliphatic acyclic compounds	Acetamides;Alpha amino acids;Carbonyl compounds;Carboxylic acids;Dicarboxylic acids and derivatives;Fatty acids and conjugates;Hydrocarbon derivatives;N-acyl-alpha amino acids;Organic oxides;Organonitrogen compounds;Organopnictogen compounds;Secondary carboxylic acid amides	Aliphatic acyclic compound;Carbonyl group;Carboxylic acid;N-acyl-alpha-amino acid;Fatty acid;Glutamic acid or derivatives;Carboxamide group;Secondary carboxylic acid amide;Organic oxide;Organic oxygen compound;Organonitrogen compound;Alpha-amino acid;Dicarboxylic acid or derivatives;Organopnictogen compound;Hydrocarbon derivative;Organic nitrogen compound;Acetamide;Organooxygen compound;N-acyl-alpha amino acid or derivatives
None	CC1=NC=C(COP(O)(O)=O)C(CO)=C1O	Organic compounds	Organoheterocyclic compounds	Pyridines and derivatives	Pyridoxines	Pyridoxine-5'-phosphates	Aromatic heteromonocyclic compounds	2-halopyridines;Aromatic alcohols;Azacyclic compounds;Heteroaromatic compounds;Hydrocarbon derivatives;Hydroxypyridines;Monoalkyl phosphates;Organic oxides;Organonitrogen compounds;Organopnictogen compounds;Polyhalopyridines	Aromatic alcohol;Alcohol;Aromatic heteromonocyclic compound;Azacycle;Pyridoxine-5'-phosphate;Polyhalopyridine;Heteroaromatic compound;Hydroxypyridine;Organic oxide;Organic oxygen compound;Phosphoric acid ester;Monoalkyl phosphate;Organonitrogen compound;Organopnictogen compound;Hydrocarbon derivative;2-halopyridine;Organic nitrogen compound;Organic phosphoric acid derivative;Alkyl phosphate;Organooxygen compound
None	CC(C)C(=O)SCCNC(=O)CCNC(=O)[C@H](O)C(C)(C)COP(O)(=O)OP(O)(=O)OC[C@H]1O[C@H]([C@H](O)[C@@H]1OP(O)(O)=O)N1C=NC2=C1N=CN=C2N	Organic compounds	Lipids and lipid-like molecules	Fatty Acyls	Fatty acyl thioesters	Acyl CoAs	Aromatic heteropolycyclic compounds	Azacyclic compounds;Beta amino acids and derivatives;Carbonyl compounds;Carbothioic S-esters;Carboxylic acids and derivatives;Coenzyme A and derivatives;Heteroaromatic compounds;Hydrocarbon derivatives;Imidazoles;Imidolactams;Monoalkyl phosphates;Monosaccharides;N-acyl amines;N-substituted imidazoles;Organic oxides;Organic pyrophosphates;Organopnictogen compounds;Oxacyclic compounds;Pentose phosphates;Primary amines;Purine ribonucleoside diphosphates;Purines and purine derivatives;Pyrimidines and pyrimidine derivatives;Ribonucleoside 3'-phosphates;Secondary alcohols;Secondary carboxylic acid amides;Sulfenyl compounds;Tetrahydrofurans;Thioesters;Thiolactones	Amino acid or derivatives;Monosaccharide;Pentose-5-phosphate;Imidazopyrimidine;Carbothioic s-ester;Saccharide;Purine ribonucleoside diphosphate;Organonitrogen compound;Organoheterocyclic compound;Alcohol;Sulfenyl compound;Azacycle;Thiocarboxylic acid ester;Heteroaromatic compound;Organic pyrophosphate;Secondary carboxylic acid amide;Monoalkyl phosphate;Hydrocarbon derivative;Primary amine;Amine;Coenzyme a or derivatives;Carbonyl group;Pentose phosphate;Fatty amide;Organosulfur compound;Carboxylic acid derivative;Pyrimidine;Organic oxide;Aromatic heteropolycyclic compound;Imidazole;Organopnictogen compound;Imidolactam;Thiolactone;Azole;N-substituted imidazole;Purine ribonucleoside 3',5'-bisphosphate;Ribonucleoside 3'-phosphate;Thiocarboxylic acid or derivatives;Tetrahydrofuran;Carboxamide group;N-acyl-amine;Beta amino acid or derivatives;Oxacycle;Organic oxygen compound;Phosphoric acid ester;Secondary alcohol;Purine;Organic nitrogen compound;Organic phosphoric acid derivative;Alkyl phosphate;Organooxygen compound
None	OC[C@@H](OP(O)(O)=O)C(O)=O	Organic compounds	Organic oxygen compounds	Organooxygen compounds	Carbohydrates and carbohydrate conjugates	Sugar acids and derivatives	Aliphatic acyclic compounds	Beta hydroxy acids and derivatives;Carbonyl compounds;Carboxylic acids;Hydrocarbon derivatives;Monoalkyl phosphates;Monocarboxylic acids and derivatives;Organic oxides;Primary alcohols	Alcohol;Aliphatic acyclic compound;Carbonyl group;Carboxylic acid;Hydroxy acid;Carboxylic acid derivative;Beta-hydroxy acid;Organic oxide;Monocarboxylic acid or derivatives;Phosphoric acid ester;Glyceric_acid;Monoalkyl phosphate;Hydrocarbon derivative;Primary alcohol;Organic phosphoric acid derivative;Alkyl phosphate
None	NC1=C(O)C=CC=C1C(O)=O	Organic compounds	Benzenoids	Benzene and substituted derivatives	Benzoic acids and derivatives	Hydroxybenzoic acid derivatives	Aromatic homomonocyclic compounds	1-carboxy-2-haloaromatic compounds;1-hydroxy-2-unsubstituted benzenoids;1-hydroxy-4-unsubstituted benzenoids;Amino acids;Benzoic acids;Benzoyl derivatives;Hydrocarbon derivatives;Monocarboxylic acids and derivatives;Organic oxides;Organooxygen compounds;Organopnictogen compounds;Primary amines;Vinylogous amides	Carboxylic acid;Amino acid or derivatives;Amino acid;Benzoyl;1-hydroxy-2-unsubstituted benzenoid;Carboxylic acid derivative;Organic oxide;Organonitrogen compound;Organopnictogen compound;1-carboxy-2-haloaromatic compound;Benzoic acid;Vinylogous amide;1-hydroxy-4-unsubstituted benzenoid;Hydroxybenzoic acid;Aromatic homomonocyclic compound;Monocarboxylic acid or derivatives;Organic oxygen compound;Phenol;Hydrocarbon derivative;Primary amine;Organic nitrogen compound;Amine;Organooxygen compound
None	OC[C@H]1O[C@H](OP(O)(O)=O)[C@@H](O)[C@@H](O)[C@@H]1O	Organic compounds	Organic acids and derivatives	Organic phosphoric acids and derivatives	Phosphate esters	Monoalkyl phosphates	Aliphatic heteromonocyclic compounds	Hydrocarbon derivatives;Monosaccharides;Organic oxides;Oxacyclic compounds;Oxanes;Primary alcohols;Secondary alcohols	Alcohol;Monosaccharide;Oxacycle;Saccharide;Organic oxide;Organic oxygen compound;Monoalkyl phosphate;Aliphatic heteromonocyclic compound;Secondary alcohol;Hydrocarbon derivative;Oxane;Primary alcohol;Organoheterocyclic compound;Organooxygen compound
None	OC(=O)CC1=CC=C(O)C=C1	Organic compounds	Benzenoids	Phenols	1-hydroxy-2-unsubstituted benzenoids	1-hydroxy-2-unsubstituted benzenoids	Aromatic homomonocyclic compounds	Benzene and substituted derivatives;Carbonyl compounds;Carboxylic acids;Hydrocarbon derivatives;Monocarboxylic acids and derivatives;Organic oxides	Monocyclic benzene moiety;Carbonyl group;Carboxylic acid;1-hydroxy-2-unsubstituted benzenoid;Carboxylic acid derivative;Aromatic homomonocyclic compound;Organic oxide;Monocarboxylic acid or derivatives;Organic oxygen compound;Hydrocarbon derivative;Organooxygen compound
None	OC[C@@H](O)[C@@H](O)[C@H](O)[C@H](O)COP(O)(O)=O	Organic compounds	Organic acids and derivatives	Organic phosphoric acids and derivatives	Phosphate esters	Monoalkyl phosphates	Aliphatic acyclic compounds	Hydrocarbon derivatives;Monosaccharides;Organic oxides;Primary alcohols;Secondary alcohols	Alcohol;Aliphatic acyclic compound;Monosaccharide;Saccharide;Organic oxide;Organic oxygen compound;Monoalkyl phosphate;Secondary alcohol;Hydrocarbon derivative;Primary alcohol;Organooxygen compound
None	CC(=O)N[C@@H]1[C@H](O)O[C@H](CO)[C@@H](O)[C@@H]1O	Organic compounds	Organic oxygen compounds	Organooxygen compounds	Carbohydrates and carbohydrate conjugates	Acylaminosugars	Aliphatic heteromonocyclic compounds	Acetamides;Carbonyl compounds;Carboxylic acids and derivatives;Hemiacetals;Hydrocarbon derivatives;Monosaccharides;N-acyl-alpha-hexosamines;Organic oxides;Organonitrogen compounds;Organopnictogen compounds;Oxacyclic compounds;Oxanes;Primary alcohols;Secondary alcohols;Secondary carboxylic acid amides	Carbonyl group;Monosaccharide;Carboxylic acid derivative;N-acyl-alpha-hexosamine;Organic oxide;Aliphatic heteromonocyclic compound;Organonitrogen compound;Organopnictogen compound;Hemiacetal;Oxane;Primary alcohol;Organoheterocyclic compound;Acetamide;Alcohol;Carboxamide group;Acylaminosugar;Oxacycle;Secondary carboxylic acid amide;Secondary alcohol;Hydrocarbon derivative;Organic nitrogen compound
None	CC1=NC=C(COP(O)(O)=O)C(CN)=C1O	Organic compounds	Organoheterocyclic compounds	Pyridines and derivatives	Pyridoxamines	Pyridoxamine 5'-phosphates	Aromatic heteromonocyclic compounds	2-halopyridines;Azacyclic compounds;Heteroaromatic compounds;Hydrocarbon derivatives;Hydroxypyridines;Monoalkyl phosphates;Monoalkylamines;Organic oxides;Organonitrogen compounds;Organooxygen compounds;Organopnictogen compounds;Polyhalopyridines	Aromatic heteromonocyclic compound;Azacycle;Polyhalopyridine;Heteroaromatic compound;Hydroxypyridine;Pyridoxamine 5'-phosphate;Organic oxide;Organic oxygen compound;Phosphoric acid ester;Monoalkyl phosphate;Organonitrogen compound;Organopnictogen compound;Hydrocarbon derivative;Primary aliphatic amine;2-halopyridine;Organic nitrogen compound;Organic phosphoric acid derivative;Alkyl phosphate;Organooxygen compound
None	O[C@@H]1[C@@H](COP(O)(O)=O)O[C@H]([C@@H]1O)N1C=NC2=C1NC(=O)NC2=O	Organic compounds	Nucleosides, nucleotides, and analogues	Purine nucleotides	Purine ribonucleotides	Purine ribonucleoside monophosphates	Aromatic heteropolycyclic compounds	1,2-diols;Azacyclic compounds;Heteroaromatic compounds;Hydrocarbon derivatives;Imidazoles;Lactams;Monoalkyl phosphates;Monosaccharides;N-substituted imidazoles;Organic carbonic acids and derivatives;Organic oxides;Organonitrogen compounds;Organopnictogen compounds;Oxacyclic compounds;Pentose phosphates;Purinones;Pyrimidones;Secondary alcohols;Tetrahydrofurans;Vinylogous amides	Lactam;Pentose phosphate;Purine ribonucleoside monophosphate;Monosaccharide;Pentose-5-phosphate;Pyrimidone;Imidazopyrimidine;Purinone;Pyrimidine;Saccharide;Organic oxide;Aromatic heteropolycyclic compound;Imidazole;Organonitrogen compound;Organopnictogen compound;Organoheterocyclic compound;Azole;1,2-diol;N-substituted imidazole;Alcohol;Vinylogous amide;Carbonic acid derivative;Azacycle;Tetrahydrofuran;Heteroaromatic compound;Oxacycle;Organic oxygen compound;Phosphoric acid ester;Monoalkyl phosphate;Secondary alcohol;Hydrocarbon derivative;Purine;Organic nitrogen compound;Organic phosphoric acid derivative;Alkyl phosphate;Organooxygen compound
None	OCC1OC(OP(O)(O)=O)C(O)C(O)C1O	Organic compounds	Organic acids and derivatives	Organic phosphoric acids and derivatives	Phosphate esters	Monoalkyl phosphates	Aliphatic heteromonocyclic compounds	Hydrocarbon derivatives;Monosaccharides;Organic oxides;Oxacyclic compounds;Oxanes;Primary alcohols;Secondary alcohols	Alcohol;Monosaccharide;Oxacycle;Saccharide;Organic oxide;Organic oxygen compound;Monoalkyl phosphate;Aliphatic heteromonocyclic compound;Secondary alcohol;Hydrocarbon derivative;Oxane;Primary alcohol;Organoheterocyclic compound;Organooxygen compound
None	N[C@@H](CCC[C@H](N)C(O)=O)C(O)=O	Organic compounds	Organic acids and derivatives	Carboxylic acids and derivatives	Amino acids, peptides, and analogues	Alpha amino acids	Aliphatic acyclic compounds	Amino fatty acids;Carbonyl compounds;Carboxylic acids;Dicarboxylic acids and derivatives;Hydrocarbon derivatives;Medium-chain fatty acids;Monoalkylamines;Organic oxides;Organonitrogen compounds;Organopnictogen compounds	Fatty acyl;Aliphatic acyclic compound;Carbonyl group;Carboxylic acid;Fatty acid;Amino fatty acid;Organic oxide;Organic oxygen compound;Organonitrogen compound;Alpha-amino acid;Dicarboxylic acid or derivatives;Organopnictogen compound;Hydrocarbon derivative;Medium-chain fatty acid;Primary aliphatic amine;Organic nitrogen compound;Organooxygen compound
None	N[C@@H](CCC(=O)N[C@@H](CS)C(O)=O)C(O)=O	Organic compounds	Organic acids and derivatives	Carboxylic acids and derivatives	Amino acids, peptides, and analogues	Dipeptides	Aliphatic acyclic compounds	Alkylthiols;Alpha amino acids;Carbonyl compounds;Carboxylic acids;Cysteine and derivatives;Dicarboxylic acids and derivatives;Fatty acids and conjugates;Glutamine and derivatives;Hydrocarbon derivatives;Monoalkylamines;N-acyl amines;N-acyl-alpha amino acids;Organic oxides;Organonitrogen compounds;Organopnictogen compounds;Organosulfur compounds;Secondary carboxylic acid amides	Fatty acyl;Aliphatic acyclic compound;Carbonyl group;Carboxylic acid;Glutamine or derivatives;Fatty amide;Fatty acid;Alpha-amino acid or derivatives;Organosulfur compound;Organic oxide;Organonitrogen compound;Alpha-amino acid;Organopnictogen compound;N-acyl-alpha amino acid or derivatives;N-acyl-alpha-amino acid;Carboxamide group;N-acyl-amine;Alpha-dipeptide;Secondary carboxylic acid amide;Organic oxygen compound;Cysteine or derivatives;Dicarboxylic acid or derivatives;Hydrocarbon derivative;Primary aliphatic amine;Organic nitrogen compound;Alkylthiol;Organooxygen compound
None	C[N+](C)(C)CCOP([O-])(=O)OC[C@H](O)CO	Organic compounds	Lipids and lipid-like molecules	Glycerophospholipids	Glycerophosphocholines	Glycerophosphocholines	Aliphatic acyclic compounds	1,2-diols;Alkyl phosphates;Amines;Hydrocarbon derivatives;Organic oxides;Organic salts;Organopnictogen compounds;Phosphocholines;Primary alcohols;Secondary alcohols;Tetraalkylammonium salts	Alcohol;Aliphatic acyclic compound;Tetraalkylammonium salt;Quaternary ammonium salt;Phosphocholine;Glycero-3-phosphocholine;Organic oxide;Organic oxygen compound;Phosphoric acid ester;Organonitrogen compound;Secondary alcohol;Organopnictogen compound;Hydrocarbon derivative;Organic nitrogen compound;Organic salt;Primary alcohol;Organic phosphoric acid derivative;Amine;Alkyl phosphate;Organooxygen compound;1,2-diol
None	CC[C@H](C)C(=O)C(O)=O	Organic compounds	Organic acids and derivatives	Keto acids and derivatives	Short-chain keto acids and derivatives	Short-chain keto acids and derivatives	Aliphatic acyclic compounds	Alpha-hydroxy ketones;Alpha-keto acids and derivatives;Carboxylic acids;Fatty Acyls;Hydrocarbon derivatives;Methyl-branched fatty acids;Monocarboxylic acids and derivatives;Organic oxides	Fatty acyl;Aliphatic acyclic compound;Carbonyl group;Carboxylic acid;Methyl-branched fatty acid;Short-chain keto acid;Alpha-hydroxy ketone;Carboxylic acid derivative;Branched fatty acid;Ketone;Organic oxide;Monocarboxylic acid or derivatives;Organic oxygen compound;Alpha-keto acid;Hydrocarbon derivative;Organooxygen compound
None	OC[C@H]1OC(C[C@@H]1O)OP(O)(O)=O	Organic compounds	Organic acids and derivatives	Organic phosphoric acids and derivatives	Phosphate esters	Monoalkyl phosphates	Aliphatic heteromonocyclic compounds	Hydrocarbon derivatives;Monosaccharides;Organic oxides;Oxacyclic compounds;Primary alcohols;Secondary alcohols;Tetrahydrofurans	Alcohol;Tetrahydrofuran;Monosaccharide;Oxacycle;Saccharide;Organic oxide;Organic oxygen compound;Monoalkyl phosphate;Aliphatic heteromonocyclic compound;Secondary alcohol;Hydrocarbon derivative;Primary alcohol;Organoheterocyclic compound;Organooxygen compound
None	O[C@H]1C[C@H](O)[C@@H](COP(O)(O)=O)O1	Organic compounds	Organic oxygen compounds	Organooxygen compounds	Carbohydrates and carbohydrate conjugates	Pentose phosphates	Aliphatic heteromonocyclic compounds	Hemiacetals;Hydrocarbon derivatives;Monoalkyl phosphates;Monosaccharides;Organic oxides;Oxacyclic compounds;Secondary alcohols;Tetrahydrofurans	Alcohol;Tetrahydrofuran;Pentose phosphate;Oxacycle;Organic oxide;Phosphoric acid ester;Monoalkyl phosphate;Aliphatic heteromonocyclic compound;Secondary alcohol;Hemiacetal;Hydrocarbon derivative;Organic phosphoric acid derivative;Alkyl phosphate;Organoheterocyclic compound
None	C[C@@H](C(O)=O)C(=O)SCCNC(=O)CCNC(=O)[C@H](O)C(C)(C)COP(O)(=O)OP(O)(=O)OCC1OC([C@H](O)[C@@H]1OP(O)(O)=O)N1C=NC2=C(N)N=CN=C12	Organic compounds	Lipids and lipid-like molecules	Fatty Acyls	Fatty acyl thioesters	Acyl CoAs	Aromatic heteropolycyclic compounds	1,3-dicarbonyl compounds;Amino acids;Azacyclic compounds;Beta amino acids and derivatives;Carbothioic S-esters;Carboxylic acids;Coenzyme A and derivatives;Heteroaromatic compounds;Hydrocarbon derivatives;Imidazoles;Imidolactams;Monoalkyl phosphates;Monocarboxylic acids and derivatives;Monosaccharides;N-acyl amines;N-substituted imidazoles;Organic oxides;Organic pyrophosphates;Organopnictogen compounds;Oxacyclic compounds;Pentose phosphates;Primary amines;Purine ribonucleoside diphosphates;Purines and purine derivatives;Pyrimidines and pyrimidine derivatives;Ribonucleoside 3'-phosphates;Secondary alcohols;Secondary carboxylic acid amides;Sulfenyl compounds;Tetrahydrofurans;Thioesters;Thiolactones	Carboxylic acid;Amino acid or derivatives;Monosaccharide;Pentose-5-phosphate;Imidazopyrimidine;Carbothioic s-ester;Saccharide;Purine ribonucleoside diphosphate;Organonitrogen compound;Organoheterocyclic compound;Alcohol;Sulfenyl compound;Azacycle;Thiocarboxylic acid ester;Heteroaromatic compound;Organic pyrophosphate;Secondary carboxylic acid amide;Monoalkyl phosphate;Hydrocarbon derivative;Primary amine;1,3-dicarbonyl compound;Amine;Coenzyme a or derivatives;Carbonyl group;Pentose phosphate;Amino acid;Fatty amide;Organosulfur compound;Carboxylic acid derivative;Pyrimidine;Organic oxide;Aromatic heteropolycyclic compound;Imidazole;Organopnictogen compound;Imidolactam;Thiolactone;Azole;N-substituted imidazole;Purine ribonucleoside 3',5'-bisphosphate;Ribonucleoside 3'-phosphate;Thiocarboxylic acid or derivatives;Tetrahydrofuran;Carboxamide group;N-acyl-amine;Beta amino acid or derivatives;Oxacycle;Monocarboxylic acid or derivatives;Organic oxygen compound;Phosphoric acid ester;Secondary alcohol;Purine;Organic nitrogen compound;Organic phosphoric acid derivative;Alkyl phosphate;Organooxygen compound
None	C[C@@H]1O[C@H](OP(O)(=O)OP(O)(=O)OC[C@H]2O[C@H](C[C@@H]2O)N2C=C(C)C(=O)NC2=O)[C@H](O)[C@H](O)C1=O	Organic compounds	Organic oxygen compounds	Organooxygen compounds	Carbohydrates and carbohydrate conjugates	Pentose phosphates	Aromatic heteromonocyclic compounds	Azacyclic compounds;Cyclic ketones;Heteroaromatic compounds;Hydrocarbon derivatives;Lactams;Monoalkyl phosphates;Monosaccharides;Organic carbonic acids and derivatives;Organic oxides;Organic pyrophosphates;Organonitrogen compounds;Organopnictogen compounds;Oxacyclic compounds;Oxanes;Pyrimidones;Secondary alcohols;Tetrahydrofurans;Vinylogous amides	Carbonyl group;Lactam;Aromatic heteromonocyclic compound;Pentose phosphate;Pyrimidone;Cyclic ketone;Pyrimidine;Ketone;Organic oxide;Organonitrogen compound;Organopnictogen compound;Oxane;Organoheterocyclic compound;Alcohol;Vinylogous amide;Carbonic acid derivative;Azacycle;Tetrahydrofuran;Heteroaromatic compound;Organic pyrophosphate;Oxacycle;Phosphoric acid ester;Monoalkyl phosphate;Secondary alcohol;Hydrocarbon derivative;Organic nitrogen compound;Organic phosphoric acid derivative;Alkyl phosphate
None	OC[C@H]1O[C@H](O[C@H]2O[C@H](COP(O)(O)=O)[C@@H](O)[C@H](O)[C@H]2O)[C@H](O)[C@@H](O)[C@@H]1O	Organic compounds	Organic oxygen compounds	Organooxygen compounds	Carbohydrates and carbohydrate conjugates	Hexose phosphates	Aliphatic heteromonocyclic compounds	Acetals;Hydrocarbon derivatives;Monoalkyl phosphates;Monosaccharides;Organic oxides;Oxacyclic compounds;Oxanes;Primary alcohols;Secondary alcohols	Alcohol;Oxacycle;Organic oxide;Acetal;Phosphoric acid ester;Monoalkyl phosphate;Aliphatic heteromonocyclic compound;Secondary alcohol;Hexose Phosphate;Hydrocarbon derivative;Oxane;Primary alcohol;Organic phosphoric acid derivative;Alkyl phosphate;Organoheterocyclic compound
None	C[C@H](CCC(O)=O)[C@H]1CC[C@H]2[C@@H]3[C@H](O)C[C@@H]4C[C@H](O)CC[C@]4(C)[C@H]3C[C@H](O)[C@]12C	Organic compounds	Lipids and lipid-like molecules	Steroids and steroid derivatives	Bile acids, alcohols and derivatives	Bile acids, alcohols and derivatives	Aliphatic homopolycyclic compounds	12-hydroxysteroids;3-hydroxysteroids;7-hydroxysteroids;Carbonyl compounds;Carboxylic acids;Cyclic alcohols and derivatives;Hydrocarbon derivatives;Monocarboxylic acids and derivatives;Organic oxides;Secondary alcohols	Alcohol;Carbonyl group;12-hydroxysteroid;Carboxylic acid;3-hydroxysteroid;Hydroxysteroid;Cyclic alcohol;7-hydroxysteroid;Carboxylic acid derivative;Bile acid, alcohol, or derivatives;Aliphatic homopolycyclic compound;Organic oxide;Monocarboxylic acid or derivatives;Organic oxygen compound;Secondary alcohol;Hydrocarbon derivative;Organooxygen compound
None	[Cl-]	Organic compounds	Organic anions		Organic anions	Organic anions	Acyclic compounds		Organic anion;Acyclic compound
None	O[C@@H]1[C@@H](COP(O)(=O)OP(O)(=O)OP(O)(O)=O)O[C@H]([C@@H]1O)N1C=NC2=C1N=C(O)N=C2O	Organic compounds	Nucleosides, nucleotides, and analogues	Purine nucleotides	Purine ribonucleotides	Purine ribonucleoside triphosphates	Aromatic heteropolycyclic compounds	1,2-diols;Azacyclic compounds;Heteroaromatic compounds;Hydrocarbon derivatives;Hydroxypyrimidines;Imidazoles;Monoalkyl phosphates;Monosaccharides;N-substituted imidazoles;Organic oxides;Organonitrogen compounds;Organopnictogen compounds;Oxacyclic compounds;Pentose phosphates;Purine ribonucleoside monophosphates;Purines and purine derivatives;Secondary alcohols;Tetrahydrofurans	Pentose phosphate;Purine ribonucleoside monophosphate;Monosaccharide;Pentose-5-phosphate;Hydroxypyrimidine;Imidazopyrimidine;Pyrimidine;Saccharide;Organic oxide;Aromatic heteropolycyclic compound;Imidazole;Organonitrogen compound;Organopnictogen compound;Purine ribonucleoside triphosphate;Organoheterocyclic compound;Azole;1,2-diol;N-substituted imidazole;Alcohol;Azacycle;Tetrahydrofuran;Heteroaromatic compound;Oxacycle;Organic oxygen compound;Phosphoric acid ester;Monoalkyl phosphate;Secondary alcohol;Hydrocarbon derivative;Purine;Organic nitrogen compound;Organic phosphoric acid derivative;Alkyl phosphate;Organooxygen compound
None	[Hg++]	Organic compounds	Organic cations		Organic cations	Organic cations	Acyclic compounds		Acyclic compound;Organic cation
None	[O][O-]	Organic compounds	Organic oxygen compounds	Organic oxoanionic compounds	Organic superoxides	Organic superoxides	Acyclic compounds	Organic anions;Organic oxides	Organic superoxide;Organic oxide;Organic anion;Acyclic compound
None	NC1=NC(=O)N(C=C1)[C@H]1C[C@H](O)[C@@H](COP(O)(=O)OP(O)(O)=O)O1	Organic compounds	Organic oxygen compounds	Organooxygen compounds	Carbohydrates and carbohydrate conjugates	Pentose phosphates	Aromatic heteromonocyclic compounds	Azacyclic compounds;Heteroaromatic compounds;Hydrocarbon derivatives;Imidolactams;Monoalkyl phosphates;Monosaccharides;Organic carbonic acids and derivatives;Organic oxides;Organic pyrophosphates;Organopnictogen compounds;Oxacyclic compounds;Primary amines;Pyrimidones;Secondary alcohols;Tetrahydrofurans	Aromatic heteromonocyclic compound;Pentose phosphate;Pyrimidone;Pyrimidine;Organic oxide;Organonitrogen compound;Organopnictogen compound;Imidolactam;Organoheterocyclic compound;Alcohol;Carbonic acid derivative;Azacycle;Tetrahydrofuran;Heteroaromatic compound;Organic pyrophosphate;Oxacycle;Phosphoric acid ester;Monoalkyl phosphate;Secondary alcohol;Hydrocarbon derivative;Primary amine;Organic nitrogen compound;Organic phosphoric acid derivative;Amine;Alkyl phosphate
None	CCCCCCCC\C=C/CCCCCCCC(O)=O	Organic compounds	Lipids and lipid-like molecules	Fatty Acyls	Fatty acids and conjugates	Long-chain fatty acids	Aliphatic acyclic compounds	Carbonyl compounds;Carboxylic acids;Fatty Acyls;Hydrocarbon derivatives;Monocarboxylic acids and derivatives;Organic oxides;Straight chain fatty acids	Aliphatic acyclic compound;Carbonyl group;Straight chain fatty acid;Long-chain fatty acid;Carboxylic acid;Carboxylic acid derivative;Organic oxide;Monocarboxylic acid or derivatives;Organic oxygen compound;Hydrocarbon derivative;Organooxygen compound
None	O[C@@H]1O[C@@H]([C@H](O)[C@H](O)[C@H]1O)C(O)=O	Organic compounds	Organic oxygen compounds	Organooxygen compounds	Carbohydrates and carbohydrate conjugates	Glucuronic acid derivatives	Aliphatic heteromonocyclic compounds	Beta hydroxy acids and derivatives;Carbonyl compounds;Carboxylic acids;Hemiacetals;Hydrocarbon derivatives;Monocarboxylic acids and derivatives;Monosaccharides;Organic oxides;Oxacyclic compounds;Oxanes;Pyran carboxylic acids;Secondary alcohols	Alcohol;Carbonyl group;Carboxylic acid;Pyran carboxylic acid or derivatives;Glucuronic acid or derivatives;Monosaccharide;Hydroxy acid;Carboxylic acid derivative;Pyran carboxylic acid;Oxacycle;Beta-hydroxy acid;Organic oxide;Monocarboxylic acid or derivatives;Pyran;Aliphatic heteromonocyclic compound;Secondary alcohol;Hemiacetal;Hydrocarbon derivative;Oxane;Organoheterocyclic compound
None	CO[C@H]1O[C@H](CO)[C@@H](O[C@H]2O[C@H](CO)[C@@H](OC)[C@H](O)[C@H]2O)[C@H](O)[C@H]1O	Organic compounds	Organic oxygen compounds	Organooxygen compounds	Carbohydrates and carbohydrate conjugates	Monosaccharides	Aliphatic heteromonocyclic compounds	Acetals;Dialkyl ethers;Hydrocarbon derivatives;Oxacyclic compounds;Oxanes;Primary alcohols;Secondary alcohols	Alcohol;Ether;Monosaccharide;Dialkyl ether;Oxacycle;Acetal;Aliphatic heteromonocyclic compound;Secondary alcohol;Hydrocarbon derivative;Oxane;Primary alcohol;Organoheterocyclic compound
None	C[N+](C)(C)CC(O)=O	Organic compounds	Organic acids and derivatives	Carboxylic acids and derivatives	Amino acids, peptides, and analogues	Alpha amino acids	Aliphatic acyclic compounds	Amines;Carbonyl compounds;Carboxylic acids;Hydrocarbon derivatives;Monocarboxylic acids and derivatives;Organic cations;Organic oxides;Organic salts;Organopnictogen compounds;Tetraalkylammonium salts	Aliphatic acyclic compound;Carbonyl group;Carboxylic acid;Tetraalkylammonium salt;Quaternary ammonium salt;Organic oxide;Monocarboxylic acid or derivatives;Organic oxygen compound;Alpha-amino acid;Organonitrogen compound;Organopnictogen compound;Hydrocarbon derivative;Organic nitrogen compound;Organic cation;Organic salt;Amine;Organooxygen compound
None	OC[C@H]1OC(O[C@H]2[C@H](O)[C@@H](O)C(O[C@H]3[C@H](O)[C@@H](O)[C@@H](O)O[C@@H]3CO)O[C@@H]2CO)[C@H](O)[C@@H](O)[C@@H]1O	Organic compounds	Organic oxygen compounds	Organooxygen compounds	Carbohydrates and carbohydrate conjugates	Monosaccharides	Aliphatic heteromonocyclic compounds	Acetals;Hemiacetals;Hydrocarbon derivatives;Oxacyclic compounds;Oxanes;Primary alcohols;Secondary alcohols	Alcohol;Monosaccharide;Oxacycle;Acetal;Aliphatic heteromonocyclic compound;Secondary alcohol;Hemiacetal;Hydrocarbon derivative;Oxane;Primary alcohol;Organoheterocyclic compound
None	OC(=O)CCCCC1CCSS1	Organic compounds	Organoheterocyclic compounds	Dithiolanes	Lipoic acids and derivatives	Lipoic acids and derivatives	Aliphatic heteromonocyclic compounds	1,2-dithiolanes;Carbonyl compounds;Carboxylic acids;Heterocyclic fatty acids;Hydrocarbon derivatives;Medium-chain fatty acids;Monocarboxylic acids and derivatives;Organic disulfides;Organic oxides	Fatty acyl;Carbonyl group;Carboxylic acid;Heterocyclic fatty acid;Fatty acid;Carboxylic acid derivative;1,2-dithiolane;Organic oxide;Monocarboxylic acid or derivatives;Organic oxygen compound;Organic disulfide;Aliphatic heteromonocyclic compound;Hydrocarbon derivative;Medium-chain fatty acid;Lipoic_acid_derivative;Organooxygen compound
None	NC(CS)C(O)=O	Organic compounds	Organic acids and derivatives	Carboxylic acids and derivatives	Amino acids, peptides, and analogues	Cysteine and derivatives	Aliphatic acyclic compounds	Alkylthiols;Alpha amino acids;Carbonyl compounds;Carboxylic acids;Hydrocarbon derivatives;Monoalkylamines;Monocarboxylic acids and derivatives;Organic oxides;Organonitrogen compounds;Organopnictogen compounds;Organosulfur compounds	Aliphatic acyclic compound;Carbonyl group;Carboxylic acid;Organosulfur compound;Organic oxide;Monocarboxylic acid or derivatives;Organic oxygen compound;Cysteine or derivatives;Organonitrogen compound;Alpha-amino acid;Organopnictogen compound;Hydrocarbon derivative;Primary aliphatic amine;Organic nitrogen compound;Alkylthiol;Organooxygen compound
None	NCCCC[C@@H](N)C(O)=O	Organic compounds	Organic acids and derivatives	Carboxylic acids and derivatives	Amino acids, peptides, and analogues	Alpha amino acids	Aliphatic acyclic compounds	Amino fatty acids;Carbonyl compounds;Carboxylic acids;Hydrocarbon derivatives;Medium-chain fatty acids;Monoalkylamines;Monocarboxylic acids and derivatives;Organic oxides;Organonitrogen compounds;Organopnictogen compounds	Fatty acyl;Aliphatic acyclic compound;Carbonyl group;Carboxylic acid;Fatty acid;Amino fatty acid;Organic oxide;Monocarboxylic acid or derivatives;Organic oxygen compound;Organonitrogen compound;Alpha-amino acid;Organopnictogen compound;Hydrocarbon derivative;Medium-chain fatty acid;Primary aliphatic amine;Organic nitrogen compound;Organooxygen compound
None	N[C@H](CO)C(O)=O	Organic compounds	Organic acids and derivatives	Carboxylic acids and derivatives	Amino acids, peptides, and analogues	Serine and derivatives	Aliphatic acyclic compounds	Alpha amino acids;Beta hydroxy acids and derivatives;Carbonyl compounds;Carboxylic acids;Hydrocarbon derivatives;Monoalkylamines;Monocarboxylic acids and derivatives;Organic oxides;Organonitrogen compounds;Organopnictogen compounds;Primary alcohols	Alcohol;Aliphatic acyclic compound;Carbonyl group;Carboxylic acid;Hydroxy acid;Beta-hydroxy acid;Organic oxide;Monocarboxylic acid or derivatives;Organic oxygen compound;Organonitrogen compound;Alpha-amino acid;Organopnictogen compound;Hydrocarbon derivative;Primary aliphatic amine;Organic nitrogen compound;Primary alcohol;Serine or derivatives;Organooxygen compound
None	CN1CC(=O)NC1=N	Organic compounds	Organic acids and derivatives	Carboxylic acids and derivatives	Amino acids, peptides, and analogues	Alpha amino acids	Aliphatic heteromonocyclic compounds	Azacyclic compounds;Carbonyl compounds;Carboximidamides;Carboxylic acids and derivatives;Guanidines;Hydrocarbon derivatives;Imidazolidinones;Imines;Organic oxides;Organopnictogen compounds	Imidazolidine;Carbonyl group;Azacycle;Guanidine;Imine;Carboximidamide;Imidazolidinone;Organic oxide;Organic oxygen compound;Aliphatic heteromonocyclic compound;Organonitrogen compound;Alpha-amino acid;Organopnictogen compound;Hydrocarbon derivative;Organic nitrogen compound;Organoheterocyclic compound;Organooxygen compound
None	N[C@H](CCCNC(N)=N)C(O)=O	Organic compounds	Organic acids and derivatives	Carboxylic acids and derivatives	Amino acids, peptides, and analogues	Arginine and derivatives	Aliphatic acyclic compounds	Alpha amino acids;Carbonyl compounds;Carboximidamides;Carboxylic acids;Fatty acids and conjugates;Guanidines;Hydrocarbon derivatives;Imines;Monoalkylamines;Monocarboxylic acids and derivatives;Organic oxides;Organopnictogen compounds	Aliphatic acyclic compound;Carbonyl group;Carboxylic acid;Guanidine;Imine;Fatty acid;Carboximidamide;Organic oxide;Monocarboxylic acid or derivatives;Organic oxygen compound;Arginine or derivatives;Organonitrogen compound;Alpha-amino acid;Organopnictogen compound;Hydrocarbon derivative;Primary aliphatic amine;Organic nitrogen compound;Organooxygen compound
None	N[C@H](CS)C(O)=O	Organic compounds	Organic acids and derivatives	Carboxylic acids and derivatives	Amino acids, peptides, and analogues	Cysteine and derivatives	Aliphatic acyclic compounds	Alkylthiols;Alpha amino acids;Carbonyl compounds;Carboxylic acids;Hydrocarbon derivatives;Monoalkylamines;Monocarboxylic acids and derivatives;Organic oxides;Organonitrogen compounds;Organopnictogen compounds;Organosulfur compounds	Aliphatic acyclic compound;Carbonyl group;Carboxylic acid;Organosulfur compound;Organic oxide;Monocarboxylic acid or derivatives;Organic oxygen compound;Cysteine or derivatives;Organonitrogen compound;Alpha-amino acid;Organopnictogen compound;Hydrocarbon derivative;Primary aliphatic amine;Organic nitrogen compound;Alkylthiol;Organooxygen compound
None	OC[C@H](O)[C@@H](O)[C@H](O)[C@H](O)CO	Organic compounds	Organic oxygen compounds	Organooxygen compounds	Carbohydrates and carbohydrate conjugates	Monosaccharides	Aliphatic acyclic compounds	Hydrocarbon derivatives;Primary alcohols;Secondary alcohols	Alcohol;Aliphatic acyclic compound;Secondary alcohol;Monosaccharide;Hydrocarbon derivative;Primary alcohol
None	CC(C)(COP(O)(=O)OP(O)(=O)OC[C@H]1O[C@H]([C@H](O)[C@@H]1OP(O)(O)=O)N1C=NC2=C1N=CN=C2N)C(O)C(=O)NCCC(=O)NCCSC=O	Organic compounds	Nucleosides, nucleotides, and analogues	Purine nucleotides	Purine ribonucleotides	Coenzyme A and derivatives	Aromatic heteropolycyclic compounds	Azacyclic compounds;Beta amino acids and derivatives;Carbonyl compounds;Carbothioic S-esters;Carboxylic acids and derivatives;Heteroaromatic compounds;Hydrocarbon derivatives;Imidazoles;Imidolactams;Monoalkyl phosphates;Monosaccharides;N-acyl amines;N-substituted imidazoles;Organic oxides;Organic pyrophosphates;Organopnictogen compounds;Oxacyclic compounds;Pentose phosphates;Primary amines;Purine ribonucleoside diphosphates;Purines and purine derivatives;Pyrimidines and pyrimidine derivatives;Ribonucleoside 3'-phosphates;Secondary alcohols;Secondary carboxylic acid amides;Sulfenyl compounds;Tetrahydrofurans;Thioesters;Thiolactones	Amino acid or derivatives;Monosaccharide;Pentose-5-phosphate;Imidazopyrimidine;Carbothioic s-ester;Saccharide;Purine ribonucleoside diphosphate;Organonitrogen compound;Organoheterocyclic compound;Alcohol;Sulfenyl compound;Azacycle;Thiocarboxylic acid ester;Heteroaromatic compound;Organic pyrophosphate;Secondary carboxylic acid amide;Monoalkyl phosphate;Hydrocarbon derivative;Primary amine;Amine;Fatty acyl;Coenzyme a or derivatives;Carbonyl group;Pentose phosphate;Fatty amide;Organosulfur compound;Carboxylic acid derivative;Pyrimidine;Organic oxide;Aromatic heteropolycyclic compound;Imidazole;Organopnictogen compound;Imidolactam;Thiolactone;Azole;N-substituted imidazole;Ribonucleoside 3'-phosphate;Thiocarboxylic acid or derivatives;Tetrahydrofuran;Carboxamide group;N-acyl-amine;Beta amino acid or derivatives;Oxacycle;Organic oxygen compound;Phosphoric acid ester;Secondary alcohol;Purine;Organic nitrogen compound;Organic phosphoric acid derivative;Alkyl phosphate;Organooxygen compound
None	OC[C@@H](O)[C@H](O)[C@@H](O)[C@@H](O)C(O)=O	Organic compounds	Organic acids and derivatives	Hydroxy acids and derivatives	Medium-chain hydroxy acids and derivatives	Medium-chain hydroxy acids and derivatives	Aliphatic acyclic compounds	Alpha hydroxy acids and derivatives;Beta hydroxy acids and derivatives;Carbonyl compounds;Carboxylic acids;Hydrocarbon derivatives;Hydroxy fatty acids;Medium-chain fatty acids;Monocarboxylic acids and derivatives;Monosaccharides;Organic oxides;Primary alcohols;Secondary alcohols	Alcohol;Fatty acyl;Aliphatic acyclic compound;Carbonyl group;Carboxylic acid;Alpha-hydroxy acid;Monosaccharide;Fatty acid;Carboxylic acid derivative;Medium-chain hydroxy acid;Beta-hydroxy acid;Saccharide;Organic oxide;Monocarboxylic acid or derivatives;Organic oxygen compound;Secondary alcohol;Hydrocarbon derivative;Medium-chain fatty acid;Hydroxy fatty acid;Primary alcohol;Organooxygen compound
None	OC(=N)N=C(O)C(O)=O	Organic compounds	Organic acids and derivatives	Carboxylic acids and derivatives	Carboxylic acids	Carboxylic acids	Aliphatic acyclic compounds	Carbonyl compounds;Hydrocarbon derivatives;Imines;Monocarboxylic acids and derivatives;Organic oxides;Organopnictogen compounds;Propargyl-type 1,3-dipolar organic compounds	Aliphatic acyclic compound;Carbonyl group;Carboxylic acid;Imine;Organic 1,3-dipolar compound;Propargyl-type 1,3-dipolar organic compound;Organic oxide;Monocarboxylic acid or derivatives;Organic oxygen compound;Organonitrogen compound;Organopnictogen compound;Hydrocarbon derivative;Organic nitrogen compound;Organooxygen compound
None	C[C@H](N)C(=O)N[C@@H](CC1=CNC2=C1C=CC=C2)C(O)=O	Organic compounds	Organic acids and derivatives	Carboxylic acids and derivatives	Amino acids, peptides, and analogues	Dipeptides	Aromatic heteropolycyclic compounds	Alanine and derivatives;Alpha amino acid amides;Alpha amino acids;Azacyclic compounds;Benzenoids;Carbonyl compounds;Carboxylic acids;Heteroaromatic compounds;Hydrocarbon derivatives;Indoles;Monoalkylamines;Monocarboxylic acids and derivatives;N-acyl-alpha amino acids;Organic oxides;Organonitrogen compounds;Organopnictogen compounds;Pyrroles;Secondary carboxylic acid amides	Carbonyl group;Carboxylic acid;Indole;Alpha-amino acid or derivatives;Organic oxide;Aromatic heteropolycyclic compound;Organonitrogen compound;Alpha-amino acid;Organopnictogen compound;Organoheterocyclic compound;N-acyl-alpha amino acid or derivatives;Alpha-amino acid amide;Azacycle;N-acyl-alpha-amino acid;Heteroaromatic compound;Indole or derivatives;Carboxamide group;Alpha-dipeptide;Secondary carboxylic acid amide;Monocarboxylic acid or derivatives;Organic oxygen compound;Pyrrole;Alanine or derivatives;Hydrocarbon derivative;Benzenoid;Primary aliphatic amine;Organic nitrogen compound;Organooxygen compound
None	OC(=O)\C=C\C1=CC=C(O)C=C1	Organic compounds	Phenylpropanoids and polyketides	Cinnamic acids and derivatives	Hydroxycinnamic acids and derivatives	Hydroxycinnamic acids	Aromatic homomonocyclic compounds	1-hydroxy-2-unsubstituted benzenoids;Benzene and substituted derivatives;Carbonyl compounds;Carboxylic acids;Hydrocarbon derivatives;Monocarboxylic acids and derivatives;Organic oxides	Monocyclic benzene moiety;Carbonyl group;Carboxylic acid;1-hydroxy-2-unsubstituted benzenoid;Carboxylic acid derivative;Hydroxycinnamic acid;Aromatic homomonocyclic compound;Organic oxide;Monocarboxylic acid or derivatives;Organic oxygen compound;Phenol;Hydrocarbon derivative;Benzenoid;Organooxygen compound
None	O[C@@H]([C@H](O)[C@@H](O)C(O)=O)[C@H](O)C(O)=O	Organic compounds	Organic oxygen compounds	Organooxygen compounds	Carbohydrates and carbohydrate conjugates	Glucuronic acid derivatives	Aliphatic acyclic compounds	Alpha hydroxy acids and derivatives;Beta hydroxy acids and derivatives;Carbonyl compounds;Carboxylic acids;Dicarboxylic acids and derivatives;Hydrocarbon derivatives;Hydroxy fatty acids;Medium-chain fatty acids;Medium-chain hydroxy acids and derivatives;Monosaccharides;Organic oxides;Secondary alcohols	Alcohol;Fatty acyl;Aliphatic acyclic compound;Carbonyl group;Carboxylic acid;Glucuronic acid or derivatives;Alpha-hydroxy acid;Monosaccharide;Fatty acid;Hydroxy acid;Carboxylic acid derivative;Medium-chain hydroxy acid;Beta-hydroxy acid;Organic oxide;Secondary alcohol;Dicarboxylic acid or derivatives;Hydrocarbon derivative;Medium-chain fatty acid;Hydroxy fatty acid
None	N[C@H](CCC(N)=O)C(O)=O	Organic compounds	Organic acids and derivatives	Carboxylic acids and derivatives	Amino acids, peptides, and analogues	Glutamine and derivatives	Aliphatic acyclic compounds	Alpha amino acids;Carbonyl compounds;Carboxylic acids;Fatty acids and conjugates;Fatty amides;Hydrocarbon derivatives;Monoalkylamines;Monocarboxylic acids and derivatives;Organic oxides;Organonitrogen compounds;Organopnictogen compounds;Primary carboxylic acid amides	Primary carboxylic acid amide;Fatty acyl;Aliphatic acyclic compound;Carbonyl group;Carboxylic acid;Glutamine or derivatives;Fatty amide;Fatty acid;Carboxamide group;Organic oxide;Monocarboxylic acid or derivatives;Organic oxygen compound;Organonitrogen compound;Alpha-amino acid;Organopnictogen compound;Hydrocarbon derivative;Primary aliphatic amine;Organic nitrogen compound;Organooxygen compound
None	[NH3+]C(CC1(C=CC(O)C=C1)C([O-])=O)C([O-])=O	Organic compounds	Organic acids and derivatives	Carboxylic acids and derivatives	Amino acids, peptides, and analogues	Alpha amino acids	Aliphatic homomonocyclic compounds	Carbonyl compounds;Carboxylic acid salts;Carboxylic acids;Dicarboxylic acids and derivatives;Hydrocarbon derivatives;Monoalkylamines;Organic anions;Organic oxides;Organic salts;Organonitrogen compounds;Organopnictogen compounds;Secondary alcohols	Alcohol;Carbonyl group;Carboxylic acid;Organic oxide;Organic anion;Organic oxygen compound;Organonitrogen compound;Alpha-amino acid;Secondary alcohol;Aliphatic homomonocyclic compound;Dicarboxylic acid or derivatives;Organopnictogen compound;Hydrocarbon derivative;Primary aliphatic amine;Organic nitrogen compound;Organic salt;Carboxylic acid salt;Organooxygen compound
None	CC(C)=CCC\C(C)=C\CC\C(C)=C\CC\C(C)=C\CC1=C(C)C(=O)C2=CC=CC=C2C1=O	Organic compounds	Lipids and lipid-like molecules	Prenol lipids	Quinone and hydroquinone lipids	Vitamin K compounds	Aromatic homopolycyclic compounds	Aryl ketones;Diterpenoids;Hydrocarbon derivatives;Naphthoquinones;Organic oxides;Organooxygen compounds;Quinones	Abietane diterpenoid;Aromatic homopolycyclic compound;Ketone;Organic oxide;Naphthalene;Organic oxygen compound;Hydrocarbon derivative;Benzenoid;Diterpenoid;Naphthoquinone;Organooxygen compound;Aryl ketone;Quinone
None	CC(C)(CO)C(O)C(=O)NCCC(=O)NCCS	Organic compounds	Organic acids and derivatives	Carboxylic acids and derivatives	Amino acids, peptides, and analogues	Beta amino acids and derivatives	Aliphatic acyclic compounds	Alkylthiols;Carbonyl compounds;Carboxylic acids and derivatives;Hydrocarbon derivatives;Monosaccharides;N-acyl amines;Organic oxides;Organonitrogen compounds;Organopnictogen compounds;Organosulfur compounds;Secondary alcohols;Secondary carboxylic acid amides	Alcohol;Fatty acyl;Aliphatic acyclic compound;Carbonyl group;Fatty amide;Monosaccharide;Organosulfur compound;Carboxamide group;N-acyl-amine;Beta amino acid or derivatives;Secondary carboxylic acid amide;Saccharide;Organic oxide;Organic oxygen compound;Organonitrogen compound;Secondary alcohol;Organopnictogen compound;Hydrocarbon derivative;Organic nitrogen compound;Alkylthiol;Organooxygen compound
None	CC1=CN([C@H]2C[C@H](O)[C@@H](COP(O)(=O)OP(O)(=O)O[C@H]3O[C@H](CO)[C@@H](O)[C@H](O)[C@H]3O)O2)C(=O)NC1=O	Organic compounds	Organic oxygen compounds	Organooxygen compounds	Carbohydrates and carbohydrate conjugates	Pentose phosphates	Aromatic heteromonocyclic compounds	Azacyclic compounds;Heteroaromatic compounds;Hydrocarbon derivatives;Lactams;Monoalkyl phosphates;Monosaccharides;Organic carbonic acids and derivatives;Organic oxides;Organic pyrophosphates;Organonitrogen compounds;Organopnictogen compounds;Oxacyclic compounds;Oxanes;Primary alcohols;Pyrimidones;Secondary alcohols;Tetrahydrofurans;Vinylogous amides	Lactam;Aromatic heteromonocyclic compound;Pentose phosphate;Pyrimidone;Pyrimidine;Organic oxide;Organonitrogen compound;Organopnictogen compound;Oxane;Primary alcohol;Organoheterocyclic compound;Alcohol;Vinylogous amide;Carbonic acid derivative;Azacycle;Tetrahydrofuran;Heteroaromatic compound;Organic pyrophosphate;Oxacycle;Phosphoric acid ester;Monoalkyl phosphate;Secondary alcohol;Hydrocarbon derivative;Organic nitrogen compound;Organic phosphoric acid derivative;Alkyl phosphate
None	OC[C@H]1O[C@@H](O[C@@H](C#N)C2=CC=CC=C2)[C@H](O)[C@@H](O)[C@@H]1O	Organic compounds	Organic oxygen compounds	Organooxygen compounds	Carbohydrates and carbohydrate conjugates	Cyanogenic glycosides	Aromatic heteromonocyclic compounds	Acetals;Benzene and substituted derivatives;Hydrocarbon derivatives;Monosaccharides;Nitriles;Organonitrogen compounds;Organopnictogen compounds;Oxacyclic compounds;Oxanes;Primary alcohols;Secondary alcohols	Alcohol;Monocyclic benzene moiety;Nitrile;Aromatic heteromonocyclic compound;Monosaccharide;Oxacycle;Acetal;Organonitrogen compound;Cyanogenic glycoside;Secondary alcohol;Organopnictogen compound;Hydrocarbon derivative;Benzenoid;Organic nitrogen compound;Oxane;Primary alcohol;Carbonitrile;Organoheterocyclic compound
None	[H][C@]12[C@H](CC(N)=O)[C@@]3(C)CCC(=O)NC[C@@H](C)OP(O)(=O)O[C@@H]4[C@@H](CO)O[C@@H]([C@@H]4O)N4C=[N+](C5=CC(C)=C(C)C=C45)[Co-4]456N1C3=C(C)C1=[N+]4C(=CC3=[N+]5C(=C(C)C4=[N+]6[C@]2(C)[C@@](C)(CC(N)=O)[C@@H]4CCC(N)=O)[C@@](C)(CC(N)=O)[C@@H]3CCC(N)=O)C(C)(C)[C@@H]1CCC(N)=O	Organic compounds	Organoheterocyclic compounds	Tetrapyrroles and derivatives	Corrinoids	Cobalamin derivatives	Aromatic heteropolycyclic compounds	Azacyclic compounds;Benzenoids;Benzimidazoles;Carbonyl compounds;Carboxylic acids and derivatives;Fatty amides;Heteroaromatic compounds;Hydrocarbon derivatives;Imidazoles;Lactams;Metalloheterocyclic compounds;Metallotetrapyrroles;Monosaccharides;N-substituted imidazoles;Organic oxides;Organic phosphoric acids and derivatives;Organic transition metal salts;Organonitrogen compounds;Organopnictogen compounds;Oxacyclic compounds;Pentose phosphates;Primary alcohols;Primary carboxylic acid amides;Propargyl-type 1,3-dipolar organic compounds;Pyrrolidines;Pyrrolines;Secondary alcohols;Secondary carboxylic acid amides;Tetrahydrofurans	Primary carboxylic acid amide;Fatty acyl;Metalloheterocycle;Carbonyl group;Lactam;Pentose phosphate;Fatty amide;Monosaccharide;Carboxylic acid derivative;Propargyl-type 1,3-dipolar organic compound;Saccharide;Organic oxide;Cobalamin;Aromatic heteropolycyclic compound;Benzimidazole;Imidazole;Organonitrogen compound;Organopnictogen compound;Organic salt;Metallotetrapyrrole skeleton;Pyrrolidine;Primary alcohol;Azole;N-substituted imidazole;Alcohol;Azacycle;Tetrahydrofuran;Heteroaromatic compound;Organic 1,3-dipolar compound;Carboxamide group;Organic transition metal salt;Oxacycle;Secondary carboxylic acid amide;Pyrroline;Organic oxygen compound;Secondary alcohol;Hydrocarbon derivative;Benzenoid;Organic nitrogen compound;Organic phosphoric acid derivative;Organooxygen compound;Organic metal salt
None	CN(CC1=CN=C2N=C(N)N=C(N)C2=N1)C1=CC=C(C=C1)C(=O)NC(CCC(O)=O)C(O)=O	Organic compounds	Organic acids and derivatives	Carboxylic acids and derivatives	Amino acids, peptides, and analogues	Glutamic acid and derivatives	Aromatic heteropolycyclic compounds	Alpha amino acids;Amino acids;Aminobenzamides;Aniline and substituted anilines;Aralkylamines;Azacyclic compounds;Benzoyl derivatives;Carbonyl compounds;Carboxylic acids;Dialkylarylamines;Dicarboxylic acids and derivatives;Heteroaromatic compounds;Hippuric acids and derivatives;Hydrocarbon derivatives;Imidolactams;N-acyl-alpha amino acids;Organic oxides;Organopnictogen compounds;Primary amines;Pteridines and derivatives;Pyrazines;Pyrimidines and pyrimidine derivatives;Secondary carboxylic acid amides	Monocyclic benzene moiety;Carbonyl group;Carboxylic acid;Amino acid;Benzoyl;Pteridine;Aralkylamine;Benzamide;Pyrimidine;Organic oxide;Aromatic heteropolycyclic compound;Tertiary aliphatic/aromatic amine;Organonitrogen compound;Alpha-amino acid;Organopnictogen compound;Dialkylarylamine;Imidolactam;Aminobenzoic acid or derivatives;Tertiary amine;Organoheterocyclic compound;N-acyl-alpha amino acid or derivatives;Azacycle;N-acyl-alpha-amino acid;Hippuric acid or derivatives;Aniline or substituted anilines;Heteroaromatic compound;Benzoic acid or derivatives;Glutamic acid or derivatives;Carboxamide group;Aminobenzamide;Secondary carboxylic acid amide;Organic oxygen compound;Pyrazine;Dicarboxylic acid or derivatives;Hydrocarbon derivative;Benzenoid;Primary amine;Organic nitrogen compound;Amine;Organooxygen compound
None	NC1=C2N=CN([C@@H]3O[C@H](COP(O)(=O)OP(O)(=O)OC[C@H]4O[C@H]([C@H](O)[C@@H]4O)[N+]4=CC=CC(=C4)C(O)=O)[C@@H](O)[C@H]3O)C2=NC=N1	Organic compounds	Nucleosides, nucleotides, and analogues	Pyridine nucleotides	Nicotinic acid nucleotides	Nicotinic acid nucleotides	Aromatic heteropolycyclic compounds	Amino acids;Azacyclic compounds;Carboxylic acids;Heteroaromatic compounds;Hydrocarbon derivatives;Hydroxypyridines;Imidazoles;Imidolactams;Monoalkyl phosphates;Monocarboxylic acids and derivatives;Monosaccharides;N-substituted imidazoles;Organic cations;Organic oxides;Organic pyrophosphates;Organopnictogen compounds;Oxacyclic compounds;Pentose phosphates;Primary amines;Purine ribonucleoside diphosphates;Purine ribonucleoside monophosphates;Purines and purine derivatives;Pyridine-3-carboxylic acids;Pyrimidines and pyrimidine derivatives;Secondary alcohols;Tetrahydrofurans;Vinylogous amides	Pyridine carboxylic acid or derivatives;Carboxylic acid;Amino acid or derivatives;Pyridine-3-carboxylic acid;Purine ribonucleoside monophosphate;Monosaccharide;Pentose-5-phosphate;Imidazopyrimidine;Saccharide;Purine ribonucleoside diphosphate;Organonitrogen compound;Organoheterocyclic compound;Alcohol;Vinylogous amide;Azacycle;Heteroaromatic compound;Organic pyrophosphate;Pyridine;Monoalkyl phosphate;Pyridine carboxylic acid;Hydrocarbon derivative;Primary amine;Amine;Pentose phosphate;Amino acid;Carboxylic acid derivative;Pyrimidine;Organic oxide;Aromatic heteropolycyclic compound;Imidazole;Organopnictogen compound;Organic cation;Imidolactam;Azole;N-substituted imidazole;Tetrahydrofuran;Hydroxypyridine;Nicotinic-acid-nucleotide;Oxacycle;Monocarboxylic acid or derivatives;Organic oxygen compound;Phosphoric acid ester;Secondary alcohol;Purine;Organic nitrogen compound;Organic phosphoric acid derivative;Alkyl phosphate;Organooxygen compound
None	N[C@H](CO)CC1=CNC=N1	Organic compounds	Organoheterocyclic compounds	Azoles	Imidazoles	Imidazoles	Aromatic heteromonocyclic compounds	Azacyclic compounds;Heteroaromatic compounds;Hydrocarbon derivatives;Monoalkylamines;Organonitrogen compounds;Organopnictogen compounds;Primary alcohols	Alcohol;Aromatic heteromonocyclic compound;Azacycle;Heteroaromatic compound;Organic oxygen compound;Imidazole;Organonitrogen compound;Organopnictogen compound;Hydrocarbon derivative;Primary aliphatic amine;Organic nitrogen compound;Primary alcohol;Organooxygen compound
None	CCCCC[C@H](O)\C=C\C=C/C\C=C/CCCCCCC(O)=O	Organic compounds	Lipids and lipid-like molecules	Fatty Acyls	Fatty acids and conjugates	Long-chain fatty acids	Aliphatic acyclic compounds	Carbonyl compounds;Carboxylic acids;Hydrocarbon derivatives;Hydroxy fatty acids;Long-chain fatty alcohols;Monocarboxylic acids and derivatives;Organic oxides;Secondary alcohols	Alcohol;Aliphatic acyclic compound;Carbonyl group;Long-chain fatty acid;Carboxylic acid;Carboxylic acid derivative;Long chain fatty alcohol;Organic oxide;Monocarboxylic acid or derivatives;Organic oxygen compound;Fatty alcohol;Secondary alcohol;Hydrocarbon derivative;Hydroxy fatty acid;Organooxygen compound
None	CC(C)(CO)[C@@H](O)C(=O)NCCC(O)=O	Organic compounds	Organic acids and derivatives	Carboxylic acids and derivatives	Amino acids, peptides, and analogues	Beta amino acids and derivatives	Aliphatic acyclic compounds	Carbonyl compounds;Carboxylic acids;Hydrocarbon derivatives;Monocarboxylic acids and derivatives;Monosaccharides;N-acyl amines;Organic oxides;Organonitrogen compounds;Organopnictogen compounds;Secondary alcohols;Secondary carboxylic acid amides	Alcohol;Fatty acyl;Aliphatic acyclic compound;Carbonyl group;Carboxylic acid;Fatty amide;Monosaccharide;Carboxamide group;N-acyl-amine;Beta amino acid or derivatives;Secondary carboxylic acid amide;Saccharide;Organic oxide;Monocarboxylic acid or derivatives;Organic oxygen compound;Organonitrogen compound;Secondary alcohol;Organopnictogen compound;Hydrocarbon derivative;Organic nitrogen compound;Organooxygen compound
None	CCCCCC=CCC=CCC=CCC=CCCCCP(F)(=O)OC	Organic compounds	Organic acids and derivatives	Organic phosphonic acids and derivatives	Phosphonic acid esters	Phosphonic acid esters	Aliphatic acyclic compounds	Alkylphosphonofluoridic acids and esters;Hydrocarbon derivatives;Organic oxides;Organooxygen compounds;Organopnictogen compounds	Phosphonic acid ester;Aliphatic acyclic compound;Organic oxide;Organic oxygen compound;Organopnictogen compound;Organophosphorus compound;Hydrocarbon derivative;Alkylphosphonofluoridic acid or ester derivatives;Organooxygen compound
None	C\C=C\C(=O)SCCNC(=O)CCNC(=O)[C@H](O)C(C)(C)COP(O)(=O)OP(O)(=O)OC[C@H]1O[C@H]([C@H](O)[C@@H]1OP(O)(O)=O)N1C=NC2=C1N=CN=C2N	Organic compounds	Lipids and lipid-like molecules	Fatty Acyls	Fatty acyl thioesters	Acyl CoAs	Aromatic heteropolycyclic compounds	Azacyclic compounds;Beta amino acids and derivatives;Carbonyl compounds;Carbothioic S-esters;Carboxylic acids and derivatives;Coenzyme A and derivatives;Heteroaromatic compounds;Hydrocarbon derivatives;Imidazoles;Imidolactams;Monoalkyl phosphates;Monosaccharides;N-acyl amines;N-substituted imidazoles;Organic oxides;Organic pyrophosphates;Organopnictogen compounds;Oxacyclic compounds;Pentose phosphates;Primary amines;Purine ribonucleoside diphosphates;Purines and purine derivatives;Pyrimidines and pyrimidine derivatives;Ribonucleoside 3'-phosphates;Secondary alcohols;Secondary carboxylic acid amides;Sulfenyl compounds;Tetrahydrofurans;Thioesters;Thiolactones	Amino acid or derivatives;Monosaccharide;Pentose-5-phosphate;Imidazopyrimidine;Carbothioic s-ester;Saccharide;Purine ribonucleoside diphosphate;Organonitrogen compound;Organoheterocyclic compound;Alcohol;Sulfenyl compound;Azacycle;Thiocarboxylic acid ester;Heteroaromatic compound;Organic pyrophosphate;Secondary carboxylic acid amide;Monoalkyl phosphate;Hydrocarbon derivative;Primary amine;Amine;Coenzyme a or derivatives;Carbonyl group;Pentose phosphate;Fatty amide;Organosulfur compound;Carboxylic acid derivative;Pyrimidine;Organic oxide;Aromatic heteropolycyclic compound;Imidazole;Organopnictogen compound;Imidolactam;Thiolactone;Azole;N-substituted imidazole;Purine ribonucleoside 3',5'-bisphosphate;Ribonucleoside 3'-phosphate;Thiocarboxylic acid or derivatives;Tetrahydrofuran;Carboxamide group;N-acyl-amine;Beta amino acid or derivatives;Oxacycle;Organic oxygen compound;Phosphoric acid ester;Secondary alcohol;Purine;Organic nitrogen compound;Organic phosphoric acid derivative;Alkyl phosphate;Organooxygen compound
None	O[C@@H]([C@@H](O)[C@H](O)C(O)=O)[C@@H](O)C(O)=O	Organic compounds	Organic oxygen compounds	Organooxygen compounds	Carbohydrates and carbohydrate conjugates	Glucuronic acid derivatives	Aliphatic acyclic compounds	Alpha hydroxy acids and derivatives;Beta hydroxy acids and derivatives;Carbonyl compounds;Carboxylic acids;Dicarboxylic acids and derivatives;Hydrocarbon derivatives;Hydroxy fatty acids;Medium-chain fatty acids;Medium-chain hydroxy acids and derivatives;Monosaccharides;Organic oxides;Secondary alcohols	Alcohol;Fatty acyl;Aliphatic acyclic compound;Carbonyl group;Carboxylic acid;Glucuronic acid or derivatives;Alpha-hydroxy acid;Monosaccharide;Fatty acid;Hydroxy acid;Carboxylic acid derivative;Medium-chain hydroxy acid;Beta-hydroxy acid;Organic oxide;Secondary alcohol;Dicarboxylic acid or derivatives;Hydrocarbon derivative;Medium-chain fatty acid;Hydroxy fatty acid
None	OC[C@@H](O)[C@H](O)[C@H](O)[C@@H](O)C(O)=O	Organic compounds	Organic acids and derivatives	Hydroxy acids and derivatives	Medium-chain hydroxy acids and derivatives	Medium-chain hydroxy acids and derivatives	Aliphatic acyclic compounds	Alpha hydroxy acids and derivatives;Beta hydroxy acids and derivatives;Carbonyl compounds;Carboxylic acids;Hydrocarbon derivatives;Hydroxy fatty acids;Medium-chain fatty acids;Monocarboxylic acids and derivatives;Monosaccharides;Organic oxides;Primary alcohols;Secondary alcohols	Alcohol;Fatty acyl;Aliphatic acyclic compound;Carbonyl group;Carboxylic acid;Alpha-hydroxy acid;Monosaccharide;Fatty acid;Carboxylic acid derivative;Medium-chain hydroxy acid;Beta-hydroxy acid;Saccharide;Organic oxide;Monocarboxylic acid or derivatives;Organic oxygen compound;Secondary alcohol;Hydrocarbon derivative;Medium-chain fatty acid;Hydroxy fatty acid;Primary alcohol;Organooxygen compound
None	NC1=NC(=O)N(C=C1)[C@H]1C[C@H](O)[C@@H](CO)O1	Organic compounds	Nucleosides, nucleotides, and analogues	Pyrimidine nucleosides	Pyrimidine nucleosides	Pyrimidine nucleosides	Aromatic heteromonocyclic compounds	Azacyclic compounds;Heteroaromatic compounds;Hydrocarbon derivatives;Imidolactams;Monosaccharides;Organic carbonic acids and derivatives;Organic oxides;Organopnictogen compounds;Oxacyclic compounds;Primary alcohols;Primary amines;Pyrimidones;Secondary alcohols;Tetrahydrofurans	Aromatic heteromonocyclic compound;Monosaccharide;Pyrimidone;Pyrimidine;Saccharide;Organic oxide;Organonitrogen compound;Organopnictogen compound;Pyrimidine nucleoside;Primary alcohol;Imidolactam;Organoheterocyclic compound;Alcohol;Carbonic acid derivative;Azacycle;Tetrahydrofuran;Heteroaromatic compound;Oxacycle;Organic oxygen compound;Secondary alcohol;Hydrocarbon derivative;Primary amine;Organic nitrogen compound;Amine;Organooxygen compound
None	CC(C)(COP(O)(=O)OP(O)(=O)OC[C@H]1O[C@H]([C@H](O)[C@@H]1O)N1C=NC2=C1N=CN=C2N)[C@@H](O)C(=O)NCCC(=O)NCCS	Organic compounds	Nucleosides, nucleotides, and analogues	Purine nucleotides	Purine ribonucleotides	Purine ribonucleoside diphosphates	Aromatic heteropolycyclic compounds	Alkylthiols;Azacyclic compounds;Beta amino acids and derivatives;Carbonyl compounds;Carboxylic acids and derivatives;Heteroaromatic compounds;Hydrocarbon derivatives;Imidazoles;Imidolactams;Monoalkyl phosphates;Monosaccharides;N-acyl amines;N-substituted imidazoles;Organic oxides;Organic pyrophosphates;Organopnictogen compounds;Organosulfur compounds;Oxacyclic compounds;Pentose phosphates;Primary amines;Purine ribonucleoside monophosphates;Purines and purine derivatives;Pyrimidines and pyrimidine derivatives;Secondary alcohols;Secondary carboxylic acid amides;Tetrahydrofurans	Fatty acyl;Carbonyl group;Pentose phosphate;Amino acid or derivatives;Purine ribonucleoside monophosphate;Fatty amide;Monosaccharide;Pentose-5-phosphate;Imidazopyrimidine;Organosulfur compound;Carboxylic acid derivative;Pyrimidine;Saccharide;Organic oxide;Purine ribonucleoside diphosphate;Aromatic heteropolycyclic compound;Imidazole;Organonitrogen compound;Organopnictogen compound;Imidolactam;Organoheterocyclic compound;Azole;N-substituted imidazole;Alcohol;Azacycle;Tetrahydrofuran;Heteroaromatic compound;Carboxamide group;N-acyl-amine;Beta amino acid or derivatives;Organic pyrophosphate;Oxacycle;Secondary carboxylic acid amide;Organic oxygen compound;Phosphoric acid ester;Monoalkyl phosphate;Secondary alcohol;Hydrocarbon derivative;Purine;Primary amine;Organic nitrogen compound;Organic phosphoric acid derivative;Amine;Alkylthiol;Alkyl phosphate;Organooxygen compound
None	[H][C@]1(O)C(=CC=C[C@]1([H])OC(=C)C(O)=O)C(O)=O	Organic compounds	Organic acids and derivatives	Hydroxy acids and derivatives	Beta hydroxy acids and derivatives	Beta hydroxy acids and derivatives	Aliphatic homomonocyclic compounds	Carbonyl compounds;Carboxylic acids;Dicarboxylic acids and derivatives;Hydrocarbon derivatives;Organic oxides;Secondary alcohols	Alcohol;Carbonyl group;Carboxylic acid;Carboxylic acid derivative;Beta-hydroxy acid;Organic oxide;Organic oxygen compound;Secondary alcohol;Aliphatic homomonocyclic compound;Dicarboxylic acid or derivatives;Hydrocarbon derivative;Organooxygen compound
None	[O-][N+]#N	Organic compounds	Organic oxygen compounds	Organic oxoanionic compounds	Organic oxoanionic compounds	Organic oxoanionic compounds	Acyclic compounds	Organic nitrogen compounds;Organic oxides	Organic oxide;Acyclic compound;Organic nitrogen compound;Organic Hyponitrite
None	CC(C)(COP(O)(=O)OP(O)(=O)OC[C@H]1O[C@H]([C@H](O)[C@@H]1OP(O)(O)=O)N1C=NC2=C1N=CN=C2N)[C@@H](O)C(=O)NCCC(=O)NCCSC(=O)C=C	Organic compounds	Lipids and lipid-like molecules	Fatty Acyls	Fatty acyl thioesters	Acyl CoAs	Aromatic heteropolycyclic compounds	Azacyclic compounds;Beta amino acids and derivatives;Carbonyl compounds;Carbothioic S-esters;Carboxylic acids and derivatives;Coenzyme A and derivatives;Heteroaromatic compounds;Hydrocarbon derivatives;Imidazoles;Imidolactams;Monoalkyl phosphates;Monosaccharides;N-acyl amines;N-substituted imidazoles;Organic oxides;Organic pyrophosphates;Organopnictogen compounds;Oxacyclic compounds;Pentose phosphates;Primary amines;Purine ribonucleoside diphosphates;Purines and purine derivatives;Pyrimidines and pyrimidine derivatives;Ribonucleoside 3'-phosphates;Secondary alcohols;Secondary carboxylic acid amides;Sulfenyl compounds;Tetrahydrofurans;Thioesters;Thiolactones	Amino acid or derivatives;Monosaccharide;Pentose-5-phosphate;Imidazopyrimidine;Carbothioic s-ester;Saccharide;Purine ribonucleoside diphosphate;Organonitrogen compound;Organoheterocyclic compound;Alcohol;Sulfenyl compound;Azacycle;Thiocarboxylic acid ester;Heteroaromatic compound;Organic pyrophosphate;Secondary carboxylic acid amide;Monoalkyl phosphate;Hydrocarbon derivative;Primary amine;Amine;Coenzyme a or derivatives;Carbonyl group;Pentose phosphate;Fatty amide;Organosulfur compound;Carboxylic acid derivative;Pyrimidine;Organic oxide;Aromatic heteropolycyclic compound;Imidazole;Organopnictogen compound;Imidolactam;Thiolactone;Azole;N-substituted imidazole;Purine ribonucleoside 3',5'-bisphosphate;Ribonucleoside 3'-phosphate;Thiocarboxylic acid or derivatives;Tetrahydrofuran;Carboxamide group;N-acyl-amine;Beta amino acid or derivatives;Oxacycle;Organic oxygen compound;Phosphoric acid ester;Secondary alcohol;Purine;Organic nitrogen compound;Organic phosphoric acid derivative;Alkyl phosphate;Organooxygen compound
None	O[C@H]([C@@H](O)C(O)=O)C(O)=O	Organic compounds	Organic acids and derivatives	Hydroxy acids and derivatives	Beta hydroxy acids and derivatives	Beta hydroxy acids and derivatives	Aliphatic acyclic compounds	1,2-diols;Alpha hydroxy acids and derivatives;Carbonyl compounds;Carboxylic acids;Dicarboxylic acids and derivatives;Hydrocarbon derivatives;Hydroxy fatty acids;Monosaccharides;Organic oxides;Secondary alcohols;Short-chain hydroxy acids and derivatives	Alcohol;Fatty acyl;Aliphatic acyclic compound;Carbonyl group;Carboxylic acid;Short-chain hydroxy acid;Alpha-hydroxy acid;Monosaccharide;Fatty acid;Carboxylic acid derivative;Beta-hydroxy acid;Saccharide;Organic oxide;Organic oxygen compound;Secondary alcohol;Dicarboxylic acid or derivatives;Hydrocarbon derivative;Hydroxy fatty acid;Organooxygen compound;1,2-diol
None	CC(=O)C(C)(O)C(O)=O	Organic compounds	Organic acids and derivatives	Keto acids and derivatives	Short-chain keto acids and derivatives	Short-chain keto acids and derivatives	Aliphatic acyclic compounds	Acyloins;Alpha hydroxy acids and derivatives;Alpha-hydroxy ketones;Beta-hydroxy ketones;Beta-keto acids and derivatives;Carboxylic acids;Fatty Acyls;Hydrocarbon derivatives;Hydroxy fatty acids;Methyl-branched fatty acids;Monocarboxylic acids and derivatives;Organic oxides;Tertiary alcohols	Fatty acyl;Beta-hydroxy ketone;Aliphatic acyclic compound;Carbonyl group;Carboxylic acid;Alpha-hydroxy acid;Short-chain keto acid;Alpha-hydroxy ketone;Carboxylic acid derivative;Beta-keto acid;Ketone;Organic oxide;Hydroxy fatty acid;Alcohol;Methyl-branched fatty acid;Hydroxy acid;Branched fatty acid;Tertiary alcohol;Monocarboxylic acid or derivatives;Organic oxygen compound;Acyloin;Hydrocarbon derivative;Organooxygen compound
None	C[C@H]1CNC(=O)NC1=O	Organic compounds	Organoheterocyclic compounds	Diazines	Pyrimidines and pyrimidine derivatives	Pyrimidones	Aliphatic heteromonocyclic compounds	Azacyclic compounds;Carbonyl compounds;Carboxylic acids and derivatives;Diazinanes;Dicarboximides;Hydrocarbon derivatives;N-acyl ureas;Organic carbonic acids and derivatives;Organic oxides;Organonitrogen compounds;Organopnictogen compounds	N-acyl urea;Carbonyl group;Carbonic acid derivative;Azacycle;Pyrimidone;Carboxylic acid derivative;1,3-diazinane;Organic oxide;Organic oxygen compound;Aliphatic heteromonocyclic compound;Organonitrogen compound;Organopnictogen compound;Hydrocarbon derivative;Dicarboximide;Organic nitrogen compound;Ureide;Organooxygen compound
None	OC[C@@H](NC(=O)C(Cl)Cl)[C@H](O)C1=CC=C(C=C1)[N+]([O-])=O	Organic compounds	Benzenoids	Benzene and substituted derivatives	Nitrobenzenes	Nitrobenzenes	Aromatic homomonocyclic compounds	Alkyl chlorides;Aromatic alcohols;Carbonyl compounds;Carboxylic acids and derivatives;Hydrocarbon derivatives;Nitroaromatic compounds;Organic oxides;Organic oxoanionic compounds;Organic oxoazanium compounds;Organochlorides;Organonitrogen compounds;Organopnictogen compounds;Primary alcohols;Propargyl-type 1,3-dipolar organic compounds;Secondary alcohols;Secondary carboxylic acid amides	Aromatic alcohol;Carbonyl group;Alkyl chloride;Organochloride;Allyl-type 1,3-dipolar organic compound;Carboxylic acid derivative;Organohalogen compound;Organic nitro compound;Propargyl-type 1,3-dipolar organic compound;Organic oxide;C-nitro compound;Organonitrogen compound;Organopnictogen compound;Alkyl halide;Organic oxoazanium;Primary alcohol;Nitrobenzene;Nitroaromatic compound;Alcohol;Organic 1,3-dipolar compound;Carboxamide group;Aromatic homomonocyclic compound;Secondary carboxylic acid amide;Organic oxygen compound;Secondary alcohol;Hydrocarbon derivative;Organic nitrogen compound;Organooxygen compound;Organic Hyponitrite
None	NC1=NC2=C(N=C(CNC3=CC=C(C=C3)C(O)=O)CN2)C(=O)N1	Organic compounds	Organoheterocyclic compounds	Pteridines and derivatives	Pterins and derivatives	Pterins and derivatives	Aromatic heteropolycyclic compounds	Amino acids;Azacyclic compounds;Benzoic acids;Benzoyl derivatives;Carboxylic acids;Heteroaromatic compounds;Hydrocarbon derivatives;Imidolactams;Ketimines;Lactams;Monocarboxylic acids and derivatives;Organic oxides;Organooxygen compounds;Organopnictogen compounds;Phenylalkylamines;Primary amines;Propargyl-type 1,3-dipolar organic compounds;Pyrimidones;Secondary alkylarylamines;Vinylogous amides	Ketimine;Monocyclic benzene moiety;Lactam;Carboxylic acid;Amino acid or derivatives;Amino acid;Imine;Benzoyl;Pyrimidone;Carboxylic acid derivative;Pyrimidine;Propargyl-type 1,3-dipolar organic compound;Organic oxide;Aromatic heteropolycyclic compound;Organonitrogen compound;Organopnictogen compound;Benzoic acid;Imidolactam;Vinylogous amide;Pterin;Azacycle;Heteroaromatic compound;Benzoic acid or derivatives;Organic 1,3-dipolar compound;Secondary amine;Secondary aliphatic/aromatic amine;Monocarboxylic acid or derivatives;Organic oxygen compound;Phenylalkylamine;Hydrocarbon derivative;Benzenoid;Primary amine;Organic nitrogen compound;Amine;Organooxygen compound
None	NCC1=C(CC(O)=O)C(CCC(O)=O)=CN1	Organic compounds	Organic acids and derivatives	Carboxylic acids and derivatives	Dicarboxylic acids and derivatives	Dicarboxylic acids and derivatives	Aromatic heteromonocyclic compounds	Azacyclic compounds;Carbonyl compounds;Carboxylic acids;Heteroaromatic compounds;Hydrocarbon derivatives;Monoalkylamines;Organic oxides;Organonitrogen compounds;Organopnictogen compounds;Pyrroles	Carbonyl group;Carboxylic acid;Aromatic heteromonocyclic compound;Azacycle;Heteroaromatic compound;Organic oxide;Organic oxygen compound;Pyrrole;Organonitrogen compound;Dicarboxylic acid or derivatives;Organopnictogen compound;Hydrocarbon derivative;Primary aliphatic amine;Organic nitrogen compound;Organoheterocyclic compound;Organooxygen compound
None	O[C@@H]1[C@@H](COP(O)(=O)OP(O)(=O)O[C@H]2OC[C@H](O)[C@H](O)[C@H]2O)O[C@H]([C@@H]1O)N1C=CC(=O)NC1=O	Organic compounds	Nucleosides, nucleotides, and analogues	Pyrimidine nucleotides	Pyrimidine ribonucleotides	Pyrimidine ribonucleoside diphosphates	Aromatic heteromonocyclic compounds	Azacyclic compounds;Heteroaromatic compounds;Hydrocarbon derivatives;Lactams;Monoalkyl phosphates;Monosaccharides;Organic carbonic acids and derivatives;Organic oxides;Organic pyrophosphates;Organonitrogen compounds;Organopnictogen compounds;Oxacyclic compounds;Oxanes;Pentose phosphates;Pyrimidones;Secondary alcohols;Tetrahydrofurans;Vinylogous amides	Lactam;Aromatic heteromonocyclic compound;Pentose phosphate;Monosaccharide;Pentose-5-phosphate;Pyrimidone;Pyrimidine;Saccharide;Organic oxide;Organonitrogen compound;Organopnictogen compound;Oxane;Organoheterocyclic compound;Alcohol;Vinylogous amide;Carbonic acid derivative;Azacycle;Tetrahydrofuran;Heteroaromatic compound;Organic pyrophosphate;Oxacycle;Pyrimidine ribonucleoside diphosphate;Organic oxygen compound;Phosphoric acid ester;Monoalkyl phosphate;Secondary alcohol;Hydrocarbon derivative;Organic nitrogen compound;Organic phosphoric acid derivative;Alkyl phosphate;Organooxygen compound
None	C[C@@H](O)C=O	Organic compounds	Organic oxygen compounds	Organooxygen compounds	Carbonyl compounds	Alpha-hydroxyaldehydes	Aliphatic acyclic compounds	Hydrocarbon derivatives;Organic oxides;Secondary alcohols;Short-chain aldehydes	Alcohol;Aliphatic acyclic compound;Organic oxide;Short-chain aldehyde;Alpha-hydroxyaldehyde;Secondary alcohol;Hydrocarbon derivative
None	NC(=O)CCC(=O)C(O)=O	Organic compounds	Organic acids and derivatives	Keto acids and derivatives	Short-chain keto acids and derivatives	Short-chain keto acids and derivatives	Aliphatic acyclic compounds	Alpha-hydroxy ketones;Alpha-keto acids and derivatives;Carboxylic acids;Fatty amides;Hydrocarbon derivatives;Monocarboxylic acids and derivatives;Organic oxides;Organonitrogen compounds;Organopnictogen compounds;Primary carboxylic acid amides	Primary carboxylic acid amide;Fatty acyl;Aliphatic acyclic compound;Carbonyl group;Carboxylic acid;Fatty amide;Short-chain keto acid;Carboxamide group;Alpha-hydroxy ketone;Carboxylic acid derivative;Ketone;Organic oxide;Monocarboxylic acid or derivatives;Organic oxygen compound;Organonitrogen compound;Alpha-keto acid;Organopnictogen compound;Hydrocarbon derivative;Organic nitrogen compound;Organooxygen compound
None	NC1=NC2=C(N=CN2[C@@H]2O[C@@H]3COP(O)(=O)O[C@H]3[C@H]2O)C(=O)N1	Organic compounds	Nucleosides, nucleotides, and analogues	Purine nucleotides	Cyclic purine nucleotides	3',5'-cyclic purine nucleotides	Aromatic heteropolycyclic compounds	Azacyclic compounds;Heteroaromatic compounds;Hydrocarbon derivatives;Hypoxanthines;Imidazoles;Lactams;Monosaccharides;N-substituted imidazoles;Organic oxides;Organic phosphoric acids and derivatives;Organopnictogen compounds;Oxacyclic compounds;Pentose phosphates;Primary amines;Purines and purine derivatives;Pyrimidones;Secondary alcohols;Tetrahydrofurans;Vinylogous amides	Lactam;Pentose phosphate;Monosaccharide;Pyrimidone;Imidazopyrimidine;Pyrimidine;Saccharide;Organic oxide;Aromatic heteropolycyclic compound;Imidazole;Organonitrogen compound;Organopnictogen compound;Organoheterocyclic compound;Azole;N-substituted imidazole;Alcohol;Vinylogous amide;Azacycle;Tetrahydrofuran;Heteroaromatic compound;3',5'-cyclic purine ribonucleotide;Oxacycle;Organic oxygen compound;Secondary alcohol;Hypoxanthine;Hydrocarbon derivative;Purine;Primary amine;Organic nitrogen compound;Organic phosphoric acid derivative;Amine;Organooxygen compound
None	O[C@@H]1C[C@@](O)(CC(=O)[C@H]1O)C(O)=O	Organic compounds	Organic acids and derivatives	Hydroxy acids and derivatives	Alpha hydroxy acids and derivatives	Alpha hydroxy acids and derivatives	Aliphatic homomonocyclic compounds	Carboxylic acids;Cyclic ketones;Cyclitols and derivatives;Hydrocarbon derivatives;Monocarboxylic acids and derivatives;Organic oxides;Secondary alcohols;Tertiary alcohols	Alcohol;Carbonyl group;Carboxylic acid;Alpha-hydroxy acid;Cyclitol or derivatives;Cyclic ketone;Cyclic alcohol;Carboxylic acid derivative;Ketone;Tertiary alcohol;Organic oxide;Monocarboxylic acid or derivatives;Organic oxygen compound;Secondary alcohol;Aliphatic homomonocyclic compound;Hydrocarbon derivative;Organooxygen compound
None	OC(=O)C(=O)CS	Organic compounds	Organic acids and derivatives	Keto acids and derivatives	Alpha-keto acids and derivatives	Alpha-keto acids and derivatives	Aliphatic acyclic compounds	Alkylthiols;Alpha-hydroxy ketones;Carboxylic acids;Hydrocarbon derivatives;Monocarboxylic acids and derivatives;Organic oxides;Organosulfur compounds	Aliphatic acyclic compound;Carbonyl group;Carboxylic acid;Organosulfur compound;Alpha-hydroxy ketone;Carboxylic acid derivative;Ketone;Organic oxide;Monocarboxylic acid or derivatives;Organic oxygen compound;Alpha-keto acid;Hydrocarbon derivative;Alkylthiol;Organooxygen compound
None	OC[C@H]1O[C@@H](O)[C@H](O)[C@@H](O)[C@H]1O	Organic compounds	Organic oxygen compounds	Organooxygen compounds	Carbohydrates and carbohydrate conjugates	Monosaccharides	Aliphatic heteromonocyclic compounds	Hemiacetals;Hydrocarbon derivatives;Oxacyclic compounds;Oxanes;Primary alcohols;Secondary alcohols	Alcohol;Monosaccharide;Oxacycle;Aliphatic heteromonocyclic compound;Secondary alcohol;Hemiacetal;Hydrocarbon derivative;Oxane;Primary alcohol;Organoheterocyclic compound
None	CC(C)(CO)C(=O)C(O)=O	Organic compounds	Organic acids and derivatives	Keto acids and derivatives	Short-chain keto acids and derivatives	Short-chain keto acids and derivatives	Aliphatic acyclic compounds	Alcohols and polyols;Alpha-hydroxy ketones;Alpha-keto acids and derivatives;Beta-hydroxy ketones;Carboxylic acids;Fatty Acyls;Hydrocarbon derivatives;Hydroxy fatty acids;Methyl-branched fatty acids;Monocarboxylic acids and derivatives;Organic oxides	Alcohol;Fatty acyl;Beta-hydroxy ketone;Aliphatic acyclic compound;Carbonyl group;Carboxylic acid;Methyl-branched fatty acid;Short-chain keto acid;Alpha-hydroxy ketone;Carboxylic acid derivative;Branched fatty acid;Ketone;Organic oxide;Monocarboxylic acid or derivatives;Organic oxygen compound;Alpha-keto acid;Hydrocarbon derivative;Hydroxy fatty acid;Organooxygen compound
None	OCCC=O	Organic compounds	Organic oxygen compounds	Organooxygen compounds	Carbonyl compounds	Alpha-hydrogen aldehydes	Aliphatic acyclic compounds	Alcohols and polyols;Hydrocarbon derivatives;Organic oxides;Short-chain aldehydes	Alcohol;Aliphatic acyclic compound;Organic oxide;Short-chain aldehyde;Alpha-hydrogen aldehyde;Hydrocarbon derivative
None	CC(=O)OC[C@H](N)C(O)=O	Organic compounds	Organic acids and derivatives	Carboxylic acids and derivatives	Amino acids, peptides, and analogues	Alpha amino acids	Aliphatic acyclic compounds	Carbonyl compounds;Carboxylic acid esters;Carboxylic acids;Dicarboxylic acids and derivatives;Hydrocarbon derivatives;Monoalkylamines;Organic oxides;Organonitrogen compounds;Organopnictogen compounds	Aliphatic acyclic compound;Carbonyl group;Carboxylic acid;Organic oxide;Organic oxygen compound;Carboxylic acid ester;Organonitrogen compound;Alpha-amino acid;Dicarboxylic acid or derivatives;Organopnictogen compound;Hydrocarbon derivative;Primary aliphatic amine;Organic nitrogen compound;Organooxygen compound
None	NCCCN	Organic compounds	Organic nitrogen compounds	Organonitrogen compounds	Organonitrogen compounds	Organonitrogen compounds	Aliphatic acyclic compounds	Hydrocarbon derivatives;Monoalkylamines;Organopnictogen compounds	Aliphatic acyclic compound;Organonitrogen compound;Organopnictogen compound;Hydrocarbon derivative;Primary aliphatic amine
None	OC(=O)COP(O)(O)=O	Organic compounds	Organic acids and derivatives	Organic phosphoric acids and derivatives	Phosphate esters	Monoalkyl phosphates	Aliphatic acyclic compounds	Carbonyl compounds;Carboxylic acids;Hydrocarbon derivatives;Monocarboxylic acids and derivatives;Organic oxides	Aliphatic acyclic compound;Carbonyl group;Carboxylic acid;Carboxylic acid derivative;Organic oxide;Monocarboxylic acid or derivatives;Organic oxygen compound;Monoalkyl phosphate;Hydrocarbon derivative;Organooxygen compound
None	OCCCC(O)=O	Organic compounds	Lipids and lipid-like molecules	Fatty Acyls	Fatty acids and conjugates	Hydroxy fatty acids	Aliphatic acyclic compounds	Alcohols and polyols;Carbonyl compounds;Carboxylic acids;Hydrocarbon derivatives;Monocarboxylic acids and derivatives;Organic oxides;Short-chain hydroxy acids and derivatives;Straight chain fatty acids	Alcohol;Aliphatic acyclic compound;Carbonyl group;Straight chain fatty acid;Carboxylic acid;Short-chain hydroxy acid;Carboxylic acid derivative;Organic oxide;Monocarboxylic acid or derivatives;Organic oxygen compound;Hydrocarbon derivative;Hydroxy fatty acid;Organooxygen compound
None	C[C@@H](N)C(=O)N[C@H](C)C(O)=O	Organic compounds	Organic acids and derivatives	Carboxylic acids and derivatives	Amino acids, peptides, and analogues	Dipeptides	Aliphatic acyclic compounds	Alanine and derivatives;Alpha amino acid amides;Alpha amino acids;Carbonyl compounds;Carboxylic acids;Hydrocarbon derivatives;Monoalkylamines;Monocarboxylic acids and derivatives;N-acyl-alpha amino acids;Organic oxides;Organonitrogen compounds;Organopnictogen compounds;Secondary carboxylic acid amides	Aliphatic acyclic compound;Carbonyl group;Carboxylic acid;Alpha-amino acid amide;N-acyl-alpha-amino acid;Alpha-amino acid or derivatives;Carboxamide group;Alpha-dipeptide;Secondary carboxylic acid amide;Organic oxide;Monocarboxylic acid or derivatives;Organic oxygen compound;Organonitrogen compound;Alpha-amino acid;Organopnictogen compound;Alanine or derivatives;Hydrocarbon derivative;Primary aliphatic amine;Organic nitrogen compound;Organooxygen compound;N-acyl-alpha amino acid or derivatives
None	N[C@@H](COP(O)(O)=O)C(O)=O	Organic compounds	Organic acids and derivatives	Carboxylic acids and derivatives	Amino acids, peptides, and analogues	Alpha amino acids	Aliphatic acyclic compounds	Carbonyl compounds;Carboxylic acids;Hydrocarbon derivatives;Monoalkyl phosphates;Monoalkylamines;Monocarboxylic acids and derivatives;Organic oxides;Organonitrogen compounds;Organopnictogen compounds;Phosphoethanolamines	Aliphatic acyclic compound;Carbonyl group;Carboxylic acid;Phosphoethanolamine;Organic oxide;Monocarboxylic acid or derivatives;Organic oxygen compound;Phosphoric acid ester;Monoalkyl phosphate;Organonitrogen compound;Alpha-amino acid;Organopnictogen compound;Hydrocarbon derivative;Primary aliphatic amine;Organic nitrogen compound;Organic phosphoric acid derivative;Alkyl phosphate;Organooxygen compound
None	OC[C@@H](O)[C@H](O)[C@H](O)CN1C2=CC=CC=C2N=C2C(=O)NC(=O)N=C12	Organic compounds	Organoheterocyclic compounds	Pteridines and derivatives	Alloxazines and isoalloxazines	Alloxazines and isoalloxazines	Aromatic heteropolycyclic compounds	Azacyclic compounds;Benzenoids;Diazanaphthalenes;Heteroaromatic compounds;Hydrocarbon derivatives;Lactams;Organic carbonic acids and derivatives;Organic oxides;Organonitrogen compounds;Organopnictogen compounds;Primary alcohols;Pyrazines;Pyrimidones;Quinoxalines;Secondary alcohols	Lactam;Pyrimidone;Isoalloxazine;Pyrimidine;Organic oxide;Diazanaphthalene;Aromatic heteropolycyclic compound;Organonitrogen compound;Organopnictogen compound;Primary alcohol;Alcohol;Quinoxaline;Carbonic acid derivative;Azacycle;Heteroaromatic compound;Organic oxygen compound;Pyrazine;Secondary alcohol;Hydrocarbon derivative;Benzenoid;Organic nitrogen compound;Organooxygen compound
None	OCCC(O)=O	Organic compounds	Organic acids and derivatives	Hydroxy acids and derivatives	Beta hydroxy acids and derivatives	Beta hydroxy acids and derivatives	Aliphatic acyclic compounds	Alcohols and polyols;Carbonyl compounds;Carboxylic acids;Hydrocarbon derivatives;Monocarboxylic acids and derivatives;Organic oxides	Alcohol;Aliphatic acyclic compound;Carbonyl group;Carboxylic acid;Carboxylic acid derivative;Beta-hydroxy acid;Organic oxide;Monocarboxylic acid or derivatives;Organic oxygen compound;Hydrocarbon derivative;Organooxygen compound
None	C[C@@H]1O[C@@H](O)[C@@H](O)[C@H](O)[C@@H]1O	Organic compounds	Organic oxygen compounds	Organooxygen compounds	Carbohydrates and carbohydrate conjugates	Monosaccharides	Aliphatic heteromonocyclic compounds	Hemiacetals;Hydrocarbon derivatives;Oxacyclic compounds;Oxanes;Secondary alcohols	Alcohol;Monosaccharide;Oxacycle;Aliphatic heteromonocyclic compound;Secondary alcohol;Hemiacetal;Hydrocarbon derivative;Oxane;Organoheterocyclic compound
None	OCC1=C(CC(O)=O)C(CCC(O)=O)=C(CC2=C(CC(O)=O)C(CCC(O)=O)=C(CC3=C(CC(O)=O)C(CCC(O)=O)=C(CC4=C(CC(O)=O)C(CCC(O)=O)=CN4)N3)N2)N1	Organic compounds	Organoheterocyclic compounds	Tetrapyrroles and derivatives	Metallotetrapyrroles	Metallotetrapyrroles	Aromatic heteromonocyclic compounds	Aromatic alcohols;Azacyclic compounds;Carbonyl compounds;Carboxylic acids;Heteroaromatic compounds;Hydrocarbon derivatives;Organic oxides;Organonitrogen compounds;Organopnictogen compounds;Pyrroles	Aromatic alcohol;Alcohol;Carbonyl group;Carboxylic acid;Aromatic heteromonocyclic compound;Azacycle;Heteroaromatic compound;Carboxylic acid derivative;Organic oxide;Organic oxygen compound;Pyrrole;Organonitrogen compound;Organopnictogen compound;Hydrocarbon derivative;Organic nitrogen compound;Metallotetrapyrrole skeleton;Organooxygen compound
None	CC(=O)NCCCCNCCCN	Organic compounds	Organic acids and derivatives	Carboxylic acids and derivatives	Carboxylic acid derivatives	Acetamides	Aliphatic acyclic compounds	Amino acids and derivatives;Carbonyl compounds;Carboxylic acids and derivatives;Dialkylamines;Hydrocarbon derivatives;Monoalkylamines;Organic oxides;Organopnictogen compounds;Secondary carboxylic acid amides	Aliphatic acyclic compound;Secondary aliphatic amine;Carbonyl group;Amino acid or derivatives;Secondary amine;Secondary carboxylic acid amide;Organic oxide;Organic oxygen compound;Organonitrogen compound;Organopnictogen compound;Hydrocarbon derivative;Primary aliphatic amine;Organic nitrogen compound;Acetamide;Organooxygen compound;Amine
None	N[C@@H](CCC(=O)N[C@@H](CSC=O)C(=O)NCC(O)=O)C(O)=O	Organic compounds	Organic acids and derivatives	Carboxylic acids and derivatives	Amino acids, peptides, and analogues	Oligopeptides	Aliphatic acyclic compounds	Acyl glycines;Alpha amino acid amides;Alpha amino acids;Carbonyl compounds;Carbothioic S-esters;Carboxylic acids;Cysteine and derivatives;Dicarboxylic acids and derivatives;Fatty acids and conjugates;Glutamine and derivatives;Hydrocarbon derivatives;Monoalkylamines;N-acyl amines;Organic oxides;Organonitrogen compounds;Organopnictogen compounds;Secondary carboxylic acid amides;Sulfenyl compounds;Thioesters;Thiolactones	Fatty acyl;Aliphatic acyclic compound;Carbonyl group;Carboxylic acid;Glutamine or derivatives;Fatty amide;Fatty acid;Alpha-amino acid or derivatives;Organosulfur compound;Carbothioic s-ester;Organic oxide;Organonitrogen compound;Alpha-amino acid;Organopnictogen compound;Thiolactone;N-acyl-alpha amino acid or derivatives;Thiocarboxylic acid or derivatives;Sulfenyl compound;Alpha-amino acid amide;N-acyl-alpha-amino acid;Thiocarboxylic acid ester;Carboxamide group;N-acyl-amine;N-acylglycine;N-substituted-alpha-amino acid;Secondary carboxylic acid amide;Organic oxygen compound;Cysteine or derivatives;Dicarboxylic acid or derivatives;Hydrocarbon derivative;Primary aliphatic amine;Alpha-oligopeptide;Organic nitrogen compound;Organooxygen compound
None	CC(N)C(N)CCCCCC(O)=O	Organic compounds	Lipids and lipid-like molecules	Fatty Acyls	Fatty acids and conjugates	Medium-chain fatty acids	Aliphatic acyclic compounds	Amino fatty acids;Carbonyl compounds;Carboxylic acids;Hydrocarbon derivatives;Monoalkylamines;Monocarboxylic acids and derivatives;Organic oxides;Organonitrogen compounds;Organopnictogen compounds	Aliphatic acyclic compound;Carbonyl group;Carboxylic acid;Carboxylic acid derivative;Amino fatty acid;Organic oxide;Monocarboxylic acid or derivatives;Organic oxygen compound;Organonitrogen compound;Organopnictogen compound;Hydrocarbon derivative;Medium-chain fatty acid;Primary aliphatic amine;Organic nitrogen compound;Organooxygen compound
None	CC(OC1C(O)C(CO)OC(OP(O)(=O)OP(O)(=O)OCC2OC(C(O)C2O)N2C=CC(=O)NC2=O)C1NC(C)=O)C(O)=O	Organic compounds	Organic oxygen compounds	Organooxygen compounds	Carbohydrates and carbohydrate conjugates	Sugar acids and derivatives	Aromatic heteromonocyclic compounds	Acetamides;Azacyclic compounds;Carbonyl compounds;Carboxylic acids;Dialkyl ethers;Heteroaromatic compounds;Hydrocarbon derivatives;Lactams;Monoalkyl phosphates;Monocarboxylic acids and derivatives;Monosaccharides;N-acyl-alpha-hexosamines;Organic carbonic acids and derivatives;Organic oxides;Organic pyrophosphates;Organonitrogen compounds;Organopnictogen compounds;Oxacyclic compounds;Oxanes;Pentose phosphates;Primary alcohols;Pyrimidine ribonucleoside diphosphates;Pyrimidones;Secondary alcohols;Secondary carboxylic acid amides;Tetrahydrofurans;Vinylogous amides	Carbonyl group;Ether;Lactam;Carboxylic acid;Aromatic heteromonocyclic compound;Pentose phosphate;Monosaccharide;Pentose-5-phosphate;Pyrimidone;Carboxylic acid derivative;Dialkyl ether;Pyrimidine;N-acyl-alpha-hexosamine;Muramic_acid;Organic oxide;Organonitrogen compound;Organopnictogen compound;Oxane;Primary alcohol;Organoheterocyclic compound;Acetamide;Alcohol;Vinylogous amide;Carbonic acid derivative;Azacycle;Tetrahydrofuran;Heteroaromatic compound;Carboxamide group;Organic pyrophosphate;Oxacycle;Secondary carboxylic acid amide;Monocarboxylic acid or derivatives;Pyrimidine ribonucleoside diphosphate;Phosphoric acid ester;Monoalkyl phosphate;Secondary alcohol;Hydrocarbon derivative;Organic nitrogen compound;Organic phosphoric acid derivative;Alkyl phosphate
None	OC(=O)CCC1=C2CC3=C(CCC(O)=O)C(CC(O)=O)=C(CC4=C(CC(O)=O)C(CCC(O)=O)=C(CC5=C(CC(O)=O)C(CCC(O)=O)=C(CC(N2)=C1CC(O)=O)N5)N4)N3	Organic compounds	Organoheterocyclic compounds	Tetrapyrroles and derivatives	Metallotetrapyrroles	Metalloporphyrins	Aromatic heteropolycyclic compounds	Azacyclic compounds;Carbonyl compounds;Carboxylic acids;Heteroaromatic compounds;Hydrocarbon derivatives;Organic oxides;Organonitrogen compounds;Organopnictogen compounds;Porphyrins;Pyrroles	Carbonyl group;Porphyrin;Carboxylic acid;Azacycle;Heteroaromatic compound;Carboxylic acid derivative;Organic oxide;Organic oxygen compound;Aromatic heteropolycyclic compound;Pyrrole;Organonitrogen compound;Organopnictogen compound;Hydrocarbon derivative;Organic nitrogen compound;Organooxygen compound;Metalloporphyrin
None	CC(C)(COP(O)(=O)OP(O)(=O)OC[C@H]1O[C@H]([C@H](O)[C@@H]1OP(O)(O)=O)N1C=NC2=C1N=CN=C2N)[C@@H](O)C(=O)NCCC(=O)NCCSC(=O)CCCCCC(O)=O	Organic compounds	Lipids and lipid-like molecules	Fatty Acyls	Fatty acyl thioesters	Acyl CoAs	Aromatic heteropolycyclic compounds	Amino acids;Azacyclic compounds;Beta amino acids and derivatives;Carbonyl compounds;Carbothioic S-esters;Carboxylic acids;Coenzyme A and derivatives;Heteroaromatic compounds;Hydrocarbon derivatives;Hydroxy fatty acids;Imidazoles;Imidolactams;Medium-chain fatty acids;Medium-chain hydroxy acids and derivatives;Monoalkyl phosphates;Monocarboxylic acids and derivatives;Monosaccharides;N-acyl amines;N-substituted imidazoles;Organic oxides;Organic pyrophosphates;Organopnictogen compounds;Oxacyclic compounds;Pentose phosphates;Primary amines;Purine ribonucleoside diphosphates;Purines and purine derivatives;Pyrimidines and pyrimidine derivatives;Ribonucleoside 3'-phosphates;Secondary alcohols;Secondary carboxylic acid amides;Sulfenyl compounds;Tetrahydrofurans;Thioesters;Thiolactones	Carboxylic acid;Amino acid or derivatives;Monosaccharide;Pentose-5-phosphate;Imidazopyrimidine;Medium-chain hydroxy acid;Carbothioic s-ester;Saccharide;Purine ribonucleoside diphosphate;Organonitrogen compound;Hydroxy fatty acid;Organoheterocyclic compound;Alcohol;Sulfenyl compound;Azacycle;Thiocarboxylic acid ester;Heteroaromatic compound;Organic pyrophosphate;Secondary carboxylic acid amide;Monoalkyl phosphate;Hydrocarbon derivative;Primary amine;Amine;Coenzyme a or derivatives;Carbonyl group;Pentose phosphate;Amino acid;Fatty amide;Fatty acid;Organosulfur compound;Carboxylic acid derivative;Pyrimidine;Organic oxide;Aromatic heteropolycyclic compound;Imidazole;Organopnictogen compound;Medium-chain fatty acid;Imidolactam;Thiolactone;Azole;N-substituted imidazole;Purine ribonucleoside 3',5'-bisphosphate;Ribonucleoside 3'-phosphate;Thiocarboxylic acid or derivatives;Tetrahydrofuran;Carboxamide group;N-acyl-amine;Beta amino acid or derivatives;Oxacycle;Monocarboxylic acid or derivatives;Organic oxygen compound;Phosphoric acid ester;Secondary alcohol;Purine;Organic nitrogen compound;Organic phosphoric acid derivative;Alkyl phosphate;Organooxygen compound
None	CC(=O)OCCC(N)C(O)=O	Organic compounds	Organic acids and derivatives	Carboxylic acids and derivatives	Amino acids, peptides, and analogues	Alpha amino acids	Aliphatic acyclic compounds	Carbonyl compounds;Carboxylic acid esters;Carboxylic acids;Dicarboxylic acids and derivatives;Fatty acids and conjugates;Hydrocarbon derivatives;Monoalkylamines;Organic oxides;Organonitrogen compounds;Organopnictogen compounds;Short-chain hydroxy acids and derivatives	Aliphatic acyclic compound;Carbonyl group;Carboxylic acid;Short-chain hydroxy acid;Fatty acid;Organic oxide;Organic oxygen compound;Carboxylic acid ester;Organonitrogen compound;Alpha-amino acid;Dicarboxylic acid or derivatives;Organopnictogen compound;Hydrocarbon derivative;Primary aliphatic amine;Organic nitrogen compound;Organooxygen compound
None	CC1=C2CC3=C(C)C(C=C)=C(CC4=C(C)C(C=C)=C(CC5=C(C)C(CCC(O)=O)=C(CC(N2)=C1CCC(O)=O)N5)N4)N3	Organic compounds	Organoheterocyclic compounds	Tetrapyrroles and derivatives	Metallotetrapyrroles	Metalloporphyrins	Aromatic heteropolycyclic compounds	Azacyclic compounds;Carbonyl compounds;Carboxylic acids;Dicarboxylic acids and derivatives;Heteroaromatic compounds;Hydrocarbon derivatives;Organic oxides;Organonitrogen compounds;Organopnictogen compounds;Porphyrins;Pyrroles	Carbonyl group;Porphyrin;Carboxylic acid;Azacycle;Heteroaromatic compound;Carboxylic acid derivative;Organic oxide;Organic oxygen compound;Aromatic heteropolycyclic compound;Pyrrole;Organonitrogen compound;Dicarboxylic acid or derivatives;Organopnictogen compound;Hydrocarbon derivative;Organic nitrogen compound;Organooxygen compound;Metalloporphyrin
None	CC1=C(CCOP(O)(O)=O)SC=[N+]1CC1=CN=C(C)N=C1N	Organic compounds	Organoheterocyclic compounds	Diazines	Pyrimidines and pyrimidine derivatives	Thiamine phosphates	Aromatic heteromonocyclic compounds	4,5-disubstituted thiazoles;Azacyclic compounds;Heteroaromatic compounds;Hydrocarbon derivatives;Imidolactams;Monoalkyl phosphates;Organic cations;Organic oxides;Organooxygen compounds;Organopnictogen compounds;Primary amines	Aromatic heteromonocyclic compound;Organic oxide;Organonitrogen compound;Organopnictogen compound;Organic cation;Imidolactam;Thiamine-phosphate;Azole;Azacycle;Heteroaromatic compound;4,5-disubstituted 1,3-thiazole;Organic oxygen compound;Phosphoric acid ester;Monoalkyl phosphate;Hydrocarbon derivative;Primary amine;Organic nitrogen compound;Thiazole;Organic phosphoric acid derivative;Amine;Alkyl phosphate;Organooxygen compound
None	OC[C@H]1O[C@H](O[C@H]2O[C@H](CO)[C@@H](O)[C@H](O)[C@H]2O)[C@H](O)[C@@H](O)[C@@H]1O	Organic compounds	Organic oxygen compounds	Organooxygen compounds	Carbohydrates and carbohydrate conjugates	Monosaccharides	Aliphatic heteromonocyclic compounds	Acetals;Hydrocarbon derivatives;Oxacyclic compounds;Oxanes;Primary alcohols;Secondary alcohols	Alcohol;Monosaccharide;Oxacycle;Acetal;Aliphatic heteromonocyclic compound;Secondary alcohol;Hydrocarbon derivative;Oxane;Primary alcohol;Organoheterocyclic compound
None	O[C@H](CCC(O)=O)C(O)=O	Organic compounds	Lipids and lipid-like molecules	Fatty Acyls	Fatty acids and conjugates	Hydroxy fatty acids	Aliphatic acyclic compounds	Alpha hydroxy acids and derivatives;Carbonyl compounds;Carboxylic acids;Dicarboxylic acids and derivatives;Hydrocarbon derivatives;Monosaccharides;Organic oxides;Secondary alcohols;Short-chain hydroxy acids and derivatives	Alcohol;Aliphatic acyclic compound;Carbonyl group;Carboxylic acid;Short-chain hydroxy acid;Alpha-hydroxy acid;Monosaccharide;Hydroxy acid;Carboxylic acid derivative;Saccharide;Organic oxide;Organic oxygen compound;Secondary alcohol;Dicarboxylic acid or derivatives;Hydrocarbon derivative;Hydroxy fatty acid;Organooxygen compound
None	C[C@H](N)C(=O)CCCCCC(O)=O	Organic compounds	Lipids and lipid-like molecules	Fatty Acyls	Fatty acids and conjugates	Medium-chain fatty acids	Aliphatic acyclic compounds	Amino fatty acids;Carboxylic acids;Hydrocarbon derivatives;Ketones;Monoalkylamines;Monocarboxylic acids and derivatives;Organic oxides;Organonitrogen compounds;Organopnictogen compounds	Aliphatic acyclic compound;Carbonyl group;Carboxylic acid;Carboxylic acid derivative;Amino fatty acid;Ketone;Organic oxide;Monocarboxylic acid or derivatives;Organic oxygen compound;Organonitrogen compound;Organopnictogen compound;Hydrocarbon derivative;Medium-chain fatty acid;Primary aliphatic amine;Organic nitrogen compound;Organooxygen compound
None	[H][C@@]12CC[C@H]([C@H](C)CCC(O)=O)[C@@]1(C)[C@@H](O)C[C@@]1([H])[C@@]2([H])[C@H](O)[C@@H](O)[C@]2([H])C[C@H](O)CC[C@]12C	Organic compounds	Lipids and lipid-like molecules	Steroids and steroid derivatives	Bile acids, alcohols and derivatives	Bile acids, alcohols and derivatives	Aliphatic homopolycyclic compounds	12-hydroxysteroids;3-hydroxysteroids;6-hydroxysteroids;7-hydroxysteroids;Carbonyl compounds;Carboxylic acids;Cyclic alcohols and derivatives;Hydrocarbon derivatives;Monocarboxylic acids and derivatives;Organic oxides;Secondary alcohols	Alcohol;Carbonyl group;12-hydroxysteroid;Carboxylic acid;3-hydroxysteroid;Hydroxysteroid;Cyclic alcohol;7-hydroxysteroid;Carboxylic acid derivative;Bile acid, alcohol, or derivatives;Aliphatic homopolycyclic compound;Organic oxide;Monocarboxylic acid or derivatives;Organic oxygen compound;Secondary alcohol;Hydrocarbon derivative;6-hydroxysteroid;Organooxygen compound
None	OCC(O)C(O)C(O)C(O)COP(O)(O)=O	Organic compounds	Organic acids and derivatives	Organic phosphoric acids and derivatives	Phosphate esters	Monoalkyl phosphates	Aliphatic acyclic compounds	Hydrocarbon derivatives;Monosaccharides;Organic oxides;Primary alcohols;Secondary alcohols	Alcohol;Aliphatic acyclic compound;Monosaccharide;Saccharide;Organic oxide;Organic oxygen compound;Monoalkyl phosphate;Secondary alcohol;Hydrocarbon derivative;Primary alcohol;Organooxygen compound
None	OCC1(O)O[C@H](COP(O)(O)=O)[C@H](O)[C@@H]1O	Organic compounds	Organic oxygen compounds	Organooxygen compounds	Carbohydrates and carbohydrate conjugates	Pentose phosphates	Aliphatic heteromonocyclic compounds	Hemiacetals;Hydrocarbon derivatives;Monoalkyl phosphates;Monosaccharides;Organic oxides;Oxacyclic compounds;Secondary alcohols;Tetrahydrofurans	Alcohol;Tetrahydrofuran;Pentose phosphate;Pentose-5-phosphate;Oxacycle;Organic oxide;Phosphoric acid ester;Monoalkyl phosphate;Aliphatic heteromonocyclic compound;Secondary alcohol;Hemiacetal;Hydrocarbon derivative;Organic phosphoric acid derivative;Alkyl phosphate;Organoheterocyclic compound
None	N[C@H](COP(O)(O)=O)CC1=CNC=N1	Organic compounds	Organic acids and derivatives	Organic phosphoric acids and derivatives	Phosphate esters	Phosphoethanolamines	Aromatic heteromonocyclic compounds	Azacyclic compounds;Heteroaromatic compounds;Hydrocarbon derivatives;Imidazoles;Monoalkyl phosphates;Monoalkylamines;Organic oxides;Organonitrogen compounds;Organooxygen compounds;Organopnictogen compounds	Aromatic heteromonocyclic compound;Azacycle;Heteroaromatic compound;Phosphoethanolamine;Organic oxide;Organic oxygen compound;Imidazole;Monoalkyl phosphate;Organonitrogen compound;Organopnictogen compound;Hydrocarbon derivative;Primary aliphatic amine;Organic nitrogen compound;Alkyl phosphate;Organoheterocyclic compound;Organooxygen compound;Azole
None	N[C@@H](CCOP(O)(O)=O)C(O)=O	Organic compounds	Organic acids and derivatives	Carboxylic acids and derivatives	Amino acids, peptides, and analogues	Alpha amino acids	Aliphatic acyclic compounds	Carbonyl compounds;Carboxylic acids;Fatty acids and conjugates;Hydrocarbon derivatives;Monoalkyl phosphates;Monoalkylamines;Monocarboxylic acids and derivatives;Organic oxides;Organonitrogen compounds;Organopnictogen compounds;Short-chain hydroxy acids and derivatives	Aliphatic acyclic compound;Carbonyl group;Carboxylic acid;Short-chain hydroxy acid;Fatty acid;Organic oxide;Monocarboxylic acid or derivatives;Organic oxygen compound;Phosphoric acid ester;Monoalkyl phosphate;Organonitrogen compound;Alpha-amino acid;Organopnictogen compound;Hydrocarbon derivative;Primary aliphatic amine;Organic nitrogen compound;Organic phosphoric acid derivative;Alkyl phosphate;Organooxygen compound
None	O[C@H]1[C@@H](O)[C@@H](O[C@@H]1COP(O)(O)=O)N1C(=O)NC(=O)C=C1C(O)=O	Organic compounds	Nucleosides, nucleotides, and analogues	Pyrimidine nucleotides	Pyrimidine ribonucleotides	Pyrimidine ribonucleoside monophosphates	Aromatic heteromonocyclic compounds	1,2-diols;Azacyclic compounds;Carboxylic acids;Heteroaromatic compounds;Hydrocarbon derivatives;Lactams;Monoalkyl phosphates;Monocarboxylic acids and derivatives;Monosaccharides;Organic carbonic acids and derivatives;Organic oxides;Organonitrogen compounds;Organopnictogen compounds;Oxacyclic compounds;Pentose phosphates;Pyrimidinecarboxylic acids;Pyrimidones;Secondary alcohols;Tetrahydrofurans;Vinylogous amides	Lactam;Carboxylic acid;Aromatic heteromonocyclic compound;Pentose phosphate;Monosaccharide;Pentose-5-phosphate;Pyrimidone;Carboxylic acid derivative;Pyrimidine;Saccharide;Organic oxide;Organonitrogen compound;Organopnictogen compound;Pyrimidine-6-carboxylic acid;Organoheterocyclic compound;1,2-diol;Alcohol;Vinylogous amide;Carbonic acid derivative;Azacycle;Tetrahydrofuran;Heteroaromatic compound;Oxacycle;Pyrimidine ribonucleoside monophosphate;Monocarboxylic acid or derivatives;Organic oxygen compound;Phosphoric acid ester;Monoalkyl phosphate;Secondary alcohol;Hydrocarbon derivative;Organic nitrogen compound;Pyrimidine-6-carboxylic acid or derivatives;Organic phosphoric acid derivative;Alkyl phosphate;Organooxygen compound
None	C[N+](C)(C)[O-]	Organic compounds	Organic nitrogen compounds	Organonitrogen compounds	Aminoxides	Trialkyl amine oxides	Aliphatic acyclic compounds	Hydrocarbon derivatives;Organic oxides;Organic oxoanionic compounds;Organopnictogen compounds;Trisubstituted amine oxides and derivatives	Aliphatic acyclic compound;N-oxide;Trialkyl amine oxide;Organic oxide;Organic oxygen compound;Trisubstituted n-oxide;Organopnictogen compound;Hydrocarbon derivative;Organic Hyponitrite
None	O[C@H](COP(O)(O)=O)[C@@H](O)[C@H](O)C=O	Organic compounds	Organic oxygen compounds	Organooxygen compounds	Carbohydrates and carbohydrate conjugates	Pentose phosphates	Aliphatic acyclic compounds	Alpha-hydroxyaldehydes;Beta-hydroxy aldehydes;Hydrocarbon derivatives;Monoalkyl phosphates;Monosaccharides;Organic oxides;Secondary alcohols	Alcohol;Aliphatic acyclic compound;Beta-hydroxy aldehyde;Carbonyl group;Pentose phosphate;Aldehyde;Organic oxide;Alpha-hydroxyaldehyde;Phosphoric acid ester;Monoalkyl phosphate;Secondary alcohol;Hydrocarbon derivative;Organic phosphoric acid derivative;Alkyl phosphate
None	NC(CCOC(=O)CCC(O)=O)C(O)=O	Organic compounds	Organic acids and derivatives	Carboxylic acids and derivatives	Amino acids, peptides, and analogues	Alpha amino acids	Aliphatic acyclic compounds	Carbonyl compounds;Carboxylic acid esters;Carboxylic acids;Fatty acid esters;Hydrocarbon derivatives;Monoalkylamines;Organic oxides;Organonitrogen compounds;Organopnictogen compounds;Tricarboxylic acids and derivatives	Fatty acyl;Aliphatic acyclic compound;Carbonyl group;Carboxylic acid;Tricarboxylic acid or derivatives;Fatty acid ester;Organic oxide;Organic oxygen compound;Carboxylic acid ester;Organonitrogen compound;Alpha-amino acid;Organopnictogen compound;Hydrocarbon derivative;Primary aliphatic amine;Organic nitrogen compound;Organooxygen compound
None	OC(CC(=O)C(O)=O)C(O)=O	Organic compounds	Organic acids and derivatives	Keto acids and derivatives	Gamma-keto acids and derivatives	Gamma-keto acids and derivatives	Aliphatic acyclic compounds	Alpha hydroxy acids and derivatives;Alpha-hydroxy ketones;Alpha-keto acids and derivatives;Beta-hydroxy ketones;Carboxylic acids;Dicarboxylic acids and derivatives;Fatty Acyls;Hydrocarbon derivatives;Hydroxy fatty acids;Organic oxides;Secondary alcohols;Short-chain keto acids and derivatives	Alcohol;Fatty acyl;Beta-hydroxy ketone;Aliphatic acyclic compound;Carbonyl group;Carboxylic acid;Alpha-hydroxy acid;Short-chain keto acid;Hydroxy acid;Alpha-hydroxy ketone;Carboxylic acid derivative;Gamma-keto acid;Ketone;Organic oxide;Organic oxygen compound;Alpha-keto acid;Secondary alcohol;Dicarboxylic acid or derivatives;Hydrocarbon derivative;Hydroxy fatty acid;Organooxygen compound
None	CC(=O)N[C@H]1[C@@H](O)O[C@H](CO)[C@H](O)[C@@H]1O	Organic compounds	Organic oxygen compounds	Organooxygen compounds	Carbohydrates and carbohydrate conjugates	Acylaminosugars	Aliphatic heteromonocyclic compounds	Acetamides;Carbonyl compounds;Carboxylic acids and derivatives;Hemiacetals;Hydrocarbon derivatives;Monosaccharides;N-acyl-alpha-hexosamines;Organic oxides;Organonitrogen compounds;Organopnictogen compounds;Oxacyclic compounds;Oxanes;Primary alcohols;Secondary alcohols;Secondary carboxylic acid amides	Carbonyl group;Monosaccharide;Carboxylic acid derivative;N-acyl-alpha-hexosamine;Organic oxide;Aliphatic heteromonocyclic compound;Organonitrogen compound;Organopnictogen compound;Hemiacetal;Oxane;Primary alcohol;Organoheterocyclic compound;Acetamide;Alcohol;Carboxamide group;Acylaminosugar;Oxacycle;Secondary carboxylic acid amide;Secondary alcohol;Hydrocarbon derivative;Organic nitrogen compound
None	CC(C)(COP(O)(O)=O)[C@@H](O)C(=O)NCCC(=O)NCCS	Organic compounds	Organic acids and derivatives	Carboxylic acids and derivatives	Amino acids, peptides, and analogues	Beta amino acids and derivatives	Aliphatic acyclic compounds	Alkylthiols;Carbonyl compounds;Carboxylic acids and derivatives;Hydrocarbon derivatives;Monoalkyl phosphates;Monosaccharides;N-acyl amines;Organic oxides;Organonitrogen compounds;Organopnictogen compounds;Organosulfur compounds;Secondary alcohols;Secondary carboxylic acid amides	Fatty acyl;Aliphatic acyclic compound;Carbonyl group;Fatty amide;Monosaccharide;Organosulfur compound;Saccharide;Organic oxide;Organonitrogen compound;Organopnictogen compound;Alcohol;Carboxamide group;N-acyl-amine;Beta amino acid or derivatives;Secondary carboxylic acid amide;Organic oxygen compound;Phosphoric acid ester;Monoalkyl phosphate;Secondary alcohol;Hydrocarbon derivative;Organic nitrogen compound;Organic phosphoric acid derivative;Alkylthiol;Alkyl phosphate;Organooxygen compound
None	C[S+](CCCN)C[C@H]1O[C@H]([C@H](O)[C@@H]1O)N1C=NC2=C1N=CN=C2N	Organic compounds	Nucleosides, nucleotides, and analogues	5'-deoxyribonucleosides	5'-deoxy-5'-thionucleosides	5'-deoxy-5'-thionucleosides	Aromatic heteropolycyclic compounds	1,2-diols;Azacyclic compounds;Heteroaromatic compounds;Hydrocarbon derivatives;Imidazoles;Imidolactams;Monoalkylamines;Monosaccharides;N-substituted imidazoles;Organic cations;Organic sulfonium compounds;Organopnictogen compounds;Oxacyclic compounds;Purines and purine derivatives;Pyrimidines and pyrimidine derivatives;Secondary alcohols;Tetrahydrofurans	Monosaccharide;Imidazopyrimidine;Organosulfur compound;Pyrimidine;Saccharide;Aromatic heteropolycyclic compound;Imidazole;Organonitrogen compound;Organopnictogen compound;Organic cation;Imidolactam;Organoheterocyclic compound;Azole;1,2-diol;N-substituted imidazole;Alcohol;Azacycle;Tetrahydrofuran;5'-deoxy-5'-thionucleoside;Heteroaromatic compound;Oxacycle;Organic oxygen compound;Organic_Sulfonium;Secondary alcohol;Hydrocarbon derivative;Primary aliphatic amine;Primary amine;Purine;Organic nitrogen compound;Amine;Organooxygen compound
None	NCCC[C@H](N)CC(O)=O	Organic compounds	Organic acids and derivatives	Carboxylic acids and derivatives	Amino acids, peptides, and analogues	Beta amino acids and derivatives	Aliphatic acyclic compounds	Amino fatty acids;Carbonyl compounds;Carboxylic acids;Hydrocarbon derivatives;Medium-chain fatty acids;Monoalkylamines;Monocarboxylic acids and derivatives;Organic oxides;Organonitrogen compounds;Organopnictogen compounds	Fatty acyl;Aliphatic acyclic compound;Carbonyl group;Carboxylic acid;Fatty acid;Amino fatty acid;Beta amino acid or derivatives;Organic oxide;Monocarboxylic acid or derivatives;Organic oxygen compound;Organonitrogen compound;Organopnictogen compound;Hydrocarbon derivative;Medium-chain fatty acid;Primary aliphatic amine;Organic nitrogen compound;Organooxygen compound
None	[H][C@@](C)(O)CC(=O)SCCN=C(O)CCN=C(O)C([H])(O)C(C)(C)COP(O)(=O)OP(O)(=O)OC[C@@]1([H])O[C@@]([H])(N2C=NC3=C(N)N=CN=C23)[C@]([H])(O)[C@]1([H])OP(O)(O)=O	Organic compounds	Lipids and lipid-like molecules	Fatty Acyls	Fatty acyl thioesters	Acyl CoAs	Aromatic heteropolycyclic compounds	Amino acids and derivatives;Azacyclic compounds;Carbonyl compounds;Carbothioic S-esters;Carboximidic acids;Carboxylic acids and derivatives;Coenzyme A and derivatives;Heteroaromatic compounds;Hydrocarbon derivatives;Imidazoles;Imidolactams;Monoalkyl phosphates;Monosaccharides;N-substituted imidazoles;Organic oxides;Organic pyrophosphates;Organopnictogen compounds;Oxacyclic compounds;Pentose phosphates;Primary amines;Propargyl-type 1,3-dipolar organic compounds;Purine ribonucleoside diphosphates;Purines and purine derivatives;Pyrimidines and pyrimidine derivatives;Ribonucleoside 3'-phosphates;Secondary alcohols;Sulfenyl compounds;Tetrahydrofurans;Thioesters;Thiolactones	Carboximidic acid;Amino acid or derivatives;Monosaccharide;Pentose-5-phosphate;Imidazopyrimidine;Carbothioic s-ester;Saccharide;Purine ribonucleoside diphosphate;Organonitrogen compound;Organoheterocyclic compound;Alcohol;Sulfenyl compound;Azacycle;Thiocarboxylic acid ester;Heteroaromatic compound;Organic 1,3-dipolar compound;Organic pyrophosphate;Monoalkyl phosphate;Hydrocarbon derivative;Primary amine;Amine;Coenzyme a or derivatives;Carbonyl group;Pentose phosphate;Organosulfur compound;Carboxylic acid derivative;Pyrimidine;Propargyl-type 1,3-dipolar organic compound;Organic oxide;Aromatic heteropolycyclic compound;Imidazole;Organopnictogen compound;Imidolactam;Thiolactone;Azole;N-substituted imidazole;Purine ribonucleoside 3',5'-bisphosphate;Ribonucleoside 3'-phosphate;Thiocarboxylic acid or derivatives;Tetrahydrofuran;Oxacycle;Organic oxygen compound;Phosphoric acid ester;Secondary alcohol;Purine;Organic nitrogen compound;Organic phosphoric acid derivative;Alkyl phosphate;Organooxygen compound
None	OC(C=O)C(O)=O	Organic compounds	Organic acids and derivatives	Hydroxy acids and derivatives	Alpha hydroxy acids and derivatives	Alpha hydroxy acids and derivatives	Aliphatic acyclic compounds	1,3-dicarbonyl compounds;Alpha-hydroxyaldehydes;Carboxylic acids;Hydrocarbon derivatives;Monocarboxylic acids and derivatives;Monosaccharides;Organic oxides;Secondary alcohols;Short-chain aldehydes	Alcohol;Aliphatic acyclic compound;Carbonyl group;Short-chain aldehyde;Carboxylic acid;Alpha-hydroxy acid;Monosaccharide;Aldehyde;Carboxylic acid derivative;Saccharide;Organic oxide;Monocarboxylic acid or derivatives;Alpha-hydroxyaldehyde;Organic oxygen compound;Secondary alcohol;Hydrocarbon derivative;1,3-dicarbonyl compound;Organooxygen compound
None	O[C@H]1[C@@H](O)[C@@H](OP(O)(O)=O)O[C@@H]1COP(O)(O)=O	Organic compounds	Organic oxygen compounds	Organooxygen compounds	Carbohydrates and carbohydrate conjugates	Pentose phosphates	Aliphatic heteromonocyclic compounds	1,2-diols;Hydrocarbon derivatives;Monoalkyl phosphates;Monosaccharides;Organic oxides;Oxacyclic compounds;Secondary alcohols;Tetrahydrofurans	Alcohol;Tetrahydrofuran;Pentose phosphate;Pentose-5-phosphate;Oxacycle;Organic oxide;Phosphoric acid ester;Monoalkyl phosphate;Aliphatic heteromonocyclic compound;Secondary alcohol;Hydrocarbon derivative;Organic phosphoric acid derivative;Alkyl phosphate;Organoheterocyclic compound;1,2-diol
None	O[C@H]1CN[C@@H](C1)C(O)=O	Organic compounds	Organic acids and derivatives	Carboxylic acids and derivatives	Amino acids, peptides, and analogues	Proline and derivatives	Aliphatic heteromonocyclic compounds	Alpha amino acids;Amino acids;Azacyclic compounds;Carbonyl compounds;Carboxylic acids;Dialkylamines;Hydrocarbon derivatives;Monocarboxylic acids and derivatives;Organic oxides;Organopnictogen compounds;Pyrrolidine carboxylic acids;Secondary alcohols	Carbonyl group;Carboxylic acid;Amino acid;Organic oxide;Pyrrolidine carboxylic acid;Aliphatic heteromonocyclic compound;Organonitrogen compound;Alpha-amino acid;Organopnictogen compound;Pyrrolidine;Organoheterocyclic compound;Proline or derivatives;Alcohol;Secondary aliphatic amine;Azacycle;Secondary amine;Monocarboxylic acid or derivatives;Pyrrolidine carboxylic acid or derivatives;Organic oxygen compound;Secondary alcohol;Hydrocarbon derivative;Organic nitrogen compound;Organooxygen compound;Amine
None	OC(=O)CC1=CC(O)=C(O)C=C1	Organic compounds	Benzenoids	Phenols	1-hydroxy-2-unsubstituted benzenoids	1-hydroxy-2-unsubstituted benzenoids	Aromatic homomonocyclic compounds	1-hydroxy-4-unsubstituted benzenoids;Benzene and substituted derivatives;Carbonyl compounds;Carboxylic acids;Hydrocarbon derivatives;Monocarboxylic acids and derivatives;Organic oxides	Monocyclic benzene moiety;Carbonyl group;Carboxylic acid;1-hydroxy-2-unsubstituted benzenoid;1-hydroxy-4-unsubstituted benzenoid;Carboxylic acid derivative;Aromatic homomonocyclic compound;Organic oxide;Monocarboxylic acid or derivatives;Organic oxygen compound;Hydrocarbon derivative;Organooxygen compound
None	N[C@@H](CCC=O)C(O)=O	Organic compounds	Organic acids and derivatives	Carboxylic acids and derivatives	Amino acids, peptides, and analogues	Alpha amino acids	Aliphatic acyclic compounds	Alpha-hydrogen aldehydes;Carboxylic acids;Fatty acids and conjugates;Hydrocarbon derivatives;Monoalkylamines;Monocarboxylic acids and derivatives;Organic oxides;Organonitrogen compounds;Organopnictogen compounds	Aliphatic acyclic compound;Carbonyl group;Carboxylic acid;Fatty acid;Aldehyde;Organic oxide;Monocarboxylic acid or derivatives;Organic oxygen compound;Alpha-hydrogen aldehyde;Organonitrogen compound;Alpha-amino acid;Organopnictogen compound;Hydrocarbon derivative;Primary aliphatic amine;Organic nitrogen compound;Organooxygen compound
None	O[C@H]1[C@@H](O)[C@@H](O[C@@H]1COP(O)(O)=O)C1=CNC(=O)NC1=O	Organic compounds	Organic oxygen compounds	Organooxygen compounds	Carbohydrates and carbohydrate conjugates	Pentose phosphates	Aromatic heteromonocyclic compounds	1,2-diols;Azacyclic compounds;Dialkyl ethers;Heteroaromatic compounds;Hydrocarbon derivatives;Lactams;Monoalkyl phosphates;Monosaccharides;Organic carbonic acids and derivatives;Organic oxides;Organonitrogen compounds;Organopnictogen compounds;Oxacyclic compounds;Pyrimidones;Secondary alcohols;Tetrahydrofurans;Vinylogous amides	Ether;Lactam;Aromatic heteromonocyclic compound;Pentose phosphate;Pentose-5-phosphate;Pyrimidone;Dialkyl ether;Pyrimidine;Organic oxide;Organonitrogen compound;Organopnictogen compound;Organoheterocyclic compound;1,2-diol;Alcohol;Vinylogous amide;Carbonic acid derivative;Azacycle;Tetrahydrofuran;Heteroaromatic compound;Oxacycle;Phosphoric acid ester;Monoalkyl phosphate;Secondary alcohol;Hydrocarbon derivative;Organic nitrogen compound;Organic phosphoric acid derivative;Alkyl phosphate
None	CC(=O)N[C@@H]1[C@H](O)[C@@H](O)[C@H](CO)OC1OP(O)(=O)OP(O)(=O)OC[C@@H]1O[C@@H]([C@@H](O)[C@H]1O)N1C=CC(=O)NC1=O	Organic compounds	Organic oxygen compounds	Organooxygen compounds	Carbohydrates and carbohydrate conjugates	Monosaccharides	Aromatic heteromonocyclic compounds	Acetamides;Azacyclic compounds;Carbonyl compounds;Carboxylic acids and derivatives;Heteroaromatic compounds;Hydrocarbon derivatives;Lactams;Monoalkyl phosphates;N-acyl-alpha-hexosamines;Organic carbonic acids and derivatives;Organic oxides;Organic pyrophosphates;Organonitrogen compounds;Organopnictogen compounds;Oxacyclic compounds;Oxanes;Pentose phosphates;Primary alcohols;Pyrimidine ribonucleoside diphosphates;Pyrimidones;Secondary alcohols;Secondary carboxylic acid amides;Tetrahydrofurans;Vinylogous amides	Carbonyl group;Lactam;Aromatic heteromonocyclic compound;Pentose phosphate;Monosaccharide;Pentose-5-phosphate;Pyrimidone;Carboxylic acid derivative;Pyrimidine;N-acyl-alpha-hexosamine;Organic oxide;Organonitrogen compound;Organopnictogen compound;Oxane;Primary alcohol;Organoheterocyclic compound;Acetamide;Alcohol;Vinylogous amide;Carbonic acid derivative;Azacycle;Tetrahydrofuran;Heteroaromatic compound;Carboxamide group;Organic pyrophosphate;Oxacycle;Secondary carboxylic acid amide;Pyrimidine ribonucleoside diphosphate;Phosphoric acid ester;Monoalkyl phosphate;Secondary alcohol;Hydrocarbon derivative;Organic nitrogen compound;Organic phosphoric acid derivative;Alkyl phosphate
None	O[C@@H]1O[C@H](COP(O)(O)=O)[C@@H](O)[C@H](O)[C@H]1O	Organic compounds	Organic oxygen compounds	Organooxygen compounds	Carbohydrates and carbohydrate conjugates	Hexose phosphates	Aliphatic heteromonocyclic compounds	Hemiacetals;Hydrocarbon derivatives;Monoalkyl phosphates;Monosaccharides;Organic oxides;Oxacyclic compounds;Oxanes;Secondary alcohols	Alcohol;Oxacycle;Organic oxide;Phosphoric acid ester;Monoalkyl phosphate;Aliphatic heteromonocyclic compound;Secondary alcohol;Hexose Phosphate;Hemiacetal;Hydrocarbon derivative;Oxane;Organic phosphoric acid derivative;Alkyl phosphate;Organoheterocyclic compound
None	O[C@@H]1[C@@H](O)[C@H](O)[C@@H](OP(O)(O)=O)[C@H](O)[C@@H]1O	Organic compounds	Organic oxygen compounds	Organooxygen compounds	Alcohols and polyols	Inositol phosphates	Aliphatic homomonocyclic compounds	Cyclohexanols;Hydrocarbon derivatives;Monoalkyl phosphates;Organic oxides	Cyclohexanol;Inositol phosphate;Organic oxide;Phosphoric acid ester;Monoalkyl phosphate;Secondary alcohol;Aliphatic homomonocyclic compound;Hydrocarbon derivative;Organic phosphoric acid derivative;Alkyl phosphate
None	OC(=O)C(=O)CC1=CC=C(O)C=C1	Organic compounds	Benzenoids	Benzene and substituted derivatives	Phenylpyruvic acid derivatives	Phenylpyruvic acid derivatives	Aromatic homomonocyclic compounds	1-hydroxy-2-unsubstituted benzenoids;Alpha-hydroxy ketones;Alpha-keto acids and derivatives;Carboxylic acids;Hydrocarbon derivatives;Monocarboxylic acids and derivatives;Organic oxides;Phenylpropanoic acids	Carbonyl group;Carboxylic acid;Phenylpyruvate;3-Phenylpropanoic-acid;1-hydroxy-2-unsubstituted benzenoid;Alpha-hydroxy ketone;Carboxylic acid derivative;Ketone;Aromatic homomonocyclic compound;Organic oxide;Monocarboxylic acid or derivatives;Organic oxygen compound;Keto acid;Alpha-keto acid;Phenol;Hydrocarbon derivative;Organooxygen compound
None	CSCCC(=O)C(O)=O	Organic compounds	Organic acids and derivatives	Keto acids and derivatives	Short-chain keto acids and derivatives	Short-chain keto acids and derivatives	Aliphatic acyclic compounds	Alpha-hydroxy ketones;Alpha-keto acids and derivatives;Carboxylic acids;Dialkylthioethers;Fatty Acyls;Hydrocarbon derivatives;Monocarboxylic acids and derivatives;Organic oxides;Sulfenyl compounds;Thia fatty acids	Fatty acyl;Aliphatic acyclic compound;Carbonyl group;Carboxylic acid;Sulfenyl compound;Dialkylthioether;Short-chain keto acid;Organosulfur compound;Alpha-hydroxy ketone;Carboxylic acid derivative;Ketone;Organic oxide;Monocarboxylic acid or derivatives;Thia fatty acid;Organic oxygen compound;Thioether;Alpha-keto acid;Hydrocarbon derivative;Organooxygen compound
None	C[N+](C)(C)CCCC([O-])=O	Organic compounds	Lipids and lipid-like molecules	Fatty Acyls	Fatty acids and conjugates	Straight chain fatty acids	Aliphatic acyclic compounds	Amines;Carbonyl compounds;Carboxylic acid salts;Carboxylic acids;Hydrocarbon derivatives;Monocarboxylic acids and derivatives;Organic oxides;Organic salts;Organopnictogen compounds;Tetraalkylammonium salts	Aliphatic acyclic compound;Carbonyl group;Straight chain fatty acid;Carboxylic acid;Tetraalkylammonium salt;Quaternary ammonium salt;Carboxylic acid derivative;Organic oxide;Monocarboxylic acid or derivatives;Organic oxygen compound;Organonitrogen compound;Organopnictogen compound;Hydrocarbon derivative;Organic nitrogen compound;Organic salt;Carboxylic acid salt;Amine;Organooxygen compound
None	OC(COP(O)(O)=O)C(O)C(=O)COP(O)(O)=O	Organic compounds	Organic oxygen compounds	Organooxygen compounds	Carbohydrates and carbohydrate conjugates	Pentose phosphates	Aliphatic acyclic compounds	1,2-diols;Acyloins;Alpha-hydroxy ketones;Beta-hydroxy ketones;Glycerone phosphates;Hydrocarbon derivatives;Monoalkyl phosphates;Monosaccharides;Organic oxides;Secondary alcohols	Alcohol;Beta-hydroxy ketone;Aliphatic acyclic compound;Carbonyl group;Pentose phosphate;Pentose-5-phosphate;Alpha-hydroxy ketone;Glycerone phosphate;Ketone;Organic oxide;Phosphoric acid ester;Glycerone or derivatives;Monoalkyl phosphate;Acyloin;Secondary alcohol;Hydrocarbon derivative;Organic phosphoric acid derivative;Alkyl phosphate;1,2-diol
None	O[C@H]1[C@@H](O)[C@@H](O[C@@H]1COP(O)(O)=O)[N+]1=CC=CC(=C1)C(O)=O	Organic compounds	Nucleosides, nucleotides, and analogues	Pyridine nucleotides	Nicotinic acid nucleotides	Nicotinic acid nucleotides	Aromatic heteromonocyclic compounds	1,2-diols;Azacyclic compounds;Carboxylic acids;Heteroaromatic compounds;Hydrocarbon derivatives;Hydroxypyridines;Monoalkyl phosphates;Monocarboxylic acids and derivatives;Monosaccharides;Organic cations;Organic oxides;Organonitrogen compounds;Organopnictogen compounds;Oxacyclic compounds;Pentose phosphates;Pyridine-3-carboxylic acids;Secondary alcohols;Tetrahydrofurans;Vinylogous amides	Pyridine carboxylic acid or derivatives;Carboxylic acid;Aromatic heteromonocyclic compound;Pentose phosphate;Pyridine-3-carboxylic acid;Monosaccharide;Pentose-5-phosphate;Carboxylic acid derivative;Saccharide;Organic oxide;Organonitrogen compound;Organopnictogen compound;Organic cation;Organoheterocyclic compound;1,2-diol;Alcohol;Vinylogous amide;Azacycle;Tetrahydrofuran;Heteroaromatic compound;Hydroxypyridine;Nicotinic-acid-nucleotide;Oxacycle;Monocarboxylic acid or derivatives;Pyridine;Organic oxygen compound;Phosphoric acid ester;Monoalkyl phosphate;Pyridine carboxylic acid;Secondary alcohol;Hydrocarbon derivative;Organic nitrogen compound;Organic phosphoric acid derivative;Alkyl phosphate;Organooxygen compound
None	OCC(O)C(O)C(O)C(O)CC(=O)C(O)=O	Organic compounds	Organic acids and derivatives	Keto acids and derivatives	Medium-chain keto acids and derivatives	Medium-chain keto acids and derivatives	Aliphatic acyclic compounds	Alpha-hydroxy ketones;Alpha-keto acids and derivatives;Beta-hydroxy ketones;Carboxylic acids;Fatty Acyls;Hydrocarbon derivatives;Hydroxy fatty acids;Monocarboxylic acids and derivatives;Monosaccharides;Organic oxides;Primary alcohols;Secondary alcohols	Alcohol;Fatty acyl;Beta-hydroxy ketone;Aliphatic acyclic compound;Carbonyl group;Carboxylic acid;Monosaccharide;Alpha-hydroxy ketone;Carboxylic acid derivative;Ketone;Saccharide;Organic oxide;Monocarboxylic acid or derivatives;Organic oxygen compound;Alpha-keto acid;Secondary alcohol;Hydrocarbon derivative;Hydroxy fatty acid;Primary alcohol;Organooxygen compound;Medium-chain keto acid
None	CCCCCCCCCCCCC\C=C\[C@@H](O)[C@H](CO[C@@H]1O[C@H](CO)[C@@H](O)[C@H](O)[C@H]1O)NC(=O)CCCCCCCCCCC	Organic compounds	Lipids and lipid-like molecules	Sphingolipids	Glycosphingolipids	Glycosphingolipids	Aliphatic heteromonocyclic compounds	Acetals;Alkyl glycosides;Carbonyl compounds;Carboxylic acids and derivatives;Fatty acyl glycosides of mono- and disaccharides;Hydrocarbon derivatives;Monosaccharides;N-acyl amines;Organic oxides;Organonitrogen compounds;Organopnictogen compounds;Oxacyclic compounds;Oxanes;Primary alcohols;Secondary alcohols;Secondary carboxylic acid amides	Fatty acyl;Fatty acyl glycoside of mono- or disaccharide;Carbonyl group;Fatty amide;Monosaccharide;Glycosphingolipid;Carboxylic acid derivative;Saccharide;Organic oxide;Acetal;Aliphatic heteromonocyclic compound;Organonitrogen compound;Organopnictogen compound;Oxane;Primary alcohol;Organoheterocyclic compound;Alcohol;Fatty acyl glycoside;Carboxamide group;N-acyl-amine;Oxacycle;Secondary carboxylic acid amide;Organic oxygen compound;Secondary alcohol;Hydrocarbon derivative;Organic nitrogen compound;Organooxygen compound;Alkyl glycoside
None	OC(=O)\C=C/C1=CC(O)=C(O)C=C1	Organic compounds	Phenylpropanoids and polyketides	Cinnamic acids and derivatives	Hydroxycinnamic acids and derivatives	Hydroxycinnamic acids	Aromatic homomonocyclic compounds	1-hydroxy-2-unsubstituted benzenoids;1-hydroxy-4-unsubstituted benzenoids;Benzene and substituted derivatives;Carbonyl compounds;Carboxylic acids;Hydrocarbon derivatives;Monocarboxylic acids and derivatives;Organic oxides	Monocyclic benzene moiety;Carbonyl group;Carboxylic acid;1-hydroxy-2-unsubstituted benzenoid;1-hydroxy-4-unsubstituted benzenoid;Carboxylic acid derivative;Hydroxycinnamic acid;Aromatic homomonocyclic compound;Organic oxide;Monocarboxylic acid or derivatives;Organic oxygen compound;Phenol;Hydrocarbon derivative;Benzenoid;Organooxygen compound
None	OP(O)(=O)O[C@H]1[C@H](OP(O)(O)=O)[C@@H](OP(O)(O)=O)[C@H](OP(O)(O)=O)[C@H](OP(O)(O)=O)[C@@H]1OP(O)(O)=O	Organic compounds	Organic oxygen compounds	Organooxygen compounds	Alcohols and polyols	Inositol phosphates	Aliphatic homomonocyclic compounds	Hydrocarbon derivatives;Monoalkyl phosphates;Organic oxides;Organooxygen compounds	Organic oxide;Phosphoric acid ester;Monoalkyl phosphate;Aliphatic homomonocyclic compound;Hydrocarbon derivative;Inositol phosphate;Organic phosphoric acid derivative;Alkyl phosphate
None	OC(=O)CC(=O)S[*]	Organic compounds	Organoheterocyclic compounds	Thiolactones	Thiolactones	Thiolactones	Aliphatic acyclic compounds	Carbonyl compounds;Carboxylic acids;Hydrocarbon derivatives;Monocarboxylic acids and derivatives;Organic metal salts;Organic oxides;Sulfenyl compounds;Thiocarboxylic acids and derivatives	Aliphatic acyclic compound;Thiocarboxylic acid or derivatives;Carbonyl group;Carboxylic acid;Sulfenyl compound;Organosulfur compound;Carboxylic acid derivative;Organic oxide;Monocarboxylic acid or derivatives;Organic oxygen compound;Hydrocarbon derivative;Organic salt;Thiolactone;Organooxygen compound;Organic metal salt
None	CC12CCC3C(C1CCC2OC(=O)CCC4=CC=CC=C4)CCC5=CC(=O)CCC35	Organic compounds	Lipids and lipid-like molecules	Steroids and steroid derivatives	Steroid esters	Steroid esters	Aromatic homopolycyclic compounds	3-oxo delta-4-steroids;Benzene and substituted derivatives;Carboxylic acid esters;Cyclohexenones;Delta-4-steroids;Estrogens and derivatives;Hydrocarbon derivatives;Monocarboxylic acids and derivatives;Organic oxides	Cyclohexenone;Monocyclic benzene moiety;Carbonyl group;Oxosteroid;Delta-4-steroid;Estrane-skeleton;3-oxo-delta-4-steroid;Aromatic homopolycyclic compound;Cyclic ketone;Carboxylic acid derivative;Steroid ester;Ketone;Organic oxide;Monocarboxylic acid or derivatives;Organic oxygen compound;Carboxylic acid ester;3-oxosteroid;Hydrocarbon derivative;Benzenoid;Organooxygen compound;Estrogen-skeleton
None	OC[C@@H](O)[C@H](O)CC(=O)C(O)=O	Organic compounds	Organic acids and derivatives	Keto acids and derivatives	Medium-chain keto acids and derivatives	Medium-chain keto acids and derivatives	Aliphatic acyclic compounds	Alpha-hydroxy ketones;Alpha-keto acids and derivatives;Beta-hydroxy ketones;Carboxylic acids;Fatty Acyls;Hydrocarbon derivatives;Hydroxy fatty acids;Monocarboxylic acids and derivatives;Monosaccharides;Organic oxides;Primary alcohols;Secondary alcohols	Alcohol;Fatty acyl;Beta-hydroxy ketone;Aliphatic acyclic compound;Carbonyl group;Carboxylic acid;Monosaccharide;Alpha-hydroxy ketone;Carboxylic acid derivative;Ketone;Saccharide;Organic oxide;Monocarboxylic acid or derivatives;Organic oxygen compound;Alpha-keto acid;Secondary alcohol;Hydrocarbon derivative;Hydroxy fatty acid;Primary alcohol;Organooxygen compound;Medium-chain keto acid
None	C[C@@H](NC1=CC=C(C[C@H](O)[C@H](O)[C@H](O)CO[C@H]2O[C@H](COP(O)(=O)O[C@@H](CCC(O)=O)C(O)=O)[C@@H](O)[C@H]2O)C=C1)[C@@H]1NC2=C(N[C@H]1C)NC(=N)N=C2O	Organic compounds	Organic oxygen compounds	Organooxygen compounds	Carbohydrates and carbohydrate conjugates	Pentose phosphates	Aromatic heteropolycyclic compounds	Acetals;Alkyl glycosides;Amino acids;Azacyclic compounds;Benzene and substituted derivatives;Carbonyl compounds;Carboxylic acids;Dialkyl phosphates;Dicarboxylic acids and derivatives;Fatty acyl glycosides of mono- and disaccharides;Heteroaromatic compounds;Hydrocarbon derivatives;Hydroxypyrimidines;Monosaccharides;Organic oxides;Organopnictogen compounds;Oxacyclic compounds;Phenylalkylamines;Pterins and derivatives;Secondary alcohols;Secondary alkylarylamines;Tetrahydrofurans	Fatty acyl glycoside of mono- or disaccharide;Monocyclic benzene moiety;Carbonyl group;Carboxylic acid;Pentose phosphate;Amino acid or derivatives;Amino acid;Pentose-5-phosphate;Hydroxypyrimidine;Carboxylic acid derivative;Pyrimidine;Organic oxide;Acetal;Aromatic heteropolycyclic compound;Organonitrogen compound;Organopnictogen compound;Organoheterocyclic compound;Alcohol;Pterin;Azacycle;Tetrahydrofuran;Heteroaromatic compound;Secondary amine;Secondary aliphatic/aromatic amine;Oxacycle;Dialkyl phosphate;Phosphoric acid ester;Secondary alcohol;Dicarboxylic acid or derivatives;Phenylalkylamine;Hydrocarbon derivative;Benzenoid;Organic nitrogen compound;Organic phosphoric acid derivative;Amine;Alkyl phosphate;Alkyl glycoside
None	C[C@H]1O[C@H](OP(O)(=O)OP(O)(=O)OC[C@H]2O[C@H]([C@H](O)[C@@H]2O)N2C=NC3=C2N=C(N)NC3=O)[C@@H](O)[C@@H](O)C1=O	Organic compounds	Organic oxygen compounds	Organooxygen compounds	Carbohydrates and carbohydrate conjugates	Monosaccharides	Aromatic heteropolycyclic compounds	Azacyclic compounds;Cyclic ketones;Heteroaromatic compounds;Hydrocarbon derivatives;Hypoxanthines;Imidazoles;Lactams;Monoalkyl phosphates;N-substituted imidazoles;Organic oxides;Organic pyrophosphates;Organopnictogen compounds;Oxacyclic compounds;Oxanes;Pentose phosphates;Primary amines;Purine ribonucleoside diphosphates;Purine ribonucleoside monophosphates;Purines and purine derivatives;Pyrimidones;Secondary alcohols;Tetrahydrofurans;Vinylogous amides	Carbonyl group;Lactam;Pentose phosphate;Purine ribonucleoside monophosphate;Monosaccharide;Pentose-5-phosphate;Pyrimidone;Cyclic ketone;Imidazopyrimidine;Pyrimidine;Ketone;Organic oxide;Purine ribonucleoside diphosphate;Aromatic heteropolycyclic compound;Imidazole;Organonitrogen compound;Organopnictogen compound;Oxane;Organoheterocyclic compound;Azole;N-substituted imidazole;Alcohol;Vinylogous amide;Azacycle;Tetrahydrofuran;Heteroaromatic compound;Organic pyrophosphate;Oxacycle;Phosphoric acid ester;Monoalkyl phosphate;Secondary alcohol;Hypoxanthine;Hydrocarbon derivative;Purine;Primary amine;Organic nitrogen compound;Organic phosphoric acid derivative;Amine;Alkyl phosphate
None	OC[C@@H](O)COP(O)(=O)O[C@H]1[C@H](O)[C@@H](O)[C@H](O)[C@@H](O)[C@H]1O	Organic compounds	Lipids and lipid-like molecules	Glycerophospholipids	Glycerophosphoinositols	Glycerophosphoinositols	Aliphatic homomonocyclic compounds	Cyclohexanols;Dialkyl phosphates;Hydrocarbon derivatives;Inositol phosphates;Organic oxides;Primary alcohols	Alcohol;Cyclohexanol;Glycerophosphoinositol;Cyclitol or derivatives;Inositol phosphate;Cyclic alcohol;Dialkyl phosphate;Organic oxide;Organic oxygen compound;Phosphoric acid ester;Secondary alcohol;Aliphatic homomonocyclic compound;Hydrocarbon derivative;Primary alcohol;Organic phosphoric acid derivative;Alkyl phosphate;Organooxygen compound
None	[H][C@]1(COP(O)(=O)OP(O)(O)=O)O[C@@]([H])(N2C=NC3=C2NC(=N)N=C3O)[C@]([H])(O)[C@]1([H])OP(O)(=O)OP(O)(O)=O	Organic compounds	Nucleosides, nucleotides, and analogues	Ribonucleoside 3'-phosphates	Ribonucleoside 3'-phosphates	Ribonucleoside 3'-phosphates	Aromatic heteropolycyclic compounds	Azacyclic compounds;Heteroaromatic compounds;Hydrocarbon derivatives;Hydroxypyrimidines;Imidazoles;Monoalkyl phosphates;Monosaccharides;N-substituted imidazoles;Organic oxides;Organic pyrophosphates;Organonitrogen compounds;Organopnictogen compounds;Oxacyclic compounds;Pentose phosphates;Purine ribonucleoside 3',5'-bisphosphates;Purine ribonucleoside diphosphates;Purines and purine derivatives;Secondary alcohols;Tetrahydrofurans	Pentose phosphate;Monosaccharide;Pentose-5-phosphate;Hydroxypyrimidine;Imidazopyrimidine;Pyrimidine;Saccharide;Organic oxide;Purine ribonucleoside diphosphate;Aromatic heteropolycyclic compound;Imidazole;Organonitrogen compound;Organopnictogen compound;Organoheterocyclic compound;Azole;N-substituted imidazole;Purine ribonucleoside 3',5'-bisphosphate;Ribonucleoside 3'-phosphate;Alcohol;Azacycle;Tetrahydrofuran;Heteroaromatic compound;Organic pyrophosphate;Oxacycle;Organic oxygen compound;Phosphoric acid ester;Monoalkyl phosphate;Secondary alcohol;Hydrocarbon derivative;Purine;Organic nitrogen compound;Organic phosphoric acid derivative;Alkyl phosphate;Organooxygen compound
None	NCCOP(O)(=O)OCC(O)CO	Organic compounds	Lipids and lipid-like molecules	Glycerophospholipids	Glycerophosphoethanolamines	Glycerophosphoethanolamines	Aliphatic acyclic compounds	1,2-diols;Dialkyl phosphates;Hydrocarbon derivatives;Monoalkylamines;Organic oxides;Organonitrogen compounds;Organopnictogen compounds;Phosphoethanolamines;Primary alcohols;Secondary alcohols	Alcohol;Aliphatic acyclic compound;Sn-glycero-3-phosphoethanolamine;Dialkyl phosphate;Phosphoethanolamine;Organic oxide;Organic oxygen compound;Phosphoric acid ester;Organonitrogen compound;Secondary alcohol;Organopnictogen compound;Hydrocarbon derivative;Primary aliphatic amine;Organic nitrogen compound;Primary alcohol;Organic phosphoric acid derivative;Alkyl phosphate;Organooxygen compound;1,2-diol
None	[H][C@@]12CC[C@](O)([C@H](O)CO)[C@@]1(C)C[C@H](O)[C@@]1([H])[C@@]2([H])CC[C@]2([H])C[C@H](O)CC[C@]12C	Organic compounds	Lipids and lipid-like molecules	Steroids and steroid derivatives	Pregnane steroids	Gluco/mineralocorticoids, progestogins and derivatives	Aliphatic homopolycyclic compounds	11-hydroxysteroids;17-hydroxysteroids;21-hydroxysteroids;3-hydroxysteroids;Cyclic alcohols and derivatives;Hydrocarbon derivatives;Primary alcohols;Secondary alcohols;Tertiary alcohols	20-hydroxysteroid;Alcohol;3-hydroxysteroid;Hydroxysteroid;Cyclic alcohol;Aliphatic homopolycyclic compound;Tertiary alcohol;Organic oxygen compound;21-hydroxysteroid;Secondary alcohol;Hydrocarbon derivative;11-hydroxysteroid;Primary alcohol;Progestogin-skeleton;Organooxygen compound;17-hydroxysteroid
None	O[C@H]1[C@H](O)[C@@H](COP(O)(O)=O)OC(=O)[C@@H]1O	Organic compounds	Organic oxygen compounds	Organooxygen compounds	Carbohydrates and carbohydrate conjugates	Hexose phosphates	Aliphatic heteromonocyclic compounds	Carbonyl compounds;Carboxylic acid esters;Delta valerolactones;Gluconolactones;Hydrocarbon derivatives;Monoalkyl phosphates;Monocarboxylic acids and derivatives;Monosaccharides;Organic oxides;Oxacyclic compounds;Oxanes;Secondary alcohols	Carbonyl group;Delta valerolactone;Carboxylic acid derivative;Lactone;Organic oxide;Gluconolactone;Aliphatic heteromonocyclic compound;Oxane;Delta_valerolactone;Organoheterocyclic compound;Alcohol;Oxacycle;Monocarboxylic acid or derivatives;Phosphoric acid ester;Monoalkyl phosphate;Carboxylic acid ester;Secondary alcohol;Hexose Phosphate;Hydrocarbon derivative;Organic phosphoric acid derivative;Alkyl phosphate
None	CC(=O)N[C@@H](CCC=O)C(O)=O	Organic compounds	Organic acids and derivatives	Carboxylic acids and derivatives	Amino acids, peptides, and analogues	N-acyl-alpha amino acids	Aliphatic acyclic compounds	Acetamides;Alpha amino acids;Alpha-hydrogen aldehydes;Carboxylic acids;Fatty acids and conjugates;Hydrocarbon derivatives;Monocarboxylic acids and derivatives;Organic oxides;Organonitrogen compounds;Organopnictogen compounds;Secondary carboxylic acid amides	Aliphatic acyclic compound;Carbonyl group;Carboxylic acid;N-acyl-alpha-amino acid;Fatty acid;Aldehyde;Carboxamide group;Secondary carboxylic acid amide;Organic oxide;Monocarboxylic acid or derivatives;Organic oxygen compound;Alpha-hydrogen aldehyde;Organonitrogen compound;Alpha-amino acid;Organopnictogen compound;Hydrocarbon derivative;Organic nitrogen compound;Acetamide;Organooxygen compound
None	NC1=C2N=CN([C@@H]3O[C@H](COP(O)(=O)OP(O)(=O)OP(O)(=O)OP(O)(=O)OC[C@H]4O[C@H]([C@H](O)[C@@H]4O)N4C=NC5=C(N)N=CN=C45)[C@@H](O)[C@H]3O)C2=NC=N1	Organic compounds	Nucleosides, nucleotides, and analogues	Purine nucleotides	Purine ribonucleotides	Purine ribonucleoside monophosphates	Aromatic heteropolycyclic compounds	Azacyclic compounds;Heteroaromatic compounds;Hydrocarbon derivatives;Imidazoles;Imidolactams;Monoalkyl phosphates;Monosaccharides;N-substituted imidazoles;Organic oxides;Organopnictogen compounds;Oxacyclic compounds;Pentose phosphates;Primary amines;Purines and purine derivatives;Pyrimidines and pyrimidine derivatives;Secondary alcohols;Tetrahydrofurans	Pentose phosphate;Purine ribonucleoside monophosphate;Monosaccharide;Pentose-5-phosphate;Imidazopyrimidine;Pyrimidine;Saccharide;Organic oxide;Aromatic heteropolycyclic compound;Imidazole;Organonitrogen compound;Organopnictogen compound;Imidolactam;Organoheterocyclic compound;Azole;N-substituted imidazole;Alcohol;Azacycle;Tetrahydrofuran;Heteroaromatic compound;Oxacycle;Organic oxygen compound;Phosphoric acid ester;Monoalkyl phosphate;Secondary alcohol;Hydrocarbon derivative;Purine;Primary amine;Organic nitrogen compound;Organic phosphoric acid derivative;Amine;Alkyl phosphate;Organooxygen compound
None	NC1=NC2=C(N=CN2[C@@H]2O[C@H](COP(O)(=O)OP(O)(=O)OP(O)(=O)OP(O)(=O)OC[C@H]3O[C@H]([C@H](O)[C@@H]3O)N3C=NC4=C3N=C(N)NC4=O)[C@@H](O)[C@H]2O)C(=O)N1	Organic compounds	Nucleosides, nucleotides, and analogues	Purine nucleotides	Purine ribonucleotides	Purine ribonucleoside monophosphates	Aromatic heteropolycyclic compounds	Azacyclic compounds;Heteroaromatic compounds;Hydrocarbon derivatives;Hypoxanthines;Imidazoles;Lactams;Monoalkyl phosphates;Monosaccharides;N-substituted imidazoles;Organic oxides;Organopnictogen compounds;Oxacyclic compounds;Pentose phosphates;Primary amines;Purines and purine derivatives;Pyrimidones;Secondary alcohols;Tetrahydrofurans;Vinylogous amides	Lactam;Pentose phosphate;Purine ribonucleoside monophosphate;Monosaccharide;Pentose-5-phosphate;Pyrimidone;Imidazopyrimidine;Pyrimidine;Saccharide;Organic oxide;Aromatic heteropolycyclic compound;Imidazole;Organonitrogen compound;Organopnictogen compound;Organoheterocyclic compound;Azole;N-substituted imidazole;Alcohol;Vinylogous amide;Azacycle;Tetrahydrofuran;Heteroaromatic compound;Oxacycle;Organic oxygen compound;Phosphoric acid ester;Monoalkyl phosphate;Secondary alcohol;Hypoxanthine;Hydrocarbon derivative;Purine;Primary amine;Organic nitrogen compound;Organic phosphoric acid derivative;Amine;Alkyl phosphate;Organooxygen compound
None	OP(O)(=O)OCC(=O)CC1=CNC=N1	Organic compounds	Organic acids and derivatives	Organic phosphoric acids and derivatives	Phosphate esters	Monoalkyl phosphates	Aromatic heteromonocyclic compounds	Azacyclic compounds;Heteroaromatic compounds;Hydrocarbon derivatives;Imidazoles;Ketones;Organic oxides;Organonitrogen compounds;Organopnictogen compounds	Carbonyl group;Aromatic heteromonocyclic compound;Azacycle;Heteroaromatic compound;Ketone;Organic oxide;Organic oxygen compound;Imidazole;Monoalkyl phosphate;Organonitrogen compound;Organopnictogen compound;Hydrocarbon derivative;Organic nitrogen compound;Organoheterocyclic compound;Organooxygen compound;Azole
None	CC1=NC=C(CO)C(N)=N1	Organic compounds	Organoheterocyclic compounds	Diazines	Pyrimidines and pyrimidine derivatives	Pyrimidines and pyrimidine derivatives	Aromatic heteromonocyclic compounds	Aromatic alcohols;Azacyclic compounds;Heteroaromatic compounds;Hydrocarbon derivatives;Imidolactams;Organopnictogen compounds;Primary amines	Aromatic alcohol;Alcohol;Aromatic heteromonocyclic compound;Azacycle;Heteroaromatic compound;Pyrimidine;Organic oxygen compound;Organonitrogen compound;Organopnictogen compound;Hydrocarbon derivative;Primary amine;Organic nitrogen compound;Imidolactam;Amine;Organooxygen compound
None	[H][C@@](CO[C@@H]1O[C@H](CO)[C@@H](O[C@]2([H])O[C@H](CO)[C@H](O)[C@H](O)[C@H]2O)[C@H](O)[C@H]1O)(NC(=O)CCCCCCCCCCC)[C@H](O)\C=C\CCCCCCCCCCCCC	Organic compounds	Lipids and lipid-like molecules	Sphingolipids	Glycosphingolipids	Glycosphingolipids	Aliphatic heteromonocyclic compounds	Acetals;Alkyl glycosides;Carbonyl compounds;Carboxylic acids and derivatives;Fatty acyl glycosides of mono- and disaccharides;Hydrocarbon derivatives;Monosaccharides;N-acyl amines;Organic oxides;Organonitrogen compounds;Organopnictogen compounds;Oxacyclic compounds;Oxanes;Primary alcohols;Secondary alcohols;Secondary carboxylic acid amides	Fatty acyl;Fatty acyl glycoside of mono- or disaccharide;Carbonyl group;Fatty amide;Monosaccharide;Glycosphingolipid;Carboxylic acid derivative;Saccharide;Organic oxide;Acetal;Aliphatic heteromonocyclic compound;Organonitrogen compound;Organopnictogen compound;Oxane;Primary alcohol;Organoheterocyclic compound;Alcohol;Fatty acyl glycoside;Carboxamide group;N-acyl-amine;Oxacycle;Secondary carboxylic acid amide;Organic oxygen compound;Secondary alcohol;Hydrocarbon derivative;Organic nitrogen compound;Organooxygen compound;Alkyl glycoside
None	NC1=NC2=C(N=C(CO)CN2)C(=O)N1	Organic compounds	Organoheterocyclic compounds	Pteridines and derivatives	Pterins and derivatives	Pterins and derivatives	Aromatic heteropolycyclic compounds	Alcohols and polyols;Azacyclic compounds;Heteroaromatic compounds;Hydrocarbon derivatives;Imidolactams;Ketimines;Lactams;Organic oxides;Organopnictogen compounds;Primary amines;Propargyl-type 1,3-dipolar organic compounds;Pyrimidones;Secondary alkylarylamines;Vinylogous amides	Ketimine;Lactam;Imine;Pyrimidone;Pyrimidine;Propargyl-type 1,3-dipolar organic compound;Organic oxide;Aromatic heteropolycyclic compound;Organonitrogen compound;Organopnictogen compound;Imidolactam;Alcohol;Vinylogous amide;Pterin;Azacycle;Heteroaromatic compound;Organic 1,3-dipolar compound;Secondary amine;Secondary aliphatic/aromatic amine;Organic oxygen compound;Hydrocarbon derivative;Primary amine;Organic nitrogen compound;Amine;Organooxygen compound
None	NC1=NC(N[C@@H]2O[C@H](COP(O)(O)=O)[C@@H](O)[C@H]2O)=C(N)C(=O)N1	Organic compounds	Organic oxygen compounds	Organooxygen compounds	Carbohydrates and carbohydrate conjugates	Pentose phosphates	Aromatic heteromonocyclic compounds	1,2-diols;Azacyclic compounds;Heteroaromatic compounds;Hydrocarbon derivatives;Imidolactams;Lactams;Monoalkyl phosphates;Monosaccharides;Organic oxides;Organopnictogen compounds;Oxacyclic compounds;Primary amines;Pyrimidones;Secondary alcohols;Secondary alkylarylamines;Tetrahydrofurans;Vinylogous amides	Lactam;Aromatic heteromonocyclic compound;Pentose phosphate;Pentose-5-phosphate;Pyrimidone;Pyrimidine;Organic oxide;Organonitrogen compound;Organopnictogen compound;Imidolactam;Organoheterocyclic compound;1,2-diol;Alcohol;Vinylogous amide;Azacycle;Tetrahydrofuran;Heteroaromatic compound;Secondary amine;Secondary aliphatic/aromatic amine;Oxacycle;Phosphoric acid ester;Monoalkyl phosphate;Secondary alcohol;Hydrocarbon derivative;Primary amine;Organic nitrogen compound;Organic phosphoric acid derivative;Amine;Alkyl phosphate
None	C#N	Organic compounds	Organic nitrogen compounds	Organonitrogen compounds	Organic cyanides	Nitriles	Aliphatic acyclic compounds	Hydrocarbon derivatives;Organonitrogen compounds;Organopnictogen compounds	Aliphatic acyclic compound;Organopnictogen compound;Hydrocarbon derivative;Carbonitrile
None	Cl	Organic compounds	Organic salts	Hydrochlorides	Hydrochlorides	Hydrochlorides	Acyclic compounds	Organic compounds	Hydrochloride;Acyclic compound
None	[OH-]	Organic compounds	Organic oxygen compounds	Organic oxoanionic compounds	Organic hydroxides	Organic hydroxides	Acyclic compounds	Organic anions;Organic oxides	Organic oxide;Organic anion;Acyclic compound;Organic hydroxide
None	[Na+]	Organic compounds	Organic nitrogen compounds		Organic nitrogen compounds	Organic nitrogen compounds	Acyclic compounds	Organic cations	Acyclic compound;Organic nitrogen compound;Organic cation
None	[NH4+]	Organic compounds	Organic nitrogen compounds		Organic nitrogen compounds	Organic nitrogen compounds	Acyclic compounds	Organic cations	Acyclic compound;Organic nitrogen compound;Organic cation
None	O[C@H]1C[C@@H](O[C@@H]1CO[P@@](O)(=O)OP(O)(O)=O)N1C=NC2=C1NC=NC2=O	Organic compounds	Nucleosides, nucleotides, and analogues	Purine nucleotides	Purine deoxyribonucleotides	Purine 2'-deoxyribonucleoside diphosphates	Aromatic heteropolycyclic compounds	Azacyclic compounds;Heteroaromatic compounds;Hydrocarbon derivatives;Hypoxanthines;Imidazoles;Monoalkyl phosphates;Monosaccharides;N-substituted imidazoles;Organic oxides;Organic pyrophosphates;Organonitrogen compounds;Organopnictogen compounds;Oxacyclic compounds;Pentose phosphates;Purines and purine derivatives;Pyrimidones;Secondary alcohols;Tetrahydrofurans;Vinylogous amides	Pentose phosphate;Monosaccharide;Pyrimidone;Imidazopyrimidine;Pyrimidine;Saccharide;Organic oxide;Aromatic heteropolycyclic compound;Imidazole;Organonitrogen compound;Organopnictogen compound;Organoheterocyclic compound;Azole;N-substituted imidazole;Alcohol;Vinylogous amide;Azacycle;Tetrahydrofuran;Heteroaromatic compound;Purine 2'-deoxyribonucleoside diphosphate;Organic pyrophosphate;Oxacycle;Organic oxygen compound;Phosphoric acid ester;Monoalkyl phosphate;Secondary alcohol;Hypoxanthine;Hydrocarbon derivative;Purine;Organic nitrogen compound;Organic phosphoric acid derivative;Alkyl phosphate;Organooxygen compound
None	O[C@H]1C[C@@H](O[C@@H]1COP(O)(=O)OP(O)(=O)OP(O)(O)=O)N1C=NC2=C1NC=NC2=O	Organic compounds	Organic oxygen compounds	Organooxygen compounds	Carbohydrates and carbohydrate conjugates	Pentose phosphates	Aromatic heteropolycyclic compounds	Azacyclic compounds;Heteroaromatic compounds;Hydrocarbon derivatives;Hypoxanthines;Imidazoles;Monoalkyl phosphates;Monosaccharides;N-substituted imidazoles;Organic oxides;Organonitrogen compounds;Organopnictogen compounds;Oxacyclic compounds;Purines and purine derivatives;Pyrimidones;Secondary alcohols;Tetrahydrofurans;Vinylogous amides	Pentose phosphate;Pyrimidone;Imidazopyrimidine;Pyrimidine;Organic oxide;Aromatic heteropolycyclic compound;Imidazole;Organonitrogen compound;Organopnictogen compound;Organoheterocyclic compound;Azole;N-substituted imidazole;Alcohol;Vinylogous amide;Azacycle;Tetrahydrofuran;Heteroaromatic compound;Oxacycle;Phosphoric acid ester;Monoalkyl phosphate;Secondary alcohol;Hypoxanthine;Hydrocarbon derivative;Purine;Organic nitrogen compound;Organic phosphoric acid derivative;Alkyl phosphate
None	O[C@H]1C[C@@H](O[C@@H]1COP(O)(=O)OP(O)(O)=O)N1C=CC(=O)NC1=O	Organic compounds	Organic oxygen compounds	Organooxygen compounds	Carbohydrates and carbohydrate conjugates	Pentose phosphates	Aromatic heteromonocyclic compounds	Azacyclic compounds;Heteroaromatic compounds;Hydrocarbon derivatives;Lactams;Monoalkyl phosphates;Monosaccharides;Organic carbonic acids and derivatives;Organic oxides;Organic pyrophosphates;Organonitrogen compounds;Organopnictogen compounds;Oxacyclic compounds;Pyrimidones;Secondary alcohols;Tetrahydrofurans;Vinylogous amides	Lactam;Aromatic heteromonocyclic compound;Pentose phosphate;Pyrimidone;Pyrimidine;Organic oxide;Organonitrogen compound;Organopnictogen compound;Organoheterocyclic compound;Alcohol;Vinylogous amide;Carbonic acid derivative;Azacycle;Tetrahydrofuran;Heteroaromatic compound;Organic pyrophosphate;Oxacycle;Phosphoric acid ester;Monoalkyl phosphate;Secondary alcohol;Hydrocarbon derivative;Organic nitrogen compound;Organic phosphoric acid derivative;Alkyl phosphate
None	CC1=CC2=C(C=C1C)N(C[C@H](O)[C@H](O)[C@H](O)COP(O)(=O)OP(O)(=O)OC[C@H]1O[C@H]([C@H](O)[C@@H]1O)N1C=NC3=C1N=CN=C3N)C1=C(N2)C(=O)NC(=O)N1	Organic compounds	Nucleosides, nucleotides, and analogues	Flavin nucleotides	Flavin nucleotides	Flavin nucleotides	Aromatic heteropolycyclic compounds	Azacyclic compounds;Benzenoids;Flavins;Heteroaromatic compounds;Hydrocarbon derivatives;Imidazoles;Imidolactams;Lactams;Monoalkyl phosphates;Monosaccharides;N-substituted imidazoles;Organic carbonic acids and derivatives;Organic oxides;Organic pyrophosphates;Organopnictogen compounds;Oxacyclic compounds;Pentose phosphates;Primary amines;Purine ribonucleoside diphosphates;Purine ribonucleoside monophosphates;Purines and purine derivatives;Pyrimidones;Secondary alcohols;Secondary amines;Tetrahydrofurans;Vinylogous amides	Lactam;Pentose phosphate;Purine ribonucleoside monophosphate;Monosaccharide;Pentose-5-phosphate;Pyrimidone;Imidazopyrimidine;Flavin;Pyrimidine;Saccharide;Organic oxide;Purine ribonucleoside diphosphate;Aromatic heteropolycyclic compound;Imidazole;Organonitrogen compound;Organopnictogen compound;Imidolactam;Organoheterocyclic compound;Azole;N-substituted imidazole;Alcohol;Vinylogous amide;Carbonic acid derivative;Azacycle;Flavin nucleotide;Tetrahydrofuran;Heteroaromatic compound;Secondary amine;Organic pyrophosphate;Oxacycle;Organic oxygen compound;Phosphoric acid ester;Monoalkyl phosphate;Secondary alcohol;Hydrocarbon derivative;Purine;Benzenoid;Primary amine;Organic nitrogen compound;Organic phosphoric acid derivative;Amine;Alkyl phosphate;Organooxygen compound
None	NC1=C2N=CN([C@@H]3O[C@H](CO)[C@@H](OP(O)(O)=O)[C@H]3O)C2=NC=N1	Organic compounds	Nucleosides, nucleotides, and analogues	Ribonucleoside 3'-phosphates	Ribonucleoside 3'-phosphates	Ribonucleoside 3'-phosphates	Aromatic heteropolycyclic compounds	Azacyclic compounds;Heteroaromatic compounds;Hydrocarbon derivatives;Imidazoles;Imidolactams;Monoalkyl phosphates;Monosaccharides;N-substituted imidazoles;Organic oxides;Organopnictogen compounds;Oxacyclic compounds;Pentose phosphates;Primary alcohols;Primary amines;Purines and purine derivatives;Pyrimidines and pyrimidine derivatives;Secondary alcohols;Tetrahydrofurans	Pentose phosphate;Monosaccharide;Imidazopyrimidine;Pyrimidine;Saccharide;Organic oxide;Aromatic heteropolycyclic compound;Imidazole;Organonitrogen compound;Organopnictogen compound;Primary alcohol;Imidolactam;Organoheterocyclic compound;Azole;N-substituted imidazole;Ribonucleoside 3'-phosphate;Alcohol;Azacycle;Tetrahydrofuran;Heteroaromatic compound;Oxacycle;Organic oxygen compound;Phosphoric acid ester;Monoalkyl phosphate;Secondary alcohol;Hydrocarbon derivative;Primary amine;Purine;Organic nitrogen compound;Organic phosphoric acid derivative;Amine;Alkyl phosphate;Organooxygen compound
None	[H][C@]1(CO)O[C@@]([H])(N2C=CC(O)=NC2=O)[C@]([H])(O)[C@]1([H])OP(O)(O)=O	Organic compounds	Nucleosides, nucleotides, and analogues	Ribonucleoside 3'-phosphates	Ribonucleoside 3'-phosphates	Ribonucleoside 3'-phosphates	Aromatic heteromonocyclic compounds	Azacyclic compounds;Heteroaromatic compounds;Hydrocarbon derivatives;Hydroxypyrimidines;Monoalkyl phosphates;Monosaccharides;Organic carbonic acids and derivatives;Organic oxides;Organonitrogen compounds;Organopnictogen compounds;Oxacyclic compounds;Pentose phosphates;Primary alcohols;Pyrimidones;Secondary alcohols;Tetrahydrofurans	Aromatic heteromonocyclic compound;Pentose phosphate;Monosaccharide;Pyrimidone;Hydroxypyrimidine;Pyrimidine;Saccharide;Organic oxide;Organonitrogen compound;Organopnictogen compound;Primary alcohol;Organoheterocyclic compound;Ribonucleoside 3'-phosphate;Alcohol;Carbonic acid derivative;Azacycle;Tetrahydrofuran;Heteroaromatic compound;Oxacycle;Organic oxygen compound;Phosphoric acid ester;Monoalkyl phosphate;Secondary alcohol;Hydrocarbon derivative;Organic nitrogen compound;Organic phosphoric acid derivative;Alkyl phosphate;Organooxygen compound
None	[H]OCCO[H]	Organic compounds	Organic oxygen compounds	Organooxygen compounds	Ethers	Polyethylene glycols	Aliphatic acyclic compounds	1,2-diols;Alcohols and polyols;Hydrocarbon derivatives	Alcohol;Polyethylene glycol;Aliphatic acyclic compound;Hydrocarbon derivative;1,2-diol
None	CC(C)=CCO	Organic compounds	Organic oxygen compounds	Organooxygen compounds	Alcohols and polyols	Primary alcohols	Aliphatic acyclic compounds	Hydrocarbon derivatives	Aliphatic acyclic compound;Hydrocarbon derivative;Primary alcohol
None	CCCC=O	Organic compounds	Organic oxygen compounds	Organooxygen compounds	Carbonyl compounds	Alpha-hydrogen aldehydes	Aliphatic acyclic compounds	Hydrocarbon derivatives;Organic oxides;Short-chain aldehydes	Aliphatic acyclic compound;Organic oxide;Short-chain aldehyde;Alpha-hydrogen aldehyde;Hydrocarbon derivative
None	[Cd++]	Organic compounds	Organic cations		Organic cations	Organic cations	Acyclic compounds		Acyclic compound;Organic cation
None	OC#N	Organic compounds	Organic oxygen compounds	Organic oxoanionic compounds	Cyanates	Cyanates	Aliphatic acyclic compounds	Cyanide salts;Hydrocarbon derivatives;Organonitrogen compounds;Organooxygen compounds;Organopnictogen compounds	Aliphatic acyclic compound;Organic cyanate;Organonitrogen compound;Organopnictogen compound;Hydrocarbon derivative;Organic nitrogen compound;Organic cyanide salt;Organooxygen compound
None	N[C@@H](CS)C(=O)NCC(O)=O	Organic compounds	Organic acids and derivatives	Carboxylic acids and derivatives	Amino acids, peptides, and analogues	Acyl glycines	Aliphatic acyclic compounds	Alkylthiols;Alpha amino acid amides;Alpha amino acids;Carbonyl compounds;Carboxylic acids;Cysteine and derivatives;Dipeptides;Hydrocarbon derivatives;Monoalkylamines;Monocarboxylic acids and derivatives;Organic oxides;Organonitrogen compounds;Organopnictogen compounds;Organosulfur compounds;Secondary carboxylic acid amides	Aliphatic acyclic compound;Carbonyl group;Carboxylic acid;Organosulfur compound;Alpha peptide;Organic oxide;Organonitrogen compound;Alpha-amino acid;Organopnictogen compound;Alpha-amino acid amide;Carboxamide group;N-acylglycine;Alpha-dipeptide;Secondary carboxylic acid amide;Monocarboxylic acid or derivatives;Organic oxygen compound;Cysteine or derivatives;Hydrocarbon derivative;Primary aliphatic amine;Organic nitrogen compound;Alkylthiol;Organooxygen compound
None	C	Organic compounds	Hydrocarbons	Saturated hydrocarbons	Alkanes	Alkanes	Aliphatic acyclic compounds		Aliphatic acyclic compound;Alkane;Acyclic alkane
None	OC[C@H]1O[C@@H](OC2=C(CO)C=CC=C2)[C@H](O)[C@@H](O)[C@@H]1O	Organic compounds	Benzenoids	Phenol ethers	Phenol ethers	Phenol ethers	Aromatic heteromonocyclic compounds	Acetals;Aromatic alcohols;Benzyl alcohols;Hydrocarbon derivatives;Monosaccharides;Oxacyclic compounds;Oxanes;Phenoxy compounds;Primary alcohols;Secondary alcohols	Aromatic alcohol;Alcohol;Phenol ether;Monocyclic benzene moiety;Aromatic heteromonocyclic compound;Monosaccharide;Benzyl alcohol;Oxacycle;Saccharide;Organic oxygen compound;Acetal;Secondary alcohol;Hydrocarbon derivative;Phenoxy compound;Oxane;Primary alcohol;Organoheterocyclic compound;Organooxygen compound
None	CC1=CC=C(O)C=C1	Organic compounds	Benzenoids	Phenols	Cresols	Para cresols	Aromatic homomonocyclic compounds	1-hydroxy-2-unsubstituted benzenoids;Hydrocarbon derivatives;Organooxygen compounds;Toluenes	Aromatic homomonocyclic compound;Monocyclic benzene moiety;Organic oxygen compound;P-cresol;1-hydroxy-2-unsubstituted benzenoid;Hydrocarbon derivative;Toluene;Organooxygen compound
None	O[As](O)(O)=O	Organic compounds	Organic oxygen compounds	Organic oxoanionic compounds	Organic arsenates	Organic arsenates	Acyclic compounds	Organic metalloid salts;Organic oxides;Organic salts	Organic metalloid salt;Organic oxide;Acyclic compound;Organic arsenate;Organic salt
None	[H][C@@]1(CO)OC(O)[C@@]([H])(O)[C@@]([H])(O)[C@@]1([H])O	Organic compounds	Organic oxygen compounds	Organooxygen compounds	Carbohydrates and carbohydrate conjugates	Monosaccharides	Aliphatic heteromonocyclic compounds	Hemiacetals;Hydrocarbon derivatives;Oxacyclic compounds;Oxanes;Primary alcohols;Secondary alcohols	Alcohol;Monosaccharide;Oxacycle;Aliphatic heteromonocyclic compound;Secondary alcohol;Hemiacetal;Hydrocarbon derivative;Oxane;Primary alcohol;Organoheterocyclic compound
None	CC(C)=CCC\C(C)=C\C=O	Organic compounds	Lipids and lipid-like molecules	Prenol lipids	Monoterpenoids	Acyclic monoterpenoids	Aliphatic acyclic compounds	Hydrocarbon derivatives;Medium-chain aldehydes;Organic oxides	Aliphatic acyclic compound;Carbonyl group;Organic oxide;Organic oxygen compound;Acyclic monoterpenoid;Aldehyde;Hydrocarbon derivative;Medium-chain aldehyde;Organooxygen compound
None	CC(C)=CCC\C(C)=C/CO	Organic compounds	Lipids and lipid-like molecules	Prenol lipids	Monoterpenoids	Acyclic monoterpenoids	Aliphatic acyclic compounds	Fatty alcohols;Hydrocarbon derivatives;Primary alcohols	Alcohol;Fatty acyl;Aliphatic acyclic compound;Organic oxygen compound;Fatty alcohol;Acyclic monoterpenoid;Hydrocarbon derivative;Primary alcohol;Organooxygen compound
None	CC(O)C1C2CC(SC3CCN(C3)C(C)=N)=C(N2C1=O)C(O)=O	Organic compounds	Organoheterocyclic compounds	Lactams	Beta lactams	Thienamycins	Aliphatic heteropolycyclic compounds	Alpha amino acids;Amidines;Azacyclic compounds;Azepines;Azetidines;Carbonyl compounds;Carboximidamides;Carboxylic acids;Hydrocarbon derivatives;Monocarboxylic acids and derivatives;Organic oxides;Organopnictogen compounds;Pyrrolidines;Pyrroline 2-carboxylic acids;Secondary alcohols;Sulfenyl compounds;Tertiary carboxylic acid amides;Thioenol ethers;Vinylogous thioesters	Carbonyl group;Carboxylic acid;Alpha-amino acid or derivatives;Amidine;Organosulfur compound;Carboxylic acid derivative;Aliphatic heteropolycyclic compound;Organic oxide;Tertiary carboxylic acid amide;Organonitrogen compound;Alpha-amino acid;Organopnictogen compound;Pyrrolidine;Alcohol;Vinylogous thioester;Sulfenyl compound;Azacycle;Pyrroline carboxylic acid or derivatives;Carboximidamide;Carboxamide group;Pyrroline 2-carboxylic acid;Azetidine;Thienamycin;Monocarboxylic acid or derivatives;Thioenolether;Organic oxygen compound;Azepine;Pyrroline;Pyrroline carboxylic acid;Secondary alcohol;Hydrocarbon derivative;Organic nitrogen compound;Organooxygen compound
None	ErrorOccur
None	CCCCCCCCCCCCCCCCCC(O)=O	Organic compounds	Lipids and lipid-like molecules	Fatty Acyls	Fatty acids and conjugates	Long-chain fatty acids	Aliphatic acyclic compounds	Carbonyl compounds;Carboxylic acids;Hydrocarbon derivatives;Monocarboxylic acids and derivatives;Organic oxides;Straight chain fatty acids	Aliphatic acyclic compound;Carbonyl group;Straight chain fatty acid;Long-chain fatty acid;Carboxylic acid;Carboxylic acid derivative;Organic oxide;Monocarboxylic acid or derivatives;Organic oxygen compound;Hydrocarbon derivative;Organooxygen compound
None	COC(=O)C(O)C1C(C)(C)C(CC2OC34C(O)C(=O)OC(C5=COC=C5)C3(C)C(CC(C4=C)C12C)OC(C)=O)OC(C)=O	Organic compounds	Organic acids and derivatives	Carboxylic acids and derivatives	Tetracarboxylic acids and derivatives	Tetracarboxylic acids and derivatives	Aromatic heteropolycyclic compounds	Carbonyl compounds;Delta valerolactones;Dialkyl ethers;Furans;Heteroaromatic compounds;Hydrocarbon derivatives;Methyl esters;Monosaccharides;Organic oxides;Oxacyclic compounds;Oxanes;Secondary alcohols	Furan;Carbonyl group;Ether;Delta valerolactone;Monosaccharide;Dialkyl ether;Lactone;Saccharide;Organic oxide;Methyl ester;Aromatic heteropolycyclic compound;Oxane;Delta_valerolactone;Organoheterocyclic compound;Alcohol;Heteroaromatic compound;Tetracarboxylic acid or derivatives;Oxacycle;Organic oxygen compound;Carboxylic acid ester;Secondary alcohol;Hydrocarbon derivative;Organooxygen compound
None	NC(O)=O	Organic compounds	Organic acids and derivatives	Organic carbonic acids and derivatives	Organic carbonic acids and derivatives	Organic carbonic acids and derivatives	Aliphatic acyclic compounds	Carbamic acids;Carbonyl compounds;Hydrocarbon derivatives;Organic oxides;Organonitrogen compounds;Organopnictogen compounds	Aliphatic acyclic compound;Carbonyl group;Organic oxide;Carbonic acid derivative;Organic oxygen compound;Carbamic acid;Organonitrogen compound;Organopnictogen compound;Hydrocarbon derivative;Organic nitrogen compound;Organooxygen compound
None	CCCCCC(O)=O	Organic compounds	Lipids and lipid-like molecules	Fatty Acyls	Fatty acids and conjugates	Medium-chain fatty acids	Aliphatic acyclic compounds	Carbonyl compounds;Carboxylic acids;Hydrocarbon derivatives;Monocarboxylic acids and derivatives;Organic oxides;Straight chain fatty acids	Aliphatic acyclic compound;Carbonyl group;Straight chain fatty acid;Carboxylic acid;Carboxylic acid derivative;Organic oxide;Monocarboxylic acid or derivatives;Organic oxygen compound;Hydrocarbon derivative;Medium-chain fatty acid;Organooxygen compound
None	CC1=C(OCC(F)(F)F)C=CN=C1CS(=O)C1=NC2=CC=CC=C2N1	Organic compounds	Organoheterocyclic compounds	Benzimidazoles	Sulfinylbenzimidazoles	Sulfinylbenzimidazoles	Aromatic heteropolycyclic compounds	2-halopyridines;Alkyl aryl ethers;Alkyl fluorides;Azacyclic compounds;Benzenoids;Heteroaromatic compounds;Hydrocarbon derivatives;Imidazoles;Organic oxides;Organofluorides;Organonitrogen compounds;Organopnictogen compounds;Polyhalopyridines;Pyridines and derivatives;Sulfinyl compounds;Sulfoxides	Ether;Polyhalopyridine;Alkyl aryl ether;Sulfinylbenzimidazole;Organosulfur compound;Organohalogen compound;Organic oxide;Sulfinyl compound;Aromatic heteropolycyclic compound;Imidazole;Organonitrogen compound;Organopnictogen compound;Alkyl halide;2-halopyridine;Azole;Azacycle;Alkyl fluoride;Organofluoride;Heteroaromatic compound;Pyridine;Organic oxygen compound;Sulfoxide;Hydrocarbon derivative;Benzenoid;Organic nitrogen compound;Organooxygen compound
None	CCCCC\C=C/C\C=C/CCCCCCCC(O)=O	Organic compounds	Lipids and lipid-like molecules	Fatty Acyls	Fatty acids and conjugates	Long-chain fatty acids	Aliphatic acyclic compounds	Carbonyl compounds;Carboxylic acids;Fatty Acyls;Hydrocarbon derivatives;Monocarboxylic acids and derivatives;Organic oxides;Straight chain fatty acids	Aliphatic acyclic compound;Carbonyl group;Straight chain fatty acid;Long-chain fatty acid;Carboxylic acid;Carboxylic acid derivative;Organic oxide;Monocarboxylic acid or derivatives;Organic oxygen compound;Hydrocarbon derivative;Organooxygen compound
None	NCCCC(N)C(=O)O	Organic compounds	Organic acids and derivatives	Carboxylic acids and derivatives	Amino acids, peptides, and analogues	Alpha amino acids	Aliphatic acyclic compounds	Carbonyl compounds;Carboxylic acids;Fatty acids and conjugates;Hydrocarbon derivatives;Monoalkylamines;Monocarboxylic acids and derivatives;Organic oxides;Organonitrogen compounds;Organopnictogen compounds	Aliphatic acyclic compound;Carbonyl group;Carboxylic acid;Fatty acid;Organic oxide;Monocarboxylic acid or derivatives;Organic oxygen compound;Organonitrogen compound;Alpha-amino acid;Organopnictogen compound;Hydrocarbon derivative;Primary aliphatic amine;Organic nitrogen compound;Organooxygen compound
None	OC[C@H]1O[C@@](CO)(O[C@H]2O[C@H](CO[C@H]3O[C@H](CO[C@H]4O[C@H](CO)[C@H](O)[C@H](O)[C@H]4O)[C@H](O)[C@H](O)[C@H]3O)[C@@H](O)[C@H](O)[C@H]2O)[C@@H](O)[C@@H]1O	Organic compounds	Organic oxygen compounds	Organooxygen compounds	Ethers	Ketals	Aliphatic heteromonocyclic compounds	Hydrocarbon derivatives;Monosaccharides;Oxacyclic compounds;Oxanes;Primary alcohols;Secondary alcohols;Tetrahydrofurans	Alcohol;Tetrahydrofuran;Monosaccharide;Oxacycle;Saccharide;Ketal;Aliphatic heteromonocyclic compound;Secondary alcohol;Hydrocarbon derivative;Oxane;Primary alcohol;Organoheterocyclic compound
None	COC1=CC=CC2=C1C(=O)C1=C(O)C3=C(C[C@](O)(C[C@@H]3O[C@H]3C[C@H](N)[C@H](O)[C@H](C)O3)C(=O)CO)C(O)=C1C2=O	Organic compounds	Phenylpropanoids and polyketides	Anthracyclines	Anthracyclines	Anthracyclines	Aromatic heteropolycyclic compounds	Acetals;Alkyl aryl ethers;Anisoles;Anthraquinones;Aryl ketones;Hydrocarbon derivatives;Monoalkylamines;Monosaccharides;Organic oxides;Organonitrogen compounds;Organopnictogen compounds;Oxacyclic compounds;Oxanes;Secondary alcohols;Tertiary alcohols;Tetracenequinones;Tetralins;Vinylogous acids	Tetralin;Phenol ether;Carbonyl group;Ether;Monosaccharide;Alkyl aryl ether;Ketone;Saccharide;Organic oxide;Tetracenequinone;Acetal;Aromatic heteropolycyclic compound;Organonitrogen compound;Organopnictogen compound;Oxane;Organoheterocyclic compound;Alcohol;Anthracene;9,10-Anthraquinone;Oxacycle;Vinylogous acid;Tertiary alcohol;Organic oxygen compound;Anisole;Anthracyclinone-skeleton;Secondary alcohol;Hydrocarbon derivative;Benzenoid;Primary aliphatic amine;Organic nitrogen compound;1,4-Anthraquinone;Organooxygen compound;Aryl ketone
None	NCCCCCN	Organic compounds	Organic nitrogen compounds	Organonitrogen compounds	Organonitrogen compounds	Organonitrogen compounds	Aliphatic acyclic compounds	Hydrocarbon derivatives;Monoalkylamines;Organopnictogen compounds	Aliphatic acyclic compound;Organonitrogen compound;Organopnictogen compound;Hydrocarbon derivative;Primary aliphatic amine
None	CC(=O)N[C@H]1[C@H](O)O[C@H](CO)[C@@H](O[C@@H]2O[C@H](CO)[C@@H](O)[C@H](O)[C@H]2NC(O)=O)[C@@H]1O	Organic compounds	Organic oxygen compounds	Organooxygen compounds	Carbohydrates and carbohydrate conjugates	Acylaminosugars	Aliphatic heteromonocyclic compounds	Acetals;Acetamides;Carbamic acids;Carbonyl compounds;Carboxylic acids and derivatives;Hemiacetals;Hydrocarbon derivatives;Monosaccharides;N-acyl-alpha-hexosamines;Organic carbonic acids and derivatives;Organic oxides;Organonitrogen compounds;Organopnictogen compounds;Oxacyclic compounds;Oxanes;Primary alcohols;Secondary alcohols;Secondary carboxylic acid amides	Carbonyl group;Carbamic acid;Monosaccharide;Carboxylic acid derivative;N-acyl-alpha-hexosamine;Organic oxide;Acetal;Aliphatic heteromonocyclic compound;Organonitrogen compound;Organopnictogen compound;Hemiacetal;Oxane;Primary alcohol;Organoheterocyclic compound;Acetamide;Alcohol;Carbonic acid derivative;Carboxamide group;Acylaminosugar;Oxacycle;Secondary carboxylic acid amide;Secondary alcohol;Hydrocarbon derivative;Organic nitrogen compound
None	OC[C@H](O)[C@@H](O)[C@@H](O)[C@H](O)CO	Organic compounds	Organic oxygen compounds	Organooxygen compounds	Carbohydrates and carbohydrate conjugates	Monosaccharides	Aliphatic acyclic compounds	Hydrocarbon derivatives;Primary alcohols;Secondary alcohols	Alcohol;Aliphatic acyclic compound;Secondary alcohol;Monosaccharide;Hydrocarbon derivative;Primary alcohol
None	[H][C@@](C)(O)[C@@]([H])(O)[C@@]([H])(O)C(=O)CO	Organic compounds	Lipids and lipid-like molecules	Fatty Acyls	Fatty alcohols	Fatty alcohols	Aliphatic acyclic compounds	Acyloins;Alpha-hydroxy ketones;Beta-hydroxy ketones;Hydrocarbon derivatives;Monosaccharides;Organic oxides;Secondary alcohols	Alcohol;Beta-hydroxy ketone;Aliphatic acyclic compound;Carbonyl group;Monosaccharide;Alpha-hydroxy ketone;Ketone;Saccharide;Organic oxide;Organic oxygen compound;Fatty alcohol;Acyloin;Secondary alcohol;Hydrocarbon derivative;Organooxygen compound
None	CSCCC(N)C(O)=O	Organic compounds	Organic acids and derivatives	Carboxylic acids and derivatives	Amino acids, peptides, and analogues	Methionine and derivatives	Aliphatic acyclic compounds	Alpha amino acids;Carbonyl compounds;Carboxylic acids;Dialkylthioethers;Hydrocarbon derivatives;Monoalkylamines;Monocarboxylic acids and derivatives;Organic oxides;Organonitrogen compounds;Organopnictogen compounds;Sulfenyl compounds;Thia fatty acids	Fatty acyl;Aliphatic acyclic compound;Carbonyl group;Carboxylic acid;Sulfenyl compound;Dialkylthioether;Fatty acid;Organosulfur compound;Organic oxide;Monocarboxylic acid or derivatives;Thia fatty acid;Organic oxygen compound;Thioether;Methionine or derivatives;Organonitrogen compound;Alpha-amino acid;Organopnictogen compound;Hydrocarbon derivative;Primary aliphatic amine;Organic nitrogen compound;Organooxygen compound
None	[S-]C#N	Organic compounds	Organosulfur compounds	Thiocyanates	Thiocyanates	Thiocyanates	Aliphatic acyclic compounds	Cyanide salts;Hydrocarbon derivatives;Organic anions;Organonitrogen compounds;Organopnictogen compounds	Aliphatic acyclic compound;Organic anion;Organonitrogen compound;Organopnictogen compound;Hydrocarbon derivative;Organic nitrogen compound;Organic cyanide salt;Thiocyanate
None	OC[C@H]1O[C@H]([C@H](O)[C@@H]1O)N1C=NC2=C1N=C(O)N=C2O	Organic compounds	Nucleosides, nucleotides, and analogues	Purine nucleosides	Purine nucleosides	Purine nucleosides	Aromatic heteropolycyclic compounds	Azacyclic compounds;Heteroaromatic compounds;Hydrocarbon derivatives;Hydroxypyrimidines;Imidazoles;Monosaccharides;N-substituted imidazoles;Organonitrogen compounds;Organopnictogen compounds;Oxacyclic compounds;Primary alcohols;Purines and purine derivatives;Secondary alcohols;Tetrahydrofurans	Monosaccharide;Hydroxypyrimidine;Imidazopyrimidine;Pyrimidine;Saccharide;Aromatic heteropolycyclic compound;Imidazole;Organonitrogen compound;Organopnictogen compound;Primary alcohol;Organoheterocyclic compound;Azole;N-substituted imidazole;Alcohol;Azacycle;Tetrahydrofuran;Purine nucleoside;Heteroaromatic compound;Oxacycle;Organic oxygen compound;Secondary alcohol;Hydrocarbon derivative;Purine;Organic nitrogen compound;Organooxygen compound
None	OC[C@@H]1O[C@H](O)C[C@H]1O	Organic compounds	Organic oxygen compounds	Organooxygen compounds	Carbohydrates and carbohydrate conjugates	Monosaccharides	Aliphatic heteromonocyclic compounds	Hemiacetals;Hydrocarbon derivatives;Oxacyclic compounds;Primary alcohols;Secondary alcohols;Tetrahydrofurans	Alcohol;Tetrahydrofuran;Monosaccharide;Oxacycle;Aliphatic heteromonocyclic compound;Secondary alcohol;Hemiacetal;Hydrocarbon derivative;Primary alcohol;Organoheterocyclic compound
None	CCCCCCCCCCCC(=O)SCCNC(=O)CCNC(=O)[C@H](O)C(C)(C)COP(O)(=O)OP(O)(=O)OC[C@H]1O[C@H]([C@H](O)[C@@H]1OP(O)(O)=O)N1C=NC2=C1N=CN=C2N	Organic compounds	Lipids and lipid-like molecules	Fatty Acyls	Fatty acyl thioesters	Acyl CoAs	Aromatic heteropolycyclic compounds	Azacyclic compounds;Beta amino acids and derivatives;Carbonyl compounds;Carbothioic S-esters;Carboxylic acids and derivatives;Coenzyme A and derivatives;Heteroaromatic compounds;Hydrocarbon derivatives;Imidazoles;Imidolactams;Monoalkyl phosphates;Monosaccharides;N-acyl amines;N-substituted imidazoles;Organic oxides;Organic pyrophosphates;Organopnictogen compounds;Oxacyclic compounds;Pentose phosphates;Primary amines;Purine ribonucleoside diphosphates;Purines and purine derivatives;Pyrimidines and pyrimidine derivatives;Ribonucleoside 3'-phosphates;Secondary alcohols;Secondary carboxylic acid amides;Sulfenyl compounds;Tetrahydrofurans;Thioesters;Thiolactones	Amino acid or derivatives;Monosaccharide;Pentose-5-phosphate;Imidazopyrimidine;Carbothioic s-ester;Saccharide;Purine ribonucleoside diphosphate;Organonitrogen compound;Organoheterocyclic compound;Alcohol;Sulfenyl compound;Azacycle;Thiocarboxylic acid ester;Heteroaromatic compound;Organic pyrophosphate;Secondary carboxylic acid amide;Monoalkyl phosphate;Hydrocarbon derivative;Primary amine;Amine;Coenzyme a or derivatives;Carbonyl group;Pentose phosphate;Fatty amide;Organosulfur compound;Carboxylic acid derivative;Pyrimidine;Organic oxide;Aromatic heteropolycyclic compound;Imidazole;Organopnictogen compound;Imidolactam;Thiolactone;Azole;N-substituted imidazole;Purine ribonucleoside 3',5'-bisphosphate;Ribonucleoside 3'-phosphate;Thiocarboxylic acid or derivatives;Tetrahydrofuran;Carboxamide group;N-acyl-amine;Beta amino acid or derivatives;Oxacycle;Organic oxygen compound;Phosphoric acid ester;Secondary alcohol;Purine;Organic nitrogen compound;Organic phosphoric acid derivative;Alkyl phosphate;Organooxygen compound
None	CCCCCC(O)C=CC1C=CC(=O)C1CC=CCCCC(O)=O	Organic compounds	Lipids and lipid-like molecules	Fatty Acyls	Eicosanoids	Prostaglandins and related compounds	Aliphatic homomonocyclic compounds	Carbocyclic fatty acids;Carboxylic acids;Cyclic ketones;Fatty alcohols;Hydrocarbon derivatives;Hydroxy fatty acids;Medium-chain fatty acids;Medium-chain hydroxy acids and derivatives;Monocarboxylic acids and derivatives;Organic oxides;Secondary alcohols	Alcohol;Carbocyclic fatty acid;Carbonyl group;Carboxylic acid;Prostaglandin skeleton;Cyclic ketone;Carboxylic acid derivative;Medium-chain hydroxy acid;Ketone;Organic oxide;Monocarboxylic acid or derivatives;Organic oxygen compound;Fatty alcohol;Secondary alcohol;Aliphatic homomonocyclic compound;Hydrocarbon derivative;Medium-chain fatty acid;Hydroxy fatty acid;Organooxygen compound
None	OC[C@H]1O[C@H](O[C@H]2[C@H](O)[C@@H](O)[C@@H](O[C@H]3[C@H](O)[C@@H](O)C(O)O[C@@H]3CO)O[C@@H]2CO)[C@H](O)[C@@H](O)[C@@H]1O	Organic compounds	Organic oxygen compounds	Organooxygen compounds	Carbohydrates and carbohydrate conjugates	Monosaccharides	Aliphatic heteromonocyclic compounds	Acetals;Hemiacetals;Hydrocarbon derivatives;Oxacyclic compounds;Oxanes;Primary alcohols;Secondary alcohols	Alcohol;Monosaccharide;Oxacycle;Acetal;Aliphatic heteromonocyclic compound;Secondary alcohol;Hemiacetal;Hydrocarbon derivative;Oxane;Primary alcohol;Organoheterocyclic compound
None	CC1=CC2=C(C=C1C)N(C[C@H](O)[C@H](O)[C@H](O)COP(O)(O)=O)C1=C(N2)C(=O)NC(=O)N1	Organic compounds	Nucleosides, nucleotides, and analogues	Flavin nucleotides	Flavin nucleotides	Flavin nucleotides	Aromatic heteropolycyclic compounds	Azacyclic compounds;Benzenoids;Flavins;Heteroaromatic compounds;Hydrocarbon derivatives;Lactams;Monoalkyl phosphates;Monosaccharides;Organic carbonic acids and derivatives;Organic oxides;Organopnictogen compounds;Pyrimidones;Secondary alcohols;Secondary amines;Vinylogous amides	Lactam;Monosaccharide;Pyrimidone;Flavin;Pyrimidine;Saccharide;Organic oxide;Aromatic heteropolycyclic compound;Organonitrogen compound;Organopnictogen compound;Organoheterocyclic compound;Alcohol;Vinylogous amide;Carbonic acid derivative;Azacycle;Flavin nucleotide;Heteroaromatic compound;Secondary amine;Organic oxygen compound;Phosphoric acid ester;Monoalkyl phosphate;Secondary alcohol;Hydrocarbon derivative;Benzenoid;Organic nitrogen compound;Organic phosphoric acid derivative;Alkyl phosphate;Organooxygen compound;Amine
None	OC(=O)[C@@H]1CCC(=O)N1	Organic compounds	Organic acids and derivatives	Carboxylic acids and derivatives	Amino acids, peptides, and analogues	Proline and derivatives	Aliphatic heteromonocyclic compounds	Alpha amino acids;Azacyclic compounds;Carbonyl compounds;Carboxylic acids;Hydrocarbon derivatives;Lactams;Monocarboxylic acids and derivatives;Organic oxides;Organonitrogen compounds;Organopnictogen compounds;Oxoprolines;Pyrrolidine carboxylic acids;Pyrrolidine-2-ones;Secondary carboxylic acid amides	2-pyrrolidone;Carbonyl group;Lactam;Carboxylic acid;Organic oxide;Pyrrolidine carboxylic acid;Aliphatic heteromonocyclic compound;Organonitrogen compound;Alpha-amino acid;Organopnictogen compound;Pyrrolidine;Pyrrolidone;Organoheterocyclic compound;Proline or derivatives;Oxoproline;Azacycle;Carboxamide group;Secondary carboxylic acid amide;Monocarboxylic acid or derivatives;Pyrrolidine carboxylic acid or derivatives;Organic oxygen compound;Hydrocarbon derivative;Organic nitrogen compound;Organooxygen compound
None	CC(=O)CN	Organic compounds	Organic oxygen compounds	Organooxygen compounds	Carbonyl compounds	Ketones	Aliphatic acyclic compounds	Hydrocarbon derivatives;Monoalkylamines;Organic oxides;Organonitrogen compounds;Organopnictogen compounds	Ketone;Aliphatic acyclic compound;Organic oxide;Organonitrogen compound;Organopnictogen compound;Hydrocarbon derivative;Primary aliphatic amine;Organic nitrogen compound
None	C[C@@H]1NC(=O)N[C@@H]1CCCCCC(O)=O	Organic compounds	Lipids and lipid-like molecules	Fatty Acyls	Fatty acids and conjugates	Medium-chain fatty acids	Aliphatic heteromonocyclic compounds	Amino fatty acids;Azacyclic compounds;Carbonyl compounds;Carboxylic acids;Heterocyclic fatty acids;Hydrocarbon derivatives;Imidazolidinones;Monocarboxylic acids and derivatives;Organic carbonic acids and derivatives;Organic oxides;Organonitrogen compounds;Organopnictogen compounds	Imidazolidine;Carbonyl group;Carbonic acid derivative;Carboxylic acid;Azacycle;Heterocyclic fatty acid;Carboxylic acid derivative;Amino fatty acid;Imidazolidinone;Organic oxide;Monocarboxylic acid or derivatives;Organic oxygen compound;Aliphatic heteromonocyclic compound;Organonitrogen compound;Organopnictogen compound;Hydrocarbon derivative;Medium-chain fatty acid;Organic nitrogen compound;Organoheterocyclic compound;Organooxygen compound
None	N[C@@H](CC1=CNC=N1)C=O	Organic compounds	Organoheterocyclic compounds	Azoles	Imidazoles	Imidazoles	Aromatic heteromonocyclic compounds	Aldehydes;Azacyclic compounds;Heteroaromatic compounds;Hydrocarbon derivatives;Monoalkylamines;Organic oxides;Organonitrogen compounds;Organopnictogen compounds	Carbonyl group;Aromatic heteromonocyclic compound;Azacycle;Heteroaromatic compound;Aldehyde;Organic oxide;Organic oxygen compound;Imidazole;Organonitrogen compound;Organopnictogen compound;Hydrocarbon derivative;Primary aliphatic amine;Organic nitrogen compound;Organooxygen compound
None	CC(O)C(O)C(O)C(O)C(=O)O	Organic compounds	Organic acids and derivatives	Hydroxy acids and derivatives	Medium-chain hydroxy acids and derivatives	Medium-chain hydroxy acids and derivatives	Aliphatic acyclic compounds	Alpha hydroxy acids and derivatives;Beta hydroxy acids and derivatives;Carbonyl compounds;Carboxylic acids;Hydrocarbon derivatives;Hydroxy fatty acids;Medium-chain fatty acids;Monocarboxylic acids and derivatives;Monosaccharides;Organic oxides;Secondary alcohols	Alcohol;Fatty acyl;Aliphatic acyclic compound;Carbonyl group;Carboxylic acid;Alpha-hydroxy acid;Monosaccharide;Fatty acid;Carboxylic acid derivative;Medium-chain hydroxy acid;Beta-hydroxy acid;Saccharide;Organic oxide;Monocarboxylic acid or derivatives;Organic oxygen compound;Secondary alcohol;Hydrocarbon derivative;Medium-chain fatty acid;Hydroxy fatty acid;Organooxygen compound
None	OC[C@H]1O[C@H](O[C@H]2[C@H](O)[C@@H](O)[C@@H](O)O[C@@H]2CO)[C@H](O)[C@@H](O)[C@@H]1O	Organic compounds	Organic oxygen compounds	Organooxygen compounds	Carbohydrates and carbohydrate conjugates	Monosaccharides	Aliphatic heteromonocyclic compounds	Acetals;Hemiacetals;Hydrocarbon derivatives;Oxacyclic compounds;Oxanes;Primary alcohols;Secondary alcohols	Alcohol;Monosaccharide;Oxacycle;Acetal;Aliphatic heteromonocyclic compound;Secondary alcohol;Hemiacetal;Hydrocarbon derivative;Oxane;Primary alcohol;Organoheterocyclic compound
None	OC[C@H]1O[C@H](O[C@H]2[C@H](O)[C@@H](O)[C@@H](O[C@H]3[C@H](O)[C@@H](O)[C@@H](O[C@H]4[C@H](O)[C@@H](O)[C@@H](O[C@H]5[C@H](O)[C@@H](O)[C@@H](O[C@H]6[C@H](O)[C@@H](O)[C@@H](O)O[C@@H]6CO)O[C@@H]5CO)O[C@@H]4CO)O[C@@H]3CO)O[C@@H]2CO)[C@H](O)[C@@H](O)[C@@H]1O	Organic compounds	Organic oxygen compounds	Organooxygen compounds	Carbohydrates and carbohydrate conjugates	Monosaccharides	Aliphatic heteromonocyclic compounds	Acetals;Hemiacetals;Hydrocarbon derivatives;Oxacyclic compounds;Oxanes;Primary alcohols;Secondary alcohols	Alcohol;Monosaccharide;Oxacycle;Acetal;Aliphatic heteromonocyclic compound;Secondary alcohol;Hemiacetal;Hydrocarbon derivative;Oxane;Primary alcohol;Organoheterocyclic compound
None	CCCCCCCC(=O)SCCNC(=O)CCNC(=O)C(O)C(C)(C)COP(O)(=O)OP(O)(=O)OCC1OC(C(O)C1OP(O)(O)=O)N1C=NC2=C(N)N=CN=C12	Organic compounds	Lipids and lipid-like molecules	Fatty Acyls	Fatty acyl thioesters	Acyl CoAs	Aromatic heteropolycyclic compounds	Azacyclic compounds;Beta amino acids and derivatives;Carbonyl compounds;Carbothioic S-esters;Carboxylic acids and derivatives;Coenzyme A and derivatives;Heteroaromatic compounds;Hydrocarbon derivatives;Imidazoles;Imidolactams;Monoalkyl phosphates;Monosaccharides;N-acyl amines;N-substituted imidazoles;Organic oxides;Organic pyrophosphates;Organopnictogen compounds;Oxacyclic compounds;Pentose phosphates;Primary amines;Purine ribonucleoside diphosphates;Purines and purine derivatives;Pyrimidines and pyrimidine derivatives;Ribonucleoside 3'-phosphates;Secondary alcohols;Secondary carboxylic acid amides;Sulfenyl compounds;Tetrahydrofurans;Thioesters;Thiolactones	Amino acid or derivatives;Monosaccharide;Pentose-5-phosphate;Imidazopyrimidine;Carbothioic s-ester;Saccharide;Purine ribonucleoside diphosphate;Organonitrogen compound;Organoheterocyclic compound;Alcohol;Sulfenyl compound;Azacycle;Thiocarboxylic acid ester;Heteroaromatic compound;Organic pyrophosphate;Secondary carboxylic acid amide;Monoalkyl phosphate;Hydrocarbon derivative;Primary amine;Amine;Coenzyme a or derivatives;Carbonyl group;Pentose phosphate;Fatty amide;Organosulfur compound;Carboxylic acid derivative;Pyrimidine;Organic oxide;Aromatic heteropolycyclic compound;Imidazole;Organopnictogen compound;Imidolactam;Thiolactone;Azole;N-substituted imidazole;Purine ribonucleoside 3',5'-bisphosphate;Ribonucleoside 3'-phosphate;Thiocarboxylic acid or derivatives;Tetrahydrofuran;Carboxamide group;N-acyl-amine;Beta amino acid or derivatives;Oxacycle;Organic oxygen compound;Phosphoric acid ester;Secondary alcohol;Purine;Organic nitrogen compound;Organic phosphoric acid derivative;Alkyl phosphate;Organooxygen compound
None	N[C@H](CSS)C(O)=O	Organic compounds	Organic acids and derivatives	Carboxylic acids and derivatives	Amino acids, peptides, and analogues	Cysteine and derivatives	Aliphatic acyclic compounds	Alpha amino acids;Carbonyl compounds;Carboxylic acids;Hydrocarbon derivatives;Monoalkylamines;Monocarboxylic acids and derivatives;Organic oxides;Organonitrogen compounds;Organopnictogen compounds;Sulfenyl compounds	Aliphatic acyclic compound;Carbonyl group;Carboxylic acid;Sulfenyl compound;Organosulfur compound;Organic oxide;Monocarboxylic acid or derivatives;Organic oxygen compound;Cysteine or derivatives;Organonitrogen compound;Alpha-amino acid;Organopnictogen compound;Hydrocarbon derivative;Primary aliphatic amine;Organic nitrogen compound;Organooxygen compound
None	OC[C@H]1O[C@@H](O[C@H]2[C@H](O)[C@@H](O)[C@H](O)O[C@@H]2CO)[C@H](O)[C@@H](O)[C@H]1O	Organic compounds	Organic oxygen compounds	Organooxygen compounds	Carbohydrates and carbohydrate conjugates	Monosaccharides	Aliphatic heteromonocyclic compounds	Acetals;Hemiacetals;Hydrocarbon derivatives;Oxacyclic compounds;Oxanes;Primary alcohols;Secondary alcohols	Alcohol;Monosaccharide;Oxacycle;Acetal;Aliphatic heteromonocyclic compound;Secondary alcohol;Hemiacetal;Hydrocarbon derivative;Oxane;Primary alcohol;Organoheterocyclic compound
None	OC[C@H]1O[C@H](O[C@H]2[C@H](O)[C@@H](O)[C@@H](O[C@H]3[C@H](O)[C@@H](O)[C@@H](O[C@H]4[C@H](O)[C@@H](O)C(O)O[C@@H]4CO)O[C@@H]3CO)O[C@@H]2CO)[C@H](O)[C@@H](O)[C@@H]1O	Organic compounds	Organic oxygen compounds	Organooxygen compounds	Carbohydrates and carbohydrate conjugates	Monosaccharides	Aliphatic heteromonocyclic compounds	Acetals;Hemiacetals;Hydrocarbon derivatives;Oxacyclic compounds;Oxanes;Primary alcohols;Secondary alcohols	Alcohol;Monosaccharide;Oxacycle;Acetal;Aliphatic heteromonocyclic compound;Secondary alcohol;Hemiacetal;Hydrocarbon derivative;Oxane;Primary alcohol;Organoheterocyclic compound
None	[H][C@](COC(=O)CCCCCCCCCCCC)(COC(=O)CC\C=C/C\C=C/C\C=C/C\C=C/C\C=C/C\C=C/CC)OC(=O)CCCCCCCCCCCCCCCCCCCC	Organic compounds	Lipids and lipid-like molecules	Glycerolipids	Triradylcglycerols	Triacylglycerols	Aliphatic acyclic compounds	Carbonyl compounds;Carboxylic acid esters;Fatty acid esters;Glycerolipids;Hydrocarbon derivatives;Organic oxides;Tricarboxylic acids and derivatives	Fatty acyl;Aliphatic acyclic compound;Carbonyl group;Tricarboxylic acid or derivatives;Triacyl-sn-glycerol;Carboxylic acid derivative;Fatty acid ester;Organic oxide;Organic oxygen compound;Carboxylic acid ester;Hydrocarbon derivative;Organooxygen compound
None	OC[C@H]1O[C@H]([C@H](O)[C@@H]1O)C1=CNC(=O)NC1=O	Organic compounds	Organoheterocyclic compounds	Diazines	Pyrimidines and pyrimidine derivatives	Pyrimidones	Aromatic heteromonocyclic compounds	Azacyclic compounds;Dialkyl ethers;Heteroaromatic compounds;Hydrocarbon derivatives;Lactams;Monosaccharides;Organic carbonic acids and derivatives;Organic oxides;Organonitrogen compounds;Organopnictogen compounds;Oxacyclic compounds;Primary alcohols;Secondary alcohols;Tetrahydrofurans;Vinylogous amides	Ether;Lactam;Aromatic heteromonocyclic compound;Monosaccharide;Pyrimidone;Dialkyl ether;Saccharide;Organic oxide;Organonitrogen compound;Organopnictogen compound;Primary alcohol;Alcohol;Vinylogous amide;Carbonic acid derivative;Azacycle;Tetrahydrofuran;Heteroaromatic compound;Oxacycle;Organic oxygen compound;Secondary alcohol;Hydrocarbon derivative;Organic nitrogen compound;Organooxygen compound
None	CC1=CN([C@H]2C[C@H](O)[C@@H](COP(O)(=O)OP(O)(=O)O[C@H]3O[C@H](CO)[C@H](O)[C@H](O)[C@H]3O)O2)C(=O)NC1=O	Organic compounds	Organic oxygen compounds	Organooxygen compounds	Carbohydrates and carbohydrate conjugates	Pentose phosphates	Aromatic heteromonocyclic compounds	Azacyclic compounds;Heteroaromatic compounds;Hydrocarbon derivatives;Lactams;Monoalkyl phosphates;Monosaccharides;Organic carbonic acids and derivatives;Organic oxides;Organic pyrophosphates;Organonitrogen compounds;Organopnictogen compounds;Oxacyclic compounds;Oxanes;Primary alcohols;Pyrimidones;Secondary alcohols;Tetrahydrofurans;Vinylogous amides	Lactam;Aromatic heteromonocyclic compound;Pentose phosphate;Pyrimidone;Pyrimidine;Organic oxide;Organonitrogen compound;Organopnictogen compound;Oxane;Primary alcohol;Organoheterocyclic compound;Alcohol;Vinylogous amide;Carbonic acid derivative;Azacycle;Tetrahydrofuran;Heteroaromatic compound;Organic pyrophosphate;Oxacycle;Phosphoric acid ester;Monoalkyl phosphate;Secondary alcohol;Hydrocarbon derivative;Organic nitrogen compound;Organic phosphoric acid derivative;Alkyl phosphate
None	O[C@@H]([C@H](O)C(O)=O)C(O)=O	Organic compounds	Organic acids and derivatives	Hydroxy acids and derivatives	Beta hydroxy acids and derivatives	Beta hydroxy acids and derivatives	Aliphatic acyclic compounds	1,2-diols;Alpha hydroxy acids and derivatives;Carbonyl compounds;Carboxylic acids;Dicarboxylic acids and derivatives;Hydrocarbon derivatives;Hydroxy fatty acids;Monosaccharides;Organic oxides;Secondary alcohols;Short-chain hydroxy acids and derivatives	Alcohol;Fatty acyl;Aliphatic acyclic compound;Carbonyl group;Carboxylic acid;Short-chain hydroxy acid;Alpha-hydroxy acid;Monosaccharide;Fatty acid;Carboxylic acid derivative;Beta-hydroxy acid;Saccharide;Organic oxide;Organic oxygen compound;Secondary alcohol;Dicarboxylic acid or derivatives;Hydrocarbon derivative;Hydroxy fatty acid;Organooxygen compound;1,2-diol
None	OC(=O)CCCCC(S)CCS	Organic compounds	Lipids and lipid-like molecules	Fatty Acyls	Fatty acids and conjugates	Medium-chain fatty acids	Aliphatic acyclic compounds	Alkylthiols;Carbonyl compounds;Carboxylic acids;Hydrocarbon derivatives;Monocarboxylic acids and derivatives;Organic oxides;Organosulfur compounds;Thia fatty acids	Aliphatic acyclic compound;Carbonyl group;Carboxylic acid;Organosulfur compound;Carboxylic acid derivative;Organic oxide;Monocarboxylic acid or derivatives;Thia fatty acid;Organic oxygen compound;Hydrocarbon derivative;Medium-chain fatty acid;Alkylthiol;Organooxygen compound
None	CCCCC\C=C/C\C=C/C=C/C=C/[C@@H](SC[C@H](NC(=O)CC[C@H](N)C(O)=O)C(=O)NCC(O)=O)[C@@H](O)CCCC(O)=O	Organic compounds	Organic acids and derivatives	Carboxylic acids and derivatives	Amino acids, peptides, and analogues	Oligopeptides	Aliphatic acyclic compounds	Acyl glycines;Alpha amino acid amides;Alpha amino acids;Carbonyl compounds;Carboxylic acids;Cysteine and derivatives;Dialkylthioethers;Glutamine and derivatives;Hydrocarbon derivatives;Monoalkylamines;N-acyl amines;Organic oxides;Organonitrogen compounds;Organopnictogen compounds;Secondary alcohols;Secondary carboxylic acid amides;Sulfenyl compounds;Tricarboxylic acids and derivatives	Fatty acyl;Aliphatic acyclic compound;Carbonyl group;Carboxylic acid;Glutamine or derivatives;Fatty amide;Tricarboxylic acid or derivatives;Alpha-amino acid or derivatives;Organosulfur compound;Organic oxide;Organonitrogen compound;Alpha-amino acid;Organopnictogen compound;N-acyl-alpha amino acid or derivatives;Alcohol;Sulfenyl compound;Alpha-amino acid amide;N-acyl-alpha-amino acid;Dialkylthioether;Carboxamide group;N-acyl-amine;N-acylglycine;N-substituted-alpha-amino acid;Secondary carboxylic acid amide;Organic oxygen compound;Thioether;Cysteine or derivatives;Secondary alcohol;Hydrocarbon derivative;Primary aliphatic amine;Alpha-oligopeptide;Organic nitrogen compound;Organooxygen compound
None	CC1=C(CCC(O)=O)/C2=C/C3=N/C(=C\C4=C(C)C(C=C)=C(N4)/C=C4\N=C(\C=C\1/N\2)C(C=C)=C4C)/C(C)=C3CCC(O)=O	Organic compounds	Organoheterocyclic compounds	Tetrapyrroles and derivatives	Metallotetrapyrroles	Metallotetrapyrroles	Aromatic heteropolycyclic compounds	Azacyclic compounds;Carbonyl compounds;Carboxylic acids;Dicarboxylic acids and derivatives;Heteroaromatic compounds;Hydrocarbon derivatives;Organic oxides;Organonitrogen compounds;Organopnictogen compounds;Pyrroles	Carbonyl group;Carboxylic acid;Azacycle;Heteroaromatic compound;Carboxylic acid derivative;Organic oxide;Organic oxygen compound;Aromatic heteropolycyclic compound;Pyrrole;Organonitrogen compound;Dicarboxylic acid or derivatives;Organopnictogen compound;Hydrocarbon derivative;Organic nitrogen compound;Metallotetrapyrrole skeleton;Organooxygen compound
None	NC(=C)C(O)=O	Organic compounds	Organic acids and derivatives	Carboxylic acids and derivatives	Amino acids, peptides, and analogues	Alpha amino acids	Aliphatic acyclic compounds	Carbonyl compounds;Carboxylic acids;Hydrocarbon derivatives;Monoalkylamines;Monocarboxylic acids and derivatives;Organic oxides;Organonitrogen compounds;Organopnictogen compounds	Aliphatic acyclic compound;Carbonyl group;Carboxylic acid;Organic oxide;Monocarboxylic acid or derivatives;Organic oxygen compound;Organonitrogen compound;Alpha-amino acid;Organopnictogen compound;Hydrocarbon derivative;Primary aliphatic amine;Organic nitrogen compound;Organooxygen compound
None	OC(=O)CC(=O)\C=C/C(O)=O	Organic compounds	Organic acids and derivatives	Keto acids and derivatives	Medium-chain keto acids and derivatives	Medium-chain keto acids and derivatives	Aliphatic acyclic compounds	Acryloyl compounds;Beta-hydroxy ketones;Beta-keto acids and derivatives;Carboxylic acids;Dicarboxylic acids and derivatives;Enones;Fatty Acyls;Hydrocarbon derivatives;Organic oxides;Unsaturated fatty acids;b'-hydroxy-alpha,beta-unsaturated ketones	Fatty acyl;Beta-hydroxy ketone;Aliphatic acyclic compound;Carbonyl group;Carboxylic acid;B'-hydroxy-alpha,beta-unsaturated-ketone;Alpha,beta-unsaturated ketone;Carboxylic acid derivative;Beta-keto acid;Ketone;Unsaturated fatty acid;Organic oxide;Organic oxygen compound;Dicarboxylic acid or derivatives;Hydrocarbon derivative;Acryloyl-group;Organooxygen compound;Enone;Medium-chain keto acid
None	CC(C(O)=O)C(O)(CC(O)=O)C(O)=O	Organic compounds	Organic acids and derivatives	Carboxylic acids and derivatives	Tricarboxylic acids and derivatives	Tricarboxylic acids and derivatives	Aliphatic acyclic compounds	Alpha hydroxy acids and derivatives;Carbonyl compounds;Carboxylic acids;Hydrocarbon derivatives;Organic oxides;Tertiary alcohols	Alcohol;Aliphatic acyclic compound;Carbonyl group;Carboxylic acid;Alpha-hydroxy acid;Tricarboxylic acid or derivatives;Hydroxy acid;Tertiary alcohol;Organic oxide;Organic oxygen compound;Hydrocarbon derivative;Organooxygen compound
None	C\C(=C\C(O)=O)C(O)=O	Organic compounds	Lipids and lipid-like molecules	Fatty Acyls	Fatty acids and conjugates	Methyl-branched fatty acids	Aliphatic acyclic compounds	Carbonyl compounds;Carboxylic acids;Dicarboxylic acids and derivatives;Hydrocarbon derivatives;Organic oxides;Unsaturated fatty acids	Aliphatic acyclic compound;Carbonyl group;Carboxylic acid;Methyl-branched fatty acid;Carboxylic acid derivative;Unsaturated fatty acid;Organic oxide;Organic oxygen compound;Dicarboxylic acid or derivatives;Hydrocarbon derivative;Organooxygen compound
None	[H][C@](O)(C(O)=NCCC(O)=NCCSC(=O)CC(=O)CCC(O)=O)C(C)(C)COP(O)(=O)OP(O)(=O)OC[C@@]1([H])O[C@@]([H])(N2C=NC3=C(N)N=CN=C23)[C@]([H])(O)[C@]1([H])OP(O)(O)=O	Organic compounds	Lipids and lipid-like molecules	Fatty Acyls	Fatty acyl thioesters	3-oxo-acyl CoAs	Aromatic heteropolycyclic compounds	Amino acids;Azacyclic compounds;Carbothioic S-esters;Carboximidic acids;Carboxylic acids;Coenzyme A and derivatives;Gamma-keto acids and derivatives;Heteroaromatic compounds;Hydrocarbon derivatives;Imidazoles;Imidolactams;Ketones;Medium-chain keto acids and derivatives;Monoalkyl phosphates;Monocarboxylic acids and derivatives;Monosaccharides;N-substituted imidazoles;Organic oxides;Organic pyrophosphates;Organopnictogen compounds;Oxacyclic compounds;Pentose phosphates;Primary amines;Propargyl-type 1,3-dipolar organic compounds;Purine ribonucleoside diphosphates;Purines and purine derivatives;Pyrimidines and pyrimidine derivatives;Ribonucleoside 3'-phosphates;Secondary alcohols;Sulfenyl compounds;Tetrahydrofurans;Thioesters;Thiolactones	Carboximidic acid;Carboxylic acid;Amino acid or derivatives;Monosaccharide;Pentose-5-phosphate;Imidazopyrimidine;Carbothioic s-ester;Ketone;Saccharide;Purine ribonucleoside diphosphate;Organonitrogen compound;Organoheterocyclic compound;Alcohol;Sulfenyl compound;Azacycle;Thiocarboxylic acid ester;Heteroaromatic compound;Organic 1,3-dipolar compound;Organic pyrophosphate;Monoalkyl phosphate;Keto acid;Hydrocarbon derivative;Primary amine;Amine;Medium-chain keto acid;Coenzyme a or derivatives;Carbonyl group;Pentose phosphate;Amino acid;Organosulfur compound;Carboxylic acid derivative;Pyrimidine;Propargyl-type 1,3-dipolar organic compound;Organic oxide;Aromatic heteropolycyclic compound;Imidazole;Organopnictogen compound;Imidolactam;Thiolactone;Azole;N-substituted imidazole;Purine ribonucleoside 3',5'-bisphosphate;Ribonucleoside 3'-phosphate;Thiocarboxylic acid or derivatives;Tetrahydrofuran;Gamma-keto acid;Oxacycle;Monocarboxylic acid or derivatives;Organic oxygen compound;Phosphoric acid ester;Secondary alcohol;Purine;Organic nitrogen compound;Organic phosphoric acid derivative;Alkyl phosphate;Organooxygen compound
None	ErrorOccur
None	NC(CC1=CC=CC=C1)C(O)=O	Organic compounds	Organic acids and derivatives	Carboxylic acids and derivatives	Amino acids, peptides, and analogues	Phenylalanine and derivatives	Aromatic homomonocyclic compounds	Alpha amino acids;Amphetamines and derivatives;Benzene and substituted derivatives;Carbonyl compounds;Carboxylic acids;Hydrocarbon derivatives;Monoalkylamines;Monocarboxylic acids and derivatives;Organic oxides;Organonitrogen compounds;Organopnictogen compounds;Phenylpropanoic acids	Monocyclic benzene moiety;Carbonyl group;Carboxylic acid;3-Phenylpropanoic-acid;Aromatic homomonocyclic compound;Organic oxide;Monocarboxylic acid or derivatives;Phenylalanine or derivatives;Organic oxygen compound;Organonitrogen compound;Alpha-amino acid;Organopnictogen compound;Hydrocarbon derivative;Benzenoid;Primary aliphatic amine;Organic nitrogen compound;Organooxygen compound;Amphetamine or derivatives
None	N[C@@H](CCSC[C@H](N)C(O)=O)C(O)=O	Organic compounds	Organic acids and derivatives	Carboxylic acids and derivatives	Amino acids, peptides, and analogues	Cysteine and derivatives	Aliphatic acyclic compounds	Alpha amino acids;Carbonyl compounds;Carboxylic acids;Dialkylthioethers;Dicarboxylic acids and derivatives;Hydrocarbon derivatives;Monoalkylamines;Organic oxides;Organonitrogen compounds;Organopnictogen compounds;Sulfenyl compounds;Thia fatty acids	Fatty acyl;Aliphatic acyclic compound;Carbonyl group;Carboxylic acid;Sulfenyl compound;Dialkylthioether;Fatty acid;Organosulfur compound;Organic oxide;Thia fatty acid;Organic oxygen compound;Thioether;Cysteine or derivatives;Organonitrogen compound;Alpha-amino acid;Dicarboxylic acid or derivatives;Organopnictogen compound;Hydrocarbon derivative;Primary aliphatic amine;Organic nitrogen compound;Organooxygen compound
None	OCC1=C(O)C=CC=C1	Organic compounds	Benzenoids	Benzene and substituted derivatives	Benzyl alcohols	Benzyl alcohols	Aromatic homomonocyclic compounds	1-hydroxy-2-unsubstituted benzenoids;1-hydroxy-4-unsubstituted benzenoids;Aromatic alcohols;Hydrocarbon derivatives	Aromatic alcohol;Alcohol;1-hydroxy-2-unsubstituted benzenoid;Benzyl alcohol;1-hydroxy-4-unsubstituted benzenoid;Aromatic homomonocyclic compound;Organic oxygen compound;Phenol;Hydrocarbon derivative;Organooxygen compound
None	COC1=CC(\C=C\CO)=CC(OC)=C1O	Organic compounds	Benzenoids	Phenols	Methoxyphenols	Methoxyphenols	Aromatic homomonocyclic compounds	Alkyl aryl ethers;Anisoles;Cinnamyl alcohols;Dimethoxybenzenes;Hydrocarbon derivatives;Phenoxy compounds;Primary alcohols	Alcohol;Phenol ether;Monocyclic benzene moiety;Ether;Methoxyphenol;Cinnamyl alcohol;Alkyl aryl ether;Methoxybenzene;Aromatic homomonocyclic compound;Dimethoxybenzene;Organic oxygen compound;M-dimethoxybenzene;Anisole;Hydrocarbon derivative;Phenoxy compound;Primary alcohol;Organooxygen compound
None	OC(=O)C\C(=C/C(O)=O)C(O)=O	Organic compounds	Organic acids and derivatives	Carboxylic acids and derivatives	Tricarboxylic acids and derivatives	Tricarboxylic acids and derivatives	Aliphatic acyclic compounds	Carbonyl compounds;Carboxylic acids;Hydrocarbon derivatives;Organic oxides	Aliphatic acyclic compound;Carbonyl group;Organic oxide;Carboxylic acid;Organic oxygen compound;Hydrocarbon derivative;Tricarboxylic acid or derivatives;Organooxygen compound
None	NC(=O)NC1NC(=O)NC1=O	Organic compounds	Organoheterocyclic compounds	Azolidines	Imidazolidines	Allantoins	Aliphatic heteromonocyclic compounds	Alpha amino acids;Azacyclic compounds;Carbonyl compounds;Carboxylic acids and derivatives;Dicarboximides;Hydrocarbon derivatives;Imidazolidinones;Organic carbonic acids and derivatives;Organic oxides;Organonitrogen compounds;Organopnictogen compounds	Carbonyl group;Carbonic acid derivative;Azacycle;Alpha-amino acid or derivatives;Carboxylic acid derivative;Organic oxide;Organic oxygen compound;Allantoin;Aliphatic heteromonocyclic compound;Organonitrogen compound;Alpha-amino acid;Organopnictogen compound;Hydrocarbon derivative;Dicarboximide;Organic nitrogen compound;Organooxygen compound
None	NC1=NC=NC2=C1N=CN2C1OC(CO)C2OP(O)(=O)OC12	Organic compounds	Nucleosides, nucleotides, and analogues	Purine nucleotides	Cyclic purine nucleotides	2',3'-cyclic purine nucleotides	Aromatic heteropolycyclic compounds	Azacyclic compounds;Dioxaphospholanes;Heteroaromatic compounds;Hydrocarbon derivatives;Imidazoles;Imidolactams;N-substituted imidazoles;Organic oxides;Organic phosphoric acids and derivatives;Organopnictogen compounds;Oxacyclic compounds;Primary alcohols;Primary amines;Purines and purine derivatives;Pyrimidines and pyrimidine derivatives;Ribonucleoside 3'-phosphates;Tetrahydrofurans	Imidazopyrimidine;Pyrimidine;Organic oxide;Aromatic heteropolycyclic compound;Imidazole;Organonitrogen compound;Organopnictogen compound;Primary alcohol;Imidolactam;Organoheterocyclic compound;Azole;N-substituted imidazole;Ribonucleoside 3'-phosphate;Alcohol;Azacycle;Tetrahydrofuran;Heteroaromatic compound;1,3_dioxaphospholane;Oxacycle;Organic oxygen compound;Hydrocarbon derivative;Purine;Primary amine;Organic nitrogen compound;Organic phosphoric acid derivative;Amine;Organooxygen compound;2',3'-cyclic purine ribonucleotide
None	OC[C@H]1O[C@H]([C@@H]2OP(O)(=O)O[C@H]12)N1C=CC(=O)NC1=O	Organic compounds	Nucleosides, nucleotides, and analogues	Pyrimidine nucleotides	Cyclic pyrimidine nucleotides	2',3'-cyclic pyrimidine nucleotides	Aromatic heteropolycyclic compounds	Azacyclic compounds;Dioxaphospholanes;Heteroaromatic compounds;Hydrocarbon derivatives;Lactams;Organic carbonic acids and derivatives;Organic oxides;Organic phosphoric acids and derivatives;Organonitrogen compounds;Organopnictogen compounds;Oxacyclic compounds;Primary alcohols;Pyrimidones;Ribonucleoside 3'-phosphates;Tetrahydrofurans;Vinylogous amides	Lactam;Pyrimidone;Pyrimidine;Organic oxide;Aromatic heteropolycyclic compound;Organonitrogen compound;Organopnictogen compound;Primary alcohol;Organoheterocyclic compound;Ribonucleoside 3'-phosphate;Alcohol;Vinylogous amide;Carbonic acid derivative;Azacycle;Tetrahydrofuran;Heteroaromatic compound;1,3_dioxaphospholane;2',3'-cyclic pyrimidine ribonucleotide;Oxacycle;Organic oxygen compound;Hydrocarbon derivative;Organic nitrogen compound;Organic phosphoric acid derivative;Organooxygen compound
None	CC[C@H](N)C(O)=O	Organic compounds	Organic acids and derivatives	Carboxylic acids and derivatives	Amino acids, peptides, and analogues	Alpha amino acids	Aliphatic acyclic compounds	Carbonyl compounds;Carboxylic acids;Fatty acids and conjugates;Hydrocarbon derivatives;Monoalkylamines;Monocarboxylic acids and derivatives;Organic oxides;Organonitrogen compounds;Organopnictogen compounds	Aliphatic acyclic compound;Carbonyl group;Carboxylic acid;Fatty acid;Organic oxide;Monocarboxylic acid or derivatives;Organic oxygen compound;Organonitrogen compound;Alpha-amino acid;Organopnictogen compound;Hydrocarbon derivative;Primary aliphatic amine;Organic nitrogen compound;Organooxygen compound
None	OC(=N)CC(=O)C(O)=O	Organic compounds	Organic acids and derivatives	Keto acids and derivatives	Short-chain keto acids and derivatives	Short-chain keto acids and derivatives	Aliphatic acyclic compounds	Alpha-hydroxy ketones;Alpha-keto acids and derivatives;Beta-hydroxy ketones;Carboximidic acids;Carboxylic acids;Hydrocarbon derivatives;Monocarboxylic acids and derivatives;Organic oxides;Organonitrogen compounds;Organopnictogen compounds	Beta-hydroxy ketone;Aliphatic acyclic compound;Carboximidic acid;Carbonyl group;Carboxylic acid;Short-chain keto acid;Alpha-hydroxy ketone;Carboxylic acid derivative;Ketone;Organic oxide;Monocarboxylic acid or derivatives;Organic oxygen compound;Organonitrogen compound;Alpha-keto acid;Organopnictogen compound;Hydrocarbon derivative;Organic nitrogen compound;Organooxygen compound
None	CC1=C(N)NC(=O)N=C1	Organic compounds	Organoheterocyclic compounds	Diazines	Pyrimidines and pyrimidine derivatives	Pyrimidones	Aromatic heteromonocyclic compounds	Azacyclic compounds;Heteroaromatic compounds;Hydrocarbon derivatives;Organic carbonic acids and derivatives;Organic oxides;Organooxygen compounds;Organopnictogen compounds;Primary amines	Carbonic acid derivative;Aromatic heteromonocyclic compound;Azacycle;Heteroaromatic compound;Pyrimidone;Organic oxide;Organic oxygen compound;Organonitrogen compound;Organopnictogen compound;Hydrocarbon derivative;Primary amine;Organic nitrogen compound;Amine;Organooxygen compound
None	S=C1N=CNC2=C1NC=N2	Organic compounds	Organoheterocyclic compounds	Imidazopyrimidines	Purines and purine derivatives	Purinethiones	Aromatic heteropolycyclic compounds	Azacyclic compounds;Heteroaromatic compounds;Hydrocarbon derivatives;Imidazoles;Organonitrogen compounds;Organopnictogen compounds;Organosulfur compounds;Pyrimidinethiones	Pyrimidinethione;Azacycle;Heteroaromatic compound;Organosulfur compound;Pyrimidine;Purinethione;Aromatic heteropolycyclic compound;Imidazole;Organonitrogen compound;Organopnictogen compound;Hydrocarbon derivative;Organic nitrogen compound;Azole
None	NC(CCCN=C(N)N)C(O)=O	Organic compounds	Organic acids and derivatives	Carboxylic acids and derivatives	Amino acids, peptides, and analogues	Alpha amino acids	Aliphatic acyclic compounds	Carbonyl compounds;Carboximidamides;Carboxylic acids;Fatty acids and conjugates;Guanidines;Hydrocarbon derivatives;Monoalkylamines;Monocarboxylic acids and derivatives;Organic oxides;Organopnictogen compounds;Propargyl-type 1,3-dipolar organic compounds	Aliphatic acyclic compound;Carbonyl group;Carboxylic acid;Guanidine;Fatty acid;Organic 1,3-dipolar compound;Carboximidamide;Propargyl-type 1,3-dipolar organic compound;Organic oxide;Monocarboxylic acid or derivatives;Organic oxygen compound;Organonitrogen compound;Alpha-amino acid;Organopnictogen compound;Hydrocarbon derivative;Primary aliphatic amine;Organic nitrogen compound;Organooxygen compound
None	CC(C)[C@@](O)(CC(O)=O)C(O)=O	Organic compounds	Lipids and lipid-like molecules	Fatty Acyls	Fatty acids and conjugates	Hydroxy fatty acids	Aliphatic acyclic compounds	Alpha hydroxy acids and derivatives;Carbonyl compounds;Carboxylic acids;Dicarboxylic acids and derivatives;Hydrocarbon derivatives;Methyl-branched fatty acids;Organic oxides;Short-chain hydroxy acids and derivatives;Tertiary alcohols	Alcohol;Aliphatic acyclic compound;Carbonyl group;Carboxylic acid;Methyl-branched fatty acid;Short-chain hydroxy acid;Alpha-hydroxy acid;Hydroxy acid;Carboxylic acid derivative;Branched fatty acid;Tertiary alcohol;Organic oxide;Organic oxygen compound;Dicarboxylic acid or derivatives;Hydrocarbon derivative;Hydroxy fatty acid;Organooxygen compound
None	NC(=O)CC1=CC=CC=C1	Organic compounds	Benzenoids	Benzene and substituted derivatives	Phenylacetamides	Phenylacetamides	Aromatic homomonocyclic compounds	Carbonyl compounds;Carboxylic acids and derivatives;Hydrocarbon derivatives;Organic oxides;Organonitrogen compounds;Organopnictogen compounds;Primary carboxylic acid amides	Primary carboxylic acid amide;Carbonyl group;Carboxamide group;Carboxylic acid derivative;Aromatic homomonocyclic compound;Organic oxide;Organic oxygen compound;Organonitrogen compound;Organopnictogen compound;Hydrocarbon derivative;Organic nitrogen compound;Phenylacetamide;Organooxygen compound
None	N[C@@H](CC#N)C(O)=O	Organic compounds	Organic acids and derivatives	Carboxylic acids and derivatives	Amino acids, peptides, and analogues	Alpha amino acids	Aliphatic acyclic compounds	Carbonyl compounds;Carboxylic acids;Fatty acids and conjugates;Hydrocarbon derivatives;Monoalkylamines;Monocarboxylic acids and derivatives;Nitriles;Organic oxides;Organonitrogen compounds;Organopnictogen compounds	Aliphatic acyclic compound;Carbonyl group;Nitrile;Carboxylic acid;Fatty acid;Organic oxide;Monocarboxylic acid or derivatives;Organic oxygen compound;Organonitrogen compound;Alpha-amino acid;Organopnictogen compound;Hydrocarbon derivative;Primary aliphatic amine;Organic nitrogen compound;Carbonitrile;Organooxygen compound
None	CN1CC(=O)NC1=O	Organic compounds	Organoheterocyclic compounds	Azolidines	Imidazolidines	Hydantoins	Aliphatic heteromonocyclic compounds	Alpha amino acids;Azacyclic compounds;Carbonyl compounds;Carboxylic acids and derivatives;Dicarboximides;Hydrocarbon derivatives;Imidazolidinones;Organic carbonic acids and derivatives;Organic oxides;Organonitrogen compounds;Organopnictogen compounds	Carbonyl group;Carbonic acid derivative;Azacycle;Alpha-amino acid or derivatives;Carboxylic acid derivative;Organic oxide;Organic oxygen compound;Hydantoin;Aliphatic heteromonocyclic compound;Organonitrogen compound;Alpha-amino acid;Organopnictogen compound;Hydrocarbon derivative;Dicarboximide;Organic nitrogen compound;Organooxygen compound
None	CCCCCCCCCCCCCC(=O)SCCNC(=O)CCNC(=O)C(O)C(C)(C)COP(O)(=O)OP(O)(=O)OC[C@H]1O[C@H]([C@H](O)[C@@H]1OP(O)(O)=O)N1C=NC2=C1N=CN=C2N	Organic compounds	Lipids and lipid-like molecules	Fatty Acyls	Fatty acyl thioesters	Acyl CoAs	Aromatic heteropolycyclic compounds	Azacyclic compounds;Beta amino acids and derivatives;Carbonyl compounds;Carbothioic S-esters;Carboxylic acids and derivatives;Coenzyme A and derivatives;Heteroaromatic compounds;Hydrocarbon derivatives;Imidazoles;Imidolactams;Monoalkyl phosphates;Monosaccharides;N-acyl amines;N-substituted imidazoles;Organic oxides;Organic pyrophosphates;Organopnictogen compounds;Oxacyclic compounds;Pentose phosphates;Primary amines;Purine ribonucleoside diphosphates;Purines and purine derivatives;Pyrimidines and pyrimidine derivatives;Ribonucleoside 3'-phosphates;Secondary alcohols;Secondary carboxylic acid amides;Sulfenyl compounds;Tetrahydrofurans;Thioesters;Thiolactones	Amino acid or derivatives;Monosaccharide;Pentose-5-phosphate;Imidazopyrimidine;Carbothioic s-ester;Saccharide;Purine ribonucleoside diphosphate;Organonitrogen compound;Organoheterocyclic compound;Alcohol;Sulfenyl compound;Azacycle;Thiocarboxylic acid ester;Heteroaromatic compound;Organic pyrophosphate;Secondary carboxylic acid amide;Monoalkyl phosphate;Hydrocarbon derivative;Primary amine;Amine;Coenzyme a or derivatives;Carbonyl group;Pentose phosphate;Fatty amide;Organosulfur compound;Carboxylic acid derivative;Pyrimidine;Organic oxide;Aromatic heteropolycyclic compound;Imidazole;Organopnictogen compound;Imidolactam;Thiolactone;Azole;N-substituted imidazole;Purine ribonucleoside 3',5'-bisphosphate;Ribonucleoside 3'-phosphate;Thiocarboxylic acid or derivatives;Tetrahydrofuran;Carboxamide group;N-acyl-amine;Beta amino acid or derivatives;Oxacycle;Organic oxygen compound;Phosphoric acid ester;Secondary alcohol;Purine;Organic nitrogen compound;Organic phosphoric acid derivative;Alkyl phosphate;Organooxygen compound
None	CC(C)C(=C\C(O)=O)\C(O)=O	Organic compounds	Lipids and lipid-like molecules	Fatty Acyls	Fatty acids and conjugates	Methyl-branched fatty acids	Aliphatic acyclic compounds	Carbonyl compounds;Carboxylic acids;Dicarboxylic acids and derivatives;Hydrocarbon derivatives;Organic oxides;Unsaturated fatty acids	Aliphatic acyclic compound;Carbonyl group;Carboxylic acid;Methyl-branched fatty acid;Carboxylic acid derivative;Unsaturated fatty acid;Organic oxide;Organic oxygen compound;Dicarboxylic acid or derivatives;Hydrocarbon derivative;Organooxygen compound
None	OC1CC(=CC(=O)C1O)C([O-])=O	Organic compounds	Organic oxygen compounds	Organooxygen compounds	Carbonyl compounds	Cyclohexenones	Aliphatic homomonocyclic compounds	1,2-diols;Carboxylic acids;Hydrocarbon derivatives;Monocarboxylic acids and derivatives;Organic anions;Organic oxides;Secondary alcohols	Alcohol;Cyclohexenone;Carboxylic acid;Carboxylic acid derivative;Organic oxide;Monocarboxylic acid or derivatives;Organic anion;Secondary alcohol;Aliphatic homomonocyclic compound;Hydrocarbon derivative;1,2-diol
None	NC(=O)NCCC(O)=O	Organic compounds	Organic acids and derivatives	Organic carbonic acids and derivatives	Organic carbonic acids and derivatives	Organic carbonic acids and derivatives	Aliphatic acyclic compounds	Carbonyl compounds;Carboxylic acids;Hydrocarbon derivatives;Monocarboxylic acids and derivatives;Organic oxides;Organonitrogen compounds;Organopnictogen compounds	Aliphatic acyclic compound;Carbonyl group;Carbonic acid derivative;Carboxylic acid;Carboxylic acid derivative;Organic oxide;Monocarboxylic acid or derivatives;Organic oxygen compound;Organonitrogen compound;Organopnictogen compound;Hydrocarbon derivative;Organic nitrogen compound;Organooxygen compound
None	OC\C=C\C1=CC=C(O)C=C1	Organic compounds	Phenylpropanoids and polyketides	Cinnamyl alcohols	Cinnamyl alcohols	Cinnamyl alcohols	Aromatic homomonocyclic compounds	1-hydroxy-2-unsubstituted benzenoids;Benzene and substituted derivatives;Hydrocarbon derivatives;Primary alcohols	Alcohol;Aromatic homomonocyclic compound;Monocyclic benzene moiety;Organic oxygen compound;1-hydroxy-2-unsubstituted benzenoid;Cinnamyl alcohol;Phenol;Hydrocarbon derivative;Benzenoid;Primary alcohol;Organooxygen compound
None	CC(C)(O)C#N	Organic compounds	Organic oxygen compounds	Organooxygen compounds	Alcohols and polyols	Tertiary alcohols	Aliphatic acyclic compounds	Alpha-hydroxynitriles;Cyanohydrins;Hydrocarbon derivatives;Organonitrogen compounds;Organopnictogen compounds	Aliphatic acyclic compound;Nitrile;Cyanohydrin;Tertiary alcohol;Alpha-hydroxynitrile;Organonitrogen compound;Organopnictogen compound;Hydrocarbon derivative;Organic nitrogen compound;Carbonitrile
None	CCCCCCCCCCCCCCCC(=O)NC(CO[C@@H]1O[C@H](CO)[C@H](O)[C@H](O)[C@H]1O)C(O)\C=C/CCCCCCCCCCCCC	Organic compounds	Lipids and lipid-like molecules	Sphingolipids	Glycosphingolipids	Glycosphingolipids	Aliphatic heteromonocyclic compounds	Acetals;Alkyl glycosides;Carbonyl compounds;Carboxylic acids and derivatives;Fatty acyl glycosides of mono- and disaccharides;Hydrocarbon derivatives;Monosaccharides;N-acyl amines;Organic oxides;Organonitrogen compounds;Organopnictogen compounds;Oxacyclic compounds;Oxanes;Primary alcohols;Secondary alcohols;Secondary carboxylic acid amides	Fatty acyl;Fatty acyl glycoside of mono- or disaccharide;Carbonyl group;Fatty amide;Monosaccharide;Glycosphingolipid;Carboxylic acid derivative;Saccharide;Organic oxide;Acetal;Aliphatic heteromonocyclic compound;Organonitrogen compound;Organopnictogen compound;Oxane;Primary alcohol;Organoheterocyclic compound;Alcohol;Fatty acyl glycoside;Carboxamide group;N-acyl-amine;Oxacycle;Secondary carboxylic acid amide;Organic oxygen compound;Secondary alcohol;Hydrocarbon derivative;Organic nitrogen compound;Organooxygen compound;Alkyl glycoside
None	[H][C@](C)(O[C@@]1([H])[C@]([H])(O)[C@@]([H])(CO)OC([H])(O)[C@]1([H])N=C(C)O)C(O)=O	Organic compounds	Organic oxygen compounds	Organooxygen compounds	Carbohydrates and carbohydrate conjugates	N-acyl-alpha-hexosamines	Aliphatic heteromonocyclic compounds	Carbonyl compounds;Carboximidic acids;Carboxylic acids;Dialkyl ethers;Hemiacetals;Hydrocarbon derivatives;Monocarboxylic acids and derivatives;Monosaccharides;Organic oxides;Organonitrogen compounds;Organopnictogen compounds;Oxacyclic compounds;Oxanes;Primary alcohols;Propargyl-type 1,3-dipolar organic compounds;Secondary alcohols;Sugar acids and derivatives	Carboximidic acid;Carbonyl group;Ether;Carboxylic acid;Monosaccharide;Carboxylic acid derivative;Dialkyl ether;N-acyl-alpha-hexosamine;Propargyl-type 1,3-dipolar organic compound;Muramic_acid;Organic oxide;Aliphatic heteromonocyclic compound;Organonitrogen compound;Organopnictogen compound;Hemiacetal;Oxane;Primary alcohol;Organoheterocyclic compound;Alcohol;Organic 1,3-dipolar compound;Oxacycle;Monocarboxylic acid or derivatives;Secondary alcohol;Hydrocarbon derivative;Organic nitrogen compound
None	CC(=O)NCCCCN	Organic compounds	Organic acids and derivatives	Carboxylic acids and derivatives	Carboxylic acid derivatives	Acetamides	Aliphatic acyclic compounds	Carbonyl compounds;Carboxylic acids and derivatives;Hydrocarbon derivatives;Monoalkylamines;Organic oxides;Organonitrogen compounds;Organopnictogen compounds;Secondary carboxylic acid amides	Aliphatic acyclic compound;Carbonyl group;Secondary carboxylic acid amide;Organic oxide;Organic oxygen compound;Organonitrogen compound;Organopnictogen compound;Hydrocarbon derivative;Primary aliphatic amine;Organic nitrogen compound;Acetamide;Organooxygen compound
None	CNCCCCN	Organic compounds	Organic nitrogen compounds	Organonitrogen compounds	Amines	Dialkylamines	Aliphatic acyclic compounds	Hydrocarbon derivatives;Monoalkylamines;Organopnictogen compounds	Aliphatic acyclic compound;Secondary aliphatic amine;Organopnictogen compound;Hydrocarbon derivative;Primary aliphatic amine
None	OC(=O)CCC(=O)C1=C(C=CC=C1)C(O)=O	Organic compounds	Organic oxygen compounds	Organooxygen compounds	Carbonyl compounds	Alkyl-phenylketones	Aromatic homomonocyclic compounds	1-carboxy-2-haloaromatic compounds;Aryl alkyl ketones;Benzoic acids;Benzoyl derivatives;Butyrophenones;Dicarboxylic acids and derivatives;Gamma-keto acids and derivatives;Hydrocarbon derivatives;Organic oxides	Monocyclic benzene moiety;Carboxylic acid;Aryl alkyl ketone;Benzoyl;Benzoic acid or derivatives;Carboxylic acid derivative;Gamma-keto acid;Butyrophenone;Aromatic homomonocyclic compound;Organic oxide;Keto acid;Dicarboxylic acid or derivatives;Hydrocarbon derivative;Benzenoid;1-carboxy-2-haloaromatic compound;Benzoic acid;Alkyl-phenylketone
None	CCCCCCCCCCCCCCCC(=O)OC[C@H](COP(O)(=O)OC[C@H](N)C(O)=O)OC(=O)CCCCCCCCCCCCCCC	Organic compounds	Lipids and lipid-like molecules	Glycerophospholipids	Glycerophosphoserines	Phosphatidylserines	Aliphatic acyclic compounds	Alpha amino acids;Carbonyl compounds;Carboxylic acid esters;Carboxylic acids;Dialkyl phosphates;Fatty acid esters;Hydrocarbon derivatives;Monoalkylamines;Organic oxides;Organonitrogen compounds;Organopnictogen compounds;Phosphoethanolamines;Tricarboxylic acids and derivatives	Fatty acyl;Aliphatic acyclic compound;Carbonyl group;Carboxylic acid;Tricarboxylic acid or derivatives;Alpha-amino acid or derivatives;Diacyl-glycerol-3-phosphoserine;Carboxylic acid derivative;Phosphoethanolamine;Organic oxide;Organonitrogen compound;Alpha-amino acid;Organopnictogen compound;Fatty acid ester;Dialkyl phosphate;Organic oxygen compound;Phosphoric acid ester;Carboxylic acid ester;Hydrocarbon derivative;Primary aliphatic amine;Organic nitrogen compound;Organic phosphoric acid derivative;Alkyl phosphate;Organooxygen compound
None	O[C@@H]1[C@@H](COP(O)(=O)OP(O)(=O)OP(O)(O)=O)O[C@H]([C@@H]1O)N1C=NC2=C1N=CN([C@@H]1O[C@H](COP(O)(O)=O)[C@@H](O)[C@H]1O)C2=N	Organic compounds	Nucleosides, nucleotides, and analogues	Purine nucleotides	Purine ribonucleotides	Purine ribonucleoside triphosphates	Aromatic heteropolycyclic compounds	Azacyclic compounds;Heteroaromatic compounds;Hydrocarbon derivatives;Imidazoles;Imidolactams;Monoalkyl phosphates;Monosaccharides;N-substituted imidazoles;Organic oxides;Organonitrogen compounds;Organopnictogen compounds;Oxacyclic compounds;Pentose phosphates;Purine ribonucleoside monophosphates;Purines and purine derivatives;Pyrimidines and pyrimidine derivatives;Secondary alcohols;Tetrahydrofurans	Pentose phosphate;Purine ribonucleoside monophosphate;Monosaccharide;Pentose-5-phosphate;Imidazopyrimidine;Pyrimidine;Saccharide;Organic oxide;Aromatic heteropolycyclic compound;Imidazole;Organonitrogen compound;Organopnictogen compound;Imidolactam;Purine ribonucleoside triphosphate;Organoheterocyclic compound;Azole;N-substituted imidazole;Alcohol;Azacycle;Tetrahydrofuran;Heteroaromatic compound;Oxacycle;Organic oxygen compound;Phosphoric acid ester;Monoalkyl phosphate;Secondary alcohol;Hydrocarbon derivative;Purine;Organic nitrogen compound;Organic phosphoric acid derivative;Alkyl phosphate;Organooxygen compound
None	O[C@@H]1[C@@H](COP(O)(O)=O)O[C@H]([C@@H]1O)N1C=NC2=C1N=CN([C@@H]1O[C@H](COP(O)(O)=O)[C@@H](O)[C@H]1O)C2=N	Organic compounds	Nucleosides, nucleotides, and analogues	Purine nucleotides	Purine ribonucleotides	Purine ribonucleoside monophosphates	Aromatic heteropolycyclic compounds	Azacyclic compounds;Heteroaromatic compounds;Hydrocarbon derivatives;Imidazoles;Imidolactams;Monoalkyl phosphates;Monosaccharides;N-substituted imidazoles;Organic oxides;Organonitrogen compounds;Organopnictogen compounds;Oxacyclic compounds;Pentose phosphates;Purines and purine derivatives;Pyrimidines and pyrimidine derivatives;Secondary alcohols;Tetrahydrofurans	Pentose phosphate;Purine ribonucleoside monophosphate;Monosaccharide;Pentose-5-phosphate;Imidazopyrimidine;Pyrimidine;Saccharide;Organic oxide;Aromatic heteropolycyclic compound;Imidazole;Organonitrogen compound;Organopnictogen compound;Imidolactam;Organoheterocyclic compound;Azole;N-substituted imidazole;Alcohol;Azacycle;Tetrahydrofuran;Heteroaromatic compound;Oxacycle;Organic oxygen compound;Phosphoric acid ester;Monoalkyl phosphate;Secondary alcohol;Hydrocarbon derivative;Purine;Organic nitrogen compound;Organic phosphoric acid derivative;Alkyl phosphate;Organooxygen compound
None	O=C(O)C(=O)(O)(O)C(=O)CO	Organic compounds	Organic acids and derivatives	Carboxylic acids and derivatives	Pentacarboxylic acids and derivatives	Pentacarboxylic acids and derivatives	Aliphatic acyclic compounds	Acyloins;Alpha hydroxy acids and derivatives;Alpha-diketones;Alpha-hydroxy ketones;Alpha-keto acids and derivatives;Beta hydroxy acids and derivatives;Beta-hydroxy ketones;Beta-keto acids and derivatives;Carbonyl hydrates;Carboxylic acids;Hydrocarbon derivatives;Monosaccharides;Organic carbonic acids;Organic oxides	Beta-hydroxy ketone;Aliphatic acyclic compound;Carbonyl group;Carboxylic acid;Carbonyl hydrate;Alpha-hydroxy acid;Monosaccharide;Alpha-hydroxy ketone;Beta-keto acid;Ketone;Beta-hydroxy acid;Saccharide;Organic oxide;Alpha-keto acid;Carbonic acid;Alcohol;Hydroxy acid;Alpha-diketone;Pentacarboxylic acid or derivatives;Organic oxygen compound;Keto acid;Acyloin;Hydrocarbon derivative;Organooxygen compound
None	C1=CC(=C(C(=C1C(=O)O)Cl)Cl)Cl	Organic compounds	Benzenoids	Benzene and substituted derivatives	Benzoic acids and derivatives	2-halobenzoic acids	Aromatic homomonocyclic compounds	1-carboxy-2-haloaromatic compounds;3-halobenzoic acids;4-halobenzoic acids;Aryl chlorides;Benzoic acids;Benzoyl derivatives;Chlorobenzenes;Halobenzoic acids;Hydrocarbon derivatives;Monocarboxylic acids and derivatives;Organic oxides;Organochlorides;Organooxygen compounds;Vinylogous halides	2-halobenzoic acid;Carboxylic acid;3-halobenzoic acid or derivatives;Organochloride;Benzoyl;Carboxylic acid derivative;Organohalogen compound;Organic oxide;3-halobenzoic acid;1-carboxy-2-haloaromatic compound;Benzoic acid;Aryl chloride;Chlorobenzene;Halobenzoic acid;4-halobenzoic acid;Vinylogous halide;Aryl halide;4-halobenzoic acid or derivatives;Aromatic homomonocyclic compound;Monocarboxylic acid or derivatives;Organic oxygen compound;Hydrocarbon derivative;Halobenzene;Organooxygen compound
None	OC[C@H](O)[C@@H](O)[C@H](O)C(=O)COP(O)(O)=O	Organic compounds	Organic oxygen compounds	Organooxygen compounds	Carbonyl compounds	Glycerone phosphates	Aliphatic acyclic compounds	Acyloins;Alpha-hydroxy ketones;Beta-hydroxy ketones;Hydrocarbon derivatives;Monoalkyl phosphates;Monosaccharides;Organic oxides;Primary alcohols;Secondary alcohols	Alcohol;Beta-hydroxy ketone;Aliphatic acyclic compound;Monosaccharide;Alpha-hydroxy ketone;Glycerone phosphate;Saccharide;Organic oxide;Phosphoric acid ester;Monoalkyl phosphate;Acyloin;Secondary alcohol;Hydrocarbon derivative;Primary alcohol;Organic phosphoric acid derivative;Alkyl phosphate
None	OCC1=CC2=CC=CC=C2C=C1	Organic compounds	Benzenoids	Naphthalenes	Naphthalenes	Naphthalenes	Aromatic homopolycyclic compounds	Aromatic alcohols;Hydrocarbon derivatives	Aromatic alcohol;Alcohol;Naphthalene;Organic oxygen compound;Aromatic homopolycyclic compound;Hydrocarbon derivative;Organooxygen compound
None	C[C@H](O)CO	Organic compounds	Organic oxygen compounds	Organooxygen compounds	Alcohols and polyols	1,2-diols	Aliphatic acyclic compounds	Hydrocarbon derivatives;Primary alcohols;Secondary alcohols	Aliphatic acyclic compound;Secondary alcohol;Hydrocarbon derivative;Primary alcohol;1,2-diol
None	CC(C)CC(=O)SCCNC(=O)CCNC(=O)[C@H](O)C(C)(C)COP(O)(=O)OP(O)(=O)OC[C@H]1O[C@H]([C@H](O)[C@@H]1OP(O)(O)=O)N1C=NC2=C1N=CN=C2N	Organic compounds	Lipids and lipid-like molecules	Fatty Acyls	Fatty acyl thioesters	Acyl CoAs	Aromatic heteropolycyclic compounds	Azacyclic compounds;Beta amino acids and derivatives;Carbonyl compounds;Carbothioic S-esters;Carboxylic acids and derivatives;Coenzyme A and derivatives;Heteroaromatic compounds;Hydrocarbon derivatives;Imidazoles;Imidolactams;Monoalkyl phosphates;Monosaccharides;N-acyl amines;N-substituted imidazoles;Organic oxides;Organic pyrophosphates;Organopnictogen compounds;Oxacyclic compounds;Pentose phosphates;Primary amines;Purine ribonucleoside diphosphates;Purines and purine derivatives;Pyrimidines and pyrimidine derivatives;Ribonucleoside 3'-phosphates;Secondary alcohols;Secondary carboxylic acid amides;Sulfenyl compounds;Tetrahydrofurans;Thioesters;Thiolactones	Amino acid or derivatives;Monosaccharide;Pentose-5-phosphate;Imidazopyrimidine;Carbothioic s-ester;Saccharide;Purine ribonucleoside diphosphate;Organonitrogen compound;Organoheterocyclic compound;Alcohol;Sulfenyl compound;Azacycle;Thiocarboxylic acid ester;Heteroaromatic compound;Organic pyrophosphate;Secondary carboxylic acid amide;Monoalkyl phosphate;Hydrocarbon derivative;Primary amine;Amine;Coenzyme a or derivatives;Carbonyl group;Pentose phosphate;Fatty amide;Organosulfur compound;Carboxylic acid derivative;Pyrimidine;Organic oxide;Aromatic heteropolycyclic compound;Imidazole;Organopnictogen compound;Imidolactam;Thiolactone;Azole;N-substituted imidazole;Purine ribonucleoside 3',5'-bisphosphate;Ribonucleoside 3'-phosphate;Thiocarboxylic acid or derivatives;Tetrahydrofuran;Carboxamide group;N-acyl-amine;Beta amino acid or derivatives;Oxacycle;Organic oxygen compound;Phosphoric acid ester;Secondary alcohol;Purine;Organic nitrogen compound;Organic phosphoric acid derivative;Alkyl phosphate;Organooxygen compound
None	C[C@]12CC[C@H]3[C@H]([C@@H]1CC[C@]2(C)O)CC[C@@H]4[C@@]3(COC(=O)C4)C	Organic compounds	Lipids and lipid-like molecules	Steroids and steroid derivatives	Steroid lactones	Steroid lactones	Aliphatic heteropolycyclic compounds	17-hydroxysteroids;3-oxosteroids;Carbonyl compounds;Carboxylic acid esters;Cyclic alcohols and derivatives;Delta valerolactones;Hydrocarbon derivatives;Monocarboxylic acids and derivatives;Naphthalenes;Naphthopyrans;Organic oxides;Oxacyclic compounds;Oxanes;Oxasteroids and derivatives;Pyrans;Tertiary alcohols	Carbonyl group;Delta valerolactone;Carboxylic acid derivative;Steroid lactone;Lactone;Aliphatic heteropolycyclic compound;Organic oxide;2-oxasteroid;Oxane;Delta_valerolactone;Organoheterocyclic compound;17-hydroxysteroid;Alcohol;Oxosteroid;Hydroxysteroid;Cyclic alcohol;Oxacycle;Naphthopyran;Tertiary alcohol;Monocarboxylic acid or derivatives;Naphthalene;Organic oxygen compound;Pyran;Carboxylic acid ester;3-oxosteroid;Hydrocarbon derivative;Organooxygen compound
None	CC(C)=CCC/C(C)=C/CC/C(C)=C/CC/C(C)=C/CC/C(C)=C/CC/C(C)=C/CC/C(C)=C/CC/C(C)=C/CC/C(C)=C/CC/C(C)=C/COP(=O)(O)O	Organic compounds	Lipids and lipid-like molecules	Prenol lipids	Polyterpenoids	Polyterpenoids	Aliphatic acyclic compounds	Hydrocarbon derivatives;Monoalkyl phosphates;Organic oxides;Organooxygen compounds;Polyprenyl monophosphates	Aliphatic acyclic compound;Polyterpenoid;Organic oxide;Organic oxygen compound;Phosphoric acid ester;Monoalkyl phosphate;Hydrocarbon derivative;Polyprenyl monophosphate;Polyprenyl phosphate skeleton;Organic phosphoric acid derivative;Alkyl phosphate;Organooxygen compound
None	OCC(CO)OP(O)(O)=O	Organic compounds	Lipids and lipid-like molecules	Glycerophospholipids	Glycerophosphates	Glycerophosphates	Aliphatic acyclic compounds	Hydrocarbon derivatives;Monoalkyl phosphates;Organic oxides;Primary alcohols	Alcohol;Aliphatic acyclic compound;Organic oxide;Organic oxygen compound;Phosphoric acid ester;Monoalkyl phosphate;Hydrocarbon derivative;Primary alcohol;Sn-glycerol-2-phosphate;Organic phosphoric acid derivative;Alkyl phosphate;Organooxygen compound
None	CS(=O)CC[C@H](N)C(O)=O	Organic compounds	Organic acids and derivatives	Carboxylic acids and derivatives	Amino acids, peptides, and analogues	Alpha amino acids	Aliphatic acyclic compounds	Carbonyl compounds;Carboxylic acids;Hydrocarbon derivatives;Monoalkylamines;Monocarboxylic acids and derivatives;Organic oxides;Organonitrogen compounds;Organopnictogen compounds;Sulfinyl compounds;Sulfoxides;Thia fatty acids	Fatty acyl;Aliphatic acyclic compound;Carbonyl group;Carboxylic acid;Fatty acid;Organosulfur compound;Organic oxide;Monocarboxylic acid or derivatives;Thia fatty acid;Organic oxygen compound;Sulfinyl compound;Organonitrogen compound;Sulfoxide;Alpha-amino acid;Organopnictogen compound;Hydrocarbon derivative;Primary aliphatic amine;Organic nitrogen compound;Organooxygen compound
None	[H][C@](C)(O[C@@]1([H])[C@]([H])(O)[C@@]([H])(CO)O[C@]([H])(O)[C@]1([H])N=C(C)O)C(O)=N[C@]([H])(C)C(O)=O	Organic compounds	Organic oxygen compounds	Organooxygen compounds	Carbohydrates and carbohydrate conjugates	N-acyl-alpha-hexosamines	Aliphatic heteromonocyclic compounds	Alanine and derivatives;Alpha amino acids;Carbonyl compounds;Carboximidic acids;Carboxylic acids;Dialkyl ethers;Hemiacetals;Hydrocarbon derivatives;Monocarboxylic acids and derivatives;Monosaccharides;Organic oxides;Organonitrogen compounds;Organopnictogen compounds;Oxacyclic compounds;Oxanes;Primary alcohols;Propargyl-type 1,3-dipolar organic compounds;Secondary alcohols	Carboximidic acid;Carbonyl group;Ether;Carboxylic acid;Monosaccharide;Alpha-amino acid or derivatives;Carboxylic acid derivative;Dialkyl ether;N-acyl-alpha-hexosamine;Propargyl-type 1,3-dipolar organic compound;Organic oxide;Aliphatic heteromonocyclic compound;Organonitrogen compound;Alpha-amino acid;Organopnictogen compound;Hemiacetal;Oxane;Primary alcohol;Organoheterocyclic compound;Alcohol;Organic 1,3-dipolar compound;Oxacycle;Monocarboxylic acid or derivatives;Secondary alcohol;Alanine or derivatives;Hydrocarbon derivative;Organic nitrogen compound
None	CC1=C(CCOP(O)(=O)OP(O)(=O)OP(O)(O)=O)SC=[N+]1CC1=C(N)N=C(C)N=C1	Organic compounds	Organoheterocyclic compounds	Diazines	Pyrimidines and pyrimidine derivatives	Thiamine phosphates	Aromatic heteromonocyclic compounds	4,5-disubstituted thiazoles;Azacyclic compounds;Heteroaromatic compounds;Hydrocarbon derivatives;Imidolactams;Monoalkyl phosphates;Organic cations;Organic oxides;Organooxygen compounds;Organopnictogen compounds;Primary amines	Aromatic heteromonocyclic compound;Organic oxide;Organonitrogen compound;Organopnictogen compound;Organic cation;Imidolactam;Thiamine-phosphate;Azole;Azacycle;Heteroaromatic compound;4,5-disubstituted 1,3-thiazole;Organic oxygen compound;Phosphoric acid ester;Monoalkyl phosphate;Hydrocarbon derivative;Primary amine;Organic nitrogen compound;Thiazole;Organic phosphoric acid derivative;Amine;Alkyl phosphate;Organooxygen compound
None	COC1=CC(=CC=C1O[C@@H]1O[C@@H]([C@@H](O)[C@H](O)[C@H]1O)C(O)=O)C(O)CO	Organic compounds	Organic oxygen compounds	Organooxygen compounds	Carbohydrates and carbohydrate conjugates	O-glucuronides	Aromatic heteromonocyclic compounds	Acetals;Alkyl aryl ethers;Anisoles;Aromatic alcohols;Beta hydroxy acids and derivatives;Carbonyl compounds;Carboxylic acids;Glucuronic acid derivatives;Hydrocarbon derivatives;Methoxybenzenes;Monocarboxylic acids and derivatives;Monosaccharides;Organic oxides;Oxacyclic compounds;Oxanes;Phenoxy compounds;Primary alcohols;Pyran carboxylic acids;Secondary alcohols	Aromatic alcohol;Phenol ether;Monocyclic benzene moiety;Carbonyl group;Ether;Carboxylic acid;Aromatic heteromonocyclic compound;O-glucuronide;Monosaccharide;Alkyl aryl ether;Carboxylic acid derivative;Pyran carboxylic acid;1-o-glucuronide;Beta-hydroxy acid;Organic oxide;Acetal;Oxane;Primary alcohol;Organoheterocyclic compound;Alcohol;Pyran carboxylic acid or derivatives;Hydroxy acid;Methoxybenzene;Oxacycle;Monocarboxylic acid or derivatives;Pyran;Anisole;Secondary alcohol;Hydrocarbon derivative;Benzenoid;Phenoxy compound
None	CC(C)=CC(=O)SCCNC(=O)CCNC(=O)[C@H](O)C(C)(C)COP(O)(=O)OP(O)(=O)OC[C@H]1O[C@H]([C@H](O)[C@@H]1OP(O)(O)=O)N1C=NC2=C1N=CN=C2N	Organic compounds	Lipids and lipid-like molecules	Fatty Acyls	Fatty acyl thioesters	Acyl CoAs	Aromatic heteropolycyclic compounds	Azacyclic compounds;Beta amino acids and derivatives;Carbonyl compounds;Carbothioic S-esters;Carboxylic acids and derivatives;Coenzyme A and derivatives;Heteroaromatic compounds;Hydrocarbon derivatives;Imidazoles;Imidolactams;Monoalkyl phosphates;Monosaccharides;N-acyl amines;N-substituted imidazoles;Organic oxides;Organic pyrophosphates;Organopnictogen compounds;Oxacyclic compounds;Pentose phosphates;Primary amines;Purine ribonucleoside diphosphates;Purines and purine derivatives;Pyrimidines and pyrimidine derivatives;Ribonucleoside 3'-phosphates;Secondary alcohols;Secondary carboxylic acid amides;Sulfenyl compounds;Tetrahydrofurans;Thioesters;Thiolactones	Amino acid or derivatives;Monosaccharide;Pentose-5-phosphate;Imidazopyrimidine;Carbothioic s-ester;Saccharide;Purine ribonucleoside diphosphate;Organonitrogen compound;Organoheterocyclic compound;Alcohol;Sulfenyl compound;Azacycle;Thiocarboxylic acid ester;Heteroaromatic compound;Organic pyrophosphate;Secondary carboxylic acid amide;Monoalkyl phosphate;Hydrocarbon derivative;Primary amine;Amine;Coenzyme a or derivatives;Carbonyl group;Pentose phosphate;Fatty amide;Organosulfur compound;Carboxylic acid derivative;Pyrimidine;Organic oxide;Aromatic heteropolycyclic compound;Imidazole;Organopnictogen compound;Imidolactam;Thiolactone;Azole;N-substituted imidazole;Purine ribonucleoside 3',5'-bisphosphate;Ribonucleoside 3'-phosphate;Thiocarboxylic acid or derivatives;Tetrahydrofuran;Carboxamide group;N-acyl-amine;Beta amino acid or derivatives;Oxacycle;Organic oxygen compound;Phosphoric acid ester;Secondary alcohol;Purine;Organic nitrogen compound;Organic phosphoric acid derivative;Alkyl phosphate;Organooxygen compound
None	N[C@@H](CC(=O)OP(O)(O)=O)C(O)=O	Organic compounds	Organic acids and derivatives	Carboxylic acids and derivatives	Amino acids, peptides, and analogues	Aspartic acid and derivatives	Aliphatic acyclic compounds	Acyl monophosphates;Alpha amino acids;Carbonyl compounds;Carboxylic acids;Dicarboxylic acids and derivatives;Fatty acids and conjugates;Hydrocarbon derivatives;Monoalkylamines;Organic oxides;Organic phosphoric acids and derivatives;Organonitrogen compounds;Organopnictogen compounds	Aliphatic acyclic compound;Carbonyl group;Carboxylic acid;Acyl monophosphate;Fatty acid;Organic oxide;Organic oxygen compound;Aspartic acid or derivatives;Organonitrogen compound;Alpha-amino acid;Dicarboxylic acid or derivatives;Organopnictogen compound;Hydrocarbon derivative;Primary aliphatic amine;Organic nitrogen compound;Organic phosphoric acid derivative;Organooxygen compound;Acyl phosphate
None	CSC[C@H]1O[C@@H](O)[C@H](O)[C@@H]1O	Organic compounds	Organic oxygen compounds	Organooxygen compounds	Carbohydrates and carbohydrate conjugates	Monosaccharides	Aliphatic heteromonocyclic compounds	1,2-diols;Dialkylthioethers;Hemiacetals;Hydrocarbon derivatives;Oxacyclic compounds;Secondary alcohols;Sulfenyl compounds;Tetrahydrofurans	Alcohol;Sulfenyl compound;Tetrahydrofuran;Dialkylthioether;Monosaccharide;Organosulfur compound;Oxacycle;Thioether;Aliphatic heteromonocyclic compound;Secondary alcohol;Hemiacetal;Hydrocarbon derivative;Organoheterocyclic compound;1,2-diol
None	N[C@@H]1O[C@H](COP(O)(O)=O)[C@@H](O)[C@H]1O	Organic compounds	Organic oxygen compounds	Organooxygen compounds	Carbohydrates and carbohydrate conjugates	Pentose phosphates	Aliphatic heteromonocyclic compounds	1,2-diols;Hemiaminals;Hydrocarbon derivatives;Monoalkyl phosphates;Monoalkylamines;Monosaccharides;Organic oxides;Organonitrogen compounds;Organopnictogen compounds;Oxacyclic compounds;Secondary alcohols;Tetrahydrofurans	Pentose phosphate;Pentose-5-phosphate;Hemiaminal;Organic oxide;Aliphatic heteromonocyclic compound;Organonitrogen compound;Organopnictogen compound;Organoheterocyclic compound;1,2-diol;Alcohol;Tetrahydrofuran;Oxacycle;Phosphoric acid ester;Monoalkyl phosphate;Secondary alcohol;Hydrocarbon derivative;Primary aliphatic amine;Organic nitrogen compound;Organic phosphoric acid derivative;Alkyl phosphate
None	CC1=CC2=C(C=C1C)N=CN2	Organic compounds	Organoheterocyclic compounds	Benzimidazoles	Benzimidazoles	Benzimidazoles	Aromatic heteropolycyclic compounds	Azacyclic compounds;Benzenoids;Heteroaromatic compounds;Hydrocarbon derivatives;Imidazoles;Organonitrogen compounds;Organopnictogen compounds	Azacycle;Heteroaromatic compound;Aromatic heteropolycyclic compound;Benzimidazole;Imidazole;Organonitrogen compound;Organopnictogen compound;Hydrocarbon derivative;Benzenoid;Organic nitrogen compound;Azole
None	NC(=O)C1=C[N+](=CC=C1)[C@@H]1O[C@H](CO)[C@@H](O)[C@H]1O	Organic compounds	Organoheterocyclic compounds	Pyridines and derivatives	Pyridinecarboxylic acids and derivatives	Pyridinecarboxylic acids and derivatives	Aromatic heteromonocyclic compounds	Azacyclic compounds;Carboxylic acids and derivatives;Heteroaromatic compounds;Hydrocarbon derivatives;Hydroxypyridines;Monosaccharides;Nicotinamides;Organic cations;Organic oxides;Organonitrogen compounds;Organopnictogen compounds;Oxacyclic compounds;Primary alcohols;Primary carboxylic acid amides;Secondary alcohols;Tetrahydrofurans;Vinylogous amides	Primary carboxylic acid amide;Pyridine carboxylic acid or derivatives;Aromatic heteromonocyclic compound;Nicotinamide;Monosaccharide;Carboxylic acid derivative;Saccharide;Organic oxide;Organonitrogen compound;Organopnictogen compound;Organic cation;Primary alcohol;Alcohol;Vinylogous amide;Azacycle;Tetrahydrofuran;Heteroaromatic compound;Hydroxypyridine;Carboxamide group;Oxacycle;Organic oxygen compound;Secondary alcohol;Hydrocarbon derivative;Organic nitrogen compound;Organooxygen compound
None	O[C@@H]1CC(=C[C@@H](OP(O)(O)=O)[C@H]1O)C(O)=O	Organic compounds	Organic acids and derivatives	Organic phosphoric acids and derivatives	Phosphate esters	Monoalkyl phosphates	Aliphatic homomonocyclic compounds	1,2-diols;Carbonyl compounds;Carboxylic acids;Cyclitols and derivatives;Hydrocarbon derivatives;Monocarboxylic acids and derivatives;Organic oxides;Secondary alcohols	Alcohol;Carbonyl group;Carboxylic acid;Cyclitol or derivatives;Carboxylic acid derivative;Organic oxide;Monocarboxylic acid or derivatives;Organic oxygen compound;Monoalkyl phosphate;Secondary alcohol;Aliphatic homomonocyclic compound;Hydrocarbon derivative;Organooxygen compound;1,2-diol
None	O[C@@H](CCC(O)=O)C(O)=O	Organic compounds	Lipids and lipid-like molecules	Fatty Acyls	Fatty acids and conjugates	Hydroxy fatty acids	Aliphatic acyclic compounds	Alpha hydroxy acids and derivatives;Carbonyl compounds;Carboxylic acids;Dicarboxylic acids and derivatives;Hydrocarbon derivatives;Monosaccharides;Organic oxides;Secondary alcohols;Short-chain hydroxy acids and derivatives	Alcohol;Aliphatic acyclic compound;Carbonyl group;Carboxylic acid;Short-chain hydroxy acid;Alpha-hydroxy acid;Monosaccharide;Hydroxy acid;Carboxylic acid derivative;Saccharide;Organic oxide;Organic oxygen compound;Secondary alcohol;Dicarboxylic acid or derivatives;Hydrocarbon derivative;Hydroxy fatty acid;Organooxygen compound
None	CCCCCCCCCC=CC(=O)SCCNC(=O)CCNC(=O)C(O)C(C)(C)COP(O)(=O)OP(O)(=O)OCC1OC(C(O)C1OP(O)(O)=O)N1C=NC2=C1N=CN=C2N	Organic compounds	Lipids and lipid-like molecules	Fatty Acyls	Fatty acyl thioesters	Acyl CoAs	Aromatic heteropolycyclic compounds	Azacyclic compounds;Beta amino acids and derivatives;Carbonyl compounds;Carbothioic S-esters;Carboxylic acids and derivatives;Coenzyme A and derivatives;Heteroaromatic compounds;Hydrocarbon derivatives;Imidazoles;Imidolactams;Monoalkyl phosphates;Monosaccharides;N-acyl amines;N-substituted imidazoles;Organic oxides;Organic pyrophosphates;Organopnictogen compounds;Oxacyclic compounds;Pentose phosphates;Primary amines;Purine ribonucleoside diphosphates;Purines and purine derivatives;Pyrimidines and pyrimidine derivatives;Ribonucleoside 3'-phosphates;Secondary alcohols;Secondary carboxylic acid amides;Sulfenyl compounds;Tetrahydrofurans;Thioesters;Thiolactones	Amino acid or derivatives;Monosaccharide;Pentose-5-phosphate;Imidazopyrimidine;Carbothioic s-ester;Saccharide;Purine ribonucleoside diphosphate;Organonitrogen compound;Organoheterocyclic compound;Alcohol;Sulfenyl compound;Azacycle;Thiocarboxylic acid ester;Heteroaromatic compound;Organic pyrophosphate;Secondary carboxylic acid amide;Monoalkyl phosphate;Hydrocarbon derivative;Primary amine;Amine;Coenzyme a or derivatives;Carbonyl group;Pentose phosphate;Fatty amide;Organosulfur compound;Carboxylic acid derivative;Pyrimidine;Organic oxide;Aromatic heteropolycyclic compound;Imidazole;Organopnictogen compound;Imidolactam;Thiolactone;Azole;N-substituted imidazole;Purine ribonucleoside 3',5'-bisphosphate;Ribonucleoside 3'-phosphate;Thiocarboxylic acid or derivatives;Tetrahydrofuran;Carboxamide group;N-acyl-amine;Beta amino acid or derivatives;Oxacycle;Organic oxygen compound;Phosphoric acid ester;Secondary alcohol;Purine;Organic nitrogen compound;Organic phosphoric acid derivative;Alkyl phosphate;Organooxygen compound
None	OC(=O)C(=O)COP(O)(O)=O	Organic compounds	Organic oxygen compounds	Organooxygen compounds	Carbonyl compounds	Glycerone phosphates	Aliphatic acyclic compounds	Alpha-hydroxy ketones;Alpha-keto acids and derivatives;Carboxylic acids;Hydrocarbon derivatives;Monoalkyl phosphates;Monocarboxylic acids and derivatives;Organic oxides	Aliphatic acyclic compound;Carboxylic acid;Alpha-hydroxy ketone;Carboxylic acid derivative;Glycerone phosphate;Organic oxide;Monocarboxylic acid or derivatives;Phosphoric acid ester;Monoalkyl phosphate;Keto acid;Alpha-keto acid;Hydrocarbon derivative;Organic phosphoric acid derivative;Alkyl phosphate
None	CC1=C2CC3=C(C)C(CCC(O)=O)=C(CC4=C(CCC(O)=O)C(C)=C(CC5=C(CCC(O)=O)C(C)=C(CC(N2)=C1CCC(O)=O)N5)N4)N3	Organic compounds	Organoheterocyclic compounds	Tetrapyrroles and derivatives	Metallotetrapyrroles	Metalloporphyrins	Aromatic heteropolycyclic compounds	Azacyclic compounds;Carbonyl compounds;Carboxylic acids;Heteroaromatic compounds;Hydrocarbon derivatives;Organic oxides;Organonitrogen compounds;Organopnictogen compounds;Porphyrins;Pyrroles;Tetracarboxylic acids and derivatives	Carbonyl group;Porphyrin;Carboxylic acid;Azacycle;Heteroaromatic compound;Tetracarboxylic acid or derivatives;Carboxylic acid derivative;Organic oxide;Organic oxygen compound;Aromatic heteropolycyclic compound;Pyrrole;Organonitrogen compound;Organopnictogen compound;Hydrocarbon derivative;Organic nitrogen compound;Organooxygen compound;Metalloporphyrin
None	OC(=O)CCCC=O	Organic compounds	Lipids and lipid-like molecules	Fatty Acyls	Fatty acids and conjugates	Straight chain fatty acids	Aliphatic acyclic compounds	Alpha-hydrogen aldehydes;Carboxylic acids;Hydrocarbon derivatives;Monocarboxylic acids and derivatives;Organic oxides	Aliphatic acyclic compound;Carbonyl group;Straight chain fatty acid;Carboxylic acid;Aldehyde;Carboxylic acid derivative;Organic oxide;Monocarboxylic acid or derivatives;Organic oxygen compound;Alpha-hydrogen aldehyde;Hydrocarbon derivative;Organooxygen compound
None	C[C@@H](CN)C(O)=O	Organic compounds	Organic acids and derivatives	Carboxylic acids and derivatives	Amino acids, peptides, and analogues	Beta amino acids and derivatives	Aliphatic acyclic compounds	Carbonyl compounds;Carboxylic acids;Hydrocarbon derivatives;Monoalkylamines;Monocarboxylic acids and derivatives;Organic oxides;Organonitrogen compounds;Organopnictogen compounds	Aliphatic acyclic compound;Carbonyl group;Carboxylic acid;Beta amino acid or derivatives;Organic oxide;Monocarboxylic acid or derivatives;Organic oxygen compound;Organonitrogen compound;Organopnictogen compound;Hydrocarbon derivative;Primary aliphatic amine;Organic nitrogen compound;Organooxygen compound
None	N[C@@H](CCC(=O)OP(O)(O)=O)C(O)=O	Organic compounds	Organic acids and derivatives	Carboxylic acids and derivatives	Amino acids, peptides, and analogues	Glutamic acid and derivatives	Aliphatic acyclic compounds	Acyl monophosphates;Alpha amino acids;Carbonyl compounds;Carboxylic acids;Dicarboxylic acids and derivatives;Fatty acids and conjugates;Hydrocarbon derivatives;Monoalkylamines;Organic oxides;Organic phosphoric acids and derivatives;Organonitrogen compounds;Organopnictogen compounds	Aliphatic acyclic compound;Carbonyl group;Carboxylic acid;Acyl monophosphate;Fatty acid;Glutamic acid or derivatives;Organic oxide;Organic oxygen compound;Organonitrogen compound;Alpha-amino acid;Dicarboxylic acid or derivatives;Organopnictogen compound;Hydrocarbon derivative;Primary aliphatic amine;Organic nitrogen compound;Organic phosphoric acid derivative;Organooxygen compound;Acyl phosphate
None	CC(C)CCC[C@@H](C)CCC[C@@H](C)CCC\C(C)=C\CC1=C(O)C2=C(C=CC=C2)C(O)=C1C	Organic compounds	Lipids and lipid-like molecules	Prenol lipids	Diterpenoids	Diterpenoids	Aromatic homopolycyclic compounds	Hydrocarbon derivatives;Hydroquinones;Naphthols and derivatives;Organooxygen compounds;Prenylated hydroquinones	Hydroquinone;Prenylbenzoquinol;Naphthalene;Organic oxygen compound;Abietane diterpenoid;Aromatic homopolycyclic compound;Hydrocarbon derivative;1-naphthol;Benzenoid;Diterpenoid;Organooxygen compound
None	C[C@@H]1O[C@H](OP(O)(=O)OP(O)(=O)OC[C@H]2O[C@H](C[C@@H]2O)N2C=C(C)C(=O)NC2=O)[C@H](O)[C@H](O)[C@H]1O	Organic compounds	Organic oxygen compounds	Organooxygen compounds	Carbohydrates and carbohydrate conjugates	Pentose phosphates	Aromatic heteromonocyclic compounds	Azacyclic compounds;Heteroaromatic compounds;Hydrocarbon derivatives;Lactams;Monoalkyl phosphates;Monosaccharides;Organic carbonic acids and derivatives;Organic oxides;Organic pyrophosphates;Organonitrogen compounds;Organopnictogen compounds;Oxacyclic compounds;Oxanes;Pyrimidones;Secondary alcohols;Tetrahydrofurans;Vinylogous amides	Lactam;Aromatic heteromonocyclic compound;Pentose phosphate;Pyrimidone;Pyrimidine;Organic oxide;Organonitrogen compound;Organopnictogen compound;Oxane;Organoheterocyclic compound;Alcohol;Vinylogous amide;Carbonic acid derivative;Azacycle;Tetrahydrofuran;Heteroaromatic compound;Organic pyrophosphate;Oxacycle;Phosphoric acid ester;Monoalkyl phosphate;Secondary alcohol;Hydrocarbon derivative;Organic nitrogen compound;Organic phosphoric acid derivative;Alkyl phosphate
None	OC(=O)C1CC=CC(=N1)C(O)=O	Organic compounds	Organic acids and derivatives	Carboxylic acids and derivatives	Amino acids, peptides, and analogues	Alpha amino acids	Aliphatic heteromonocyclic compounds	Azacyclic compounds;Carbonyl compounds;Carboxylic acids;Dicarboxylic acids and derivatives;Hydrocarbon derivatives;Ketimines;Organic oxides;Organopnictogen compounds;Propargyl-type 1,3-dipolar organic compounds	Ketimine;Carbonyl group;Carboxylic acid;Azacycle;Imine;Organic 1,3-dipolar compound;Propargyl-type 1,3-dipolar organic compound;Organic oxide;Organic oxygen compound;Aliphatic heteromonocyclic compound;Organonitrogen compound;Alpha-amino acid;Dicarboxylic acid or derivatives;Organopnictogen compound;Hydrocarbon derivative;Organic nitrogen compound;Organoheterocyclic compound;Organooxygen compound
None	C[C@@H](C(C)=O)C(=O)SCCNC(=O)CCNC(=O)[C@H](O)C(C)(C)COP(O)(=O)OP(O)(=O)OC[C@H]1O[C@H]([C@H](O)[C@@H]1OP(O)(O)=O)N1C=NC2=C1N=CN=C2N	Organic compounds	Lipids and lipid-like molecules	Fatty Acyls	Fatty acyl thioesters	3-oxo-acyl CoAs	Aromatic heteropolycyclic compounds	1,3-dicarbonyl compounds;Azacyclic compounds;Beta amino acids and derivatives;Carbothioic S-esters;Carboxylic acids and derivatives;Coenzyme A and derivatives;Heteroaromatic compounds;Hydrocarbon derivatives;Imidazoles;Imidolactams;Ketones;Monoalkyl phosphates;Monosaccharides;N-acyl amines;N-substituted imidazoles;Organic oxides;Organic pyrophosphates;Organopnictogen compounds;Oxacyclic compounds;Pentose phosphates;Primary amines;Purine ribonucleoside diphosphates;Purines and purine derivatives;Pyrimidines and pyrimidine derivatives;Ribonucleoside 3'-phosphates;Secondary alcohols;Secondary carboxylic acid amides;Sulfenyl compounds;Tetrahydrofurans;Thioesters;Thiolactones	Amino acid or derivatives;Monosaccharide;Pentose-5-phosphate;Imidazopyrimidine;Carbothioic s-ester;Ketone;Saccharide;Purine ribonucleoside diphosphate;Organonitrogen compound;Organoheterocyclic compound;Alcohol;Sulfenyl compound;Azacycle;Thiocarboxylic acid ester;Heteroaromatic compound;Organic pyrophosphate;Secondary carboxylic acid amide;Monoalkyl phosphate;Hydrocarbon derivative;Primary amine;1,3-dicarbonyl compound;Amine;Coenzyme a or derivatives;Carbonyl group;Pentose phosphate;Fatty amide;Organosulfur compound;Carboxylic acid derivative;Pyrimidine;Organic oxide;Aromatic heteropolycyclic compound;Imidazole;Organopnictogen compound;Imidolactam;Thiolactone;Azole;N-substituted imidazole;Purine ribonucleoside 3',5'-bisphosphate;Ribonucleoside 3'-phosphate;Thiocarboxylic acid or derivatives;Tetrahydrofuran;Carboxamide group;N-acyl-amine;Beta amino acid or derivatives;Oxacycle;Organic oxygen compound;Phosphoric acid ester;Secondary alcohol;Purine;Organic nitrogen compound;Organic phosphoric acid derivative;Alkyl phosphate;Organooxygen compound
None	C\C=C(/C)C(=O)SCCNC(=O)CCNC(=O)[C@H](O)C(C)(C)COP(O)(=O)OP(O)(=O)OC[C@H]1O[C@H]([C@H](O)[C@@H]1OP(O)(O)=O)N1C=NC2=C1N=CN=C2N	Organic compounds	Lipids and lipid-like molecules	Fatty Acyls	Fatty acyl thioesters	Acyl CoAs	Aromatic heteropolycyclic compounds	Azacyclic compounds;Beta amino acids and derivatives;Carbonyl compounds;Carbothioic S-esters;Carboxylic acids and derivatives;Coenzyme A and derivatives;Heteroaromatic compounds;Hydrocarbon derivatives;Imidazoles;Imidolactams;Monoalkyl phosphates;Monosaccharides;N-acyl amines;N-substituted imidazoles;Organic oxides;Organic pyrophosphates;Organopnictogen compounds;Oxacyclic compounds;Pentose phosphates;Primary amines;Purine ribonucleoside diphosphates;Purines and purine derivatives;Pyrimidines and pyrimidine derivatives;Ribonucleoside 3'-phosphates;Secondary alcohols;Secondary carboxylic acid amides;Sulfenyl compounds;Tetrahydrofurans;Thioesters;Thiolactones	Amino acid or derivatives;Monosaccharide;Pentose-5-phosphate;Imidazopyrimidine;Carbothioic s-ester;Saccharide;Purine ribonucleoside diphosphate;Organonitrogen compound;Organoheterocyclic compound;Alcohol;Sulfenyl compound;Azacycle;Thiocarboxylic acid ester;Heteroaromatic compound;Organic pyrophosphate;Secondary carboxylic acid amide;Monoalkyl phosphate;Hydrocarbon derivative;Primary amine;Amine;Coenzyme a or derivatives;Carbonyl group;Pentose phosphate;Fatty amide;Organosulfur compound;Carboxylic acid derivative;Pyrimidine;Organic oxide;Aromatic heteropolycyclic compound;Imidazole;Organopnictogen compound;Imidolactam;Thiolactone;Azole;N-substituted imidazole;Purine ribonucleoside 3',5'-bisphosphate;Ribonucleoside 3'-phosphate;Thiocarboxylic acid or derivatives;Tetrahydrofuran;Carboxamide group;N-acyl-amine;Beta amino acid or derivatives;Oxacycle;Organic oxygen compound;Phosphoric acid ester;Secondary alcohol;Purine;Organic nitrogen compound;Organic phosphoric acid derivative;Alkyl phosphate;Organooxygen compound
None	NC1=CN=CN1[C@@H]1O[C@H](COP(O)(O)=O)[C@@H](O)[C@H]1O	Organic compounds	Organic oxygen compounds	Organooxygen compounds	Carbohydrates and carbohydrate conjugates	Pentose phosphates	Aromatic heteromonocyclic compounds	1,2-diols;Azacyclic compounds;Heteroaromatic compounds;Hydrocarbon derivatives;Imidazole ribonucleosides and ribonucleotides;Imidazoles;Monoalkyl phosphates;Monosaccharides;N-substituted imidazoles;Organic oxides;Organopnictogen compounds;Oxacyclic compounds;Primary amines;Secondary alcohols;Tetrahydrofurans	Imidazole ribonucleoside;Aromatic heteromonocyclic compound;Pentose phosphate;Pentose-5-phosphate;Organic oxide;Imidazole;Organonitrogen compound;Organopnictogen compound;Organoheterocyclic compound;Azole;1,2-diol;N-substituted imidazole;Alcohol;Azacycle;Tetrahydrofuran;Heteroaromatic compound;Oxacycle;Phosphoric acid ester;Monoalkyl phosphate;Secondary alcohol;Hydrocarbon derivative;Primary amine;Organic nitrogen compound;Organic phosphoric acid derivative;Amine;Alkyl phosphate
None	NC[C@H](N)C(O)=O	Organic compounds	Organic acids and derivatives	Carboxylic acids and derivatives	Amino acids, peptides, and analogues	Alpha amino acids	Aliphatic acyclic compounds	Carbonyl compounds;Carboxylic acids;Hydrocarbon derivatives;Monoalkylamines;Monocarboxylic acids and derivatives;Organic oxides;Organonitrogen compounds;Organopnictogen compounds	Aliphatic acyclic compound;Carbonyl group;Carboxylic acid;Organic oxide;Monocarboxylic acid or derivatives;Organic oxygen compound;Organonitrogen compound;Alpha-amino acid;Organopnictogen compound;Hydrocarbon derivative;Primary aliphatic amine;Organic nitrogen compound;Organooxygen compound
None	N[C@@H](CCCNC(=N)N[C@@H](CC(O)=O)C(O)=O)C(O)=O	Organic compounds	Organic acids and derivatives	Carboxylic acids and derivatives	Amino acids, peptides, and analogues	Arginine and derivatives	Aliphatic acyclic compounds	Alpha amino acids;Aspartic acid and derivatives;Carbonyl compounds;Carboximidamides;Carboxylic acids;Guanidines;Hydrocarbon derivatives;Imines;Monoalkylamines;Organic oxides;Organopnictogen compounds;Tricarboxylic acids and derivatives	Aliphatic acyclic compound;Carbonyl group;Carboxylic acid;Guanidine;Imine;Tricarboxylic acid or derivatives;Carboximidamide;Organic oxide;Organic oxygen compound;Arginine or derivatives;Aspartic acid or derivatives;Organonitrogen compound;Alpha-amino acid;Organopnictogen compound;Hydrocarbon derivative;Primary aliphatic amine;Organic nitrogen compound;Organooxygen compound
None	NCCC[C@H](NC(=O)CCC(O)=O)C(O)=O	Organic compounds	Organic acids and derivatives	Carboxylic acids and derivatives	Amino acids, peptides, and analogues	N-acyl-alpha amino acids	Aliphatic acyclic compounds	Alpha amino acids;Carbonyl compounds;Carboxylic acids;Dicarboxylic acids and derivatives;Fatty acids and conjugates;Hydrocarbon derivatives;Monoalkylamines;N-acyl amines;Organic oxides;Organonitrogen compounds;Organopnictogen compounds;Secondary carboxylic acid amides	Fatty acyl;Aliphatic acyclic compound;Carbonyl group;Carboxylic acid;N-acyl-alpha-amino acid;Fatty amide;Fatty acid;Carboxamide group;N-acyl-amine;Secondary carboxylic acid amide;Organic oxide;Organic oxygen compound;Organonitrogen compound;Alpha-amino acid;Dicarboxylic acid or derivatives;Organopnictogen compound;Hydrocarbon derivative;Primary aliphatic amine;Organic nitrogen compound;Organooxygen compound
None	C[C@@H](O)C(=O)SC[C@H](NC(=O)CC[C@H](N)C(O)=O)C(=O)NCC(O)=O	Organic compounds	Organic acids and derivatives	Carboxylic acids and derivatives	Amino acids, peptides, and analogues	Oligopeptides	Aliphatic acyclic compounds	Acyl glycines;Alpha amino acid amides;Alpha amino acids;Carbonyl compounds;Carbothioic S-esters;Carboxylic acids;Cysteine and derivatives;Dicarboxylic acids and derivatives;Glutamine and derivatives;Hydrocarbon derivatives;Hydroxy fatty acids;Monoalkylamines;N-acyl amines;Organic oxides;Organonitrogen compounds;Organopnictogen compounds;Secondary alcohols;Secondary carboxylic acid amides;Short-chain hydroxy acids and derivatives;Sulfenyl compounds;Thioesters;Thiolactones	Fatty acyl;Aliphatic acyclic compound;Carbonyl group;Carboxylic acid;Short-chain hydroxy acid;Glutamine or derivatives;Fatty amide;Fatty acid;Alpha-amino acid or derivatives;Organosulfur compound;Carbothioic s-ester;Organic oxide;Organonitrogen compound;Alpha-amino acid;Organopnictogen compound;Hydroxy fatty acid;Thiolactone;N-acyl-alpha amino acid or derivatives;Alcohol;Thiocarboxylic acid or derivatives;Sulfenyl compound;Alpha-amino acid amide;N-acyl-alpha-amino acid;Thiocarboxylic acid ester;Carboxamide group;N-acyl-amine;N-acylglycine;N-substituted-alpha-amino acid;Secondary carboxylic acid amide;Organic oxygen compound;Cysteine or derivatives;Secondary alcohol;Dicarboxylic acid or derivatives;Hydrocarbon derivative;Primary aliphatic amine;Alpha-oligopeptide;Organic nitrogen compound;Organooxygen compound
None	O=C(O)/C=C\CC(=O)C(=O)O	Organic compounds	Organic acids and derivatives	Keto acids and derivatives	Medium-chain keto acids and derivatives	Medium-chain keto acids and derivatives	Aliphatic acyclic compounds	Alpha-hydroxy ketones;Alpha-keto acids and derivatives;Carboxylic acids;Dicarboxylic acids and derivatives;Fatty Acyls;Hydrocarbon derivatives;Organic oxides;Unsaturated fatty acids	Fatty acyl;Aliphatic acyclic compound;Carbonyl group;Carboxylic acid;Alpha-hydroxy ketone;Carboxylic acid derivative;Ketone;Unsaturated fatty acid;Organic oxide;Organic oxygen compound;Alpha-keto acid;Dicarboxylic acid or derivatives;Hydrocarbon derivative;Organooxygen compound;Medium-chain keto acid
None	CC(=C)C(=O)SCCNC(=O)CCNC(=O)[C@H](O)C(C)(C)COP(O)(=O)OP(O)(=O)OC[C@H]1O[C@H]([C@H](O)[C@@H]1OP(O)(O)=O)N1C=NC2=C1N=CN=C2N	Organic compounds	Lipids and lipid-like molecules	Fatty Acyls	Fatty acyl thioesters	Acyl CoAs	Aromatic heteropolycyclic compounds	Azacyclic compounds;Beta amino acids and derivatives;Carbonyl compounds;Carbothioic S-esters;Carboxylic acids and derivatives;Coenzyme A and derivatives;Heteroaromatic compounds;Hydrocarbon derivatives;Imidazoles;Imidolactams;Monoalkyl phosphates;Monosaccharides;N-acyl amines;N-substituted imidazoles;Organic oxides;Organic pyrophosphates;Organopnictogen compounds;Oxacyclic compounds;Pentose phosphates;Primary amines;Purine ribonucleoside diphosphates;Purines and purine derivatives;Pyrimidines and pyrimidine derivatives;Ribonucleoside 3'-phosphates;Secondary alcohols;Secondary carboxylic acid amides;Sulfenyl compounds;Tetrahydrofurans;Thioesters;Thiolactones	Amino acid or derivatives;Monosaccharide;Pentose-5-phosphate;Imidazopyrimidine;Carbothioic s-ester;Saccharide;Purine ribonucleoside diphosphate;Organonitrogen compound;Organoheterocyclic compound;Alcohol;Sulfenyl compound;Azacycle;Thiocarboxylic acid ester;Heteroaromatic compound;Organic pyrophosphate;Secondary carboxylic acid amide;Monoalkyl phosphate;Hydrocarbon derivative;Primary amine;Amine;Coenzyme a or derivatives;Carbonyl group;Pentose phosphate;Fatty amide;Organosulfur compound;Carboxylic acid derivative;Pyrimidine;Organic oxide;Aromatic heteropolycyclic compound;Imidazole;Organopnictogen compound;Imidolactam;Thiolactone;Azole;N-substituted imidazole;Purine ribonucleoside 3',5'-bisphosphate;Ribonucleoside 3'-phosphate;Thiocarboxylic acid or derivatives;Tetrahydrofuran;Carboxamide group;N-acyl-amine;Beta amino acid or derivatives;Oxacycle;Organic oxygen compound;Phosphoric acid ester;Secondary alcohol;Purine;Organic nitrogen compound;Organic phosphoric acid derivative;Alkyl phosphate;Organooxygen compound
None	NC1=NC(=O)C2=C(NC[C@H](CNC3=CC=C(C=C3)C(=O)N[C@@H](CCC(O)=O)C(O)=O)N2C=O)N1	Organic compounds	Organic acids and derivatives	Carboxylic acids and derivatives	Amino acids, peptides, and analogues	Glutamic acid and derivatives	Aromatic heteropolycyclic compounds	Alpha amino acids;Amino acids;Azacyclic compounds;Benzoyl derivatives;Carbonyl compounds;Carboxylic acids;Dicarboxylic acids and derivatives;Heteroaromatic compounds;Hippuric acids and derivatives;Hydrocarbon derivatives;N-acyl-alpha amino acids;Organic oxides;Organopnictogen compounds;Phenylalkylamines;Primary amines;Pterins and derivatives;Pyrimidones;Secondary alkylarylamines;Secondary carboxylic acid amides;Tertiary carboxylic acid amides;Vinylogous amides	Monocyclic benzene moiety;Carbonyl group;Carboxylic acid;Amino acid;Benzoyl;Pyrimidone;Benzamide;Pyrimidine;Organic oxide;Aromatic heteropolycyclic compound;Tertiary carboxylic acid amide;Organonitrogen compound;Alpha-amino acid;Organopnictogen compound;Organoheterocyclic compound;N-acyl-alpha amino acid or derivatives;Vinylogous amide;Pterin;Azacycle;N-acyl-alpha-amino acid;Hippuric acid or derivatives;Heteroaromatic compound;Benzoic acid or derivatives;Glutamic acid or derivatives;Secondary amine;Carboxamide group;Secondary aliphatic/aromatic amine;Secondary carboxylic acid amide;Organic oxygen compound;Dicarboxylic acid or derivatives;Phenylalkylamine;Hydrocarbon derivative;Benzenoid;Primary amine;Organic nitrogen compound;Amine;Organooxygen compound
None	CC(C)(COP(O)(O)=O)[C@@H](O)C(=O)NCCC(O)=O	Organic compounds	Organic acids and derivatives	Carboxylic acids and derivatives	Amino acids, peptides, and analogues	Beta amino acids and derivatives	Aliphatic acyclic compounds	Carbonyl compounds;Carboxylic acids;Hydrocarbon derivatives;Monoalkyl phosphates;Monocarboxylic acids and derivatives;Monosaccharides;N-acyl amines;Organic oxides;Organonitrogen compounds;Organopnictogen compounds;Secondary alcohols;Secondary carboxylic acid amides	Fatty acyl;Aliphatic acyclic compound;Carbonyl group;Carboxylic acid;Fatty amide;Monosaccharide;Saccharide;Organic oxide;Organonitrogen compound;Organopnictogen compound;Alcohol;Carboxamide group;N-acyl-amine;Beta amino acid or derivatives;Secondary carboxylic acid amide;Monocarboxylic acid or derivatives;Organic oxygen compound;Phosphoric acid ester;Monoalkyl phosphate;Secondary alcohol;Hydrocarbon derivative;Organic nitrogen compound;Organic phosphoric acid derivative;Alkyl phosphate;Organooxygen compound
None	[H][C@@](O)(COP(O)(O)=O)[C@@]([H])(O)C1=CNC2=C1C=CC=C2	Organic compounds	Organoheterocyclic compounds	Indoles and derivatives	Indoles	Indoles	Aromatic heteropolycyclic compounds	1,2-diols;Aromatic alcohols;Azacyclic compounds;Benzenoids;Heteroaromatic compounds;Hydrocarbon derivatives;Monoalkyl phosphates;Organic oxides;Organonitrogen compounds;Organopnictogen compounds;Pyrroles;Secondary alcohols	Aromatic alcohol;Alcohol;Azacycle;Indole;Heteroaromatic compound;Organic oxide;Organic oxygen compound;Phosphoric acid ester;Aromatic heteropolycyclic compound;Monoalkyl phosphate;Pyrrole;Organonitrogen compound;Secondary alcohol;Organopnictogen compound;Hydrocarbon derivative;Benzenoid;Organic nitrogen compound;Organic phosphoric acid derivative;Alkyl phosphate;Organooxygen compound;1,2-diol
None	CC(=O)[C@H](N)C(O)=O	Organic compounds	Organic acids and derivatives	Carboxylic acids and derivatives	Amino acids, peptides, and analogues	Alpha amino acids	Aliphatic acyclic compounds	1,3-dicarbonyl compounds;Beta-hydroxy ketones;Beta-keto acids and derivatives;Carboxylic acids;Hydrocarbon derivatives;Monoalkylamines;Monocarboxylic acids and derivatives;Organic oxides;Organonitrogen compounds;Organopnictogen compounds;Short-chain keto acids and derivatives	Beta-hydroxy ketone;Aliphatic acyclic compound;Carbonyl group;Carboxylic acid;Short-chain keto acid;Beta-keto acid;Ketone;Organic oxide;Monocarboxylic acid or derivatives;Organic oxygen compound;Keto acid;Organonitrogen compound;Alpha-amino acid;Organopnictogen compound;Hydrocarbon derivative;Primary aliphatic amine;Organic nitrogen compound;1,3-dicarbonyl compound;Organooxygen compound
None	CC(=O)N[C@@H](CC1=CC=CC=C1)C(O)=O	Organic compounds	Organic acids and derivatives	Carboxylic acids and derivatives	Amino acids, peptides, and analogues	Phenylalanine and derivatives	Aromatic homomonocyclic compounds	Acetamides;Alpha amino acids;Amphetamines and derivatives;Benzene and substituted derivatives;Carbonyl compounds;Carboxylic acids;Hydrocarbon derivatives;Monocarboxylic acids and derivatives;N-acyl-alpha amino acids;Organic oxides;Organonitrogen compounds;Organopnictogen compounds;Phenylpropanoic acids;Secondary carboxylic acid amides	Monocyclic benzene moiety;Carbonyl group;Carboxylic acid;3-Phenylpropanoic-acid;Organic oxide;Organonitrogen compound;Alpha-amino acid;Organopnictogen compound;Acetamide;Amphetamine or derivatives;N-acyl-alpha amino acid or derivatives;N-acyl-alpha-amino acid;Carboxamide group;Aromatic homomonocyclic compound;Secondary carboxylic acid amide;Monocarboxylic acid or derivatives;Phenylalanine or derivatives;Organic oxygen compound;Hydrocarbon derivative;Benzenoid;Organic nitrogen compound;Organooxygen compound
None	NC1=NC(=O)C2=C(NCC(CNC3=CC=C(C=C3)C(=O)NC(CCC(=O)NC(CCC(=O)NC(CCC(O)=O)C(O)=O)C(O)=O)C(O)=O)N2)N1	Organic compounds	Organic acids and derivatives	Carboxylic acids and derivatives	Amino acids, peptides, and analogues	Oligopeptides	Aromatic heteropolycyclic compounds	Alpha amino acids;Amino acids;Azacyclic compounds;Benzoyl derivatives;Carbonyl compounds;Carboxylic acids;Glutamic acid and derivatives;Glutamine and derivatives;Heteroaromatic compounds;Hippuric acids and derivatives;Hydrocarbon derivatives;N-acyl amines;N-acyl-alpha amino acids;Organic oxides;Organopnictogen compounds;Phenylalkylamines;Primary amines;Pterins and derivatives;Pyrimidones;Secondary alkylarylamines;Secondary carboxylic acid amides;Tetracarboxylic acids and derivatives;Vinylogous amides	Fatty acyl;Monocyclic benzene moiety;Carbonyl group;Carboxylic acid;Glutamine or derivatives;Amino acid or derivatives;Amino acid;Fatty amide;Benzoyl;Pyrimidone;Alpha-amino acid or derivatives;Benzamide;Pyrimidine;Organic oxide;Aromatic heteropolycyclic compound;Organonitrogen compound;Alpha-amino acid;Organopnictogen compound;Organoheterocyclic compound;N-acyl-alpha amino acid or derivatives;Vinylogous amide;Pterin;Azacycle;N-acyl-alpha-amino acid;Hippuric acid or derivatives;Heteroaromatic compound;Benzoic acid or derivatives;Tetracarboxylic acid or derivatives;Glutamic acid or derivatives;Secondary amine;Carboxamide group;N-acyl-amine;Secondary aliphatic/aromatic amine;Secondary carboxylic acid amide;Organic oxygen compound;Phenylalkylamine;Hydrocarbon derivative;Benzenoid;Primary amine;Alpha-oligopeptide;Organic nitrogen compound;Amine;Organooxygen compound
None	O[C@@H]1[C@H](O)[C@H](O)[C@@H](OP(O)(O)=O)[C@H](O)[C@H]1O	Organic compounds	Organic oxygen compounds	Organooxygen compounds	Alcohols and polyols	Inositol phosphates	Aliphatic homomonocyclic compounds	Cyclohexanols;Hydrocarbon derivatives;Monoalkyl phosphates;Organic oxides	Cyclohexanol;Inositol phosphate;Organic oxide;Phosphoric acid ester;Monoalkyl phosphate;Secondary alcohol;Aliphatic homomonocyclic compound;Hydrocarbon derivative;Organic phosphoric acid derivative;Alkyl phosphate
None	NCCP(O)(O)=O	Organic compounds	Organic acids and derivatives	Organic phosphonic acids and derivatives	Organic phosphonic acids and derivatives	Organic phosphonic acids and derivatives	Aliphatic acyclic compounds	Hydrocarbon derivatives;Monoalkylamines;Organic oxides;Organonitrogen compounds;Organophosphorus compounds;Organopnictogen compounds	Aliphatic acyclic compound;Organic oxide;Organic oxygen compound;Organonitrogen compound;Organopnictogen compound;Organophosphorus compound;Hydrocarbon derivative;Primary aliphatic amine;Organic nitrogen compound;Organophosphonic acid derivative
None	C[C@@H](O)CC(=O)SCCNC(=O)CCNC(=O)[C@H](O)C(C)(C)COP(O)(=O)OP(O)(=O)OC[C@H]1O[C@H]([C@H](O)[C@@H]1OP(O)(O)=O)N1C=NC2=C1N=CN=C2N	Organic compounds	Lipids and lipid-like molecules	Fatty Acyls	Fatty acyl thioesters	Acyl CoAs	Aromatic heteropolycyclic compounds	Azacyclic compounds;Beta amino acids and derivatives;Carbonyl compounds;Carbothioic S-esters;Carboxylic acids and derivatives;Coenzyme A and derivatives;Heteroaromatic compounds;Hydrocarbon derivatives;Imidazoles;Imidolactams;Monoalkyl phosphates;Monosaccharides;N-acyl amines;N-substituted imidazoles;Organic oxides;Organic pyrophosphates;Organopnictogen compounds;Oxacyclic compounds;Pentose phosphates;Primary amines;Purine ribonucleoside diphosphates;Purines and purine derivatives;Pyrimidines and pyrimidine derivatives;Ribonucleoside 3'-phosphates;Secondary alcohols;Secondary carboxylic acid amides;Sulfenyl compounds;Tetrahydrofurans;Thioesters;Thiolactones	Amino acid or derivatives;Monosaccharide;Pentose-5-phosphate;Imidazopyrimidine;Carbothioic s-ester;Saccharide;Purine ribonucleoside diphosphate;Organonitrogen compound;Organoheterocyclic compound;Alcohol;Sulfenyl compound;Azacycle;Thiocarboxylic acid ester;Heteroaromatic compound;Organic pyrophosphate;Secondary carboxylic acid amide;Monoalkyl phosphate;Hydrocarbon derivative;Primary amine;Amine;Coenzyme a or derivatives;Carbonyl group;Pentose phosphate;Fatty amide;Organosulfur compound;Carboxylic acid derivative;Pyrimidine;Organic oxide;Aromatic heteropolycyclic compound;Imidazole;Organopnictogen compound;Imidolactam;Thiolactone;Azole;N-substituted imidazole;Purine ribonucleoside 3',5'-bisphosphate;Ribonucleoside 3'-phosphate;Thiocarboxylic acid or derivatives;Tetrahydrofuran;Carboxamide group;N-acyl-amine;Beta amino acid or derivatives;Oxacycle;Organic oxygen compound;Phosphoric acid ester;Secondary alcohol;Purine;Organic nitrogen compound;Organic phosphoric acid derivative;Alkyl phosphate;Organooxygen compound
None	OC(=O)C1=C(O)C2=CC=CC=C2C(O)=C1	Organic compounds	Benzenoids	Naphthalenes	Naphthalenecarboxylic acids and derivatives	Naphthalenecarboxylic acids	Aromatic homopolycyclic compounds	1-carboxy-2-haloaromatic compounds;1-hydroxy-2-unsubstituted benzenoids;Hydrocarbon derivatives;Hydroquinones;Monocarboxylic acids and derivatives;Naphthols and derivatives;Organic oxides;Organooxygen compounds;Salicylic acid and derivatives;Vinylogous acids	Carboxylic acid;1-hydroxy-2-unsubstituted benzenoid;Aromatic homopolycyclic compound;Carboxylic acid derivative;Hydroxybenzoic acid;Hydroquinone;Vinylogous acid;Organic oxide;Monocarboxylic acid or derivatives;Organic oxygen compound;Salicylic acid or derivatives;Hydrocarbon derivative;1-naphthol;1-carboxy-2-haloaromatic compound;2-naphthalenecarboxylic acid;Organooxygen compound
None	CC(=O)C(=O)C1CNC2=C(N1)C(=O)NC(N)=N2	Organic compounds	Organoheterocyclic compounds	Pteridines and derivatives	Pterins and derivatives	Pterins and derivatives	Aromatic heteropolycyclic compounds	Alpha-diketones;Azacyclic compounds;Heteroaromatic compounds;Hydrocarbon derivatives;Imidolactams;Lactams;Organic oxides;Organopnictogen compounds;Primary amines;Pyrimidones;Secondary alkylarylamines;Vinylogous amides	Carbonyl group;Lactam;Pyrimidone;Pyrimidine;Ketone;Organic oxide;Aromatic heteropolycyclic compound;Organonitrogen compound;Organopnictogen compound;Imidolactam;Vinylogous amide;Pterin;Azacycle;Heteroaromatic compound;Secondary amine;Alpha-diketone;Secondary aliphatic/aromatic amine;Organic oxygen compound;Hydrocarbon derivative;Primary amine;Organic nitrogen compound;Amine;Organooxygen compound
None	OC(=O)C1=CC=CN=C1C(O)=O	Organic compounds	Organoheterocyclic compounds	Pyridines and derivatives	Pyridinecarboxylic acids and derivatives	Pyridine-3-carboxylic acids	Aromatic heteromonocyclic compounds	2-halopyridines;Azacyclic compounds;Carboxylic acids;Dicarboxylic acids and derivatives;Heteroaromatic compounds;Hydrocarbon derivatives;Hydroxypyridines;Organic oxides;Organonitrogen compounds;Organooxygen compounds;Organopnictogen compounds;Polyhalopyridines;Pyridine-2-carboxylic acids	Carboxylic acid;Aromatic heteromonocyclic compound;Azacycle;Pyridine-3-carboxylic acid;Polyhalopyridine;Heteroaromatic compound;Hydroxypyridine;Carboxylic acid derivative;Organic oxide;Pyridine-2-carboxylic acid;Organic oxygen compound;Organonitrogen compound;Dicarboxylic acid or derivatives;Organopnictogen compound;Hydrocarbon derivative;2-halopyridine;Organic nitrogen compound;Organooxygen compound
None	C=CS(=O)(=O)C=C	Organic compounds	Organosulfur compounds	Sulfonyls	Sulfones	Sulfones	Aliphatic acyclic compounds	Hydrocarbon derivatives;Organic oxides	Aliphatic acyclic compound;Organic oxide;Organic oxygen compound;Hydrocarbon derivative;Sulfone
None	C[C@H](NC(=O)CC[C@H](N)C(O)=O)C(O)=O	Organic compounds	Organic acids and derivatives	Carboxylic acids and derivatives	Amino acids, peptides, and analogues	Dipeptides	Aliphatic acyclic compounds	Alanine and derivatives;Alpha amino acids;Carbonyl compounds;Carboxylic acids;Dicarboxylic acids and derivatives;Fatty acids and conjugates;Glutamine and derivatives;Hydrocarbon derivatives;Monoalkylamines;N-acyl amines;N-acyl-alpha amino acids;Organic oxides;Organonitrogen compounds;Organopnictogen compounds;Secondary carboxylic acid amides	Fatty acyl;Aliphatic acyclic compound;Carbonyl group;Carboxylic acid;Glutamine or derivatives;Fatty amide;Fatty acid;Alpha-amino acid or derivatives;Organic oxide;Organonitrogen compound;Alpha-amino acid;Organopnictogen compound;N-acyl-alpha amino acid or derivatives;N-acyl-alpha-amino acid;Carboxamide group;N-acyl-amine;Alpha-dipeptide;Secondary carboxylic acid amide;Organic oxygen compound;Dicarboxylic acid or derivatives;Alanine or derivatives;Hydrocarbon derivative;Primary aliphatic amine;Organic nitrogen compound;Organooxygen compound
None	O[C@H](C#N)C1=CC=C(O)C=C1	Organic compounds	Benzenoids	Phenols	1-hydroxy-2-unsubstituted benzenoids	1-hydroxy-2-unsubstituted benzenoids	Aromatic homomonocyclic compounds	Alpha-hydroxynitriles;Aromatic alcohols;Benzene and substituted derivatives;Cyanohydrins;Hydrocarbon derivatives;Organonitrogen compounds;Organopnictogen compounds;Secondary alcohols	Aromatic alcohol;Alcohol;Monocyclic benzene moiety;Nitrile;1-hydroxy-2-unsubstituted benzenoid;Cyanohydrin;Aromatic homomonocyclic compound;Organic oxygen compound;Alpha-hydroxynitrile;Organonitrogen compound;Secondary alcohol;Organopnictogen compound;Hydrocarbon derivative;Organic nitrogen compound;Carbonitrile;Organooxygen compound
None	NCCC1=CC(O)=C(O)C=C1	Organic compounds	Benzenoids	Phenols	1-hydroxy-2-unsubstituted benzenoids	1-hydroxy-2-unsubstituted benzenoids	Aromatic homomonocyclic compounds	1-hydroxy-4-unsubstituted benzenoids;Benzene and substituted derivatives;Hydrocarbon derivatives;Monoalkylamines;Organonitrogen compounds;Organooxygen compounds;Organopnictogen compounds	Monocyclic benzene moiety;1-hydroxy-2-unsubstituted benzenoid;1-hydroxy-4-unsubstituted benzenoid;Aromatic homomonocyclic compound;Organic oxygen compound;Organonitrogen compound;Organopnictogen compound;Hydrocarbon derivative;Primary aliphatic amine;Organic nitrogen compound;Organooxygen compound
None	OC1=CC=C(CC=O)C=C1	Organic compounds	Benzenoids	Benzene and substituted derivatives	Phenylacetaldehydes	Phenylacetaldehydes	Aromatic homomonocyclic compounds	1-hydroxy-2-unsubstituted benzenoids;Alpha-hydrogen aldehydes;Hydrocarbon derivatives;Organic oxides	Carbonyl group;1-hydroxy-2-unsubstituted benzenoid;Aldehyde;Aromatic homomonocyclic compound;Organic oxide;Organic oxygen compound;Alpha-hydrogen aldehyde;Phenol;Hydrocarbon derivative;Organooxygen compound;Phenylacetaldehyde
None	O[C@@H]1[C@H](O)C(O)(COP(O)(O)=O)O[C@@H]1COP(O)(O)=O	Organic compounds	Organic oxygen compounds	Organooxygen compounds	Carbohydrates and carbohydrate conjugates	Hexose phosphates	Aliphatic heteromonocyclic compounds	1,2-diols;Hemiacetals;Hydrocarbon derivatives;Monoalkyl phosphates;Monosaccharides;Organic oxides;Oxacyclic compounds;Pentose phosphates;Secondary alcohols;Tetrahydrofurans	Alcohol;Tetrahydrofuran;Pentose phosphate;Pentose-5-phosphate;Oxacycle;Organic oxide;Phosphoric acid ester;Monoalkyl phosphate;Aliphatic heteromonocyclic compound;Hexose Phosphate;Secondary alcohol;Hemiacetal;Hydrocarbon derivative;Organic phosphoric acid derivative;Alkyl phosphate;Organoheterocyclic compound;1,2-diol
None	O[C@@H]1[C@@H](COP(O)(O)=O)O[C@H]([C@@H]1O)N1C=NC2=C1N=CN=C2N[C@@H](CC(O)=O)C(O)=O	Organic compounds	Nucleosides, nucleotides, and analogues	Purine nucleotides	Purine ribonucleotides	Purine ribonucleoside monophosphates	Aromatic heteropolycyclic compounds	1,2-diols;Alpha amino acids;Amino acids;Aspartic acid and derivatives;Azacyclic compounds;Carbonyl compounds;Carboxylic acids;Dicarboxylic acids and derivatives;Heteroaromatic compounds;Hydrocarbon derivatives;Imidazoles;Imidolactams;Monoalkyl phosphates;Monosaccharides;N-substituted imidazoles;Organic oxides;Organopnictogen compounds;Oxacyclic compounds;Pentose phosphates;Purines and purine derivatives;Pyrimidines and pyrimidine derivatives;Secondary alcohols;Secondary alkylarylamines;Tetrahydrofurans	Carbonyl group;Carboxylic acid;Pentose phosphate;Amino acid or derivatives;Amino acid;Purine ribonucleoside monophosphate;Monosaccharide;Pentose-5-phosphate;Alpha-amino acid or derivatives;Imidazopyrimidine;Carboxylic acid derivative;Pyrimidine;Saccharide;Organic oxide;Aromatic heteropolycyclic compound;Imidazole;Organonitrogen compound;Alpha-amino acid;Organopnictogen compound;Imidolactam;Organoheterocyclic compound;Azole;1,2-diol;N-substituted imidazole;Alcohol;Azacycle;Tetrahydrofuran;Heteroaromatic compound;Secondary amine;Secondary aliphatic/aromatic amine;Oxacycle;Organic oxygen compound;Phosphoric acid ester;Monoalkyl phosphate;Aspartic acid or derivatives;Secondary alcohol;Dicarboxylic acid or derivatives;Hydrocarbon derivative;Purine;Organic nitrogen compound;Organic phosphoric acid derivative;Alkyl phosphate;Organooxygen compound;Amine
None	O=C(O)C(=O)C(O)CO	Organic compounds	Organic acids and derivatives	Keto acids and derivatives	Short-chain keto acids and derivatives	Short-chain keto acids and derivatives	Aliphatic acyclic compounds	1,2-diols;Acyloins;Alpha-hydroxy ketones;Alpha-keto acids and derivatives;Beta hydroxy acids and derivatives;Beta-hydroxy ketones;Carboxylic acids;Fatty Acyls;Hydrocarbon derivatives;Hydroxy fatty acids;Monocarboxylic acids and derivatives;Monosaccharides;Organic oxides;Primary alcohols;Secondary alcohols	Fatty acyl;Beta-hydroxy ketone;Aliphatic acyclic compound;Carbonyl group;Carboxylic acid;Monosaccharide;Short-chain keto acid;Alpha-hydroxy ketone;Carboxylic acid derivative;Ketone;Beta-hydroxy acid;Saccharide;Organic oxide;Alpha-keto acid;Hydroxy fatty acid;Primary alcohol;1,2-diol;Alcohol;Hydroxy acid;Monocarboxylic acid or derivatives;Organic oxygen compound;Acyloin;Secondary alcohol;Hydrocarbon derivative;Organooxygen compound
None	NCC(=O)N[C@@H]1O[C@H](COP(O)(O)=O)[C@@H](O)[C@H]1O	Organic compounds	Nucleosides, nucleotides, and analogues	Glycinamide ribonucleotides	Glycinamide ribonucleotides	Glycinamide ribonucleotides	Aliphatic heteromonocyclic compounds	1,2-diols;Alpha amino acid amides;Alpha amino acids;Carbonyl compounds;Carboxylic acids and derivatives;Hydrocarbon derivatives;Monoalkyl phosphates;Monoalkylamines;Monosaccharides;Organic oxides;Organonitrogen compounds;Organopnictogen compounds;Oxacyclic compounds;Pentose phosphates;Secondary alcohols;Secondary carboxylic acid amides;Tetrahydrofurans	Carbonyl group;Pentose phosphate;Monosaccharide;Pentose-5-phosphate;Glycinamide-ribonucleotide;Alpha-amino acid or derivatives;Carboxylic acid derivative;Saccharide;Organic oxide;Aliphatic heteromonocyclic compound;Organonitrogen compound;Alpha-amino acid;Organopnictogen compound;Organoheterocyclic compound;1,2-diol;Alcohol;Alpha-amino acid amide;Tetrahydrofuran;Carboxamide group;Oxacycle;Secondary carboxylic acid amide;Organic oxygen compound;Phosphoric acid ester;Monoalkyl phosphate;Secondary alcohol;Hydrocarbon derivative;Primary aliphatic amine;Organic nitrogen compound;Organic phosphoric acid derivative;Alkyl phosphate;Organooxygen compound
None	OC(=O)[C@@H]1CCC=N1	Organic compounds	Organic acids and derivatives	Carboxylic acids and derivatives	Amino acids, peptides, and analogues	Alpha amino acids	Aliphatic heteromonocyclic compounds	Azacyclic compounds;Carbonyl compounds;Carboxylic acids;Hydrocarbon derivatives;Imines;Monocarboxylic acids and derivatives;Organic oxides;Organopnictogen compounds;Propargyl-type 1,3-dipolar organic compounds;Pyrroline 2-carboxylic acids	Carbonyl group;Carboxylic acid;Azacycle;Imine;Pyrroline carboxylic acid or derivatives;Organic 1,3-dipolar compound;Pyrroline 2-carboxylic acid;Propargyl-type 1,3-dipolar organic compound;Organic oxide;Monocarboxylic acid or derivatives;Pyrroline;Organic oxygen compound;Pyrroline carboxylic acid;Aliphatic heteromonocyclic compound;Organonitrogen compound;Alpha-amino acid;Organopnictogen compound;Hydrocarbon derivative;Organic nitrogen compound;Organoheterocyclic compound;Organooxygen compound
None	OC(=O)[C@@H]1CCCC(=N1)C(O)=O	Organic compounds	Organic acids and derivatives	Carboxylic acids and derivatives	Amino acids, peptides, and analogues	Alpha amino acids	Aliphatic heteromonocyclic compounds	Azacyclic compounds;Carbonyl compounds;Carboxylic acids;Dicarboxylic acids and derivatives;Hydrocarbon derivatives;Ketimines;Organic oxides;Organopnictogen compounds;Propargyl-type 1,3-dipolar organic compounds;Tetrahydropyridines	Ketimine;Carbonyl group;Carboxylic acid;Azacycle;Imine;Tetrahydropyridine;Organic 1,3-dipolar compound;Propargyl-type 1,3-dipolar organic compound;Organic oxide;Organic oxygen compound;Aliphatic heteromonocyclic compound;Organonitrogen compound;Alpha-amino acid;Dicarboxylic acid or derivatives;Organopnictogen compound;Hydrocarbon derivative;Organic nitrogen compound;Organoheterocyclic compound;Organooxygen compound
None	O[C@H]1[C@H](O)[C@@H](O)[C@H](OP(O)(O)=O)[C@H](O)[C@@H]1O	Organic compounds	Organic oxygen compounds	Organooxygen compounds	Alcohols and polyols	Inositol phosphates	Aliphatic homomonocyclic compounds	Cyclohexanols;Hydrocarbon derivatives;Monoalkyl phosphates;Organic oxides	Cyclohexanol;Inositol phosphate;Organic oxide;Phosphoric acid ester;Monoalkyl phosphate;Secondary alcohol;Aliphatic homomonocyclic compound;Hydrocarbon derivative;Organic phosphoric acid derivative;Alkyl phosphate
None	OC1=C(O)C=C(CC=O)C=C1	Organic compounds	Benzenoids	Benzene and substituted derivatives	Phenylacetaldehydes	Phenylacetaldehydes	Aromatic homomonocyclic compounds	1-hydroxy-2-unsubstituted benzenoids;1-hydroxy-4-unsubstituted benzenoids;Alpha-hydrogen aldehydes;Hydrocarbon derivatives;Organic oxides	Carbonyl group;1-hydroxy-2-unsubstituted benzenoid;Aldehyde;1-hydroxy-4-unsubstituted benzenoid;Aromatic homomonocyclic compound;Organic oxide;Organic oxygen compound;Alpha-hydrogen aldehyde;Phenol;Hydrocarbon derivative;Organooxygen compound;Phenylacetaldehyde
None	NC(=O)C1=C(N)N=CN1	Organic compounds	Organic acids and derivatives	Carboxylic acids and derivatives	Carboxylic acid derivatives	2-heteroaryl carboxamides	Aromatic heteromonocyclic compounds	Amino acids and derivatives;Azacyclic compounds;Carbonyl compounds;Carbonylimidazoles;Carboxylic acids and derivatives;Heteroaromatic compounds;Hydrocarbon derivatives;Imidazoles;Imidolactams;Organic oxides;Organopnictogen compounds;Primary amines;Primary carboxylic acid amides;Vinylogous amides	Primary carboxylic acid amide;Carbonyl group;Aromatic heteromonocyclic compound;Amino acid or derivatives;2-heteroaryl carboxamide;Organic oxide;Imidazole;Organonitrogen compound;Organopnictogen compound;Imidazole-4-carbonyl group;Imidolactam;Organoheterocyclic compound;Azole;Vinylogous amide;Azacycle;Heteroaromatic compound;Organic oxygen compound;Hydrocarbon derivative;Primary amine;Organic nitrogen compound;Amine;Organooxygen compound
None	CC(C)(CO)[C@@H](O)C(=O)NCCC(=O)N[C@@H](CS)C(O)=O	Organic compounds	Organic acids and derivatives	Peptidomimetics	Hybrid peptides	Hybrid glycopeptides	Aliphatic acyclic compounds	Alkylthiols;Alpha amino acids;Beta amino acids and derivatives;Carbonyl compounds;Carboxylic acids;Cysteine and derivatives;Hydrocarbon derivatives;Monocarboxylic acids and derivatives;Monosaccharides;N-acyl amines;N-acyl-alpha amino acids;Organic oxides;Organonitrogen compounds;Organopnictogen compounds;Organosulfur compounds;Secondary alcohols;Secondary carboxylic acid amides	Fatty acyl;Aliphatic acyclic compound;Carbonyl group;Carboxylic acid;Fatty amide;Monosaccharide;Alpha-amino acid or derivatives;Organosulfur compound;Carboxylic acid derivative;Saccharide;Organic oxide;Organonitrogen compound;Alpha-amino acid;Organopnictogen compound;N-acyl-alpha amino acid or derivatives;Alcohol;N-acyl-alpha-amino acid;Carboxamide group;N-acyl-amine;Beta amino acid or derivatives;Secondary carboxylic acid amide;Monocarboxylic acid or derivatives;Organic oxygen compound;Cysteine or derivatives;Hybrid glycopeptide;Secondary alcohol;Hydrocarbon derivative;Organic nitrogen compound;Alkylthiol;Organooxygen compound
None	O=C(O)CC(O)(CC(=O)C(=O)O)C(=O)O	Organic compounds	Organic acids and derivatives	Carboxylic acids and derivatives	Tricarboxylic acids and derivatives	Tricarboxylic acids and derivatives	Aliphatic acyclic compounds	Alpha hydroxy acids and derivatives;Alpha-hydroxy ketones;Alpha-keto acids and derivatives;Beta-hydroxy ketones;Carboxylic acids;Gamma-keto acids and derivatives;Hydrocarbon derivatives;Organic oxides;Tertiary alcohols	Alcohol;Beta-hydroxy ketone;Aliphatic acyclic compound;Carbonyl group;Carboxylic acid;Alpha-hydroxy acid;Tricarboxylic acid or derivatives;Hydroxy acid;Alpha-hydroxy ketone;Gamma-keto acid;Ketone;Tertiary alcohol;Organic oxide;Organic oxygen compound;Keto acid;Alpha-keto acid;Hydrocarbon derivative;Organooxygen compound
None	NC1=NC(=O)N(C=C1)C1OC(COP([O-])(=O)OC2(CC(O)C(O)C(O2)C(O)CO)C([O-])=O)C(O)C1O	Organic compounds	Organic oxygen compounds	Organooxygen compounds	Carbohydrates and carbohydrate conjugates	Monosaccharides	Aromatic heteromonocyclic compounds	Alkyl phosphates;Amino acids;Azacyclic compounds;C-glucuronides;Carbonyl compounds;Carboxylic acids;Heteroaromatic compounds;Hydrocarbon derivatives;Imidolactams;Monocarboxylic acids and derivatives;Organic anions;Organic carbonic acids and derivatives;Organic oxides;Organopnictogen compounds;Oxacyclic compounds;Oxanes;Pentose phosphates;Primary alcohols;Primary amines;Pyran carboxylic acids;Pyrimidine ribonucleoside monophosphates;Pyrimidones;Secondary alcohols;Tetrahydrofurans	Carbonyl group;Carboxylic acid;Aromatic heteromonocyclic compound;Pentose phosphate;Amino acid or derivatives;Amino acid;Monosaccharide;Pentose-5-phosphate;Pyrimidone;Carboxylic acid derivative;Pyran carboxylic acid;Pyrimidine;Organic oxide;Organonitrogen compound;Organopnictogen compound;Oxane;Primary alcohol;Imidolactam;Organoheterocyclic compound;C-glucuronide;Alcohol;Carbonic acid derivative;Pyran carboxylic acid or derivatives;Azacycle;Tetrahydrofuran;Heteroaromatic compound;Oxacycle;Pyrimidine ribonucleoside monophosphate;Monocarboxylic acid or derivatives;Organic anion;Phosphoric acid ester;Pyran;Secondary alcohol;Hydrocarbon derivative;Primary amine;Organic nitrogen compound;Organic phosphoric acid derivative;Amine;Alkyl phosphate
None	CC(=O)N[C@@H](CCC(=O)OP(O)(O)=O)C(O)=O	Organic compounds	Organic acids and derivatives	Carboxylic acids and derivatives	Amino acids, peptides, and analogues	Glutamic acid and derivatives	Aliphatic acyclic compounds	Acetamides;Acyl monophosphates;Alpha amino acids;Carbonyl compounds;Carboxylic acids;Dicarboxylic acids and derivatives;Fatty acids and conjugates;Hydrocarbon derivatives;N-acyl-alpha amino acids;Organic oxides;Organic phosphoric acids and derivatives;Organonitrogen compounds;Organopnictogen compounds;Secondary carboxylic acid amides	Aliphatic acyclic compound;Carbonyl group;Carboxylic acid;Fatty acid;Organic oxide;Organonitrogen compound;Alpha-amino acid;Organopnictogen compound;Acetamide;N-acyl-alpha amino acid or derivatives;N-acyl-alpha-amino acid;Acyl monophosphate;Glutamic acid or derivatives;Carboxamide group;Secondary carboxylic acid amide;Organic oxygen compound;Dicarboxylic acid or derivatives;Hydrocarbon derivative;Organic nitrogen compound;Organic phosphoric acid derivative;Organooxygen compound;Acyl phosphate
None	NC1=NC(=O)C2=C(NC[C@H](CNC3=CC=C(C=C3)C(=O)N[C@@H](CCC(=O)N[C@@H](CCC(=O)N[C@@H](CCC(O)=O)C(O)=O)C(O)=O)C(O)=O)N2)N1	Organic compounds	Organic acids and derivatives	Carboxylic acids and derivatives	Amino acids, peptides, and analogues	Oligopeptides	Aromatic heteropolycyclic compounds	Alpha amino acids;Amino acids;Azacyclic compounds;Benzoyl derivatives;Carbonyl compounds;Carboxylic acids;Glutamic acid and derivatives;Glutamine and derivatives;Heteroaromatic compounds;Hippuric acids and derivatives;Hydrocarbon derivatives;N-acyl amines;N-acyl-alpha amino acids;Organic oxides;Organopnictogen compounds;Phenylalkylamines;Primary amines;Pterins and derivatives;Pyrimidones;Secondary alkylarylamines;Secondary carboxylic acid amides;Tetracarboxylic acids and derivatives;Vinylogous amides	Fatty acyl;Monocyclic benzene moiety;Carbonyl group;Carboxylic acid;Glutamine or derivatives;Amino acid or derivatives;Amino acid;Fatty amide;Benzoyl;Pyrimidone;Alpha-amino acid or derivatives;Benzamide;Pyrimidine;Organic oxide;Aromatic heteropolycyclic compound;Organonitrogen compound;Alpha-amino acid;Organopnictogen compound;Organoheterocyclic compound;N-acyl-alpha amino acid or derivatives;Vinylogous amide;Pterin;Azacycle;N-acyl-alpha-amino acid;Hippuric acid or derivatives;Heteroaromatic compound;Benzoic acid or derivatives;Tetracarboxylic acid or derivatives;Glutamic acid or derivatives;Secondary amine;Carboxamide group;N-acyl-amine;Secondary aliphatic/aromatic amine;Secondary carboxylic acid amide;Organic oxygen compound;Phenylalkylamine;Hydrocarbon derivative;Benzenoid;Primary amine;Alpha-oligopeptide;Organic nitrogen compound;Amine;Organooxygen compound
None	CC(C)=CCC\C(C)=C\CC\C(C)=C\CC\C(C)=C\CC\C(C)=C\CC\C(C)=C\CC\C(C)=C\CC\C(C)=C\COP(O)(=O)OP(O)(O)=O	Organic compounds	Lipids and lipid-like molecules	Prenol lipids	Polyprenols	Polyprenyl diphosphates	Aliphatic acyclic compounds	Hydrocarbon derivatives;Monoalkyl phosphates;Organic oxides;Organic pyrophosphates;Organooxygen compounds;Polyprenyl monophosphates;Sesterterpenoids	Aliphatic acyclic compound;Polyprenyl diphosphate;Organic pyrophosphate;Sesterterpenoid;Organic oxide;Organic oxygen compound;Phosphoric acid ester;Monoalkyl phosphate;Hydrocarbon derivative;Polyprenyl monophosphate;Organic phosphoric acid derivative;Alkyl phosphate;Organooxygen compound
None	CN1C(N)=NC2=C(NC=N2)C1=O	Organic compounds	Organoheterocyclic compounds	Imidazopyrimidines	Purines and purine derivatives	Hypoxanthines	Aromatic heteropolycyclic compounds	Azacyclic compounds;Heteroaromatic compounds;Hydrocarbon derivatives;Imidazoles;Lactams;Organic oxides;Organooxygen compounds;Organopnictogen compounds;Primary amines;Purines and purine derivatives;Pyrimidones	Lactam;Azacycle;Heteroaromatic compound;Pyrimidone;Pyrimidine;Organic oxide;Organic oxygen compound;Aromatic heteropolycyclic compound;Imidazole;Organonitrogen compound;Organopnictogen compound;Hypoxanthine;Hydrocarbon derivative;Primary amine;Organic nitrogen compound;Amine;Organooxygen compound;Azole
None	CNC1=NC(=O)C2=C(N1)N=CN2	Organic compounds	Organoheterocyclic compounds	Imidazopyrimidines	Purines and purine derivatives	Hypoxanthines	Aromatic heteropolycyclic compounds	Azacyclic compounds;Heteroaromatic compounds;Hydrocarbon derivatives;Imidazoles;Organic oxides;Organooxygen compounds;Organopnictogen compounds;Purines and purine derivatives;Pyrimidones;Secondary alkylarylamines;Vinylogous amides	Vinylogous amide;Azacycle;Heteroaromatic compound;Pyrimidone;Secondary amine;Secondary aliphatic/aromatic amine;Pyrimidine;Organic oxide;Organic oxygen compound;Aromatic heteropolycyclic compound;Imidazole;Organonitrogen compound;Organopnictogen compound;Hypoxanthine;Hydrocarbon derivative;Organic nitrogen compound;Organooxygen compound;Amine;Azole
None	CC(C)(O)C(=O)C(=O)O	Organic compounds	Organic acids and derivatives	Keto acids and derivatives	Short-chain keto acids and derivatives	Short-chain keto acids and derivatives	Aliphatic acyclic compounds	Acyloins;Alpha-hydroxy ketones;Alpha-keto acids and derivatives;Carboxylic acids;Fatty Acyls;Hydrocarbon derivatives;Hydroxy fatty acids;Methyl-branched fatty acids;Monocarboxylic acids and derivatives;Organic oxides;Tertiary alcohols	Alcohol;Fatty acyl;Aliphatic acyclic compound;Carbonyl group;Carboxylic acid;Methyl-branched fatty acid;Short-chain keto acid;Alpha-hydroxy ketone;Carboxylic acid derivative;Branched fatty acid;Ketone;Tertiary alcohol;Organic oxide;Monocarboxylic acid or derivatives;Organic oxygen compound;Acyloin;Alpha-keto acid;Hydrocarbon derivative;Hydroxy fatty acid;Organooxygen compound
None	CSC[C@H]1O[C@H](OP(O)(O)=O)[C@H](O)[C@@H]1O	Organic compounds	Organic acids and derivatives	Organic phosphoric acids and derivatives	Phosphate esters	Monoalkyl phosphates	Aliphatic heteromonocyclic compounds	1,2-diols;Dialkylthioethers;Hydrocarbon derivatives;Monosaccharides;Organic oxides;Oxacyclic compounds;Secondary alcohols;Sulfenyl compounds;Tetrahydrofurans	Alcohol;Sulfenyl compound;Tetrahydrofuran;Dialkylthioether;Monosaccharide;Organosulfur compound;Oxacycle;Saccharide;Organic oxide;Organic oxygen compound;Thioether;Monoalkyl phosphate;Aliphatic heteromonocyclic compound;Secondary alcohol;Hydrocarbon derivative;Organoheterocyclic compound;Organooxygen compound;1,2-diol
None	C\C(C(O)=O)=C(/CC(O)=O)C(O)=O	Organic compounds	Organic acids and derivatives	Carboxylic acids and derivatives	Tricarboxylic acids and derivatives	Tricarboxylic acids and derivatives	Aliphatic acyclic compounds	Carbonyl compounds;Carboxylic acids;Hydrocarbon derivatives;Organic oxides	Aliphatic acyclic compound;Carbonyl group;Organic oxide;Carboxylic acid;Organic oxygen compound;Hydrocarbon derivative;Tricarboxylic acid or derivatives;Organooxygen compound
None	CCCCCCCC\C=C/CCCCCCCC(=O)OC[C@@H](O)COP([O-])(=O)OCC[N+](C)(C)C	Organic compounds	Lipids and lipid-like molecules	Glycerophospholipids	Glycerophosphocholines	1-acyl-sn-glycero-3-phosphocholines	Aliphatic acyclic compounds	Alkyl phosphates;Amines;Carbonyl compounds;Carboxylic acid esters;Fatty acid esters;Glycerophosphocholines;Hydrocarbon derivatives;Monocarboxylic acids and derivatives;Organic oxides;Organic salts;Organopnictogen compounds;Phosphocholines;Secondary alcohols;Tetraalkylammonium salts	Fatty acyl;Aliphatic acyclic compound;Carbonyl group;1-acyl-sn-glycero-3-phosphocholine;Carboxylic acid derivative;Organic oxide;Organonitrogen compound;Organopnictogen compound;Organic salt;Alcohol;Tetraalkylammonium salt;Quaternary ammonium salt;Phosphocholine;Fatty acid ester;Monocarboxylic acid or derivatives;Organic oxygen compound;Phosphoric acid ester;Carboxylic acid ester;Secondary alcohol;Hydrocarbon derivative;Organic nitrogen compound;Organic phosphoric acid derivative;Amine;Alkyl phosphate;Organooxygen compound
None	CC(C)[C@H](C(O)=O)C(=O)C(O)=O	Organic compounds	Organic acids and derivatives	Keto acids and derivatives	Short-chain keto acids and derivatives	Short-chain keto acids and derivatives	Aliphatic acyclic compounds	1,3-dicarbonyl compounds;Alpha-hydroxy ketones;Alpha-keto acids and derivatives;Beta-hydroxy ketones;Beta-keto acids and derivatives;Carboxylic acids;Dicarboxylic acids and derivatives;Fatty Acyls;Hydrocarbon derivatives;Methyl-branched fatty acids;Organic oxides	Fatty acyl;Beta-hydroxy ketone;Aliphatic acyclic compound;Carbonyl group;Carboxylic acid;Methyl-branched fatty acid;Short-chain keto acid;Alpha-hydroxy ketone;Carboxylic acid derivative;Branched fatty acid;Beta-keto acid;Ketone;Organic oxide;Organic oxygen compound;Alpha-keto acid;Dicarboxylic acid or derivatives;Hydrocarbon derivative;1,3-dicarbonyl compound;Organooxygen compound
None	O[C@H]1C[C@@H](O[C@@H]1COP(O)(O)=O)N1C=C(F)C(O)=NC1=O	Organic compounds	Nucleosides, nucleotides, and analogues	Pyrimidine nucleotides	Pyrimidine deoxyribonucleotides	Pyrimidine 2'-deoxyribonucleoside monophosphates	Aromatic heteromonocyclic compounds	Aryl fluorides;Azacyclic compounds;Halopyrimidines;Heteroaromatic compounds;Hydrocarbon derivatives;Hydroxypyrimidines;Monoalkyl phosphates;Monosaccharides;Organic carbonic acids and derivatives;Organic oxides;Organofluorides;Organonitrogen compounds;Organopnictogen compounds;Oxacyclic compounds;Pentose phosphates;Pyrimidones;Secondary alcohols;Tetrahydrofurans	Aryl fluoride;Aromatic heteromonocyclic compound;Pentose phosphate;Monosaccharide;Pyrimidone;Hydroxypyrimidine;Organohalogen compound;Pyrimidine;Pyrimidine 2'-deoxyribonucleoside monophosphate;Saccharide;Organic oxide;Organonitrogen compound;Organopnictogen compound;Organoheterocyclic compound;Alcohol;Carbonic acid derivative;Azacycle;Tetrahydrofuran;Organofluoride;Heteroaromatic compound;Halopyrimidine;Aryl halide;Oxacycle;Organic oxygen compound;Phosphoric acid ester;Monoalkyl phosphate;Secondary alcohol;Hydrocarbon derivative;Organic nitrogen compound;Organic phosphoric acid derivative;Alkyl phosphate;Organooxygen compound
None	CC(=O)N[C@@H]1[C@@H](O)O[C@H](COP(O)(O)=O)[C@@H](O)[C@@H]1O	Organic compounds	Organic oxygen compounds	Organooxygen compounds	Carbohydrates and carbohydrate conjugates	Acylaminosugars	Aliphatic heteromonocyclic compounds	1,2-diols;Acetamides;Carbonyl compounds;Carboxylic acids and derivatives;Hemiacetals;Hexose phosphates;Hydrocarbon derivatives;Monoalkyl phosphates;Monosaccharides;N-acyl-alpha-hexosamines;Organic oxides;Organonitrogen compounds;Organopnictogen compounds;Oxacyclic compounds;Oxanes;Secondary alcohols;Secondary carboxylic acid amides	Carbonyl group;Monosaccharide;Carboxylic acid derivative;N-acyl-alpha-hexosamine;Organic oxide;Aliphatic heteromonocyclic compound;Organonitrogen compound;Organopnictogen compound;Hemiacetal;Oxane;Organoheterocyclic compound;Acetamide;1,2-diol;Alcohol;Carboxamide group;Acylaminosugar;Oxacycle;Secondary carboxylic acid amide;Phosphoric acid ester;Monoalkyl phosphate;Secondary alcohol;Hexose Phosphate;Hydrocarbon derivative;Organic nitrogen compound;Organic phosphoric acid derivative;Alkyl phosphate
None	CC(C)(O)[C@@H](O)C(O)=O	Organic compounds	Lipids and lipid-like molecules	Fatty Acyls	Fatty acids and conjugates	Hydroxy fatty acids	Aliphatic acyclic compounds	1,2-diols;Alpha hydroxy acids and derivatives;Carbonyl compounds;Carboxylic acids;Hydrocarbon derivatives;Methyl-branched fatty acids;Monocarboxylic acids and derivatives;Monosaccharides;Organic oxides;Secondary alcohols;Short-chain hydroxy acids and derivatives;Tertiary alcohols	Alcohol;Aliphatic acyclic compound;Carbonyl group;Carboxylic acid;Methyl-branched fatty acid;Short-chain hydroxy acid;Alpha-hydroxy acid;Monosaccharide;Hydroxy acid;Carboxylic acid derivative;Branched fatty acid;Tertiary alcohol;Saccharide;Organic oxide;Monocarboxylic acid or derivatives;Organic oxygen compound;Secondary alcohol;Hydrocarbon derivative;Hydroxy fatty acid;Organooxygen compound;1,2-diol
None	OC1CC(N=C1)C(O)=O	Organic compounds	Organic acids and derivatives	Carboxylic acids and derivatives	Amino acids, peptides, and analogues	Alpha amino acids	Aliphatic heteromonocyclic compounds	Azacyclic compounds;Carbonyl compounds;Carboxylic acids;Hydrocarbon derivatives;Imines;Monocarboxylic acids and derivatives;Organic oxides;Organopnictogen compounds;Propargyl-type 1,3-dipolar organic compounds;Pyrroline 2-carboxylic acids;Secondary alcohols	Carbonyl group;Carboxylic acid;Imine;Propargyl-type 1,3-dipolar organic compound;Organic oxide;Aliphatic heteromonocyclic compound;Organonitrogen compound;Alpha-amino acid;Organopnictogen compound;Organoheterocyclic compound;Alcohol;Azacycle;Pyrroline carboxylic acid or derivatives;Organic 1,3-dipolar compound;Pyrroline 2-carboxylic acid;Monocarboxylic acid or derivatives;Pyrroline;Organic oxygen compound;Pyrroline carboxylic acid;Secondary alcohol;Hydrocarbon derivative;Organic nitrogen compound;Organooxygen compound
None	CC1=C(CCO)SC=N1	Organic compounds	Organoheterocyclic compounds	Azoles	Thiazoles	4,5-disubstituted thiazoles	Aromatic heteromonocyclic compounds	Alcohols and polyols;Azacyclic compounds;Heteroaromatic compounds;Hydrocarbon derivatives;Organonitrogen compounds;Organopnictogen compounds	Alcohol;Aromatic heteromonocyclic compound;Azacycle;Heteroaromatic compound;4,5-disubstituted 1,3-thiazole;Organic oxygen compound;Organonitrogen compound;Organopnictogen compound;Hydrocarbon derivative;Organic nitrogen compound;Organooxygen compound
None	CCCCCCCCCCCCCCCCCCOC[C@@H](O)COP([O-])(=O)OCC[N+](C)(C)C	Organic compounds	Lipids and lipid-like molecules	Glycerophospholipids	Glycerophosphocholines	Monoalkylglycerophosphocholines	Aliphatic acyclic compounds	Alkyl phosphates;Amines;Dialkyl ethers;Glycerol ethers;Hydrocarbon derivatives;Organic oxides;Organic salts;Organopnictogen compounds;Phosphocholines;Secondary alcohols;Tetraalkylammonium salts	Aliphatic acyclic compound;Ether;Dialkyl ether;Organic oxide;Organonitrogen compound;Organopnictogen compound;Organic salt;Glycerol ether;Alcohol;Tetraalkylammonium salt;Monoalkylglycerophosphocholine;Quaternary ammonium salt;Phosphocholine;Organic oxygen compound;Phosphoric acid ester;Secondary alcohol;Hydrocarbon derivative;Organic nitrogen compound;Organic phosphoric acid derivative;Amine;Alkyl phosphate;Organooxygen compound
None	CC1=C(CCOP(O)(O)=O)SC=N1	Organic compounds	Organoheterocyclic compounds	Azoles	Thiazoles	4,5-disubstituted thiazoles	Aromatic heteromonocyclic compounds	Azacyclic compounds;Heteroaromatic compounds;Hydrocarbon derivatives;Monoalkyl phosphates;Organic oxides;Organonitrogen compounds;Organooxygen compounds;Organopnictogen compounds	Aromatic heteromonocyclic compound;Azacycle;Heteroaromatic compound;4,5-disubstituted 1,3-thiazole;Organic oxide;Organic oxygen compound;Phosphoric acid ester;Monoalkyl phosphate;Organonitrogen compound;Organopnictogen compound;Hydrocarbon derivative;Organic nitrogen compound;Organic phosphoric acid derivative;Alkyl phosphate;Organooxygen compound
None	CC1=C(C)N(C[C@H](O)[C@H](O)[C@H](O)CO)C2=NC(=O)NC(=O)C2=N1	Organic compounds	Organoheterocyclic compounds	Pteridines and derivatives	Pteridines and derivatives	Pteridines and derivatives	Aromatic heteropolycyclic compounds	Azacyclic compounds;Heteroaromatic compounds;Hydrocarbon derivatives;Lactams;Organic carbonic acids and derivatives;Organic oxides;Organonitrogen compounds;Organopnictogen compounds;Primary alcohols;Pyrazines;Pyrimidones;Secondary alcohols	Alcohol;Carbonic acid derivative;Lactam;Azacycle;Heteroaromatic compound;Pyrimidone;Pteridine;Pyrimidine;Organic oxide;Organic oxygen compound;Aromatic heteropolycyclic compound;Pyrazine;Organonitrogen compound;Secondary alcohol;Organopnictogen compound;Hydrocarbon derivative;Organic nitrogen compound;Primary alcohol;Organooxygen compound
None	O=C(O)C(=O)C(O)C(=O)CO	Organic compounds	Organic acids and derivatives	Keto acids and derivatives	Gamma-keto acids and derivatives	Gamma-keto acids and derivatives	Aliphatic acyclic compounds	Acyloins;Alpha-hydroxy ketones;Alpha-keto acids and derivatives;Beta hydroxy acids and derivatives;Beta-diketones;Carboxylic acids;Fatty Acyls;Hydrocarbon derivatives;Hydroxy fatty acids;Monocarboxylic acids and derivatives;Monosaccharides;Organic oxides;Secondary alcohols;Short-chain keto acids and derivatives	Fatty acyl;Aliphatic acyclic compound;Carbonyl group;Carboxylic acid;Monosaccharide;Short-chain keto acid;Alpha-hydroxy ketone;Carboxylic acid derivative;Ketone;Beta-hydroxy acid;Saccharide;Organic oxide;Alpha-keto acid;Hydroxy fatty acid;Alcohol;Hydroxy acid;Gamma-keto acid;Monocarboxylic acid or derivatives;Organic oxygen compound;Acyloin;Secondary alcohol;Hydrocarbon derivative;1,3-dicarbonyl compound;1,3-diketone;Organooxygen compound
None	CC(C)(COP(O)(O)=O)[C@@H](O)C(=O)NCCC(=O)N[C@@H](CS)C(O)=O	Organic compounds	Organic acids and derivatives	Peptidomimetics	Hybrid peptides	Hybrid glycopeptides	Aliphatic acyclic compounds	Alkylthiols;Alpha amino acids;Beta amino acids and derivatives;Carbonyl compounds;Carboxylic acids;Cysteine and derivatives;Hydrocarbon derivatives;Monoalkyl phosphates;Monocarboxylic acids and derivatives;Monosaccharides;N-acyl amines;N-acyl-alpha amino acids;Organic oxides;Organonitrogen compounds;Organopnictogen compounds;Organosulfur compounds;Secondary alcohols;Secondary carboxylic acid amides	Fatty acyl;Aliphatic acyclic compound;Carbonyl group;Carboxylic acid;Fatty amide;Monosaccharide;Alpha-amino acid or derivatives;Organosulfur compound;Carboxylic acid derivative;Saccharide;Organic oxide;Organonitrogen compound;Alpha-amino acid;Organopnictogen compound;N-acyl-alpha amino acid or derivatives;Alcohol;N-acyl-alpha-amino acid;Carboxamide group;N-acyl-amine;Beta amino acid or derivatives;Secondary carboxylic acid amide;Monocarboxylic acid or derivatives;Organic oxygen compound;Phosphoric acid ester;Monoalkyl phosphate;Cysteine or derivatives;Hybrid glycopeptide;Secondary alcohol;Hydrocarbon derivative;Organic nitrogen compound;Organic phosphoric acid derivative;Alkylthiol;Alkyl phosphate;Organooxygen compound
None	O[C@H]1[C@@H](O)[C@H](NC(=O)CNC=O)O[C@@H]1COP(O)(O)=O	Organic compounds	Nucleosides, nucleotides, and analogues	Glycinamide ribonucleotides	Glycinamide ribonucleotides	Glycinamide ribonucleotides	Aliphatic heteromonocyclic compounds	1,2-diols;Alpha amino acid amides;Alpha amino acids;Carbonyl compounds;Carboxylic acids and derivatives;Hydrocarbon derivatives;Monoalkyl phosphates;Monosaccharides;N-formyl-alpha amino acids;Organic oxides;Organonitrogen compounds;Organopnictogen compounds;Oxacyclic compounds;Pentose phosphates;Secondary alcohols;Secondary carboxylic acid amides;Tetrahydrofurans	Carbonyl group;Pentose phosphate;Monosaccharide;Pentose-5-phosphate;Glycinamide-ribonucleotide;Alpha-amino acid or derivatives;Carboxylic acid derivative;Saccharide;Organic oxide;Aliphatic heteromonocyclic compound;Organonitrogen compound;Alpha-amino acid;Organopnictogen compound;N-formyl-alpha amino acid or derivatives;Organoheterocyclic compound;1,2-diol;Alcohol;Alpha-amino acid amide;Tetrahydrofuran;Carboxamide group;N-substituted-alpha-amino acid;Oxacycle;Secondary carboxylic acid amide;N-formyl-alpha-amino acid;Organic oxygen compound;Phosphoric acid ester;Monoalkyl phosphate;Secondary alcohol;Hydrocarbon derivative;Organic nitrogen compound;Organic phosphoric acid derivative;Alkyl phosphate;Organooxygen compound
None	C[C@@H]1[C@H]2[C@H](C)NC3=C(N2CN1C1=CC=C(C[C@H](O)[C@H](O)[C@H](O)CO[C@H]2O[C@H](COP(O)(=O)O[C@@H](CCC(O)=O)C(O)=O)[C@@H](O)[C@H]2O)C=C1)C(O)=NC(=N)N3	Organic compounds	Organic oxygen compounds	Organooxygen compounds	Carbohydrates and carbohydrate conjugates	Pentose phosphates	Aromatic heteropolycyclic compounds	Acetals;Alkyl glycosides;Amino acids;Aniline and substituted anilines;Azacyclic compounds;Carbonyl compounds;Carboxylic acids;Dialkyl phosphates;Dialkylarylamines;Dicarboxylic acids and derivatives;Fatty acyl glycosides of mono- and disaccharides;Heteroaromatic compounds;Hydrocarbon derivatives;Hydroxypyrimidines;Imidazopyrazines;Monosaccharides;Organic oxides;Organopnictogen compounds;Oxacyclic compounds;Phenylimidazolidines;Pterins and derivatives;Secondary alcohols;Secondary alkylarylamines;Tetrahydrofurans	Imidazolidine;Fatty acyl glycoside of mono- or disaccharide;Monocyclic benzene moiety;Carbonyl group;Carboxylic acid;Phenylimidazolidine;Imidazopyrazine;Pentose phosphate;Amino acid or derivatives;Amino acid;Pentose-5-phosphate;Hydroxypyrimidine;Carboxylic acid derivative;Pyrimidine;Organic oxide;Acetal;Aromatic heteropolycyclic compound;Organonitrogen compound;Organopnictogen compound;Dialkylarylamine;Organoheterocyclic compound;Alcohol;Pterin;Azacycle;Tetrahydrofuran;Aniline or substituted anilines;Heteroaromatic compound;Secondary amine;Secondary aliphatic/aromatic amine;Oxacycle;Dialkyl phosphate;Phosphoric acid ester;Secondary alcohol;Dicarboxylic acid or derivatives;Hydrocarbon derivative;Benzenoid;Organic nitrogen compound;Organic phosphoric acid derivative;Alkyl phosphate;Amine;Alkyl glycoside
None	OC1CCC(CC1)C(O)=O	Organic compounds	Organic oxygen compounds	Organooxygen compounds	Alcohols and polyols	Cyclohexanols	Aliphatic homomonocyclic compounds	Carbonyl compounds;Carboxylic acids;Cyclic alcohols and derivatives;Hydrocarbon derivatives;Monocarboxylic acids and derivatives;Organic oxides	Carbonyl group;Carboxylic acid;Cyclohexanol;Cyclic alcohol;Carboxylic acid derivative;Organic oxide;Monocarboxylic acid or derivatives;Aliphatic homomonocyclic compound;Hydrocarbon derivative
None	C[C@H](O)[C@H](C)C(=O)SCCNC(=O)CCNC(=O)[C@H](O)C(C)(C)COP(O)(=O)OP(O)(=O)OC[C@H]1O[C@H]([C@H](O)[C@@H]1OP(O)(O)=O)N1C=NC2=C1N=CN=C2N	Organic compounds	Lipids and lipid-like molecules	Fatty Acyls	Fatty acyl thioesters	Acyl CoAs	Aromatic heteropolycyclic compounds	Azacyclic compounds;Beta amino acids and derivatives;Carbonyl compounds;Carbothioic S-esters;Carboxylic acids and derivatives;Coenzyme A and derivatives;Heteroaromatic compounds;Hydrocarbon derivatives;Imidazoles;Imidolactams;Monoalkyl phosphates;Monosaccharides;N-acyl amines;N-substituted imidazoles;Organic oxides;Organic pyrophosphates;Organopnictogen compounds;Oxacyclic compounds;Pentose phosphates;Primary amines;Purine ribonucleoside diphosphates;Purines and purine derivatives;Pyrimidines and pyrimidine derivatives;Ribonucleoside 3'-phosphates;Secondary alcohols;Secondary carboxylic acid amides;Sulfenyl compounds;Tetrahydrofurans;Thioesters;Thiolactones	Amino acid or derivatives;Monosaccharide;Pentose-5-phosphate;Imidazopyrimidine;Carbothioic s-ester;Saccharide;Purine ribonucleoside diphosphate;Organonitrogen compound;Organoheterocyclic compound;Alcohol;Sulfenyl compound;Azacycle;Thiocarboxylic acid ester;Heteroaromatic compound;Organic pyrophosphate;Secondary carboxylic acid amide;Monoalkyl phosphate;Hydrocarbon derivative;Primary amine;Amine;Coenzyme a or derivatives;Carbonyl group;Pentose phosphate;Fatty amide;Organosulfur compound;Carboxylic acid derivative;Pyrimidine;Organic oxide;Aromatic heteropolycyclic compound;Imidazole;Organopnictogen compound;Imidolactam;Thiolactone;Azole;N-substituted imidazole;Purine ribonucleoside 3',5'-bisphosphate;Ribonucleoside 3'-phosphate;Thiocarboxylic acid or derivatives;Tetrahydrofuran;Carboxamide group;N-acyl-amine;Beta amino acid or derivatives;Oxacycle;Organic oxygen compound;Phosphoric acid ester;Secondary alcohol;Purine;Organic nitrogen compound;Organic phosphoric acid derivative;Alkyl phosphate;Organooxygen compound
None	CC(C)[C@@H]([C@@H](O)C(O)=O)C(O)=O	Organic compounds	Organic acids and derivatives	Hydroxy acids and derivatives	Beta hydroxy acids and derivatives	Beta hydroxy acids and derivatives	Aliphatic acyclic compounds	Alpha hydroxy acids and derivatives;Carbonyl compounds;Carboxylic acids;Dicarboxylic acids and derivatives;Hydrocarbon derivatives;Hydroxy fatty acids;Methyl-branched fatty acids;Organic oxides;Secondary alcohols;Short-chain hydroxy acids and derivatives	Alcohol;Fatty acyl;Aliphatic acyclic compound;Carbonyl group;Carboxylic acid;Methyl-branched fatty acid;Short-chain hydroxy acid;Alpha-hydroxy acid;Fatty acid;Carboxylic acid derivative;Branched fatty acid;Beta-hydroxy acid;Organic oxide;Organic oxygen compound;Secondary alcohol;Dicarboxylic acid or derivatives;Hydrocarbon derivative;Hydroxy fatty acid;Organooxygen compound
None	NC(CCC[C@H](NC(=O)CCC(O)=O)C(O)=O)C(O)=O	Organic compounds	Organic acids and derivatives	Carboxylic acids and derivatives	Amino acids, peptides, and analogues	N-acyl-alpha amino acids	Aliphatic acyclic compounds	Alpha amino acids;Carbonyl compounds;Carboxylic acids;Hydrocarbon derivatives;Monoalkylamines;N-acyl amines;Organic oxides;Organonitrogen compounds;Organopnictogen compounds;Secondary carboxylic acid amides;Tricarboxylic acids and derivatives	Fatty acyl;Aliphatic acyclic compound;Carbonyl group;Carboxylic acid;N-acyl-alpha-amino acid;Fatty amide;Tricarboxylic acid or derivatives;Carboxamide group;N-acyl-amine;Secondary carboxylic acid amide;Organic oxide;Organic oxygen compound;Organonitrogen compound;Alpha-amino acid;Organopnictogen compound;Hydrocarbon derivative;Primary aliphatic amine;Organic nitrogen compound;Organooxygen compound
None	C[S+](CCC(=O)C(O)=O)C[C@H]1O[C@H]([C@H](O)[C@@H]1O)N1C=NC2=C1N=CN=C2N	Organic compounds	Nucleosides, nucleotides, and analogues	5'-deoxyribonucleosides	5'-deoxy-5'-thionucleosides	5'-deoxy-5'-thionucleosides	Aromatic heteropolycyclic compounds	1,2-diols;Alpha-hydroxy ketones;Alpha-keto acids and derivatives;Amino acids;Azacyclic compounds;Carboxylic acids;Fatty Acyls;Heteroaromatic compounds;Hydrocarbon derivatives;Hydroxy fatty acids;Imidazoles;Imidolactams;Monocarboxylic acids and derivatives;Monosaccharides;N-substituted imidazoles;Organic cations;Organic oxides;Organic sulfonium compounds;Organopnictogen compounds;Oxacyclic compounds;Primary amines;Purines and purine derivatives;Pyrimidines and pyrimidine derivatives;Secondary alcohols;Tetrahydrofurans;Thia fatty acids	Fatty acyl;Carbonyl group;Carboxylic acid;Amino acid or derivatives;Amino acid;Monosaccharide;Imidazopyrimidine;Organosulfur compound;Alpha-hydroxy ketone;Carboxylic acid derivative;Pyrimidine;Ketone;Saccharide;Organic oxide;Aromatic heteropolycyclic compound;Imidazole;Organonitrogen compound;Alpha-keto acid;Organopnictogen compound;Hydroxy fatty acid;Organic cation;Imidolactam;Organoheterocyclic compound;Azole;1,2-diol;N-substituted imidazole;Alcohol;Azacycle;Tetrahydrofuran;5'-deoxy-5'-thionucleoside;Heteroaromatic compound;Oxacycle;Monocarboxylic acid or derivatives;Thia fatty acid;Organic oxygen compound;Keto acid;Organic_Sulfonium;Secondary alcohol;Hydrocarbon derivative;Primary amine;Purine;Organic nitrogen compound;Amine;Organooxygen compound
None	OC(=O)\C=C1\OC(=O)C=C1	Organic compounds	Organoheterocyclic compounds	Dihydrofurans	Furanones	Butenolides	Aliphatic heteromonocyclic compounds	Carbonyl compounds;Carboxylic acids;Dicarboxylic acids and derivatives;Dihydrofurans;Enoate esters;Enol esters;Hydrocarbon derivatives;Lactones;Organic oxides;Oxacyclic compounds	Enoate ester;Carbonyl group;Carboxylic acid;Carboxylic acid derivative;Lactone;Oxacycle;Alpha,beta-unsaturated carboxylic ester;2-furanone;Organic oxide;Organic oxygen compound;Carboxylic acid ester;Aliphatic heteromonocyclic compound;Dicarboxylic acid or derivatives;Hydrocarbon derivative;Enol ester;Organooxygen compound
None	O[C@H](COP(O)(O)=O)[C@@H](O)CC(=O)C(O)=O	Organic compounds	Organic acids and derivatives	Keto acids and derivatives	Medium-chain keto acids and derivatives	Medium-chain keto acids and derivatives	Aliphatic acyclic compounds	1,2-diols;Alpha-hydroxy ketones;Alpha-keto acids and derivatives;Beta-hydroxy ketones;Carboxylic acids;Hydrocarbon derivatives;Monoalkyl phosphates;Monocarboxylic acids and derivatives;Monosaccharides;Organic oxides;Secondary alcohols	Beta-hydroxy ketone;Aliphatic acyclic compound;Carbonyl group;Carboxylic acid;Monosaccharide;Alpha-hydroxy ketone;Carboxylic acid derivative;Ketone;Saccharide;Organic oxide;Alpha-keto acid;1,2-diol;Alcohol;Monocarboxylic acid or derivatives;Organic oxygen compound;Phosphoric acid ester;Monoalkyl phosphate;Secondary alcohol;Hydrocarbon derivative;Organic phosphoric acid derivative;Alkyl phosphate;Organooxygen compound;Medium-chain keto acid
None	NC1=C(NC[C@H](O)[C@H](O)[C@H](O)COP(O)(O)=O)NC(=O)NC1=O	Organic compounds	Organoheterocyclic compounds	Diazines	Pyrimidines and pyrimidine derivatives	Pyrimidones	Aromatic heteromonocyclic compounds	Azacyclic compounds;Heteroaromatic compounds;Hydrocarbon derivatives;Lactams;Monoalkyl phosphates;Monosaccharides;Organic carbonic acids and derivatives;Organic oxides;Organopnictogen compounds;Primary amines;Secondary alcohols;Secondary alkylarylamines;Vinylogous amides	Lactam;Aromatic heteromonocyclic compound;Monosaccharide;Pyrimidone;Saccharide;Organic oxide;Organonitrogen compound;Organopnictogen compound;Alcohol;Vinylogous amide;Carbonic acid derivative;Azacycle;Heteroaromatic compound;Secondary amine;Secondary aliphatic/aromatic amine;Organic oxygen compound;Phosphoric acid ester;Monoalkyl phosphate;Secondary alcohol;Hydrocarbon derivative;Primary amine;Organic nitrogen compound;Organic phosphoric acid derivative;Amine;Alkyl phosphate;Organooxygen compound
None	OC(=O)CCC(=O)N[C@@H](CCCC(=O)C(O)=O)C(O)=O	Organic compounds	Organic acids and derivatives	Carboxylic acids and derivatives	Amino acids, peptides, and analogues	N-acyl-alpha amino acids	Aliphatic acyclic compounds	Alpha amino acids;Alpha-hydroxy ketones;Alpha-keto acids and derivatives;Carboxylic acids;Hydrocarbon derivatives;N-acyl amines;Organic oxides;Organonitrogen compounds;Organopnictogen compounds;Secondary carboxylic acid amides;Tricarboxylic acids and derivatives	Fatty acyl;Aliphatic acyclic compound;Carbonyl group;Carboxylic acid;Fatty amide;Tricarboxylic acid or derivatives;Alpha-hydroxy ketone;Ketone;Organic oxide;Organonitrogen compound;Alpha-keto acid;Alpha-amino acid;Organopnictogen compound;N-acyl-alpha-amino acid;Carboxamide group;N-acyl-amine;Secondary carboxylic acid amide;Organic oxygen compound;Keto acid;Hydrocarbon derivative;Organic nitrogen compound;Organooxygen compound
None	O[C@H](COP(O)(O)=O)[C@@H](O)[C@H](O)[C@H](O)CC(=O)C(O)=O	Organic compounds	Organic acids and derivatives	Keto acids and derivatives	Medium-chain keto acids and derivatives	Medium-chain keto acids and derivatives	Aliphatic acyclic compounds	Alpha-hydroxy ketones;Alpha-keto acids and derivatives;Beta-hydroxy ketones;Carboxylic acids;Hydrocarbon derivatives;Monoalkyl phosphates;Monocarboxylic acids and derivatives;Monosaccharides;Organic oxides;Secondary alcohols	Alcohol;Beta-hydroxy ketone;Aliphatic acyclic compound;Carbonyl group;Carboxylic acid;Monosaccharide;Alpha-hydroxy ketone;Carboxylic acid derivative;Ketone;Saccharide;Organic oxide;Monocarboxylic acid or derivatives;Organic oxygen compound;Phosphoric acid ester;Monoalkyl phosphate;Alpha-keto acid;Secondary alcohol;Hydrocarbon derivative;Organic phosphoric acid derivative;Alkyl phosphate;Organooxygen compound;Medium-chain keto acid
None	CN1[C@@H](CNC2=CC=C(C=C2)C(=O)N[C@@H](CCC(=O)N[C@@H](CCC(=O)N[C@@H](CCC(O)=O)C(O)=O)C(O)=O)C(O)=O)CNC2=C1C(=O)N=C(N)N2	Organic compounds	Organic acids and derivatives	Carboxylic acids and derivatives	Amino acids, peptides, and analogues	Oligopeptides	Aromatic heteropolycyclic compounds	Alpha amino acids;Amino acids;Azacyclic compounds;Benzoyl derivatives;Carbonyl compounds;Carboxylic acids;Dialkylarylamines;Glutamic acid and derivatives;Glutamine and derivatives;Heteroaromatic compounds;Hippuric acids and derivatives;Hydrocarbon derivatives;N-acyl amines;N-acyl-alpha amino acids;Organic oxides;Organopnictogen compounds;Phenylalkylamines;Primary amines;Pterins and derivatives;Pyrimidones;Secondary alkylarylamines;Secondary carboxylic acid amides;Tetracarboxylic acids and derivatives;Vinylogous amides	Fatty acyl;Monocyclic benzene moiety;Carbonyl group;Carboxylic acid;Glutamine or derivatives;Amino acid or derivatives;Amino acid;Fatty amide;Benzoyl;Pyrimidone;Alpha-amino acid or derivatives;Benzamide;Pyrimidine;Organic oxide;Aromatic heteropolycyclic compound;Tertiary aliphatic/aromatic amine;Organonitrogen compound;Alpha-amino acid;Organopnictogen compound;Dialkylarylamine;Tertiary amine;Organoheterocyclic compound;N-acyl-alpha amino acid or derivatives;Vinylogous amide;Pterin;Azacycle;N-acyl-alpha-amino acid;Hippuric acid or derivatives;Heteroaromatic compound;Benzoic acid or derivatives;Tetracarboxylic acid or derivatives;Glutamic acid or derivatives;Secondary amine;Carboxamide group;N-acyl-amine;Secondary aliphatic/aromatic amine;Secondary carboxylic acid amide;Organic oxygen compound;Phenylalkylamine;Hydrocarbon derivative;Benzenoid;Primary amine;Alpha-oligopeptide;Organic nitrogen compound;Amine;Organooxygen compound
None	[H][C@]1(COP(O)(=O)OP(O)(=O)OP(O)(O)=O)O[C@@]([H])(N2C=NC3=C2NC(=N)N=C3O)[C@]([H])(O)[C@]1([H])OP(O)(=O)OP(O)(O)=O	Organic compounds	Nucleosides, nucleotides, and analogues	Ribonucleoside 3'-phosphates	Ribonucleoside 3'-phosphates	Ribonucleoside 3'-phosphates	Aromatic heteropolycyclic compounds	Azacyclic compounds;Heteroaromatic compounds;Hydrocarbon derivatives;Hydroxypyrimidines;Imidazoles;Monoalkyl phosphates;Monosaccharides;N-substituted imidazoles;Organic oxides;Organic pyrophosphates;Organonitrogen compounds;Organopnictogen compounds;Oxacyclic compounds;Pentose phosphates;Purine ribonucleoside 3',5'-bisphosphates;Purine ribonucleoside triphosphates;Purines and purine derivatives;Secondary alcohols;Tetrahydrofurans	Pentose phosphate;Monosaccharide;Pentose-5-phosphate;Hydroxypyrimidine;Imidazopyrimidine;Pyrimidine;Saccharide;Organic oxide;Aromatic heteropolycyclic compound;Imidazole;Organonitrogen compound;Organopnictogen compound;Purine ribonucleoside triphosphate;Organoheterocyclic compound;Azole;N-substituted imidazole;Purine ribonucleoside 3',5'-bisphosphate;Ribonucleoside 3'-phosphate;Alcohol;Azacycle;Tetrahydrofuran;Heteroaromatic compound;Organic pyrophosphate;Oxacycle;Organic oxygen compound;Phosphoric acid ester;Monoalkyl phosphate;Secondary alcohol;Hydrocarbon derivative;Purine;Organic nitrogen compound;Organic phosphoric acid derivative;Alkyl phosphate;Organooxygen compound
None	CC(=O)N[C@@H]1[C@@H](O)[C@H](O)[C@@H](CO)OC1OP(O)(O)=O	Organic compounds	Organic oxygen compounds	Organooxygen compounds	Carbohydrates and carbohydrate conjugates	N-acyl-alpha-hexosamines	Aliphatic heteromonocyclic compounds	Acetamides;Carbonyl compounds;Carboxylic acids and derivatives;Hydrocarbon derivatives;Monoalkyl phosphates;Monosaccharides;Organic oxides;Organonitrogen compounds;Organopnictogen compounds;Oxacyclic compounds;Oxanes;Primary alcohols;Secondary alcohols;Secondary carboxylic acid amides	Carbonyl group;Monosaccharide;Carboxylic acid derivative;N-acyl-alpha-hexosamine;Organic oxide;Aliphatic heteromonocyclic compound;Organonitrogen compound;Organopnictogen compound;Oxane;Primary alcohol;Organoheterocyclic compound;Acetamide;Alcohol;Carboxamide group;Oxacycle;Secondary carboxylic acid amide;Phosphoric acid ester;Monoalkyl phosphate;Secondary alcohol;Hydrocarbon derivative;Organic nitrogen compound;Organic phosphoric acid derivative;Alkyl phosphate
None	CC1=NC=C(COP(O)(O)=O)C(=N)N1	Organic compounds	Organic acids and derivatives	Organic phosphoric acids and derivatives	Phosphate esters	Monoalkyl phosphates	Aromatic heteromonocyclic compounds	Azacyclic compounds;Heteroaromatic compounds;Hydrocarbon derivatives;Imidolactams;Organic oxides;Organonitrogen compounds;Organooxygen compounds;Organopnictogen compounds;Pyrimidines and pyrimidine derivatives	Aromatic heteromonocyclic compound;Azacycle;Heteroaromatic compound;Pyrimidine;Organic oxide;Organic oxygen compound;Monoalkyl phosphate;Organonitrogen compound;Organopnictogen compound;Hydrocarbon derivative;Organic nitrogen compound;Imidolactam;Organoheterocyclic compound;Organooxygen compound
None	OC[C@H](O)[C@@H](O)C(=O)C(=O)C(O)=O	Organic compounds	Organic acids and derivatives	Keto acids and derivatives	Medium-chain keto acids and derivatives	Medium-chain keto acids and derivatives	Aliphatic acyclic compounds	Acyloins;Alpha-diketones;Alpha-hydroxy ketones;Alpha-keto acids and derivatives;Beta-hydroxy ketones;Beta-keto acids and derivatives;Carboxylic acids;Fatty Acyls;Hydrocarbon derivatives;Hydroxy fatty acids;Monocarboxylic acids and derivatives;Monosaccharides;Organic oxides;Primary alcohols;Secondary alcohols	Fatty acyl;Beta-hydroxy ketone;Aliphatic acyclic compound;Carbonyl group;Carboxylic acid;Monosaccharide;Alpha-hydroxy ketone;Carboxylic acid derivative;Beta-keto acid;Ketone;Saccharide;Organic oxide;Alpha-keto acid;Hydroxy fatty acid;Primary alcohol;Alcohol;Alpha-diketone;Monocarboxylic acid or derivatives;Organic oxygen compound;Acyloin;Secondary alcohol;Hydrocarbon derivative;Organooxygen compound;Medium-chain keto acid
None	CC(O)(C(CC(O)=O)C(O)=O)C(O)=O	Organic compounds	Organic acids and derivatives	Carboxylic acids and derivatives	Tricarboxylic acids and derivatives	Tricarboxylic acids and derivatives	Aliphatic acyclic compounds	Alpha hydroxy acids and derivatives;Carbonyl compounds;Carboxylic acids;Hydrocarbon derivatives;Organic oxides;Tertiary alcohols	Alcohol;Aliphatic acyclic compound;Carbonyl group;Carboxylic acid;Alpha-hydroxy acid;Tricarboxylic acid or derivatives;Hydroxy acid;Tertiary alcohol;Organic oxide;Organic oxygen compound;Hydrocarbon derivative;Organooxygen compound
None	NC(=N)CN(C=O)[C@@H]1O[C@H](COP(O)(O)=O)[C@@H](O)[C@H]1O	Organic compounds	Organic oxygen compounds	Organooxygen compounds	Carbohydrates and carbohydrate conjugates	Pentose phosphates	Aliphatic heteromonocyclic compounds	1,2-diols;Amidines;Carbonyl compounds;Carboximidamides;Carboxylic acids and derivatives;Hydrocarbon derivatives;Monoalkyl phosphates;Monosaccharides;Organic oxides;Organopnictogen compounds;Oxacyclic compounds;Secondary alcohols;Tertiary carboxylic acid amides;Tetrahydrofurans	Carbonyl group;Pentose phosphate;Pentose-5-phosphate;Amidine;Carboxylic acid derivative;Organic oxide;Tertiary carboxylic acid amide;Aliphatic heteromonocyclic compound;Organonitrogen compound;Organopnictogen compound;Organoheterocyclic compound;1,2-diol;Alcohol;Tetrahydrofuran;Carboximidamide;Carboxamide group;Oxacycle;Phosphoric acid ester;Monoalkyl phosphate;Secondary alcohol;Hydrocarbon derivative;Organic nitrogen compound;Organic phosphoric acid derivative;Alkyl phosphate
None	[H][C@@]12C[C@H](O)CC[C@]1(C)C1CC[C@]3(C)C(CCC3C1[C@H](O)C2)C(C)CCCC(C)C(=O)SCCNC(=O)CCNC(=O)C(O)C(C)(C)COP(O)(=O)OP(O)(=O)OC[C@H]1O[C@H]([C@H](O)[C@@H]1OP(O)(O)=O)N1C=NC2=C(N)N=CN=C12	Organic compounds	Lipids and lipid-like molecules	Steroids and steroid derivatives	Hydroxysteroids	3-hydroxysteroids	Aromatic heteropolycyclic compounds	7-hydroxysteroids;Acyl CoAs;Azacyclic compounds;Beta amino acids and derivatives;Bile acids, alcohols and derivatives;Carbonyl compounds;Carbothioic S-esters;Carboxylic acids and derivatives;Coenzyme A and derivatives;Cyclic alcohols and derivatives;Heteroaromatic compounds;Hydrocarbon derivatives;Imidazoles;Imidolactams;Monoalkyl phosphates;Monosaccharides;N-acyl amines;N-substituted imidazoles;Organic oxides;Organic pyrophosphates;Organopnictogen compounds;Oxacyclic compounds;Pentose phosphates;Primary amines;Purine ribonucleoside diphosphates;Purines and purine derivatives;Pyrimidines and pyrimidine derivatives;Ribonucleoside 3'-phosphates;Secondary alcohols;Secondary carboxylic acid amides;Sulfenyl compounds;Tetrahydrofurans;Thioesters;Thiolactones	Amino acid or derivatives;Monosaccharide;Pentose-5-phosphate;Imidazopyrimidine;Bile acid, alcohol, or derivatives;Carbothioic s-ester;Saccharide;Purine ribonucleoside diphosphate;Organonitrogen compound;Organoheterocyclic compound;Alcohol;Sulfenyl compound;Azacycle;Thiocarboxylic acid ester;Heteroaromatic compound;7-hydroxysteroid;Organic pyrophosphate;Secondary carboxylic acid amide;Monoalkyl phosphate;Hydrocarbon derivative;Primary amine;Amine;Fatty acyl;Coenzyme a or derivatives;Carbonyl group;Pentose phosphate;Fatty amide;Organosulfur compound;Carboxylic acid derivative;Pyrimidine;Organic oxide;Aromatic heteropolycyclic compound;Imidazole;Organopnictogen compound;Imidolactam;Fatty acyl thioester;Thiolactone;Azole;N-substituted imidazole;Purine ribonucleoside 3',5'-bisphosphate;Ribonucleoside 3'-phosphate;Thiocarboxylic acid or derivatives;Tetrahydrofuran;3-hydroxysteroid;Cyclic alcohol;Carboxamide group;N-acyl-amine;Beta amino acid or derivatives;Oxacycle;Organic oxygen compound;Phosphoric acid ester;Secondary alcohol;Purine;Organic nitrogen compound;Organic phosphoric acid derivative;Alkyl phosphate;Organooxygen compound
None	O[C@@H]1[C@@H](COP(O)(O)=O)O[C@H]([C@@H]1O)N1C=NC2=C1N=CN=C2S	Organic compounds	Nucleosides, nucleotides, and analogues	Purine nucleotides	Purine ribonucleotides	Purine ribonucleoside monophosphates	Aromatic heteropolycyclic compounds	1,2-diols;Azacyclic compounds;Heteroaromatic compounds;Hydrocarbon derivatives;Imidazoles;Monoalkyl phosphates;Monosaccharides;N-substituted imidazoles;Organic oxides;Organonitrogen compounds;Organopnictogen compounds;Oxacyclic compounds;Pentose phosphates;Purines and purine derivatives;Pyrimidines and pyrimidine derivatives;Secondary alcohols;Tetrahydrofurans;Thiols	Pentose phosphate;Purine ribonucleoside monophosphate;Monosaccharide;Pentose-5-phosphate;Imidazopyrimidine;Organosulfur compound;Pyrimidine;Saccharide;Organic oxide;Aromatic heteropolycyclic compound;Imidazole;Organonitrogen compound;Organopnictogen compound;Organoheterocyclic compound;Azole;1,2-diol;N-substituted imidazole;Alcohol;Azacycle;Tetrahydrofuran;Heteroaromatic compound;Arylthiol;Oxacycle;Organic oxygen compound;Phosphoric acid ester;Monoalkyl phosphate;Secondary alcohol;Hydrocarbon derivative;Purine;Organic nitrogen compound;Organic phosphoric acid derivative;Alkyl phosphate;Organooxygen compound
None	O[C@H](COP(O)(O)=O)[C@@H](O)C1=CNC=N1	Organic compounds	Organic acids and derivatives	Organic phosphoric acids and derivatives	Phosphate esters	Monoalkyl phosphates	Aromatic heteromonocyclic compounds	1,2-diols;Aromatic alcohols;Azacyclic compounds;Heteroaromatic compounds;Hydrocarbon derivatives;Imidazoles;Organic oxides;Organonitrogen compounds;Organopnictogen compounds;Secondary alcohols	Aromatic alcohol;Alcohol;Aromatic heteromonocyclic compound;Azacycle;Heteroaromatic compound;Organic oxide;Organic oxygen compound;Imidazole;Monoalkyl phosphate;Organonitrogen compound;Secondary alcohol;Organopnictogen compound;Hydrocarbon derivative;Organic nitrogen compound;Organoheterocyclic compound;Organooxygen compound;Azole;1,2-diol
None	NC(=O)C1=C(N)N(C=N1)[C@@H]1O[C@H](COP(O)(O)=O)[C@@H](O)[C@H]1O	Organic compounds	Nucleosides, nucleotides, and analogues	Imidazole ribonucleosides and ribonucleotides	1-ribosyl-imidazolecarboxamides	1-ribosyl-imidazolecarboxamides	Aromatic heteromonocyclic compounds	1,2-diols;2-heteroaryl carboxamides;Amino acids and derivatives;Azacyclic compounds;Carbonyl compounds;Carbonylimidazoles;Carboxylic acids and derivatives;Heteroaromatic compounds;Hydrocarbon derivatives;Imidazoles;Monoalkyl phosphates;Monosaccharides;N-substituted imidazoles;Organic oxides;Organopnictogen compounds;Oxacyclic compounds;Pentose phosphates;Primary amines;Primary carboxylic acid amides;Secondary alcohols;Tetrahydrofurans;Vinylogous amides	Primary carboxylic acid amide;Carbonyl group;Aromatic heteromonocyclic compound;Pentose phosphate;Amino acid or derivatives;Monosaccharide;Pentose-5-phosphate;Carboxylic acid derivative;2-heteroaryl carboxamide;Saccharide;Organic oxide;Imidazole;Organonitrogen compound;Organopnictogen compound;Imidazole-4-carbonyl group;Organoheterocyclic compound;Azole;1,2-diol;N-substituted imidazole;Alcohol;Vinylogous amide;Azacycle;Tetrahydrofuran;Heteroaromatic compound;Carboxamide group;1-ribosyl-imidazolecarboxamide;Oxacycle;Organic oxygen compound;Phosphoric acid ester;Monoalkyl phosphate;Secondary alcohol;Hydrocarbon derivative;Primary amine;Organic nitrogen compound;Organic phosphoric acid derivative;Amine;Alkyl phosphate;Organooxygen compound
None	O[C@H](COP(O)(O)=O)[C@@H](O)[C@H](O)CC(=O)C(O)=O	Organic compounds	Organic acids and derivatives	Keto acids and derivatives	Medium-chain keto acids and derivatives	Medium-chain keto acids and derivatives	Aliphatic acyclic compounds	Alpha-hydroxy ketones;Alpha-keto acids and derivatives;Beta-hydroxy ketones;Carboxylic acids;Hydrocarbon derivatives;Monoalkyl phosphates;Monocarboxylic acids and derivatives;Monosaccharides;Organic oxides;Secondary alcohols	Alcohol;Beta-hydroxy ketone;Aliphatic acyclic compound;Carbonyl group;Carboxylic acid;Monosaccharide;Alpha-hydroxy ketone;Carboxylic acid derivative;Ketone;Saccharide;Organic oxide;Monocarboxylic acid or derivatives;Organic oxygen compound;Phosphoric acid ester;Monoalkyl phosphate;Alpha-keto acid;Secondary alcohol;Hydrocarbon derivative;Organic phosphoric acid derivative;Alkyl phosphate;Organooxygen compound;Medium-chain keto acid
None	OC(=O)C=C1OC(=O)C(Cl)=C1	Organic compounds	Organoheterocyclic compounds	Dihydrofurans	Furanones	Butenolides	Aliphatic heteromonocyclic compounds	Carbonyl compounds;Carboxylic acids;Chloroalkenes;Dicarboxylic acids and derivatives;Dihydrofurans;Enoate esters;Enol esters;Hydrocarbon derivatives;Lactones;Organic oxides;Organochlorides;Oxacyclic compounds;Vinyl chlorides	Carbonyl group;Carboxylic acid;Organochloride;Carboxylic acid derivative;Organohalogen compound;Lactone;Alpha,beta-unsaturated carboxylic ester;2-furanone;Organic oxide;Aliphatic heteromonocyclic compound;Enol ester;Enoate ester;Chloroalkene;Oxacycle;Organic oxygen compound;Vinyl halide;Carboxylic acid ester;Haloalkene;Dicarboxylic acid or derivatives;Hydrocarbon derivative;Vinyl chloride;Organooxygen compound
None	NC1=C(NC[C@H](O)[C@H](O)[C@H](O)CO)NC(=O)NC1=O	Organic compounds	Organoheterocyclic compounds	Diazines	Pyrimidines and pyrimidine derivatives	Pyrimidones	Aromatic heteromonocyclic compounds	Azacyclic compounds;Heteroaromatic compounds;Hydrocarbon derivatives;Lactams;Monosaccharides;Organic carbonic acids and derivatives;Organic oxides;Organopnictogen compounds;Primary alcohols;Primary amines;Secondary alcohols;Secondary alkylarylamines;Vinylogous amides	Lactam;Aromatic heteromonocyclic compound;Monosaccharide;Pyrimidone;Saccharide;Organic oxide;Organonitrogen compound;Organopnictogen compound;Primary alcohol;Alcohol;Vinylogous amide;Carbonic acid derivative;Azacycle;Heteroaromatic compound;Secondary amine;Secondary aliphatic/aromatic amine;Organic oxygen compound;Secondary alcohol;Hydrocarbon derivative;Primary amine;Organic nitrogen compound;Amine;Organooxygen compound
None	NC(=O)C1=C(NC=O)N(C=N1)[C@@H]1O[C@H](COP(O)(O)=O)[C@@H](O)[C@H]1O	Organic compounds	Nucleosides, nucleotides, and analogues	Imidazole ribonucleosides and ribonucleotides	1-ribosyl-imidazolecarboxamides	1-ribosyl-imidazolecarboxamides	Aromatic heteromonocyclic compounds	1,2-diols;2-heteroaryl carboxamides;Azacyclic compounds;Carbonyl compounds;Carbonylimidazoles;Carboxylic acids and derivatives;Heteroaromatic compounds;Hydrocarbon derivatives;Imidazoles;Monoalkyl phosphates;Monosaccharides;N-arylamides;N-substituted imidazoles;Organic oxides;Organopnictogen compounds;Oxacyclic compounds;Pentose phosphates;Primary carboxylic acid amides;Secondary alcohols;Secondary carboxylic acid amides;Tetrahydrofurans;Vinylogous amides	Primary carboxylic acid amide;Carbonyl group;Aromatic heteromonocyclic compound;Pentose phosphate;Monosaccharide;Pentose-5-phosphate;N-arylamide;Carboxylic acid derivative;2-heteroaryl carboxamide;Saccharide;Organic oxide;Imidazole;Organonitrogen compound;Organopnictogen compound;Imidazole-4-carbonyl group;Organoheterocyclic compound;Azole;1,2-diol;N-substituted imidazole;Alcohol;Vinylogous amide;Azacycle;Tetrahydrofuran;Heteroaromatic compound;Carboxamide group;1-ribosyl-imidazolecarboxamide;Oxacycle;Secondary carboxylic acid amide;Organic oxygen compound;Phosphoric acid ester;Monoalkyl phosphate;Secondary alcohol;Hydrocarbon derivative;Organic nitrogen compound;Organic phosphoric acid derivative;Alkyl phosphate;Organooxygen compound
None	CCCCCCCCCCCCC\C=C\[C@@H](O)[C@H](CO[C@@H]1O[C@H](CO)[C@@H](O[C@@H]2O[C@H](CO)[C@H](O[C@H]3O[C@H](CO)[C@H](O)[C@H](O)[C@H]3O)[C@H](O)[C@H]2O)[C@H](O)[C@H]1O)NC(=O)CCCCCCCCCCC	Organic compounds	Lipids and lipid-like molecules	Sphingolipids	Glycosphingolipids	Glycosphingolipids	Aliphatic heteromonocyclic compounds	Acetals;Alkyl glycosides;Carbonyl compounds;Carboxylic acids and derivatives;Fatty acyl glycosides of mono- and disaccharides;Hydrocarbon derivatives;Monosaccharides;N-acyl amines;Organic oxides;Organonitrogen compounds;Organopnictogen compounds;Oxacyclic compounds;Oxanes;Primary alcohols;Secondary alcohols;Secondary carboxylic acid amides	Fatty acyl;Fatty acyl glycoside of mono- or disaccharide;Carbonyl group;Fatty amide;Monosaccharide;Glycosphingolipid;Carboxylic acid derivative;Saccharide;Organic oxide;Acetal;Aliphatic heteromonocyclic compound;Organonitrogen compound;Organopnictogen compound;Oxane;Primary alcohol;Organoheterocyclic compound;Alcohol;Fatty acyl glycoside;Carboxamide group;N-acyl-amine;Oxacycle;Secondary carboxylic acid amide;Organic oxygen compound;Secondary alcohol;Hydrocarbon derivative;Organic nitrogen compound;Organooxygen compound;Alkyl glycoside
None	NC1=C(N=CN1[C@@H]1O[C@H](COP(O)(O)=O)[C@@H](O)[C@H]1O)C(O)=O	Organic compounds	Organic oxygen compounds	Organooxygen compounds	Carbohydrates and carbohydrate conjugates	Pentose phosphates	Aromatic heteromonocyclic compounds	1,2-diols;Amino acids;Azacyclic compounds;Carbonyl compounds;Carbonylimidazoles;Carboxylic acids;Heteroaromatic compounds;Hydrocarbon derivatives;Imidazole ribonucleosides and ribonucleotides;Imidazoles;Monoalkyl phosphates;Monocarboxylic acids and derivatives;Monosaccharides;N-substituted imidazoles;Organic oxides;Organopnictogen compounds;Oxacyclic compounds;Primary amines;Secondary alcohols;Tetrahydrofurans;Vinylogous amides	Carbonyl group;Imidazole ribonucleoside;Carboxylic acid;Aromatic heteromonocyclic compound;Pentose phosphate;Amino acid or derivatives;Amino acid;Pentose-5-phosphate;Carboxylic acid derivative;Organic oxide;Imidazole;Organonitrogen compound;Organopnictogen compound;Imidazole-4-carbonyl group;Organoheterocyclic compound;Azole;1,2-diol;N-substituted imidazole;Alcohol;Vinylogous amide;Azacycle;Tetrahydrofuran;Heteroaromatic compound;Oxacycle;Monocarboxylic acid or derivatives;Phosphoric acid ester;Monoalkyl phosphate;Secondary alcohol;Hydrocarbon derivative;Primary amine;Organic nitrogen compound;Organic phosphoric acid derivative;Amine;Alkyl phosphate
None	OP(O)(=O)OP(O)(O)=O.CC1=NC=C(CO)C(N)=N1	Organic compounds	Organic oxygen compounds	Organic oxoanionic compounds	Organic pyrophosphates	Organic pyrophosphates	Aromatic heteromonocyclic compounds	Aromatic alcohols;Azacyclic compounds;Heteroaromatic compounds;Hydrocarbon derivatives;Imidolactams;Organic oxides;Organic phosphoric acids and derivatives;Organopnictogen compounds;Primary amines;Pyrimidines and pyrimidine derivatives	Aromatic alcohol;Alcohol;Aromatic heteromonocyclic compound;Azacycle;Heteroaromatic compound;Organic pyrophosphate;Pyrimidine;Organic oxide;Organonitrogen compound;Organopnictogen compound;Hydrocarbon derivative;Primary amine;Organic nitrogen compound;Imidolactam;Organic phosphoric acid derivative;Amine;Organoheterocyclic compound;Organooxygen compound
None	[H][C@@](CO\C=C/CCCCCCCCCCCCCC)(COP(O)(=O)OCCN)OC(=O)CCCCCCCCCCCCCCC	Organic compounds	Lipids and lipid-like molecules	Glycerophospholipids	Glycerophosphoethanolamines	1-(1Z-alkenyl),2-acylglycerophosphoethanolamines	Aliphatic acyclic compounds	Carbonyl compounds;Carboxylic acid esters;Dialkyl phosphates;Fatty acid esters;Glycerol vinyl ethers;Hydrocarbon derivatives;Monoalkylamines;Monocarboxylic acids and derivatives;Organic oxides;Organonitrogen compounds;Organopnictogen compounds;Phosphoethanolamines	Fatty acyl;Glycerol vinyl ether;Aliphatic acyclic compound;Carbonyl group;Carboxylic acid derivative;Phosphoethanolamine;Organic oxide;Organonitrogen compound;Organopnictogen compound;1-(1Z-alkenyl),2-acylglycerophosphoethanolamine;Fatty acid ester;Dialkyl phosphate;Monocarboxylic acid or derivatives;Organic oxygen compound;Phosphoric acid ester;Carboxylic acid ester;Hydrocarbon derivative;Primary aliphatic amine;Organic nitrogen compound;Organic phosphoric acid derivative;Alkyl phosphate;Organooxygen compound
None	CC1=CC2=C(C=C1C)N(C=N2)[C@H]1O[C@H](COP(O)(O)=O)[C@@H](O)[C@H]1O	Organic compounds	Nucleosides, nucleotides, and analogues	Benzimidazole ribonucleosides and ribonucleotides	Benzimidazole ribonucleosides and ribonucleotides	Benzimidazole ribonucleosides and ribonucleotides	Aromatic heteropolycyclic compounds	1,2-diols;Azacyclic compounds;Benzenoids;Benzimidazoles;Heteroaromatic compounds;Hydrocarbon derivatives;Imidazoles;Monoalkyl phosphates;Monosaccharides;N-substituted imidazoles;Organic oxides;Organonitrogen compounds;Organopnictogen compounds;Oxacyclic compounds;Pentose phosphates;Secondary alcohols;Tetrahydrofurans	Pentose phosphate;Monosaccharide;Pentose-5-phosphate;Saccharide;Organic oxide;Aromatic heteropolycyclic compound;Benzimidazole;Imidazole;Organonitrogen compound;Organopnictogen compound;Organoheterocyclic compound;Azole;1,2-diol;N-substituted imidazole;Alcohol;Azacycle;1-ribofuranosylbenzimidazole;Tetrahydrofuran;Heteroaromatic compound;Oxacycle;Organic oxygen compound;Phosphoric acid ester;Monoalkyl phosphate;Secondary alcohol;Hydrocarbon derivative;Benzenoid;Organic nitrogen compound;Organic phosphoric acid derivative;Alkyl phosphate;Organooxygen compound
None	NC1=C(N=CN1[C@@H]1O[C@H](COP(O)(O)=O)[C@@H](O)[C@H]1O)C(=O)N[C@@H](CC(O)=O)C(O)=O	Organic compounds	Nucleosides, nucleotides, and analogues	Imidazole ribonucleosides and ribonucleotides	1-ribosyl-imidazolecarboxamides	1-ribosyl-imidazolecarboxamides	Aromatic heteromonocyclic compounds	1,2-diols;2-heteroaryl carboxamides;Alpha amino acids;Amino acids;Aspartic acid and derivatives;Azacyclic compounds;Carbonyl compounds;Carbonylimidazoles;Carboxylic acids;Dicarboxylic acids and derivatives;Heteroaromatic compounds;Hydrocarbon derivatives;Imidazoles;Monoalkyl phosphates;Monosaccharides;N-acyl-alpha amino acids;N-substituted imidazoles;Organic oxides;Organopnictogen compounds;Oxacyclic compounds;Pentose phosphates;Primary amines;Secondary alcohols;Secondary carboxylic acid amides;Tetrahydrofurans;Vinylogous amides	Carbonyl group;Carboxylic acid;Aromatic heteromonocyclic compound;Pentose phosphate;Amino acid or derivatives;Amino acid;Monosaccharide;Pentose-5-phosphate;Alpha-amino acid or derivatives;Carboxylic acid derivative;2-heteroaryl carboxamide;Saccharide;Organic oxide;Imidazole;Organonitrogen compound;Alpha-amino acid;Organopnictogen compound;Imidazole-4-carbonyl group;Organoheterocyclic compound;Azole;1,2-diol;N-substituted imidazole;N-acyl-alpha amino acid or derivatives;Alcohol;Vinylogous amide;Azacycle;N-acyl-alpha-amino acid;Tetrahydrofuran;Heteroaromatic compound;Carboxamide group;1-ribosyl-imidazolecarboxamide;Oxacycle;Secondary carboxylic acid amide;Organic oxygen compound;Phosphoric acid ester;Monoalkyl phosphate;Aspartic acid or derivatives;Secondary alcohol;Dicarboxylic acid or derivatives;Hydrocarbon derivative;Primary amine;Organic nitrogen compound;Organic phosphoric acid derivative;Amine;Alkyl phosphate;Organooxygen compound
None	CCCCCCCCCCC(O)CC(=O)N1C(OC(=O)C(O)CCCCCCCCCCC)(O)C(CO)O1OP(=O)(O)O	Organic compounds	Lipids and lipid-like molecules	Fatty Acyls	Fatty acid esters	Fatty acid esters	Aliphatic heteromonocyclic compounds	Alkanolamines;Azacyclic compounds;Carbonyl compounds;Carboxylic acid esters;Hydrocarbon derivatives;Monocarboxylic acids and derivatives;Monosaccharides;Organic oxides;Organic phosphoric acids and derivatives;Organonitrogen compounds;Organopnictogen compounds;Orthocarboxylic acid derivatives;Oxacyclic compounds;Primary alcohols;Secondary alcohols	Carbonyl group;Monosaccharide;Carboxylic acid derivative;Saccharide;Organic oxide;Aliphatic heteromonocyclic compound;Organonitrogen compound;Organopnictogen compound;Orthocarboxylic acid derivative;Primary alcohol;Organoheterocyclic compound;Alkanolamine;Alcohol;Azacycle;Oxacycle;Fatty acid ester;Monocarboxylic acid or derivatives;Organic oxygen compound;Carboxylic acid ester;Secondary alcohol;Hydrocarbon derivative;Organic nitrogen compound;Organic phosphoric acid derivative;Organooxygen compound
None	NC1=NC(=O)C2=C(NCC(=N2)[C@H](O)[C@H](O)CO)N1	Organic compounds	Organoheterocyclic compounds	Pteridines and derivatives	Pterins and derivatives	Pterins and derivatives	Aromatic heteropolycyclic compounds	Azacyclic compounds;Heteroaromatic compounds;Hydrocarbon derivatives;Ketimines;Organic oxides;Organopnictogen compounds;Primary alcohols;Primary amines;Propargyl-type 1,3-dipolar organic compounds;Pyrimidones;Secondary alcohols;Secondary alkylarylamines;Vinylogous amides	Ketimine;Imine;Pyrimidone;Pyrimidine;Propargyl-type 1,3-dipolar organic compound;Organic oxide;Aromatic heteropolycyclic compound;Organonitrogen compound;Organopnictogen compound;Primary alcohol;Alcohol;Vinylogous amide;Pterin;Azacycle;Heteroaromatic compound;Organic 1,3-dipolar compound;Secondary amine;Secondary aliphatic/aromatic amine;Organic oxygen compound;Secondary alcohol;Hydrocarbon derivative;Primary amine;Organic nitrogen compound;Amine;Organooxygen compound
None	NC1=NC(=O)C2=C(NCC(=N2)[C@H](O)[C@H](O)COP(O)(=O)OP(O)(=O)OP(O)(O)=O)N1	Organic compounds	Organoheterocyclic compounds	Pteridines and derivatives	Pterins and derivatives	Pterins and derivatives	Aromatic heteropolycyclic compounds	1,2-diols;Azacyclic compounds;Heteroaromatic compounds;Hydrocarbon derivatives;Ketimines;Monoalkyl phosphates;Organic oxides;Organopnictogen compounds;Primary amines;Propargyl-type 1,3-dipolar organic compounds;Pyrimidones;Secondary alcohols;Secondary alkylarylamines;Vinylogous amides	Ketimine;Imine;Pyrimidone;Pyrimidine;Propargyl-type 1,3-dipolar organic compound;Organic oxide;Aromatic heteropolycyclic compound;Organonitrogen compound;Organopnictogen compound;1,2-diol;Alcohol;Vinylogous amide;Pterin;Azacycle;Heteroaromatic compound;Organic 1,3-dipolar compound;Secondary amine;Secondary aliphatic/aromatic amine;Organic oxygen compound;Phosphoric acid ester;Monoalkyl phosphate;Secondary alcohol;Hydrocarbon derivative;Primary amine;Organic nitrogen compound;Organic phosphoric acid derivative;Amine;Alkyl phosphate;Organooxygen compound
None	NC(=O)C1=C(\N=C\N[C@@H]2O[C@H](COP(O)(O)=O)[C@@H](O)[C@H]2O)N(C=N1)[C@@H]1O[C@H](COP(O)(O)=O)[C@@H](O)[C@H]1O	Organic compounds	Nucleosides, nucleotides, and analogues	Imidazole ribonucleosides and ribonucleotides	1-ribosyl-imidazolecarboxamides	1-ribosyl-imidazolecarboxamides	Aromatic heteromonocyclic compounds	2-heteroaryl carboxamides;Azacyclic compounds;Carbonyl compounds;Carbonylimidazoles;Carboxylic acids and derivatives;Formamidines;Heteroaromatic compounds;Hydrocarbon derivatives;Imidazoles;Monoalkyl phosphates;Monosaccharides;N-substituted imidazoles;Organic oxides;Organopnictogen compounds;Oxacyclic compounds;Pentose phosphates;Primary carboxylic acid amides;Propargyl-type 1,3-dipolar organic compounds;Secondary alcohols;Tetrahydrofurans;Vinylogous amides	Primary carboxylic acid amide;Carbonyl group;Aromatic heteromonocyclic compound;Pentose phosphate;Monosaccharide;Pentose-5-phosphate;Amidine;Carboxylic acid derivative;2-heteroaryl carboxamide;Propargyl-type 1,3-dipolar organic compound;Saccharide;Organic oxide;Imidazole;Organonitrogen compound;Organopnictogen compound;Imidazole-4-carbonyl group;Organoheterocyclic compound;Azole;N-substituted imidazole;Alcohol;Vinylogous amide;Azacycle;Tetrahydrofuran;Heteroaromatic compound;Organic 1,3-dipolar compound;Carboxamide group;1-ribosyl-imidazolecarboxamide;Formamidine;Oxacycle;Organic oxygen compound;Phosphoric acid ester;Monoalkyl phosphate;Secondary alcohol;Hydrocarbon derivative;Organic nitrogen compound;Organic phosphoric acid derivative;Alkyl phosphate;Organooxygen compound
None	O[C@@H]1[C@@H](O)[C@H](O[C@@H]2[C@@H](O)[C@H](O)[C@H](O[C@H]2OC2=CC(O)=C3C(=O)C=C(OC3=C2)C2=CC(O)=C(O[C@@H]3O[C@@H]([C@@H](O)[C@H](O)[C@H]3O)C(O)=O)C=C2)C(O)=O)O[C@@H]([C@H]1O)C(O)=O	Organic compounds	Phenylpropanoids and polyketides	Flavonoids	Flavonoid glycosides	Flavonoid-7-O-glucuronides	Aromatic heteropolycyclic compounds	1-hydroxy-2-unsubstituted benzenoids;1-hydroxy-4-unsubstituted benzenoids;3'-hydroxyflavonoids;5-hydroxyflavonoids;Acetals;Beta hydroxy acids and derivatives;Carbonyl compounds;Carboxylic acids;Chromones;Flavonoid-7-O-glycosides;Flavonoids;Glucuronic acid derivatives;Heteroaromatic compounds;Hydrocarbon derivatives;Monosaccharides;O-glucuronides;Organic oxides;Oxacyclic compounds;Oxanes;Phenol ethers;Phenoxy compounds;Pyran carboxylic acids;Pyranones and derivatives;Secondary alcohols;Tricarboxylic acids and derivatives;Vinylogous acids	Phenol ether;Monocyclic benzene moiety;Carbonyl group;Carboxylic acid;Glucuronic acid or derivatives;1-benzopyran;O-glucuronide;1-hydroxy-2-unsubstituted benzenoid;Monosaccharide;Tricarboxylic acid or derivatives;Carboxylic acid derivative;Pyran carboxylic acid;1-o-glucuronide;Beta-hydroxy acid;Saccharide;Organic oxide;Acetal;Chromone;Aromatic heteropolycyclic compound;Pyranone;Oxane;Organoheterocyclic compound;Flavonoid-7-o-glycoside;Alcohol;Benzopyran;Pyran carboxylic acid or derivatives;Heteroaromatic compound;5-hydroxyflavonoid;Hydroxy acid;1-hydroxy-4-unsubstituted benzenoid;3'-hydroxyflavonoid;Oxacycle;Vinylogous acid;Organic oxygen compound;Pyran;Flavonoid-7-o-glucuronide;Secondary alcohol;Phenol;Hydrocarbon derivative;Benzenoid;Phenoxy compound;Organooxygen compound
None	NC(=O)C1=C(\N=C\NCC(=O)[C@H](O)[C@H](O)COP(O)(O)=O)N(C=N1)[C@@H]1O[C@H](COP(O)(O)=O)[C@@H](O)[C@H]1O	Organic compounds	Nucleosides, nucleotides, and analogues	Imidazole ribonucleosides and ribonucleotides	1-ribosyl-imidazolecarboxamides	1-ribosyl-imidazolecarboxamides	Aromatic heteromonocyclic compounds	2-heteroaryl carboxamides;Acyloins;Alpha-hydroxy ketones;Azacyclic compounds;Beta-hydroxy ketones;Carbonylimidazoles;Carboxylic acids and derivatives;Formamidines;Heteroaromatic compounds;Hydrocarbon derivatives;Imidazoles;Monoalkyl phosphates;Monosaccharides;N-substituted imidazoles;Organic oxides;Organopnictogen compounds;Oxacyclic compounds;Pentose phosphates;Primary carboxylic acid amides;Propargyl-type 1,3-dipolar organic compounds;Secondary alcohols;Tetrahydrofurans;Vinylogous amides	Primary carboxylic acid amide;Beta-hydroxy ketone;Carbonyl group;Aromatic heteromonocyclic compound;Pentose phosphate;Pentose-5-phosphate;Monosaccharide;Amidine;Alpha-hydroxy ketone;Carboxylic acid derivative;2-heteroaryl carboxamide;Propargyl-type 1,3-dipolar organic compound;Ketone;Saccharide;Organic oxide;Imidazole;Organonitrogen compound;Organopnictogen compound;Imidazole-4-carbonyl group;Organoheterocyclic compound;Azole;N-substituted imidazole;Alcohol;Vinylogous amide;Azacycle;Tetrahydrofuran;Heteroaromatic compound;Organic 1,3-dipolar compound;Carboxamide group;1-ribosyl-imidazolecarboxamide;Formamidine;Oxacycle;Organic oxygen compound;Phosphoric acid ester;Monoalkyl phosphate;Acyloin;Secondary alcohol;Hydrocarbon derivative;Organic nitrogen compound;Organic phosphoric acid derivative;Alkyl phosphate;Organooxygen compound
None	CO[C@@H]1[C@@H](OC(N)=O)[C@@H](O)[C@H](OC2=C(C)C3=C(C=C2)C(O)=C(NC(=O)C2=CC=C(O)C(CC=C(C)C)=C2)C(=O)O3)OC1(C)C	Organic compounds	Phenylpropanoids and polyketides	Coumarins and derivatives	Coumarin glycosides	Coumarin glycosides	Aromatic heteropolycyclic compounds	1-benzopyrans;1-hydroxy-2-unsubstituted benzenoids;4-hydroxycoumarins;Acetals;Benzamides;Benzoyl derivatives;Carbamate esters;Carbonyl compounds;Carboxylic acids and derivatives;Dialkyl ethers;Heteroaromatic compounds;Hydrocarbon derivatives;Lactones;Monosaccharides;Organic carbonic acids and derivatives;Organic oxides;Organonitrogen compounds;Organopnictogen compounds;Oxacyclic compounds;Oxanes;Phenol ethers;Pyranones and derivatives;Secondary alcohols;Secondary carboxylic acid amides;Vinylogous acids	Coumarin-7-O-glycoside;Phenol ether;Monocyclic benzene moiety;Carbonyl group;Ether;Coumarin o-glycoside;1-benzopyran;Benzoyl;1-hydroxy-2-unsubstituted benzenoid;Monosaccharide;Carboxylic acid derivative;Dialkyl ether;Benzamide;Lactone;Saccharide;Organic oxide;Acetal;Aromatic heteropolycyclic compound;Organonitrogen compound;Pyranone;Organopnictogen compound;Oxane;Organoheterocyclic compound;4-hydroxycoumarin;Alcohol;Benzopyran;Carbonic acid derivative;Heteroaromatic compound;Carbamic acid ester;Benzoic acid or derivatives;Carboxamide group;Oxacycle;Secondary carboxylic acid amide;Vinylogous acid;Organic oxygen compound;Pyran;Secondary alcohol;Phenol;Hydrocarbon derivative;Benzenoid;Organic nitrogen compound;Organooxygen compound
None	OCCS(O)(=O)=O	Organic compounds	Organic acids and derivatives	Organic sulfonic acids and derivatives	Organosulfonic acids and derivatives	Organosulfonic acids	Aliphatic acyclic compounds	Alcohols and polyols;Hydrocarbon derivatives;Organic oxides;Sulfonyls	Alcohol;Aliphatic acyclic compound;Organic oxide;Sulfonyl;Organic oxygen compound;Organosulfonic acid;Hydrocarbon derivative;Organosulfur compound;Organooxygen compound
None	CC(O)C1=[N+](CC2=CN=C(C)N=C2N)C(C)=C(CCOP(O)(=O)OP(O)(O)=O)S1	Organic compounds	Organoheterocyclic compounds	Diazines	Pyrimidines and pyrimidine derivatives	Thiamine phosphates	Aromatic heteromonocyclic compounds	2,4,5-trisubstituted thiazoles;Aromatic alcohols;Azacyclic compounds;Heteroaromatic compounds;Hydrocarbon derivatives;Imidolactams;Monoalkyl phosphates;Organic cations;Organic oxides;Organic pyrophosphates;Organopnictogen compounds;Primary amines;Secondary alcohols	Aromatic alcohol;Aromatic heteromonocyclic compound;2,4,5-trisubstituted 1,3-thiazole;Organic oxide;Organonitrogen compound;Organopnictogen compound;Organic cation;Imidolactam;Thiamine-phosphate;Azole;Alcohol;Azacycle;Heteroaromatic compound;Organic pyrophosphate;Organic oxygen compound;Phosphoric acid ester;Monoalkyl phosphate;Secondary alcohol;Hydrocarbon derivative;Primary amine;Organic nitrogen compound;Thiazole;Organic phosphoric acid derivative;Amine;Alkyl phosphate;Organooxygen compound
None	OC[C@H]1O[C@@H](O[C@H](C#N)C2=CC=C(O)C=C2)[C@H](O)[C@@H](O)[C@@H]1O	Organic compounds	Organic oxygen compounds	Organooxygen compounds	Carbohydrates and carbohydrate conjugates	Cyanogenic glycosides	Aromatic heteromonocyclic compounds	1-hydroxy-2-unsubstituted benzenoids;Acetals;Benzene and substituted derivatives;Hydrocarbon derivatives;Monosaccharides;Nitriles;Organonitrogen compounds;Organopnictogen compounds;Oxacyclic compounds;Oxanes;Primary alcohols;Secondary alcohols	Alcohol;Monocyclic benzene moiety;Nitrile;Aromatic heteromonocyclic compound;1-hydroxy-2-unsubstituted benzenoid;Monosaccharide;Oxacycle;Acetal;Organonitrogen compound;Cyanogenic glycoside;Secondary alcohol;Organopnictogen compound;Phenol;Hydrocarbon derivative;Benzenoid;Organic nitrogen compound;Oxane;Primary alcohol;Carbonitrile;Organoheterocyclic compound
None	OP(O)(O)=[Se]	Organic compounds	Organic oxygen compounds		Organic oxygen compounds	Organic oxygen compounds	Acyclic compounds		Organic oxygen compound;Acyclic compound
None	C[C@H]1O[C@H]([C@H](O)[C@@H]1O)N1C=NC2=C(N)N=CN=C12	Organic compounds	Nucleosides, nucleotides, and analogues	5'-deoxyribonucleosides	5'-deoxyribonucleosides	5'-deoxyribonucleosides	Aromatic heteropolycyclic compounds	1,2-diols;Azacyclic compounds;Heteroaromatic compounds;Hydrocarbon derivatives;Imidazoles;Imidolactams;Monosaccharides;N-substituted imidazoles;Organopnictogen compounds;Oxacyclic compounds;Primary amines;Purines and purine derivatives;Pyrimidines and pyrimidine derivatives;Secondary alcohols;Tetrahydrofurans	Monosaccharide;Imidazopyrimidine;Pyrimidine;Saccharide;Aromatic heteropolycyclic compound;Imidazole;Organonitrogen compound;Organopnictogen compound;Imidolactam;Organoheterocyclic compound;Azole;1,2-diol;N-substituted imidazole;Alcohol;5'-deoxyribonucleoside;Azacycle;Tetrahydrofuran;Heteroaromatic compound;Oxacycle;Organic oxygen compound;Secondary alcohol;Hydrocarbon derivative;Primary amine;Purine;Organic nitrogen compound;Amine;Organooxygen compound
None	CC(=O)CO	Organic compounds	Organic oxygen compounds	Organooxygen compounds	Carbonyl compounds	Alpha-hydroxy ketones	Aliphatic acyclic compounds	Alcohols and polyols;Hydrocarbon derivatives;Organic oxides	Alcohol;Aliphatic acyclic compound;Organic oxide;Hydrocarbon derivative;Alpha-hydroxy ketone
None	CCCCCCCCCCCCC[C@H](O)CC(=O)SCCNC(=O)CCNC(=O)C(O)C(C)(C)COP(O)(=O)OP(O)(=O)OC[C@H]1O[C@H]([C@H](O)[C@@H]1OP(O)(O)=O)N1C=NC2=C(N)N=CN=C12	Organic compounds	Lipids and lipid-like molecules	Fatty Acyls	Fatty acyl thioesters	Acyl CoAs	Aromatic heteropolycyclic compounds	Azacyclic compounds;Beta amino acids and derivatives;Carbonyl compounds;Carbothioic S-esters;Carboxylic acids and derivatives;Coenzyme A and derivatives;Heteroaromatic compounds;Hydrocarbon derivatives;Imidazoles;Imidolactams;Monoalkyl phosphates;Monosaccharides;N-acyl amines;N-substituted imidazoles;Organic oxides;Organic pyrophosphates;Organopnictogen compounds;Oxacyclic compounds;Pentose phosphates;Primary amines;Purine ribonucleoside diphosphates;Purines and purine derivatives;Pyrimidines and pyrimidine derivatives;Ribonucleoside 3'-phosphates;Secondary alcohols;Secondary carboxylic acid amides;Sulfenyl compounds;Tetrahydrofurans;Thioesters;Thiolactones	Amino acid or derivatives;Monosaccharide;Pentose-5-phosphate;Imidazopyrimidine;Carbothioic s-ester;Saccharide;Purine ribonucleoside diphosphate;Organonitrogen compound;Organoheterocyclic compound;Alcohol;Sulfenyl compound;Azacycle;Thiocarboxylic acid ester;Heteroaromatic compound;Organic pyrophosphate;Secondary carboxylic acid amide;Monoalkyl phosphate;Hydrocarbon derivative;Primary amine;Amine;Coenzyme a or derivatives;Carbonyl group;Pentose phosphate;Fatty amide;Organosulfur compound;Carboxylic acid derivative;Pyrimidine;Organic oxide;Aromatic heteropolycyclic compound;Imidazole;Organopnictogen compound;Imidolactam;Thiolactone;Azole;N-substituted imidazole;Purine ribonucleoside 3',5'-bisphosphate;Ribonucleoside 3'-phosphate;Thiocarboxylic acid or derivatives;Tetrahydrofuran;Carboxamide group;N-acyl-amine;Beta amino acid or derivatives;Oxacycle;Organic oxygen compound;Phosphoric acid ester;Secondary alcohol;Purine;Organic nitrogen compound;Organic phosphoric acid derivative;Alkyl phosphate;Organooxygen compound
None	CCCCCCCCCCCCCC(=O)CC(=O)SCCNC(=O)CCNC(=O)C(O)C(C)(C)COP(O)(=O)OP(O)(=O)OC[C@H]1O[C@H]([C@H](O)[C@@H]1OP(O)(O)=O)N1C=NC2=C(N)N=CN=C12	Organic compounds	Lipids and lipid-like molecules	Fatty Acyls	Fatty acyl thioesters	3-oxo-acyl CoAs	Aromatic heteropolycyclic compounds	Azacyclic compounds;Beta amino acids and derivatives;Carbothioic S-esters;Carboxylic acids and derivatives;Coenzyme A and derivatives;Heteroaromatic compounds;Hydrocarbon derivatives;Imidazoles;Imidolactams;Ketones;Monoalkyl phosphates;Monosaccharides;N-acyl amines;N-substituted imidazoles;Organic oxides;Organic pyrophosphates;Organopnictogen compounds;Oxacyclic compounds;Pentose phosphates;Primary amines;Purine ribonucleoside diphosphates;Purines and purine derivatives;Pyrimidines and pyrimidine derivatives;Ribonucleoside 3'-phosphates;Secondary alcohols;Secondary carboxylic acid amides;Sulfenyl compounds;Tetrahydrofurans;Thioesters;Thiolactones	Amino acid or derivatives;Monosaccharide;Pentose-5-phosphate;Imidazopyrimidine;Carbothioic s-ester;Ketone;Saccharide;Purine ribonucleoside diphosphate;Organonitrogen compound;Organoheterocyclic compound;Alcohol;Sulfenyl compound;Azacycle;Thiocarboxylic acid ester;Heteroaromatic compound;Organic pyrophosphate;Secondary carboxylic acid amide;Monoalkyl phosphate;Hydrocarbon derivative;Primary amine;Amine;Coenzyme a or derivatives;Carbonyl group;Pentose phosphate;Fatty amide;Organosulfur compound;Carboxylic acid derivative;Pyrimidine;Organic oxide;Aromatic heteropolycyclic compound;Imidazole;Organopnictogen compound;Imidolactam;Thiolactone;Azole;N-substituted imidazole;Purine ribonucleoside 3',5'-bisphosphate;Ribonucleoside 3'-phosphate;Thiocarboxylic acid or derivatives;Tetrahydrofuran;Carboxamide group;N-acyl-amine;Beta amino acid or derivatives;Oxacycle;Organic oxygen compound;Phosphoric acid ester;Secondary alcohol;Purine;Organic nitrogen compound;Organic phosphoric acid derivative;Alkyl phosphate;Organooxygen compound
None	CCCCCCCCCCC[C@H](O)CC(=O)SCCNC(=O)CCNC(=O)C(O)C(C)(C)COP(O)(=O)OP(O)(=O)OC[C@H]1O[C@H]([C@H](O)[C@@H]1OP(O)(O)=O)N1C=NC2=C(N)N=CN=C12	Organic compounds	Lipids and lipid-like molecules	Fatty Acyls	Fatty acyl thioesters	Acyl CoAs	Aromatic heteropolycyclic compounds	Azacyclic compounds;Beta amino acids and derivatives;Carbonyl compounds;Carbothioic S-esters;Carboxylic acids and derivatives;Coenzyme A and derivatives;Heteroaromatic compounds;Hydrocarbon derivatives;Imidazoles;Imidolactams;Monoalkyl phosphates;Monosaccharides;N-acyl amines;N-substituted imidazoles;Organic oxides;Organic pyrophosphates;Organopnictogen compounds;Oxacyclic compounds;Pentose phosphates;Primary amines;Purine ribonucleoside diphosphates;Purines and purine derivatives;Pyrimidines and pyrimidine derivatives;Ribonucleoside 3'-phosphates;Secondary alcohols;Secondary carboxylic acid amides;Sulfenyl compounds;Tetrahydrofurans;Thioesters;Thiolactones	Amino acid or derivatives;Monosaccharide;Pentose-5-phosphate;Imidazopyrimidine;Carbothioic s-ester;Saccharide;Purine ribonucleoside diphosphate;Organonitrogen compound;Organoheterocyclic compound;Alcohol;Sulfenyl compound;Azacycle;Thiocarboxylic acid ester;Heteroaromatic compound;Organic pyrophosphate;Secondary carboxylic acid amide;Monoalkyl phosphate;Hydrocarbon derivative;Primary amine;Amine;Coenzyme a or derivatives;Carbonyl group;Pentose phosphate;Fatty amide;Organosulfur compound;Carboxylic acid derivative;Pyrimidine;Organic oxide;Aromatic heteropolycyclic compound;Imidazole;Organopnictogen compound;Imidolactam;Thiolactone;Azole;N-substituted imidazole;Purine ribonucleoside 3',5'-bisphosphate;Ribonucleoside 3'-phosphate;Thiocarboxylic acid or derivatives;Tetrahydrofuran;Carboxamide group;N-acyl-amine;Beta amino acid or derivatives;Oxacycle;Organic oxygen compound;Phosphoric acid ester;Secondary alcohol;Purine;Organic nitrogen compound;Organic phosphoric acid derivative;Alkyl phosphate;Organooxygen compound
None	CCCCCCCCCCCC(=O)CC(=O)SCCNC(=O)CCNC(=O)[C@H](O)C(C)(C)COP(O)(=O)OP(O)(=O)OC[C@H]1O[C@H]([C@H](O)[C@@H]1OP(O)(O)=O)N1C=NC2=C1N=CN=C2N	Organic compounds	Lipids and lipid-like molecules	Fatty Acyls	Fatty acyl thioesters	3-oxo-acyl CoAs	Aromatic heteropolycyclic compounds	Azacyclic compounds;Beta amino acids and derivatives;Carbothioic S-esters;Carboxylic acids and derivatives;Coenzyme A and derivatives;Heteroaromatic compounds;Hydrocarbon derivatives;Imidazoles;Imidolactams;Ketones;Monoalkyl phosphates;Monosaccharides;N-acyl amines;N-substituted imidazoles;Organic oxides;Organic pyrophosphates;Organopnictogen compounds;Oxacyclic compounds;Pentose phosphates;Primary amines;Purine ribonucleoside diphosphates;Purines and purine derivatives;Pyrimidines and pyrimidine derivatives;Ribonucleoside 3'-phosphates;Secondary alcohols;Secondary carboxylic acid amides;Sulfenyl compounds;Tetrahydrofurans;Thioesters;Thiolactones	Amino acid or derivatives;Monosaccharide;Pentose-5-phosphate;Imidazopyrimidine;Carbothioic s-ester;Ketone;Saccharide;Purine ribonucleoside diphosphate;Organonitrogen compound;Organoheterocyclic compound;Alcohol;Sulfenyl compound;Azacycle;Thiocarboxylic acid ester;Heteroaromatic compound;Organic pyrophosphate;Secondary carboxylic acid amide;Monoalkyl phosphate;Hydrocarbon derivative;Primary amine;Amine;Coenzyme a or derivatives;Carbonyl group;Pentose phosphate;Fatty amide;Organosulfur compound;Carboxylic acid derivative;Pyrimidine;Organic oxide;Aromatic heteropolycyclic compound;Imidazole;Organopnictogen compound;Imidolactam;Thiolactone;Azole;N-substituted imidazole;Purine ribonucleoside 3',5'-bisphosphate;Ribonucleoside 3'-phosphate;Thiocarboxylic acid or derivatives;Tetrahydrofuran;Carboxamide group;N-acyl-amine;Beta amino acid or derivatives;Oxacycle;Organic oxygen compound;Phosphoric acid ester;Secondary alcohol;Purine;Organic nitrogen compound;Organic phosphoric acid derivative;Alkyl phosphate;Organooxygen compound
None	CCCCCCCCC[C@H](O)CC(=O)SCCNC(=O)CCNC(=O)C(O)C(C)(C)COP(O)(=O)OP(O)(=O)OC[C@H]1O[C@H]([C@H](O)[C@@H]1OP(O)(O)=O)N1C=NC2=C(N)N=CN=C12	Organic compounds	Lipids and lipid-like molecules	Fatty Acyls	Fatty acyl thioesters	Acyl CoAs	Aromatic heteropolycyclic compounds	Azacyclic compounds;Beta amino acids and derivatives;Carbonyl compounds;Carbothioic S-esters;Carboxylic acids and derivatives;Coenzyme A and derivatives;Heteroaromatic compounds;Hydrocarbon derivatives;Imidazoles;Imidolactams;Monoalkyl phosphates;Monosaccharides;N-acyl amines;N-substituted imidazoles;Organic oxides;Organic pyrophosphates;Organopnictogen compounds;Oxacyclic compounds;Pentose phosphates;Primary amines;Purine ribonucleoside diphosphates;Purines and purine derivatives;Pyrimidines and pyrimidine derivatives;Ribonucleoside 3'-phosphates;Secondary alcohols;Secondary carboxylic acid amides;Sulfenyl compounds;Tetrahydrofurans;Thioesters;Thiolactones	Amino acid or derivatives;Monosaccharide;Pentose-5-phosphate;Imidazopyrimidine;Carbothioic s-ester;Saccharide;Purine ribonucleoside diphosphate;Organonitrogen compound;Organoheterocyclic compound;Alcohol;Sulfenyl compound;Azacycle;Thiocarboxylic acid ester;Heteroaromatic compound;Organic pyrophosphate;Secondary carboxylic acid amide;Monoalkyl phosphate;Hydrocarbon derivative;Primary amine;Amine;Coenzyme a or derivatives;Carbonyl group;Pentose phosphate;Fatty amide;Organosulfur compound;Carboxylic acid derivative;Pyrimidine;Organic oxide;Aromatic heteropolycyclic compound;Imidazole;Organopnictogen compound;Imidolactam;Thiolactone;Azole;N-substituted imidazole;Purine ribonucleoside 3',5'-bisphosphate;Ribonucleoside 3'-phosphate;Thiocarboxylic acid or derivatives;Tetrahydrofuran;Carboxamide group;N-acyl-amine;Beta amino acid or derivatives;Oxacycle;Organic oxygen compound;Phosphoric acid ester;Secondary alcohol;Purine;Organic nitrogen compound;Organic phosphoric acid derivative;Alkyl phosphate;Organooxygen compound
None	CCCCCCCCCC(=O)CC(=O)SCCNC(=O)CCNC(=O)C(O)C(C)(C)COP(O)(=O)OP(O)(=O)OC[C@H]1O[C@H]([C@H](O)[C@@H]1OP(O)(O)=O)N1C=NC2=C(N)N=CN=C12	Organic compounds	Lipids and lipid-like molecules	Fatty Acyls	Fatty acyl thioesters	3-oxo-acyl CoAs	Aromatic heteropolycyclic compounds	Azacyclic compounds;Beta amino acids and derivatives;Carbothioic S-esters;Carboxylic acids and derivatives;Coenzyme A and derivatives;Heteroaromatic compounds;Hydrocarbon derivatives;Imidazoles;Imidolactams;Ketones;Monoalkyl phosphates;Monosaccharides;N-acyl amines;N-substituted imidazoles;Organic oxides;Organic pyrophosphates;Organopnictogen compounds;Oxacyclic compounds;Pentose phosphates;Primary amines;Purine ribonucleoside diphosphates;Purines and purine derivatives;Pyrimidines and pyrimidine derivatives;Ribonucleoside 3'-phosphates;Secondary alcohols;Secondary carboxylic acid amides;Sulfenyl compounds;Tetrahydrofurans;Thioesters;Thiolactones	Amino acid or derivatives;Monosaccharide;Pentose-5-phosphate;Imidazopyrimidine;Carbothioic s-ester;Ketone;Saccharide;Purine ribonucleoside diphosphate;Organonitrogen compound;Organoheterocyclic compound;Alcohol;Sulfenyl compound;Azacycle;Thiocarboxylic acid ester;Heteroaromatic compound;Organic pyrophosphate;Secondary carboxylic acid amide;Monoalkyl phosphate;Hydrocarbon derivative;Primary amine;Amine;Coenzyme a or derivatives;Carbonyl group;Pentose phosphate;Fatty amide;Organosulfur compound;Carboxylic acid derivative;Pyrimidine;Organic oxide;Aromatic heteropolycyclic compound;Imidazole;Organopnictogen compound;Imidolactam;Thiolactone;Azole;N-substituted imidazole;Purine ribonucleoside 3',5'-bisphosphate;Ribonucleoside 3'-phosphate;Thiocarboxylic acid or derivatives;Tetrahydrofuran;Carboxamide group;N-acyl-amine;Beta amino acid or derivatives;Oxacycle;Organic oxygen compound;Phosphoric acid ester;Secondary alcohol;Purine;Organic nitrogen compound;Organic phosphoric acid derivative;Alkyl phosphate;Organooxygen compound
None	CCCCCCC[C@H](O)CC(=O)SCCNC(=O)CCNC(=O)[C@H](O)C(C)(C)COP(O)(=O)OP(O)(=O)OC[C@H]1O[C@H](C(O)[C@H]1OP(O)(O)=O)N1C=NC2=C(N)N=CN=C12	Organic compounds	Lipids and lipid-like molecules	Fatty Acyls	Fatty acyl thioesters	Acyl CoAs	Aromatic heteropolycyclic compounds	Azacyclic compounds;Beta amino acids and derivatives;Carbonyl compounds;Carbothioic S-esters;Carboxylic acids and derivatives;Coenzyme A and derivatives;Heteroaromatic compounds;Hydrocarbon derivatives;Imidazoles;Imidolactams;Monoalkyl phosphates;Monosaccharides;N-acyl amines;N-substituted imidazoles;Organic oxides;Organic pyrophosphates;Organopnictogen compounds;Oxacyclic compounds;Pentose phosphates;Primary amines;Purine ribonucleoside diphosphates;Purines and purine derivatives;Pyrimidines and pyrimidine derivatives;Ribonucleoside 3'-phosphates;Secondary alcohols;Secondary carboxylic acid amides;Sulfenyl compounds;Tetrahydrofurans;Thioesters;Thiolactones	Amino acid or derivatives;Monosaccharide;Pentose-5-phosphate;Imidazopyrimidine;Carbothioic s-ester;Saccharide;Purine ribonucleoside diphosphate;Organonitrogen compound;Organoheterocyclic compound;Alcohol;Sulfenyl compound;Azacycle;Thiocarboxylic acid ester;Heteroaromatic compound;Organic pyrophosphate;Secondary carboxylic acid amide;Monoalkyl phosphate;Hydrocarbon derivative;Primary amine;Amine;Coenzyme a or derivatives;Carbonyl group;Pentose phosphate;Fatty amide;Organosulfur compound;Carboxylic acid derivative;Pyrimidine;Organic oxide;Aromatic heteropolycyclic compound;Imidazole;Organopnictogen compound;Imidolactam;Thiolactone;Azole;N-substituted imidazole;Purine ribonucleoside 3',5'-bisphosphate;Ribonucleoside 3'-phosphate;Thiocarboxylic acid or derivatives;Tetrahydrofuran;Carboxamide group;N-acyl-amine;Beta amino acid or derivatives;Oxacycle;Organic oxygen compound;Phosphoric acid ester;Secondary alcohol;Purine;Organic nitrogen compound;Organic phosphoric acid derivative;Alkyl phosphate;Organooxygen compound
None	CCCCCCCC(=O)CC(=O)SCCNC(=O)CCNC(=O)C(O)C(C)(C)COP(O)(=O)OP(O)(=O)OC[C@H]1O[C@H]([C@H](O)[C@@H]1OP(O)(O)=O)N1C=NC2=C(N)N=CN=C12	Organic compounds	Lipids and lipid-like molecules	Fatty Acyls	Fatty acyl thioesters	3-oxo-acyl CoAs	Aromatic heteropolycyclic compounds	Azacyclic compounds;Beta amino acids and derivatives;Carbothioic S-esters;Carboxylic acids and derivatives;Coenzyme A and derivatives;Heteroaromatic compounds;Hydrocarbon derivatives;Imidazoles;Imidolactams;Ketones;Monoalkyl phosphates;Monosaccharides;N-acyl amines;N-substituted imidazoles;Organic oxides;Organic pyrophosphates;Organopnictogen compounds;Oxacyclic compounds;Pentose phosphates;Primary amines;Purine ribonucleoside diphosphates;Purines and purine derivatives;Pyrimidines and pyrimidine derivatives;Ribonucleoside 3'-phosphates;Secondary alcohols;Secondary carboxylic acid amides;Sulfenyl compounds;Tetrahydrofurans;Thioesters;Thiolactones	Amino acid or derivatives;Monosaccharide;Pentose-5-phosphate;Imidazopyrimidine;Carbothioic s-ester;Ketone;Saccharide;Purine ribonucleoside diphosphate;Organonitrogen compound;Organoheterocyclic compound;Alcohol;Sulfenyl compound;Azacycle;Thiocarboxylic acid ester;Heteroaromatic compound;Organic pyrophosphate;Secondary carboxylic acid amide;Monoalkyl phosphate;Hydrocarbon derivative;Primary amine;Amine;Coenzyme a or derivatives;Carbonyl group;Pentose phosphate;Fatty amide;Organosulfur compound;Carboxylic acid derivative;Pyrimidine;Organic oxide;Aromatic heteropolycyclic compound;Imidazole;Organopnictogen compound;Imidolactam;Thiolactone;Azole;N-substituted imidazole;Purine ribonucleoside 3',5'-bisphosphate;Ribonucleoside 3'-phosphate;Thiocarboxylic acid or derivatives;Tetrahydrofuran;Carboxamide group;N-acyl-amine;Beta amino acid or derivatives;Oxacycle;Organic oxygen compound;Phosphoric acid ester;Secondary alcohol;Purine;Organic nitrogen compound;Organic phosphoric acid derivative;Alkyl phosphate;Organooxygen compound
None	[H][C@](O)(CCCCC)CC(=O)SCCNC(=O)CCNC(=O)[C@]([H])(O)C(C)(C)COP(O)(=O)OP(O)(=O)OC[C@H]1O[C@H](C(O)[C@H]1OP(O)(O)=O)N1C=NC2=C1N=CN=C2N	Organic compounds	Lipids and lipid-like molecules	Fatty Acyls	Fatty acyl thioesters	Acyl CoAs	Aromatic heteropolycyclic compounds	Azacyclic compounds;Beta amino acids and derivatives;Carbonyl compounds;Carbothioic S-esters;Carboxylic acids and derivatives;Coenzyme A and derivatives;Heteroaromatic compounds;Hydrocarbon derivatives;Imidazoles;Imidolactams;Monoalkyl phosphates;Monosaccharides;N-acyl amines;N-substituted imidazoles;Organic oxides;Organic pyrophosphates;Organopnictogen compounds;Oxacyclic compounds;Pentose phosphates;Primary amines;Purine ribonucleoside diphosphates;Purines and purine derivatives;Pyrimidines and pyrimidine derivatives;Ribonucleoside 3'-phosphates;Secondary alcohols;Secondary carboxylic acid amides;Sulfenyl compounds;Tetrahydrofurans;Thioesters;Thiolactones	Amino acid or derivatives;Monosaccharide;Pentose-5-phosphate;Imidazopyrimidine;Carbothioic s-ester;Saccharide;Purine ribonucleoside diphosphate;Organonitrogen compound;Organoheterocyclic compound;Alcohol;Sulfenyl compound;Azacycle;Thiocarboxylic acid ester;Heteroaromatic compound;Organic pyrophosphate;Secondary carboxylic acid amide;Monoalkyl phosphate;Hydrocarbon derivative;Primary amine;Amine;Coenzyme a or derivatives;Carbonyl group;Pentose phosphate;Fatty amide;Organosulfur compound;Carboxylic acid derivative;Pyrimidine;Organic oxide;Aromatic heteropolycyclic compound;Imidazole;Organopnictogen compound;Imidolactam;Thiolactone;Azole;N-substituted imidazole;Purine ribonucleoside 3',5'-bisphosphate;Ribonucleoside 3'-phosphate;Thiocarboxylic acid or derivatives;Tetrahydrofuran;Carboxamide group;N-acyl-amine;Beta amino acid or derivatives;Oxacycle;Organic oxygen compound;Phosphoric acid ester;Secondary alcohol;Purine;Organic nitrogen compound;Organic phosphoric acid derivative;Alkyl phosphate;Organooxygen compound
None	CCCCCC(=O)CC(=O)SCCNC(=O)CCNC(=O)C(O)C(C)(C)COP(O)(=O)OP(O)(=O)OC[C@H]1O[C@H]([C@H](O)[C@@H]1OP(O)(O)=O)N1C=NC2=C(N)N=CN=C12	Organic compounds	Lipids and lipid-like molecules	Fatty Acyls	Fatty acyl thioesters	3-oxo-acyl CoAs	Aromatic heteropolycyclic compounds	Azacyclic compounds;Beta amino acids and derivatives;Carbothioic S-esters;Carboxylic acids and derivatives;Coenzyme A and derivatives;Heteroaromatic compounds;Hydrocarbon derivatives;Imidazoles;Imidolactams;Ketones;Monoalkyl phosphates;Monosaccharides;N-acyl amines;N-substituted imidazoles;Organic oxides;Organic pyrophosphates;Organopnictogen compounds;Oxacyclic compounds;Pentose phosphates;Primary amines;Purine ribonucleoside diphosphates;Purines and purine derivatives;Pyrimidines and pyrimidine derivatives;Ribonucleoside 3'-phosphates;Secondary alcohols;Secondary carboxylic acid amides;Sulfenyl compounds;Tetrahydrofurans;Thioesters;Thiolactones	Amino acid or derivatives;Monosaccharide;Pentose-5-phosphate;Imidazopyrimidine;Carbothioic s-ester;Ketone;Saccharide;Purine ribonucleoside diphosphate;Organonitrogen compound;Organoheterocyclic compound;Alcohol;Sulfenyl compound;Azacycle;Thiocarboxylic acid ester;Heteroaromatic compound;Organic pyrophosphate;Secondary carboxylic acid amide;Monoalkyl phosphate;Hydrocarbon derivative;Primary amine;Amine;Coenzyme a or derivatives;Carbonyl group;Pentose phosphate;Fatty amide;Organosulfur compound;Carboxylic acid derivative;Pyrimidine;Organic oxide;Aromatic heteropolycyclic compound;Imidazole;Organopnictogen compound;Imidolactam;Thiolactone;Azole;N-substituted imidazole;Purine ribonucleoside 3',5'-bisphosphate;Ribonucleoside 3'-phosphate;Thiocarboxylic acid or derivatives;Tetrahydrofuran;Carboxamide group;N-acyl-amine;Beta amino acid or derivatives;Oxacycle;Organic oxygen compound;Phosphoric acid ester;Secondary alcohol;Purine;Organic nitrogen compound;Organic phosphoric acid derivative;Alkyl phosphate;Organooxygen compound
None	CCC[C@H](O)CC(=O)SCCNC(=O)CCNC(=O)[C@H](O)C(C)(C)COP(O)(=O)OP(O)(=O)OC[C@H]1O[C@H]([C@H](O)[C@@H]1OP(O)(O)=O)N1C=NC2=C1N=CN=C2N	Organic compounds	Lipids and lipid-like molecules	Fatty Acyls	Fatty acyl thioesters	Acyl CoAs	Aromatic heteropolycyclic compounds	Azacyclic compounds;Beta amino acids and derivatives;Carbonyl compounds;Carbothioic S-esters;Carboxylic acids and derivatives;Coenzyme A and derivatives;Heteroaromatic compounds;Hydrocarbon derivatives;Imidazoles;Imidolactams;Monoalkyl phosphates;Monosaccharides;N-acyl amines;N-substituted imidazoles;Organic oxides;Organic pyrophosphates;Organopnictogen compounds;Oxacyclic compounds;Pentose phosphates;Primary amines;Purine ribonucleoside diphosphates;Purines and purine derivatives;Pyrimidines and pyrimidine derivatives;Ribonucleoside 3'-phosphates;Secondary alcohols;Secondary carboxylic acid amides;Sulfenyl compounds;Tetrahydrofurans;Thioesters;Thiolactones	Amino acid or derivatives;Monosaccharide;Pentose-5-phosphate;Imidazopyrimidine;Carbothioic s-ester;Saccharide;Purine ribonucleoside diphosphate;Organonitrogen compound;Organoheterocyclic compound;Alcohol;Sulfenyl compound;Azacycle;Thiocarboxylic acid ester;Heteroaromatic compound;Organic pyrophosphate;Secondary carboxylic acid amide;Monoalkyl phosphate;Hydrocarbon derivative;Primary amine;Amine;Coenzyme a or derivatives;Carbonyl group;Pentose phosphate;Fatty amide;Organosulfur compound;Carboxylic acid derivative;Pyrimidine;Organic oxide;Aromatic heteropolycyclic compound;Imidazole;Organopnictogen compound;Imidolactam;Thiolactone;Azole;N-substituted imidazole;Purine ribonucleoside 3',5'-bisphosphate;Ribonucleoside 3'-phosphate;Thiocarboxylic acid or derivatives;Tetrahydrofuran;Carboxamide group;N-acyl-amine;Beta amino acid or derivatives;Oxacycle;Organic oxygen compound;Phosphoric acid ester;Secondary alcohol;Purine;Organic nitrogen compound;Organic phosphoric acid derivative;Alkyl phosphate;Organooxygen compound
None	CCCC(=O)CC(=O)SCCNC(=O)CCNC(=O)C(O)C(C)(C)COP(O)(=O)OP(O)(=O)OC[C@H]1O[C@H]([C@H](O)[C@@H]1OP(O)(O)=O)N1C=NC2=C(N)N=CN=C12	Organic compounds	Lipids and lipid-like molecules	Fatty Acyls	Fatty acyl thioesters	3-oxo-acyl CoAs	Aromatic heteropolycyclic compounds	Azacyclic compounds;Beta amino acids and derivatives;Carbothioic S-esters;Carboxylic acids and derivatives;Coenzyme A and derivatives;Heteroaromatic compounds;Hydrocarbon derivatives;Imidazoles;Imidolactams;Ketones;Monoalkyl phosphates;Monosaccharides;N-acyl amines;N-substituted imidazoles;Organic oxides;Organic pyrophosphates;Organopnictogen compounds;Oxacyclic compounds;Pentose phosphates;Primary amines;Purine ribonucleoside diphosphates;Purines and purine derivatives;Pyrimidines and pyrimidine derivatives;Ribonucleoside 3'-phosphates;Secondary alcohols;Secondary carboxylic acid amides;Sulfenyl compounds;Tetrahydrofurans;Thioesters;Thiolactones	Amino acid or derivatives;Monosaccharide;Pentose-5-phosphate;Imidazopyrimidine;Carbothioic s-ester;Ketone;Saccharide;Purine ribonucleoside diphosphate;Organonitrogen compound;Organoheterocyclic compound;Alcohol;Sulfenyl compound;Azacycle;Thiocarboxylic acid ester;Heteroaromatic compound;Organic pyrophosphate;Secondary carboxylic acid amide;Monoalkyl phosphate;Hydrocarbon derivative;Primary amine;Amine;Coenzyme a or derivatives;Carbonyl group;Pentose phosphate;Fatty amide;Organosulfur compound;Carboxylic acid derivative;Pyrimidine;Organic oxide;Aromatic heteropolycyclic compound;Imidazole;Organopnictogen compound;Imidolactam;Thiolactone;Azole;N-substituted imidazole;Purine ribonucleoside 3',5'-bisphosphate;Ribonucleoside 3'-phosphate;Thiocarboxylic acid or derivatives;Tetrahydrofuran;Carboxamide group;N-acyl-amine;Beta amino acid or derivatives;Oxacycle;Organic oxygen compound;Phosphoric acid ester;Secondary alcohol;Purine;Organic nitrogen compound;Organic phosphoric acid derivative;Alkyl phosphate;Organooxygen compound
None	CCCCCC(=O)SCCNC(=O)CCNC(=O)[C@H](O)C(C)(C)COP(O)(=O)OP(O)(=O)OC[C@H]1O[C@H]([C@H](O)[C@@H]1OP(O)(O)=O)N1C=NC2=C1N=CN=C2N	Organic compounds	Lipids and lipid-like molecules	Fatty Acyls	Fatty acyl thioesters	Acyl CoAs	Aromatic heteropolycyclic compounds	Azacyclic compounds;Beta amino acids and derivatives;Carbonyl compounds;Carbothioic S-esters;Carboxylic acids and derivatives;Coenzyme A and derivatives;Heteroaromatic compounds;Hydrocarbon derivatives;Imidazoles;Imidolactams;Monoalkyl phosphates;Monosaccharides;N-acyl amines;N-substituted imidazoles;Organic oxides;Organic pyrophosphates;Organopnictogen compounds;Oxacyclic compounds;Pentose phosphates;Primary amines;Purine ribonucleoside diphosphates;Purines and purine derivatives;Pyrimidines and pyrimidine derivatives;Ribonucleoside 3'-phosphates;Secondary alcohols;Secondary carboxylic acid amides;Sulfenyl compounds;Tetrahydrofurans;Thioesters;Thiolactones	Amino acid or derivatives;Monosaccharide;Pentose-5-phosphate;Imidazopyrimidine;Carbothioic s-ester;Saccharide;Purine ribonucleoside diphosphate;Organonitrogen compound;Organoheterocyclic compound;Alcohol;Sulfenyl compound;Azacycle;Thiocarboxylic acid ester;Heteroaromatic compound;Organic pyrophosphate;Secondary carboxylic acid amide;Monoalkyl phosphate;Hydrocarbon derivative;Primary amine;Amine;Coenzyme a or derivatives;Carbonyl group;Pentose phosphate;Fatty amide;Organosulfur compound;Carboxylic acid derivative;Pyrimidine;Organic oxide;Aromatic heteropolycyclic compound;Imidazole;Organopnictogen compound;Imidolactam;Thiolactone;Azole;N-substituted imidazole;Purine ribonucleoside 3',5'-bisphosphate;Ribonucleoside 3'-phosphate;Thiocarboxylic acid or derivatives;Tetrahydrofuran;Carboxamide group;N-acyl-amine;Beta amino acid or derivatives;Oxacycle;Organic oxygen compound;Phosphoric acid ester;Secondary alcohol;Purine;Organic nitrogen compound;Organic phosphoric acid derivative;Alkyl phosphate;Organooxygen compound
None	CCC\C=C\C(=O)SCCNC(=O)CCNC(=O)C(O)C(C)(C)COP(O)(=O)OP(O)(=O)OC[C@H]1O[C@H]([C@H](O)[C@@H]1OP(O)(O)=O)N1C=NC2=C1N=CN=C2N	Organic compounds	Lipids and lipid-like molecules	Fatty Acyls	Fatty acyl thioesters	Acyl CoAs	Aromatic heteropolycyclic compounds	Azacyclic compounds;Beta amino acids and derivatives;Carbonyl compounds;Carbothioic S-esters;Carboxylic acids and derivatives;Coenzyme A and derivatives;Heteroaromatic compounds;Hydrocarbon derivatives;Imidazoles;Imidolactams;Monoalkyl phosphates;Monosaccharides;N-acyl amines;N-substituted imidazoles;Organic oxides;Organic pyrophosphates;Organopnictogen compounds;Oxacyclic compounds;Pentose phosphates;Primary amines;Purine ribonucleoside diphosphates;Purines and purine derivatives;Pyrimidines and pyrimidine derivatives;Ribonucleoside 3'-phosphates;Secondary alcohols;Secondary carboxylic acid amides;Sulfenyl compounds;Tetrahydrofurans;Thioesters;Thiolactones	Amino acid or derivatives;Monosaccharide;Pentose-5-phosphate;Imidazopyrimidine;Carbothioic s-ester;Saccharide;Purine ribonucleoside diphosphate;Organonitrogen compound;Organoheterocyclic compound;Alcohol;Sulfenyl compound;Azacycle;Thiocarboxylic acid ester;Heteroaromatic compound;Organic pyrophosphate;Secondary carboxylic acid amide;Monoalkyl phosphate;Hydrocarbon derivative;Primary amine;Amine;Coenzyme a or derivatives;Carbonyl group;Pentose phosphate;Fatty amide;Organosulfur compound;Carboxylic acid derivative;Pyrimidine;Organic oxide;Aromatic heteropolycyclic compound;Imidazole;Organopnictogen compound;Imidolactam;Thiolactone;Azole;N-substituted imidazole;Purine ribonucleoside 3',5'-bisphosphate;Ribonucleoside 3'-phosphate;Thiocarboxylic acid or derivatives;Tetrahydrofuran;Carboxamide group;N-acyl-amine;Beta amino acid or derivatives;Oxacycle;Organic oxygen compound;Phosphoric acid ester;Secondary alcohol;Purine;Organic nitrogen compound;Organic phosphoric acid derivative;Alkyl phosphate;Organooxygen compound
None	CCCCCCCCCCCCCC=CC(=O)SCCNC(=O)CCNC(=O)C(O)C(C)(C)COP(O)(=O)OP(O)(=O)OCC1OC(C(O)C1OP(O)(O)=O)N1C=NC2=C1N=CN=C2N	Organic compounds	Lipids and lipid-like molecules	Fatty Acyls	Fatty acyl thioesters	Acyl CoAs	Aromatic heteropolycyclic compounds	Azacyclic compounds;Beta amino acids and derivatives;Carbonyl compounds;Carbothioic S-esters;Carboxylic acids and derivatives;Coenzyme A and derivatives;Heteroaromatic compounds;Hydrocarbon derivatives;Imidazoles;Imidolactams;Monoalkyl phosphates;Monosaccharides;N-acyl amines;N-substituted imidazoles;Organic oxides;Organic pyrophosphates;Organopnictogen compounds;Oxacyclic compounds;Pentose phosphates;Primary amines;Purine ribonucleoside diphosphates;Purines and purine derivatives;Pyrimidines and pyrimidine derivatives;Ribonucleoside 3'-phosphates;Secondary alcohols;Secondary carboxylic acid amides;Sulfenyl compounds;Tetrahydrofurans;Thioesters;Thiolactones	Amino acid or derivatives;Monosaccharide;Pentose-5-phosphate;Imidazopyrimidine;Carbothioic s-ester;Saccharide;Purine ribonucleoside diphosphate;Organonitrogen compound;Organoheterocyclic compound;Alcohol;Sulfenyl compound;Azacycle;Thiocarboxylic acid ester;Heteroaromatic compound;Organic pyrophosphate;Secondary carboxylic acid amide;Monoalkyl phosphate;Hydrocarbon derivative;Primary amine;Amine;Coenzyme a or derivatives;Carbonyl group;Pentose phosphate;Fatty amide;Organosulfur compound;Carboxylic acid derivative;Pyrimidine;Organic oxide;Aromatic heteropolycyclic compound;Imidazole;Organopnictogen compound;Imidolactam;Thiolactone;Azole;N-substituted imidazole;Purine ribonucleoside 3',5'-bisphosphate;Ribonucleoside 3'-phosphate;Thiocarboxylic acid or derivatives;Tetrahydrofuran;Carboxamide group;N-acyl-amine;Beta amino acid or derivatives;Oxacycle;Organic oxygen compound;Phosphoric acid ester;Secondary alcohol;Purine;Organic nitrogen compound;Organic phosphoric acid derivative;Alkyl phosphate;Organooxygen compound
None	CCCCCCCCCCC\C=C\C(=O)SCCNC(=O)CCNC(=O)C(O)C(C)(C)COP(O)(=O)OP(O)(=O)OC[C@H]1O[C@H]([C@H](O)[C@@H]1OP(O)(O)=O)N1C=NC2=C1N=CN=C2N	Organic compounds	Lipids and lipid-like molecules	Fatty Acyls	Fatty acyl thioesters	Acyl CoAs	Aromatic heteropolycyclic compounds	Azacyclic compounds;Beta amino acids and derivatives;Carbonyl compounds;Carbothioic S-esters;Carboxylic acids and derivatives;Coenzyme A and derivatives;Heteroaromatic compounds;Hydrocarbon derivatives;Imidazoles;Imidolactams;Monoalkyl phosphates;Monosaccharides;N-acyl amines;N-substituted imidazoles;Organic oxides;Organic pyrophosphates;Organopnictogen compounds;Oxacyclic compounds;Pentose phosphates;Primary amines;Purine ribonucleoside diphosphates;Purines and purine derivatives;Pyrimidines and pyrimidine derivatives;Ribonucleoside 3'-phosphates;Secondary alcohols;Secondary carboxylic acid amides;Sulfenyl compounds;Tetrahydrofurans;Thioesters;Thiolactones	Amino acid or derivatives;Monosaccharide;Pentose-5-phosphate;Imidazopyrimidine;Carbothioic s-ester;Saccharide;Purine ribonucleoside diphosphate;Organonitrogen compound;Organoheterocyclic compound;Alcohol;Sulfenyl compound;Azacycle;Thiocarboxylic acid ester;Heteroaromatic compound;Organic pyrophosphate;Secondary carboxylic acid amide;Monoalkyl phosphate;Hydrocarbon derivative;Primary amine;Amine;Coenzyme a or derivatives;Carbonyl group;Pentose phosphate;Fatty amide;Organosulfur compound;Carboxylic acid derivative;Pyrimidine;Organic oxide;Aromatic heteropolycyclic compound;Imidazole;Organopnictogen compound;Imidolactam;Thiolactone;Azole;N-substituted imidazole;Purine ribonucleoside 3',5'-bisphosphate;Ribonucleoside 3'-phosphate;Thiocarboxylic acid or derivatives;Tetrahydrofuran;Carboxamide group;N-acyl-amine;Beta amino acid or derivatives;Oxacycle;Organic oxygen compound;Phosphoric acid ester;Secondary alcohol;Purine;Organic nitrogen compound;Organic phosphoric acid derivative;Alkyl phosphate;Organooxygen compound
None	CCCCCCCCCC(=O)SCCNC(=O)CCNC(=O)C(O)C(C)(C)COP(O)(=O)OP(O)(=O)OC[C@H]1O[C@H]([C@H](O)[C@@H]1OP(O)(O)=O)N1C=NC2=C1N=CN=C2N	Organic compounds	Lipids and lipid-like molecules	Fatty Acyls	Fatty acyl thioesters	Acyl CoAs	Aromatic heteropolycyclic compounds	Azacyclic compounds;Beta amino acids and derivatives;Carbonyl compounds;Carbothioic S-esters;Carboxylic acids and derivatives;Coenzyme A and derivatives;Heteroaromatic compounds;Hydrocarbon derivatives;Imidazoles;Imidolactams;Monoalkyl phosphates;Monosaccharides;N-acyl amines;N-substituted imidazoles;Organic oxides;Organic pyrophosphates;Organopnictogen compounds;Oxacyclic compounds;Pentose phosphates;Primary amines;Purine ribonucleoside diphosphates;Purines and purine derivatives;Pyrimidines and pyrimidine derivatives;Ribonucleoside 3'-phosphates;Secondary alcohols;Secondary carboxylic acid amides;Sulfenyl compounds;Tetrahydrofurans;Thioesters;Thiolactones	Amino acid or derivatives;Monosaccharide;Pentose-5-phosphate;Imidazopyrimidine;Carbothioic s-ester;Saccharide;Purine ribonucleoside diphosphate;Organonitrogen compound;Organoheterocyclic compound;Alcohol;Sulfenyl compound;Azacycle;Thiocarboxylic acid ester;Heteroaromatic compound;Organic pyrophosphate;Secondary carboxylic acid amide;Monoalkyl phosphate;Hydrocarbon derivative;Primary amine;Amine;Coenzyme a or derivatives;Carbonyl group;Pentose phosphate;Fatty amide;Organosulfur compound;Carboxylic acid derivative;Pyrimidine;Organic oxide;Aromatic heteropolycyclic compound;Imidazole;Organopnictogen compound;Imidolactam;Thiolactone;Azole;N-substituted imidazole;Purine ribonucleoside 3',5'-bisphosphate;Ribonucleoside 3'-phosphate;Thiocarboxylic acid or derivatives;Tetrahydrofuran;Carboxamide group;N-acyl-amine;Beta amino acid or derivatives;Oxacycle;Organic oxygen compound;Phosphoric acid ester;Secondary alcohol;Purine;Organic nitrogen compound;Organic phosphoric acid derivative;Alkyl phosphate;Organooxygen compound
None	CCCCCCC\C=C\C(=O)SCCNC(=O)CCNC(=O)C(O)C(C)(C)COP(O)(=O)OP(O)(=O)OC[C@H]1O[C@H]([C@H](O)[C@@H]1OP(O)(O)=O)N1C=NC2=C(N)N=CN=C12	Organic compounds	Lipids and lipid-like molecules	Fatty Acyls	Fatty acyl thioesters	Acyl CoAs	Aromatic heteropolycyclic compounds	Azacyclic compounds;Beta amino acids and derivatives;Carbonyl compounds;Carbothioic S-esters;Carboxylic acids and derivatives;Coenzyme A and derivatives;Heteroaromatic compounds;Hydrocarbon derivatives;Imidazoles;Imidolactams;Monoalkyl phosphates;Monosaccharides;N-acyl amines;N-substituted imidazoles;Organic oxides;Organic pyrophosphates;Organopnictogen compounds;Oxacyclic compounds;Pentose phosphates;Primary amines;Purine ribonucleoside diphosphates;Purines and purine derivatives;Pyrimidines and pyrimidine derivatives;Ribonucleoside 3'-phosphates;Secondary alcohols;Secondary carboxylic acid amides;Sulfenyl compounds;Tetrahydrofurans;Thioesters;Thiolactones	Amino acid or derivatives;Monosaccharide;Pentose-5-phosphate;Imidazopyrimidine;Carbothioic s-ester;Saccharide;Purine ribonucleoside diphosphate;Organonitrogen compound;Organoheterocyclic compound;Alcohol;Sulfenyl compound;Azacycle;Thiocarboxylic acid ester;Heteroaromatic compound;Organic pyrophosphate;Secondary carboxylic acid amide;Monoalkyl phosphate;Hydrocarbon derivative;Primary amine;Amine;Coenzyme a or derivatives;Carbonyl group;Pentose phosphate;Fatty amide;Organosulfur compound;Carboxylic acid derivative;Pyrimidine;Organic oxide;Aromatic heteropolycyclic compound;Imidazole;Organopnictogen compound;Imidolactam;Thiolactone;Azole;N-substituted imidazole;Purine ribonucleoside 3',5'-bisphosphate;Ribonucleoside 3'-phosphate;Thiocarboxylic acid or derivatives;Tetrahydrofuran;Carboxamide group;N-acyl-amine;Beta amino acid or derivatives;Oxacycle;Organic oxygen compound;Phosphoric acid ester;Secondary alcohol;Purine;Organic nitrogen compound;Organic phosphoric acid derivative;Alkyl phosphate;Organooxygen compound
None	CCCCC\C=C\C(=O)SCCNC(=O)CCNC(=O)C(O)C(C)(C)COP(O)(=O)OP(O)(=O)OC[C@H]1O[C@H]([C@H](O)[C@@H]1OP(O)(O)=O)N1C=NC2=C1N=CN=C2N	Organic compounds	Lipids and lipid-like molecules	Fatty Acyls	Fatty acyl thioesters	Acyl CoAs	Aromatic heteropolycyclic compounds	Azacyclic compounds;Beta amino acids and derivatives;Carbonyl compounds;Carbothioic S-esters;Carboxylic acids and derivatives;Coenzyme A and derivatives;Heteroaromatic compounds;Hydrocarbon derivatives;Imidazoles;Imidolactams;Monoalkyl phosphates;Monosaccharides;N-acyl amines;N-substituted imidazoles;Organic oxides;Organic pyrophosphates;Organopnictogen compounds;Oxacyclic compounds;Pentose phosphates;Primary amines;Purine ribonucleoside diphosphates;Purines and purine derivatives;Pyrimidines and pyrimidine derivatives;Ribonucleoside 3'-phosphates;Secondary alcohols;Secondary carboxylic acid amides;Sulfenyl compounds;Tetrahydrofurans;Thioesters;Thiolactones	Amino acid or derivatives;Monosaccharide;Pentose-5-phosphate;Imidazopyrimidine;Carbothioic s-ester;Saccharide;Purine ribonucleoside diphosphate;Organonitrogen compound;Organoheterocyclic compound;Alcohol;Sulfenyl compound;Azacycle;Thiocarboxylic acid ester;Heteroaromatic compound;Organic pyrophosphate;Secondary carboxylic acid amide;Monoalkyl phosphate;Hydrocarbon derivative;Primary amine;Amine;Coenzyme a or derivatives;Carbonyl group;Pentose phosphate;Fatty amide;Organosulfur compound;Carboxylic acid derivative;Pyrimidine;Organic oxide;Aromatic heteropolycyclic compound;Imidazole;Organopnictogen compound;Imidolactam;Thiolactone;Azole;N-substituted imidazole;Purine ribonucleoside 3',5'-bisphosphate;Ribonucleoside 3'-phosphate;Thiocarboxylic acid or derivatives;Tetrahydrofuran;Carboxamide group;N-acyl-amine;Beta amino acid or derivatives;Oxacycle;Organic oxygen compound;Phosphoric acid ester;Secondary alcohol;Purine;Organic nitrogen compound;Organic phosphoric acid derivative;Alkyl phosphate;Organooxygen compound
None	CCCCCC\C=C/C\C=C\C(=O)SCCNC(=O)CCNC(=O)[C@@](O)([H])C(C)(C)COP(=O)(O)OP(=O)(O)OC[C@H]1O[C@H](C(O)[C@H]1OP(=O)(O)O)N1C=NC2=C1N=CN=C2N	Organic compounds	Lipids and lipid-like molecules	Fatty Acyls	Fatty acyl thioesters	Acyl CoAs	Aromatic heteropolycyclic compounds	Azacyclic compounds;Beta amino acids and derivatives;Carbonyl compounds;Carbothioic S-esters;Carboxylic acids and derivatives;Coenzyme A and derivatives;Heteroaromatic compounds;Hydrocarbon derivatives;Imidazoles;Imidolactams;Monoalkyl phosphates;Monosaccharides;N-acyl amines;N-substituted imidazoles;Organic oxides;Organic pyrophosphates;Organopnictogen compounds;Oxacyclic compounds;Pentose phosphates;Primary amines;Purine ribonucleoside diphosphates;Purines and purine derivatives;Pyrimidines and pyrimidine derivatives;Ribonucleoside 3'-phosphates;Secondary alcohols;Secondary carboxylic acid amides;Sulfenyl compounds;Tetrahydrofurans;Thioesters;Thiolactones	Amino acid or derivatives;Monosaccharide;Pentose-5-phosphate;Imidazopyrimidine;Carbothioic s-ester;Saccharide;Purine ribonucleoside diphosphate;Organonitrogen compound;Organoheterocyclic compound;Alcohol;Sulfenyl compound;Azacycle;Thiocarboxylic acid ester;Heteroaromatic compound;Organic pyrophosphate;Secondary carboxylic acid amide;Monoalkyl phosphate;Hydrocarbon derivative;Primary amine;Amine;Coenzyme a or derivatives;Carbonyl group;Pentose phosphate;Fatty amide;Organosulfur compound;Carboxylic acid derivative;Pyrimidine;Organic oxide;Aromatic heteropolycyclic compound;Imidazole;Organopnictogen compound;Imidolactam;Thiolactone;Azole;N-substituted imidazole;Purine ribonucleoside 3',5'-bisphosphate;Ribonucleoside 3'-phosphate;Thiocarboxylic acid or derivatives;Tetrahydrofuran;Carboxamide group;N-acyl-amine;Beta amino acid or derivatives;Oxacycle;Organic oxygen compound;Phosphoric acid ester;Secondary alcohol;Purine;Organic nitrogen compound;Organic phosphoric acid derivative;Alkyl phosphate;Organooxygen compound
None	CCCCC\C=C/C\C=C/CC(=O)SCCNC(=O)CCNC(=O)C(O)C(C)(C)COP(O)(=O)OP(O)(=O)OC[C@H]1O[C@H]([C@H](O)[C@@H]1OP(O)(O)=O)N1C=NC2=C1N=CN=C2N	Organic compounds	Lipids and lipid-like molecules	Fatty Acyls	Fatty acyl thioesters	Acyl CoAs	Aromatic heteropolycyclic compounds	Azacyclic compounds;Beta amino acids and derivatives;Carbonyl compounds;Carbothioic S-esters;Carboxylic acids and derivatives;Coenzyme A and derivatives;Heteroaromatic compounds;Hydrocarbon derivatives;Imidazoles;Imidolactams;Monoalkyl phosphates;Monosaccharides;N-acyl amines;N-substituted imidazoles;Organic oxides;Organic pyrophosphates;Organopnictogen compounds;Oxacyclic compounds;Pentose phosphates;Primary amines;Purine ribonucleoside diphosphates;Purines and purine derivatives;Pyrimidines and pyrimidine derivatives;Ribonucleoside 3'-phosphates;Secondary alcohols;Secondary carboxylic acid amides;Sulfenyl compounds;Tetrahydrofurans;Thioesters;Thiolactones	Amino acid or derivatives;Monosaccharide;Pentose-5-phosphate;Imidazopyrimidine;Carbothioic s-ester;Saccharide;Purine ribonucleoside diphosphate;Organonitrogen compound;Organoheterocyclic compound;Alcohol;Sulfenyl compound;Azacycle;Thiocarboxylic acid ester;Heteroaromatic compound;Organic pyrophosphate;Secondary carboxylic acid amide;Monoalkyl phosphate;Hydrocarbon derivative;Primary amine;Amine;Coenzyme a or derivatives;Carbonyl group;Pentose phosphate;Fatty amide;Organosulfur compound;Carboxylic acid derivative;Pyrimidine;Organic oxide;Aromatic heteropolycyclic compound;Imidazole;Organopnictogen compound;Imidolactam;Thiolactone;Azole;N-substituted imidazole;Purine ribonucleoside 3',5'-bisphosphate;Ribonucleoside 3'-phosphate;Thiocarboxylic acid or derivatives;Tetrahydrofuran;Carboxamide group;N-acyl-amine;Beta amino acid or derivatives;Oxacycle;Organic oxygen compound;Phosphoric acid ester;Secondary alcohol;Purine;Organic nitrogen compound;Organic phosphoric acid derivative;Alkyl phosphate;Organooxygen compound
None	NCCC1=CC=CC=C1	Organic compounds	Benzenoids	Benzene and substituted derivatives	Benzene and substituted derivatives	Benzene and substituted derivatives	Aromatic homomonocyclic compounds	Hydrocarbon derivatives;Monoalkylamines;Organonitrogen compounds;Organopnictogen compounds	Aromatic homomonocyclic compound;Monocyclic benzene moiety;Organonitrogen compound;Organopnictogen compound;Hydrocarbon derivative;Primary aliphatic amine;Organic nitrogen compound
None	C[Se]CC[C@H](N)C(O)=O	Organic compounds	Organic acids and derivatives	Carboxylic acids and derivatives	Amino acids, peptides, and analogues	Alpha amino acids	Aliphatic acyclic compounds	Carbonyl compounds;Carboxylic acids;Fatty acids and conjugates;Hydrocarbon derivatives;Monoalkylamines;Monocarboxylic acids and derivatives;Organic oxides;Organonitrogen compounds;Organopnictogen compounds;Selenoethers	Aliphatic acyclic compound;Carbonyl group;Carboxylic acid;Fatty acid;Selenoether;Organic oxide;Monocarboxylic acid or derivatives;Organic oxygen compound;Organoselenium compound;Organonitrogen compound;Alpha-amino acid;Organopnictogen compound;Hydrocarbon derivative;Primary aliphatic amine;Organic nitrogen compound;Organooxygen compound
None	[H][C@@]1(CC[C@@]2([H])[C@]3([H])[C@H](O)C[C@]4([H])C[C@H](O)CC[C@]4(C)[C@@]3([H])CC[C@]12C)[C@H](C)CCC(=O)SCCNC(=O)CCNC(=O)C(O)C(C)(C)COP(O)(=O)OP(O)(=O)OC[C@H]1O[C@H]([C@H](O)[C@@H]1OP(O)(O)=O)N1C=NC2=C1N=CN=C2N	Organic compounds	Lipids and lipid-like molecules	Steroids and steroid derivatives	Hydroxysteroids	3-hydroxysteroids	Aromatic heteropolycyclic compounds	7-hydroxysteroids;Acyl CoAs;Azacyclic compounds;Beta amino acids and derivatives;Bile acids, alcohols and derivatives;Carbonyl compounds;Carbothioic S-esters;Carboxylic acids and derivatives;Coenzyme A and derivatives;Cyclic alcohols and derivatives;Heteroaromatic compounds;Hydrocarbon derivatives;Imidazoles;Imidolactams;Monoalkyl phosphates;Monosaccharides;N-acyl amines;N-substituted imidazoles;Organic oxides;Organic pyrophosphates;Organopnictogen compounds;Oxacyclic compounds;Pentose phosphates;Primary amines;Purine ribonucleoside diphosphates;Purines and purine derivatives;Pyrimidines and pyrimidine derivatives;Ribonucleoside 3'-phosphates;Secondary alcohols;Secondary carboxylic acid amides;Sulfenyl compounds;Tetrahydrofurans;Thioesters;Thiolactones	Amino acid or derivatives;Monosaccharide;Pentose-5-phosphate;Imidazopyrimidine;Bile acid, alcohol, or derivatives;Carbothioic s-ester;Saccharide;Purine ribonucleoside diphosphate;Organonitrogen compound;Organoheterocyclic compound;Alcohol;Sulfenyl compound;Azacycle;Thiocarboxylic acid ester;Heteroaromatic compound;7-hydroxysteroid;Organic pyrophosphate;Secondary carboxylic acid amide;Monoalkyl phosphate;Hydrocarbon derivative;Primary amine;Amine;Fatty acyl;Coenzyme a or derivatives;Carbonyl group;Pentose phosphate;Fatty amide;Organosulfur compound;Carboxylic acid derivative;Pyrimidine;Organic oxide;Aromatic heteropolycyclic compound;Imidazole;Organopnictogen compound;Imidolactam;Fatty acyl thioester;Thiolactone;Azole;N-substituted imidazole;Purine ribonucleoside 3',5'-bisphosphate;Ribonucleoside 3'-phosphate;Thiocarboxylic acid or derivatives;Tetrahydrofuran;3-hydroxysteroid;Cyclic alcohol;Carboxamide group;N-acyl-amine;Beta amino acid or derivatives;Oxacycle;Organic oxygen compound;Phosphoric acid ester;Secondary alcohol;Purine;Organic nitrogen compound;Organic phosphoric acid derivative;Alkyl phosphate;Organooxygen compound
None	OC[C@@]1(O)O[C@H](COP(O)(O)=O)[C@@H](O)[C@@H]1O	Organic compounds	Organic oxygen compounds	Organooxygen compounds	Carbohydrates and carbohydrate conjugates	Pentose phosphates	Aliphatic heteromonocyclic compounds	Hemiacetals;Hydrocarbon derivatives;Monoalkyl phosphates;Monosaccharides;Organic oxides;Oxacyclic compounds;Secondary alcohols;Tetrahydrofurans	Alcohol;Tetrahydrofuran;Pentose phosphate;Pentose-5-phosphate;Oxacycle;Organic oxide;Phosphoric acid ester;Monoalkyl phosphate;Aliphatic heteromonocyclic compound;Secondary alcohol;Hemiacetal;Hydrocarbon derivative;Organic phosphoric acid derivative;Alkyl phosphate;Organoheterocyclic compound
None	N=N	Organic compounds	Organic nitrogen compounds		Organic nitrogen compounds	Organic nitrogen compounds	Acyclic compounds		Acyclic compound;Organic nitrogen compound
None	OC(=O)C[C@H](C(O)=O)C(=O)C(O)=O	Organic compounds	Organic acids and derivatives	Carboxylic acids and derivatives	Tricarboxylic acids and derivatives	Tricarboxylic acids and derivatives	Aliphatic acyclic compounds	1,3-dicarbonyl compounds;Alpha-hydroxy ketones;Alpha-keto acids and derivatives;Beta-hydroxy ketones;Beta-keto acids and derivatives;Carboxylic acids;Gamma-keto acids and derivatives;Hydrocarbon derivatives;Organic oxides	Beta-hydroxy ketone;Aliphatic acyclic compound;Carbonyl group;Carboxylic acid;Tricarboxylic acid or derivatives;Alpha-hydroxy ketone;Beta-keto acid;Gamma-keto acid;Ketone;Organic oxide;Organic oxygen compound;Keto acid;Alpha-keto acid;Hydrocarbon derivative;1,3-dicarbonyl compound;Organooxygen compound
None	CC1=C(CCOP(O)(=O)OP(O)(O)=O)SC(C(O)CCC(O)=O)=[N+]1CC1=C(N)N=C(C)N=C1	Organic compounds	Organoheterocyclic compounds	Diazines	Pyrimidines and pyrimidine derivatives	Thiamine phosphates	Aromatic heteromonocyclic compounds	2,4,5-trisubstituted thiazoles;Amino acids;Aromatic alcohols;Azacyclic compounds;Carbonyl compounds;Carboxylic acids;Heteroaromatic compounds;Hydrocarbon derivatives;Imidolactams;Monoalkyl phosphates;Monocarboxylic acids and derivatives;Organic cations;Organic oxides;Organic pyrophosphates;Organopnictogen compounds;Primary amines;Secondary alcohols	Aromatic alcohol;Carbonyl group;Carboxylic acid;Aromatic heteromonocyclic compound;Amino acid or derivatives;Amino acid;Carboxylic acid derivative;2,4,5-trisubstituted 1,3-thiazole;Organic oxide;Organonitrogen compound;Organopnictogen compound;Organic cation;Imidolactam;Thiamine-phosphate;Azole;Alcohol;Azacycle;Heteroaromatic compound;Organic pyrophosphate;Monocarboxylic acid or derivatives;Organic oxygen compound;Phosphoric acid ester;Monoalkyl phosphate;Secondary alcohol;Hydrocarbon derivative;Primary amine;Organic nitrogen compound;Thiazole;Organic phosphoric acid derivative;Amine;Alkyl phosphate;Organooxygen compound
None	OC[C@]1(O)O[C@H](COP(O)(O)=O)[C@@H](O)[C@@H](O)[C@@H]1O	Organic compounds	Organic oxygen compounds	Organooxygen compounds	Carbohydrates and carbohydrate conjugates	Hexose phosphates	Aliphatic heteromonocyclic compounds	Hemiacetals;Hydrocarbon derivatives;Monoalkyl phosphates;Monosaccharides;Organic oxides;Oxacyclic compounds;Oxanes;Secondary alcohols	Alcohol;Oxacycle;Organic oxide;Phosphoric acid ester;Monoalkyl phosphate;Aliphatic heteromonocyclic compound;Secondary alcohol;Hexose Phosphate;Hemiacetal;Hydrocarbon derivative;Oxane;Organic phosphoric acid derivative;Alkyl phosphate;Organoheterocyclic compound
None	O[C@@H]1[C@@H](O)[C@@H](OP(O)(O)=O)O[C@@H]([C@H]1O)C(O)=O	Organic compounds	Organic oxygen compounds	Organooxygen compounds	Carbohydrates and carbohydrate conjugates	Glucuronic acid derivatives	Aliphatic heteromonocyclic compounds	Beta hydroxy acids and derivatives;Carbonyl compounds;Carboxylic acids;Hydrocarbon derivatives;Monoalkyl phosphates;Monocarboxylic acids and derivatives;Monosaccharides;Organic oxides;Oxacyclic compounds;Oxanes;Pyran carboxylic acids;Secondary alcohols	Carbonyl group;Carboxylic acid;Glucuronic acid or derivatives;Monosaccharide;Carboxylic acid derivative;Pyran carboxylic acid;Beta-hydroxy acid;Organic oxide;Aliphatic heteromonocyclic compound;Oxane;Organoheterocyclic compound;Alcohol;Pyran carboxylic acid or derivatives;Hydroxy acid;Oxacycle;Monocarboxylic acid or derivatives;Phosphoric acid ester;Pyran;Monoalkyl phosphate;Secondary alcohol;Hydrocarbon derivative;Organic phosphoric acid derivative;Alkyl phosphate
None	OC[C@H]1O[C@@H](O)[C@H](O)C(=O)[C@H]1O	Organic compounds	Organic oxygen compounds	Organooxygen compounds	Carbohydrates and carbohydrate conjugates	Monosaccharides	Aliphatic heteromonocyclic compounds	Cyclic ketones;Hemiacetals;Hydrocarbon derivatives;Organic oxides;Oxacyclic compounds;Oxanes;Primary alcohols;Secondary alcohols	Alcohol;Carbonyl group;Monosaccharide;Cyclic ketone;Ketone;Oxacycle;Organic oxide;Aliphatic heteromonocyclic compound;Secondary alcohol;Hemiacetal;Hydrocarbon derivative;Oxane;Primary alcohol;Organoheterocyclic compound
None	OC[C@@H](O)[C@@H](O)[C@H](O)[C@@H](O)COC[C@H]1O[C@H](O)[C@H](O)[C@@H](O)[C@H]1O	Organic compounds	Lipids and lipid-like molecules	Fatty Acyls	Fatty acyl glycosides	Fatty acyl glycosides of mono- and disaccharides	Aliphatic heteromonocyclic compounds	Alkyl glycosides;Dialkyl ethers;Fatty alcohols;Hemiacetals;Hydrocarbon derivatives;Monosaccharides;Oxacyclic compounds;Oxanes;Primary alcohols;Secondary alcohols	Alcohol;Fatty acyl glycoside of mono- or disaccharide;Ether;Monosaccharide;Dialkyl ether;Oxacycle;Saccharide;Organic oxygen compound;Fatty alcohol;Aliphatic heteromonocyclic compound;Secondary alcohol;Hemiacetal;Hydrocarbon derivative;Oxane;Primary alcohol;Organoheterocyclic compound;Organooxygen compound;Alkyl glycoside
None	OC[C@H]1O[C@H](OC[C@H]2O[C@H](O)[C@@H](O)[C@@H](O)[C@@H]2O)[C@H](O)[C@@H](O)[C@H]1O	Organic compounds	Organic oxygen compounds	Organooxygen compounds	Carbohydrates and carbohydrate conjugates	Monosaccharides	Aliphatic heteromonocyclic compounds	Acetals;Hemiacetals;Hydrocarbon derivatives;Oxacyclic compounds;Oxanes;Primary alcohols;Secondary alcohols	Alcohol;Monosaccharide;Oxacycle;Acetal;Aliphatic heteromonocyclic compound;Secondary alcohol;Hemiacetal;Hydrocarbon derivative;Oxane;Primary alcohol;Organoheterocyclic compound
None	OCC(O)CO[C@@H]1O[C@H](CO)[C@H](O)[C@H](O)[C@H]1O	Organic compounds	Lipids and lipid-like molecules	Glycerolipids	Glycosylglycerols	Glycosylglycerols	Aliphatic heteromonocyclic compounds	Acetals;Hydrocarbon derivatives;Monosaccharides;Oxacyclic compounds;Oxanes;Primary alcohols;Secondary alcohols	Alcohol;Monosaccharide;Glycosylglycerol;Oxacycle;Saccharide;Organic oxygen compound;Acetal;Aliphatic heteromonocyclic compound;Secondary alcohol;Hydrocarbon derivative;Oxane;Primary alcohol;Organoheterocyclic compound;Organooxygen compound
None	OC[C@H]1O[C@H](OC[C@H]2O[C@H](O)[C@H](O)[C@@H](O)[C@@H]2O)[C@H](O)[C@@H](O)[C@H]1O	Organic compounds	Organic oxygen compounds	Organooxygen compounds	Carbohydrates and carbohydrate conjugates	Monosaccharides	Aliphatic heteromonocyclic compounds	Acetals;Hemiacetals;Hydrocarbon derivatives;Oxacyclic compounds;Oxanes;Primary alcohols;Secondary alcohols	Alcohol;Monosaccharide;Oxacycle;Acetal;Aliphatic heteromonocyclic compound;Secondary alcohol;Hemiacetal;Hydrocarbon derivative;Oxane;Primary alcohol;Organoheterocyclic compound
None	OC[C@H]1O[C@@H](O[C@H]2[C@H](O)[C@@H](O)C(O)O[C@@H]2CO)[C@H](O)C(=O)[C@H]1O	Organic compounds	Organic oxygen compounds	Organooxygen compounds	Carbohydrates and carbohydrate conjugates	Monosaccharides	Aliphatic heteromonocyclic compounds	Acetals;Cyclic ketones;Hemiacetals;Hydrocarbon derivatives;Organic oxides;Oxacyclic compounds;Oxanes;Primary alcohols;Secondary alcohols	Alcohol;Carbonyl group;Monosaccharide;Cyclic ketone;Ketone;Oxacycle;Organic oxide;Acetal;Aliphatic heteromonocyclic compound;Secondary alcohol;Hemiacetal;Hydrocarbon derivative;Oxane;Primary alcohol;Organoheterocyclic compound
None	OC[C@H]1O[C@H](OC[C@H]2O[C@H](OC[C@H]3OC(O)[C@H](O)[C@@H](O)[C@@H]3O)[C@H](O)[C@@H](O)[C@H]2O)[C@H](O)[C@@H](O)[C@H]1O	Organic compounds	Organic oxygen compounds	Organooxygen compounds	Carbohydrates and carbohydrate conjugates	Monosaccharides	Aliphatic heteromonocyclic compounds	Acetals;Hemiacetals;Hydrocarbon derivatives;Oxacyclic compounds;Oxanes;Primary alcohols;Secondary alcohols	Alcohol;Monosaccharide;Oxacycle;Acetal;Aliphatic heteromonocyclic compound;Secondary alcohol;Hemiacetal;Hydrocarbon derivative;Oxane;Primary alcohol;Organoheterocyclic compound
None	OC[C@H]1O[C@H](C[C@@H]1O)N1C=NC2=C1N=CNC2=O	Organic compounds	Nucleosides, nucleotides, and analogues	Purine nucleosides	Purine 2'-deoxyribonucleosides	Purine 2'-deoxyribonucleosides	Aromatic heteropolycyclic compounds	Azacyclic compounds;Heteroaromatic compounds;Hydrocarbon derivatives;Hypoxanthines;Imidazoles;Lactams;Monosaccharides;N-substituted imidazoles;Organic oxides;Organonitrogen compounds;Organopnictogen compounds;Oxacyclic compounds;Primary alcohols;Purines and purine derivatives;Pyrimidones;Secondary alcohols;Tetrahydrofurans;Vinylogous amides	Lactam;Monosaccharide;Pyrimidone;Imidazopyrimidine;Pyrimidine;Saccharide;Organic oxide;Aromatic heteropolycyclic compound;Imidazole;Organonitrogen compound;Organopnictogen compound;Primary alcohol;Purine 2'-deoxyribonucleoside;Organoheterocyclic compound;Azole;N-substituted imidazole;Alcohol;Vinylogous amide;Azacycle;Tetrahydrofuran;Heteroaromatic compound;Oxacycle;Organic oxygen compound;Secondary alcohol;Hypoxanthine;Hydrocarbon derivative;Purine;Organic nitrogen compound;Organooxygen compound
None	C[C@H](O)[C@H](N)C(O)=O	Organic compounds	Organic acids and derivatives	Carboxylic acids and derivatives	Amino acids, peptides, and analogues	Alpha amino acids	Aliphatic acyclic compounds	Beta hydroxy acids and derivatives;Carbonyl compounds;Carboxylic acids;Hydrocarbon derivatives;Hydroxy fatty acids;Monoalkylamines;Monocarboxylic acids and derivatives;Organic oxides;Organonitrogen compounds;Organopnictogen compounds;Secondary alcohols;Short-chain hydroxy acids and derivatives	Alcohol;Fatty acyl;Aliphatic acyclic compound;Carbonyl group;Carboxylic acid;Short-chain hydroxy acid;Fatty acid;Hydroxy acid;Beta-hydroxy acid;Organic oxide;Monocarboxylic acid or derivatives;Organic oxygen compound;Organonitrogen compound;Alpha-amino acid;Secondary alcohol;Organopnictogen compound;Hydrocarbon derivative;Hydroxy fatty acid;Primary aliphatic amine;Organic nitrogen compound;Organooxygen compound
None	OC(=O)C(=O)CS(O)=O	Organic compounds	Organic acids and derivatives	Keto acids and derivatives	Alpha-keto acids and derivatives	Alpha-keto acids and derivatives	Aliphatic acyclic compounds	Alkanesulfinic acids and derivatives;Alpha-hydroxy ketones;Carboxylic acids;Hydrocarbon derivatives;Monocarboxylic acids and derivatives;Organic oxides;Organosulfur compounds;Sulfinic acids	Aliphatic acyclic compound;Carbonyl group;Carboxylic acid;Sulfinic acid derivative;Organosulfur compound;Alpha-hydroxy ketone;Carboxylic acid derivative;Sulfinic acid;Ketone;Alkanesulfinic acid or derivatives;Organic oxide;Monocarboxylic acid or derivatives;Organic oxygen compound;Alpha-keto acid;Hydrocarbon derivative;Organooxygen compound
None	OC(=O)C(=O)CS(O)(=O)=O	Organic compounds	Organic acids and derivatives	Keto acids and derivatives	Alpha-keto acids and derivatives	Alpha-keto acids and derivatives	Aliphatic acyclic compounds	Alpha-hydroxy ketones;Carboxylic acids;Hydrocarbon derivatives;Monocarboxylic acids and derivatives;Organic oxides;Organosulfonic acids;Sulfonyls	Aliphatic acyclic compound;Organosulfonic acid or derivatives;Carbonyl group;Carboxylic acid;Organosulfonic acid;Organosulfur compound;Alpha-hydroxy ketone;Carboxylic acid derivative;Ketone;Organic oxide;Monocarboxylic acid or derivatives;Sulfonyl;Organic oxygen compound;Organic sulfonic acid or derivatives;Alpha-keto acid;Hydrocarbon derivative;Organooxygen compound
None	CC(=O)N(O)CCCC[C@H](NC(=O)CC(O)(CC(=O)N[C@@H](CCCCN(O)C(C)=O)C(O)=O)C(O)=O)C(O)=O	Organic compounds	Organic acids and derivatives	Carboxylic acids and derivatives	Amino acids, peptides, and analogues	N-acyl-alpha amino acids	Aliphatic acyclic compounds	Acetamides;Acetohydroxamic acids;Alpha amino acids;Alpha hydroxy acids and derivatives;Carbonyl compounds;Carboxylic acids;Hydrocarbon derivatives;N-acyl amines;Organic oxides;Organonitrogen compounds;Organopnictogen compounds;Secondary carboxylic acid amides;Tertiary alcohols;Tricarboxylic acids and derivatives	Fatty acyl;Aliphatic acyclic compound;Carbonyl group;Carboxylic acid;Alpha-hydroxy acid;Fatty amide;Tricarboxylic acid or derivatives;Organic oxide;Organonitrogen compound;Alpha-amino acid;Organopnictogen compound;Acetamide;Alcohol;Acetohydroxamic acid;N-acyl-alpha-amino acid;Hydroxy acid;Carboxamide group;N-acyl-amine;Secondary carboxylic acid amide;Tertiary alcohol;Organic oxygen compound;Hydrocarbon derivative;Organic nitrogen compound;Hydroxamic acid;Organooxygen compound
None	OCC(O)C1=CC(O)=C(O)C=C1	Organic compounds	Benzenoids	Phenols	1-hydroxy-2-unsubstituted benzenoids	1-hydroxy-2-unsubstituted benzenoids	Aromatic homomonocyclic compounds	1,2-diols;1-hydroxy-4-unsubstituted benzenoids;Aromatic alcohols;Benzene and substituted derivatives;Hydrocarbon derivatives;Primary alcohols;Secondary alcohols	Aromatic alcohol;Alcohol;Monocyclic benzene moiety;1-hydroxy-2-unsubstituted benzenoid;1-hydroxy-4-unsubstituted benzenoid;Aromatic homomonocyclic compound;Organic oxygen compound;Secondary alcohol;Hydrocarbon derivative;Primary alcohol;Organooxygen compound;1,2-diol
None	OC(C=O)C1=CC(O)=C(O)C=C1	Organic compounds	Benzenoids	Benzene and substituted derivatives	Phenylacetaldehydes	Phenylacetaldehydes	Aromatic homomonocyclic compounds	1-hydroxy-2-unsubstituted benzenoids;1-hydroxy-4-unsubstituted benzenoids;Alpha-hydroxyaldehydes;Aromatic alcohols;Hydrocarbon derivatives;Organic oxides;Secondary alcohols	Aromatic alcohol;Alcohol;Carbonyl group;1-hydroxy-2-unsubstituted benzenoid;Aldehyde;1-hydroxy-4-unsubstituted benzenoid;Aromatic homomonocyclic compound;Organic oxide;Alpha-hydroxyaldehyde;Organic oxygen compound;Secondary alcohol;Phenol;Hydrocarbon derivative;Organooxygen compound;Phenylacetaldehyde
None	[H][C@](O)(CC1=CC=CC=C1)C(O)=O	Organic compounds	Phenylpropanoids and polyketides	Phenylpropanoic acids	Phenylpropanoic acids	Phenylpropanoic acids	Aromatic homomonocyclic compounds	Alpha hydroxy acids and derivatives;Benzene and substituted derivatives;Carbonyl compounds;Carboxylic acids;Hydrocarbon derivatives;Monocarboxylic acids and derivatives;Organic oxides;Secondary alcohols	Alcohol;Monocyclic benzene moiety;Carbonyl group;Carboxylic acid;3-Phenylpropanoic-acid;Alpha-hydroxy acid;Hydroxy acid;Carboxylic acid derivative;Aromatic homomonocyclic compound;Organic oxide;Monocarboxylic acid or derivatives;Organic oxygen compound;Secondary alcohol;Hydrocarbon derivative;Benzenoid;Organooxygen compound
None	OC[C@H]1O[C@@H](OC2=C(OC3=C(C(O)=CC(O)=C3)C2=O)C2=CC=C(O)C(O)=C2)[C@H](O)[C@@H](O)[C@@H]1O	Organic compounds	Phenylpropanoids and polyketides	Flavonoids	Flavonoid glycosides	Flavonoid-3-O-glycosides	Aromatic heteropolycyclic compounds	1-hydroxy-2-unsubstituted benzenoids;1-hydroxy-4-unsubstituted benzenoids;3'-hydroxyflavonoids;4'-hydroxyflavonoids;5-hydroxyflavonoids;7-hydroxyflavonoids;Acetals;Benzene and substituted derivatives;Chromones;Flavonoids;Heteroaromatic compounds;Hydrocarbon derivatives;Monosaccharides;Organic oxides;Oxacyclic compounds;Oxanes;Primary alcohols;Pyranones and derivatives;Secondary alcohols;Vinylogous acids	Monocyclic benzene moiety;1-benzopyran;1-hydroxy-2-unsubstituted benzenoid;Monosaccharide;Saccharide;Organic oxide;Acetal;Chromone;Aromatic heteropolycyclic compound;Flavonoid-3-o-glycoside;Pyranone;Oxane;Primary alcohol;Organoheterocyclic compound;Alcohol;Benzopyran;Heteroaromatic compound;5-hydroxyflavonoid;1-hydroxy-4-unsubstituted benzenoid;3'-hydroxyflavonoid;Oxacycle;Vinylogous acid;Organic oxygen compound;Pyran;7-hydroxyflavonoid;Secondary alcohol;4'-hydroxyflavonoid;Phenol;Hydrocarbon derivative;Benzenoid;Organooxygen compound
None	OC1=CC=C(C=C)C=C1	Organic compounds	Benzenoids	Phenols	1-hydroxy-2-unsubstituted benzenoids	1-hydroxy-2-unsubstituted benzenoids	Aromatic homomonocyclic compounds	Benzene and substituted derivatives;Hydrocarbon derivatives;Organooxygen compounds	Aromatic homomonocyclic compound;Monocyclic benzene moiety;Organic oxygen compound;1-hydroxy-2-unsubstituted benzenoid;Hydrocarbon derivative;Organooxygen compound
None	OC(=O)CCC1=CC=CC=C1	Organic compounds	Phenylpropanoids and polyketides	Phenylpropanoic acids	Phenylpropanoic acids	Phenylpropanoic acids	Aromatic homomonocyclic compounds	Benzene and substituted derivatives;Carbonyl compounds;Carboxylic acids;Hydrocarbon derivatives;Monocarboxylic acids and derivatives;Organic oxides	Monocyclic benzene moiety;Carbonyl group;Carboxylic acid;3-Phenylpropanoic-acid;Carboxylic acid derivative;Aromatic homomonocyclic compound;Organic oxide;Monocarboxylic acid or derivatives;Organic oxygen compound;Hydrocarbon derivative;Benzenoid;Organooxygen compound
None	NC1=C(C(O)=O)C2=NC3=C(C=CC=C3OC2=CC1=O)C(O)=O	Organic compounds	Organoheterocyclic compounds	Benzoxazines	Phenoxazines	Phenoxazines	Aromatic heteropolycyclic compounds	1-carboxy-2-haloaromatic compounds;Amino acids;Azacyclic compounds;Benzenoids;Cyclic ketones;Dicarboxylic acids and derivatives;Heteroaromatic compounds;Hydrocarbon derivatives;Organic oxides;Organooxygen compounds;Organopnictogen compounds;Oxacyclic compounds;Primary amines;Vinylogous amides	Carboxylic acid;Amino acid or derivatives;Amino acid;Cyclic ketone;Carboxylic acid derivative;Organic oxide;Aromatic heteropolycyclic compound;Organonitrogen compound;Organopnictogen compound;1-carboxy-2-haloaromatic compound;Vinylogous amide;Azacycle;Heteroaromatic compound;Oxacycle;Phenoxazine;Organic oxygen compound;Dicarboxylic acid or derivatives;Hydrocarbon derivative;Benzenoid;Primary amine;Organic nitrogen compound;Amine;Organooxygen compound
None	C1CN=C2N=CN=CC2=N1	Organic compounds	Organoheterocyclic compounds	Pteridines and derivatives	Pteridines and derivatives	Pteridines and derivatives	Aromatic heteropolycyclic compounds	Azacyclic compounds;Heteroaromatic compounds;Hydrocarbon derivatives;Organonitrogen compounds;Organopnictogen compounds;Pyrimidines and pyrimidine derivatives	Azacycle;Aromatic heteropolycyclic compound;Heteroaromatic compound;Organonitrogen compound;Organopnictogen compound;Hydrocarbon derivative;Organic nitrogen compound;Pteridine;Pyrimidine
None	C1CNC2=C(N1)C=NC=N2	Organic compounds	Organic nitrogen compounds	Organonitrogen compounds	Amines	Secondary alkylarylamines	Aromatic heteropolycyclic compounds	Azacyclic compounds;Heteroaromatic compounds;Hydrocarbon derivatives;Imidolactams;Organopnictogen compounds;Pyrimidines and pyrimidine derivatives	Azacycle;Heteroaromatic compound;Secondary aliphatic/aromatic amine;Pyrimidine;Aromatic heteropolycyclic compound;Organopnictogen compound;Hydrocarbon derivative;Imidolactam;Organoheterocyclic compound
None	NCCC=O	Organic compounds	Organic oxygen compounds	Organooxygen compounds	Carbonyl compounds	Alpha-hydrogen aldehydes	Aliphatic acyclic compounds	Hydrocarbon derivatives;Monoalkylamines;Organic oxides;Organonitrogen compounds;Organopnictogen compounds	Aliphatic acyclic compound;Organic oxide;Alpha-hydrogen aldehyde;Organonitrogen compound;Organopnictogen compound;Hydrocarbon derivative;Primary aliphatic amine;Organic nitrogen compound
None	CC(C)(COP(O)(=O)OP(O)(=O)OC[C@H]1O[C@H]([C@H](O)[C@@H]1OP(O)(O)=O)N1C=NC2=C1N=CN=C2N)[C@@H](O)C(=O)NCCC(=O)NCCSC(=O)CCO	Organic compounds	Lipids and lipid-like molecules	Fatty Acyls	Fatty acyl thioesters	Acyl CoAs	Aromatic heteropolycyclic compounds	Azacyclic compounds;Beta amino acids and derivatives;Carbonyl compounds;Carbothioic S-esters;Carboxylic acids and derivatives;Coenzyme A and derivatives;Heteroaromatic compounds;Hydrocarbon derivatives;Imidazoles;Imidolactams;Monoalkyl phosphates;Monosaccharides;N-acyl amines;N-substituted imidazoles;Organic oxides;Organic pyrophosphates;Organopnictogen compounds;Oxacyclic compounds;Pentose phosphates;Primary amines;Purine ribonucleoside diphosphates;Purines and purine derivatives;Pyrimidines and pyrimidine derivatives;Ribonucleoside 3'-phosphates;Secondary alcohols;Secondary carboxylic acid amides;Sulfenyl compounds;Tetrahydrofurans;Thioesters;Thiolactones	Amino acid or derivatives;Monosaccharide;Pentose-5-phosphate;Imidazopyrimidine;Carbothioic s-ester;Saccharide;Purine ribonucleoside diphosphate;Organonitrogen compound;Organoheterocyclic compound;Alcohol;Sulfenyl compound;Azacycle;Thiocarboxylic acid ester;Heteroaromatic compound;Organic pyrophosphate;Secondary carboxylic acid amide;Monoalkyl phosphate;Hydrocarbon derivative;Primary amine;Amine;Coenzyme a or derivatives;Carbonyl group;Pentose phosphate;Fatty amide;Organosulfur compound;Carboxylic acid derivative;Pyrimidine;Organic oxide;Aromatic heteropolycyclic compound;Imidazole;Organopnictogen compound;Imidolactam;Thiolactone;Azole;N-substituted imidazole;Purine ribonucleoside 3',5'-bisphosphate;Ribonucleoside 3'-phosphate;Thiocarboxylic acid or derivatives;Tetrahydrofuran;Carboxamide group;N-acyl-amine;Beta amino acid or derivatives;Oxacycle;Organic oxygen compound;Phosphoric acid ester;Secondary alcohol;Purine;Organic nitrogen compound;Organic phosphoric acid derivative;Alkyl phosphate;Organooxygen compound
None	NCCC#N	Organic compounds	Organic nitrogen compounds	Organonitrogen compounds	Organic cyanides	Nitriles	Aliphatic acyclic compounds	Hydrocarbon derivatives;Monoalkylamines;Organonitrogen compounds;Organopnictogen compounds	Aliphatic acyclic compound;Nitrile;Organopnictogen compound;Hydrocarbon derivative;Primary aliphatic amine;Carbonitrile
None	O[Se](O)=O	Organic compounds	Organic oxygen compounds	Organic oxoanionic compounds	Organic selenites	Organic selenites	Acyclic compounds	Organic oxides	Organic selenite;Organic oxide;Acyclic compound
None	NC1=NC=NC2=C1N=CN2[C@@H]1O[C@H](COP(O)(=O)O[Se](O)(=O)=O)[C@@H](O)[C@H]1O	Organic compounds	Nucleosides, nucleotides, and analogues	Purine nucleotides	Purine ribonucleotides	Purine ribonucleoside monophosphates	Aromatic heteropolycyclic compounds	1,2-diols;Azacyclic compounds;Heteroaromatic compounds;Hydrocarbon derivatives;Imidazoles;Imidolactams;Monoalkyl phosphates;Monosaccharides;N-substituted imidazoles;Organic oxides;Organic selenates;Organopnictogen compounds;Oxacyclic compounds;Pentose phosphates;Primary amines;Purines and purine derivatives;Pyrimidines and pyrimidine derivatives;Secondary alcohols;Tetrahydrofurans	Pentose phosphate;Purine ribonucleoside monophosphate;Monosaccharide;Pentose-5-phosphate;Imidazopyrimidine;Pyrimidine;Saccharide;Organic oxide;Aromatic heteropolycyclic compound;Imidazole;Organonitrogen compound;Organic selenate;Organopnictogen compound;Imidolactam;Organoheterocyclic compound;Azole;1,2-diol;N-substituted imidazole;Alcohol;Azacycle;Tetrahydrofuran;Heteroaromatic compound;Oxacycle;Organic oxygen compound;Phosphoric acid ester;Monoalkyl phosphate;Secondary alcohol;Hydrocarbon derivative;Purine;Primary amine;Organic nitrogen compound;Organic phosphoric acid derivative;Amine;Alkyl phosphate;Organooxygen compound
None	N[C@@H](C[SeH])C(O)=O	Organic compounds	Organic acids and derivatives	Carboxylic acids and derivatives	Amino acids, peptides, and analogues	Alpha amino acids	Aliphatic acyclic compounds	Carbonyl compounds;Carboxylic acids;Hydrocarbon derivatives;Monoalkylamines;Monocarboxylic acids and derivatives;Organic oxides;Organonitrogen compounds;Organopnictogen compounds;Selenols	Aliphatic acyclic compound;Carbonyl group;Carboxylic acid;Selenol;Organic oxide;Monocarboxylic acid or derivatives;Organic oxygen compound;Organoselenium compound;Organonitrogen compound;Alpha-amino acid;Organopnictogen compound;Hydrocarbon derivative;Primary aliphatic amine;Organic nitrogen compound;Organooxygen compound
None	C[Se]C[C@H](N)C(O)=O	Organic compounds	Organic acids and derivatives	Carboxylic acids and derivatives	Amino acids, peptides, and analogues	Alpha amino acids	Aliphatic acyclic compounds	Carbonyl compounds;Carboxylic acids;Hydrocarbon derivatives;Monoalkylamines;Monocarboxylic acids and derivatives;Organic oxides;Organonitrogen compounds;Organopnictogen compounds;Selenoethers	Aliphatic acyclic compound;Carbonyl group;Carboxylic acid;Selenoether;Organic oxide;Monocarboxylic acid or derivatives;Organic oxygen compound;Organoselenium compound;Organonitrogen compound;Alpha-amino acid;Organopnictogen compound;Hydrocarbon derivative;Primary aliphatic amine;Organic nitrogen compound;Organooxygen compound
None	C[Se+](CCC(N)C(O)=O)C[C@H]1O[C@H]([C@H](O)[C@@H]1O)N1C=NC2=C1N=CN=C2N	Organic compounds	Nucleosides, nucleotides, and analogues	5'-deoxyribonucleosides	5'-deoxyribonucleosides	5'-deoxyribonucleosides	Aromatic heteropolycyclic compounds	1,2-diols;Alpha amino acids;Amino acids;Azacyclic compounds;Carbonyl compounds;Carboxylic acids;Heteroaromatic compounds;Hydrocarbon derivatives;Imidazoles;Imidolactams;Monoalkylamines;Monocarboxylic acids and derivatives;Monosaccharides;N-substituted imidazoles;Organic cations;Organic oxides;Organopnictogen compounds;Oxacyclic compounds;Purines and purine derivatives;Pyrimidines and pyrimidine derivatives;Secondary alcohols;Selenoethers;Tetrahydrofurans	Carbonyl group;Carboxylic acid;Amino acid or derivatives;Amino acid;Monosaccharide;Alpha-amino acid or derivatives;Imidazopyrimidine;Carboxylic acid derivative;Pyrimidine;Saccharide;Organic oxide;Aromatic heteropolycyclic compound;Imidazole;Organonitrogen compound;Alpha-amino acid;Organopnictogen compound;Organic cation;Imidolactam;Organoheterocyclic compound;Azole;1,2-diol;N-substituted imidazole;Alcohol;5'-deoxyribonucleoside;Azacycle;Tetrahydrofuran;Heteroaromatic compound;Oxacycle;Selenoether;Monocarboxylic acid or derivatives;Organic oxygen compound;Organoselenium compound;Secondary alcohol;Hydrocarbon derivative;Primary aliphatic amine;Primary amine;Purine;Organic nitrogen compound;Amine;Organooxygen compound
None	C[Se]CC(NC(=O)CCC(N)C(O)=O)C(O)=O	Organic compounds	Organic acids and derivatives	Carboxylic acids and derivatives	Amino acids, peptides, and analogues	Dipeptides	Aliphatic acyclic compounds	Alpha amino acids;Carbonyl compounds;Carboxylic acids;Dicarboxylic acids and derivatives;Fatty acids and conjugates;Glutamine and derivatives;Hydrocarbon derivatives;Monoalkylamines;N-acyl amines;N-acyl-alpha amino acids;Organic oxides;Organonitrogen compounds;Organopnictogen compounds;Secondary carboxylic acid amides;Selenoethers	Fatty acyl;Aliphatic acyclic compound;Carbonyl group;Carboxylic acid;Glutamine or derivatives;Fatty amide;Fatty acid;Alpha-amino acid or derivatives;Organic oxide;Organonitrogen compound;Alpha-amino acid;Organopnictogen compound;N-acyl-alpha amino acid or derivatives;N-acyl-alpha-amino acid;Carboxamide group;N-acyl-amine;Alpha-dipeptide;Secondary carboxylic acid amide;Selenoether;Organic oxygen compound;Organoselenium compound;Dicarboxylic acid or derivatives;Hydrocarbon derivative;Primary aliphatic amine;Organic nitrogen compound;Organooxygen compound
None	NC1=C2N=CN([C@@H]3O[C@H](COP(O)(=O)O[Se](O)(=O)=O)[C@@H](OP(O)(O)=O)[C@H]3O)C2=NC=N1	Organic compounds	Nucleosides, nucleotides, and analogues	Purine nucleotides	Purine ribonucleotides	Purine ribonucleoside 3',5'-bisphosphates	Aromatic heteropolycyclic compounds	Azacyclic compounds;Heteroaromatic compounds;Hydrocarbon derivatives;Imidazoles;Imidolactams;Monoalkyl phosphates;Monosaccharides;N-substituted imidazoles;Organic oxides;Organic selenates;Organopnictogen compounds;Oxacyclic compounds;Pentose phosphates;Primary amines;Purine ribonucleoside monophosphates;Purines and purine derivatives;Pyrimidines and pyrimidine derivatives;Ribonucleoside 3'-phosphates;Secondary alcohols;Tetrahydrofurans	Pentose phosphate;Purine ribonucleoside monophosphate;Monosaccharide;Pentose-5-phosphate;Imidazopyrimidine;Pyrimidine;Saccharide;Organic oxide;Aromatic heteropolycyclic compound;Imidazole;Organonitrogen compound;Organic selenate;Organopnictogen compound;Imidolactam;Organoheterocyclic compound;Azole;N-substituted imidazole;Purine ribonucleoside 3',5'-bisphosphate;Ribonucleoside 3'-phosphate;Alcohol;Azacycle;Tetrahydrofuran;Heteroaromatic compound;Oxacycle;Organic oxygen compound;Phosphoric acid ester;Monoalkyl phosphate;Secondary alcohol;Hydrocarbon derivative;Purine;Primary amine;Organic nitrogen compound;Organic phosphoric acid derivative;Amine;Alkyl phosphate;Organooxygen compound
None	O[Se](O)(=O)=O	Organic compounds	Organic oxygen compounds	Organic oxoanionic compounds	Organic selenates	Organic selenates	Acyclic compounds	Organic oxides	Organic oxide;Acyclic compound;Organic selenate
None	N[C@@H](CC[SeH])C(O)=O	Organic compounds	Organic acids and derivatives	Carboxylic acids and derivatives	Amino acids, peptides, and analogues	Alpha amino acids	Aliphatic acyclic compounds	Carbonyl compounds;Carboxylic acids;Fatty acids and conjugates;Hydrocarbon derivatives;Monoalkylamines;Monocarboxylic acids and derivatives;Organic oxides;Organonitrogen compounds;Organopnictogen compounds;Selenols	Aliphatic acyclic compound;Carbonyl group;Carboxylic acid;Selenol;Fatty acid;Organic oxide;Monocarboxylic acid or derivatives;Organic oxygen compound;Organoselenium compound;Organonitrogen compound;Alpha-amino acid;Organopnictogen compound;Hydrocarbon derivative;Primary aliphatic amine;Organic nitrogen compound;Organooxygen compound
None	N[C@@H](CC[Se]C[C@H](N)C(O)=O)C(O)=O	Organic compounds	Organic acids and derivatives	Carboxylic acids and derivatives	Amino acids, peptides, and analogues	Alpha amino acids	Aliphatic acyclic compounds	Carbonyl compounds;Carboxylic acids;Dicarboxylic acids and derivatives;Fatty acids and conjugates;Hydrocarbon derivatives;Monoalkylamines;Organic oxides;Organonitrogen compounds;Organopnictogen compounds;Selenoethers	Aliphatic acyclic compound;Carbonyl group;Carboxylic acid;Fatty acid;Selenoether;Organic oxide;Organic oxygen compound;Organoselenium compound;Organonitrogen compound;Alpha-amino acid;Dicarboxylic acid or derivatives;Organopnictogen compound;Hydrocarbon derivative;Primary aliphatic amine;Organic nitrogen compound;Organooxygen compound
None	NC(CCOP(O)(O)=O)C(O)=O	Organic compounds	Organic acids and derivatives	Carboxylic acids and derivatives	Amino acids, peptides, and analogues	Alpha amino acids	Aliphatic acyclic compounds	Carbonyl compounds;Carboxylic acids;Fatty acids and conjugates;Hydrocarbon derivatives;Monoalkyl phosphates;Monoalkylamines;Monocarboxylic acids and derivatives;Organic oxides;Organonitrogen compounds;Organopnictogen compounds;Short-chain hydroxy acids and derivatives	Aliphatic acyclic compound;Carbonyl group;Carboxylic acid;Short-chain hydroxy acid;Fatty acid;Organic oxide;Monocarboxylic acid or derivatives;Organic oxygen compound;Phosphoric acid ester;Monoalkyl phosphate;Organonitrogen compound;Alpha-amino acid;Organopnictogen compound;Hydrocarbon derivative;Primary aliphatic amine;Organic nitrogen compound;Organic phosphoric acid derivative;Alkyl phosphate;Organooxygen compound
None	C[SeH]	Organic compounds	Organometallic compounds	Organometalloid compounds	Organoselenium compounds	Selenols	Aliphatic acyclic compounds	Hydrocarbon derivatives	Aliphatic acyclic compound;Selenol;Hydrocarbon derivative
None	N[C@@H](CCC(O)=N[C@@H](CC#N)C(O)=O)C(O)=O	Organic compounds	Organic acids and derivatives	Carboxylic acids and derivatives	Amino acids, peptides, and analogues	Alpha amino acids	Aliphatic acyclic compounds	Carbonyl compounds;Carboximidic acids;Carboxylic acids;Dicarboxylic acids and derivatives;Fatty acids and conjugates;Hydrocarbon derivatives;Monoalkylamines;Nitriles;Organic oxides;Organonitrogen compounds;Organopnictogen compounds;Propargyl-type 1,3-dipolar organic compounds;Short-chain hydroxy acids and derivatives	Aliphatic acyclic compound;Carboximidic acid;Carbonyl group;Nitrile;Carboxylic acid;Short-chain hydroxy acid;Fatty acid;Organic 1,3-dipolar compound;Propargyl-type 1,3-dipolar organic compound;Organic oxide;Organic oxygen compound;Organonitrogen compound;Alpha-amino acid;Dicarboxylic acid or derivatives;Organopnictogen compound;Hydrocarbon derivative;Primary aliphatic amine;Organic nitrogen compound;Carbonitrile;Organooxygen compound
None	CCCCCCCCCCCCCC(=O)CC(=O)S[*]	Organic compounds	Organoheterocyclic compounds	Thiolactones	Thiolactones	Thiolactones	Aliphatic acyclic compounds	Carboxylic acids and derivatives;Hydrocarbon derivatives;Ketones;Organic metal salts;Organic oxides;Sulfenyl compounds;Thiocarboxylic acids and derivatives	Aliphatic acyclic compound;Thiocarboxylic acid or derivatives;Carbonyl group;Sulfenyl compound;Organosulfur compound;Carboxylic acid derivative;Ketone;Organic oxide;Organic oxygen compound;Hydrocarbon derivative;Organic salt;Thiolactone;Organooxygen compound;Organic metal salt
None	OC(=O)CCC1=C2CC3=C(CC(O)=O)C(CCC(O)=O)=C(CC4=C(CC(O)=O)C(CCC(O)=O)=C(CC5=C(CC(O)=O)C(CCC(O)=O)=C(CC(N2)=C1CC(O)=O)N5)N4)N3	Organic compounds	Organoheterocyclic compounds	Tetrapyrroles and derivatives	Metallotetrapyrroles	Metalloporphyrins	Aromatic heteropolycyclic compounds	Azacyclic compounds;Carbonyl compounds;Carboxylic acids;Heteroaromatic compounds;Hydrocarbon derivatives;Organic oxides;Organonitrogen compounds;Organopnictogen compounds;Porphyrins;Pyrroles	Carbonyl group;Porphyrin;Carboxylic acid;Azacycle;Heteroaromatic compound;Carboxylic acid derivative;Organic oxide;Organic oxygen compound;Aromatic heteropolycyclic compound;Pyrrole;Organonitrogen compound;Organopnictogen compound;Hydrocarbon derivative;Organic nitrogen compound;Organooxygen compound;Metalloporphyrin
None	CC1=C2CC3=C(CCC(O)=O)C(C)=C(CC4=C(CCC(O)=O)C(C)=C(CC5=C(CCC(O)=O)C(C)=C(CC(N2)=C1CCC(O)=O)N5)N4)N3	Organic compounds	Organoheterocyclic compounds	Tetrapyrroles and derivatives	Metallotetrapyrroles	Metalloporphyrins	Aromatic heteropolycyclic compounds	Azacyclic compounds;Carbonyl compounds;Carboxylic acids;Heteroaromatic compounds;Hydrocarbon derivatives;Organic oxides;Organonitrogen compounds;Organopnictogen compounds;Porphyrins;Pyrroles;Tetracarboxylic acids and derivatives	Carbonyl group;Porphyrin;Carboxylic acid;Azacycle;Heteroaromatic compound;Tetracarboxylic acid or derivatives;Carboxylic acid derivative;Organic oxide;Organic oxygen compound;Aromatic heteropolycyclic compound;Pyrrole;Organonitrogen compound;Organopnictogen compound;Hydrocarbon derivative;Organic nitrogen compound;Organooxygen compound;Metalloporphyrin
None	CC1=C(CCC(O)=O)/C2=C/C3=N/C(=C\C4=C(C)C(CCC(O)=O)=C(N4)/C=C4\N=C(\C=C\1/N\2)C(C)=C4CCC(O)=O)/C(CCC(O)=O)=C3C	Organic compounds	Organoheterocyclic compounds	Tetrapyrroles and derivatives	Metallotetrapyrroles	Metallotetrapyrroles	Aromatic heteropolycyclic compounds	Azacyclic compounds;Carbonyl compounds;Carboxylic acids;Heteroaromatic compounds;Hydrocarbon derivatives;Organic oxides;Organonitrogen compounds;Organopnictogen compounds;Pyrroles;Tetracarboxylic acids and derivatives	Carbonyl group;Carboxylic acid;Azacycle;Heteroaromatic compound;Tetracarboxylic acid or derivatives;Carboxylic acid derivative;Organic oxide;Organic oxygen compound;Aromatic heteropolycyclic compound;Pyrrole;Organonitrogen compound;Organopnictogen compound;Hydrocarbon derivative;Organic nitrogen compound;Metallotetrapyrrole skeleton;Organooxygen compound
None	CC(O)CN	Organic compounds	Organic oxygen compounds	Organooxygen compounds	Alcohols and polyols	Secondary alcohols	Aliphatic acyclic compounds	Hydrocarbon derivatives;Monoalkylamines;Organonitrogen compounds;Organopnictogen compounds	Aliphatic acyclic compound;Organonitrogen compound;Secondary alcohol;Organopnictogen compound;Hydrocarbon derivative;Primary aliphatic amine;Organic nitrogen compound
None	[H][C@@]12[C@H](CC(N)=O)[C@@](C)(CCC(=O)NC[C@@H](C)O)C3=C(C)C4=[N]5C(=CC6=[N]7C(=C(C)C8=[N]([C@]1(C)[C@@](C)(CC(N)=O)[C@@H]8CCC(N)=O)[Co++]57N23)[C@@](C)(CC(N)=O)[C@@H]6CCC(N)=O)C(C)(C)[C@@H]4CCC(N)=O	Organic compounds	Organoheterocyclic compounds	Tetrapyrroles and derivatives	Metallotetrapyrroles	Metallotetrapyrroles	Aliphatic heteropolycyclic compounds	Azacyclic compounds;Carbonyl compounds;Carboxylic acids and derivatives;Fatty amides;Hydrocarbon derivatives;Metalloheterocyclic compounds;Organic cations;Organic cobalt salts;Organic oxides;Organonitrogen compounds;Organopnictogen compounds;Primary carboxylic acid amides;Pyrrolidines;Pyrrolines;Secondary alcohols;Secondary carboxylic acid amides	Primary carboxylic acid amide;Fatty acyl;Metalloheterocycle;Carbonyl group;Organic cobalt salt;Fatty amide;Carboxylic acid derivative;Aliphatic heteropolycyclic compound;Organic oxide;Organonitrogen compound;Organopnictogen compound;Organic cation;Organic salt;Metallotetrapyrrole skeleton;Pyrrolidine;Alcohol;Azacycle;Carboxamide group;Organic transition metal salt;Secondary carboxylic acid amide;Pyrroline;Organic oxygen compound;Secondary alcohol;Hydrocarbon derivative;Organic nitrogen compound;Organooxygen compound;Organic metal salt
None	CC1=CC2=C(C=C1C)N(C=N2)[C@H]1O[C@H](CO)C(O)C1O	Organic compounds	Nucleosides, nucleotides, and analogues	Benzimidazole ribonucleosides and ribonucleotides	Benzimidazole ribonucleosides and ribonucleotides	Benzimidazole ribonucleosides and ribonucleotides	Aromatic heteropolycyclic compounds	Azacyclic compounds;Benzenoids;Benzimidazoles;Heteroaromatic compounds;Hydrocarbon derivatives;Imidazoles;Monosaccharides;N-substituted imidazoles;Organonitrogen compounds;Organopnictogen compounds;Oxacyclic compounds;Primary alcohols;Secondary alcohols;Tetrahydrofurans	Alcohol;Azacycle;1-ribofuranosylbenzimidazole;Tetrahydrofuran;Heteroaromatic compound;Monosaccharide;Oxacycle;Saccharide;Organic oxygen compound;Aromatic heteropolycyclic compound;Benzimidazole;Imidazole;Organonitrogen compound;Secondary alcohol;Organopnictogen compound;Hydrocarbon derivative;Benzenoid;Organic nitrogen compound;Primary alcohol;Organoheterocyclic compound;Organooxygen compound;Azole;N-substituted imidazole
None	CC1=C(C=C)\C(NC1=O)=C\C1=C(C)C(CCC(=O)O[C@@H]2O[C@@H]([C@@H](O)[C@H](O)[C@H]2O)C(O)=O)=C(CC2=C(CCC(=O)O[C@@H]3O[C@@H]([C@@H](O)[C@H](O)[C@H]3O)C(O)=O)C(C)=C(N2)\C=C2/NC(=O)C(C=C)=C2C)N1	Organic compounds	Organoheterocyclic compounds	Tetrapyrroles and derivatives	Bilirubins	Bilirubins	Aromatic heteromonocyclic compounds	Acetals;Azacyclic compounds;Beta hydroxy acids and derivatives;Carbonyl compounds;Carboxylic acid esters;Carboxylic acids;Fatty acid esters;Glucuronic acid derivatives;Heteroaromatic compounds;Hydrocarbon derivatives;Lactams;Metallotetrapyrroles;Monosaccharides;O-glucuronides;Organic oxides;Organonitrogen compounds;Organopnictogen compounds;Oxacyclic compounds;Oxanes;Pyran carboxylic acids;Pyrroles;Pyrrolines;Secondary alcohols;Secondary carboxylic acid amides;Tetracarboxylic acids and derivatives	Fatty acyl;Carbonyl group;Lactam;Carboxylic acid;Glucuronic acid or derivatives;Aromatic heteromonocyclic compound;O-glucuronide;Monosaccharide;Carboxylic acid derivative;Pyran carboxylic acid;1-o-glucuronide;Beta-hydroxy acid;Saccharide;Organic oxide;Acetal;Organonitrogen compound;Organopnictogen compound;Oxane;Metallotetrapyrrole skeleton;Alcohol;Pyran carboxylic acid or derivatives;Azacycle;Heteroaromatic compound;Tetracarboxylic acid or derivatives;Hydroxy acid;Carboxamide group;Oxacycle;Secondary carboxylic acid amide;Fatty acid ester;Organic oxygen compound;Pyrroline;Pyran;Carboxylic acid ester;Bilirubin skeleton;Pyrrole;Secondary alcohol;Hydrocarbon derivative;Organic nitrogen compound;Organooxygen compound
None	CCC1=C(C)C(=O)NC1CC1=C(C)C(CCC(O)=O)=C(CC2=C(CCC(O)=O)C(C)=C(CC3NC(=O)C(C=C)=C3C)N2)N1	Organic compounds	Organoheterocyclic compounds	Tetrapyrroles and derivatives	Bilirubins	Bilirubins	Aromatic heteromonocyclic compounds	Azacyclic compounds;Carbonyl compounds;Carboxylic acids;Dicarboxylic acids and derivatives;Heteroaromatic compounds;Hydrocarbon derivatives;Lactams;Metallotetrapyrroles;Organic oxides;Organonitrogen compounds;Organopnictogen compounds;Pyrroles;Pyrrolines;Secondary carboxylic acid amides	Carbonyl group;Lactam;Carboxylic acid;Aromatic heteromonocyclic compound;Azacycle;Heteroaromatic compound;Carboxamide group;Carboxylic acid derivative;Secondary carboxylic acid amide;Organic oxide;Organic oxygen compound;Pyrroline;Bilirubin skeleton;Pyrrole;Organonitrogen compound;Dicarboxylic acid or derivatives;Organopnictogen compound;Hydrocarbon derivative;Organic nitrogen compound;Metallotetrapyrrole skeleton;Organooxygen compound
None	CO[C@@H]1O[C@H](CO)[C@H](O[C@@H]2O[C@H](CO)[C@H](OC)[C@H](O)[C@H]2O)[C@H](O)[C@H]1O	Organic compounds	Organic oxygen compounds	Organooxygen compounds	Carbohydrates and carbohydrate conjugates	Monosaccharides	Aliphatic heteromonocyclic compounds	Acetals;Dialkyl ethers;Hydrocarbon derivatives;Oxacyclic compounds;Oxanes;Primary alcohols;Secondary alcohols	Alcohol;Ether;Monosaccharide;Dialkyl ether;Oxacycle;Acetal;Aliphatic heteromonocyclic compound;Secondary alcohol;Hydrocarbon derivative;Oxane;Primary alcohol;Organoheterocyclic compound
None	CC(C)=CCCC(C)=CCCC(C)=CCCC(C)=CCCC(C)=CCCC(C)=CCCC(C)=CCCC(C)=CCC1=C(O)C=CC(=C1)C([O-])=O	Organic compounds	Lipids and lipid-like molecules	Prenol lipids	Polyprenylphenols	Polyprenylphenols	Aromatic homomonocyclic compounds	1-hydroxy-2-unsubstituted benzenoids;Benzoic acids;Benzoyl derivatives;Carboxylic acids;Hydrocarbon derivatives;Hydroxybenzoic acid derivatives;Monocarboxylic acids and derivatives;Organic anions;Organic oxides;Organooxygen compounds;Sesterterpenoids	Monocyclic benzene moiety;Carboxylic acid;Benzoyl;1-hydroxy-2-unsubstituted benzenoid;Benzoic acid or derivatives;Carboxylic acid derivative;Sesterterpenoid;Hydroxybenzoic acid;Aromatic homomonocyclic compound;Organic oxide;Monocarboxylic acid or derivatives;Organic anion;Organic oxygen compound;Polyprenylphenol;Phenol;Hydrocarbon derivative;Benzenoid;Benzoic acid;Organooxygen compound
None	CC(C)=CCC\C(C)=C\CC\C(C)=C\CC\C(C)=C\CC\C(C)=C\CC\C(C)=C\CC\C(C)=C\CC\C(C)=C\CC1=CC=CC=C1O	Organic compounds	Lipids and lipid-like molecules	Prenol lipids	Polyprenylphenols	Polyprenylphenols	Aromatic homomonocyclic compounds	1-hydroxy-2-unsubstituted benzenoids;1-hydroxy-4-unsubstituted benzenoids;Benzene and substituted derivatives;Hydrocarbon derivatives;Organooxygen compounds;Sesterterpenoids	Aromatic homomonocyclic compound;Monocyclic benzene moiety;Organic oxygen compound;Polyprenylphenol;1-hydroxy-2-unsubstituted benzenoid;Phenol;Hydrocarbon derivative;Benzenoid;1-hydroxy-4-unsubstituted benzenoid;Organooxygen compound;Sesterterpenoid
None	[H]\C(CC\C(C)=C(/[H])CC\C(C)=C(/[H])CC\C(C)=C(/[H])CC\C(C)=C(/[H])CC\C(C)=C(/[H])CC\C(C)=C(/[H])CC1=C(O)C(O)=CC=C1)=C(\C)CCC=C(C)C	Organic compounds	Lipids and lipid-like molecules	Prenol lipids	Polyprenylphenols	Polyprenylbenzene-1,2-diols	Aromatic homomonocyclic compounds	1-hydroxy-2-unsubstituted benzenoids;1-hydroxy-4-unsubstituted benzenoids;Benzene and substituted derivatives;Hydrocarbon derivatives;Organooxygen compounds;Sesterterpenoids	Monocyclic benzene moiety;1-hydroxy-2-unsubstituted benzenoid;1-hydroxy-4-unsubstituted benzenoid;Sesterterpenoid;Aromatic homomonocyclic compound;Organic oxygen compound;Polyprenylbenzene-1,2-diol;Phenol;Hydrocarbon derivative;Benzenoid;Organooxygen compound
None	[H][C@@]1(O)C=CC=C(C(=O)CCC(O)=O)[C@@]1([H])C(O)=O	Organic compounds	Lipids and lipid-like molecules	Fatty Acyls	Fatty acids and conjugates	Carbocyclic fatty acids	Aliphatic homomonocyclic compounds	Beta hydroxy acids and derivatives;Carboxylic acids;Dicarboxylic acids and derivatives;Fatty Acyls;Gamma-keto acids and derivatives;Hydrocarbon derivatives;Hydroxy fatty acids;Ketones;Organic oxides;Secondary alcohols;Short-chain keto acids and derivatives	Alcohol;Carbocyclic fatty acid;Carbonyl group;Carboxylic acid;Short-chain keto acid;Hydroxy acid;Carboxylic acid derivative;Gamma-keto acid;Ketone;Beta-hydroxy acid;Organic oxide;Organic oxygen compound;Keto acid;Secondary alcohol;Aliphatic homomonocyclic compound;Dicarboxylic acid or derivatives;Hydrocarbon derivative;Hydroxy fatty acid;Organooxygen compound
None	CC(C)=CCC\C(C)=C\CC1=C(O)C2=CC=CC=C2C(O)=C1C	Organic compounds	Lipids and lipid-like molecules	Prenol lipids	Quinone and hydroquinone lipids	Prenylated hydroquinones	Aromatic homopolycyclic compounds	Aromatic monoterpenoids;Bicyclic monoterpenoids;Hydrocarbon derivatives;Hydroquinones;Naphthols and derivatives;Organooxygen compounds	Prenylbenzoquinol;Monoterpenoid;Aromatic homopolycyclic compound;Hydroquinone;Naphthalene;Organic oxygen compound;Hydrocarbon derivative;Bicyclic monoterpenoid;1-naphthol;Benzenoid;Organooxygen compound;Aromatic monoterpenoid
None	OC1=CC=CC(C(=O)N[C@H]2COC(=O)[C@H](COC(=O)[C@H](COC2=O)NC(=O)C2=CC=CC(O)=C2O)NC(=O)C2=CC=CC(O)=C2O)=C1O	Organic compounds	Organic acids and derivatives	Peptidomimetics	Depsipeptides	Cyclic depsipeptides	Aromatic heteromonocyclic compounds	1-hydroxy-2-unsubstituted benzenoids;1-hydroxy-4-unsubstituted benzenoids;Alpha amino acid esters;Alpha amino acids;Benzamides;Benzoyl derivatives;Carbonyl compounds;Carboxylic acid esters;Hydrocarbon derivatives;Lactones;N-acyl-alpha amino acids;Organic oxides;Organonitrogen compounds;Organopnictogen compounds;Oxacyclic compounds;Salicylamides;Secondary carboxylic acid amides;Tricarboxylic acids and derivatives;Vinylogous acids	Monocyclic benzene moiety;Carbonyl group;Aromatic heteromonocyclic compound;Benzoyl;1-hydroxy-2-unsubstituted benzenoid;Tricarboxylic acid or derivatives;Alpha-amino acid or derivatives;Carboxylic acid derivative;Benzamide;Lactone;Organic oxide;Cyclic depsipeptide;Organonitrogen compound;Alpha-amino acid;Organopnictogen compound;Organoheterocyclic compound;N-acyl-alpha amino acid or derivatives;Alpha-amino acid ester;N-acyl-alpha-amino acid;Benzoic acid or derivatives;1-hydroxy-4-unsubstituted benzenoid;Carboxamide group;Salicylamide;Oxacycle;Secondary carboxylic acid amide;Vinylogous acid;Organic oxygen compound;Salicylic acid or derivatives;Carboxylic acid ester;Phenol;Hydrocarbon derivative;Benzenoid;Organic nitrogen compound;Organooxygen compound
None	NC1=NC(=O)N(C=C1)[C@@H]1O[C@H](CO)[C@@H](OP(O)(O)=O)[C@H]1O	Organic compounds	Nucleosides, nucleotides, and analogues	Ribonucleoside 3'-phosphates	Ribonucleoside 3'-phosphates	Ribonucleoside 3'-phosphates	Aromatic heteromonocyclic compounds	Azacyclic compounds;Heteroaromatic compounds;Hydrocarbon derivatives;Imidolactams;Monoalkyl phosphates;Monosaccharides;Organic carbonic acids and derivatives;Organic oxides;Organopnictogen compounds;Oxacyclic compounds;Pentose phosphates;Primary alcohols;Primary amines;Pyrimidones;Secondary alcohols;Tetrahydrofurans	Aromatic heteromonocyclic compound;Pentose phosphate;Monosaccharide;Pyrimidone;Pyrimidine;Saccharide;Organic oxide;Organonitrogen compound;Organopnictogen compound;Primary alcohol;Imidolactam;Organoheterocyclic compound;Ribonucleoside 3'-phosphate;Alcohol;Carbonic acid derivative;Azacycle;Tetrahydrofuran;Heteroaromatic compound;Oxacycle;Organic oxygen compound;Phosphoric acid ester;Monoalkyl phosphate;Secondary alcohol;Hydrocarbon derivative;Primary amine;Organic nitrogen compound;Organic phosphoric acid derivative;Amine;Alkyl phosphate;Organooxygen compound
None	N[C@@H](CSS(O)(=O)=O)C(O)=O	Organic compounds	Organic acids and derivatives	Carboxylic acids and derivatives	Amino acids, peptides, and analogues	Cysteine and derivatives	Aliphatic acyclic compounds	Alpha amino acids;Carbonyl compounds;Carboxylic acids;Hydrocarbon derivatives;Monoalkylamines;Monocarboxylic acids and derivatives;Organic oxides;Organonitrogen compounds;Organopnictogen compounds;S-alkyl thiosulfates;Sulfenyl compounds	Aliphatic acyclic compound;Carbonyl group;Carboxylic acid;Sulfenyl compound;Organosulfur compound;S-alkyl thiosulfate;Organic oxide;Monocarboxylic acid or derivatives;Organic oxygen compound;Cysteine or derivatives;Organonitrogen compound;Alpha-amino acid;Organopnictogen compound;Hydrocarbon derivative;Primary aliphatic amine;Organic nitrogen compound;Organooxygen compound
None	OC(=O)\C=C/C1=C(O)C=CC=C1	Organic compounds	Phenylpropanoids and polyketides	Cinnamic acids and derivatives	Hydroxycinnamic acids and derivatives	Hydroxycinnamic acids	Aromatic homomonocyclic compounds	1-hydroxy-2-unsubstituted benzenoids;1-hydroxy-4-unsubstituted benzenoids;Benzene and substituted derivatives;Carbonyl compounds;Carboxylic acids;Hydrocarbon derivatives;Monocarboxylic acids and derivatives;Organic oxides	Monocyclic benzene moiety;Carbonyl group;Carboxylic acid;1-hydroxy-2-unsubstituted benzenoid;1-hydroxy-4-unsubstituted benzenoid;Carboxylic acid derivative;Hydroxycinnamic acid;Aromatic homomonocyclic compound;Organic oxide;Monocarboxylic acid or derivatives;Organic oxygen compound;Phenol;Hydrocarbon derivative;Benzenoid;Organooxygen compound
None	OC[C@H]1O[C@@H](OC2=C(\C=C/C(O)=O)C=CC=C2)[C@H](O)[C@@H](O)[C@@H]1O	Organic compounds	Phenylpropanoids and polyketides	Cinnamic acids and derivatives	Cinnamic acids and derivatives	Cinnamic acids and derivatives	Aromatic heteromonocyclic compounds	Acetals;Carbonyl compounds;Carboxylic acids;Hydrocarbon derivatives;Monocarboxylic acids and derivatives;Monosaccharides;Organic oxides;Oxacyclic compounds;Oxanes;Phenol ethers;Phenoxy compounds;Primary alcohols;Secondary alcohols	Alcohol;Phenol ether;Monocyclic benzene moiety;Carbonyl group;Carboxylic acid;Aromatic heteromonocyclic compound;Monosaccharide;Carboxylic acid derivative;Oxacycle;Cinnamic acid or derivatives;Saccharide;Organic oxide;Monocarboxylic acid or derivatives;Organic oxygen compound;Acetal;Secondary alcohol;Hydrocarbon derivative;Benzenoid;Phenoxy compound;Oxane;Primary alcohol;Organoheterocyclic compound;Organooxygen compound
None	OC(=O)CC(=N)C(O)=O	Organic compounds	Organic acids and derivatives	Carboxylic acids and derivatives	Dicarboxylic acids and derivatives	Dicarboxylic acids and derivatives	Aliphatic acyclic compounds	Carbonyl compounds;Carboxylic acids;Fatty acids and conjugates;Hydrocarbon derivatives;Organic oxides;Organonitrogen compounds;Organopnictogen compounds	Aliphatic acyclic compound;Carbonyl group;Carboxylic acid;Fatty acid;Organic oxide;Organic oxygen compound;Organonitrogen compound;Dicarboxylic acid or derivatives;Organopnictogen compound;Hydrocarbon derivative;Organic nitrogen compound;Organooxygen compound
None	OC[C@H]1O[C@H]([C@H](O)[C@@H]1O)[N+]1=CC=CC(=C1)C(O)=O	Organic compounds	Organoheterocyclic compounds	Pyridines and derivatives	Pyridinecarboxylic acids and derivatives	Pyridine-3-carboxylic acids	Aromatic heteromonocyclic compounds	Azacyclic compounds;Carboxylic acids;Heteroaromatic compounds;Hydrocarbon derivatives;Hydroxypyridines;Monocarboxylic acids and derivatives;Monosaccharides;Organic cations;Organic oxides;Organonitrogen compounds;Organopnictogen compounds;Oxacyclic compounds;Primary alcohols;Secondary alcohols;Tetrahydrofurans;Vinylogous amides	Carboxylic acid;Aromatic heteromonocyclic compound;Pyridine-3-carboxylic acid;Monosaccharide;Carboxylic acid derivative;Saccharide;Organic oxide;Organonitrogen compound;Organopnictogen compound;Organic cation;Primary alcohol;Alcohol;Vinylogous amide;Azacycle;Tetrahydrofuran;Heteroaromatic compound;Hydroxypyridine;Oxacycle;Monocarboxylic acid or derivatives;Organic oxygen compound;Secondary alcohol;Hydrocarbon derivative;Organic nitrogen compound;Organooxygen compound
None	N[C@@H](CCC(=O)NCCS(O)(=O)=O)C(O)=O	Organic compounds	Organic acids and derivatives	Carboxylic acids and derivatives	Amino acids, peptides, and analogues	Glutamine and derivatives	Aliphatic acyclic compounds	Alpha amino acids;Carbonyl compounds;Carboxylic acids;Fatty acids and conjugates;Hydrocarbon derivatives;Monoalkylamines;Monocarboxylic acids and derivatives;N-acyl amines;Organic oxides;Organonitrogen compounds;Organopnictogen compounds;Organosulfonic acids;Secondary carboxylic acid amides;Sulfonyls	Fatty acyl;Aliphatic acyclic compound;Organosulfonic acid or derivatives;Carbonyl group;Carboxylic acid;Glutamine or derivatives;Organosulfonic acid;Fatty amide;Fatty acid;Organosulfur compound;Organic oxide;Organonitrogen compound;Alpha-amino acid;Organopnictogen compound;Carboxamide group;N-acyl-amine;Secondary carboxylic acid amide;Monocarboxylic acid or derivatives;Sulfonyl;Organic oxygen compound;Organic sulfonic acid or derivatives;Hydrocarbon derivative;Primary aliphatic amine;Organic nitrogen compound;Organooxygen compound
None	CC(C)=CCC\C(C)=C\CC1=CC(=CC=C1O)C(O)=O	Organic compounds	Lipids and lipid-like molecules	Prenol lipids	Monoterpenoids	Aromatic monoterpenoids	Aromatic homomonocyclic compounds	1-hydroxy-2-unsubstituted benzenoids;Benzoic acids;Benzoyl derivatives;Carboxylic acids;Hydrocarbon derivatives;Hydroxybenzoic acid derivatives;Monocarboxylic acids and derivatives;Monocyclic monoterpenoids;Organic oxides;Organooxygen compounds	Monocyclic benzene moiety;Monocyclic Monoterpenoid;Carboxylic acid;Benzoyl;1-hydroxy-2-unsubstituted benzenoid;Benzoic acid or derivatives;Carboxylic acid derivative;Hydroxybenzoic acid;Aromatic homomonocyclic compound;Organic oxide;Monocarboxylic acid or derivatives;Organic oxygen compound;Phenol;Hydrocarbon derivative;Benzenoid;Benzoic acid;Organooxygen compound;Aromatic monoterpenoid
None	CC(C)CCC[C@@H](C)CCC[C@@H](C)CCC\C(C)=C\CC1=C(C)C(=O)C2=C(C=CC=C2)C1=O	Organic compounds	Lipids and lipid-like molecules	Prenol lipids	Quinone and hydroquinone lipids	Vitamin K compounds	Aromatic homopolycyclic compounds	Aryl ketones;Diterpenoids;Hydrocarbon derivatives;Naphthoquinones;Organic oxides;Organooxygen compounds;Quinones	Abietane diterpenoid;Aromatic homopolycyclic compound;Ketone;Organic oxide;Naphthalene;Organic oxygen compound;Hydrocarbon derivative;Benzenoid;Diterpenoid;Naphthoquinone;Organooxygen compound;Aryl ketone;Quinone
None	NC1=NC=NC2=C1N=CN2[C@@H]1O[C@H](COP(O)(=O)OC(=O)CCCC[C@@H]2SCC3NC(=O)NC23)[C@@H](O)[C@H]1O	Organic compounds	Nucleosides, nucleotides, and analogues	Purine nucleotides	Purine ribonucleotides	5'-acylphosphoadenosines	Aromatic heteropolycyclic compounds	1,2-diols;Acyl phosphates;Amino acids and derivatives;Azacyclic compounds;Biotin and derivatives;Carbonyl compounds;Dialkylthioethers;Heteroaromatic compounds;Hydrocarbon derivatives;Imidazoles;Imidazolidinones;Imidolactams;Monoalkyl phosphates;Monocarboxylic acids and derivatives;Monosaccharides;N-substituted imidazoles;Organic carbonic acids and derivatives;Organic oxides;Organopnictogen compounds;Oxacyclic compounds;Pentose phosphates;Primary amines;Purines and purine derivatives;Pyrimidines and pyrimidine derivatives;Secondary alcohols;Tetrahydrofurans;Thienoimidazolidines;Thiolanes;Thiophenes	Imidazolidine;Amino acid or derivatives;Monosaccharide;Pentose-5-phosphate;Imidazopyrimidine;Imidazolidinone;Saccharide;Organonitrogen compound;Organoheterocyclic compound;1,2-diol;Alcohol;Azacycle;Dialkylthioether;Heteroaromatic compound;Biotin;Thioether;Monoalkyl phosphate;Hydrocarbon derivative;Primary amine;Amine;Acyl phosphate;Thiolane;Carbonyl group;Pentose phosphate;5'-acylphosphoadenosine;Thiophene;Carboxylic acid derivative;Pyrimidine;Organic oxide;Biotin_derivative;Aromatic heteropolycyclic compound;Imidazole;Organopnictogen compound;Imidolactam;Azole;N-substituted imidazole;Carbonic acid derivative;Tetrahydrofuran;Thienoimidazolidine;Oxacycle;Monocarboxylic acid or derivatives;Organic oxygen compound;Phosphoric acid ester;Secondary alcohol;Purine;Organic nitrogen compound;Organic phosphoric acid derivative;Alkyl phosphate;Organooxygen compound
None	NC1=NC(N[C@@H]2O[C@H](COP(O)(=O)OP(O)(=O)OP(O)(O)=O)[C@@H](O)[C@H]2O)=C(NC=O)C(=O)N1	Organic compounds	Organic oxygen compounds	Organooxygen compounds	Carbohydrates and carbohydrate conjugates	Pentose phosphates	Aromatic heteromonocyclic compounds	1,2-diols;Amino acids and derivatives;Azacyclic compounds;Carbonyl compounds;Carboxylic acids and derivatives;Heteroaromatic compounds;Hydrocarbon derivatives;Imidolactams;Lactams;Monoalkyl phosphates;Monosaccharides;N-arylamides;Organic oxides;Organopnictogen compounds;Oxacyclic compounds;Primary amines;Pyrimidones;Secondary alcohols;Secondary alkylarylamines;Secondary carboxylic acid amides;Tetrahydrofurans;Vinylogous amides	Carbonyl group;Lactam;Aromatic heteromonocyclic compound;Pentose phosphate;Amino acid or derivatives;Pentose-5-phosphate;Pyrimidone;N-arylamide;Carboxylic acid derivative;Pyrimidine;Organic oxide;Organonitrogen compound;Organopnictogen compound;Imidolactam;Organoheterocyclic compound;1,2-diol;Alcohol;Vinylogous amide;Azacycle;Tetrahydrofuran;Heteroaromatic compound;Secondary amine;Carboxamide group;Secondary aliphatic/aromatic amine;Oxacycle;Secondary carboxylic acid amide;Phosphoric acid ester;Monoalkyl phosphate;Secondary alcohol;Hydrocarbon derivative;Primary amine;Organic nitrogen compound;Organic phosphoric acid derivative;Amine;Alkyl phosphate
None	NC1=NC(N[C@@H]2O[C@H](COP(O)(=O)OP(O)(=O)OP(O)(O)=O)[C@@H](O)[C@H]2O)=C(N)C(=O)N1	Organic compounds	Organic oxygen compounds	Organooxygen compounds	Carbohydrates and carbohydrate conjugates	Pentose phosphates	Aromatic heteromonocyclic compounds	1,2-diols;Azacyclic compounds;Heteroaromatic compounds;Hydrocarbon derivatives;Imidolactams;Lactams;Monoalkyl phosphates;Monosaccharides;Organic oxides;Organopnictogen compounds;Oxacyclic compounds;Primary amines;Pyrimidones;Secondary alcohols;Secondary alkylarylamines;Tetrahydrofurans;Vinylogous amides	Lactam;Aromatic heteromonocyclic compound;Pentose phosphate;Pentose-5-phosphate;Pyrimidone;Pyrimidine;Organic oxide;Organonitrogen compound;Organopnictogen compound;Imidolactam;Organoheterocyclic compound;1,2-diol;Alcohol;Vinylogous amide;Azacycle;Tetrahydrofuran;Heteroaromatic compound;Secondary amine;Secondary aliphatic/aromatic amine;Oxacycle;Phosphoric acid ester;Monoalkyl phosphate;Secondary alcohol;Hydrocarbon derivative;Primary amine;Organic nitrogen compound;Organic phosphoric acid derivative;Amine;Alkyl phosphate
None	NC1=NC(=O)C2=C(NCC(=N2)[C@H](O)[C@H](O)COP(O)(O)=O)N1	Organic compounds	Organoheterocyclic compounds	Pteridines and derivatives	Pterins and derivatives	Pterins and derivatives	Aromatic heteropolycyclic compounds	1,2-diols;Azacyclic compounds;Heteroaromatic compounds;Hydrocarbon derivatives;Ketimines;Monoalkyl phosphates;Organic oxides;Organopnictogen compounds;Primary amines;Propargyl-type 1,3-dipolar organic compounds;Pyrimidones;Secondary alcohols;Secondary alkylarylamines;Vinylogous amides	Ketimine;Imine;Pyrimidone;Pyrimidine;Propargyl-type 1,3-dipolar organic compound;Organic oxide;Aromatic heteropolycyclic compound;Organonitrogen compound;Organopnictogen compound;1,2-diol;Alcohol;Vinylogous amide;Pterin;Azacycle;Heteroaromatic compound;Organic 1,3-dipolar compound;Secondary amine;Secondary aliphatic/aromatic amine;Organic oxygen compound;Phosphoric acid ester;Monoalkyl phosphate;Secondary alcohol;Hydrocarbon derivative;Primary amine;Organic nitrogen compound;Organic phosphoric acid derivative;Amine;Alkyl phosphate;Organooxygen compound
None	OC(=O)CCC(=O)N[C@@H](CCC=O)C(O)=O	Organic compounds	Organic acids and derivatives	Carboxylic acids and derivatives	Amino acids, peptides, and analogues	N-acyl-alpha amino acids	Aliphatic acyclic compounds	Alpha amino acids;Alpha-hydrogen aldehydes;Carboxylic acids;Dicarboxylic acids and derivatives;Fatty acids and conjugates;Hydrocarbon derivatives;N-acyl amines;Organic oxides;Organonitrogen compounds;Organopnictogen compounds;Secondary carboxylic acid amides	Fatty acyl;Aliphatic acyclic compound;Carbonyl group;Carboxylic acid;Fatty amide;Fatty acid;Organic oxide;Organonitrogen compound;Alpha-amino acid;Organopnictogen compound;N-acyl-alpha-amino acid;Aldehyde;Carboxamide group;N-acyl-amine;Secondary carboxylic acid amide;Organic oxygen compound;Alpha-hydrogen aldehyde;Dicarboxylic acid or derivatives;Hydrocarbon derivative;Organic nitrogen compound;Organooxygen compound
None	N[C@@H](C[C@@H](O)C=O)C(O)=O	Organic compounds	Organic acids and derivatives	Carboxylic acids and derivatives	Amino acids, peptides, and analogues	Alpha amino acids	Aliphatic acyclic compounds	Alpha-hydroxyaldehydes;Carboxylic acids;Hydrocarbon derivatives;Hydroxy fatty acids;Monoalkylamines;Monocarboxylic acids and derivatives;Organic oxides;Organonitrogen compounds;Organopnictogen compounds;Secondary alcohols;Short-chain hydroxy acids and derivatives	Alcohol;Fatty acyl;Aliphatic acyclic compound;Carbonyl group;Carboxylic acid;Short-chain hydroxy acid;Fatty acid;Aldehyde;Organic oxide;Monocarboxylic acid or derivatives;Alpha-hydroxyaldehyde;Organic oxygen compound;Organonitrogen compound;Alpha-amino acid;Secondary alcohol;Organopnictogen compound;Hydrocarbon derivative;Hydroxy fatty acid;Primary aliphatic amine;Organic nitrogen compound;Organooxygen compound
None	[H][C@@](O)(CC(=O)C(O)=O)C(O)=O	Organic compounds	Organic acids and derivatives	Keto acids and derivatives	Gamma-keto acids and derivatives	Gamma-keto acids and derivatives	Aliphatic acyclic compounds	Alpha hydroxy acids and derivatives;Alpha-hydroxy ketones;Alpha-keto acids and derivatives;Beta-hydroxy ketones;Carboxylic acids;Dicarboxylic acids and derivatives;Fatty Acyls;Hydrocarbon derivatives;Hydroxy fatty acids;Organic oxides;Secondary alcohols;Short-chain keto acids and derivatives	Alcohol;Fatty acyl;Beta-hydroxy ketone;Aliphatic acyclic compound;Carbonyl group;Carboxylic acid;Alpha-hydroxy acid;Short-chain keto acid;Hydroxy acid;Alpha-hydroxy ketone;Carboxylic acid derivative;Gamma-keto acid;Ketone;Organic oxide;Organic oxygen compound;Alpha-keto acid;Secondary alcohol;Dicarboxylic acid or derivatives;Hydrocarbon derivative;Hydroxy fatty acid;Organooxygen compound
None	N[C@@H](C[C@@H](O)C(O)=O)C(O)=O	Organic compounds	Organic acids and derivatives	Carboxylic acids and derivatives	Amino acids, peptides, and analogues	Glutamic acid and derivatives	Aliphatic acyclic compounds	Alpha amino acids;Alpha hydroxy acids and derivatives;Carbonyl compounds;Carboxylic acids;Dicarboxylic acids and derivatives;Hydrocarbon derivatives;Hydroxy fatty acids;Monoalkylamines;Organic oxides;Organonitrogen compounds;Organopnictogen compounds;Secondary alcohols;Short-chain hydroxy acids and derivatives	Fatty acyl;Aliphatic acyclic compound;Carbonyl group;Carboxylic acid;Short-chain hydroxy acid;Alpha-hydroxy acid;Fatty acid;Organic oxide;Organonitrogen compound;Alpha-amino acid;Organopnictogen compound;Hydroxy fatty acid;Alcohol;Glutamic acid or derivatives;Hydroxy acid;Organic oxygen compound;Secondary alcohol;Dicarboxylic acid or derivatives;Hydrocarbon derivative;Primary aliphatic amine;Organic nitrogen compound;Organooxygen compound
None	CCCCC\C=C/C\C=C/C=C/C=C/[C@@H](SC[C@H](N)C(=O)NCC(O)=O)[C@@H](O)CCCC(O)=O	Organic compounds	Organic acids and derivatives	Carboxylic acids and derivatives	Amino acids, peptides, and analogues	Acyl glycines	Aliphatic acyclic compounds	Alpha amino acid amides;Alpha amino acids;Carbonyl compounds;Carboxylic acids;Cysteine and derivatives;Dialkylthioethers;Dicarboxylic acids and derivatives;Dipeptides;Fatty Acyls;Hydrocarbon derivatives;Hydroxy fatty acids;Long-chain fatty acids;Monoalkylamines;Organic oxides;Organonitrogen compounds;Organopnictogen compounds;Secondary alcohols;Secondary carboxylic acid amides;Sulfenyl compounds;Thia fatty acids	Fatty acyl;Aliphatic acyclic compound;Carbonyl group;Long-chain fatty acid;Carboxylic acid;Organosulfur compound;Alpha peptide;Organic oxide;Organonitrogen compound;Alpha-amino acid;Organopnictogen compound;Hydroxy fatty acid;Alcohol;Sulfenyl compound;Alpha-amino acid amide;Dialkylthioether;Carboxamide group;N-acylglycine;Alpha-dipeptide;Secondary carboxylic acid amide;Thia fatty acid;Organic oxygen compound;Thioether;Cysteine or derivatives;Secondary alcohol;Dicarboxylic acid or derivatives;Hydrocarbon derivative;Primary aliphatic amine;Organic nitrogen compound;Organooxygen compound
None	[H][C@](O)(COP(O)(=O)OC[C@@]([H])(COC(=O)CCCCCCC)OC(=O)CCCCCCCCCCCCCC)COP(O)(=O)OC[C@@]([H])(COC(=O)CCCCCCC\C=C/C=C\CCCCCC)OC(=O)CCCCCCCCCCCCCCCCCCCCCC	Organic compounds	Lipids and lipid-like molecules	Glycerophospholipids	Glycerophosphoglycerophosphoglycerols	Cardiolipins	Aliphatic acyclic compounds	Carbonyl compounds;Carboxylic acid esters;Dialkyl phosphates;Fatty acid esters;Glycerophospholipids;Hydrocarbon derivatives;Organic oxides;Secondary alcohols;Tetracarboxylic acids and derivatives	Alcohol;Fatty acyl;Aliphatic acyclic compound;Carbonyl group;Tetracarboxylic acid or derivatives;Carboxylic acid derivative;Cardiolipin;Fatty acid ester;Dialkyl phosphate;Organic oxide;Organic oxygen compound;Phosphoric acid ester;Carboxylic acid ester;Secondary alcohol;Hydrocarbon derivative;Organic phosphoric acid derivative;Alkyl phosphate;Organooxygen compound
None	CCC(=O)OP(O)(=O)OC[C@H]1O[C@H]([C@H](O)[C@@H]1O)N1C=NC2=C1N=CN=C2N	Organic compounds	Nucleosides, nucleotides, and analogues	Purine nucleotides	Purine ribonucleotides	5'-acylphosphoadenosines	Aromatic heteropolycyclic compounds	1,2-diols;Acyl phosphates;Amino acids and derivatives;Azacyclic compounds;Carbonyl compounds;Heteroaromatic compounds;Hydrocarbon derivatives;Imidazoles;Imidolactams;Monoalkyl phosphates;Monocarboxylic acids and derivatives;Monosaccharides;N-substituted imidazoles;Organic oxides;Organopnictogen compounds;Oxacyclic compounds;Pentose phosphates;Primary amines;Purines and purine derivatives;Pyrimidines and pyrimidine derivatives;Secondary alcohols;Tetrahydrofurans	Carbonyl group;Pentose phosphate;Amino acid or derivatives;Monosaccharide;Pentose-5-phosphate;Imidazopyrimidine;5'-acylphosphoadenosine;Carboxylic acid derivative;Pyrimidine;Saccharide;Organic oxide;Aromatic heteropolycyclic compound;Imidazole;Organonitrogen compound;Organopnictogen compound;Imidolactam;Organoheterocyclic compound;Azole;1,2-diol;N-substituted imidazole;Alcohol;Azacycle;Tetrahydrofuran;Heteroaromatic compound;Oxacycle;Monocarboxylic acid or derivatives;Organic oxygen compound;Phosphoric acid ester;Monoalkyl phosphate;Secondary alcohol;Hydrocarbon derivative;Purine;Primary amine;Organic nitrogen compound;Organic phosphoric acid derivative;Amine;Alkyl phosphate;Organooxygen compound;Acyl phosphate
None	CC(=O)OP(O)(=O)OC[C@H]1O[C@H]([C@H](O)[C@@H]1O)N1C=NC2=C1N=CN=C2N	Organic compounds	Nucleosides, nucleotides, and analogues	Purine nucleotides	Purine ribonucleotides	5'-acylphosphoadenosines	Aromatic heteropolycyclic compounds	1,2-diols;Acetate salts;Acyl phosphates;Amino acids and derivatives;Azacyclic compounds;Carbonyl compounds;Heteroaromatic compounds;Hydrocarbon derivatives;Imidazoles;Imidolactams;Monoalkyl phosphates;Monocarboxylic acids and derivatives;Monosaccharides;N-substituted imidazoles;Organic oxides;Organic salts;Organopnictogen compounds;Oxacyclic compounds;Pentose phosphates;Primary amines;Purines and purine derivatives;Pyrimidines and pyrimidine derivatives;Secondary alcohols;Tetrahydrofurans	Carbonyl group;Pentose phosphate;Amino acid or derivatives;Acetate salt;Monosaccharide;Pentose-5-phosphate;Imidazopyrimidine;5'-acylphosphoadenosine;Carboxylic acid derivative;Pyrimidine;Saccharide;Organic oxide;Aromatic heteropolycyclic compound;Imidazole;Organonitrogen compound;Organopnictogen compound;Organic salt;Imidolactam;Organoheterocyclic compound;Azole;1,2-diol;N-substituted imidazole;Alcohol;Azacycle;Tetrahydrofuran;Heteroaromatic compound;Oxacycle;Monocarboxylic acid or derivatives;Organic oxygen compound;Phosphoric acid ester;Monoalkyl phosphate;Secondary alcohol;Hydrocarbon derivative;Purine;Primary amine;Organic nitrogen compound;Organic phosphoric acid derivative;Amine;Alkyl phosphate;Organooxygen compound;Acyl phosphate
None	CC(C)(O)CC(=O)SCCNC(=O)CCNC(=O)C(O)C(C)(C)COP(O)(=O)OP(O)(=O)OC[C@H]1O[C@H]([C@H](O)[C@@H]1OP(O)(O)=O)N1C=NC2=C1N=CN=C2N	Organic compounds	Lipids and lipid-like molecules	Fatty Acyls	Fatty acyl thioesters	Acyl CoAs	Aromatic heteropolycyclic compounds	Azacyclic compounds;Beta amino acids and derivatives;Carbonyl compounds;Carbothioic S-esters;Carboxylic acids and derivatives;Coenzyme A and derivatives;Heteroaromatic compounds;Hydrocarbon derivatives;Imidazoles;Imidolactams;Monoalkyl phosphates;Monosaccharides;N-acyl amines;N-substituted imidazoles;Organic oxides;Organic pyrophosphates;Organopnictogen compounds;Oxacyclic compounds;Pentose phosphates;Primary amines;Purine ribonucleoside diphosphates;Purines and purine derivatives;Pyrimidines and pyrimidine derivatives;Ribonucleoside 3'-phosphates;Secondary alcohols;Secondary carboxylic acid amides;Sulfenyl compounds;Tertiary alcohols;Tetrahydrofurans;Thioesters;Thiolactones	Amino acid or derivatives;Monosaccharide;Pentose-5-phosphate;Imidazopyrimidine;Carbothioic s-ester;Saccharide;Purine ribonucleoside diphosphate;Organonitrogen compound;Organoheterocyclic compound;Alcohol;Sulfenyl compound;Azacycle;Thiocarboxylic acid ester;Heteroaromatic compound;Organic pyrophosphate;Secondary carboxylic acid amide;Monoalkyl phosphate;Hydrocarbon derivative;Primary amine;Amine;Coenzyme a or derivatives;Carbonyl group;Pentose phosphate;Fatty amide;Organosulfur compound;Carboxylic acid derivative;Pyrimidine;Organic oxide;Aromatic heteropolycyclic compound;Imidazole;Organopnictogen compound;Imidolactam;Thiolactone;Azole;N-substituted imidazole;Purine ribonucleoside 3',5'-bisphosphate;Ribonucleoside 3'-phosphate;Thiocarboxylic acid or derivatives;Tetrahydrofuran;Carboxamide group;N-acyl-amine;Beta amino acid or derivatives;Oxacycle;Tertiary alcohol;Organic oxygen compound;Phosphoric acid ester;Secondary alcohol;Purine;Organic nitrogen compound;Organic phosphoric acid derivative;Alkyl phosphate;Organooxygen compound
None	CC(CO)C(=O)SCCNC(=O)CCNC(=O)C(O)C(C)(C)COP(O)(=O)OP(O)(=O)OCC1OC(C(O)C1OP(O)(O)=O)N1C=NC2=C(N)N=CN=C12	Organic compounds	Lipids and lipid-like molecules	Fatty Acyls	Fatty acyl thioesters	Acyl CoAs	Aromatic heteropolycyclic compounds	Azacyclic compounds;Beta amino acids and derivatives;Carbonyl compounds;Carbothioic S-esters;Carboxylic acids and derivatives;Coenzyme A and derivatives;Heteroaromatic compounds;Hydrocarbon derivatives;Imidazoles;Imidolactams;Monoalkyl phosphates;Monosaccharides;N-acyl amines;N-substituted imidazoles;Organic oxides;Organic pyrophosphates;Organopnictogen compounds;Oxacyclic compounds;Pentose phosphates;Primary alcohols;Primary amines;Purine ribonucleoside diphosphates;Purines and purine derivatives;Pyrimidines and pyrimidine derivatives;Ribonucleoside 3'-phosphates;Secondary alcohols;Secondary carboxylic acid amides;Sulfenyl compounds;Tetrahydrofurans;Thioesters;Thiolactones	Amino acid or derivatives;Monosaccharide;Pentose-5-phosphate;Imidazopyrimidine;Carbothioic s-ester;Saccharide;Purine ribonucleoside diphosphate;Organonitrogen compound;Organoheterocyclic compound;Alcohol;Sulfenyl compound;Azacycle;Thiocarboxylic acid ester;Heteroaromatic compound;Organic pyrophosphate;Secondary carboxylic acid amide;Monoalkyl phosphate;Hydrocarbon derivative;Primary amine;Amine;Coenzyme a or derivatives;Carbonyl group;Pentose phosphate;Fatty amide;Organosulfur compound;Carboxylic acid derivative;Pyrimidine;Organic oxide;Aromatic heteropolycyclic compound;Imidazole;Organopnictogen compound;Primary alcohol;Imidolactam;Thiolactone;Azole;N-substituted imidazole;Purine ribonucleoside 3',5'-bisphosphate;Ribonucleoside 3'-phosphate;Thiocarboxylic acid or derivatives;Tetrahydrofuran;Carboxamide group;N-acyl-amine;Beta amino acid or derivatives;Oxacycle;Organic oxygen compound;Phosphoric acid ester;Secondary alcohol;Purine;Organic nitrogen compound;Organic phosphoric acid derivative;Alkyl phosphate;Organooxygen compound
None	C[C@@H](C=O)C(O)=O	Organic compounds	Organic oxygen compounds	Organooxygen compounds	Carbonyl compounds	1,3-dicarbonyl compounds	Aliphatic acyclic compounds	Carboxylic acids;Hydrocarbon derivatives;Monocarboxylic acids and derivatives;Organic oxides;Short-chain aldehydes	Aliphatic acyclic compound;Short-chain aldehyde;Carboxylic acid;Aldehyde;Carboxylic acid derivative;Organic oxide;Monocarboxylic acid or derivatives;Hydrocarbon derivative;1,3-dicarbonyl compound
None	CC[C@](O)(C(C)=O)C(O)=O	Organic compounds	Organic acids and derivatives	Keto acids and derivatives	Short-chain keto acids and derivatives	Short-chain keto acids and derivatives	Aliphatic acyclic compounds	Acyloins;Alpha hydroxy acids and derivatives;Alpha-hydroxy ketones;Beta-hydroxy ketones;Beta-keto acids and derivatives;Branched fatty acids;Carboxylic acids;Fatty Acyls;Hydrocarbon derivatives;Hydroxy fatty acids;Monocarboxylic acids and derivatives;Organic oxides;Tertiary alcohols	Alcohol;Fatty acyl;Beta-hydroxy ketone;Aliphatic acyclic compound;Carbonyl group;Carboxylic acid;Alpha-hydroxy acid;Short-chain keto acid;Hydroxy acid;Alpha-hydroxy ketone;Carboxylic acid derivative;Branched fatty acid;Beta-keto acid;Ketone;Tertiary alcohol;Organic oxide;Monocarboxylic acid or derivatives;Organic oxygen compound;Acyloin;Hydrocarbon derivative;Hydroxy fatty acid;Organooxygen compound
None	CC[C@@](C)(O)[C@@H](O)C(O)=O	Organic compounds	Lipids and lipid-like molecules	Fatty Acyls	Fatty acids and conjugates	Hydroxy fatty acids	Aliphatic acyclic compounds	1,2-diols;Alpha hydroxy acids and derivatives;Carbonyl compounds;Carboxylic acids;Hydrocarbon derivatives;Methyl-branched fatty acids;Monocarboxylic acids and derivatives;Monosaccharides;Organic oxides;Secondary alcohols;Short-chain hydroxy acids and derivatives;Tertiary alcohols	Alcohol;Aliphatic acyclic compound;Carbonyl group;Carboxylic acid;Methyl-branched fatty acid;Short-chain hydroxy acid;Alpha-hydroxy acid;Monosaccharide;Hydroxy acid;Carboxylic acid derivative;Branched fatty acid;Tertiary alcohol;Saccharide;Organic oxide;Monocarboxylic acid or derivatives;Organic oxygen compound;Secondary alcohol;Hydrocarbon derivative;Hydroxy fatty acid;Organooxygen compound;1,2-diol
None	CC(=O)[C@](C)(O)C(O)=O	Organic compounds	Organic acids and derivatives	Keto acids and derivatives	Short-chain keto acids and derivatives	Short-chain keto acids and derivatives	Aliphatic acyclic compounds	Acyloins;Alpha hydroxy acids and derivatives;Alpha-hydroxy ketones;Beta-hydroxy ketones;Beta-keto acids and derivatives;Carboxylic acids;Fatty Acyls;Hydrocarbon derivatives;Hydroxy fatty acids;Methyl-branched fatty acids;Monocarboxylic acids and derivatives;Organic oxides;Tertiary alcohols	Fatty acyl;Beta-hydroxy ketone;Aliphatic acyclic compound;Carbonyl group;Carboxylic acid;Alpha-hydroxy acid;Short-chain keto acid;Alpha-hydroxy ketone;Carboxylic acid derivative;Beta-keto acid;Ketone;Organic oxide;Hydroxy fatty acid;Alcohol;Methyl-branched fatty acid;Hydroxy acid;Branched fatty acid;Tertiary alcohol;Monocarboxylic acid or derivatives;Organic oxygen compound;Acyloin;Hydrocarbon derivative;Organooxygen compound
None	O[C@H](COP(O)(O)=O)C(=O)C(O)=O	Organic compounds	Organic acids and derivatives	Keto acids and derivatives	Short-chain keto acids and derivatives	Short-chain keto acids and derivatives	Aliphatic acyclic compounds	Acyloins;Alpha-hydroxy ketones;Alpha-keto acids and derivatives;Beta hydroxy acids and derivatives;Carboxylic acids;Hydrocarbon derivatives;Monoalkyl phosphates;Monocarboxylic acids and derivatives;Monosaccharides;Organic oxides;Secondary alcohols	Aliphatic acyclic compound;Carbonyl group;Carboxylic acid;Monosaccharide;Short-chain keto acid;Alpha-hydroxy ketone;Carboxylic acid derivative;Ketone;Beta-hydroxy acid;Saccharide;Organic oxide;Alpha-keto acid;Alcohol;Hydroxy acid;Monocarboxylic acid or derivatives;Organic oxygen compound;Phosphoric acid ester;Monoalkyl phosphate;Acyloin;Secondary alcohol;Hydrocarbon derivative;Organic phosphoric acid derivative;Alkyl phosphate;Organooxygen compound
None	N[C@@H]([C@H](O)COP(O)(O)=O)C(O)=O	Organic compounds	Organic acids and derivatives	Carboxylic acids and derivatives	Amino acids, peptides, and analogues	Alpha amino acids	Aliphatic acyclic compounds	Beta hydroxy acids and derivatives;Carbonyl compounds;Carboxylic acids;Fatty acids and conjugates;Hydrocarbon derivatives;Monoalkyl phosphates;Monoalkylamines;Monocarboxylic acids and derivatives;Organic oxides;Organonitrogen compounds;Organopnictogen compounds;Secondary alcohols;Short-chain hydroxy acids and derivatives	Aliphatic acyclic compound;Carbonyl group;Carboxylic acid;Short-chain hydroxy acid;Fatty acid;Beta-hydroxy acid;Organic oxide;Organonitrogen compound;Alpha-amino acid;Organopnictogen compound;Alcohol;Hydroxy acid;Monocarboxylic acid or derivatives;Organic oxygen compound;Phosphoric acid ester;Monoalkyl phosphate;Secondary alcohol;Hydrocarbon derivative;Primary aliphatic amine;Organic nitrogen compound;Organic phosphoric acid derivative;Alkyl phosphate;Organooxygen compound
None	[H][C@](N)(CCC(O)=NCCC#N)C(O)=O	Organic compounds	Organic acids and derivatives	Carboxylic acids and derivatives	Amino acids, peptides, and analogues	Alpha amino acids	Aliphatic acyclic compounds	Carbonyl compounds;Carboximidic acids;Carboxylic acids;Fatty acids and conjugates;Hydrocarbon derivatives;Monoalkylamines;Monocarboxylic acids and derivatives;Nitriles;Organic oxides;Organonitrogen compounds;Organopnictogen compounds;Propargyl-type 1,3-dipolar organic compounds;Short-chain hydroxy acids and derivatives	Aliphatic acyclic compound;Carboximidic acid;Carbonyl group;Nitrile;Carboxylic acid;Short-chain hydroxy acid;Fatty acid;Organic 1,3-dipolar compound;Propargyl-type 1,3-dipolar organic compound;Organic oxide;Monocarboxylic acid or derivatives;Organic oxygen compound;Organonitrogen compound;Alpha-amino acid;Organopnictogen compound;Hydrocarbon derivative;Primary aliphatic amine;Organic nitrogen compound;Carbonitrile;Organooxygen compound
None	[H][C@@](CO[C@@H]1O[C@H](CO)[C@H](O)C(OS(O)(=O)=O)C1O)(NC(=O)CCCCCCCCCCCCCCCCCCCCCCC)[C@]([H])(O)\C=C\CCCCCCCCCCCCC	Organic compounds	Lipids and lipid-like molecules	Sphingolipids	Glycosphingolipids	Glycosphingolipids	Aliphatic heteromonocyclic compounds	Acetals;Alkyl glycosides;Alkyl sulfates;Carbonyl compounds;Carboxylic acids and derivatives;Fatty acyl glycosides of mono- and disaccharides;Hydrocarbon derivatives;Monosaccharides;N-acyl amines;Organic oxides;Organonitrogen compounds;Organopnictogen compounds;Oxacyclic compounds;Oxanes;Primary alcohols;Secondary alcohols;Secondary carboxylic acid amides;Sulfuric acid monoesters	Fatty acyl;Fatty acyl glycoside of mono- or disaccharide;Sulfuric acid monoester;Carbonyl group;Fatty amide;Monosaccharide;Glycosphingolipid;Carboxylic acid derivative;Saccharide;Organic oxide;Acetal;Alkyl sulfate;Aliphatic heteromonocyclic compound;Organonitrogen compound;Organopnictogen compound;Oxane;Primary alcohol;Organoheterocyclic compound;Alcohol;Organic sulfuric acid or derivatives;Fatty acyl glycoside;Carboxamide group;N-acyl-amine;Oxacycle;Secondary carboxylic acid amide;Organic oxygen compound;Secondary alcohol;Sulfate-ester;Hydrocarbon derivative;Organic nitrogen compound;Sulfuric acid ester;Organooxygen compound;Alkyl glycoside
None	CCCCCCCCCCCCC\C=C/C(O)C(CO[C@@H]1O[C@H](CO)[C@H](O[C@H]2O[C@H](CO)[C@H](O)[C@H](O)[C@H]2O)[C@H](O)[C@H]1O)NC(=O)CCCCCCC\C=C/CCCCCCCC	Organic compounds	Lipids and lipid-like molecules	Sphingolipids	Glycosphingolipids	Glycosphingolipids	Aliphatic heteromonocyclic compounds	Acetals;Alkyl glycosides;Carbonyl compounds;Carboxylic acids and derivatives;Fatty acyl glycosides of mono- and disaccharides;Hydrocarbon derivatives;Monosaccharides;N-acyl amines;Organic oxides;Organonitrogen compounds;Organopnictogen compounds;Oxacyclic compounds;Oxanes;Primary alcohols;Secondary alcohols;Secondary carboxylic acid amides	Fatty acyl;Fatty acyl glycoside of mono- or disaccharide;Carbonyl group;Fatty amide;Monosaccharide;Glycosphingolipid;Carboxylic acid derivative;Saccharide;Organic oxide;Acetal;Aliphatic heteromonocyclic compound;Organonitrogen compound;Organopnictogen compound;Oxane;Primary alcohol;Organoheterocyclic compound;Alcohol;Fatty acyl glycoside;Carboxamide group;N-acyl-amine;Oxacycle;Secondary carboxylic acid amide;Organic oxygen compound;Secondary alcohol;Hydrocarbon derivative;Organic nitrogen compound;Organooxygen compound;Alkyl glycoside
None	NC1=NC(=O)C(N)=C(NCC(=O)C(O)C(O)COP(O)(=O)OP(O)(=O)OP(O)(O)=O)N1	Organic compounds	Organic oxygen compounds	Organooxygen compounds	Carbohydrates and carbohydrate conjugates	Pentose phosphates	Aromatic heteromonocyclic compounds	1,2-diols;Acyloins;Alpha-hydroxy ketones;Azacyclic compounds;Beta-hydroxy ketones;Heteroaromatic compounds;Hydrocarbon derivatives;Monoalkyl phosphates;Monosaccharides;Organic oxides;Organopnictogen compounds;Primary amines;Pyrimidones;Secondary alcohols;Secondary alkylarylamines;Vinylogous amides	Beta-hydroxy ketone;Carbonyl group;Aromatic heteromonocyclic compound;Pentose-5-phosphate;Pyrimidone;Alpha-hydroxy ketone;Pyrimidine;Ketone;Organic oxide;Organonitrogen compound;Organopnictogen compound;Organoheterocyclic compound;1,2-diol;Alcohol;Vinylogous amide;Azacycle;Heteroaromatic compound;Secondary amine;Secondary aliphatic/aromatic amine;Phosphoric acid ester;Monoalkyl phosphate;Acyloin;Secondary alcohol;Hydrocarbon derivative;Primary amine;Organic nitrogen compound;Organic phosphoric acid derivative;Amine;Alkyl phosphate
None	N[C@@H]1[C@@H](O)[C@H](O)[C@@H](CO)O[C@H]1OP(O)(O)=O	Organic compounds	Organic acids and derivatives	Organic phosphoric acids and derivatives	Phosphate esters	Monoalkyl phosphates	Aliphatic heteromonocyclic compounds	Hydrocarbon derivatives;Monoalkylamines;Monosaccharides;Organic oxides;Organonitrogen compounds;Organopnictogen compounds;Oxacyclic compounds;Oxanes;Primary alcohols;Secondary alcohols	Alcohol;Monosaccharide;Oxacycle;Saccharide;Organic oxide;Organic oxygen compound;Monoalkyl phosphate;Aliphatic heteromonocyclic compound;Organonitrogen compound;Secondary alcohol;Organopnictogen compound;Hydrocarbon derivative;Primary aliphatic amine;Organic nitrogen compound;Oxane;Primary alcohol;Organoheterocyclic compound;Organooxygen compound
None	NC(=O)CCCCC(S)CCSC(=O)CCCC(O)=O	Organic compounds	Lipids and lipid-like molecules	Fatty Acyls	Fatty acids and conjugates	Thia fatty acids	Aliphatic acyclic compounds	Alkylthiols;Carbonyl compounds;Carbothioic S-esters;Carboxylic acids;Fatty acyl thioesters;Fatty amides;Hydrocarbon derivatives;Monocarboxylic acids and derivatives;Organic oxides;Organonitrogen compounds;Organopnictogen compounds;Primary carboxylic acid amides;Sulfenyl compounds;Thioesters;Thiolactones	Primary carboxylic acid amide;Aliphatic acyclic compound;Carbonyl group;Carboxylic acid;Fatty amide;Organosulfur compound;Carboxylic acid derivative;Carbothioic s-ester;Organic oxide;Organonitrogen compound;Organopnictogen compound;Fatty acyl thioester;Thiolactone;Thiocarboxylic acid or derivatives;Sulfenyl compound;Thiocarboxylic acid ester;Carboxamide group;Monocarboxylic acid or derivatives;Thia fatty acid;Organic oxygen compound;Hydrocarbon derivative;Organic nitrogen compound;Alkylthiol;Organooxygen compound
None	C[N+]1=CCCC1	Organic compounds	Organoheterocyclic compounds	Pyrrolines	Pyrrolines	Pyrrolines	Aliphatic heteromonocyclic compounds	Azacyclic compounds;Hydrocarbon derivatives;Organic cations;Organonitrogen compounds;Organopnictogen compounds	Pyrroline;Azacycle;Aliphatic heteromonocyclic compound;Organonitrogen compound;Organopnictogen compound;Hydrocarbon derivative;Organic nitrogen compound;Organic cation
None	OC[C@H]1O[C@@H](OC2=CC=C(O)C=C2)[C@H](O)[C@@H](O)[C@@H]1O	Organic compounds	Benzenoids	Phenols	4-alkoxyphenols	4-alkoxyphenols	Aromatic heteromonocyclic compounds	1-hydroxy-2-unsubstituted benzenoids;Acetals;Hydrocarbon derivatives;Monosaccharides;Oxacyclic compounds;Oxanes;Phenol ethers;Phenoxy compounds;Primary alcohols;Secondary alcohols	Alcohol;Phenol ether;Monocyclic benzene moiety;4-alkoxyphenol;Aromatic heteromonocyclic compound;1-hydroxy-2-unsubstituted benzenoid;Monosaccharide;Oxacycle;Saccharide;Organic oxygen compound;Acetal;Secondary alcohol;Hydrocarbon derivative;Phenoxy compound;Oxane;Primary alcohol;Organoheterocyclic compound;Organooxygen compound
None	NC1=NC2=C(N=CN2[C@@H]2O[C@H](CO)[C@@H](OP(O)(O)=O)[C@H]2O)C(=O)N1	Organic compounds	Nucleosides, nucleotides, and analogues	Ribonucleoside 3'-phosphates	Ribonucleoside 3'-phosphates	Ribonucleoside 3'-phosphates	Aromatic heteropolycyclic compounds	Azacyclic compounds;Heteroaromatic compounds;Hydrocarbon derivatives;Hypoxanthines;Imidazoles;Lactams;Monoalkyl phosphates;Monosaccharides;N-substituted imidazoles;Organic oxides;Organopnictogen compounds;Oxacyclic compounds;Pentose phosphates;Primary alcohols;Primary amines;Purines and purine derivatives;Pyrimidones;Secondary alcohols;Tetrahydrofurans;Vinylogous amides	Lactam;Pentose phosphate;Monosaccharide;Pyrimidone;Imidazopyrimidine;Pyrimidine;Saccharide;Organic oxide;Aromatic heteropolycyclic compound;Imidazole;Organonitrogen compound;Organopnictogen compound;Primary alcohol;Organoheterocyclic compound;Azole;N-substituted imidazole;Ribonucleoside 3'-phosphate;Alcohol;Vinylogous amide;Azacycle;Tetrahydrofuran;Heteroaromatic compound;Oxacycle;Organic oxygen compound;Phosphoric acid ester;Monoalkyl phosphate;Secondary alcohol;Hypoxanthine;Hydrocarbon derivative;Primary amine;Purine;Organic nitrogen compound;Organic phosphoric acid derivative;Amine;Alkyl phosphate;Organooxygen compound
None	NC1=NC(=O)C2=C(N1)N(C=N2)[C@@H]1O[C@H](CO)[C@H]2OP(O)(=O)O[C@@H]12	Organic compounds	Nucleosides, nucleotides, and analogues	Purine nucleotides	Cyclic purine nucleotides	2',3'-cyclic purine nucleotides	Aromatic heteropolycyclic compounds	Azacyclic compounds;Dioxaphospholanes;Heteroaromatic compounds;Hydrocarbon derivatives;Hypoxanthines;Imidazoles;N-substituted imidazoles;Organic oxides;Organic phosphoric acids and derivatives;Organopnictogen compounds;Oxacyclic compounds;Primary alcohols;Primary amines;Purines and purine derivatives;Pyrimidones;Ribonucleoside 3'-phosphates;Tetrahydrofurans;Vinylogous amides	Pyrimidone;Imidazopyrimidine;Pyrimidine;Organic oxide;Aromatic heteropolycyclic compound;Imidazole;Organonitrogen compound;Organopnictogen compound;Primary alcohol;Organoheterocyclic compound;Azole;N-substituted imidazole;Ribonucleoside 3'-phosphate;Alcohol;Vinylogous amide;Azacycle;Tetrahydrofuran;Heteroaromatic compound;1,3_dioxaphospholane;Oxacycle;Organic oxygen compound;Hypoxanthine;Hydrocarbon derivative;Purine;Primary amine;Organic nitrogen compound;Organic phosphoric acid derivative;Amine;Organooxygen compound;2',3'-cyclic purine ribonucleotide
None	O[C@H]1C[C@@H](O[C@@H]1COP(O)(O)=O)N1C=NC2=C1NC=NC2=O	Organic compounds	Organic oxygen compounds	Organooxygen compounds	Carbohydrates and carbohydrate conjugates	Pentose phosphates	Aromatic heteropolycyclic compounds	Azacyclic compounds;Heteroaromatic compounds;Hydrocarbon derivatives;Hypoxanthines;Imidazoles;Monoalkyl phosphates;Monosaccharides;N-substituted imidazoles;Organic oxides;Organonitrogen compounds;Organopnictogen compounds;Oxacyclic compounds;Purines and purine derivatives;Pyrimidones;Secondary alcohols;Tetrahydrofurans;Vinylogous amides	Pentose phosphate;Pyrimidone;Imidazopyrimidine;Pyrimidine;Organic oxide;Aromatic heteropolycyclic compound;Imidazole;Organonitrogen compound;Organopnictogen compound;Organoheterocyclic compound;Azole;N-substituted imidazole;Alcohol;Vinylogous amide;Azacycle;Tetrahydrofuran;Heteroaromatic compound;Oxacycle;Phosphoric acid ester;Monoalkyl phosphate;Secondary alcohol;Hypoxanthine;Hydrocarbon derivative;Purine;Organic nitrogen compound;Organic phosphoric acid derivative;Alkyl phosphate
None	OP(O)(=O)OC(=O)C1=CC=CC=C1	Organic compounds	Benzenoids	Benzene and substituted derivatives	Benzoic acids and derivatives	Benzoic acids and derivatives	Aromatic homomonocyclic compounds	Acyl phosphates;Benzoyl derivatives;Hydrocarbon derivatives;Monocarboxylic acids and derivatives;Organic oxides;Organic phosphoric acids and derivatives;Organooxygen compounds	Benzoyl;Benzoic acid or derivatives;Carboxylic acid derivative;Aromatic homomonocyclic compound;Organic oxide;Monocarboxylic acid or derivatives;Organic oxygen compound;Hydrocarbon derivative;Organic phosphoric acid derivative;Organooxygen compound;Acyl phosphate
None	O[Mo++](O)(=O)=O	Organic compounds	Organic oxygen compounds	Organic oxoanionic compounds	Organic oxoanionic compounds	Organic oxoanionic compounds	Acyclic compounds	Organic cations;Organic oxides;Organic transition metal salts	Organic Molybdate;Organic oxide;Acyclic compound;Organic cation;Organic salt;Organic transition metal salt;Organic metal salt
None	OC[C@@H]1OC[C@@H](O)[C@@H]1O	Organic compounds	Organic oxygen compounds	Organooxygen compounds	Carbohydrates and carbohydrate conjugates	Monosaccharides	Aliphatic heteromonocyclic compounds	Dialkyl ethers;Hydrocarbon derivatives;Oxacyclic compounds;Primary alcohols;Secondary alcohols;Tetrahydrofurans	Alcohol;Ether;Tetrahydrofuran;Monosaccharide;Dialkyl ether;Oxacycle;Aliphatic heteromonocyclic compound;Secondary alcohol;Hydrocarbon derivative;Primary alcohol;Organoheterocyclic compound
None	OC(=O)CC(=O)\C=C(\Cl)C(O)=O	Organic compounds	Organic acids and derivatives	Keto acids and derivatives	Medium-chain keto acids and derivatives	Medium-chain keto acids and derivatives	Aliphatic acyclic compounds	Acryloyl compounds;Alpha-halocarboxylic acids;Beta-hydroxy ketones;Beta-keto acids and derivatives;Carboxylic acids;Chloroalkenes;Dicarboxylic acids and derivatives;Enones;Fatty Acyls;Halogenated fatty acids;Hydrocarbon derivatives;Organic oxides;Organochlorides;Unsaturated fatty acids;Vinyl chlorides;Vinylogous halides;b'-hydroxy-alpha,beta-unsaturated ketones	Alpha-halocarboxylic acid or derivatives;Fatty acyl;Beta-hydroxy ketone;Aliphatic acyclic compound;Carbonyl group;Carboxylic acid;Organochloride;B'-hydroxy-alpha,beta-unsaturated-ketone;Alpha-halocarboxylic acid;Alpha,beta-unsaturated ketone;Carboxylic acid derivative;Organohalogen compound;Beta-keto acid;Ketone;Unsaturated fatty acid;Organic oxide;Enone;Halogenated fatty acid;Chloroalkene;Vinylogous halide;Organic oxygen compound;Vinyl halide;Haloalkene;Dicarboxylic acid or derivatives;Hydrocarbon derivative;Acryloyl-group;Vinyl chloride;Organooxygen compound;Medium-chain keto acid
None	COC(=O)C1=CC=CC=C1NC(C)=O	Organic compounds	Benzenoids	Benzene and substituted derivatives	Benzoic acids and derivatives	Acylaminobenzoic acid and derivatives	Aromatic homomonocyclic compounds	Acetamides;Acetanilides;Benzoic acid esters;Benzoyl derivatives;Carbonyl compounds;Hydrocarbon derivatives;Methyl esters;Monocarboxylic acids and derivatives;N-acetylarylamines;Organic oxides;Organopnictogen compounds;Secondary carboxylic acid amides;Vinylogous amides	Carbonyl group;N-acetylarylamine;Benzoyl;N-arylamide;Benzoate ester;Carboxylic acid derivative;Organic oxide;Methyl ester;Organonitrogen compound;Organopnictogen compound;Acetamide;Vinylogous amide;Acylaminobenzoic acid or derivatives;Acetanilide;Carboxamide group;Aromatic homomonocyclic compound;Anilide;Secondary carboxylic acid amide;Monocarboxylic acid or derivatives;Organic oxygen compound;Carboxylic acid ester;Hydrocarbon derivative;Organic nitrogen compound;Organooxygen compound
None	OCC(O)C1OC(O)C(O)C(O)C1O	Organic compounds	Organic oxygen compounds	Organooxygen compounds	Carbohydrates and carbohydrate conjugates	Monosaccharides	Aliphatic heteromonocyclic compounds	Hemiacetals;Hydrocarbon derivatives;Oxacyclic compounds;Oxanes;Primary alcohols;Secondary alcohols	Alcohol;Monosaccharide;Oxacycle;Aliphatic heteromonocyclic compound;Secondary alcohol;Hemiacetal;Hydrocarbon derivative;Oxane;Primary alcohol;Organoheterocyclic compound
None	CCCCCCCC(O)=O	Organic compounds	Lipids and lipid-like molecules	Fatty Acyls	Fatty acids and conjugates	Medium-chain fatty acids	Aliphatic acyclic compounds	Carbonyl compounds;Carboxylic acids;Hydrocarbon derivatives;Monocarboxylic acids and derivatives;Organic oxides;Straight chain fatty acids	Aliphatic acyclic compound;Carbonyl group;Straight chain fatty acid;Carboxylic acid;Carboxylic acid derivative;Organic oxide;Monocarboxylic acid or derivatives;Organic oxygen compound;Hydrocarbon derivative;Medium-chain fatty acid;Organooxygen compound
None	CC\C=C/C\C=C/C\C=C/CCCCCCCC(O)=O	Organic compounds	Lipids and lipid-like molecules	Fatty Acyls	Fatty acids and conjugates	Long-chain fatty acids	Aliphatic acyclic compounds	Carbonyl compounds;Carboxylic acids;Fatty Acyls;Hydrocarbon derivatives;Monocarboxylic acids and derivatives;Organic oxides;Straight chain fatty acids	Aliphatic acyclic compound;Carbonyl group;Straight chain fatty acid;Long-chain fatty acid;Carboxylic acid;Carboxylic acid derivative;Organic oxide;Monocarboxylic acid or derivatives;Organic oxygen compound;Hydrocarbon derivative;Organooxygen compound
None	N[C@@H](CC1=CC=C(OP(O)(O)=O)C=C1)C(O)=O	Organic compounds	Organic acids and derivatives	Carboxylic acids and derivatives	Amino acids, peptides, and analogues	Phenylalanine and derivatives	Aromatic homomonocyclic compounds	Alpha amino acids;Amphetamines and derivatives;Carbonyl compounds;Carboxylic acids;Hydrocarbon derivatives;Monoalkylamines;Monocarboxylic acids and derivatives;Organic oxides;Organonitrogen compounds;Organopnictogen compounds;Phenoxy compounds;Phenyl phosphates;Phenylpropanoic acids	Monocyclic benzene moiety;Carbonyl group;Carboxylic acid;3-Phenylpropanoic-acid;Organic oxide;Organonitrogen compound;Alpha-amino acid;Organopnictogen compound;Amphetamine or derivatives;Phenyl phosphate;Aromatic homomonocyclic compound;Monocarboxylic acid or derivatives;Phenylalanine or derivatives;Organic oxygen compound;Phosphoric acid ester;Hydrocarbon derivative;Aryl phosphomonoester;Benzenoid;Primary aliphatic amine;Organic nitrogen compound;Phenoxy compound;Aryl phosphate;Organic phosphoric acid derivative;Organooxygen compound
None	[Co]N1\C2=C(C)/C3=N/C(=C\C4=N\C(=C(C)/C5=NC([C@H](CC(O)=O)[C@@]5(C)CCC(O)=O)[C@@]1(C)[C@@](C)(CC(N)=O)[C@@H]2CCC(O)=O)\[C@@H](CCC(O)=O)C4(C)C)/[C@@H](CCC(O)=O)[C@]3(C)CC(N)=O	Organic compounds	Organoheterocyclic compounds	Tetrapyrroles and derivatives	Corrinoids	Precorrins	Aliphatic heteropolycyclic compounds	Azacyclic compounds;Carbonyl compounds;Carboxylic acids;Fatty amides;Hydrocarbon derivatives;Ketimines;Metallotetrapyrroles;Organic oxides;Organic transition metal salts;Organopnictogen compounds;Pentacarboxylic acids and derivatives;Primary carboxylic acid amides;Propargyl-type 1,3-dipolar organic compounds;Pyrrolidines;Pyrrolines	Primary carboxylic acid amide;Fatty acyl;Ketimine;Carbonyl group;Carboxylic acid;Imine;Fatty amide;Carboxylic acid derivative;Propargyl-type 1,3-dipolar organic compound;Aliphatic heteropolycyclic compound;Organic oxide;Organonitrogen compound;Organopnictogen compound;Organic salt;Metallotetrapyrrole skeleton;Pyrrolidine;Azacycle;Organic 1,3-dipolar compound;Carboxamide group;Pentacarboxylic acid or derivatives;Organic transition metal salt;Pyrroline;Organic oxygen compound;Precorrin;Hydrocarbon derivative;Organic nitrogen compound;Organooxygen compound;Organic metal salt
None	[H][C@]12[C@H](CC(O)=O)[C@@](C)(CCC(O)=O)\C(N1[Co+]C[C@H]1O[C@H]([C@H](O)[C@@H]1O)N1C=NC3=C1N=CN=C3N)=C(C)\C1=N\C(=C/C3=N/C(=C(C)\C4=N[C@]2(C)[C@@](C)(CC(N)=O)[C@@H]4CCC(O)=O)/[C@@](C)(CC(N)=O)[C@@H]3CCC(O)=O)\C(C)(C)[C@@H]1CCC(O)=O	Organic compounds	Organoheterocyclic compounds	Tetrapyrroles and derivatives	Metallotetrapyrroles	Metallotetrapyrroles	Aromatic heteropolycyclic compounds	1,2-diols;5'-deoxyribonucleosides;Amino acids;Azacyclic compounds;Carbonyl compounds;Carboxylic acids;Fatty amides;Heteroaromatic compounds;Hydrocarbon derivatives;Imidazoles;Imidolactams;Ketimines;Monosaccharides;N-substituted imidazoles;Organic cations;Organic cobalt salts;Organic oxides;Organopnictogen compounds;Organotransition metal compounds;Oxacyclic compounds;Pentacarboxylic acids and derivatives;Primary amines;Primary carboxylic acid amides;Purines and purine derivatives;Pyrimidines and pyrimidine derivatives;Pyrrolidines;Pyrrolines;Secondary alcohols;Tetrahydrofurans;Transition metal alkyls	Carboxylic acid;Amino acid or derivatives;Monosaccharide;Imidazopyrimidine;Organic transition metal moeity;Saccharide;Organonitrogen compound;Organic salt;1,2-diol;Alcohol;Azacycle;Transition metal alkyl;Heteroaromatic compound;Organic transition metal salt;Organometallic compound;Hydrocarbon derivative;Primary amine;Amine;Primary carboxylic acid amide;Fatty acyl;Ketimine;Carbonyl group;Organic cobalt salt;Amino acid;Imine;Fatty amide;Carboxylic acid derivative;Pyrimidine;Organic oxide;Aromatic heteropolycyclic compound;Imidazole;Organopnictogen compound;Organic cation;Metallotetrapyrrole skeleton;Pyrrolidine;Imidolactam;Azole;N-substituted imidazole;5'-deoxyribonucleoside;Tetrahydrofuran;Carboxamide group;Pentacarboxylic acid or derivatives;Oxacycle;Pyrroline;Organic oxygen compound;Secondary alcohol;Purine;Organic nitrogen compound;Organooxygen compound;Organic metal salt
None	[H][C@@]12[C@H](CC(N)=O)[C@@](C)(CCC(=O)NC[C@@H](C)O)C3=C(C)C4=[N+]5C(=CC6=[N+]7C(=C(C)C8=[N+]([C@]1(C)[C@@](C)(CC(N)=O)[C@@H]8CCC(N)=O)[Co--]57(C[C@H]1O[C@H]([C@H](O)[C@@H]1O)N1C=NC5=C1N=CN=C5N)N23)[C@@](C)(CC(N)=O)[C@@H]6CCC(N)=O)C(C)(C)[C@@H]4CCC(N)=O	Organic compounds	Organoheterocyclic compounds	Tetrapyrroles and derivatives	Metallotetrapyrroles	Metallotetrapyrroles	Aromatic heteropolycyclic compounds	5'-deoxyribonucleosides;Amino acids and derivatives;Azacyclic compounds;Carbonyl compounds;Carboxylic acids and derivatives;Fatty amides;Heteroaromatic compounds;Hydrocarbon derivatives;Imidazoles;Imidolactams;Metalloheterocyclic compounds;Monosaccharides;N-substituted imidazoles;Organic cations;Organic oxides;Organic transition metal salts;Organopnictogen compounds;Organotransition metal compounds;Oxacyclic compounds;Primary amines;Primary carboxylic acid amides;Purines and purine derivatives;Pyrimidines and pyrimidine derivatives;Pyrrolidines;Pyrrolines;Secondary alcohols;Secondary carboxylic acid amides;Tetrahydrofurans;Transition metal alkyls	Primary carboxylic acid amide;Fatty acyl;Metalloheterocycle;Carbonyl group;Amino acid or derivatives;Fatty amide;Monosaccharide;Imidazopyrimidine;Carboxylic acid derivative;Pyrimidine;Organic transition metal moeity;Saccharide;Organic oxide;Aromatic heteropolycyclic compound;Imidazole;Organonitrogen compound;Organopnictogen compound;Organic cation;Organic salt;Metallotetrapyrrole skeleton;Pyrrolidine;Imidolactam;Azole;N-substituted imidazole;Alcohol;5'-deoxyribonucleoside;Azacycle;Tetrahydrofuran;Transition metal alkyl;Heteroaromatic compound;Carboxamide group;Organic transition metal salt;Oxacycle;Secondary carboxylic acid amide;Pyrroline;Organic oxygen compound;Organometallic compound;Secondary alcohol;Hydrocarbon derivative;Primary amine;Purine;Organic nitrogen compound;Amine;Organooxygen compound;Organic metal salt
None	C[C@H](CNC(=O)CC[C@]1(C)[C@@H](CC(N)=O)[C@H]2N3C1=C(C)C1=[N+]4C(=CC5=[N+]6C(=C(C)C7=[N+]([C@]2(C)[C@@](C)(CC(N)=O)[C@@H]7CCC(N)=O)[Co--]346C[C@H]2O[C@H]([C@H](O)[C@@H]2O)N2C=NC3=C2N=CN=C3N)[C@@](C)(CC(N)=O)[C@@H]5CCC(N)=O)C(C)(C)[C@@H]1CCC(N)=O)OP(O)(O)=O	Organic compounds	Organoheterocyclic compounds	Tetrapyrroles and derivatives	Metallotetrapyrroles	Metallotetrapyrroles	Aromatic heteropolycyclic compounds	1,2-diols;5'-deoxyribonucleosides;Amino acids and derivatives;Azacyclic compounds;Carbonyl compounds;Carboxylic acids and derivatives;Fatty amides;Heteroaromatic compounds;Hydrocarbon derivatives;Imidazoles;Imidolactams;Metalloheterocyclic compounds;Monoalkyl phosphates;Monosaccharides;N-substituted imidazoles;Organic cations;Organic oxides;Organic transition metal salts;Organopnictogen compounds;Organotransition metal compounds;Oxacyclic compounds;Phosphoethanolamines;Primary amines;Primary carboxylic acid amides;Purines and purine derivatives;Pyrimidines and pyrimidine derivatives;Pyrrolidines;Pyrrolines;Secondary alcohols;Secondary carboxylic acid amides;Tetrahydrofurans;Transition metal alkyls	Amino acid or derivatives;Monosaccharide;Imidazopyrimidine;Organic transition metal moeity;Saccharide;Organonitrogen compound;Organic salt;1,2-diol;Alcohol;Azacycle;Transition metal alkyl;Heteroaromatic compound;Organic transition metal salt;Secondary carboxylic acid amide;Monoalkyl phosphate;Organometallic compound;Hydrocarbon derivative;Primary amine;Amine;Primary carboxylic acid amide;Fatty acyl;Metalloheterocycle;Carbonyl group;Fatty amide;Carboxylic acid derivative;Pyrimidine;Phosphoethanolamine;Organic oxide;Aromatic heteropolycyclic compound;Imidazole;Organopnictogen compound;Organic cation;Metallotetrapyrrole skeleton;Pyrrolidine;Imidolactam;Azole;N-substituted imidazole;5'-deoxyribonucleoside;Tetrahydrofuran;Carboxamide group;Oxacycle;Pyrroline;Organic oxygen compound;Phosphoric acid ester;Secondary alcohol;Purine;Organic nitrogen compound;Organic phosphoric acid derivative;Alkyl phosphate;Organooxygen compound;Organic metal salt
None	[H][C@@]12[C@H](CC(N)=O)[C@@](C)(CCC(=O)NC[C@@H](C)OP(O)(=O)OP(O)(=O)OC[C@H]3O[C@H]([C@H](O)[C@@H]3O)N3C=NC4=C3N=C(N)NC4=O)C3=C(C)C4=[N+]5C(=CC6=[N+]7C(=C(C)C8=[N+]([C@]1(C)[C@@](C)(CC(N)=O)[C@@H]8CCC(N)=O)[Co--]57(C[C@H]1O[C@H]([C@H](O)[C@@H]1O)N1C=NC5=C1N=CN=C5N)N23)[C@@](C)(CC(N)=O)[C@@H]6CCC(N)=O)C(C)(C)[C@@H]4CCC(N)=O	Organic compounds	Nucleosides, nucleotides, and analogues	Purine nucleotides	Purine ribonucleotides	Purine ribonucleoside diphosphates	Aromatic heteropolycyclic compounds	5'-deoxyribonucleosides;Amino acids and derivatives;Azacyclic compounds;Carbonyl compounds;Carboxylic acids and derivatives;Fatty amides;Heteroaromatic compounds;Hydrocarbon derivatives;Hypoxanthines;Imidazoles;Imidolactams;Lactams;Metalloheterocyclic compounds;Metallotetrapyrroles;Monoalkyl phosphates;Monosaccharides;N-substituted imidazoles;Organic cations;Organic oxides;Organic pyrophosphates;Organic transition metal salts;Organopnictogen compounds;Organotransition metal compounds;Oxacyclic compounds;Pentose phosphates;Phosphoethanolamines;Primary amines;Primary carboxylic acid amides;Purine ribonucleoside monophosphates;Purines and purine derivatives;Pyrimidones;Pyrrolidines;Pyrrolines;Secondary alcohols;Secondary carboxylic acid amides;Tetrahydrofurans;Transition metal alkyls;Vinylogous amides	Lactam;Amino acid or derivatives;Purine ribonucleoside monophosphate;Monosaccharide;Pentose-5-phosphate;Imidazopyrimidine;Organic transition metal moeity;Saccharide;Purine ribonucleoside diphosphate;Organonitrogen compound;Organic salt;Organoheterocyclic compound;Alcohol;Vinylogous amide;Azacycle;Transition metal alkyl;Heteroaromatic compound;Organic transition metal salt;Organic pyrophosphate;Secondary carboxylic acid amide;Monoalkyl phosphate;Organometallic compound;Hypoxanthine;Hydrocarbon derivative;Primary amine;Amine;Primary carboxylic acid amide;Fatty acyl;Metalloheterocycle;Carbonyl group;Pentose phosphate;Fatty amide;Pyrimidone;Carboxylic acid derivative;Pyrimidine;Phosphoethanolamine;Organic oxide;Aromatic heteropolycyclic compound;Imidazole;Organopnictogen compound;Tetrapyrrole skeleton;Organic cation;Metallotetrapyrrole skeleton;Pyrrolidine;Imidolactam;Azole;N-substituted imidazole;5'-deoxyribonucleoside;Tetrahydrofuran;Carboxamide group;Oxacycle;Pyrroline;Organic oxygen compound;Phosphoric acid ester;Secondary alcohol;Purine;Organic nitrogen compound;Organic phosphoric acid derivative;Alkyl phosphate;Organooxygen compound;Organic metal salt
None	OC1=CC=C(C=C1)C1=COC2=CC(O)=CC(O)=C2C1=O	Organic compounds	Phenylpropanoids and polyketides	Isoflavonoids	Isoflav-2-enes	Isoflavones	Aromatic heteropolycyclic compounds	1-hydroxy-2-unsubstituted benzenoids;1-hydroxy-4-unsubstituted benzenoids;Benzene and substituted derivatives;Chromones;Heteroaromatic compounds;Hydrocarbon derivatives;Isoflavonoids;Organic oxides;Organooxygen compounds;Oxacyclic compounds;Pyranones and derivatives;Vinylogous acids	Isoflavone;Monocyclic benzene moiety;Benzopyran;1-benzopyran;Heteroaromatic compound;1-hydroxy-2-unsubstituted benzenoid;1-hydroxy-4-unsubstituted benzenoid;Oxacycle;Vinylogous acid;Organic oxide;Organic oxygen compound;Chromone;Aromatic heteropolycyclic compound;Pyran;Pyranone;Phenol;Hydrocarbon derivative;Benzenoid;Organoheterocyclic compound;Organooxygen compound
None	CC1(C)SC(NC1C(O)=O)C(NC(=O)CC1=CC=CC=C1)C(O)=O	Organic compounds	Organic acids and derivatives	Carboxylic acids and derivatives	Amino acids, peptides, and analogues	N-acyl-alpha amino acids	Aromatic heteromonocyclic compounds	Alpha amino acids;Amino acids;Azacyclic compounds;Carbonyl compounds;Carboxylic acids;Dialkylamines;Dialkylthioethers;Dicarboxylic acids and derivatives;Hydrocarbon derivatives;Organic oxides;Organopnictogen compounds;Phenylacetamides;Secondary carboxylic acid amides;Thiazolidines;Thiohemiaminal derivatives	Monocyclic benzene moiety;Carbonyl group;Carboxylic acid;Aromatic heteromonocyclic compound;Amino acid;Organic oxide;Organonitrogen compound;Alpha-amino acid;Hemithioaminal;Organopnictogen compound;Phenylacetamide;Organoheterocyclic compound;Secondary aliphatic amine;Azacycle;N-acyl-alpha-amino acid;Dialkylthioether;Secondary amine;Carboxamide group;Secondary carboxylic acid amide;Organic oxygen compound;Thioether;Dicarboxylic acid or derivatives;Hydrocarbon derivative;Benzenoid;Organic nitrogen compound;Organooxygen compound;Amine;Thiazolidine
None	[H][C@@]12C[C@@]3([H])C(=C(O)[C@]1(O)C(=O)C(C(N)=O)=C(O)[C@H]2N(C)C)C(=O)C1=C(O)C=CC=C1[C@@]3(C)O	Organic compounds	Phenylpropanoids and polyketides	Tetracyclines	Tetracyclines	Tetracyclines	Aromatic homopolycyclic compounds	1-hydroxy-2-unsubstituted benzenoids;1-hydroxy-4-unsubstituted benzenoids;Amino acids and derivatives;Anthracenecarboxylic acids and derivatives;Aryl ketones;Carboxylic acids and derivatives;Cyclohexenones;Hydrocarbon derivatives;Naphthacenes;Organic oxides;Organopnictogen compounds;Primary carboxylic acid amides;Tertiary alcohols;Tetralins;Trialkylamines;Vinylogous acids	Primary carboxylic acid amide;Cyclohexenone;Tetralin;Carbonyl group;Amino acid or derivatives;1-hydroxy-2-unsubstituted benzenoid;Carboxylic acid derivative;Ketone;Organic oxide;Anthracene carboxylic acid or derivatives;Organonitrogen compound;Organopnictogen compound;Tertiary amine;Alcohol;Tetracene;Naphthacene;Tertiary aliphatic amine;Aromatic homopolycyclic compound;1-hydroxy-4-unsubstituted benzenoid;Carboxamide group;Tetracycline;Vinylogous acid;Tertiary alcohol;Organic oxygen compound;Hydrocarbon derivative;Benzenoid;Organic nitrogen compound;Amine;Organooxygen compound;Aryl ketone
None	OC\C=C\Cl	Organic compounds	Organohalogen compounds	Vinyl halides	Vinyl chlorides	Vinyl chlorides	Aliphatic acyclic compounds	Chloroalkenes;Hydrocarbon derivatives;Organochlorides;Primary alcohols	Alcohol;Aliphatic acyclic compound;Chloroalkene;Organochloride;Organic oxygen compound;Haloalkene;Hydrocarbon derivative;Vinyl chloride;Primary alcohol;Organooxygen compound
None	OC\C=C/Cl	Organic compounds	Organohalogen compounds	Vinyl halides	Vinyl chlorides	Vinyl chlorides	Aliphatic acyclic compounds	Chloroalkenes;Hydrocarbon derivatives;Organochlorides;Primary alcohols	Alcohol;Aliphatic acyclic compound;Chloroalkene;Organochloride;Organic oxygen compound;Haloalkene;Hydrocarbon derivative;Vinyl chloride;Primary alcohol;Organooxygen compound
None	Cl\C=C\C=O	Organic compounds	Organohalogen compounds	Vinyl halides	Vinylogous halides	Vinylogous halides	Aliphatic acyclic compounds	Aldehydes;Chloroalkenes;Hydrocarbon derivatives;Organic oxides;Organochlorides;Vinyl chlorides	Aliphatic acyclic compound;Carbonyl group;Chloroalkene;Organochloride;Aldehyde;Vinylogous halide;Organic oxide;Organic oxygen compound;Haloalkene;Hydrocarbon derivative;Vinyl chloride;Organooxygen compound
None	O[C@@H]1CC[C@@]2(C)[C@@]([H])(CC[C@@]3(C)[C@@]2([H])[C@H](O)C[C@@]2([H])\C([C@@H](OC(=O)C)C[C@]32C)=C(/CCC=C(C)C)C(O)=O)[C@@H]1C	Organic compounds	Lipids and lipid-like molecules	Steroids and steroid derivatives	Steroid esters	Steroid esters	Aliphatic homopolycyclic compounds	11-hydroxysteroids;3-hydroxysteroids;Branched fatty acids;Carbocyclic fatty acids;Carbonyl compounds;Carboxylic acid esters;Carboxylic acids;Cyclic alcohols and derivatives;Dicarboxylic acids and derivatives;Fatty Acyls;Hydrocarbon derivatives;Hydroxy fatty acids;Medium-chain fatty acids;Medium-chain hydroxy acids and derivatives;Organic oxides;Secondary alcohols	Fatty acyl;Carbocyclic fatty acid;Carbonyl group;Carboxylic acid;Carboxylic acid derivative;Medium-chain hydroxy acid;Aliphatic homopolycyclic compound;Organic oxide;Medium-chain fatty acid;Hydroxy fatty acid;Alcohol;3-hydroxysteroid;Hydroxysteroid;Cyclic alcohol;Branched fatty acid;Steroid ester;Organic oxygen compound;Carboxylic acid ester;Secondary alcohol;Dicarboxylic acid or derivatives;Hydrocarbon derivative;11-hydroxysteroid;Organooxygen compound
None	[Ag+]	Organic compounds	Organic cations		Organic cations	Organic cations	Acyclic compounds		Acyclic compound;Organic cation
None	CC(C)(COP(O)(=O)OP(O)(=O)OC[C@H]1O[C@H]([C@H](O)[C@@H]1OP(O)(O)=O)N1C=NC2=C1N=CN=C2N)C(O)C(=O)NCCC(=O)NCCSC(=O)CC(O)CCCC(O)=O	Organic compounds	Lipids and lipid-like molecules	Fatty Acyls	Fatty acyl thioesters	Acyl CoAs	Aromatic heteropolycyclic compounds	Amino acids;Azacyclic compounds;Beta amino acids and derivatives;Carbonyl compounds;Carbothioic S-esters;Carboxylic acids;Coenzyme A and derivatives;Heteroaromatic compounds;Hydrocarbon derivatives;Hydroxy fatty acids;Imidazoles;Imidolactams;Medium-chain fatty acids;Medium-chain hydroxy acids and derivatives;Monoalkyl phosphates;Monocarboxylic acids and derivatives;Monosaccharides;N-acyl amines;N-substituted imidazoles;Organic oxides;Organic pyrophosphates;Organopnictogen compounds;Oxacyclic compounds;Pentose phosphates;Primary amines;Purine ribonucleoside diphosphates;Purines and purine derivatives;Pyrimidines and pyrimidine derivatives;Ribonucleoside 3'-phosphates;Secondary alcohols;Secondary carboxylic acid amides;Sulfenyl compounds;Tetrahydrofurans;Thioesters;Thiolactones	Carboxylic acid;Amino acid or derivatives;Monosaccharide;Pentose-5-phosphate;Imidazopyrimidine;Medium-chain hydroxy acid;Carbothioic s-ester;Saccharide;Purine ribonucleoside diphosphate;Organonitrogen compound;Hydroxy fatty acid;Organoheterocyclic compound;Alcohol;Sulfenyl compound;Azacycle;Thiocarboxylic acid ester;Heteroaromatic compound;Organic pyrophosphate;Secondary carboxylic acid amide;Monoalkyl phosphate;Hydrocarbon derivative;Primary amine;Amine;Coenzyme a or derivatives;Carbonyl group;Pentose phosphate;Amino acid;Fatty amide;Fatty acid;Organosulfur compound;Carboxylic acid derivative;Pyrimidine;Organic oxide;Aromatic heteropolycyclic compound;Imidazole;Organopnictogen compound;Medium-chain fatty acid;Imidolactam;Thiolactone;Azole;N-substituted imidazole;Purine ribonucleoside 3',5'-bisphosphate;Ribonucleoside 3'-phosphate;Thiocarboxylic acid or derivatives;Tetrahydrofuran;Carboxamide group;N-acyl-amine;Beta amino acid or derivatives;Oxacycle;Monocarboxylic acid or derivatives;Organic oxygen compound;Phosphoric acid ester;Secondary alcohol;Purine;Organic nitrogen compound;Organic phosphoric acid derivative;Alkyl phosphate;Organooxygen compound
None	CC(C)(COP(O)(=O)OP(O)(=O)OC[C@H]1O[C@H]([C@H](O)[C@@H]1OP(O)(O)=O)N1C=NC2=C1N=CN=C2N)C(O)C(=O)NCCC(=O)NCCSC(=O)CC(=O)CCCC(O)=O	Organic compounds	Lipids and lipid-like molecules	Fatty Acyls	Fatty acyl thioesters	3-oxo-acyl CoAs	Aromatic heteropolycyclic compounds	Amino acids;Azacyclic compounds;Beta amino acids and derivatives;Carbothioic S-esters;Carboxylic acids;Coenzyme A and derivatives;Heteroaromatic compounds;Hydrocarbon derivatives;Hydroxy fatty acids;Imidazoles;Imidolactams;Ketones;Medium-chain fatty acids;Medium-chain hydroxy acids and derivatives;Monoalkyl phosphates;Monocarboxylic acids and derivatives;Monosaccharides;N-acyl amines;N-substituted imidazoles;Organic oxides;Organic pyrophosphates;Organopnictogen compounds;Oxacyclic compounds;Pentose phosphates;Primary amines;Purine ribonucleoside diphosphates;Purines and purine derivatives;Pyrimidines and pyrimidine derivatives;Ribonucleoside 3'-phosphates;Secondary alcohols;Secondary carboxylic acid amides;Sulfenyl compounds;Tetrahydrofurans;Thioesters;Thiolactones	Carboxylic acid;Amino acid or derivatives;Monosaccharide;Pentose-5-phosphate;Imidazopyrimidine;Medium-chain hydroxy acid;Carbothioic s-ester;Ketone;Saccharide;Purine ribonucleoside diphosphate;Organonitrogen compound;Hydroxy fatty acid;Organoheterocyclic compound;Alcohol;Sulfenyl compound;Azacycle;Thiocarboxylic acid ester;Heteroaromatic compound;Organic pyrophosphate;Secondary carboxylic acid amide;Monoalkyl phosphate;Hydrocarbon derivative;Primary amine;Amine;Coenzyme a or derivatives;Carbonyl group;Pentose phosphate;Amino acid;Fatty amide;Fatty acid;Organosulfur compound;Carboxylic acid derivative;Pyrimidine;Organic oxide;Aromatic heteropolycyclic compound;Imidazole;Organopnictogen compound;Medium-chain fatty acid;Imidolactam;Thiolactone;Azole;N-substituted imidazole;Purine ribonucleoside 3',5'-bisphosphate;Ribonucleoside 3'-phosphate;Thiocarboxylic acid or derivatives;Tetrahydrofuran;Carboxamide group;N-acyl-amine;Beta amino acid or derivatives;Oxacycle;Monocarboxylic acid or derivatives;Organic oxygen compound;Phosphoric acid ester;Secondary alcohol;Purine;Organic nitrogen compound;Organic phosphoric acid derivative;Alkyl phosphate;Organooxygen compound
None	NCC=O	Organic compounds	Organic nitrogen compounds	Organonitrogen compounds	Organonitrogen compounds	Organonitrogen compounds	Aliphatic acyclic compounds	Aldehydes;Hydrocarbon derivatives;Monoalkylamines;Organic oxides;Organopnictogen compounds	Aliphatic acyclic compound;Carbonyl group;Organic oxide;Organic oxygen compound;Organonitrogen compound;Organopnictogen compound;Aldehyde;Hydrocarbon derivative;Primary aliphatic amine;Organooxygen compound
None	ClC=C(Cl)Cl	Organic compounds	Organohalogen compounds	Vinyl halides	Vinyl chlorides	Vinyl chlorides	Aliphatic acyclic compounds	Chloroalkenes;Hydrocarbon derivatives;Organochlorides	Aliphatic acyclic compound;Chloroalkene;Organochloride;Haloalkene;Hydrocarbon derivative;Vinyl chloride
None	OC(O)C(Cl)(Cl)Cl	Organic compounds	Organohalogen compounds	Halohydrins	Chlorohydrins	Chlorohydrins	Aliphatic acyclic compounds	Alkyl chlorides;Carbonyl hydrates;Hydrocarbon derivatives;Organochlorides;Organooxygen compounds	Aliphatic acyclic compound;Organic oxygen compound;Chlorohydrin;Carbonyl hydrate;Alkyl chloride;Organochloride;Alkyl halide;Hydrocarbon derivative;Organooxygen compound
None	NNC(=O)C1=CC=NC=C1	Organic compounds	Organoheterocyclic compounds	Pyridines and derivatives	Pyridinecarboxylic acids and derivatives	Pyridinecarboxylic acids and derivatives	Aromatic heteromonocyclic compounds	Azacyclic compounds;Carboxylic acid hydrazides;Carboxylic acids and derivatives;Heteroaromatic compounds;Hydrocarbon derivatives;Organic oxides;Organonitrogen compounds;Organooxygen compounds;Organopnictogen compounds	Pyridine carboxylic acid or derivatives;Carboxylic acid hydrazide;Aromatic heteromonocyclic compound;Azacycle;Heteroaromatic compound;Carboxylic acid derivative;Organic oxide;Organic oxygen compound;Organonitrogen compound;Organopnictogen compound;Hydrocarbon derivative;Organic nitrogen compound;Organooxygen compound
None	OC(=O)CC1=CC=CC=C1	Organic compounds	Benzenoids	Benzene and substituted derivatives	Benzene and substituted derivatives	Benzene and substituted derivatives	Aromatic homomonocyclic compounds	Carbonyl compounds;Carboxylic acids;Hydrocarbon derivatives;Monocarboxylic acids and derivatives;Organic oxides	Aromatic homomonocyclic compound;Monocyclic benzene moiety;Carbonyl group;Organic oxide;Monocarboxylic acid or derivatives;Carboxylic acid;Organic oxygen compound;Hydrocarbon derivative;Carboxylic acid derivative;Organooxygen compound
None	C=C1OC(=O)C=C1	Organic compounds	Organoheterocyclic compounds	Dihydrofurans	Furanones	Butenolides	Aliphatic heteromonocyclic compounds	Carbonyl compounds;Dihydrofurans;Enoate esters;Enol esters;Hydrocarbon derivatives;Lactones;Monocarboxylic acids and derivatives;Organic oxides;Oxacyclic compounds	Enoate ester;Carbonyl group;Carboxylic acid derivative;Lactone;Oxacycle;Alpha,beta-unsaturated carboxylic ester;2-furanone;Organic oxide;Monocarboxylic acid or derivatives;Organic oxygen compound;Carboxylic acid ester;Aliphatic heteromonocyclic compound;Hydrocarbon derivative;Enol ester;Organooxygen compound
None	[H]\C(=C(/[H])C(O)=O)C(C)=O	Organic compounds	Lipids and lipid-like molecules	Fatty Acyls	Fatty acids and conjugates	Unsaturated fatty acids	Aliphatic acyclic compounds	Acryloyl compounds;Carboxylic acids;Enones;Hydrocarbon derivatives;Ketones;Monocarboxylic acids and derivatives;Organic oxides	Aliphatic acyclic compound;Carbonyl group;Carboxylic acid;Alpha,beta-unsaturated ketone;Carboxylic acid derivative;Ketone;Unsaturated fatty acid;Organic oxide;Monocarboxylic acid or derivatives;Organic oxygen compound;Hydrocarbon derivative;Acryloyl-group;Organooxygen compound;Enone
None	[H][C@@]12CC3=C(C(O)=CC=C3N(C)C)C(=O)C1=C(O)[C@]1(O)C(=O)C(C(N)=O)=C(O)[C@@H](N(C)C)[C@]1([H])C2	Organic compounds	Phenylpropanoids and polyketides	Tetracyclines	Tetracyclines	Tetracyclines	Aromatic homopolycyclic compounds	1-hydroxy-2-unsubstituted benzenoids;Amino acids and derivatives;Anthracenecarboxylic acids and derivatives;Aryl ketones;Carboxylic acids and derivatives;Cyclohexenones;Dialkylarylamines;Hydrocarbon derivatives;Naphthacenes;Organic oxides;Organopnictogen compounds;Primary carboxylic acid amides;Tertiary alcohols;Tetralins;Trialkylamines;Vinylogous acids	Primary carboxylic acid amide;Cyclohexenone;Tetralin;Carbonyl group;Amino acid or derivatives;1-hydroxy-2-unsubstituted benzenoid;Carboxylic acid derivative;Ketone;Organic oxide;Anthracene carboxylic acid or derivatives;Tertiary aliphatic/aromatic amine;Organonitrogen compound;Organopnictogen compound;Dialkylarylamine;Tertiary amine;Alcohol;Tetracene;Naphthacene;Tertiary aliphatic amine;Aromatic homopolycyclic compound;Carboxamide group;Tetracycline;Vinylogous acid;Tertiary alcohol;Organic oxygen compound;Hydrocarbon derivative;Benzenoid;Organic nitrogen compound;Amine;Organooxygen compound;Aryl ketone
None	OCC(Cl)(Cl)Cl	Organic compounds	Organohalogen compounds	Halohydrins	Chlorohydrins	Chlorohydrins	Aliphatic acyclic compounds	Alcohols and polyols;Alkyl chlorides;Hydrocarbon derivatives;Organochlorides	Alcohol;Aliphatic acyclic compound;Organic oxygen compound;Chlorohydrin;Alkyl chloride;Organochloride;Alkyl halide;Hydrocarbon derivative;Organooxygen compound
None	CC(=O)N1CCCCCNC(=O)CCC(=O)N2CCCCCNC(=O)CCC(=O)N(CCCCCN)O[Fe](O1)O2	Organic compounds	Organic acids and derivatives	Carboxylic acids and derivatives	Carboxylic acid derivatives	Acetamides	Aliphatic heteropolycyclic compounds	Azacyclic compounds;Carbonyl compounds;Carboxylic acids and derivatives;Hydrocarbon derivatives;Lactams;Metalloheterocyclic compounds;Monoalkylamines;Organic oxides;Organic transition metal salts;Organonitrogen compounds;Organopnictogen compounds;Secondary carboxylic acid amides	Metalloheterocycle;Carbonyl group;Lactam;Azacycle;Organic transition metal salt;Aliphatic heteropolycyclic compound;Secondary carboxylic acid amide;Organic oxide;Organic oxygen compound;Organonitrogen compound;Organopnictogen compound;Hydrocarbon derivative;Primary aliphatic amine;Organic nitrogen compound;Organic salt;Organoheterocyclic compound;Acetamide;Organooxygen compound;Organic metal salt
None	NP(=O)(OCCC=O)N(CCCl)CCCl	Organic compounds	Organic nitrogen compounds	Organonitrogen compounds	Nitrogen mustard compounds	Nitrogen mustard compounds	Aliphatic acyclic compounds	Alkyl chlorides;Alpha-hydrogen aldehydes;Hydrocarbon derivatives;Organic oxides;Organic phosphoramides;Organochlorides;Organopnictogen compounds;Phosphate esters;Phosphoric monoester diamides	Aliphatic acyclic compound;Carbonyl group;Alkyl chloride;Organochloride;Aldehyde;Nitrogen mustard;Organohalogen compound;Organic oxide;Organic oxygen compound;Phosphoric acid ester;Alpha-hydrogen aldehyde;Phosphoric monoester diamide;Organopnictogen compound;Alkyl halide;Hydrocarbon derivative;Organic phosphoric acid derivative;Organic phosphoric acid amide;Organooxygen compound
None	NC1=NC(=S)C2=C(N1)N=CN2	Organic compounds	Organoheterocyclic compounds	Imidazopyrimidines	Purines and purine derivatives	Purinethiones	Aromatic heteropolycyclic compounds	Azacyclic compounds;Heteroaromatic compounds;Hydrocarbon derivatives;Imidazoles;Organopnictogen compounds;Organosulfur compounds;Primary amines;Pyrimidinethiones	Pyrimidinethione;Azacycle;Heteroaromatic compound;Organosulfur compound;Pyrimidine;Purinethione;Aromatic heteropolycyclic compound;Imidazole;Organonitrogen compound;Organopnictogen compound;Hydrocarbon derivative;Primary amine;Organic nitrogen compound;Amine;Azole
None	FC1=CNC(=O)NC1=O	Organic compounds	Organoheterocyclic compounds	Diazines	Pyrimidines and pyrimidine derivatives	Halopyrimidines	Aromatic heteromonocyclic compounds	Aryl fluorides;Azacyclic compounds;Heteroaromatic compounds;Hydrocarbon derivatives;Lactams;Organic carbonic acids and derivatives;Organic oxides;Organofluorides;Organonitrogen compounds;Organooxygen compounds;Organopnictogen compounds;Pyrimidones;Vinylogous amides	Aryl fluoride;Vinylogous amide;Carbonic acid derivative;Lactam;Aromatic heteromonocyclic compound;Azacycle;Organofluoride;Heteroaromatic compound;Pyrimidone;Halopyrimidine;Organohalogen compound;Aryl halide;Organic oxide;Organic oxygen compound;Organonitrogen compound;Organopnictogen compound;Hydrocarbon derivative;Organic nitrogen compound;Organooxygen compound
None	OCC1OC(OCC2OC(OC(C#N)C3=CC=CC=C3)C(O)C(O)C2O)C(O)C(O)C1O	Organic compounds	Organic oxygen compounds	Organooxygen compounds	Carbohydrates and carbohydrate conjugates	Cyanogenic glycosides	Aromatic heteromonocyclic compounds	Acetals;Benzene and substituted derivatives;Hydrocarbon derivatives;Monosaccharides;Nitriles;Organonitrogen compounds;Organopnictogen compounds;Oxacyclic compounds;Oxanes;Primary alcohols;Secondary alcohols	Alcohol;Monocyclic benzene moiety;Nitrile;Aromatic heteromonocyclic compound;Monosaccharide;Oxacycle;Acetal;Organonitrogen compound;Cyanogenic glycoside;Secondary alcohol;Organopnictogen compound;Hydrocarbon derivative;Benzenoid;Organic nitrogen compound;Oxane;Primary alcohol;Carbonitrile;Organoheterocyclic compound
None	CCC(C)(OC1OC(CO)C(O)C(O)C1O)C#N	Organic compounds	Organic oxygen compounds	Organooxygen compounds	Carbohydrates and carbohydrate conjugates	Cyanogenic glycosides	Aliphatic heteromonocyclic compounds	Acetals;Hydrocarbon derivatives;Monosaccharides;Nitriles;Organonitrogen compounds;Organopnictogen compounds;Oxacyclic compounds;Oxanes;Primary alcohols;Secondary alcohols	Alcohol;Nitrile;Monosaccharide;Oxacycle;Acetal;Aliphatic heteromonocyclic compound;Organonitrogen compound;Cyanogenic glycoside;Secondary alcohol;Organopnictogen compound;Hydrocarbon derivative;Organic nitrogen compound;Oxane;Primary alcohol;Carbonitrile;Organoheterocyclic compound
None	OCC1OC(OC2=CC(O)=C3C(=O)C(=COC3=C2)C2=CC=C(O)C=C2)C(O)C(O)C1O	Organic compounds	Phenylpropanoids and polyketides	Isoflavonoids	Isoflavonoid O-glycosides	Isoflavonoid O-glycosides	Aromatic heteropolycyclic compounds	1-hydroxy-2-unsubstituted benzenoids;1-hydroxy-4-unsubstituted benzenoids;Acetals;Benzene and substituted derivatives;Chromones;Heteroaromatic compounds;Hydrocarbon derivatives;Isoflavones;Monosaccharides;Organic oxides;Oxacyclic compounds;Oxanes;Phenol ethers;Primary alcohols;Pyranones and derivatives;Secondary alcohols;Vinylogous acids	Phenol ether;Monocyclic benzene moiety;1-benzopyran;1-hydroxy-2-unsubstituted benzenoid;Isoflavonoid-7-o-glycoside;Monosaccharide;Saccharide;Organic oxide;Acetal;Chromone;Aromatic heteropolycyclic compound;Pyranone;Oxane;Primary alcohol;Organoheterocyclic compound;Isoflavone;Alcohol;Benzopyran;Heteroaromatic compound;Isoflavonoid o-glycoside;1-hydroxy-4-unsubstituted benzenoid;Oxacycle;Vinylogous acid;Organic oxygen compound;Pyran;Secondary alcohol;Phenol;Hydrocarbon derivative;Benzenoid;Organooxygen compound
None	O=S=O	Organic compounds	Organic oxygen compounds	Organic oxides	Organic oxides	Organic oxides	Acyclic compounds		Organic oxide;Acyclic compound
None	NC1=NC2=C(NC(CNC3=CC=C(C=C3)C(=O)NC(CCC(=O)NC(CCC(O)=O)C(O)=O)C(O)=O)CN2)C(=O)N1	Organic compounds	Organic acids and derivatives	Carboxylic acids and derivatives	Amino acids, peptides, and analogues	Dipeptides	Aromatic heteropolycyclic compounds	Alpha amino acids;Amino acids;Azacyclic compounds;Benzoyl derivatives;Carbonyl compounds;Carboxylic acids;Glutamic acid and derivatives;Glutamine and derivatives;Heteroaromatic compounds;Hippuric acids and derivatives;Hydrocarbon derivatives;Imidolactams;Lactams;N-acyl amines;N-acyl-alpha amino acids;Organic oxides;Organopnictogen compounds;Phenylalkylamines;Primary amines;Pterins and derivatives;Pyrimidones;Secondary alkylarylamines;Secondary carboxylic acid amides;Tricarboxylic acids and derivatives;Vinylogous amides	Fatty acyl;Monocyclic benzene moiety;Carbonyl group;Lactam;Carboxylic acid;Glutamine or derivatives;Amino acid or derivatives;Amino acid;Fatty amide;Benzoyl;Pyrimidone;Tricarboxylic acid or derivatives;Alpha-amino acid or derivatives;Benzamide;Pyrimidine;Organic oxide;Aromatic heteropolycyclic compound;Organonitrogen compound;Alpha-amino acid;Organopnictogen compound;Imidolactam;Organoheterocyclic compound;N-acyl-alpha amino acid or derivatives;Vinylogous amide;Pterin;Azacycle;N-acyl-alpha-amino acid;Hippuric acid or derivatives;Heteroaromatic compound;Benzoic acid or derivatives;Glutamic acid or derivatives;Secondary amine;Carboxamide group;N-acyl-amine;Secondary aliphatic/aromatic amine;Alpha-dipeptide;Secondary carboxylic acid amide;Organic oxygen compound;Phenylalkylamine;Hydrocarbon derivative;Benzenoid;Primary amine;Organic nitrogen compound;Amine;Organooxygen compound
None	OC(=O)C1CCCCC1	Organic compounds	Organic acids and derivatives	Carboxylic acids and derivatives	Carboxylic acids	Carboxylic acids	Aliphatic homomonocyclic compounds	Carbonyl compounds;Hydrocarbon derivatives;Monocarboxylic acids and derivatives;Organic oxides	Carbonyl group;Organic oxide;Monocarboxylic acid or derivatives;Carboxylic acid;Organic oxygen compound;Aliphatic homomonocyclic compound;Hydrocarbon derivative;Organooxygen compound
None	CC(C)=CCC\C(C)=C/C=O	Organic compounds	Lipids and lipid-like molecules	Prenol lipids	Monoterpenoids	Acyclic monoterpenoids	Aliphatic acyclic compounds	Hydrocarbon derivatives;Medium-chain aldehydes;Organic oxides	Aliphatic acyclic compound;Carbonyl group;Organic oxide;Organic oxygen compound;Acyclic monoterpenoid;Aldehyde;Hydrocarbon derivative;Medium-chain aldehyde;Organooxygen compound
None	CC(C)=CCC\C(C)=C\CO	Organic compounds	Lipids and lipid-like molecules	Prenol lipids	Monoterpenoids	Acyclic monoterpenoids	Aliphatic acyclic compounds	Fatty alcohols;Hydrocarbon derivatives;Primary alcohols	Alcohol;Fatty acyl;Aliphatic acyclic compound;Organic oxygen compound;Fatty alcohol;Acyclic monoterpenoid;Hydrocarbon derivative;Primary alcohol;Organooxygen compound
None	OC1=CC=C(C=C1)C1=COC2=C(C=CC(O)=C2)C1=O	Organic compounds	Phenylpropanoids and polyketides	Isoflavonoids	Isoflav-2-enes	Isoflavones	Aromatic heteropolycyclic compounds	1-hydroxy-2-unsubstituted benzenoids;Benzene and substituted derivatives;Chromones;Heteroaromatic compounds;Hydrocarbon derivatives;Isoflavonoids;Organic oxides;Organooxygen compounds;Oxacyclic compounds;Pyranones and derivatives	Isoflavone;Monocyclic benzene moiety;Benzopyran;1-benzopyran;Heteroaromatic compound;1-hydroxy-2-unsubstituted benzenoid;Oxacycle;Organic oxide;Organic oxygen compound;Chromone;Aromatic heteropolycyclic compound;Pyran;Pyranone;Phenol;Hydrocarbon derivative;Benzenoid;Organoheterocyclic compound;Organooxygen compound
None	OC[C@H]1O[C@@H](OC2=CC3=C(C=C2)C(=O)C(=CO3)C2=CC=C(O)C=C2)[C@H](O)[C@@H](O)[C@@H]1O	Organic compounds	Phenylpropanoids and polyketides	Isoflavonoids	Isoflavonoid O-glycosides	Isoflavonoid O-glycosides	Aromatic heteropolycyclic compounds	1-hydroxy-2-unsubstituted benzenoids;Acetals;Benzene and substituted derivatives;Chromones;Heteroaromatic compounds;Hydrocarbon derivatives;Isoflavones;Monosaccharides;Organic oxides;Oxacyclic compounds;Oxanes;Phenol ethers;Primary alcohols;Pyranones and derivatives;Secondary alcohols	Phenol ether;Monocyclic benzene moiety;1-benzopyran;1-hydroxy-2-unsubstituted benzenoid;Isoflavonoid-7-o-glycoside;Monosaccharide;Saccharide;Organic oxide;Acetal;Chromone;Aromatic heteropolycyclic compound;Pyranone;Oxane;Primary alcohol;Organoheterocyclic compound;Isoflavone;Alcohol;Benzopyran;Heteroaromatic compound;Isoflavonoid o-glycoside;Oxacycle;Organic oxygen compound;Pyran;Secondary alcohol;Phenol;Hydrocarbon derivative;Benzenoid;Organooxygen compound
None	OC(=O)\C=C/C1=CC=CC=C1	Organic compounds	Phenylpropanoids and polyketides	Cinnamic acids and derivatives	Cinnamic acids and derivatives	Cinnamic acids and derivatives	Aromatic homomonocyclic compounds	Benzene and substituted derivatives;Carbonyl compounds;Carboxylic acids;Hydrocarbon derivatives;Monocarboxylic acids and derivatives;Organic oxides	Monocyclic benzene moiety;Carbonyl group;Carboxylic acid;Carboxylic acid derivative;Aromatic homomonocyclic compound;Cinnamic acid or derivatives;Organic oxide;Monocarboxylic acid or derivatives;Organic oxygen compound;Hydrocarbon derivative;Benzenoid;Organooxygen compound
None	BrCCBr	Organic compounds	Organohalogen compounds	Organobromides	Organobromides	Organobromides	Aliphatic acyclic compounds	Alkyl bromides;Hydrocarbon derivatives	Aliphatic acyclic compound;Organobromide;Alkyl halide;Hydrocarbon derivative;Alkyl bromide
None	CS(C)=O	Organic compounds	Organosulfur compounds	Sulfoxides	Sulfoxides	Sulfoxides	Aliphatic acyclic compounds	Hydrocarbon derivatives;Organic oxides;Sulfinyl compounds	Aliphatic acyclic compound;Organic oxide;Organic oxygen compound;Sulfinyl compound;Sulfoxide;Hydrocarbon derivative
None	CS(O)(=O)=O	Organic compounds	Organic acids and derivatives	Organic sulfonic acids and derivatives	Organosulfonic acids and derivatives	Methanesulfonates	Aliphatic acyclic compounds	Hydrocarbon derivatives;Organic oxides;Organosulfonic acids;Sulfonyls	Methanesulfonate;Aliphatic acyclic compound;Organic oxide;Sulfonyl;Organic oxygen compound;Organosulfonic acid;Hydrocarbon derivative;Organosulfur compound
None	CCC1=C2C=C(O)C=CC2=NC2=C1CN1C2=CC2=C(COC(=O)[C@]2(O)CC)C1=O	Organic compounds	Alkaloids and derivatives	Camptothecins	Camptothecins	Camptothecins	Aromatic heteropolycyclic compounds	1-hydroxy-2-unsubstituted benzenoids;2-halopyridines;Azacyclic compounds;Benzenoids;Carbonyl compounds;Carboxylic acid esters;Heteroaromatic compounds;Hydrocarbon derivatives;Hydroxypyridines;Hydroxyquinolines;Lactams;Lactones;Methylpyridines;Monocarboxylic acids and derivatives;Organic oxides;Organonitrogen compounds;Organopnictogen compounds;Oxacyclic compounds;Polyhalopyridines;Pyranopyridines;Pyridinones;Tertiary alcohols	Camptothecin;Carbonyl group;Lactam;Polyhalopyridine;1-hydroxy-2-unsubstituted benzenoid;Carboxylic acid derivative;Lactone;Organic oxide;Aromatic heteropolycyclic compound;Organonitrogen compound;Quinoline;Organopnictogen compound;2-halopyridine;Organoheterocyclic compound;Alcohol;Azacycle;Heteroaromatic compound;Hydroxypyridine;Methylpyridine;Hydroxyquinoline;Oxacycle;Tertiary alcohol;Monocarboxylic acid or derivatives;Pyridine;Organic oxygen compound;Carboxylic acid ester;Hydrocarbon derivative;Benzenoid;Organic nitrogen compound;Pyranopyridine;Pyridinone;Organooxygen compound
None	COC1=CC2=C(C3[C@@H](O)[C@@H](OC3O2)SCC(N=C(O)CCC(N)C(O)=O)C(O)=NCC(O)=O)C2=C1C1=C(C(=O)CC1)C(=O)O2	Organic compounds	Phenylpropanoids and polyketides	Coumarins and derivatives	Furanocoumarins	Difurocoumarocyclopentenones	Aromatic heteropolycyclic compounds	1-benzopyrans;Acetals;Alkyl aryl ethers;Alpha amino acids;Angular furanocoumarins;Anisoles;Aryl alkyl ketones;Carboximidic acids;Carboxylic acids;Coumarans;Dicarboxylic acids and derivatives;Difurocoumarins;Heteroaromatic compounds;Hydrocarbon derivatives;Lactones;Monoalkylamines;Monothioacetals;Organic oxides;Organonitrogen compounds;Organopnictogen compounds;Oxacyclic compounds;Propargyl-type 1,3-dipolar organic compounds;Pyranones and derivatives;Secondary alcohols;Sulfenyl compounds;Tetrahydrofurans	Difurocoumarocyclopentenone;Phenol ether;Carboximidic acid;Carbonyl group;Ether;Carboxylic acid;Aryl alkyl ketone;1-benzopyran;Alpha-amino acid or derivatives;Alkyl aryl ether;Organosulfur compound;Carboxylic acid derivative;Propargyl-type 1,3-dipolar organic compound;Ketone;Monothioacetal;Lactone;Organic oxide;Acetal;Aromatic heteropolycyclic compound;Organonitrogen compound;Pyranone;Alpha-amino acid;Organopnictogen compound;Organoheterocyclic compound;Coumaran;Difurocoumarin;Alcohol;Benzopyran;Sulfenyl compound;Tetrahydrofuran;Heteroaromatic compound;Organic 1,3-dipolar compound;Oxacycle;Organic oxygen compound;Pyran;Anisole;Secondary alcohol;Dicarboxylic acid or derivatives;Hydrocarbon derivative;Benzenoid;Primary aliphatic amine;Organic nitrogen compound;Organooxygen compound;Aryl ketone
None	N[C@@H]1C=CC(=C[C@H]1OC(=C)C(O)=O)C(O)=O	Organic compounds	Organic acids and derivatives	Carboxylic acids and derivatives	Dicarboxylic acids and derivatives	Dicarboxylic acids and derivatives	Aliphatic homomonocyclic compounds	Carbonyl compounds;Carboxylic acids;Hydrocarbon derivatives;Monoalkylamines;Organic oxides;Organonitrogen compounds;Organopnictogen compounds	Carbonyl group;Carboxylic acid;Organic oxide;Organic oxygen compound;Organonitrogen compound;Aliphatic homomonocyclic compound;Dicarboxylic acid or derivatives;Organopnictogen compound;Hydrocarbon derivative;Primary aliphatic amine;Organic nitrogen compound;Organooxygen compound
None	CCC1=C2C=C(O[C@@H]3O[C@@H]([C@@H](O)[C@H](O)[C@H]3O)C(O)=O)C=CC2=NC2=C1CN1C2=CC2=C(COC(=O)[C@]2(O)CC)C1=O	Organic compounds	Alkaloids and derivatives	Camptothecins	Camptothecins	Camptothecins	Aromatic heteropolycyclic compounds	2-halopyridines;Acetals;Azacyclic compounds;Beta hydroxy acids and derivatives;Carbonyl compounds;Carboxylic acid esters;Carboxylic acids;Dicarboxylic acids and derivatives;Glucuronic acid derivatives;Heteroaromatic compounds;Hydrocarbon derivatives;Hydroxypyridines;Lactams;Lactones;Methylpyridines;Monosaccharides;O-glucuronides;Organic oxides;Organonitrogen compounds;Organopnictogen compounds;Oxacyclic compounds;Oxanes;Phenol ethers;Polyhalopyridines;Pyran carboxylic acids;Pyranopyridines;Pyridinones;Quinolines and derivatives;Secondary alcohols;Tertiary alcohols	Camptothecin;Phenol ether;Carbonyl group;Lactam;Carboxylic acid;Glucuronic acid or derivatives;Polyhalopyridine;O-glucuronide;Monosaccharide;Carboxylic acid derivative;Pyran carboxylic acid;Lactone;1-o-glucuronide;Beta-hydroxy acid;Saccharide;Organic oxide;Acetal;Aromatic heteropolycyclic compound;Organonitrogen compound;Quinoline;Organopnictogen compound;2-halopyridine;Oxane;Organoheterocyclic compound;Alcohol;Pyran carboxylic acid or derivatives;Azacycle;Heteroaromatic compound;Hydroxypyridine;Methylpyridine;Hydroxy acid;Oxacycle;Tertiary alcohol;Pyridine;Organic oxygen compound;Pyran;Carboxylic acid ester;Secondary alcohol;Dicarboxylic acid or derivatives;Hydrocarbon derivative;Benzenoid;Organic nitrogen compound;Pyranopyridine;Pyridinone;Organooxygen compound
None	[H][C@@](O)(COP(O)(O)=O)[C@@](C)(O)CO	Organic compounds	Organic acids and derivatives	Organic phosphoric acids and derivatives	Phosphate esters	Monoalkyl phosphates	Aliphatic acyclic compounds	Hydrocarbon derivatives;Organic oxides;Secondary alcohols;Tertiary alcohols	Alcohol;Aliphatic acyclic compound;Tertiary alcohol;Organic oxide;Organic oxygen compound;Monoalkyl phosphate;Secondary alcohol;Hydrocarbon derivative;Organooxygen compound
None	[H][C@@](O)(COP(O)(=O)OP(O)(=O)OC[C@@]1([H])O[C@@]([H])(N2C=CC(=N)N=C2O)[C@]([H])(O)[C@]1([H])O)[C@@](C)(O)CO	Organic compounds	Nucleosides, nucleotides, and analogues	Pyrimidine nucleotides	Pyrimidine ribonucleotides	Pyrimidine ribonucleoside diphosphates	Aromatic heteromonocyclic compounds	Azacyclic compounds;Heteroaromatic compounds;Hydrocarbon derivatives;Imidolactams;Monoalkyl phosphates;Monosaccharides;Organic carbonic acids and derivatives;Organic oxides;Organic pyrophosphates;Organonitrogen compounds;Organopnictogen compounds;Oxacyclic compounds;Pentose phosphates;Pyrimidones;Secondary alcohols;Tertiary alcohols;Tetrahydrofurans	Aromatic heteromonocyclic compound;Pentose phosphate;Monosaccharide;Pentose-5-phosphate;Pyrimidone;Pyrimidine;Saccharide;Organic oxide;Organonitrogen compound;Organopnictogen compound;Imidolactam;Organoheterocyclic compound;Alcohol;Carbonic acid derivative;Azacycle;Tetrahydrofuran;Heteroaromatic compound;Organic pyrophosphate;Oxacycle;Tertiary alcohol;Pyrimidine ribonucleoside diphosphate;Organic oxygen compound;Phosphoric acid ester;Monoalkyl phosphate;Secondary alcohol;Hydrocarbon derivative;Organic nitrogen compound;Organic phosphoric acid derivative;Alkyl phosphate;Organooxygen compound
None	[H][C@@](O)(COP(O)(=O)OP(O)(=O)OC[C@@]1([H])O[C@@]([H])(N2C=CC(=N)N=C2O)[C@]([H])(O)[C@]1([H])O)[C@](C)(CO)OP(O)(O)=O	Organic compounds	Nucleosides, nucleotides, and analogues	Pyrimidine nucleotides	Pyrimidine ribonucleotides	Pyrimidine ribonucleoside diphosphates	Aromatic heteromonocyclic compounds	Azacyclic compounds;Heteroaromatic compounds;Hydrocarbon derivatives;Imidolactams;Monoalkyl phosphates;Monosaccharides;Organic carbonic acids and derivatives;Organic oxides;Organic pyrophosphates;Organonitrogen compounds;Organopnictogen compounds;Oxacyclic compounds;Pentose phosphates;Pyrimidones;Secondary alcohols;Tetrahydrofurans	Aromatic heteromonocyclic compound;Pentose phosphate;Monosaccharide;Pentose-5-phosphate;Pyrimidone;Pyrimidine;Saccharide;Organic oxide;Organonitrogen compound;Organopnictogen compound;Imidolactam;Organoheterocyclic compound;Alcohol;Carbonic acid derivative;Azacycle;Tetrahydrofuran;Heteroaromatic compound;Organic pyrophosphate;Oxacycle;Pyrimidine ribonucleoside diphosphate;Organic oxygen compound;Phosphoric acid ester;Monoalkyl phosphate;Secondary alcohol;Hydrocarbon derivative;Organic nitrogen compound;Organic phosphoric acid derivative;Alkyl phosphate;Organooxygen compound
None	CC(=O)[C@@H](O)[C@H](O)COP(O)(O)=O	Organic compounds	Organic oxygen compounds	Organooxygen compounds	Carbohydrates and carbohydrate conjugates	Pentose phosphates	Aliphatic acyclic compounds	1,2-diols;Acyloins;Alpha-hydroxy ketones;Beta-hydroxy ketones;Hydrocarbon derivatives;Monoalkyl phosphates;Monosaccharides;Organic oxides;Secondary alcohols	Alcohol;Beta-hydroxy ketone;Aliphatic acyclic compound;Carbonyl group;Pentose-5-phosphate;Alpha-hydroxy ketone;Ketone;Organic oxide;Phosphoric acid ester;Monoalkyl phosphate;Acyloin;Secondary alcohol;Hydrocarbon derivative;Organic phosphoric acid derivative;Alkyl phosphate;1,2-diol
None	OC(=O)CCC1=CC(O)=CC=C1	Organic compounds	Phenylpropanoids and polyketides	Phenylpropanoic acids	Phenylpropanoic acids	Phenylpropanoic acids	Aromatic homomonocyclic compounds	1-hydroxy-2-unsubstituted benzenoids;1-hydroxy-4-unsubstituted benzenoids;Benzene and substituted derivatives;Carbonyl compounds;Carboxylic acids;Hydrocarbon derivatives;Monocarboxylic acids and derivatives;Organic oxides	Monocyclic benzene moiety;Carbonyl group;Carboxylic acid;3-Phenylpropanoic-acid;1-hydroxy-2-unsubstituted benzenoid;1-hydroxy-4-unsubstituted benzenoid;Carboxylic acid derivative;Aromatic homomonocyclic compound;Organic oxide;Monocarboxylic acid or derivatives;Organic oxygen compound;Phenol;Hydrocarbon derivative;Benzenoid;Organooxygen compound
None	OS([O-])=O	Organic compounds	Organic oxygen compounds	Organic oxides	Organic oxides	Organic oxides	Acyclic compounds	Organic anions	Organic oxide;Organic anion;Acyclic compound
None	COC(=O)/C(=C/C(=O)O)CC(=O)O	Organic compounds	Organic acids and derivatives	Carboxylic acids and derivatives	Tricarboxylic acids and derivatives	Tricarboxylic acids and derivatives	Aliphatic acyclic compounds	Carbonyl compounds;Carboxylic acids;Enoate esters;Fatty acid esters;Hydrocarbon derivatives;Methyl esters;Organic oxides	Enoate ester;Fatty acyl;Aliphatic acyclic compound;Carbonyl group;Carboxylic acid;Tricarboxylic acid or derivatives;Alpha,beta-unsaturated carboxylic ester;Fatty acid ester;Organic oxide;Methyl ester;Organic oxygen compound;Carboxylic acid ester;Hydrocarbon derivative;Organooxygen compound
None	CC1=NC(=NC(=N1)OCC=C)C(Cl)(Cl)Cl	Organic compounds	Organoheterocyclic compounds	Triazines	1,3,5-triazines	Alkoxy-S-triazines	Aromatic heteromonocyclic compounds	Alkyl aryl ethers;Alkyl chlorides;Azacyclic compounds;Halo-S-triazines;Heteroaromatic compounds;Hydrocarbon derivatives;Organochlorides;Organonitrogen compounds;Organopnictogen compounds	Ether;Aromatic heteromonocyclic compound;Azacycle;Alkyl chloride;Organochloride;Heteroaromatic compound;Alkyl aryl ether;Organohalogen compound;Organic oxygen compound;Halo-s-triazine;Organonitrogen compound;Organopnictogen compound;Alkyl halide;Hydrocarbon derivative;Organic nitrogen compound;Alkoxy-s-triazine;Organooxygen compound
None	NC(CCC(O)=NC(CSC1CCOP(=O)(N1)N(CCCl)CCCl)C(O)=NCC(O)=O)C(O)=O	Organic compounds	Organic acids and derivatives	Carboxylic acids and derivatives	Amino acids, peptides, and analogues	Alpha amino acids	Aliphatic heteromonocyclic compounds	Alkyl chlorides;Azacyclic compounds;Carbonyl compounds;Carboximidic acids;Carboxylic acids;Dialkylthioethers;Dicarboxylic acids and derivatives;Fatty acids and conjugates;Hydrocarbon derivatives;Monoalkylamines;Nitrogen mustard compounds;Organic oxides;Organic phosphoramides;Organochlorides;Organopnictogen compounds;Oxacyclic compounds;Oxazaphosphinanes;Phosphoric monoester diamides;Propargyl-type 1,3-dipolar organic compounds;Short-chain hydroxy acids and derivatives;Sulfenyl compounds	Carboximidic acid;Carbonyl group;Carboxylic acid;Short-chain hydroxy acid;Alkyl chloride;Organochloride;Fatty acid;Nitrogen mustard;Organosulfur compound;Organohalogen compound;Propargyl-type 1,3-dipolar organic compound;Organic oxide;Aliphatic heteromonocyclic compound;Organonitrogen compound;Alpha-amino acid;Organopnictogen compound;Alkyl halide;Organic phosphoric acid amide;Organoheterocyclic compound;Sulfenyl compound;Azacycle;Dialkylthioether;Oxazaphosphinane;Organic 1,3-dipolar compound;Oxacycle;Organic oxygen compound;Thioether;Phosphoric monoester diamide;Dicarboxylic acid or derivatives;Hydrocarbon derivative;Primary aliphatic amine;Organic nitrogen compound;Organic phosphoric acid derivative;Organooxygen compound
None	OC[C@H]1O[C@H](C[C@@H]1O)N1C=C(F)C(=O)NC1=O	Organic compounds	Nucleosides, nucleotides, and analogues	Pyrimidine nucleosides	Pyrimidine nucleosides	Pyrimidine nucleosides	Aromatic heteromonocyclic compounds	Aryl fluorides;Azacyclic compounds;Halopyrimidines;Heteroaromatic compounds;Hydrocarbon derivatives;Lactams;Monosaccharides;Organic carbonic acids and derivatives;Organic oxides;Organofluorides;Organonitrogen compounds;Organopnictogen compounds;Oxacyclic compounds;Primary alcohols;Pyrimidones;Secondary alcohols;Tetrahydrofurans;Vinylogous amides	Aryl fluoride;Lactam;Aromatic heteromonocyclic compound;Monosaccharide;Pyrimidone;Organohalogen compound;Pyrimidine;Saccharide;Organic oxide;Organonitrogen compound;Organopnictogen compound;Pyrimidine nucleoside;Primary alcohol;Organoheterocyclic compound;Alcohol;Vinylogous amide;Carbonic acid derivative;Azacycle;Tetrahydrofuran;Organofluoride;Heteroaromatic compound;Halopyrimidine;Aryl halide;Oxacycle;Organic oxygen compound;Secondary alcohol;Hydrocarbon derivative;Organic nitrogen compound;Organooxygen compound
None	C/C(=C\COP(=O)(O)OP(=O)(O)O)CO	Organic compounds	Organic oxygen compounds	Organic oxoanionic compounds	Organic pyrophosphates	Organic pyrophosphates	Aliphatic acyclic compounds	Alcohols and polyols;Hydrocarbon derivatives;Monoalkyl phosphates;Organic oxides	Alcohol;Aliphatic acyclic compound;Organic oxide;Phosphoric acid ester;Monoalkyl phosphate;Hydrocarbon derivative;Organic phosphoric acid derivative;Organic pyrophosphate;Alkyl phosphate;Organooxygen compound
None	O[C@@]12NC(=O)NC1=NC(=O)NC2=O	Organic compounds	Organoheterocyclic compounds	Imidazopyrimidines	Purines and purine derivatives	Purinones	Aliphatic heteropolycyclic compounds	Alkanolamines;Alpha amino acids;Azacyclic compounds;Carbonyl compounds;Carboximidamides;Carboxylic acids and derivatives;Dicarboximides;Hydrocarbon derivatives;Hydropyrimidines;Imidazolidinones;Organic carbonic acids and derivatives;Organic oxides;Organopnictogen compounds;Propargyl-type 1,3-dipolar organic compounds;Pyrimidones	Imidazolidine;Carbonyl group;Pyrimidone;Alpha-amino acid or derivatives;Carboxylic acid derivative;Purinone;Pyrimidine;Propargyl-type 1,3-dipolar organic compound;Aliphatic heteropolycyclic compound;Imidazolidinone;Organic oxide;Organonitrogen compound;Alpha-amino acid;Hydropyrimidine;Organopnictogen compound;Dicarboximide;1,2,5,6-tetrahydropyrimidine;Alkanolamine;Carbonic acid derivative;Azacycle;Organic 1,3-dipolar compound;Carboximidamide;Organic oxygen compound;Hydrocarbon derivative;Organic nitrogen compound;Organooxygen compound
None	C[C@H]1O[C@H](OP(O)(=O)OP(O)(=O)OC[C@H]2O[C@H](C[C@@H]2O)N2C=C(C)C(=O)NC2=O)[C@H](O)[C@@H](O)C1=O	Organic compounds	Organic oxygen compounds	Organooxygen compounds	Carbohydrates and carbohydrate conjugates	Pentose phosphates	Aromatic heteromonocyclic compounds	Azacyclic compounds;Cyclic ketones;Heteroaromatic compounds;Hydrocarbon derivatives;Lactams;Monoalkyl phosphates;Monosaccharides;Organic carbonic acids and derivatives;Organic oxides;Organic pyrophosphates;Organonitrogen compounds;Organopnictogen compounds;Oxacyclic compounds;Oxanes;Pyrimidones;Secondary alcohols;Tetrahydrofurans;Vinylogous amides	Carbonyl group;Lactam;Aromatic heteromonocyclic compound;Pentose phosphate;Pyrimidone;Cyclic ketone;Pyrimidine;Ketone;Organic oxide;Organonitrogen compound;Organopnictogen compound;Oxane;Organoheterocyclic compound;Alcohol;Vinylogous amide;Carbonic acid derivative;Azacycle;Tetrahydrofuran;Heteroaromatic compound;Organic pyrophosphate;Oxacycle;Phosphoric acid ester;Monoalkyl phosphate;Secondary alcohol;Hydrocarbon derivative;Organic nitrogen compound;Organic phosphoric acid derivative;Alkyl phosphate
None	CC(C)C(=C)C\C=C(\C)C(=O)SCCNC(=O)CCNC(=O)[C@@](O)([H])C(C)(C)COP(=O)(O)OP(=O)(O)OC[C@H]1O[C@H](C(O)[C@H]1OP(=O)(O)O)N1C=NC2=C1N=CN=C2N	Organic compounds	Lipids and lipid-like molecules	Fatty Acyls	Fatty acyl thioesters	Acyl CoAs	Aromatic heteropolycyclic compounds	Aromatic monoterpenoids;Azacyclic compounds;Beta amino acids and derivatives;Bicyclic monoterpenoids;Carbonyl compounds;Carbothioic S-esters;Carboxylic acids and derivatives;Coenzyme A and derivatives;Heteroaromatic compounds;Hydrocarbon derivatives;Imidazoles;Imidolactams;Monoalkyl phosphates;Monosaccharides;N-acyl amines;N-substituted imidazoles;Organic oxides;Organic pyrophosphates;Organopnictogen compounds;Oxacyclic compounds;Pentose phosphates;Primary amines;Purine ribonucleoside diphosphates;Purines and purine derivatives;Pyrimidines and pyrimidine derivatives;Ribonucleoside 3'-phosphates;Secondary alcohols;Secondary carboxylic acid amides;Sulfenyl compounds;Tetrahydrofurans;Thioesters;Thiolactones	Amino acid or derivatives;Monosaccharide;Pentose-5-phosphate;Imidazopyrimidine;Carbothioic s-ester;Saccharide;Purine ribonucleoside diphosphate;Organonitrogen compound;Organoheterocyclic compound;Alcohol;Sulfenyl compound;Azacycle;Thiocarboxylic acid ester;Heteroaromatic compound;Organic pyrophosphate;Secondary carboxylic acid amide;Monoalkyl phosphate;Hydrocarbon derivative;Bicyclic monoterpenoid;Primary amine;Amine;Coenzyme a or derivatives;Monoterpenoid;Carbonyl group;Pentose phosphate;Fatty amide;Organosulfur compound;Carboxylic acid derivative;Pyrimidine;Organic oxide;Aromatic heteropolycyclic compound;Imidazole;Organopnictogen compound;Imidolactam;Thiolactone;Azole;N-substituted imidazole;Purine ribonucleoside 3',5'-bisphosphate;Ribonucleoside 3'-phosphate;Thiocarboxylic acid or derivatives;Tetrahydrofuran;Carboxamide group;N-acyl-amine;Beta amino acid or derivatives;Oxacycle;Organic oxygen compound;Phosphoric acid ester;Secondary alcohol;Purine;Organic nitrogen compound;Organic phosphoric acid derivative;Alkyl phosphate;Organooxygen compound;Aromatic monoterpenoid
None	CC(C)C(=C)C\C=C(/C)C(=O)SCCNC(=O)CCNC(=O)[C@@](O)([H])C(C)(C)COP(=O)(O)OP(=O)(O)OC[C@H]1O[C@H]([C@@H](O)C1OP(=O)(O)O)N1C=NC2=C1N=CN=C2N	Organic compounds	Lipids and lipid-like molecules	Fatty Acyls	Fatty acyl thioesters	Acyl CoAs	Aromatic heteropolycyclic compounds	Aromatic monoterpenoids;Azacyclic compounds;Beta amino acids and derivatives;Bicyclic monoterpenoids;Carbonyl compounds;Carbothioic S-esters;Carboxylic acids and derivatives;Coenzyme A and derivatives;Heteroaromatic compounds;Hydrocarbon derivatives;Imidazoles;Imidolactams;Monoalkyl phosphates;Monosaccharides;N-acyl amines;N-substituted imidazoles;Organic oxides;Organic pyrophosphates;Organopnictogen compounds;Oxacyclic compounds;Pentose phosphates;Primary amines;Purine ribonucleoside diphosphates;Purines and purine derivatives;Pyrimidines and pyrimidine derivatives;Ribonucleoside 3'-phosphates;Secondary alcohols;Secondary carboxylic acid amides;Sulfenyl compounds;Tetrahydrofurans;Thioesters;Thiolactones	Amino acid or derivatives;Monosaccharide;Pentose-5-phosphate;Imidazopyrimidine;Carbothioic s-ester;Saccharide;Purine ribonucleoside diphosphate;Organonitrogen compound;Organoheterocyclic compound;Alcohol;Sulfenyl compound;Azacycle;Thiocarboxylic acid ester;Heteroaromatic compound;Organic pyrophosphate;Secondary carboxylic acid amide;Monoalkyl phosphate;Hydrocarbon derivative;Bicyclic monoterpenoid;Primary amine;Amine;Coenzyme a or derivatives;Monoterpenoid;Carbonyl group;Pentose phosphate;Fatty amide;Organosulfur compound;Carboxylic acid derivative;Pyrimidine;Organic oxide;Aromatic heteropolycyclic compound;Imidazole;Organopnictogen compound;Imidolactam;Thiolactone;Azole;N-substituted imidazole;Purine ribonucleoside 3',5'-bisphosphate;Ribonucleoside 3'-phosphate;Thiocarboxylic acid or derivatives;Tetrahydrofuran;Carboxamide group;N-acyl-amine;Beta amino acid or derivatives;Oxacycle;Organic oxygen compound;Phosphoric acid ester;Secondary alcohol;Purine;Organic nitrogen compound;Organic phosphoric acid derivative;Alkyl phosphate;Organooxygen compound;Aromatic monoterpenoid
None	CC(C)C(=C)CC(O)C(C)C(=O)SCCNC(=O)CCNC(=O)[C@H](O)C(C)(C)COP(O)(=O)OP(O)(=O)OC[C@H]1O[C@H]([C@H](O)[C@@H]1OP(O)(O)=O)N1C=NC2=C(N)N=CN=C12	Organic compounds	Lipids and lipid-like molecules	Fatty Acyls	Fatty acyl thioesters	Acyl CoAs	Aromatic heteropolycyclic compounds	Azacyclic compounds;Beta amino acids and derivatives;Carbonyl compounds;Carbothioic S-esters;Carboxylic acids and derivatives;Coenzyme A and derivatives;Heteroaromatic compounds;Hydrocarbon derivatives;Imidazoles;Imidolactams;Monoalkyl phosphates;Monosaccharides;N-acyl amines;N-substituted imidazoles;Organic oxides;Organic pyrophosphates;Organopnictogen compounds;Oxacyclic compounds;Pentose phosphates;Primary amines;Purine ribonucleoside diphosphates;Purines and purine derivatives;Pyrimidines and pyrimidine derivatives;Ribonucleoside 3'-phosphates;Secondary alcohols;Secondary carboxylic acid amides;Sulfenyl compounds;Tetrahydrofurans;Thioesters;Thiolactones	Amino acid or derivatives;Monosaccharide;Pentose-5-phosphate;Imidazopyrimidine;Carbothioic s-ester;Saccharide;Purine ribonucleoside diphosphate;Organonitrogen compound;Organoheterocyclic compound;Alcohol;Sulfenyl compound;Azacycle;Thiocarboxylic acid ester;Heteroaromatic compound;Organic pyrophosphate;Secondary carboxylic acid amide;Monoalkyl phosphate;Hydrocarbon derivative;Primary amine;Amine;Coenzyme a or derivatives;Carbonyl group;Pentose phosphate;Fatty amide;Organosulfur compound;Carboxylic acid derivative;Pyrimidine;Organic oxide;Aromatic heteropolycyclic compound;Imidazole;Organopnictogen compound;Imidolactam;Thiolactone;Azole;N-substituted imidazole;Purine ribonucleoside 3',5'-bisphosphate;Ribonucleoside 3'-phosphate;Thiocarboxylic acid or derivatives;Tetrahydrofuran;Carboxamide group;N-acyl-amine;Beta amino acid or derivatives;Oxacycle;Organic oxygen compound;Phosphoric acid ester;Secondary alcohol;Purine;Organic nitrogen compound;Organic phosphoric acid derivative;Alkyl phosphate;Organooxygen compound
None	C[C@@H](OP(O)(O)=O)[C@H](N)C(O)=O	Organic compounds	Organic acids and derivatives	Carboxylic acids and derivatives	Amino acids, peptides, and analogues	Alpha amino acids	Aliphatic acyclic compounds	Carbonyl compounds;Carboxylic acids;Fatty acids and conjugates;Hydrocarbon derivatives;Monoalkyl phosphates;Monoalkylamines;Monocarboxylic acids and derivatives;Organic oxides;Organonitrogen compounds;Organopnictogen compounds;Phosphoethanolamines;Short-chain hydroxy acids and derivatives	Aliphatic acyclic compound;Carbonyl group;Carboxylic acid;Short-chain hydroxy acid;Fatty acid;Phosphoethanolamine;Organic oxide;Monocarboxylic acid or derivatives;Organic oxygen compound;Phosphoric acid ester;Monoalkyl phosphate;Organonitrogen compound;Alpha-amino acid;Organopnictogen compound;Hydrocarbon derivative;Primary aliphatic amine;Organic nitrogen compound;Organic phosphoric acid derivative;Alkyl phosphate;Organooxygen compound
None	COC1=CC(\C=C\CO)=CC(O)=C1O	Organic compounds	Benzenoids	Phenols	Methoxyphenols	Methoxyphenols	Aromatic homomonocyclic compounds	1-hydroxy-2-unsubstituted benzenoids;1-hydroxy-4-unsubstituted benzenoids;Alkyl aryl ethers;Anisoles;Cinnamyl alcohols;Hydrocarbon derivatives;Methoxybenzenes;Phenoxy compounds;Primary alcohols	Alcohol;Phenol ether;Monocyclic benzene moiety;Ether;Methoxyphenol;1-hydroxy-2-unsubstituted benzenoid;Cinnamyl alcohol;1-hydroxy-4-unsubstituted benzenoid;Alkyl aryl ether;Methoxybenzene;Aromatic homomonocyclic compound;Organic oxygen compound;Anisole;Hydrocarbon derivative;Phenoxy compound;Primary alcohol;Organooxygen compound
None	N[C@H]1[C@H](O)[C@@H](COP(O)(O)=O)OC1(O)CO	Organic compounds	Organic oxygen compounds	Organooxygen compounds	Carbohydrates and carbohydrate conjugates	Pentose phosphates	Aliphatic heteromonocyclic compounds	Aminosaccharides;Hemiacetals;Hydrocarbon derivatives;Monoalkyl phosphates;Monoalkylamines;Monosaccharides;Organic oxides;Organonitrogen compounds;Organopnictogen compounds;Oxacyclic compounds;Secondary alcohols;Tetrahydrofurans	Pentose phosphate;Pentose-5-phosphate;Organic oxide;Aliphatic heteromonocyclic compound;Organonitrogen compound;Organopnictogen compound;Hemiacetal;Organoheterocyclic compound;Alcohol;Amino saccharide;Tetrahydrofuran;Oxacycle;Phosphoric acid ester;Monoalkyl phosphate;Secondary alcohol;Hydrocarbon derivative;Primary aliphatic amine;Organic nitrogen compound;Organic phosphoric acid derivative;Alkyl phosphate
None	O[C@H](COP(O)(O)=O)[C@@H](O)C=N	Organic compounds	Organic acids and derivatives	Organic phosphoric acids and derivatives	Phosphate esters	Monoalkyl phosphates	Aliphatic acyclic compounds	1,2-diols;Carbonyl compounds;Hydrocarbon derivatives;Organic oxides;Organonitrogen compounds;Organopnictogen compounds;Secondary alcohols	Alcohol;Aliphatic acyclic compound;Carbonyl group;Organic oxide;Organic oxygen compound;Monoalkyl phosphate;Organonitrogen compound;Secondary alcohol;Organopnictogen compound;Hydrocarbon derivative;Organic nitrogen compound;Organooxygen compound;1,2-diol
None	NC(=O)NC1=NC(=O)N[C@@]1(O)C(O)=O	Organic compounds	Organic acids and derivatives	Carboxylic acids and derivatives	Amino acids, peptides, and analogues	Alpha amino acids	Aliphatic heteromonocyclic compounds	Alkanolamines;Alpha hydroxy acids and derivatives;Azacyclic compounds;Carbonyl compounds;Carboximidamides;Carboxylic acids;Hydrocarbon derivatives;Imidazolines;Monocarboxylic acids and derivatives;Organic carbonic acids and derivatives;Organic oxides;Organopnictogen compounds;Propargyl-type 1,3-dipolar organic compounds	Carbonyl group;Carboxylic acid;Alpha-hydroxy acid;Propargyl-type 1,3-dipolar organic compound;Organic oxide;Aliphatic heteromonocyclic compound;Organonitrogen compound;Alpha-amino acid;Organopnictogen compound;Organoheterocyclic compound;Alkanolamine;Carbonic acid derivative;Azacycle;Organic 1,3-dipolar compound;Carboximidamide;Hydroxy acid;Monocarboxylic acid or derivatives;Organic oxygen compound;Imidazoline;3-imidazoline;Hydrocarbon derivative;Organic nitrogen compound;Organooxygen compound
None	NCCCCC=O	Organic compounds	Organic oxygen compounds	Organooxygen compounds	Carbonyl compounds	Alpha-hydrogen aldehydes	Aliphatic acyclic compounds	Hydrocarbon derivatives;Monoalkylamines;Organic oxides;Organonitrogen compounds;Organopnictogen compounds	Aliphatic acyclic compound;Organic oxide;Alpha-hydrogen aldehyde;Organonitrogen compound;Organopnictogen compound;Hydrocarbon derivative;Primary aliphatic amine;Organic nitrogen compound
None	OC(=O)\C=C\C1=CC(O)=CC=C1	Organic compounds	Phenylpropanoids and polyketides	Cinnamic acids and derivatives	Hydroxycinnamic acids and derivatives	Hydroxycinnamic acids	Aromatic homomonocyclic compounds	1-hydroxy-2-unsubstituted benzenoids;1-hydroxy-4-unsubstituted benzenoids;Benzene and substituted derivatives;Carbonyl compounds;Carboxylic acids;Hydrocarbon derivatives;Monocarboxylic acids and derivatives;Organic oxides	Monocyclic benzene moiety;Carbonyl group;Carboxylic acid;1-hydroxy-2-unsubstituted benzenoid;1-hydroxy-4-unsubstituted benzenoid;Carboxylic acid derivative;Hydroxycinnamic acid;Aromatic homomonocyclic compound;Organic oxide;Monocarboxylic acid or derivatives;Organic oxygen compound;Phenol;Hydrocarbon derivative;Benzenoid;Organooxygen compound
None	OC(=O)C=CC1=C(O)C(O)=CC=C1	Organic compounds	Phenylpropanoids and polyketides	Cinnamic acids and derivatives	Hydroxycinnamic acids and derivatives	Hydroxycinnamic acids	Aromatic homomonocyclic compounds	1-hydroxy-2-unsubstituted benzenoids;1-hydroxy-4-unsubstituted benzenoids;Benzene and substituted derivatives;Carbonyl compounds;Carboxylic acids;Hydrocarbon derivatives;Monocarboxylic acids and derivatives;Organic oxides	Monocyclic benzene moiety;Carbonyl group;Carboxylic acid;1-hydroxy-2-unsubstituted benzenoid;1-hydroxy-4-unsubstituted benzenoid;Carboxylic acid derivative;Hydroxycinnamic acid;Aromatic homomonocyclic compound;Organic oxide;Monocarboxylic acid or derivatives;Organic oxygen compound;Phenol;Hydrocarbon derivative;Benzenoid;Organooxygen compound
None	O[C@@H]1[C@@H](O)[C@H](O[C@@H]2[C@@H](O)[C@H](O)[C@H](O[C@H]2OC2=CC(O)=C3C(=O)C=C(OC3=C2)C2=CC(O)=C(O)C=C2)C(O)=O)O[C@@H]([C@H]1O)C(O)=O	Organic compounds	Phenylpropanoids and polyketides	Flavonoids	Flavonoid glycosides	Flavonoid-7-O-glucuronides	Aromatic heteropolycyclic compounds	1-hydroxy-2-unsubstituted benzenoids;1-hydroxy-4-unsubstituted benzenoids;3'-hydroxyflavonoids;4'-hydroxyflavonoids;5-hydroxyflavonoids;Acetals;Benzene and substituted derivatives;Beta hydroxy acids and derivatives;Carbonyl compounds;Carboxylic acids;Chromones;Dicarboxylic acids and derivatives;Flavonoid-7-O-glycosides;Flavonoids;Glucuronic acid derivatives;Heteroaromatic compounds;Hydrocarbon derivatives;Monosaccharides;O-glucuronides;Organic oxides;Oxacyclic compounds;Oxanes;Phenol ethers;Pyran carboxylic acids;Pyranones and derivatives;Secondary alcohols;Vinylogous acids	Phenol ether;Monocyclic benzene moiety;Carbonyl group;Carboxylic acid;Glucuronic acid or derivatives;1-benzopyran;O-glucuronide;1-hydroxy-2-unsubstituted benzenoid;Monosaccharide;Carboxylic acid derivative;Pyran carboxylic acid;1-o-glucuronide;Beta-hydroxy acid;Saccharide;Organic oxide;Acetal;Chromone;Aromatic heteropolycyclic compound;Pyranone;Oxane;Organoheterocyclic compound;Flavonoid-7-o-glycoside;Alcohol;Benzopyran;Pyran carboxylic acid or derivatives;Heteroaromatic compound;5-hydroxyflavonoid;Hydroxy acid;1-hydroxy-4-unsubstituted benzenoid;3'-hydroxyflavonoid;Oxacycle;Vinylogous acid;Organic oxygen compound;Pyran;Flavonoid-7-o-glucuronide;Secondary alcohol;Dicarboxylic acid or derivatives;4'-hydroxyflavonoid;Phenol;Hydrocarbon derivative;Benzenoid;Organooxygen compound
None	C[C@H]1O[C@H]([C@H](O)[C@@H]1O)N1C=C(F)C(O)=NC1=O	Organic compounds	Nucleosides, nucleotides, and analogues	5'-deoxyribonucleosides	5'-deoxyribonucleosides	5'-deoxyribonucleosides	Aromatic heteromonocyclic compounds	1,2-diols;Aryl fluorides;Azacyclic compounds;Halopyrimidines;Heteroaromatic compounds;Hydrocarbon derivatives;Hydroxypyrimidines;Monosaccharides;Organic carbonic acids and derivatives;Organic oxides;Organofluorides;Organonitrogen compounds;Organopnictogen compounds;Oxacyclic compounds;Pyrimidones;Secondary alcohols;Tetrahydrofurans	Aryl fluoride;Aromatic heteromonocyclic compound;Monosaccharide;Pyrimidone;Hydroxypyrimidine;Organohalogen compound;Pyrimidine;Saccharide;Organic oxide;Organonitrogen compound;Organopnictogen compound;Organoheterocyclic compound;1,2-diol;Alcohol;5'-deoxyribonucleoside;Carbonic acid derivative;Azacycle;Tetrahydrofuran;Organofluoride;Heteroaromatic compound;Halopyrimidine;Aryl halide;Oxacycle;Organic oxygen compound;Secondary alcohol;Hydrocarbon derivative;Organic nitrogen compound;Organooxygen compound
None	OC(=O)C(Cl)=C1OC(=O)C(Cl)=C1	Organic compounds	Organoheterocyclic compounds	Dihydrofurans	Furanones	Butenolides	Aliphatic heteromonocyclic compounds	Alpha-halocarboxylic acids;Carbonyl compounds;Carboxylic acids;Chloroalkenes;Dicarboxylic acids and derivatives;Dihydrofurans;Enoate esters;Enol esters;Hydrocarbon derivatives;Lactones;Organic oxides;Organochlorides;Oxacyclic compounds;Vinyl chlorides	Alpha-halocarboxylic acid or derivatives;Carbonyl group;Carboxylic acid;Organochloride;Alpha-halocarboxylic acid;Carboxylic acid derivative;Organohalogen compound;Lactone;Alpha,beta-unsaturated carboxylic ester;2-furanone;Organic oxide;Aliphatic heteromonocyclic compound;Enol ester;Enoate ester;Chloroalkene;Oxacycle;Organic oxygen compound;Vinyl halide;Carboxylic acid ester;Haloalkene;Dicarboxylic acid or derivatives;Hydrocarbon derivative;Vinyl chloride;Organooxygen compound
None	[H]\C(=C(/Cl)C(O)=O)C(=O)C(Cl)C(O)=O	Organic compounds	Organic acids and derivatives	Keto acids and derivatives	Medium-chain keto acids and derivatives	Medium-chain keto acids and derivatives	Aliphatic acyclic compounds	1,3-dicarbonyl compounds;Acryloyl compounds;Alkyl chlorides;Alpha-chloroketones;Alpha-halocarboxylic acids;Beta-hydroxy ketones;Beta-keto acids and derivatives;Carboxylic acids;Chloroalkenes;Dicarboxylic acids and derivatives;Enones;Fatty Acyls;Halogenated fatty acids;Hydrocarbon derivatives;Organic oxides;Organochlorides;Unsaturated fatty acids;Vinyl chlorides;Vinylogous halides;b'-hydroxy-alpha,beta-unsaturated ketones	Alpha-halocarboxylic acid or derivatives;Fatty acyl;Beta-hydroxy ketone;Aliphatic acyclic compound;Carbonyl group;Carboxylic acid;Alkyl chloride;Organochloride;B'-hydroxy-alpha,beta-unsaturated-ketone;Alpha-halocarboxylic acid;Alpha,beta-unsaturated ketone;Carboxylic acid derivative;Organohalogen compound;Beta-keto acid;Ketone;Unsaturated fatty acid;Organic oxide;Alpha-haloketone;Alkyl halide;Enone;Halogenated fatty acid;Chloroalkene;Vinylogous halide;Alpha-chloroketone;Organic oxygen compound;Vinyl halide;Haloalkene;Dicarboxylic acid or derivatives;Hydrocarbon derivative;Acryloyl-group;1,3-dicarbonyl compound;Vinyl chloride;Organooxygen compound;Medium-chain keto acid
None	OC(=O)C=C1OC(=O)C=C1	Organic compounds	Organoheterocyclic compounds	Dihydrofurans	Furanones	Butenolides	Aliphatic heteromonocyclic compounds	Carbonyl compounds;Carboxylic acids;Dicarboxylic acids and derivatives;Dihydrofurans;Enoate esters;Enol esters;Hydrocarbon derivatives;Lactones;Organic oxides;Oxacyclic compounds	Enoate ester;Carbonyl group;Carboxylic acid;Carboxylic acid derivative;Lactone;Oxacycle;Alpha,beta-unsaturated carboxylic ester;2-furanone;Organic oxide;Organic oxygen compound;Carboxylic acid ester;Aliphatic heteromonocyclic compound;Dicarboxylic acid or derivatives;Hydrocarbon derivative;Enol ester;Organooxygen compound
None	OCC1=CC=CC2=CC=CC=C12	Organic compounds	Benzenoids	Naphthalenes	Naphthalenes	Naphthalenes	Aromatic homopolycyclic compounds	Aromatic alcohols;Hydrocarbon derivatives	Aromatic alcohol;Alcohol;Naphthalene;Organic oxygen compound;Aromatic homopolycyclic compound;Hydrocarbon derivative;Organooxygen compound
None	O=CC1=CC=CC2=CC=CC=C12	Organic compounds	Benzenoids	Naphthalenes	Naphthalenecarboxylic acids and derivatives	Naphthalenecarboxylic acids	Aromatic homopolycyclic compounds	Aryl-aldehydes;Hydrocarbon derivatives;Organic oxides;Organooxygen compounds	Organic oxide;Aryl-aldehyde;Organic oxygen compound;Aldehyde;Aromatic homopolycyclic compound;Hydrocarbon derivative;1-naphthalenecarboxylic acid;Organooxygen compound
None	O=CC1=CC2=CC=CC=C2C=C1	Organic compounds	Benzenoids	Naphthalenes	Naphthalenecarboxylic acids and derivatives	Naphthalenecarboxylic acids	Aromatic homopolycyclic compounds	Aryl-aldehydes;Hydrocarbon derivatives;Organic oxides;Organooxygen compounds	Organic oxide;Aryl-aldehyde;Organic oxygen compound;Aldehyde;Aromatic homopolycyclic compound;Hydrocarbon derivative;2-naphthalenecarboxylic acid;Organooxygen compound
None	O[C@H](C(C)(C)COP(=O)(O)OP(O)(=O)OC[C@H]1O[C@H]([C@H](O)[C@@H]1OP(O)(O)=O)N1C=NC2=C1N=CN=C2N)C(=O)NCCC(=O)NCCSC(=O)\C=C\CCC(O)=O	Organic compounds	Lipids and lipid-like molecules	Fatty Acyls	Fatty acyl thioesters	Acyl CoAs	Aromatic heteropolycyclic compounds	Amino acids;Azacyclic compounds;Beta amino acids and derivatives;Carbonyl compounds;Carbothioic S-esters;Carboxylic acids;Coenzyme A and derivatives;Heteroaromatic compounds;Hydrocarbon derivatives;Hydroxy fatty acids;Imidazoles;Imidolactams;Medium-chain fatty acids;Medium-chain hydroxy acids and derivatives;Monoalkyl phosphates;Monocarboxylic acids and derivatives;Monosaccharides;N-acyl amines;N-substituted imidazoles;Organic oxides;Organic pyrophosphates;Organopnictogen compounds;Oxacyclic compounds;Pentose phosphates;Primary amines;Purine ribonucleoside diphosphates;Purines and purine derivatives;Pyrimidines and pyrimidine derivatives;Ribonucleoside 3'-phosphates;Secondary alcohols;Secondary carboxylic acid amides;Sulfenyl compounds;Tetrahydrofurans;Thioesters;Thiolactones	Carboxylic acid;Amino acid or derivatives;Monosaccharide;Pentose-5-phosphate;Imidazopyrimidine;Medium-chain hydroxy acid;Carbothioic s-ester;Saccharide;Purine ribonucleoside diphosphate;Organonitrogen compound;Hydroxy fatty acid;Organoheterocyclic compound;Alcohol;Sulfenyl compound;Azacycle;Thiocarboxylic acid ester;Heteroaromatic compound;Organic pyrophosphate;Secondary carboxylic acid amide;Monoalkyl phosphate;Hydrocarbon derivative;Primary amine;Amine;Coenzyme a or derivatives;Carbonyl group;Pentose phosphate;Amino acid;Fatty amide;Organosulfur compound;Carboxylic acid derivative;Pyrimidine;Organic oxide;Aromatic heteropolycyclic compound;Imidazole;Organopnictogen compound;Medium-chain fatty acid;Imidolactam;Thiolactone;Azole;N-substituted imidazole;Purine ribonucleoside 3',5'-bisphosphate;Ribonucleoside 3'-phosphate;Thiocarboxylic acid or derivatives;Tetrahydrofuran;Carboxamide group;N-acyl-amine;Beta amino acid or derivatives;Oxacycle;Monocarboxylic acid or derivatives;Organic oxygen compound;Phosphoric acid ester;Secondary alcohol;Purine;Organic nitrogen compound;Organic phosphoric acid derivative;Alkyl phosphate;Organooxygen compound
None	CC(C)(COP(O)(=O)OP(O)(=O)OC[C@@H]1O[C@@H]([C@@H](O)[C@H]1OP(O)(O)=O)N1C=NC2=C1N=CN=C2N)C(O)C(=O)NCCC(=O)NCCSC(=O)C[C@H](O)CCC(O)=O	Organic compounds	Lipids and lipid-like molecules	Fatty Acyls	Fatty acyl thioesters	Acyl CoAs	Aromatic heteropolycyclic compounds	Amino acids;Azacyclic compounds;Beta amino acids and derivatives;Carbonyl compounds;Carbothioic S-esters;Carboxylic acids;Coenzyme A and derivatives;Heteroaromatic compounds;Hydrocarbon derivatives;Hydroxy fatty acids;Imidazoles;Imidolactams;Medium-chain fatty acids;Medium-chain hydroxy acids and derivatives;Monoalkyl phosphates;Monocarboxylic acids and derivatives;Monosaccharides;N-acyl amines;N-substituted imidazoles;Organic oxides;Organic pyrophosphates;Organopnictogen compounds;Oxacyclic compounds;Pentose phosphates;Primary amines;Purine ribonucleoside diphosphates;Purines and purine derivatives;Pyrimidines and pyrimidine derivatives;Ribonucleoside 3'-phosphates;Secondary alcohols;Secondary carboxylic acid amides;Sulfenyl compounds;Tetrahydrofurans;Thioesters;Thiolactones	Carboxylic acid;Amino acid or derivatives;Monosaccharide;Pentose-5-phosphate;Imidazopyrimidine;Medium-chain hydroxy acid;Carbothioic s-ester;Saccharide;Purine ribonucleoside diphosphate;Organonitrogen compound;Hydroxy fatty acid;Organoheterocyclic compound;Alcohol;Sulfenyl compound;Azacycle;Thiocarboxylic acid ester;Heteroaromatic compound;Organic pyrophosphate;Secondary carboxylic acid amide;Monoalkyl phosphate;Hydrocarbon derivative;Primary amine;Amine;Coenzyme a or derivatives;Carbonyl group;Pentose phosphate;Amino acid;Fatty amide;Fatty acid;Organosulfur compound;Carboxylic acid derivative;Pyrimidine;Organic oxide;Aromatic heteropolycyclic compound;Imidazole;Organopnictogen compound;Medium-chain fatty acid;Imidolactam;Thiolactone;Azole;N-substituted imidazole;Purine ribonucleoside 3',5'-bisphosphate;Ribonucleoside 3'-phosphate;Thiocarboxylic acid or derivatives;Tetrahydrofuran;Carboxamide group;N-acyl-amine;Beta amino acid or derivatives;Oxacycle;Monocarboxylic acid or derivatives;Organic oxygen compound;Phosphoric acid ester;Secondary alcohol;Purine;Organic nitrogen compound;Organic phosphoric acid derivative;Alkyl phosphate;Organooxygen compound
None	OC(=O)CS(O)(=O)=O	Organic compounds	Organic acids and derivatives	Organic sulfonic acids and derivatives	Organosulfonic acids and derivatives	Organosulfonic acids	Aliphatic acyclic compounds	Carbonyl compounds;Carboxylic acids;Hydrocarbon derivatives;Monocarboxylic acids and derivatives;Organic oxides;Sulfonyls	Aliphatic acyclic compound;Carbonyl group;Carboxylic acid;Organosulfonic acid;Organosulfur compound;Carboxylic acid derivative;Organic oxide;Monocarboxylic acid or derivatives;Sulfonyl;Organic oxygen compound;Hydrocarbon derivative;Organooxygen compound
None	N[C@@H](CCC(=O)N[C@@H](CSCO)C(=O)NCC(O)=O)C(O)=O	Organic compounds	Organic acids and derivatives	Carboxylic acids and derivatives	Amino acids, peptides, and analogues	Oligopeptides	Aliphatic acyclic compounds	Acyl glycines;Alpha amino acid amides;Alpha amino acids;Carbonyl compounds;Carboxylic acids;Cysteine and derivatives;Dicarboxylic acids and derivatives;Fatty acids and conjugates;Glutamine and derivatives;Hydrocarbon derivatives;Monoalkylamines;N-acyl amines;Organic oxides;Organonitrogen compounds;Organopnictogen compounds;Secondary carboxylic acid amides;Short-chain hydroxy acids and derivatives;Sulfenyl compounds	Fatty acyl;Aliphatic acyclic compound;Carbonyl group;Carboxylic acid;Short-chain hydroxy acid;Glutamine or derivatives;Fatty amide;Fatty acid;Alpha-amino acid or derivatives;Organosulfur compound;Organic oxide;Organonitrogen compound;Alpha-amino acid;Organopnictogen compound;N-acyl-alpha amino acid or derivatives;Sulfenyl compound;Alpha-amino acid amide;N-acyl-alpha-amino acid;Carboxamide group;N-acyl-amine;N-acylglycine;N-substituted-alpha-amino acid;Secondary carboxylic acid amide;Organic oxygen compound;Cysteine or derivatives;Dicarboxylic acid or derivatives;Hydrocarbon derivative;Primary aliphatic amine;Alpha-oligopeptide;Organic nitrogen compound;Organooxygen compound
None	CC(C)(O)C(=O)C(=O)O	Organic compounds	Organic acids and derivatives	Keto acids and derivatives	Short-chain keto acids and derivatives	Short-chain keto acids and derivatives	Aliphatic acyclic compounds	Acyloins;Alpha-hydroxy ketones;Alpha-keto acids and derivatives;Carboxylic acids;Fatty Acyls;Hydrocarbon derivatives;Hydroxy fatty acids;Methyl-branched fatty acids;Monocarboxylic acids and derivatives;Organic oxides;Tertiary alcohols	Alcohol;Fatty acyl;Aliphatic acyclic compound;Carbonyl group;Carboxylic acid;Methyl-branched fatty acid;Short-chain keto acid;Alpha-hydroxy ketone;Carboxylic acid derivative;Branched fatty acid;Ketone;Tertiary alcohol;Organic oxide;Monocarboxylic acid or derivatives;Organic oxygen compound;Acyloin;Alpha-keto acid;Hydrocarbon derivative;Hydroxy fatty acid;Organooxygen compound
None	O1C2C=CC3=CC=CC=C3C12	Organic compounds	Benzenoids	Naphthalenes	Naphthalenes	Naphthalenes	Aromatic heteropolycyclic compounds	Dialkyl ethers;Epoxides;Hydrocarbon derivatives;Oxacyclic compounds	Oxacycle;Ether;Naphthalene;Organic oxygen compound;Aromatic heteropolycyclic compound;Oxirane;Hydrocarbon derivative;Dialkyl ether;Organoheterocyclic compound;Organooxygen compound
None	[H][C@]12O[C@@]1([H])C1=CC=CC=C1C=C2	Organic compounds	Benzenoids	Naphthalenes	Naphthalenes	Naphthalenes	Aromatic heteropolycyclic compounds	Dialkyl ethers;Epoxides;Hydrocarbon derivatives;Oxacyclic compounds	Oxacycle;Ether;Naphthalene;Organic oxygen compound;Aromatic heteropolycyclic compound;Oxirane;Hydrocarbon derivative;Dialkyl ether;Organoheterocyclic compound;Organooxygen compound
None	[H][C@](N)(CCC(O)=N[C@@]([H])(CS[C@]1([H])C=CC2=CC=CC=C2[C@@]1([H])O)C(O)=NCC(O)=O)C(O)=O	Organic compounds	Benzenoids	Naphthalenes	Naphthalenes	Naphthalenes	Aromatic homopolycyclic compounds	Alpha amino acids;Carbonyl compounds;Carboximidic acids;Carboxylic acids;Dialkylthioethers;Dicarboxylic acids and derivatives;Hydrocarbon derivatives;Monoalkylamines;Organic oxides;Organonitrogen compounds;Organopnictogen compounds;Propargyl-type 1,3-dipolar organic compounds;Secondary alcohols;Sulfenyl compounds	Carboximidic acid;Carbonyl group;Carboxylic acid;Alpha-amino acid or derivatives;Organosulfur compound;Carboxylic acid derivative;Propargyl-type 1,3-dipolar organic compound;Organic oxide;Organonitrogen compound;Alpha-amino acid;Organopnictogen compound;Alcohol;Sulfenyl compound;Dialkylthioether;Aromatic homopolycyclic compound;Organic 1,3-dipolar compound;Naphthalene;Organic oxygen compound;Thioether;Secondary alcohol;Dicarboxylic acid or derivatives;Hydrocarbon derivative;Primary aliphatic amine;Organic nitrogen compound;Organooxygen compound
None	[H][C@](N)(CCC(O)=N[C@@]([H])(CS[C@@]1([H])C=CC2=CC=CC=C2[C@]1([H])O)C(O)=NCC(O)=O)C(O)=O	Organic compounds	Benzenoids	Naphthalenes	Naphthalenes	Naphthalenes	Aromatic homopolycyclic compounds	Alpha amino acids;Carbonyl compounds;Carboximidic acids;Carboxylic acids;Dialkylthioethers;Dicarboxylic acids and derivatives;Hydrocarbon derivatives;Monoalkylamines;Organic oxides;Organonitrogen compounds;Organopnictogen compounds;Propargyl-type 1,3-dipolar organic compounds;Secondary alcohols;Sulfenyl compounds	Carboximidic acid;Carbonyl group;Carboxylic acid;Alpha-amino acid or derivatives;Organosulfur compound;Carboxylic acid derivative;Propargyl-type 1,3-dipolar organic compound;Organic oxide;Organonitrogen compound;Alpha-amino acid;Organopnictogen compound;Alcohol;Sulfenyl compound;Dialkylthioether;Aromatic homopolycyclic compound;Organic 1,3-dipolar compound;Naphthalene;Organic oxygen compound;Thioether;Secondary alcohol;Dicarboxylic acid or derivatives;Hydrocarbon derivative;Primary aliphatic amine;Organic nitrogen compound;Organooxygen compound
None	[H][C@](N)(CCC(O)=N[C@@]([H])(CS[C@]1([H])C2=CC=CC=C2C=C[C@@]1([H])O)C(O)=NCC(O)=O)C(O)=O	Organic compounds	Benzenoids	Naphthalenes	Naphthalenes	Naphthalenes	Aromatic homopolycyclic compounds	Alpha amino acids;Carbonyl compounds;Carboximidic acids;Carboxylic acids;Dialkylthioethers;Dicarboxylic acids and derivatives;Hydrocarbon derivatives;Monoalkylamines;Organic oxides;Organonitrogen compounds;Organopnictogen compounds;Propargyl-type 1,3-dipolar organic compounds;Secondary alcohols;Sulfenyl compounds	Carboximidic acid;Carbonyl group;Carboxylic acid;Alpha-amino acid or derivatives;Organosulfur compound;Carboxylic acid derivative;Propargyl-type 1,3-dipolar organic compound;Organic oxide;Organonitrogen compound;Alpha-amino acid;Organopnictogen compound;Alcohol;Sulfenyl compound;Dialkylthioether;Aromatic homopolycyclic compound;Organic 1,3-dipolar compound;Naphthalene;Organic oxygen compound;Thioether;Secondary alcohol;Dicarboxylic acid or derivatives;Hydrocarbon derivative;Primary aliphatic amine;Organic nitrogen compound;Organooxygen compound
None	O=N(=O)C1=CC=CC2=C1C=CC1OC21	Organic compounds	Benzenoids	Naphthalenes	Nitronaphthalenes	Nitronaphthalenes	Aromatic heteropolycyclic compounds	Dialkyl ethers;Epoxides;Hydrocarbon derivatives;Nitroaromatic compounds;Organic oxides;Organic oxoanionic compounds;Organic oxoazanium compounds;Organonitrogen compounds;Organopnictogen compounds;Oxacyclic compounds;Propargyl-type 1,3-dipolar organic compounds	Ether;Allyl-type 1,3-dipolar organic compound;Dialkyl ether;Organic nitro compound;Propargyl-type 1,3-dipolar organic compound;Organic oxide;Aromatic heteropolycyclic compound;C-nitro compound;Organonitrogen compound;Organopnictogen compound;Organic oxoazanium;Organoheterocyclic compound;Nitroaromatic compound;Oxirane;Organic 1,3-dipolar compound;Oxacycle;1-nitronaphthalene;Organic oxygen compound;Hydrocarbon derivative;Organic nitrogen compound;Organooxygen compound;Organic Hyponitrite
None	O=N(=O)C1=CC=CC2=C1C1OC1C=C2	Organic compounds	Benzenoids	Naphthalenes	Nitronaphthalenes	Nitronaphthalenes	Aromatic heteropolycyclic compounds	Dialkyl ethers;Epoxides;Hydrocarbon derivatives;Nitroaromatic compounds;Organic oxides;Organic oxoanionic compounds;Organic oxoazanium compounds;Organonitrogen compounds;Organopnictogen compounds;Oxacyclic compounds;Propargyl-type 1,3-dipolar organic compounds	Ether;Allyl-type 1,3-dipolar organic compound;Dialkyl ether;Organic nitro compound;Propargyl-type 1,3-dipolar organic compound;Organic oxide;Aromatic heteropolycyclic compound;C-nitro compound;Organonitrogen compound;Organopnictogen compound;Organic oxoazanium;Organoheterocyclic compound;Nitroaromatic compound;Oxirane;Organic 1,3-dipolar compound;Oxacycle;1-nitronaphthalene;Organic oxygen compound;Hydrocarbon derivative;Organic nitrogen compound;Organooxygen compound;Organic Hyponitrite
None	[H][C@](N)(CCC(O)=N[C@@]([H])(CSC1([H])C2=C(C=CC=C2N(=O)=O)C=CC1([H])O)C(O)=NCC(O)=O)C(O)=O	Organic compounds	Benzenoids	Naphthalenes	Nitronaphthalenes	Nitronaphthalenes	Aromatic homopolycyclic compounds	Alpha amino acids;Carbonyl compounds;Carboximidic acids;Carboxylic acids;Dialkylthioethers;Dicarboxylic acids and derivatives;Hydrocarbon derivatives;Monoalkylamines;Nitroaromatic compounds;Organic oxides;Organic oxoanionic compounds;Organic oxoazanium compounds;Organonitrogen compounds;Organopnictogen compounds;Propargyl-type 1,3-dipolar organic compounds;Secondary alcohols;Sulfenyl compounds	Carboximidic acid;Carbonyl group;Carboxylic acid;Allyl-type 1,3-dipolar organic compound;Alpha-amino acid or derivatives;Organosulfur compound;Carboxylic acid derivative;Organic nitro compound;Propargyl-type 1,3-dipolar organic compound;Organic oxide;C-nitro compound;Organonitrogen compound;Alpha-amino acid;Organopnictogen compound;Organic oxoazanium;Nitroaromatic compound;Alcohol;Sulfenyl compound;Dialkylthioether;Aromatic homopolycyclic compound;Organic 1,3-dipolar compound;1-nitronaphthalene;Organic oxygen compound;Thioether;Secondary alcohol;Dicarboxylic acid or derivatives;Hydrocarbon derivative;Primary aliphatic amine;Organic nitrogen compound;Organooxygen compound;Organic Hyponitrite
None	[H][C@](N)(CCC(O)=N[C@@]([H])(CSC1([H])C=CC2=C(C(=CC=C2)N(=O)=O)C1([H])O)C(O)=NCC(O)=O)C(O)=O	Organic compounds	Benzenoids	Naphthalenes	Nitronaphthalenes	Nitronaphthalenes	Aromatic homopolycyclic compounds	Alpha amino acids;Carbonyl compounds;Carboximidic acids;Carboxylic acids;Dialkylthioethers;Dicarboxylic acids and derivatives;Hydrocarbon derivatives;Monoalkylamines;Nitroaromatic compounds;Organic oxides;Organic oxoanionic compounds;Organic oxoazanium compounds;Organonitrogen compounds;Organopnictogen compounds;Propargyl-type 1,3-dipolar organic compounds;Secondary alcohols;Sulfenyl compounds	Carboximidic acid;Carbonyl group;Carboxylic acid;Allyl-type 1,3-dipolar organic compound;Alpha-amino acid or derivatives;Organosulfur compound;Carboxylic acid derivative;Organic nitro compound;Propargyl-type 1,3-dipolar organic compound;Organic oxide;C-nitro compound;Organonitrogen compound;Alpha-amino acid;Organopnictogen compound;Organic oxoazanium;Nitroaromatic compound;Alcohol;Sulfenyl compound;Dialkylthioether;Aromatic homopolycyclic compound;Organic 1,3-dipolar compound;1-nitronaphthalene;Organic oxygen compound;Thioether;Secondary alcohol;Dicarboxylic acid or derivatives;Hydrocarbon derivative;Primary aliphatic amine;Organic nitrogen compound;Organooxygen compound;Organic Hyponitrite
None	[H][C@](N)(CCC(O)=N[C@@]([H])(CSC1([H])C=CC2=C(C=CC=C2N(=O)=O)C1([H])O)C(O)=NCC(O)=O)C(O)=O	Organic compounds	Benzenoids	Naphthalenes	Nitronaphthalenes	Nitronaphthalenes	Aromatic homopolycyclic compounds	Alpha amino acids;Carbonyl compounds;Carboximidic acids;Carboxylic acids;Dialkylthioethers;Dicarboxylic acids and derivatives;Hydrocarbon derivatives;Monoalkylamines;Nitroaromatic compounds;Organic oxides;Organic oxoanionic compounds;Organic oxoazanium compounds;Organonitrogen compounds;Organopnictogen compounds;Propargyl-type 1,3-dipolar organic compounds;Secondary alcohols;Sulfenyl compounds	Carboximidic acid;Carbonyl group;Carboxylic acid;Allyl-type 1,3-dipolar organic compound;Alpha-amino acid or derivatives;Organosulfur compound;Carboxylic acid derivative;Organic nitro compound;Propargyl-type 1,3-dipolar organic compound;Organic oxide;C-nitro compound;Organonitrogen compound;Alpha-amino acid;Organopnictogen compound;Organic oxoazanium;Nitroaromatic compound;Alcohol;Sulfenyl compound;Dialkylthioether;Aromatic homopolycyclic compound;Organic 1,3-dipolar compound;1-nitronaphthalene;Organic oxygen compound;Thioether;Secondary alcohol;Dicarboxylic acid or derivatives;Hydrocarbon derivative;Primary aliphatic amine;Organic nitrogen compound;Organooxygen compound;Organic Hyponitrite
None	[H][C@](N)(CCC(O)=N[C@@]([H])(CSC1([H])C2=C(C=CC1([H])O)C(=CC=C2)N(=O)=O)C(O)=NCC(O)=O)C(O)=O	Organic compounds	Benzenoids	Naphthalenes	Nitronaphthalenes	Nitronaphthalenes	Aromatic homopolycyclic compounds	Alpha amino acids;Carbonyl compounds;Carboximidic acids;Carboxylic acids;Dialkylthioethers;Dicarboxylic acids and derivatives;Hydrocarbon derivatives;Monoalkylamines;Nitroaromatic compounds;Organic oxides;Organic oxoanionic compounds;Organic oxoazanium compounds;Organonitrogen compounds;Organopnictogen compounds;Propargyl-type 1,3-dipolar organic compounds;Secondary alcohols;Sulfenyl compounds	Carboximidic acid;Carbonyl group;Carboxylic acid;Allyl-type 1,3-dipolar organic compound;Alpha-amino acid or derivatives;Organosulfur compound;Carboxylic acid derivative;Organic nitro compound;Propargyl-type 1,3-dipolar organic compound;Organic oxide;C-nitro compound;Organonitrogen compound;Alpha-amino acid;Organopnictogen compound;Organic oxoazanium;Nitroaromatic compound;Alcohol;Sulfenyl compound;Dialkylthioether;Aromatic homopolycyclic compound;Organic 1,3-dipolar compound;1-nitronaphthalene;Organic oxygen compound;Thioether;Secondary alcohol;Dicarboxylic acid or derivatives;Hydrocarbon derivative;Primary aliphatic amine;Organic nitrogen compound;Organooxygen compound;Organic Hyponitrite
None	[Fe++]	Organic compounds	Organic cations		Organic cations	Organic cations	Acyclic compounds		Acyclic compound;Organic cation
None	[Fe+3]	Organic compounds	Organic cations		Organic cations	Organic cations	Acyclic compounds		Acyclic compound;Organic cation
None	BrC1=CC2OC2C=C1	Organic compounds	Organoheterocyclic compounds	Epoxides	Epoxides	Epoxides	Aliphatic heteropolycyclic compounds	Bromoalkenes;Dialkyl ethers;Hydrocarbon derivatives;Organobromides;Oxacyclic compounds;Vinyl bromides	Ether;Oxirane;Organohalogen compound;Dialkyl ether;Aliphatic heteropolycyclic compound;Oxacycle;Organic oxygen compound;Vinyl bromide;Bromoalkene;Vinyl halide;Haloalkene;Organobromide;Hydrocarbon derivative;Organooxygen compound
None	BrC1=CC=CC2OC12	Organic compounds	Organoheterocyclic compounds	Epoxides	Epoxides	Epoxides	Aliphatic heteropolycyclic compounds	Bromoalkenes;Dialkyl ethers;Hydrocarbon derivatives;Organobromides;Oxacyclic compounds;Vinyl bromides	Ether;Oxirane;Organohalogen compound;Dialkyl ether;Aliphatic heteropolycyclic compound;Oxacycle;Organic oxygen compound;Vinyl bromide;Bromoalkene;Vinyl halide;Haloalkene;Organobromide;Hydrocarbon derivative;Organooxygen compound
None	[H][C@](N)(CCC(O)=N[C@@]([H])(CSC1([H])C=CC(Br)=CC1([H])O)C(O)=NCC(O)=O)C(O)=O	Organic compounds	Organic acids and derivatives	Carboxylic acids and derivatives	Amino acids, peptides, and analogues	Alpha amino acids	Aliphatic homomonocyclic compounds	Bromoalkenes;Carbocyclic fatty acids;Carbonyl compounds;Carboximidic acids;Carboxylic acids;Dialkylthioethers;Dicarboxylic acids and derivatives;Fatty Acyls;Halogenated fatty acids;Hydrocarbon derivatives;Hydroxy fatty acids;Monoalkylamines;Organic oxides;Organobromides;Organonitrogen compounds;Organopnictogen compounds;Propargyl-type 1,3-dipolar organic compounds;Secondary alcohols;Short-chain hydroxy acids and derivatives;Sulfenyl compounds;Vinyl bromides	Fatty acyl;Carbocyclic fatty acid;Carboximidic acid;Carbonyl group;Carboxylic acid;Short-chain hydroxy acid;Organosulfur compound;Organohalogen compound;Propargyl-type 1,3-dipolar organic compound;Organic oxide;Organonitrogen compound;Alpha-amino acid;Organopnictogen compound;Hydroxy fatty acid;Alcohol;Halogenated fatty acid;Sulfenyl compound;Dialkylthioether;Organic 1,3-dipolar compound;Organic oxygen compound;Vinyl bromide;Thioether;Bromoalkene;Vinyl halide;Haloalkene;Secondary alcohol;Aliphatic homomonocyclic compound;Dicarboxylic acid or derivatives;Organobromide;Hydrocarbon derivative;Primary aliphatic amine;Organic nitrogen compound;Organooxygen compound
None	[H][C@](N)(CCC(O)=N[C@@]([H])(CSC1([H])C(Br)=CC=CC1([H])O)C(O)=NCC(O)=O)C(O)=O	Organic compounds	Organic acids and derivatives	Carboxylic acids and derivatives	Amino acids, peptides, and analogues	Alpha amino acids	Aliphatic homomonocyclic compounds	Bromoalkenes;Carbocyclic fatty acids;Carbonyl compounds;Carboximidic acids;Carboxylic acids;Dialkylthioethers;Dicarboxylic acids and derivatives;Fatty Acyls;Halogenated fatty acids;Hydrocarbon derivatives;Hydroxy fatty acids;Monoalkylamines;Organic oxides;Organobromides;Organonitrogen compounds;Organopnictogen compounds;Propargyl-type 1,3-dipolar organic compounds;Secondary alcohols;Short-chain hydroxy acids and derivatives;Sulfenyl compounds;Vinyl bromides	Fatty acyl;Carbocyclic fatty acid;Carboximidic acid;Carbonyl group;Carboxylic acid;Short-chain hydroxy acid;Organosulfur compound;Organohalogen compound;Propargyl-type 1,3-dipolar organic compound;Organic oxide;Organonitrogen compound;Alpha-amino acid;Organopnictogen compound;Hydroxy fatty acid;Alcohol;Halogenated fatty acid;Sulfenyl compound;Dialkylthioether;Organic 1,3-dipolar compound;Organic oxygen compound;Vinyl bromide;Thioether;Bromoalkene;Vinyl halide;Haloalkene;Secondary alcohol;Aliphatic homomonocyclic compound;Dicarboxylic acid or derivatives;Organobromide;Hydrocarbon derivative;Primary aliphatic amine;Organic nitrogen compound;Organooxygen compound
None	O1C2C1C1=CC3=CC=CC=C3C3=C1C1=C(C=CC=C21)C=C3	Organic compounds	Benzenoids	Phenanthrenes and derivatives	Chrysenes	Chrysenes	Aromatic heteropolycyclic compounds	Dialkyl ethers;Epoxides;Hydrocarbon derivatives;Naphthalenes;Oxacyclic compounds	Ether;Oxirane;Chrysene;Dialkyl ether;Oxacycle;Naphthalene;Organic oxygen compound;Aromatic heteropolycyclic compound;Hydrocarbon derivative;Organoheterocyclic compound;Organooxygen compound
None	OC1C=CC2=C3C=CC4=CC=CC5=C4C3=C(C=C5)C=C2C1O	Organic compounds	Benzenoids	Pyrenes	Pyrenes	Pyrenes	Aromatic homopolycyclic compounds	1,2-diols;Hydrocarbon derivatives;Naphthalenes;Phenanthrols;Secondary alcohols	Alcohol;Phenanthrene;Phenanthrol;Aromatic homopolycyclic compound;Pyrene;Naphthalene;Organic oxygen compound;Secondary alcohol;Hydrocarbon derivative;Organooxygen compound;1,2-diol
None	[H][C@](N)(CCC(O)=N[C@@]([H])(CSC1([H])C2=CC3=CC=CC=C3C3=C2C2=C(C=CC=C2C1([H])O)C=C3)C(O)=NCC(O)=O)C(O)=O	Organic compounds	Benzenoids	Phenanthrenes and derivatives	Chrysenes	Chrysenes	Aromatic homopolycyclic compounds	Alpha amino acids;Carbonyl compounds;Carboximidic acids;Carboxylic acids;Dialkylthioethers;Dicarboxylic acids and derivatives;Hydrocarbon derivatives;Monoalkylamines;Naphthalenes;Organic oxides;Organonitrogen compounds;Organopnictogen compounds;Propargyl-type 1,3-dipolar organic compounds;Secondary alcohols;Sulfenyl compounds	Carboximidic acid;Carbonyl group;Carboxylic acid;Alpha-amino acid or derivatives;Chrysene;Organosulfur compound;Carboxylic acid derivative;Propargyl-type 1,3-dipolar organic compound;Organic oxide;Organonitrogen compound;Alpha-amino acid;Organopnictogen compound;Alcohol;Sulfenyl compound;Dialkylthioether;Aromatic homopolycyclic compound;Organic 1,3-dipolar compound;Naphthalene;Organic oxygen compound;Thioether;Secondary alcohol;Dicarboxylic acid or derivatives;Hydrocarbon derivative;Primary aliphatic amine;Organic nitrogen compound;Organooxygen compound
None	[H][C@](N)(CCC(O)=N[C@@]([H])(CSC1([H])C=CC2=C3C=CC4=CC=CC5=C4C3=C(C=C5)C=C2C1([H])O)C(O)=NCC(O)=O)C(O)=O	Organic compounds	Benzenoids	Pyrenes	Pyrenes	Pyrenes	Aromatic homopolycyclic compounds	Alpha amino acids;Carbonyl compounds;Carboximidic acids;Carboxylic acids;Dialkylthioethers;Dicarboxylic acids and derivatives;Hydrocarbon derivatives;Monoalkylamines;Naphthalenes;Organic oxides;Organonitrogen compounds;Organopnictogen compounds;Phenanthrols;Propargyl-type 1,3-dipolar organic compounds;Secondary alcohols;Sulfenyl compounds	Carboximidic acid;Carbonyl group;Carboxylic acid;Alpha-amino acid or derivatives;Organosulfur compound;Carboxylic acid derivative;Propargyl-type 1,3-dipolar organic compound;Organic oxide;Organonitrogen compound;Alpha-amino acid;Organopnictogen compound;Alcohol;Phenanthrene;Sulfenyl compound;Dialkylthioether;Phenanthrol;Aromatic homopolycyclic compound;Organic 1,3-dipolar compound;Pyrene;Naphthalene;Organic oxygen compound;Thioether;Secondary alcohol;Dicarboxylic acid or derivatives;Hydrocarbon derivative;Primary aliphatic amine;Organic nitrogen compound;Organooxygen compound
None	ClC1(Cl)CO1	Organic compounds	Organoheterocyclic compounds	Epoxides	Epoxides	Epoxides	Aliphatic heteromonocyclic compounds	Alkyl chlorides;Dialkyl ethers;Hydrocarbon derivatives;Organochlorides;Oxacyclic compounds	Ether;Alkyl chloride;Organochloride;Oxirane;Organohalogen compound;Dialkyl ether;Oxacycle;Organic oxygen compound;Aliphatic heteromonocyclic compound;Alkyl halide;Hydrocarbon derivative;Organooxygen compound
None	ClC(Cl)C=O	Organic compounds	Organohalogen compounds	Alkyl halides	Alkyl chlorides	Alkyl chlorides	Aliphatic acyclic compounds	Aldehydes;Hydrocarbon derivatives;Organic oxides;Organochlorides	Aliphatic acyclic compound;Carbonyl group;Organic oxide;Organic oxygen compound;Alkyl chloride;Organochloride;Aldehyde;Hydrocarbon derivative;Organooxygen compound
None	ClCC(Cl)=O	Organic compounds	Organohalogen compounds	Acyl halides	Acyl chlorides	Acyl chlorides	Aliphatic acyclic compounds	Alkyl chlorides;Carbonyl compounds;Hydrocarbon derivatives;Organic oxides;Organochlorides	Aliphatic acyclic compound;Carbonyl group;Alkyl chloride;Organochloride;Organic oxide;Organic oxygen compound;Acyl chloride;Alkyl halide;Hydrocarbon derivative;Organooxygen compound
None	[H][C@](N)(CCC(O)=N[C@@]([H])(CSC([H])(O)C(Cl)Cl)C(O)=NCC(O)=O)C(O)=O	Organic compounds	Organic acids and derivatives	Carboxylic acids and derivatives	Amino acids, peptides, and analogues	Alpha amino acids	Aliphatic acyclic compounds	Alkyl chlorides;Carbonyl compounds;Carboximidic acids;Carboxylic acids;Chlorohydrins;Dicarboxylic acids and derivatives;Halogenated fatty acids;Hydrocarbon derivatives;Hydroxy fatty acids;Monoalkylamines;Organic oxides;Organochlorides;Organonitrogen compounds;Organopnictogen compounds;Propargyl-type 1,3-dipolar organic compounds;Short-chain hydroxy acids and derivatives;Sulfenyl compounds	Fatty acyl;Aliphatic acyclic compound;Carboximidic acid;Carbonyl group;Carboxylic acid;Short-chain hydroxy acid;Chlorohydrin;Alkyl chloride;Organochloride;Fatty acid;Organosulfur compound;Organohalogen compound;Propargyl-type 1,3-dipolar organic compound;Organic oxide;Organonitrogen compound;Alpha-amino acid;Organopnictogen compound;Alkyl halide;Hydroxy fatty acid;Halogenated fatty acid;Sulfenyl compound;Halohydrin;Organic 1,3-dipolar compound;Organic oxygen compound;Dicarboxylic acid or derivatives;Hydrocarbon derivative;Primary aliphatic amine;Organic nitrogen compound;Organooxygen compound
None	[H][C@](N)(CCC(O)=N[C@@]([H])(CSCC(=O)SC[C@]([H])(N=C(O)CC[C@]([H])(N)C(O)=O)C(O)=NCC(O)=O)C(O)=NCC(O)=O)C(O)=O	Organic compounds	Organic acids and derivatives	Carboxylic acids and derivatives	Tetracarboxylic acids and derivatives	Tetracarboxylic acids and derivatives	Aliphatic acyclic compounds	Alpha amino acids;Carbonyl compounds;Carbothioic S-esters;Carboximidic acids;Carboxylic acids;Dialkylthioethers;Hydrocarbon derivatives;Monoalkylamines;Organic oxides;Organonitrogen compounds;Organopnictogen compounds;Propargyl-type 1,3-dipolar organic compounds;Sulfenyl compounds;Thioesters;Thiolactones	Aliphatic acyclic compound;Carboximidic acid;Carbonyl group;Carboxylic acid;Alpha-amino acid or derivatives;Organosulfur compound;Carbothioic s-ester;Propargyl-type 1,3-dipolar organic compound;Organic oxide;Organonitrogen compound;Alpha-amino acid;Organopnictogen compound;Thiolactone;Thiocarboxylic acid or derivatives;Sulfenyl compound;Thiocarboxylic acid ester;Dialkylthioether;Tetracarboxylic acid or derivatives;Organic 1,3-dipolar compound;Organic oxygen compound;Thioether;Hydrocarbon derivative;Primary aliphatic amine;Organic nitrogen compound;Organooxygen compound
None	[H][C@](N)(CCC(O)=N[C@@]([H])(CSC(=O)CCl)C(O)=NCC(O)=O)C(O)=O	Organic compounds	Organic acids and derivatives	Carboxylic acids and derivatives	Amino acids, peptides, and analogues	Alpha amino acids	Aliphatic acyclic compounds	Alkyl chlorides;Carbonyl compounds;Carbothioic S-esters;Carboximidic acids;Carboxylic acids;Dicarboxylic acids and derivatives;Halogenated fatty acids;Hydrocarbon derivatives;Monoalkylamines;Organic oxides;Organochlorides;Organonitrogen compounds;Organopnictogen compounds;Propargyl-type 1,3-dipolar organic compounds;Short-chain hydroxy acids and derivatives;Sulfenyl compounds;Thioesters;Thiolactones	Fatty acyl;Aliphatic acyclic compound;Carboximidic acid;Carbonyl group;Carboxylic acid;Short-chain hydroxy acid;Alkyl chloride;Organochloride;Fatty acid;Organosulfur compound;Organohalogen compound;Carbothioic s-ester;Propargyl-type 1,3-dipolar organic compound;Organic oxide;Organonitrogen compound;Alpha-amino acid;Organopnictogen compound;Alkyl halide;Thiolactone;Halogenated fatty acid;Thiocarboxylic acid or derivatives;Sulfenyl compound;Thiocarboxylic acid ester;Organic 1,3-dipolar compound;Organic oxygen compound;Dicarboxylic acid or derivatives;Hydrocarbon derivative;Primary aliphatic amine;Organic nitrogen compound;Organooxygen compound
None	[H][C@](N)(CCC(O)=N[C@@]([H])(CSCC(Cl)=O)C(O)=NCC(O)=O)C(O)=O	Organic compounds	Organic acids and derivatives	Carboxylic acids and derivatives	Amino acids, peptides, and analogues	Alpha amino acids	Aliphatic acyclic compounds	Acyl chlorides;Carbonyl compounds;Carboximidic acids;Carboxylic acids;Dialkylthioethers;Dicarboxylic acids and derivatives;Halogenated fatty acids;Hydrocarbon derivatives;Monoalkylamines;Organic oxides;Organochlorides;Organonitrogen compounds;Organopnictogen compounds;Propargyl-type 1,3-dipolar organic compounds;Short-chain hydroxy acids and derivatives;Sulfenyl compounds	Fatty acyl;Aliphatic acyclic compound;Carboximidic acid;Carbonyl group;Carboxylic acid;Short-chain hydroxy acid;Organochloride;Fatty acid;Organosulfur compound;Organohalogen compound;Propargyl-type 1,3-dipolar organic compound;Organic oxide;Acyl chloride;Organonitrogen compound;Alpha-amino acid;Organopnictogen compound;Halogenated fatty acid;Sulfenyl compound;Dialkylthioether;Organic 1,3-dipolar compound;Acyl halide;Organic oxygen compound;Thioether;Dicarboxylic acid or derivatives;Hydrocarbon derivative;Primary aliphatic amine;Organic nitrogen compound;Organooxygen compound
None	[H]\C(Cl)=C(/Cl)SC[C@]([H])(N=C(O)CC[C@]([H])(N)C(O)=O)C(O)=NCC(O)=O	Organic compounds	Organic acids and derivatives	Carboxylic acids and derivatives	Amino acids, peptides, and analogues	Alpha amino acids	Aliphatic acyclic compounds	Carbonyl compounds;Carboximidic acids;Carboxylic acids;Chloroalkenes;Dicarboxylic acids and derivatives;Fatty Acyls;Halogenated fatty acids;Hydrocarbon derivatives;Monoalkylamines;Organic oxides;Organochlorides;Organonitrogen compounds;Organopnictogen compounds;Propargyl-type 1,3-dipolar organic compounds;Short-chain hydroxy acids and derivatives;Sulfenyl compounds;Vinyl chlorides	Fatty acyl;Aliphatic acyclic compound;Carboximidic acid;Carbonyl group;Carboxylic acid;Short-chain hydroxy acid;Organochloride;Organosulfur compound;Organohalogen compound;Propargyl-type 1,3-dipolar organic compound;Organic oxide;Organonitrogen compound;Alpha-amino acid;Organopnictogen compound;Halogenated fatty acid;Sulfenyl compound;Chloroalkene;Organic 1,3-dipolar compound;Organic oxygen compound;Vinyl halide;Haloalkene;Dicarboxylic acid or derivatives;Hydrocarbon derivative;Primary aliphatic amine;Organic nitrogen compound;Vinyl chloride;Organooxygen compound
None	BrCC=O	Organic compounds	Organohalogen compounds	Organobromides	Organobromides	Organobromides	Aliphatic acyclic compounds	Aldehydes;Alkyl bromides;Hydrocarbon derivatives;Organic oxides	Aliphatic acyclic compound;Carbonyl group;Organic oxide;Organic oxygen compound;Organobromide;Aldehyde;Alkyl halide;Hydrocarbon derivative;Alkyl bromide;Organooxygen compound
None	[H][C@](N)(CCC(O)=N[C@@]([H])(CSCC=O)C(O)=NCC(O)=O)C(O)=O	Organic compounds	Organic acids and derivatives	Carboxylic acids and derivatives	Amino acids, peptides, and analogues	Alpha amino acids	Aliphatic acyclic compounds	Aldehydes;Carboximidic acids;Carboxylic acids;Dialkylthioethers;Dicarboxylic acids and derivatives;Fatty acids and conjugates;Hydrocarbon derivatives;Monoalkylamines;Organic oxides;Organonitrogen compounds;Organopnictogen compounds;Propargyl-type 1,3-dipolar organic compounds;Short-chain hydroxy acids and derivatives;Sulfenyl compounds	Aliphatic acyclic compound;Carboximidic acid;Carbonyl group;Carboxylic acid;Short-chain hydroxy acid;Fatty acid;Organosulfur compound;Propargyl-type 1,3-dipolar organic compound;Organic oxide;Organonitrogen compound;Alpha-amino acid;Organopnictogen compound;Sulfenyl compound;Dialkylthioether;Aldehyde;Organic 1,3-dipolar compound;Organic oxygen compound;Thioether;Dicarboxylic acid or derivatives;Hydrocarbon derivative;Primary aliphatic amine;Organic nitrogen compound;Organooxygen compound
None	[H][C@](N)(CCC(O)=N[C@@]([H])(C[S+]1CC1)C(O)=NCC(O)=O)C(O)=O	Organic compounds	Organic acids and derivatives	Carboxylic acids and derivatives	Amino acids, peptides, and analogues	Alpha amino acids	Aliphatic heteromonocyclic compounds	Carbonyl compounds;Carboximidic acids;Carboxylic acids;Dicarboxylic acids and derivatives;Heterocyclic fatty acids;Hydrocarbon derivatives;Monoalkylamines;Organic cations;Organic oxides;Organic sulfonium compounds;Organonitrogen compounds;Organopnictogen compounds;Short-chain hydroxy acids and derivatives;Thiiranes	Fatty acyl;Carboximidic acid;Carbonyl group;Carboxylic acid;Short-chain hydroxy acid;Heterocyclic fatty acid;Fatty acid;Organosulfur compound;Thiirane;Organic oxide;Aliphatic heteromonocyclic compound;Organonitrogen compound;Alpha-amino acid;Organopnictogen compound;Organic cation;Organoheterocyclic compound;Organic oxygen compound;Organic_Sulfonium;Dicarboxylic acid or derivatives;Hydrocarbon derivative;Primary aliphatic amine;Organic nitrogen compound;Organooxygen compound
None	CC(=O)N[C@@H](CCCNC(N)=O)C(O)=O	Organic compounds	Organic acids and derivatives	Carboxylic acids and derivatives	Amino acids, peptides, and analogues	N-acyl-alpha amino acids	Aliphatic acyclic compounds	Acetamides;Alpha amino acids;Carbonyl compounds;Carboxylic acids;Fatty acids and conjugates;Hydrocarbon derivatives;Monocarboxylic acids and derivatives;Organic carbonic acids and derivatives;Organic oxides;Organonitrogen compounds;Organopnictogen compounds;Secondary carboxylic acid amides	Aliphatic acyclic compound;Carbonyl group;Carbonic acid derivative;Carboxylic acid;N-acyl-alpha-amino acid;Fatty acid;Carboxamide group;Secondary carboxylic acid amide;Organic oxide;Monocarboxylic acid or derivatives;Organic oxygen compound;Organonitrogen compound;Alpha-amino acid;Organopnictogen compound;Hydrocarbon derivative;Organic nitrogen compound;Acetamide;Organooxygen compound
None	[H][C@](O)(C(O)=NCCC(O)=NCCSC(=O)C1=C(O)C2=CC=CC=C2C(O)=C1)C(C)(C)COP(O)(=O)OP(O)(=O)OC[C@@]1([H])O[C@@]([H])(N2C=NC3=C(N)N=CN=C23)[C@]([H])(O)[C@]1([H])OP(O)(O)=O	Organic compounds	Lipids and lipid-like molecules	Fatty Acyls	Fatty acyl thioesters	Acyl CoAs	Aromatic heteropolycyclic compounds	1-hydroxy-2-unsubstituted benzenoids;Amino acids and derivatives;Azacyclic compounds;Carbothioic S-esters;Carboximidic acids;Carboxylic acids and derivatives;Coenzyme A and derivatives;Heteroaromatic compounds;Hydrocarbon derivatives;Hydroquinones;Imidazoles;Imidolactams;Monoalkyl phosphates;Monosaccharides;N-substituted imidazoles;Naphthalenecarboxylic acids;Naphthols and derivatives;Organic oxides;Organic pyrophosphates;Organopnictogen compounds;Oxacyclic compounds;Pentose phosphates;Primary amines;Propargyl-type 1,3-dipolar organic compounds;Purine ribonucleoside diphosphates;Purines and purine derivatives;Pyrimidines and pyrimidine derivatives;Ribonucleoside 3'-phosphates;Salicylic acid and derivatives;Secondary alcohols;Sulfenyl compounds;Tetrahydrofurans;Thiobenzoic acids and derivatives;Thioesters;Thiolactones;Vinylogous acids	Carboximidic acid;Amino acid or derivatives;Monosaccharide;Pentose-5-phosphate;Imidazopyrimidine;Carbothioic s-ester;Saccharide;Purine ribonucleoside diphosphate;Organonitrogen compound;Organoheterocyclic compound;Alcohol;Sulfenyl compound;Azacycle;Thiocarboxylic acid ester;Heteroaromatic compound;Organic 1,3-dipolar compound;Organic pyrophosphate;Hydroquinone;Vinylogous acid;Naphthalene;Salicylic acid or derivatives;Monoalkyl phosphate;Hydrocarbon derivative;Primary amine;2-naphthalenecarboxylic acid;Amine;Coenzyme a or derivatives;Pentose phosphate;1-hydroxy-2-unsubstituted benzenoid;Organosulfur compound;Carboxylic acid derivative;Pyrimidine;Propargyl-type 1,3-dipolar organic compound;Organic oxide;Aromatic heteropolycyclic compound;Imidazole;Organopnictogen compound;Imidolactam;Thiolactone;Thiobenzoic acid or derivatives;Azole;N-substituted imidazole;Purine ribonucleoside 3',5'-bisphosphate;Ribonucleoside 3'-phosphate;Thiocarboxylic acid or derivatives;Tetrahydrofuran;Oxacycle;Organic oxygen compound;Phosphoric acid ester;2-naphthalenecarboxylic acid or derivatives;Secondary alcohol;1-naphthol;Purine;Benzenoid;Organic nitrogen compound;Organic phosphoric acid derivative;Alkyl phosphate;Organooxygen compound
None	CC(=O)C(O)COP(O)(O)=O	Organic compounds	Organic acids and derivatives	Organic phosphoric acids and derivatives	Phosphate esters	Monoalkyl phosphates	Aliphatic acyclic compounds	Acyloins;Alpha-hydroxy ketones;Hydrocarbon derivatives;Monosaccharides;Organic oxides;Secondary alcohols	Alcohol;Aliphatic acyclic compound;Carbonyl group;Monosaccharide;Alpha-hydroxy ketone;Ketone;Saccharide;Organic oxide;Organic oxygen compound;Monoalkyl phosphate;Acyloin;Secondary alcohol;Hydrocarbon derivative;Organooxygen compound
None	CC(=O)OC1=CC=CC=C1	Organic compounds	Benzenoids	Phenol esters	Phenol esters	Phenol esters	Aromatic homomonocyclic compounds	Carbonyl compounds;Carboxylic acid esters;Hydrocarbon derivatives;Monocarboxylic acids and derivatives;Organic oxides;Phenoxy compounds	Monocyclic benzene moiety;Carbonyl group;Carboxylic acid derivative;Aromatic homomonocyclic compound;Organic oxide;Monocarboxylic acid or derivatives;Organic oxygen compound;Carboxylic acid ester;Phenol ester;Hydrocarbon derivative;Phenoxy compound;Organooxygen compound
None	N1C=NC2=C1C=NC=N2	Organic compounds	Organoheterocyclic compounds	Imidazopyrimidines	Purines and purine derivatives	Purines and purine derivatives	Aromatic heteropolycyclic compounds	Azacyclic compounds;Heteroaromatic compounds;Hydrocarbon derivatives;Imidazoles;Organonitrogen compounds;Organopnictogen compounds;Pyrimidines and pyrimidine derivatives	Azacycle;Heteroaromatic compound;Pyrimidine;Aromatic heteropolycyclic compound;Imidazole;Organonitrogen compound;Organopnictogen compound;Hydrocarbon derivative;Purine;Organic nitrogen compound;Azole
None	CC(C)=CCC\C(C)=C\CC\C(C)=C\CCC(O)C1=C(C)/C2=C/C3=N/C(=C\C4=C(CCC(O)=O)C(C)=C5/C=C6\N=C(\C=C\1/N\2[Fe]N45)C(C)=C6C=C)/C(CCC(O)=O)=C3C	Organic compounds	Organoheterocyclic compounds	Tetrapyrroles and derivatives	Metallotetrapyrroles	Metallotetrapyrroles	Aromatic heteropolycyclic compounds	Aromatic alcohols;Azacyclic compounds;Carbonyl compounds;Carboxylic acids;Dicarboxylic acids and derivatives;Heteroaromatic compounds;Hydrocarbon derivatives;Organic oxides;Organic transition metal salts;Organonitrogen compounds;Organopnictogen compounds;Pyrroles;Secondary alcohols;Sesquiterpenoids	Aromatic alcohol;Carbonyl group;Carboxylic acid;Carboxylic acid derivative;Organic oxide;Sesquiterpenoid;Aromatic heteropolycyclic compound;Organonitrogen compound;Organopnictogen compound;Organic salt;Metallotetrapyrrole skeleton;Alcohol;Azacycle;Heteroaromatic compound;Organic transition metal salt;Organic oxygen compound;Pyrrole;Secondary alcohol;Dicarboxylic acid or derivatives;Hydrocarbon derivative;Organic nitrogen compound;Farsesane sesquiterpenoid;Organooxygen compound;Organic metal salt
None	NCCCCNC(=O)CC[C@H](N)C(O)=O	Organic compounds	Organic acids and derivatives	Carboxylic acids and derivatives	Amino acids, peptides, and analogues	Glutamine and derivatives	Aliphatic acyclic compounds	Alpha amino acids;Carbonyl compounds;Carboxylic acids;Fatty acids and conjugates;Hydrocarbon derivatives;Monoalkylamines;Monocarboxylic acids and derivatives;N-acyl amines;Organic oxides;Organonitrogen compounds;Organopnictogen compounds;Secondary carboxylic acid amides	Fatty acyl;Aliphatic acyclic compound;Carbonyl group;Carboxylic acid;Glutamine or derivatives;Fatty amide;Fatty acid;Carboxamide group;N-acyl-amine;Secondary carboxylic acid amide;Organic oxide;Monocarboxylic acid or derivatives;Organic oxygen compound;Organonitrogen compound;Alpha-amino acid;Organopnictogen compound;Hydrocarbon derivative;Primary aliphatic amine;Organic nitrogen compound;Organooxygen compound
None	N[C@@H](CCC(=O)NCCCC(O)=O)C(O)=O	Organic compounds	Organic acids and derivatives	Carboxylic acids and derivatives	Amino acids, peptides, and analogues	Glutamine and derivatives	Aliphatic acyclic compounds	Alpha amino acids;Carbonyl compounds;Carboxylic acids;Dicarboxylic acids and derivatives;Fatty acids and conjugates;Gamma amino acids and derivatives;Hydrocarbon derivatives;Monoalkylamines;N-acyl amines;Organic oxides;Organonitrogen compounds;Organopnictogen compounds;Secondary carboxylic acid amides	Fatty acyl;Aliphatic acyclic compound;Carbonyl group;Carboxylic acid;Glutamine or derivatives;Gamma amino acid or derivatives;Fatty amide;Fatty acid;Carboxamide group;N-acyl-amine;Secondary carboxylic acid amide;Organic oxide;Organic oxygen compound;Organonitrogen compound;Alpha-amino acid;Dicarboxylic acid or derivatives;Organopnictogen compound;Hydrocarbon derivative;Primary aliphatic amine;Organic nitrogen compound;Organooxygen compound
None	C1COC2=C1C=C(C=C2)C(=O)NCC3=CC=NN3	Organic compounds	Organoheterocyclic compounds	Coumarans	Coumarans	Coumarans	Aromatic heteropolycyclic compounds	Alkyl aryl ethers;Azacyclic compounds;Benzenoids;Carboxylic acids and derivatives;Heteroaromatic compounds;Hydrocarbon derivatives;Organic oxides;Organonitrogen compounds;Organopnictogen compounds;Oxacyclic compounds;Pyrazoles;Secondary carboxylic acid amides	Ether;Azacycle;Heteroaromatic compound;Alkyl aryl ether;Carboxamide group;Carboxylic acid derivative;Pyrazole;Oxacycle;Secondary carboxylic acid amide;Organic oxide;Organic oxygen compound;Aromatic heteropolycyclic compound;Organonitrogen compound;Organopnictogen compound;Hydrocarbon derivative;Benzenoid;Organic nitrogen compound;Coumaran;Organooxygen compound;Azole
None	CC(C)=CCC/C(C)=C/CC/C(C)=C/CC/C(C)=C/CC/C(C)=C/CC/C(C)=C/CC/C(C)=C/CC/C(C)=C/CC/C(C)=C/CC/C(C)=C/CC/C(C)=C/COP(=O)(O)O1OC(N)(O)1O	Organic compounds	Lipids and lipid-like molecules	Prenol lipids	Polyterpenoids	Polyterpenoids	Aliphatic heteromonocyclic compounds	Dioxiranes;Hydrocarbon derivatives;Monoalkyl phosphates;Monoalkylamines;Organic oxides;Organonitrogen compounds;Organooxygen compounds;Organopnictogen compounds;Oxacyclic compounds;Polyprenyl monophosphates	Polyterpenoid;Dioxirane;Oxacycle;Organic oxide;Organic oxygen compound;Phosphoric acid ester;Monoalkyl phosphate;Aliphatic heteromonocyclic compound;Organonitrogen compound;Organopnictogen compound;Hydrocarbon derivative;Primary aliphatic amine;Polyprenyl monophosphate;Organic nitrogen compound;Polyprenyl phosphate skeleton;Organic phosphoric acid derivative;Alkyl phosphate;Organoheterocyclic compound;Organooxygen compound
None	CCCCCCCCCCCCCCCC(=O)CC(=O)SCCNC(=O)CCNC(=O)C(O)C(C)(C)COP(O)(=O)OP(O)(=O)OCC1OC(C(O)C1OP(O)(O)=O)N1C=NC2=C1N=CN=C2N	Organic compounds	Lipids and lipid-like molecules	Fatty Acyls	Fatty acyl thioesters	3-oxo-acyl CoAs	Aromatic heteropolycyclic compounds	Azacyclic compounds;Beta amino acids and derivatives;Carbothioic S-esters;Carboxylic acids and derivatives;Coenzyme A and derivatives;Heteroaromatic compounds;Hydrocarbon derivatives;Imidazoles;Imidolactams;Ketones;Monoalkyl phosphates;Monosaccharides;N-acyl amines;N-substituted imidazoles;Organic oxides;Organic pyrophosphates;Organopnictogen compounds;Oxacyclic compounds;Pentose phosphates;Primary amines;Purine ribonucleoside diphosphates;Purines and purine derivatives;Pyrimidines and pyrimidine derivatives;Ribonucleoside 3'-phosphates;Secondary alcohols;Secondary carboxylic acid amides;Sulfenyl compounds;Tetrahydrofurans;Thioesters;Thiolactones	Amino acid or derivatives;Monosaccharide;Pentose-5-phosphate;Imidazopyrimidine;Carbothioic s-ester;Ketone;Saccharide;Purine ribonucleoside diphosphate;Organonitrogen compound;Organoheterocyclic compound;Alcohol;Sulfenyl compound;Azacycle;Thiocarboxylic acid ester;Heteroaromatic compound;Organic pyrophosphate;Secondary carboxylic acid amide;Monoalkyl phosphate;Hydrocarbon derivative;Primary amine;Amine;Coenzyme a or derivatives;Carbonyl group;Pentose phosphate;Fatty amide;Organosulfur compound;Carboxylic acid derivative;Pyrimidine;Organic oxide;Aromatic heteropolycyclic compound;Imidazole;Organopnictogen compound;Imidolactam;Thiolactone;Azole;N-substituted imidazole;Purine ribonucleoside 3',5'-bisphosphate;Ribonucleoside 3'-phosphate;Thiocarboxylic acid or derivatives;Tetrahydrofuran;Carboxamide group;N-acyl-amine;Beta amino acid or derivatives;Oxacycle;Organic oxygen compound;Phosphoric acid ester;Secondary alcohol;Purine;Organic nitrogen compound;Organic phosphoric acid derivative;Alkyl phosphate;Organooxygen compound
None	CCCCCCCCCCCCCCC\C=C\C(=O)SCCNC(=O)CCNC(=O)[C@@](O)([H])C(C)(C)COP(=O)(O)OP(=O)(O)OC[C@H]1O[C@H](C(O)[C@H]1OP(=O)(O)O)N1C=NC2=C1N=CN=C2N	Organic compounds	Lipids and lipid-like molecules	Fatty Acyls	Fatty acyl thioesters	Acyl CoAs	Aromatic heteropolycyclic compounds	Azacyclic compounds;Beta amino acids and derivatives;Carbonyl compounds;Carbothioic S-esters;Carboxylic acids and derivatives;Coenzyme A and derivatives;Heteroaromatic compounds;Hydrocarbon derivatives;Imidazoles;Imidolactams;Monoalkyl phosphates;Monosaccharides;N-acyl amines;N-substituted imidazoles;Organic oxides;Organic pyrophosphates;Organopnictogen compounds;Oxacyclic compounds;Pentose phosphates;Primary amines;Purine ribonucleoside diphosphates;Purines and purine derivatives;Pyrimidines and pyrimidine derivatives;Ribonucleoside 3'-phosphates;Secondary alcohols;Secondary carboxylic acid amides;Sulfenyl compounds;Tetrahydrofurans;Thioesters;Thiolactones	Amino acid or derivatives;Monosaccharide;Pentose-5-phosphate;Imidazopyrimidine;Carbothioic s-ester;Saccharide;Purine ribonucleoside diphosphate;Organonitrogen compound;Organoheterocyclic compound;Alcohol;Sulfenyl compound;Azacycle;Thiocarboxylic acid ester;Heteroaromatic compound;Organic pyrophosphate;Secondary carboxylic acid amide;Monoalkyl phosphate;Hydrocarbon derivative;Primary amine;Amine;Coenzyme a or derivatives;Carbonyl group;Pentose phosphate;Fatty amide;Organosulfur compound;Carboxylic acid derivative;Pyrimidine;Organic oxide;Aromatic heteropolycyclic compound;Imidazole;Organopnictogen compound;Imidolactam;Thiolactone;Azole;N-substituted imidazole;Purine ribonucleoside 3',5'-bisphosphate;Ribonucleoside 3'-phosphate;Thiocarboxylic acid or derivatives;Tetrahydrofuran;Carboxamide group;N-acyl-amine;Beta amino acid or derivatives;Oxacycle;Organic oxygen compound;Phosphoric acid ester;Secondary alcohol;Purine;Organic nitrogen compound;Organic phosphoric acid derivative;Alkyl phosphate;Organooxygen compound
None	NC1=NC=NC2=C1N=CN2[C@@H]1O[C@H](COP(O)(=O)OC(=O)CCCCC2CCSS2)[C@@H](O)[C@H]1O	Organic compounds	Nucleosides, nucleotides, and analogues	Purine nucleotides	Purine ribonucleotides	5'-acylphosphoadenosines	Aromatic heteropolycyclic compounds	1,2-diols;1,2-dithiolanes;Acyl phosphates;Amino acids and derivatives;Azacyclic compounds;Carbonyl compounds;Heteroaromatic compounds;Hydrocarbon derivatives;Imidazoles;Imidolactams;Lipoic acids and derivatives;Monoalkyl phosphates;Monocarboxylic acids and derivatives;Monosaccharides;N-substituted imidazoles;Organic disulfides;Organic oxides;Organopnictogen compounds;Oxacyclic compounds;Pentose phosphates;Primary amines;Purines and purine derivatives;Pyrimidines and pyrimidine derivatives;Secondary alcohols;Tetrahydrofurans	Carbonyl group;Pentose phosphate;Amino acid or derivatives;Monosaccharide;Pentose-5-phosphate;Imidazopyrimidine;5'-acylphosphoadenosine;Carboxylic acid derivative;1,2-dithiolane;Pyrimidine;Saccharide;Organic oxide;Aromatic heteropolycyclic compound;Imidazole;Organonitrogen compound;Organopnictogen compound;Imidolactam;Organoheterocyclic compound;Azole;1,2-diol;N-substituted imidazole;Alcohol;Azacycle;Tetrahydrofuran;Heteroaromatic compound;Oxacycle;Monocarboxylic acid or derivatives;Organic oxygen compound;Dithiolane;Phosphoric acid ester;Monoalkyl phosphate;Organic disulfide;Secondary alcohol;Hydrocarbon derivative;Purine;Primary amine;Organic nitrogen compound;Lipoic_acid_derivative;Organic phosphoric acid derivative;Amine;Alkyl phosphate;Organooxygen compound;Acyl phosphate
None	OC(=O)CCCC[C@@H]1CCSS1	Organic compounds	Organoheterocyclic compounds	Dithiolanes	Lipoic acids and derivatives	Lipoic acids and derivatives	Aliphatic heteromonocyclic compounds	1,2-dithiolanes;Carbonyl compounds;Carboxylic acids;Heterocyclic fatty acids;Hydrocarbon derivatives;Medium-chain fatty acids;Monocarboxylic acids and derivatives;Organic disulfides;Organic oxides	Fatty acyl;Carbonyl group;Carboxylic acid;Heterocyclic fatty acid;Fatty acid;Carboxylic acid derivative;1,2-dithiolane;Organic oxide;Monocarboxylic acid or derivatives;Organic oxygen compound;Organic disulfide;Aliphatic heteromonocyclic compound;Hydrocarbon derivative;Medium-chain fatty acid;Lipoic_acid_derivative;Organooxygen compound
None	CC(=O)SCCC(S)CCCCC(N)=O	Organic compounds	Lipids and lipid-like molecules	Fatty Acyls	Fatty amides	Fatty amides	Aliphatic acyclic compounds	Alkylthiols;Carbonyl compounds;Carbothioic S-esters;Carboxylic acids and derivatives;Hydrocarbon derivatives;Organic oxides;Organonitrogen compounds;Organopnictogen compounds;Primary carboxylic acid amides;Sulfenyl compounds;Thioesters;Thiolactones	Primary carboxylic acid amide;Aliphatic acyclic compound;Thiocarboxylic acid or derivatives;Carbonyl group;Sulfenyl compound;Thiocarboxylic acid ester;Fatty amide;Organosulfur compound;Carboxamide group;Carboxylic acid derivative;Carbothioic s-ester;Organic oxide;Organic oxygen compound;Organonitrogen compound;Organopnictogen compound;Hydrocarbon derivative;Organic nitrogen compound;Thiolactone;Alkylthiol;Organooxygen compound
None	CC\C=C/C[C@H]1[C@@H](CCCCCC(=O)CC(=O)SCCN=C(O)CCN=C(O)[C@H](O)C(C)(C)COP(O)(=O)OP(O)(=O)OC[C@H]2O[C@H]([C@H](O)[C@@H]2OP(O)(O)=O)N2C=NC3=C(N)N=CN=C23)CCC1=O	Organic compounds	Lipids and lipid-like molecules	Fatty Acyls	Fatty acyl thioesters	3-oxo-acyl CoAs	Aromatic heteropolycyclic compounds	Amino acids and derivatives;Azacyclic compounds;Carbothioic S-esters;Carboximidic acids;Carboxylic acids and derivatives;Coenzyme A and derivatives;Cyclic ketones;Heteroaromatic compounds;Hydrocarbon derivatives;Imidazoles;Imidolactams;Monoalkyl phosphates;Monosaccharides;N-substituted imidazoles;Organic oxides;Organic pyrophosphates;Organopnictogen compounds;Oxacyclic compounds;Pentose phosphates;Primary amines;Propargyl-type 1,3-dipolar organic compounds;Purine ribonucleoside diphosphates;Purines and purine derivatives;Pyrimidines and pyrimidine derivatives;Ribonucleoside 3'-phosphates;Secondary alcohols;Sulfenyl compounds;Tetrahydrofurans;Thioesters;Thiolactones	Carboximidic acid;Amino acid or derivatives;Monosaccharide;Pentose-5-phosphate;Imidazopyrimidine;Carbothioic s-ester;Ketone;Saccharide;Purine ribonucleoside diphosphate;Organonitrogen compound;Organoheterocyclic compound;Alcohol;Sulfenyl compound;Azacycle;Thiocarboxylic acid ester;Heteroaromatic compound;Organic 1,3-dipolar compound;Organic pyrophosphate;Monoalkyl phosphate;Hydrocarbon derivative;Primary amine;Amine;Coenzyme a or derivatives;Carbonyl group;Pentose phosphate;Cyclic ketone;Organosulfur compound;Carboxylic acid derivative;Pyrimidine;Propargyl-type 1,3-dipolar organic compound;Organic oxide;Aromatic heteropolycyclic compound;Imidazole;Organopnictogen compound;Imidolactam;Thiolactone;Azole;N-substituted imidazole;Purine ribonucleoside 3',5'-bisphosphate;Ribonucleoside 3'-phosphate;Thiocarboxylic acid or derivatives;Tetrahydrofuran;Oxacycle;Organic oxygen compound;Phosphoric acid ester;Secondary alcohol;Purine;Organic nitrogen compound;Organic phosphoric acid derivative;Alkyl phosphate;Organooxygen compound
None	CC\C=C/C[C@@H]1C(=O)CCC1CCCCCC(=O)SCCNC(=O)CCNC(=O)[C@@](O)([H])C(C)(C)COP(=O)(O)OP(=O)(O)OC[C@H]1O[C@H](C(O)[C@H]1OP(=O)(O)O)N1C=NC2=C1N=CN=C2N	Organic compounds	Lipids and lipid-like molecules	Fatty Acyls	Fatty acyl thioesters	Acyl CoAs	Aromatic heteropolycyclic compounds	Azacyclic compounds;Beta amino acids and derivatives;Carbothioic S-esters;Carboxylic acids and derivatives;Coenzyme A and derivatives;Cyclic ketones;Heteroaromatic compounds;Hydrocarbon derivatives;Imidazoles;Imidolactams;Monoalkyl phosphates;Monosaccharides;N-acyl amines;N-substituted imidazoles;Organic oxides;Organic pyrophosphates;Organopnictogen compounds;Oxacyclic compounds;Pentose phosphates;Primary amines;Purine ribonucleoside diphosphates;Purines and purine derivatives;Pyrimidines and pyrimidine derivatives;Ribonucleoside 3'-phosphates;Secondary alcohols;Secondary carboxylic acid amides;Sulfenyl compounds;Tetrahydrofurans;Thioesters;Thiolactones	Amino acid or derivatives;Monosaccharide;Pentose-5-phosphate;Imidazopyrimidine;Carbothioic s-ester;Ketone;Saccharide;Purine ribonucleoside diphosphate;Organonitrogen compound;Organoheterocyclic compound;Alcohol;Sulfenyl compound;Azacycle;Thiocarboxylic acid ester;Heteroaromatic compound;Organic pyrophosphate;Secondary carboxylic acid amide;Monoalkyl phosphate;Hydrocarbon derivative;Primary amine;Amine;Coenzyme a or derivatives;Carbonyl group;Pentose phosphate;Fatty amide;Cyclic ketone;Organosulfur compound;Carboxylic acid derivative;Pyrimidine;Organic oxide;Aromatic heteropolycyclic compound;Imidazole;Organopnictogen compound;Imidolactam;Thiolactone;Azole;N-substituted imidazole;Purine ribonucleoside 3',5'-bisphosphate;Ribonucleoside 3'-phosphate;Thiocarboxylic acid or derivatives;Tetrahydrofuran;Carboxamide group;N-acyl-amine;Beta amino acid or derivatives;Oxacycle;Organic oxygen compound;Phosphoric acid ester;Secondary alcohol;Purine;Organic nitrogen compound;Organic phosphoric acid derivative;Alkyl phosphate;Organooxygen compound
None	CC\C=C/C[C@H]1[C@@H](CCCC(=O)CC(=O)SCCN=C(O)CCN=C(O)[C@H](O)C(C)(C)COP(O)(=O)OP(O)(=O)OC[C@H]2O[C@H]([C@H](O)[C@@H]2OP(O)(O)=O)N2C=NC3=C(N)N=CN=C23)CCC1=O	Organic compounds	Lipids and lipid-like molecules	Fatty Acyls	Fatty acyl thioesters	3-oxo-acyl CoAs	Aromatic heteropolycyclic compounds	Amino acids and derivatives;Azacyclic compounds;Carbothioic S-esters;Carboximidic acids;Carboxylic acids and derivatives;Coenzyme A and derivatives;Cyclic ketones;Heteroaromatic compounds;Hydrocarbon derivatives;Imidazoles;Imidolactams;Monoalkyl phosphates;Monosaccharides;N-substituted imidazoles;Organic oxides;Organic pyrophosphates;Organopnictogen compounds;Oxacyclic compounds;Pentose phosphates;Primary amines;Propargyl-type 1,3-dipolar organic compounds;Purine ribonucleoside diphosphates;Purines and purine derivatives;Pyrimidines and pyrimidine derivatives;Ribonucleoside 3'-phosphates;Secondary alcohols;Sulfenyl compounds;Tetrahydrofurans;Thioesters;Thiolactones	Carboximidic acid;Amino acid or derivatives;Monosaccharide;Pentose-5-phosphate;Imidazopyrimidine;Carbothioic s-ester;Ketone;Saccharide;Purine ribonucleoside diphosphate;Organonitrogen compound;Organoheterocyclic compound;Alcohol;Sulfenyl compound;Azacycle;Thiocarboxylic acid ester;Heteroaromatic compound;Organic 1,3-dipolar compound;Organic pyrophosphate;Monoalkyl phosphate;Hydrocarbon derivative;Primary amine;Amine;Coenzyme a or derivatives;Carbonyl group;Pentose phosphate;Cyclic ketone;Organosulfur compound;Carboxylic acid derivative;Pyrimidine;Propargyl-type 1,3-dipolar organic compound;Organic oxide;Aromatic heteropolycyclic compound;Imidazole;Organopnictogen compound;Imidolactam;Thiolactone;Azole;N-substituted imidazole;Purine ribonucleoside 3',5'-bisphosphate;Ribonucleoside 3'-phosphate;Thiocarboxylic acid or derivatives;Tetrahydrofuran;Oxacycle;Organic oxygen compound;Phosphoric acid ester;Secondary alcohol;Purine;Organic nitrogen compound;Organic phosphoric acid derivative;Alkyl phosphate;Organooxygen compound
None	CC\C=C/C[C@@H]1C(=O)CCC1CCCC(=O)SCCNC(=O)CCNC(=O)[C@@](O)([H])C(C)(C)COP(=O)(O)OP(=O)(O)OC[C@H]1O[C@H](C(O)[C@H]1OP(=O)(O)O)N1C=NC2=C1N=CN=C2N	Organic compounds	Lipids and lipid-like molecules	Fatty Acyls	Fatty acyl thioesters	Acyl CoAs	Aromatic heteropolycyclic compounds	Azacyclic compounds;Beta amino acids and derivatives;Carbothioic S-esters;Carboxylic acids and derivatives;Coenzyme A and derivatives;Cyclic ketones;Heteroaromatic compounds;Hydrocarbon derivatives;Imidazoles;Imidolactams;Monoalkyl phosphates;Monosaccharides;N-acyl amines;N-substituted imidazoles;Organic oxides;Organic pyrophosphates;Organopnictogen compounds;Oxacyclic compounds;Pentose phosphates;Primary amines;Purine ribonucleoside diphosphates;Purines and purine derivatives;Pyrimidines and pyrimidine derivatives;Ribonucleoside 3'-phosphates;Secondary alcohols;Secondary carboxylic acid amides;Sulfenyl compounds;Tetrahydrofurans;Thioesters;Thiolactones	Amino acid or derivatives;Monosaccharide;Pentose-5-phosphate;Imidazopyrimidine;Carbothioic s-ester;Ketone;Saccharide;Purine ribonucleoside diphosphate;Organonitrogen compound;Organoheterocyclic compound;Alcohol;Sulfenyl compound;Azacycle;Thiocarboxylic acid ester;Heteroaromatic compound;Organic pyrophosphate;Secondary carboxylic acid amide;Monoalkyl phosphate;Hydrocarbon derivative;Primary amine;Amine;Coenzyme a or derivatives;Carbonyl group;Pentose phosphate;Fatty amide;Cyclic ketone;Organosulfur compound;Carboxylic acid derivative;Pyrimidine;Organic oxide;Aromatic heteropolycyclic compound;Imidazole;Organopnictogen compound;Imidolactam;Thiolactone;Azole;N-substituted imidazole;Purine ribonucleoside 3',5'-bisphosphate;Ribonucleoside 3'-phosphate;Thiocarboxylic acid or derivatives;Tetrahydrofuran;Carboxamide group;N-acyl-amine;Beta amino acid or derivatives;Oxacycle;Organic oxygen compound;Phosphoric acid ester;Secondary alcohol;Purine;Organic nitrogen compound;Organic phosphoric acid derivative;Alkyl phosphate;Organooxygen compound
None	CC\C=C/C[C@H]1[C@@H](CC(=O)CC(=O)SCCN=C(O)CCN=C(O)[C@H](O)C(C)(C)COP(O)(=O)OP(O)(=O)OC[C@H]2O[C@H]([C@H](O)[C@@H]2OP(O)(O)=O)N2C=NC3=C(N)N=CN=C23)CCC1=O	Organic compounds	Lipids and lipid-like molecules	Fatty Acyls	Fatty acyl thioesters	3-oxo-acyl CoAs	Aromatic heteropolycyclic compounds	Amino acids and derivatives;Azacyclic compounds;Carbothioic S-esters;Carboximidic acids;Carboxylic acids and derivatives;Coenzyme A and derivatives;Cyclic ketones;Heteroaromatic compounds;Hydrocarbon derivatives;Imidazoles;Imidolactams;Monoalkyl phosphates;Monosaccharides;N-substituted imidazoles;Organic oxides;Organic pyrophosphates;Organopnictogen compounds;Oxacyclic compounds;Pentose phosphates;Primary amines;Propargyl-type 1,3-dipolar organic compounds;Purine ribonucleoside diphosphates;Purines and purine derivatives;Pyrimidines and pyrimidine derivatives;Ribonucleoside 3'-phosphates;Secondary alcohols;Sulfenyl compounds;Tetrahydrofurans;Thioesters;Thiolactones	Carboximidic acid;Amino acid or derivatives;Monosaccharide;Pentose-5-phosphate;Imidazopyrimidine;Carbothioic s-ester;Ketone;Saccharide;Purine ribonucleoside diphosphate;Organonitrogen compound;Organoheterocyclic compound;Alcohol;Sulfenyl compound;Azacycle;Thiocarboxylic acid ester;Heteroaromatic compound;Organic 1,3-dipolar compound;Organic pyrophosphate;Monoalkyl phosphate;Hydrocarbon derivative;Primary amine;Amine;Coenzyme a or derivatives;Carbonyl group;Pentose phosphate;Cyclic ketone;Organosulfur compound;Carboxylic acid derivative;Pyrimidine;Propargyl-type 1,3-dipolar organic compound;Organic oxide;Aromatic heteropolycyclic compound;Imidazole;Organopnictogen compound;Imidolactam;Thiolactone;Azole;N-substituted imidazole;Purine ribonucleoside 3',5'-bisphosphate;Ribonucleoside 3'-phosphate;Thiocarboxylic acid or derivatives;Tetrahydrofuran;Oxacycle;Organic oxygen compound;Phosphoric acid ester;Secondary alcohol;Purine;Organic nitrogen compound;Organic phosphoric acid derivative;Alkyl phosphate;Organooxygen compound
None	CC\C=C/C[C@H]1[C@@H](CC(=O)SCCN=C(O)CCN=C(O)[C@H](O)C(C)(C)COP(O)(=O)OP(O)(=O)OC[C@H]2O[C@H]([C@H](O)[C@@H]2OP(O)(O)=O)N2C=NC3=C(N)N=CN=C23)CCC1=O	Organic compounds	Lipids and lipid-like molecules	Fatty Acyls	Fatty acyl thioesters	Acyl CoAs	Aromatic heteropolycyclic compounds	Amino acids and derivatives;Azacyclic compounds;Carbothioic S-esters;Carboximidic acids;Carboxylic acids and derivatives;Coenzyme A and derivatives;Cyclic ketones;Heteroaromatic compounds;Hydrocarbon derivatives;Imidazoles;Imidolactams;Monoalkyl phosphates;Monosaccharides;N-substituted imidazoles;Organic oxides;Organic pyrophosphates;Organopnictogen compounds;Oxacyclic compounds;Pentose phosphates;Primary amines;Propargyl-type 1,3-dipolar organic compounds;Purine ribonucleoside diphosphates;Purines and purine derivatives;Pyrimidines and pyrimidine derivatives;Ribonucleoside 3'-phosphates;Secondary alcohols;Sulfenyl compounds;Tetrahydrofurans;Thioesters;Thiolactones	Carboximidic acid;Amino acid or derivatives;Monosaccharide;Pentose-5-phosphate;Imidazopyrimidine;Carbothioic s-ester;Ketone;Saccharide;Purine ribonucleoside diphosphate;Organonitrogen compound;Organoheterocyclic compound;Alcohol;Sulfenyl compound;Azacycle;Thiocarboxylic acid ester;Heteroaromatic compound;Organic 1,3-dipolar compound;Organic pyrophosphate;Monoalkyl phosphate;Hydrocarbon derivative;Primary amine;Amine;Coenzyme a or derivatives;Carbonyl group;Pentose phosphate;Cyclic ketone;Organosulfur compound;Carboxylic acid derivative;Pyrimidine;Propargyl-type 1,3-dipolar organic compound;Organic oxide;Aromatic heteropolycyclic compound;Imidazole;Organopnictogen compound;Imidolactam;Thiolactone;Azole;N-substituted imidazole;Purine ribonucleoside 3',5'-bisphosphate;Ribonucleoside 3'-phosphate;Thiocarboxylic acid or derivatives;Tetrahydrofuran;Oxacycle;Organic oxygen compound;Phosphoric acid ester;Secondary alcohol;Purine;Organic nitrogen compound;Organic phosphoric acid derivative;Alkyl phosphate;Organooxygen compound
None	Cl\C=C/C=O	Organic compounds	Organohalogen compounds	Vinyl halides	Vinylogous halides	Vinylogous halides	Aliphatic acyclic compounds	Aldehydes;Chloroalkenes;Hydrocarbon derivatives;Organic oxides;Organochlorides;Vinyl chlorides	Aliphatic acyclic compound;Carbonyl group;Chloroalkene;Organochloride;Aldehyde;Vinylogous halide;Organic oxide;Organic oxygen compound;Haloalkene;Hydrocarbon derivative;Vinyl chloride;Organooxygen compound
None	CC1=C(C=C(C=C1[N+]([O-])=O)[N+]([O-])=O)[N+]([O-])=O	Organic compounds	Benzenoids	Benzene and substituted derivatives	Nitrobenzenes	Nitrobenzenes	Aromatic homomonocyclic compounds	Hydrocarbon derivatives;Nitroaromatic compounds;Nitrotoluenes;Organic oxides;Organic oxoanionic compounds;Organic oxoazanium compounds;Organonitrogen compounds;Organopnictogen compounds;Propargyl-type 1,3-dipolar organic compounds	Nitroaromatic compound;Allyl-type 1,3-dipolar organic compound;Nitrotoluene;Organic 1,3-dipolar compound;Organic nitro compound;Propargyl-type 1,3-dipolar organic compound;Aromatic homomonocyclic compound;Organic oxide;Organic oxygen compound;C-nitro compound;Organonitrogen compound;Organopnictogen compound;Hydrocarbon derivative;Organic nitrogen compound;Organic oxoazanium;Toluene;Organic Hyponitrite;Nitrobenzene
None	CC1=C(C=C(NO)C=C1[N+]([O-])=O)[N+]([O-])=O	Organic compounds	Benzenoids	Benzene and substituted derivatives	Toluenes	Dinitrotoluenes	Aromatic homomonocyclic compounds	1-hydroxylamino, 2-unsubstituted benzenoids;Hydrocarbon derivatives;N-organohydroxylamines;N-phenylhydroxylamines;Nitroaromatic compounds;Nitrobenzenes;Organic oxides;Organic oxoanionic compounds;Organic oxoazanium compounds;Organopnictogen compounds;Propargyl-type 1,3-dipolar organic compounds	Allyl-type 1,3-dipolar organic compound;Dinitrotoluene;Organic nitro compound;Propargyl-type 1,3-dipolar organic compound;Organic oxide;C-nitro compound;Organonitrogen compound;Organopnictogen compound;Organic oxoazanium;1-hydroxylamino, 2-unsubstituted benzenoid;Nitrobenzene;Nitroaromatic compound;Organic 1,3-dipolar compound;N-organohydroxylamine;Aromatic homomonocyclic compound;Organic oxygen compound;N-phenylhydroxylamine;Hydrocarbon derivative;Organic nitrogen compound;Organic Hyponitrite
None	CC1=C(C=C(C=C1NO)[N+]([O-])=O)[N+]([O-])=O	Organic compounds	Benzenoids	Benzene and substituted derivatives	Toluenes	Dinitrotoluenes	Aromatic homomonocyclic compounds	1-hydroxylamino, 2-unsubstituted benzenoids;1-hydroxylamino, 4-unsubstituted benzenoids;Hydrocarbon derivatives;N-organohydroxylamines;N-phenylhydroxylamines;Nitroaromatic compounds;Nitrobenzenes;Organic oxides;Organic oxoanionic compounds;Organic oxoazanium compounds;Organopnictogen compounds;Propargyl-type 1,3-dipolar organic compounds	Allyl-type 1,3-dipolar organic compound;Dinitrotoluene;Organic nitro compound;Propargyl-type 1,3-dipolar organic compound;Organic oxide;C-nitro compound;Organonitrogen compound;Organopnictogen compound;Organic oxoazanium;1-hydroxylamino, 2-unsubstituted benzenoid;Nitrobenzene;Nitroaromatic compound;Organic 1,3-dipolar compound;N-organohydroxylamine;Aromatic homomonocyclic compound;Organic oxygen compound;N-phenylhydroxylamine;1-hydroxylamino, 4-unsubstituted benzenoid;Hydrocarbon derivative;Organic nitrogen compound;Organic Hyponitrite
None	CC1=C(N)C=C(N)C=C1N(=O)=O	Organic compounds	Benzenoids	Benzene and substituted derivatives	Nitrobenzenes	Nitrobenzenes	Aromatic homomonocyclic compounds	Hydrocarbon derivatives;Nitroaromatic compounds;Nitrotoluenes;Organic oxides;Organic oxoanionic compounds;Organic oxoazanium compounds;Organopnictogen compounds;Primary amines;Propargyl-type 1,3-dipolar organic compounds	Nitroaromatic compound;Allyl-type 1,3-dipolar organic compound;Nitrotoluene;Organic 1,3-dipolar compound;Organic nitro compound;Propargyl-type 1,3-dipolar organic compound;Aromatic homomonocyclic compound;Organic oxide;Organic oxygen compound;C-nitro compound;Organonitrogen compound;Organopnictogen compound;Hydrocarbon derivative;Primary amine;Organic nitrogen compound;Organic oxoazanium;Toluene;Amine;Organic Hyponitrite;Nitrobenzene
None	N[C@@H](CCCCNC[C@@]1(O)O[C@H](CO)[C@@H](O)[C@@H]1O)C(O)=O	Organic compounds	Organic acids and derivatives	Carboxylic acids and derivatives	Amino acids, peptides, and analogues	Alpha amino acids	Aliphatic heteromonocyclic compounds	Amino acids;Amino fatty acids;Carbonyl compounds;Carboxylic acids;Dialkylamines;Hemiacetals;Heterocyclic fatty acids;Hydrocarbon derivatives;Hydroxy fatty acids;Medium-chain fatty acids;Medium-chain hydroxy acids and derivatives;Monoalkylamines;Monocarboxylic acids and derivatives;Monosaccharides;Organic oxides;Organopnictogen compounds;Oxacyclic compounds;Primary alcohols;Secondary alcohols;Tetrahydrofurans	Fatty acyl;Carbonyl group;Carboxylic acid;Amino acid;Heterocyclic fatty acid;Monosaccharide;Fatty acid;Medium-chain hydroxy acid;Saccharide;Organic oxide;Aliphatic heteromonocyclic compound;Organonitrogen compound;Alpha-amino acid;Organopnictogen compound;Hemiacetal;Medium-chain fatty acid;Hydroxy fatty acid;Primary alcohol;Organoheterocyclic compound;Alcohol;Secondary aliphatic amine;Tetrahydrofuran;Secondary amine;Amino fatty acid;Oxacycle;Monocarboxylic acid or derivatives;Organic oxygen compound;Secondary alcohol;Hydrocarbon derivative;Primary aliphatic amine;Organic nitrogen compound;Organooxygen compound;Amine
None	OC(=O)C1CCCN1	Organic compounds	Organic acids and derivatives	Carboxylic acids and derivatives	Amino acids, peptides, and analogues	Proline and derivatives	Aliphatic heteromonocyclic compounds	Alpha amino acids;Amino acids;Azacyclic compounds;Carbonyl compounds;Carboxylic acids;Dialkylamines;Hydrocarbon derivatives;Monocarboxylic acids and derivatives;Organic oxides;Organopnictogen compounds;Pyrrolidine carboxylic acids	Carbonyl group;Carboxylic acid;Amino acid;Organic oxide;Pyrrolidine carboxylic acid;Aliphatic heteromonocyclic compound;Organonitrogen compound;Alpha-amino acid;Organopnictogen compound;Pyrrolidine;Organoheterocyclic compound;Proline or derivatives;Secondary aliphatic amine;Azacycle;Secondary amine;Monocarboxylic acid or derivatives;Pyrrolidine carboxylic acid or derivatives;Organic oxygen compound;Hydrocarbon derivative;Organic nitrogen compound;Organooxygen compound;Amine
None	CC(C)C(N)C(O)=O	Organic compounds	Organic acids and derivatives	Carboxylic acids and derivatives	Amino acids, peptides, and analogues	Valine and derivatives	Aliphatic acyclic compounds	Alpha amino acids;Carbonyl compounds;Carboxylic acids;Hydrocarbon derivatives;Methyl-branched fatty acids;Monoalkylamines;Monocarboxylic acids and derivatives;Organic oxides;Organonitrogen compounds;Organopnictogen compounds	Fatty acyl;Aliphatic acyclic compound;Carbonyl group;Carboxylic acid;Methyl-branched fatty acid;Valine or derivatives;Fatty acid;Branched fatty acid;Organic oxide;Monocarboxylic acid or derivatives;Organic oxygen compound;Organonitrogen compound;Alpha-amino acid;Organopnictogen compound;Hydrocarbon derivative;Primary aliphatic amine;Organic nitrogen compound;Organooxygen compound
None	NC(CC(O)=N)C(O)=O	Organic compounds	Organic acids and derivatives	Carboxylic acids and derivatives	Amino acids, peptides, and analogues	Alpha amino acids	Aliphatic acyclic compounds	Carbonyl compounds;Carboximidic acids;Carboxylic acids;Fatty acids and conjugates;Hydrocarbon derivatives;Monoalkylamines;Monocarboxylic acids and derivatives;Organic oxides;Organonitrogen compounds;Organopnictogen compounds;Short-chain hydroxy acids and derivatives	Aliphatic acyclic compound;Carboximidic acid;Carbonyl group;Carboxylic acid;Short-chain hydroxy acid;Fatty acid;Organic oxide;Monocarboxylic acid or derivatives;Organic oxygen compound;Organonitrogen compound;Alpha-amino acid;Organopnictogen compound;Hydrocarbon derivative;Primary aliphatic amine;Organic nitrogen compound;Organooxygen compound
None	CC(C)=CCCC(=O)CC(=O)SCCN=C(O)CCN=C(O)[C@H](O)C(C)(C)COP(O)(=O)OP(O)(=O)OC[C@H]1O[C@H]([C@H](O)[C@@H]1OP(O)(O)=O)N1C=NC2=C(N)N=CN=C12	Organic compounds	Lipids and lipid-like molecules	Fatty Acyls	Fatty acyl thioesters	3-oxo-acyl CoAs	Aromatic heteropolycyclic compounds	Amino acids and derivatives;Azacyclic compounds;Carbothioic S-esters;Carboximidic acids;Carboxylic acids and derivatives;Coenzyme A and derivatives;Heteroaromatic compounds;Hydrocarbon derivatives;Imidazoles;Imidolactams;Ketones;Monoalkyl phosphates;Monosaccharides;N-substituted imidazoles;Organic oxides;Organic pyrophosphates;Organopnictogen compounds;Oxacyclic compounds;Pentose phosphates;Primary amines;Propargyl-type 1,3-dipolar organic compounds;Purine ribonucleoside diphosphates;Purines and purine derivatives;Pyrimidines and pyrimidine derivatives;Ribonucleoside 3'-phosphates;Secondary alcohols;Sulfenyl compounds;Tetrahydrofurans;Thioesters;Thiolactones	Carboximidic acid;Amino acid or derivatives;Monosaccharide;Pentose-5-phosphate;Imidazopyrimidine;Carbothioic s-ester;Ketone;Saccharide;Purine ribonucleoside diphosphate;Organonitrogen compound;Organoheterocyclic compound;Alcohol;Sulfenyl compound;Azacycle;Thiocarboxylic acid ester;Heteroaromatic compound;Organic 1,3-dipolar compound;Organic pyrophosphate;Monoalkyl phosphate;Hydrocarbon derivative;Primary amine;Amine;Coenzyme a or derivatives;Carbonyl group;Pentose phosphate;Organosulfur compound;Carboxylic acid derivative;Pyrimidine;Propargyl-type 1,3-dipolar organic compound;Organic oxide;Aromatic heteropolycyclic compound;Imidazole;Organopnictogen compound;Imidolactam;Thiolactone;Azole;N-substituted imidazole;Purine ribonucleoside 3',5'-bisphosphate;Ribonucleoside 3'-phosphate;Thiocarboxylic acid or derivatives;Tetrahydrofuran;Oxacycle;Organic oxygen compound;Phosphoric acid ester;Secondary alcohol;Purine;Organic nitrogen compound;Organic phosphoric acid derivative;Alkyl phosphate;Organooxygen compound
None	CC(C)=CC(O)CC(=O)SCCN=C(O)CCN=C(O)[C@H](O)C(C)(C)COP(O)(=O)OP(O)(=O)OC[C@H]1O[C@H]([C@H](O)[C@@H]1OP(O)(O)=O)N1C=NC2=C(N)N=CN=C12	Organic compounds	Lipids and lipid-like molecules	Fatty Acyls	Fatty acyl thioesters	Acyl CoAs	Aromatic heteropolycyclic compounds	Amino acids and derivatives;Azacyclic compounds;Carbonyl compounds;Carbothioic S-esters;Carboximidic acids;Carboxylic acids and derivatives;Coenzyme A and derivatives;Heteroaromatic compounds;Hydrocarbon derivatives;Imidazoles;Imidolactams;Monoalkyl phosphates;Monosaccharides;N-substituted imidazoles;Organic oxides;Organic pyrophosphates;Organopnictogen compounds;Oxacyclic compounds;Pentose phosphates;Primary amines;Propargyl-type 1,3-dipolar organic compounds;Purine ribonucleoside diphosphates;Purines and purine derivatives;Pyrimidines and pyrimidine derivatives;Ribonucleoside 3'-phosphates;Secondary alcohols;Sulfenyl compounds;Tetrahydrofurans;Thioesters;Thiolactones	Carboximidic acid;Amino acid or derivatives;Monosaccharide;Pentose-5-phosphate;Imidazopyrimidine;Carbothioic s-ester;Saccharide;Purine ribonucleoside diphosphate;Organonitrogen compound;Organoheterocyclic compound;Alcohol;Sulfenyl compound;Azacycle;Thiocarboxylic acid ester;Heteroaromatic compound;Organic 1,3-dipolar compound;Organic pyrophosphate;Monoalkyl phosphate;Hydrocarbon derivative;Primary amine;Amine;Coenzyme a or derivatives;Carbonyl group;Pentose phosphate;Organosulfur compound;Carboxylic acid derivative;Pyrimidine;Propargyl-type 1,3-dipolar organic compound;Organic oxide;Aromatic heteropolycyclic compound;Imidazole;Organopnictogen compound;Imidolactam;Thiolactone;Azole;N-substituted imidazole;Purine ribonucleoside 3',5'-bisphosphate;Ribonucleoside 3'-phosphate;Thiocarboxylic acid or derivatives;Tetrahydrofuran;Oxacycle;Organic oxygen compound;Phosphoric acid ester;Secondary alcohol;Purine;Organic nitrogen compound;Organic phosphoric acid derivative;Alkyl phosphate;Organooxygen compound
None	CC(C)=CC(=O)CC(=O)SCCN=C(O)CCN=C(O)[C@H](O)C(C)(C)COP(O)(=O)OP(O)(=O)OC[C@H]1O[C@H]([C@H](O)[C@@H]1OP(O)(O)=O)N1C=NC2=C(N)N=CN=C12	Organic compounds	Lipids and lipid-like molecules	Fatty Acyls	Fatty acyl thioesters	3-oxo-acyl CoAs	Aromatic heteropolycyclic compounds	Acryloyl compounds;Amino acids and derivatives;Azacyclic compounds;Carbothioic S-esters;Carboximidic acids;Carboxylic acids and derivatives;Coenzyme A and derivatives;Enones;Heteroaromatic compounds;Hydrocarbon derivatives;Imidazoles;Imidolactams;Ketones;Monoalkyl phosphates;Monosaccharides;N-substituted imidazoles;Organic oxides;Organic pyrophosphates;Organopnictogen compounds;Oxacyclic compounds;Pentose phosphates;Primary amines;Propargyl-type 1,3-dipolar organic compounds;Purine ribonucleoside diphosphates;Purines and purine derivatives;Pyrimidines and pyrimidine derivatives;Ribonucleoside 3'-phosphates;Secondary alcohols;Sulfenyl compounds;Tetrahydrofurans;Thioesters;Thiolactones	Carboximidic acid;Amino acid or derivatives;Monosaccharide;Pentose-5-phosphate;Imidazopyrimidine;Alpha,beta-unsaturated ketone;Carbothioic s-ester;Ketone;Saccharide;Purine ribonucleoside diphosphate;Organonitrogen compound;Organoheterocyclic compound;Alcohol;Sulfenyl compound;Azacycle;Thiocarboxylic acid ester;Heteroaromatic compound;Organic 1,3-dipolar compound;Organic pyrophosphate;Monoalkyl phosphate;Hydrocarbon derivative;Acryloyl-group;Primary amine;Amine;Coenzyme a or derivatives;Carbonyl group;Pentose phosphate;Organosulfur compound;Carboxylic acid derivative;Pyrimidine;Propargyl-type 1,3-dipolar organic compound;Organic oxide;Aromatic heteropolycyclic compound;Imidazole;Organopnictogen compound;Imidolactam;Thiolactone;Azole;N-substituted imidazole;Enone;Purine ribonucleoside 3',5'-bisphosphate;Ribonucleoside 3'-phosphate;Thiocarboxylic acid or derivatives;Tetrahydrofuran;Oxacycle;Organic oxygen compound;Phosphoric acid ester;Secondary alcohol;Purine;Organic nitrogen compound;Organic phosphoric acid derivative;Alkyl phosphate;Organooxygen compound
None	NC(CCCCNCC1(O)OC(CO)C(O)C1O)C(O)=O	Organic compounds	Organic acids and derivatives	Carboxylic acids and derivatives	Amino acids, peptides, and analogues	Alpha amino acids	Aliphatic heteromonocyclic compounds	Amino acids;Amino fatty acids;Carbonyl compounds;Carboxylic acids;Dialkylamines;Hemiacetals;Heterocyclic fatty acids;Hydrocarbon derivatives;Hydroxy fatty acids;Medium-chain fatty acids;Medium-chain hydroxy acids and derivatives;Monoalkylamines;Monocarboxylic acids and derivatives;Monosaccharides;Organic oxides;Organopnictogen compounds;Oxacyclic compounds;Primary alcohols;Secondary alcohols;Tetrahydrofurans	Fatty acyl;Carbonyl group;Carboxylic acid;Amino acid;Heterocyclic fatty acid;Monosaccharide;Fatty acid;Medium-chain hydroxy acid;Saccharide;Organic oxide;Aliphatic heteromonocyclic compound;Organonitrogen compound;Alpha-amino acid;Organopnictogen compound;Hemiacetal;Medium-chain fatty acid;Hydroxy fatty acid;Primary alcohol;Organoheterocyclic compound;Alcohol;Secondary aliphatic amine;Tetrahydrofuran;Secondary amine;Amino fatty acid;Oxacycle;Monocarboxylic acid or derivatives;Organic oxygen compound;Secondary alcohol;Hydrocarbon derivative;Primary aliphatic amine;Organic nitrogen compound;Organooxygen compound;Amine
None	OC1C(CC=C(C1C([O-])=O)C(=O)CCC([O-])=O)OC(=C)C([O-])=O	Organic compounds	Organic acids and derivatives	Carboxylic acids and derivatives	Tricarboxylic acids and derivatives	Tricarboxylic acids and derivatives	Aliphatic homomonocyclic compounds	Beta hydroxy acids and derivatives;Carboxylic acids;Gamma-keto acids and derivatives;Hydrocarbon derivatives;Ketones;Organic anions;Organic oxides;Secondary alcohols	Alcohol;Carbonyl group;Carboxylic acid;Tricarboxylic acid or derivatives;Hydroxy acid;Gamma-keto acid;Ketone;Beta-hydroxy acid;Organic oxide;Organic anion;Organic oxygen compound;Keto acid;Secondary alcohol;Aliphatic homomonocyclic compound;Hydrocarbon derivative;Organooxygen compound
None	NP(=O)(OCCCO)N(CCCl)CCCl	Organic compounds	Organic nitrogen compounds	Organonitrogen compounds	Nitrogen mustard compounds	Nitrogen mustard compounds	Aliphatic acyclic compounds	Alcohols and polyols;Alkyl chlorides;Hydrocarbon derivatives;Organic oxides;Organic phosphoramides;Organochlorides;Organopnictogen compounds;Phosphate esters;Phosphoric monoester diamides	Alcohol;Aliphatic acyclic compound;Alkyl chloride;Organochloride;Nitrogen mustard;Organohalogen compound;Organic oxide;Organic oxygen compound;Phosphoric acid ester;Phosphoric monoester diamide;Organopnictogen compound;Alkyl halide;Hydrocarbon derivative;Organic phosphoric acid derivative;Organic phosphoric acid amide;Organooxygen compound
None	NCCCCCNCCCN	Organic compounds	Organic nitrogen compounds	Organonitrogen compounds	Amines	Dialkylamines	Aliphatic acyclic compounds	Hydrocarbon derivatives;Monoalkylamines;Organopnictogen compounds	Aliphatic acyclic compound;Secondary aliphatic amine;Organopnictogen compound;Hydrocarbon derivative;Primary aliphatic amine
None	OCC(COC(O)=N)C1=CC=CC=C1	Organic compounds	Benzenoids	Benzene and substituted derivatives	Benzene and substituted derivatives	Benzene and substituted derivatives	Aromatic homomonocyclic compounds	Hydrocarbon derivatives;Imines;Organopnictogen compounds;Primary alcohols	Alcohol;Monocyclic benzene moiety;Imine;Aromatic homomonocyclic compound;Organic oxygen compound;Organonitrogen compound;Organopnictogen compound;Hydrocarbon derivative;Organic nitrogen compound;Primary alcohol;Organooxygen compound
None	OC(=N)OCC(C=O)C1=CC=CC=C1	Organic compounds	Benzenoids	Benzene and substituted derivatives	Phenylacetaldehydes	Phenylacetaldehydes	Aromatic homomonocyclic compounds	Aldehydes;Hydrocarbon derivatives;Imines;Organic oxides;Organopnictogen compounds	Carbonyl group;Imine;Aldehyde;Aromatic homomonocyclic compound;Organic oxide;Organic oxygen compound;Organonitrogen compound;Organopnictogen compound;Hydrocarbon derivative;Organic nitrogen compound;Organooxygen compound;Phenylacetaldehyde
None	OC1N=C(O)OCC1C1=CC=CC=C1	Organic compounds	Benzenoids	Benzene and substituted derivatives	Benzene and substituted derivatives	Benzene and substituted derivatives	Aromatic heteromonocyclic compounds	Alkanolamines;Azacyclic compounds;Hydrocarbon derivatives;Organonitrogen compounds;Organooxygen compounds;Organopnictogen compounds;Oxacyclic compounds;Propargyl-type 1,3-dipolar organic compounds	Monocyclic benzene moiety;Aromatic heteromonocyclic compound;Azacycle;Organic 1,3-dipolar compound;Propargyl-type 1,3-dipolar organic compound;Oxacycle;Organic oxygen compound;Organonitrogen compound;Organopnictogen compound;Hydrocarbon derivative;Organic nitrogen compound;Organoheterocyclic compound;Organooxygen compound;Alkanolamine
None	OC1=NC(=O)OCC1C1=CC=CC=C1	Organic compounds	Benzenoids	Benzene and substituted derivatives	Benzene and substituted derivatives	Benzene and substituted derivatives	Aromatic heteromonocyclic compounds	Azacyclic compounds;Carbonyl compounds;Hydrocarbon derivatives;Organic carbonic acids and derivatives;Organic oxides;Organonitrogen compounds;Organopnictogen compounds;Oxacyclic compounds;Propargyl-type 1,3-dipolar organic compounds	Monocyclic benzene moiety;Carbonyl group;Carbonic acid derivative;Aromatic heteromonocyclic compound;Azacycle;Organic 1,3-dipolar compound;Propargyl-type 1,3-dipolar organic compound;Oxacycle;Organic oxide;Organic oxygen compound;Organonitrogen compound;Organopnictogen compound;Hydrocarbon derivative;Organic nitrogen compound;Organoheterocyclic compound;Organooxygen compound
None	CSC1=NC=NC2=C1N=CN2	Organic compounds	Organoheterocyclic compounds	Imidazopyrimidines	Purines and purine derivatives	Purines and purine derivatives	Aromatic heteropolycyclic compounds	Alkylarylthioethers;Azacyclic compounds;Heteroaromatic compounds;Hydrocarbon derivatives;Imidazoles;Organonitrogen compounds;Organopnictogen compounds;Pyrimidines and pyrimidine derivatives;Sulfenyl compounds	Sulfenyl compound;Azacycle;Heteroaromatic compound;Alkylarylthioether;Organosulfur compound;Aryl thioether;Pyrimidine;Aromatic heteropolycyclic compound;Thioether;Imidazole;Organonitrogen compound;Organopnictogen compound;Hydrocarbon derivative;Purine;Organic nitrogen compound;Azole
None	CSC1=NC=NC2=C1N=CN2[C@@H]1O[C@H](COP(O)(O)=O)[C@@H](O)[C@H]1O	Organic compounds	Nucleosides, nucleotides, and analogues	Purine nucleotides	Purine ribonucleotides	Purine ribonucleoside monophosphates	Aromatic heteropolycyclic compounds	1,2-diols;Alkylarylthioethers;Azacyclic compounds;Heteroaromatic compounds;Hydrocarbon derivatives;Imidazoles;Monoalkyl phosphates;Monosaccharides;N-substituted imidazoles;Organic oxides;Organonitrogen compounds;Organopnictogen compounds;Oxacyclic compounds;Pentose phosphates;Purines and purine derivatives;Pyrimidines and pyrimidine derivatives;Secondary alcohols;Sulfenyl compounds;Tetrahydrofurans	Pentose phosphate;Purine ribonucleoside monophosphate;Monosaccharide;Pentose-5-phosphate;Imidazopyrimidine;Alkylarylthioether;Organosulfur compound;Aryl thioether;Pyrimidine;Saccharide;Organic oxide;Aromatic heteropolycyclic compound;Imidazole;Organonitrogen compound;Organopnictogen compound;Organoheterocyclic compound;Azole;1,2-diol;N-substituted imidazole;Alcohol;Sulfenyl compound;Azacycle;Tetrahydrofuran;Heteroaromatic compound;Oxacycle;Organic oxygen compound;Phosphoric acid ester;Thioether;Monoalkyl phosphate;Secondary alcohol;Hydrocarbon derivative;Purine;Organic nitrogen compound;Organic phosphoric acid derivative;Alkyl phosphate;Organooxygen compound
None	O[C@@H]1[C@@H](COP(O)(=O)OP(O)(=O)OP(O)(O)=O)O[C@H]([C@@H]1O)N1C=NC2=C1N=CN=C2S	Organic compounds	Nucleosides, nucleotides, and analogues	Purine nucleotides	Purine ribonucleotides	Purine ribonucleoside triphosphates	Aromatic heteropolycyclic compounds	1,2-diols;Azacyclic compounds;Heteroaromatic compounds;Hydrocarbon derivatives;Imidazoles;Monoalkyl phosphates;Monosaccharides;N-substituted imidazoles;Organic oxides;Organonitrogen compounds;Organopnictogen compounds;Oxacyclic compounds;Pentose phosphates;Purine ribonucleoside monophosphates;Purines and purine derivatives;Pyrimidines and pyrimidine derivatives;Secondary alcohols;Tetrahydrofurans;Thiols	Pentose phosphate;Purine ribonucleoside monophosphate;Monosaccharide;Pentose-5-phosphate;Imidazopyrimidine;Organosulfur compound;Pyrimidine;Saccharide;Organic oxide;Aromatic heteropolycyclic compound;Imidazole;Organonitrogen compound;Organopnictogen compound;Purine ribonucleoside triphosphate;Organoheterocyclic compound;Azole;1,2-diol;N-substituted imidazole;Alcohol;Azacycle;Tetrahydrofuran;Heteroaromatic compound;Arylthiol;Oxacycle;Organic oxygen compound;Phosphoric acid ester;Monoalkyl phosphate;Secondary alcohol;Hydrocarbon derivative;Purine;Organic nitrogen compound;Organic phosphoric acid derivative;Alkyl phosphate;Organooxygen compound
None	O[C@@H]1[C@@H](COP(O)(O)=O)O[C@H]([C@@H]1O)N1C=NC2=C1N=C(O)N=C2S	Organic compounds	Nucleosides, nucleotides, and analogues	Purine nucleotides	Purine ribonucleotides	Purine ribonucleoside monophosphates	Aromatic heteropolycyclic compounds	1,2-diols;Azacyclic compounds;Heteroaromatic compounds;Hydrocarbon derivatives;Hydroxypyrimidines;Imidazoles;Monoalkyl phosphates;Monosaccharides;N-substituted imidazoles;Organic oxides;Organonitrogen compounds;Organopnictogen compounds;Oxacyclic compounds;Pentose phosphates;Purines and purine derivatives;Secondary alcohols;Tetrahydrofurans;Thiols	Pentose phosphate;Purine ribonucleoside monophosphate;Monosaccharide;Pentose-5-phosphate;Hydroxypyrimidine;Imidazopyrimidine;Organosulfur compound;Pyrimidine;Saccharide;Organic oxide;Aromatic heteropolycyclic compound;Imidazole;Organonitrogen compound;Organopnictogen compound;Organoheterocyclic compound;Azole;1,2-diol;N-substituted imidazole;Alcohol;Azacycle;Tetrahydrofuran;Heteroaromatic compound;Arylthiol;Oxacycle;Organic oxygen compound;Phosphoric acid ester;Monoalkyl phosphate;Secondary alcohol;Hydrocarbon derivative;Purine;Organic nitrogen compound;Organic phosphoric acid derivative;Alkyl phosphate;Organooxygen compound
None	NC1=NC(=S)C2=C(N1)N(C=N2)[C@@H]1O[C@H](COP(O)(O)=O)[C@@H](O)[C@H]1O	Organic compounds	Nucleosides, nucleotides, and analogues	Purine nucleotides	Purine ribonucleotides	Purine ribonucleoside monophosphates	Aromatic heteropolycyclic compounds	1,2-diols;Azacyclic compounds;Heteroaromatic compounds;Hydrocarbon derivatives;Imidazoles;Monoalkyl phosphates;Monosaccharides;N-substituted imidazoles;Organic oxides;Organopnictogen compounds;Organosulfur compounds;Oxacyclic compounds;Pentose phosphates;Primary amines;Purinethiones;Pyrimidinethiones;Secondary alcohols;Tetrahydrofurans	Pyrimidinethione;Pentose phosphate;Purine ribonucleoside monophosphate;Monosaccharide;Pentose-5-phosphate;Imidazopyrimidine;Organosulfur compound;Pyrimidine;Saccharide;Organic oxide;Aromatic heteropolycyclic compound;Imidazole;Organonitrogen compound;Organopnictogen compound;Organoheterocyclic compound;Azole;1,2-diol;N-substituted imidazole;Alcohol;Azacycle;Tetrahydrofuran;Heteroaromatic compound;Oxacycle;Purinethione;Organic oxygen compound;Phosphoric acid ester;Monoalkyl phosphate;Secondary alcohol;Hydrocarbon derivative;Purine;Primary amine;Organic nitrogen compound;Organic phosphoric acid derivative;Amine;Alkyl phosphate;Organooxygen compound
None	OC1=NCC(F)C(O)=N1	Organic compounds	Organoheterocyclic compounds	Diazines	Pyrimidines and pyrimidine derivatives	Hydropyrimidines	Aliphatic heteromonocyclic compounds	Alkyl fluorides;Azacyclic compounds;Hydrocarbon derivatives;Organofluorides;Organonitrogen compounds;Organooxygen compounds;Organopnictogen compounds;Propargyl-type 1,3-dipolar organic compounds	Azacycle;5,6-dihydropyrimidine;Alkyl fluoride;Organofluoride;Organic 1,3-dipolar compound;Organohalogen compound;Propargyl-type 1,3-dipolar organic compound;Organic oxygen compound;Aliphatic heteromonocyclic compound;Organonitrogen compound;Hydropyrimidine;Organopnictogen compound;Alkyl halide;Hydrocarbon derivative;Organic nitrogen compound;Organooxygen compound
None	OC(=N)NCC(F)C(O)=O	Organic compounds	Organic acids and derivatives	Carboxylic acids and derivatives	Alpha-halocarboxylic acids and derivatives	Alpha-halocarboxylic acids	Aliphatic acyclic compounds	Alkyl fluorides;Carbonyl compounds;Carboxylic acids;Hydrocarbon derivatives;Monocarboxylic acids and derivatives;Organic carbonic acids and derivatives;Organic oxides;Organofluorides;Organonitrogen compounds;Organopnictogen compounds	Aliphatic acyclic compound;Carbonyl group;Carbonic acid derivative;Carboxylic acid;Alkyl fluoride;Organofluoride;Alpha-halocarboxylic acid;Organohalogen compound;Organic oxide;Monocarboxylic acid or derivatives;Organic oxygen compound;Organonitrogen compound;Organopnictogen compound;Alkyl halide;Hydrocarbon derivative;Organic nitrogen compound;Organooxygen compound
None	OC[C@H]1O[C@H]([C@H](O)[C@@H]1O)N1C=C(F)C(=O)NC1=O	Organic compounds	Nucleosides, nucleotides, and analogues	Pyrimidine nucleosides	Pyrimidine nucleosides	Pyrimidine nucleosides	Aromatic heteromonocyclic compounds	Aryl fluorides;Azacyclic compounds;Halopyrimidines;Heteroaromatic compounds;Hydrocarbon derivatives;Lactams;Monosaccharides;Organic carbonic acids and derivatives;Organic oxides;Organofluorides;Organonitrogen compounds;Organopnictogen compounds;Oxacyclic compounds;Primary alcohols;Pyrimidones;Secondary alcohols;Tetrahydrofurans;Vinylogous amides	Aryl fluoride;Lactam;Aromatic heteromonocyclic compound;Monosaccharide;Pyrimidone;Organohalogen compound;Pyrimidine;Saccharide;Organic oxide;Organonitrogen compound;Organopnictogen compound;Pyrimidine nucleoside;Primary alcohol;Organoheterocyclic compound;Alcohol;Vinylogous amide;Carbonic acid derivative;Azacycle;Tetrahydrofuran;Organofluoride;Heteroaromatic compound;Halopyrimidine;Aryl halide;Oxacycle;Organic oxygen compound;Secondary alcohol;Hydrocarbon derivative;Organic nitrogen compound;Organooxygen compound
None	O[C@H]1[C@@H](O)[C@@H](O[C@@H]1COP(O)(O)=O)N1C=C(F)C(O)=NC1=O	Organic compounds	Nucleosides, nucleotides, and analogues	Pyrimidine nucleotides	Pyrimidine ribonucleotides	Pyrimidine ribonucleoside monophosphates	Aromatic heteromonocyclic compounds	1,2-diols;Aryl fluorides;Azacyclic compounds;Halopyrimidines;Heteroaromatic compounds;Hydrocarbon derivatives;Hydroxypyrimidines;Monoalkyl phosphates;Monosaccharides;Organic carbonic acids and derivatives;Organic oxides;Organofluorides;Organonitrogen compounds;Organopnictogen compounds;Oxacyclic compounds;Pentose phosphates;Pyrimidones;Secondary alcohols;Tetrahydrofurans	Aryl fluoride;Aromatic heteromonocyclic compound;Pentose phosphate;Monosaccharide;Pentose-5-phosphate;Pyrimidone;Hydroxypyrimidine;Organohalogen compound;Pyrimidine;Saccharide;Organic oxide;Organonitrogen compound;Organopnictogen compound;Organoheterocyclic compound;1,2-diol;Alcohol;Carbonic acid derivative;Azacycle;Tetrahydrofuran;Organofluoride;Heteroaromatic compound;Halopyrimidine;Aryl halide;Oxacycle;Pyrimidine ribonucleoside monophosphate;Organic oxygen compound;Phosphoric acid ester;Monoalkyl phosphate;Secondary alcohol;Hydrocarbon derivative;Organic nitrogen compound;Organic phosphoric acid derivative;Alkyl phosphate;Organooxygen compound
None	C[C@H]1O[C@H]([C@H](O)[C@@H]1O)N1C=C(F)C(=N)N=C1O	Organic compounds	Nucleosides, nucleotides, and analogues	5'-deoxyribonucleosides	5'-deoxyribonucleosides	5'-deoxyribonucleosides	Aromatic heteromonocyclic compounds	1,2-diols;Aryl fluorides;Azacyclic compounds;Halopyrimidines;Heteroaromatic compounds;Hydrocarbon derivatives;Imidolactams;Monosaccharides;Organic carbonic acids and derivatives;Organic oxides;Organofluorides;Organonitrogen compounds;Organopnictogen compounds;Oxacyclic compounds;Pyrimidones;Secondary alcohols;Tetrahydrofurans	Aryl fluoride;Aromatic heteromonocyclic compound;Monosaccharide;Pyrimidone;Organohalogen compound;Pyrimidine;Saccharide;Organic oxide;Organonitrogen compound;Organopnictogen compound;Imidolactam;Organoheterocyclic compound;1,2-diol;Alcohol;5'-deoxyribonucleoside;Carbonic acid derivative;Azacycle;Tetrahydrofuran;Organofluoride;Heteroaromatic compound;Halopyrimidine;Aryl halide;Oxacycle;Organic oxygen compound;Secondary alcohol;Hydrocarbon derivative;Organic nitrogen compound;Organooxygen compound
None	C[C@H]1O[C@H](OP(O)(O)=O)[C@H](O)[C@@H]1O	Organic compounds	Organic acids and derivatives	Organic phosphoric acids and derivatives	Phosphate esters	Monoalkyl phosphates	Aliphatic heteromonocyclic compounds	1,2-diols;Hydrocarbon derivatives;Monosaccharides;Organic oxides;Oxacyclic compounds;Secondary alcohols;Tetrahydrofurans	Alcohol;Tetrahydrofuran;Monosaccharide;Oxacycle;Saccharide;Organic oxide;Organic oxygen compound;Monoalkyl phosphate;Aliphatic heteromonocyclic compound;Secondary alcohol;Hydrocarbon derivative;Organoheterocyclic compound;Organooxygen compound;1,2-diol
None	NCC1=CNC2=C1C(=O)NC(N)=N2	Organic compounds	Organoheterocyclic compounds	Pyrrolopyrimidines	Pyrrolo[2,3-d]pyrimidines	Pyrrolo[2,3-d]pyrimidines	Aromatic heteropolycyclic compounds	Azacyclic compounds;Heteroaromatic compounds;Hydrocarbon derivatives;Lactams;Monoalkylamines;Organic oxides;Organooxygen compounds;Organopnictogen compounds;Pyrimidones;Pyrroles;Vinylogous amides	Vinylogous amide;Lactam;Azacycle;Heteroaromatic compound;Pyrimidone;Pyrimidine;Organic oxide;Pyrrolo[2,3-d]pyrimidine;Organic oxygen compound;Aromatic heteropolycyclic compound;Pyrrole;Organonitrogen compound;Organopnictogen compound;Hydrocarbon derivative;Primary aliphatic amine;Primary amine;Organic nitrogen compound;Amine;Organooxygen compound
None	OCC1OC(CO)(OC2OC(COP(O)(O)=O)C(O)C(O)C2O)C(O)C1O	Organic compounds	Organic oxygen compounds	Organooxygen compounds	Carbohydrates and carbohydrate conjugates	Hexose phosphates	Aliphatic heteromonocyclic compounds	Hydrocarbon derivatives;Ketals;Monoalkyl phosphates;Monosaccharides;Organic oxides;Oxacyclic compounds;Oxanes;Primary alcohols;Secondary alcohols;Tetrahydrofurans	Alcohol;Tetrahydrofuran;Oxacycle;Organic oxide;Acetal;Phosphoric acid ester;Monoalkyl phosphate;Ketal;Aliphatic heteromonocyclic compound;Secondary alcohol;Hexose Phosphate;Hydrocarbon derivative;Oxane;Primary alcohol;Organic phosphoric acid derivative;Alkyl phosphate;Organoheterocyclic compound
None	OC[C@@H](O[C@H]1O[C@H](COP(O)(O)=O)[C@@H](O)[C@H](O)[C@@H]1O)C(O)=O	Organic compounds	Organic oxygen compounds	Organooxygen compounds	Carbohydrates and carbohydrate conjugates	Hexose phosphates	Aliphatic heteromonocyclic compounds	Acetals;Beta hydroxy acids and derivatives;Carbonyl compounds;Carboxylic acids;Hydrocarbon derivatives;Monoalkyl phosphates;Monocarboxylic acids and derivatives;Monosaccharides;Organic oxides;Oxacyclic compounds;Oxanes;Primary alcohols;Secondary alcohols;Sugar acids and derivatives	Carbonyl group;Carboxylic acid;Carboxylic acid derivative;Beta-hydroxy acid;Organic oxide;Acetal;Glyceric_acid;Aliphatic heteromonocyclic compound;Oxane;Primary alcohol;Organoheterocyclic compound;Alcohol;Hydroxy acid;Oxacycle;Monocarboxylic acid or derivatives;Phosphoric acid ester;Monoalkyl phosphate;Secondary alcohol;Hexose Phosphate;Hydrocarbon derivative;Organic phosphoric acid derivative;Alkyl phosphate
None	CSCCCC(=O)C([O-])=O	Organic compounds	Organic acids and derivatives	Keto acids and derivatives	Short-chain keto acids and derivatives	Short-chain keto acids and derivatives	Aliphatic acyclic compounds	Alpha-keto acids and derivatives;Carboxylic acids;Dialkylthioethers;Hydrocarbon derivatives;Ketones;Monocarboxylic acids and derivatives;Organic anions;Organic oxides;Sulfenyl compounds	Aliphatic acyclic compound;Carbonyl group;Carboxylic acid;Sulfenyl compound;Dialkylthioether;Short-chain keto acid;Organosulfur compound;Carboxylic acid derivative;Ketone;Organic oxide;Monocarboxylic acid or derivatives;Organic anion;Organic oxygen compound;Thioether;Alpha-keto acid;Hydrocarbon derivative;Organooxygen compound
None	CSCCC[C@H](N)C(O)=O	Organic compounds	Organic acids and derivatives	Carboxylic acids and derivatives	Amino acids, peptides, and analogues	Alpha amino acids	Aliphatic acyclic compounds	Carbonyl compounds;Carboxylic acids;Dialkylthioethers;Fatty acids and conjugates;Hydrocarbon derivatives;Monoalkylamines;Monocarboxylic acids and derivatives;Organic oxides;Organonitrogen compounds;Organopnictogen compounds;Sulfenyl compounds	Aliphatic acyclic compound;Carbonyl group;Carboxylic acid;Sulfenyl compound;Dialkylthioether;Fatty acid;Organosulfur compound;Organic oxide;Monocarboxylic acid or derivatives;Organic oxygen compound;Thioether;Organonitrogen compound;Alpha-amino acid;Organopnictogen compound;Hydrocarbon derivative;Primary aliphatic amine;Organic nitrogen compound;Organooxygen compound
None	CSCCCC(C(O)C([O-])=O)C([O-])=O	Organic compounds	Organic acids and derivatives	Hydroxy acids and derivatives	Medium-chain hydroxy acids and derivatives	Medium-chain hydroxy acids and derivatives	Aliphatic acyclic compounds	Beta hydroxy acids and derivatives;Branched fatty acids;Carbonyl compounds;Carboxylic acids;Dialkylthioethers;Dicarboxylic acids and derivatives;Hydrocarbon derivatives;Hydroxy fatty acids;Medium-chain fatty acids;Monosaccharides;Organic anions;Organic oxides;Secondary alcohols;Sulfenyl compounds	Fatty acyl;Aliphatic acyclic compound;Carbonyl group;Carboxylic acid;Monosaccharide;Fatty acid;Organosulfur compound;Carboxylic acid derivative;Medium-chain hydroxy acid;Beta-hydroxy acid;Saccharide;Organic oxide;Medium-chain fatty acid;Hydroxy fatty acid;Alcohol;Sulfenyl compound;Dialkylthioether;Branched fatty acid;Organic anion;Organic oxygen compound;Thioether;Secondary alcohol;Dicarboxylic acid or derivatives;Hydrocarbon derivative;Organooxygen compound
None	CSCCCCC(=O)C([O-])=O	Organic compounds	Organic acids and derivatives	Keto acids and derivatives	Medium-chain keto acids and derivatives	Medium-chain keto acids and derivatives	Aliphatic acyclic compounds	Alpha-keto acids and derivatives;Carboxylic acids;Dialkylthioethers;Hydrocarbon derivatives;Ketones;Monocarboxylic acids and derivatives;Organic anions;Organic oxides;Sulfenyl compounds	Aliphatic acyclic compound;Carbonyl group;Carboxylic acid;Sulfenyl compound;Dialkylthioether;Organosulfur compound;Carboxylic acid derivative;Ketone;Organic oxide;Monocarboxylic acid or derivatives;Organic anion;Organic oxygen compound;Thioether;Alpha-keto acid;Hydrocarbon derivative;Organooxygen compound;Medium-chain keto acid
None	CSCCCCC(O)(CC([O-])=O)C([O-])=O	Organic compounds	Organic acids and derivatives	Hydroxy acids and derivatives	Medium-chain hydroxy acids and derivatives	Medium-chain hydroxy acids and derivatives	Aliphatic acyclic compounds	Branched fatty acids;Carbonyl compounds;Carboxylic acids;Dialkylthioethers;Dicarboxylic acids and derivatives;Hydrocarbon derivatives;Hydroxy fatty acids;Medium-chain fatty acids;Organic anions;Organic oxides;Sulfenyl compounds;Tertiary alcohols;Thia fatty acids	Alcohol;Fatty acyl;Aliphatic acyclic compound;Carbonyl group;Carboxylic acid;Sulfenyl compound;Dialkylthioether;Fatty acid;Organosulfur compound;Carboxylic acid derivative;Branched fatty acid;Medium-chain hydroxy acid;Tertiary alcohol;Organic oxide;Organic anion;Thia fatty acid;Organic oxygen compound;Thioether;Dicarboxylic acid or derivatives;Hydrocarbon derivative;Medium-chain fatty acid;Hydroxy fatty acid;Organooxygen compound
None	CSCCCCC(C(O)C([O-])=O)C([O-])=O	Organic compounds	Organic acids and derivatives	Hydroxy acids and derivatives	Medium-chain hydroxy acids and derivatives	Medium-chain hydroxy acids and derivatives	Aliphatic acyclic compounds	Beta hydroxy acids and derivatives;Branched fatty acids;Carbonyl compounds;Carboxylic acids;Dialkylthioethers;Dicarboxylic acids and derivatives;Hydrocarbon derivatives;Hydroxy fatty acids;Medium-chain fatty acids;Monosaccharides;Organic anions;Organic oxides;Secondary alcohols;Sulfenyl compounds;Thia fatty acids	Fatty acyl;Aliphatic acyclic compound;Carbonyl group;Carboxylic acid;Monosaccharide;Fatty acid;Organosulfur compound;Carboxylic acid derivative;Medium-chain hydroxy acid;Beta-hydroxy acid;Saccharide;Organic oxide;Medium-chain fatty acid;Hydroxy fatty acid;Alcohol;Sulfenyl compound;Dialkylthioether;Branched fatty acid;Organic anion;Thia fatty acid;Organic oxygen compound;Thioether;Secondary alcohol;Dicarboxylic acid or derivatives;Hydrocarbon derivative;Organooxygen compound
None	CSCCCCCC(O)(CC([O-])=O)C([O-])=O	Organic compounds	Organic acids and derivatives	Hydroxy acids and derivatives	Medium-chain hydroxy acids and derivatives	Medium-chain hydroxy acids and derivatives	Aliphatic acyclic compounds	Branched fatty acids;Carbonyl compounds;Carboxylic acids;Dialkylthioethers;Dicarboxylic acids and derivatives;Hydrocarbon derivatives;Hydroxy fatty acids;Medium-chain fatty acids;Organic anions;Organic oxides;Sulfenyl compounds;Tertiary alcohols;Thia fatty acids	Alcohol;Fatty acyl;Aliphatic acyclic compound;Carbonyl group;Carboxylic acid;Sulfenyl compound;Dialkylthioether;Fatty acid;Organosulfur compound;Carboxylic acid derivative;Branched fatty acid;Medium-chain hydroxy acid;Tertiary alcohol;Organic oxide;Organic anion;Thia fatty acid;Organic oxygen compound;Thioether;Dicarboxylic acid or derivatives;Hydrocarbon derivative;Medium-chain fatty acid;Hydroxy fatty acid;Organooxygen compound
None	CSCCCCCC(C(O)C([O-])=O)C([O-])=O	Organic compounds	Organic acids and derivatives	Hydroxy acids and derivatives	Medium-chain hydroxy acids and derivatives	Medium-chain hydroxy acids and derivatives	Aliphatic acyclic compounds	Beta hydroxy acids and derivatives;Branched fatty acids;Carbonyl compounds;Carboxylic acids;Dialkylthioethers;Dicarboxylic acids and derivatives;Hydrocarbon derivatives;Hydroxy fatty acids;Medium-chain fatty acids;Monosaccharides;Organic anions;Organic oxides;Secondary alcohols;Sulfenyl compounds;Thia fatty acids	Fatty acyl;Aliphatic acyclic compound;Carbonyl group;Carboxylic acid;Monosaccharide;Fatty acid;Organosulfur compound;Carboxylic acid derivative;Medium-chain hydroxy acid;Beta-hydroxy acid;Saccharide;Organic oxide;Medium-chain fatty acid;Hydroxy fatty acid;Alcohol;Sulfenyl compound;Dialkylthioether;Branched fatty acid;Organic anion;Thia fatty acid;Organic oxygen compound;Thioether;Secondary alcohol;Dicarboxylic acid or derivatives;Hydrocarbon derivative;Organooxygen compound
None	CSCCCCCCC(O)(CC([O-])=O)C([O-])=O	Organic compounds	Organic acids and derivatives	Hydroxy acids and derivatives	Medium-chain hydroxy acids and derivatives	Medium-chain hydroxy acids and derivatives	Aliphatic acyclic compounds	Branched fatty acids;Carbonyl compounds;Carboxylic acids;Dialkylthioethers;Dicarboxylic acids and derivatives;Hydrocarbon derivatives;Hydroxy fatty acids;Medium-chain fatty acids;Organic anions;Organic oxides;Sulfenyl compounds;Tertiary alcohols	Alcohol;Fatty acyl;Aliphatic acyclic compound;Carbonyl group;Carboxylic acid;Sulfenyl compound;Dialkylthioether;Fatty acid;Organosulfur compound;Carboxylic acid derivative;Branched fatty acid;Medium-chain hydroxy acid;Tertiary alcohol;Organic oxide;Organic anion;Organic oxygen compound;Thioether;Dicarboxylic acid or derivatives;Hydrocarbon derivative;Medium-chain fatty acid;Hydroxy fatty acid;Organooxygen compound
None	CSCCCCCCC(C(O)C([O-])=O)C([O-])=O	Organic compounds	Organic acids and derivatives	Hydroxy acids and derivatives	Medium-chain hydroxy acids and derivatives	Medium-chain hydroxy acids and derivatives	Aliphatic acyclic compounds	Beta hydroxy acids and derivatives;Branched fatty acids;Carbonyl compounds;Carboxylic acids;Dialkylthioethers;Dicarboxylic acids and derivatives;Hydrocarbon derivatives;Hydroxy fatty acids;Medium-chain fatty acids;Monosaccharides;Organic anions;Organic oxides;Secondary alcohols;Sulfenyl compounds	Fatty acyl;Aliphatic acyclic compound;Carbonyl group;Carboxylic acid;Monosaccharide;Fatty acid;Organosulfur compound;Carboxylic acid derivative;Medium-chain hydroxy acid;Beta-hydroxy acid;Saccharide;Organic oxide;Medium-chain fatty acid;Hydroxy fatty acid;Alcohol;Sulfenyl compound;Dialkylthioether;Branched fatty acid;Organic anion;Organic oxygen compound;Thioether;Secondary alcohol;Dicarboxylic acid or derivatives;Hydrocarbon derivative;Organooxygen compound
None	CSCCCCCCCC(O)(CC([O-])=O)C([O-])=O	Organic compounds	Organic acids and derivatives	Hydroxy acids and derivatives	Medium-chain hydroxy acids and derivatives	Medium-chain hydroxy acids and derivatives	Aliphatic acyclic compounds	Branched fatty acids;Carbonyl compounds;Carboxylic acids;Dialkylthioethers;Dicarboxylic acids and derivatives;Hydrocarbon derivatives;Hydroxy fatty acids;Medium-chain fatty acids;Organic anions;Organic oxides;Sulfenyl compounds;Tertiary alcohols	Alcohol;Fatty acyl;Aliphatic acyclic compound;Carbonyl group;Carboxylic acid;Sulfenyl compound;Dialkylthioether;Fatty acid;Organosulfur compound;Carboxylic acid derivative;Branched fatty acid;Medium-chain hydroxy acid;Tertiary alcohol;Organic oxide;Organic anion;Organic oxygen compound;Thioether;Dicarboxylic acid or derivatives;Hydrocarbon derivative;Medium-chain fatty acid;Hydroxy fatty acid;Organooxygen compound
None	CSCCCCCCCC(C(O)C([O-])=O)C([O-])=O	Organic compounds	Organic acids and derivatives	Hydroxy acids and derivatives	Medium-chain hydroxy acids and derivatives	Medium-chain hydroxy acids and derivatives	Aliphatic acyclic compounds	Beta hydroxy acids and derivatives;Branched fatty acids;Carbonyl compounds;Carboxylic acids;Dialkylthioethers;Dicarboxylic acids and derivatives;Hydrocarbon derivatives;Hydroxy fatty acids;Medium-chain fatty acids;Monosaccharides;Organic anions;Organic oxides;Secondary alcohols;Sulfenyl compounds	Fatty acyl;Aliphatic acyclic compound;Carbonyl group;Carboxylic acid;Monosaccharide;Fatty acid;Organosulfur compound;Carboxylic acid derivative;Medium-chain hydroxy acid;Beta-hydroxy acid;Saccharide;Organic oxide;Medium-chain fatty acid;Hydroxy fatty acid;Alcohol;Sulfenyl compound;Dialkylthioether;Branched fatty acid;Organic anion;Organic oxygen compound;Thioether;Secondary alcohol;Dicarboxylic acid or derivatives;Hydrocarbon derivative;Organooxygen compound
None	COC1=CC=CC(C\C=C(/C)CCC=C(C)C)=C1O	Organic compounds	Lipids and lipid-like molecules	Prenol lipids	Monoterpenoids	Aromatic monoterpenoids	Aromatic homomonocyclic compounds	1-hydroxy-4-unsubstituted benzenoids;Alkyl aryl ethers;Anisoles;Hydrocarbon derivatives;Methoxybenzenes;Methoxyphenols;Monocyclic monoterpenoids;Phenoxy compounds	Phenol ether;Monocyclic benzene moiety;Monocyclic Monoterpenoid;Ether;Methoxyphenol;1-hydroxy-4-unsubstituted benzenoid;Alkyl aryl ether;Methoxybenzene;Aromatic homomonocyclic compound;Organic oxygen compound;Anisole;Phenol;Hydrocarbon derivative;Benzenoid;Phenoxy compound;Organooxygen compound;Aromatic monoterpenoid
None	CC(C)=CCC/C(C)=C/CC/C(C)=C/CC/C(C)=C\CC/C(C)=C\CC/C(C)=C\CC/C(C)=C\CC/C(C)=C\CC/C(C)=C\CC/C(C)=C\CC/C(C)=C\COP(=O)(O)O	Organic compounds	Lipids and lipid-like molecules	Prenol lipids	Polyterpenoids	Polyterpenoids	Aliphatic acyclic compounds	Hydrocarbon derivatives;Monoalkyl phosphates;Organic oxides;Organooxygen compounds;Polyprenyl monophosphates	Aliphatic acyclic compound;Polyterpenoid;Organic oxide;Organic oxygen compound;Phosphoric acid ester;Monoalkyl phosphate;Hydrocarbon derivative;Polyprenyl monophosphate;Polyprenyl phosphate skeleton;Organic phosphoric acid derivative;Alkyl phosphate;Organooxygen compound
None	COC1=C(OC)C(=O)C(C\C=C(/C)CC\C=C(/C)CC\C=C(/C)CC\C=C(/C)CC\C=C(/C)CC\C=C(/C)CC\C=C(/C)CCC=C(C)C)=C(C)C1=O	Organic compounds	Lipids and lipid-like molecules	Prenol lipids	Quinone and hydroquinone lipids	Ubiquinones	Aliphatic homomonocyclic compounds	Hydrocarbon derivatives;Organic oxides;P-benzoquinones;Polyprenylbenzoquinones;Polyterpenoids;Quinones;Vinylogous esters	Carbonyl group;Vinylogous ester;P-benzoquinone;Cyclic ketone;Polyterpenoid;Ubiquinone skeleton;Ketone;Polyprenylbenzoquinone;Organic oxide;Organic oxygen compound;Aliphatic homomonocyclic compound;Hydrocarbon derivative;Organooxygen compound;Quinone
None	[H]C(O)=C([H])C(\C[C@]([H])(N)C(O)=O)=C(\[H])C(=O)C(O)=O	Organic compounds	Organic acids and derivatives	Carboxylic acids and derivatives	Amino acids, peptides, and analogues	Alpha amino acids	Aliphatic acyclic compounds	Acryloyl compounds;Alpha-hydroxy ketones;Alpha-keto acids and derivatives;Amino fatty acids;Branched fatty acids;Carboxylic acids;Dicarboxylic acids and derivatives;Enones;Fatty Acyls;Hydrocarbon derivatives;Hydroxy fatty acids;Medium-chain keto acids and derivatives;Monoalkylamines;Organic oxides;Organonitrogen compounds;Organopnictogen compounds	Fatty acyl;Aliphatic acyclic compound;Carbonyl group;Carboxylic acid;Alpha,beta-unsaturated ketone;Alpha-hydroxy ketone;Ketone;Organic oxide;Organonitrogen compound;Alpha-keto acid;Alpha-amino acid;Organopnictogen compound;Hydroxy fatty acid;Enone;Amino fatty acid;Branched fatty acid;Organic oxygen compound;Keto acid;Dicarboxylic acid or derivatives;Hydrocarbon derivative;Acryloyl-group;Primary aliphatic amine;Organic nitrogen compound;Organooxygen compound;Medium-chain keto acid
None	CC(O)=N[C@@H]1[C@@H](O)[C@@H](O)[C@@H](CO)O[C@@H]1OP(O)(O)=O	Organic compounds	Organic oxygen compounds	Organooxygen compounds	Carbohydrates and carbohydrate conjugates	N-acyl-alpha-hexosamines	Aliphatic heteromonocyclic compounds	Carboximidic acids;Hydrocarbon derivatives;Monoalkyl phosphates;Monosaccharides;Organic oxides;Organonitrogen compounds;Organopnictogen compounds;Oxacyclic compounds;Oxanes;Primary alcohols;Propargyl-type 1,3-dipolar organic compounds;Secondary alcohols	Carboximidic acid;Monosaccharide;N-acyl-alpha-hexosamine;Propargyl-type 1,3-dipolar organic compound;Organic oxide;Aliphatic heteromonocyclic compound;Organonitrogen compound;Organopnictogen compound;Oxane;Primary alcohol;Organoheterocyclic compound;Alcohol;Organic 1,3-dipolar compound;Oxacycle;Phosphoric acid ester;Monoalkyl phosphate;Secondary alcohol;Hydrocarbon derivative;Organic nitrogen compound;Organic phosphoric acid derivative;Alkyl phosphate
None	[H][C@@]12COP(O)(=O)O[C@]1([H])C(O)(O)[C@]1([H])NC3=C(NC(=N)N=C3O)N[C@]1([H])O2	Organic compounds	Organoheterocyclic compounds	Pteridines and derivatives	Pterins and derivatives	Pyranopterins and derivatives	Aromatic heteropolycyclic compounds	Azacyclic compounds;Carbonyl hydrates;Heteroaromatic compounds;Hydrocarbon derivatives;Hydroxypyrimidines;Monosaccharides;Organic oxides;Organic phosphoric acids and derivatives;Organopnictogen compounds;Oxacyclic compounds;Oxanes;Secondary alkylarylamines	Carbonyl hydrate;Monosaccharide;Hydroxypyrimidine;Pyrimidine;Saccharide;Organic oxide;Aromatic heteropolycyclic compound;Organonitrogen compound;Organopnictogen compound;Oxane;Azacycle;Heteroaromatic compound;Secondary amine;Secondary aliphatic/aromatic amine;Oxacycle;Organic oxygen compound;Pyranopterin;Hydrocarbon derivative;Organic nitrogen compound;Organic phosphoric acid derivative;Amine;Organooxygen compound
None	OC(=O)C(\Cl)=C1/OC(=O)C(Cl)=C1Cl	Organic compounds	Lipids and lipid-like molecules	Fatty Acyls	Fatty acids and conjugates	Halogenated fatty acids	Aliphatic heteromonocyclic compounds	Alpha-halocarboxylic acids;Butenolides;Carbonyl compounds;Carboxylic acids;Chloroalkenes;Dicarboxylic acids and derivatives;Dihydrofurans;Enoate esters;Enol esters;Fatty Acyls;Hydrocarbon derivatives;Lactones;Organic oxides;Organochlorides;Oxacyclic compounds;Vinyl chlorides;Vinylogous halides	Alpha-halocarboxylic acid or derivatives;Carbonyl group;Carboxylic acid;Organochloride;Alpha-halocarboxylic acid;Carboxylic acid derivative;Organohalogen compound;Lactone;Alpha,beta-unsaturated carboxylic ester;2-furanone;Organic oxide;Aliphatic heteromonocyclic compound;Enol ester;Organoheterocyclic compound;Dihydrofuran;Enoate ester;Halogenated fatty acid;Chloroalkene;Vinylogous halide;Oxacycle;Organic oxygen compound;Vinyl halide;Carboxylic acid ester;Haloalkene;Dicarboxylic acid or derivatives;Hydrocarbon derivative;Vinyl chloride;Organooxygen compound
None	OC(=O)C(Cl)C(=O)C(\Cl)=C(\Cl)C(O)=O	Organic compounds	Organic acids and derivatives	Keto acids and derivatives	Medium-chain keto acids and derivatives	Medium-chain keto acids and derivatives	Aliphatic acyclic compounds	1,3-dicarbonyl compounds;Acryloyl compounds;Alkyl chlorides;Alpha-branched alpha,beta-unsaturated ketones;Alpha-chloroketones;Alpha-halocarboxylic acids;Beta-hydroxy ketones;Beta-keto acids and derivatives;Carboxylic acids;Chloroalkenes;Dicarboxylic acids and derivatives;Enones;Fatty Acyls;Halogenated fatty acids;Hydrocarbon derivatives;Organic oxides;Organochlorides;Unsaturated fatty acids;Vinyl chlorides;Vinylogous halides;b'-hydroxy-alpha,beta-unsaturated ketones	Alpha-halocarboxylic acid or derivatives;Fatty acyl;Beta-hydroxy ketone;Aliphatic acyclic compound;Carbonyl group;Carboxylic acid;Alkyl chloride;Organochloride;B'-hydroxy-alpha,beta-unsaturated-ketone;Alpha-halocarboxylic acid;Alpha,beta-unsaturated ketone;Carboxylic acid derivative;Organohalogen compound;Beta-keto acid;Ketone;Unsaturated fatty acid;Organic oxide;Alpha-haloketone;Alkyl halide;Enone;Halogenated fatty acid;Alpha-branched alpha,beta-unsaturated-ketone;Chloroalkene;Vinylogous halide;Alpha-chloroketone;Organic oxygen compound;Vinyl halide;Haloalkene;Dicarboxylic acid or derivatives;Hydrocarbon derivative;Acryloyl-group;1,3-dicarbonyl compound;Vinyl chloride;Organooxygen compound;Medium-chain keto acid
None	C\C(C(O)=O)=C1/OC(=O)C(Cl)=C1	Organic compounds	Organoheterocyclic compounds	Dihydrofurans	Furanones	Butenolides	Aliphatic heteromonocyclic compounds	Carbonyl compounds;Carboxylic acids;Chloroalkenes;Dicarboxylic acids and derivatives;Dihydrofurans;Enoate esters;Enol esters;Hydrocarbon derivatives;Lactones;Organic oxides;Organochlorides;Oxacyclic compounds;Vinyl chlorides	Carbonyl group;Carboxylic acid;Organochloride;Carboxylic acid derivative;Organohalogen compound;Lactone;Alpha,beta-unsaturated carboxylic ester;2-furanone;Organic oxide;Aliphatic heteromonocyclic compound;Enol ester;Enoate ester;Chloroalkene;Oxacycle;Organic oxygen compound;Vinyl halide;Carboxylic acid ester;Haloalkene;Dicarboxylic acid or derivatives;Hydrocarbon derivative;Vinyl chloride;Organooxygen compound
None	CC(C(O)=O)C(=O)\C=C(\Cl)C(O)=O	Organic compounds	Organic acids and derivatives	Keto acids and derivatives	Medium-chain keto acids and derivatives	Medium-chain keto acids and derivatives	Aliphatic acyclic compounds	1,3-dicarbonyl compounds;Acryloyl compounds;Alpha-halocarboxylic acids;Beta-hydroxy ketones;Beta-keto acids and derivatives;Carboxylic acids;Chloroalkenes;Dicarboxylic acids and derivatives;Enones;Fatty Acyls;Halogenated fatty acids;Hydrocarbon derivatives;Methyl-branched fatty acids;Organic oxides;Organochlorides;Unsaturated fatty acids;Vinyl chlorides;Vinylogous halides;b'-hydroxy-alpha,beta-unsaturated ketones	Alpha-halocarboxylic acid or derivatives;Fatty acyl;Beta-hydroxy ketone;Aliphatic acyclic compound;Carbonyl group;Carboxylic acid;Organochloride;B'-hydroxy-alpha,beta-unsaturated-ketone;Alpha-halocarboxylic acid;Alpha,beta-unsaturated ketone;Carboxylic acid derivative;Organohalogen compound;Beta-keto acid;Ketone;Unsaturated fatty acid;Organic oxide;Enone;Halogenated fatty acid;Methyl-branched fatty acid;Chloroalkene;Vinylogous halide;Branched fatty acid;Organic oxygen compound;Vinyl halide;Haloalkene;Dicarboxylic acid or derivatives;Hydrocarbon derivative;Acryloyl-group;1,3-dicarbonyl compound;Vinyl chloride;Organooxygen compound;Medium-chain keto acid
None	CC1=C(Cl)\C(OC1=O)=C\C(O)=O	Organic compounds	Lipids and lipid-like molecules	Fatty Acyls	Fatty acids and conjugates	Halogenated fatty acids	Aliphatic heteromonocyclic compounds	Butenolides;Carbonyl compounds;Carboxylic acids;Chloroalkenes;Dicarboxylic acids and derivatives;Dihydrofurans;Enoate esters;Enol esters;Fatty Acyls;Hydrocarbon derivatives;Lactones;Organic oxides;Organochlorides;Oxacyclic compounds;Vinyl chlorides;Vinylogous halides	Carbonyl group;Carboxylic acid;Organochloride;Carboxylic acid derivative;Organohalogen compound;Lactone;Alpha,beta-unsaturated carboxylic ester;2-furanone;Organic oxide;Aliphatic heteromonocyclic compound;Enol ester;Organoheterocyclic compound;Dihydrofuran;Enoate ester;Halogenated fatty acid;Chloroalkene;Vinylogous halide;Oxacycle;Organic oxygen compound;Vinyl halide;Carboxylic acid ester;Haloalkene;Dicarboxylic acid or derivatives;Hydrocarbon derivative;Vinyl chloride;Organooxygen compound
None	C\C(C(O)=O)=C(/Cl)C(=O)CC(O)=O	Organic compounds	Organic acids and derivatives	Keto acids and derivatives	Medium-chain keto acids and derivatives	Medium-chain keto acids and derivatives	Aliphatic acyclic compounds	Acryloyl compounds;Alpha-branched alpha,beta-unsaturated ketones;Alpha-chloroketones;Beta-hydroxy ketones;Beta-keto acids and derivatives;Carboxylic acids;Chloroalkenes;Dicarboxylic acids and derivatives;Enones;Fatty Acyls;Halogenated fatty acids;Hydrocarbon derivatives;Methyl-branched fatty acids;Organic oxides;Organochlorides;Unsaturated fatty acids;Vinyl chlorides;Vinylogous halides;b'-hydroxy-alpha,beta-unsaturated ketones	Fatty acyl;Beta-hydroxy ketone;Aliphatic acyclic compound;Carbonyl group;Carboxylic acid;Organochloride;B'-hydroxy-alpha,beta-unsaturated-ketone;Alpha,beta-unsaturated ketone;Carboxylic acid derivative;Organohalogen compound;Beta-keto acid;Ketone;Unsaturated fatty acid;Organic oxide;Alpha-haloketone;Enone;Halogenated fatty acid;Alpha-branched alpha,beta-unsaturated-ketone;Methyl-branched fatty acid;Chloroalkene;Vinylogous halide;Branched fatty acid;Alpha-chloroketone;Organic oxygen compound;Vinyl halide;Haloalkene;Dicarboxylic acid or derivatives;Hydrocarbon derivative;Acryloyl-group;Vinyl chloride;Organooxygen compound;Medium-chain keto acid
None	CC[C@@](C)(O)C#N	Organic compounds	Organic oxygen compounds	Organooxygen compounds	Alcohols and polyols	Tertiary alcohols	Aliphatic acyclic compounds	Alpha-hydroxynitriles;Cyanohydrins;Hydrocarbon derivatives;Organonitrogen compounds;Organopnictogen compounds	Aliphatic acyclic compound;Nitrile;Cyanohydrin;Tertiary alcohol;Alpha-hydroxynitrile;Organonitrogen compound;Organopnictogen compound;Hydrocarbon derivative;Organic nitrogen compound;Carbonitrile
None	N[C@@H](CCC(=O)N[C@@H](CS[Se]SC[C@H](NC(=O)CC[C@H](N)C(O)=O)C(=O)NCC(O)=O)C(=O)NCC(O)=O)C(O)=O	Organic compounds	Organic acids and derivatives	Carboxylic acids and derivatives	Amino acids, peptides, and analogues	Oligopeptides	Aliphatic acyclic compounds	Acyl glycines;Alpha amino acid amides;Alpha amino acids;Carbonyl compounds;Carboxylic acids;Cysteine and derivatives;Glutamine and derivatives;Hydrocarbon derivatives;Monoalkylamines;N-acyl amines;Organic oxides;Organonitrogen compounds;Organopnictogen compounds;Secondary carboxylic acid amides;Sulfenyl compounds;Tetracarboxylic acids and derivatives;Thioselenides	Fatty acyl;Aliphatic acyclic compound;Carbonyl group;Carboxylic acid;Glutamine or derivatives;Fatty amide;Alpha-amino acid or derivatives;Organosulfur compound;Organic oxide;Organonitrogen compound;Alpha-amino acid;Organopnictogen compound;Thioselenide;N-acyl-alpha amino acid or derivatives;Sulfenyl compound;Alpha-amino acid amide;N-acyl-alpha-amino acid;Tetracarboxylic acid or derivatives;Carboxamide group;N-acyl-amine;N-acylglycine;N-substituted-alpha-amino acid;Secondary carboxylic acid amide;Organic oxygen compound;Cysteine or derivatives;Hydrocarbon derivative;Primary aliphatic amine;Alpha-oligopeptide;Organic nitrogen compound;Organooxygen compound
None	C[Se](O)=O	Organic compounds	Organic acids and derivatives	Seleninic acids and derivatives	Seleninic acids and derivatives	Seleninic acids and derivatives	Aliphatic acyclic compounds	Hydrocarbon derivatives;Organic oxides;Organoselenium compounds;Selenenic acids	Aliphatic acyclic compound;Organic oxide;Organic oxygen compound;Organoselenium compound;Hydrocarbon derivative;Selenenic acid;Seleninic acid or derivatives
None	[H][C@]12O[C@@H]3O[C@@H]3[C@@]1([H])C1=C(O2)C=C(OC)C2=C1OC(=O)C1=C2CCC1=O	Organic compounds	Phenylpropanoids and polyketides	Coumarins and derivatives	Furanocoumarins	Difurocoumarocyclopentenones	Aromatic heteropolycyclic compounds	1,3-dioxanes;1-benzopyrans;Acetals;Alkyl aryl ethers;Angular furanocoumarins;Anisoles;Aryl alkyl ketones;Coumarans;Difurocoumarins;Epoxides;Heteroaromatic compounds;Hydrocarbon derivatives;Lactones;Organic oxides;Oxacyclic compounds;Pyranones and derivatives;Tetrahydrofurans	Difurocoumarocyclopentenone;Phenol ether;Ether;Aryl alkyl ketone;1-benzopyran;Alkyl aryl ether;Ketone;Lactone;Organic oxide;Acetal;Aromatic heteropolycyclic compound;Pyranone;Organoheterocyclic compound;Coumaran;Difurocoumarin;Benzopyran;Tetrahydrofuran;Heteroaromatic compound;Oxirane;Oxacycle;Organic oxygen compound;Pyran;Anisole;Hydrocarbon derivative;Benzenoid;Meta-Dioxane;Organooxygen compound;Aryl ketone
None	[Ni++]	Organic compounds	Organic nitrogen compounds		Organic nitrogen compounds	Organic nitrogen compounds	Acyclic compounds	Organic cations	Acyclic compound;Organic nitrogen compound;Organic cation
None	C[C@@H](O[C@H]1[C@H](O)[C@H]2CO[C@H](O2)[C@@H]1N=C(C)[O-])C(O)=O	Organic compounds	Organoheterocyclic compounds	Oxepanes	Oxepanes	Oxepanes	Aliphatic heteropolycyclic compounds	1,3-dioxolanes;Acetals;Carbonyl compounds;Carboximidic acids;Carboxylic acids;Dialkyl ethers;Hydrocarbon derivatives;Monocarboxylic acids and derivatives;Monosaccharides;Organic anions;Organic oxides;Organonitrogen compounds;Organopnictogen compounds;Oxacyclic compounds;Oxanes;Secondary alcohols	Carboximidic acid;Meta-Dioxolane;Carbonyl group;Ether;Carboxylic acid;Monosaccharide;Carboxylic acid derivative;Dialkyl ether;Aliphatic heteropolycyclic compound;Saccharide;Organic oxide;Acetal;Organonitrogen compound;Organopnictogen compound;Oxane;Alcohol;Oxepane;Oxacycle;Monocarboxylic acid or derivatives;Organic anion;Organic oxygen compound;Secondary alcohol;Hydrocarbon derivative;Organic nitrogen compound;Organooxygen compound
None	[H][C@]12NC3=C(N[C@@]1([H])C(S)=C(S)[C@@H](COP(O)(=O)OP(O)(=O)OC[C@H]1O[C@H]([C@H](O)[C@@H]1O)N1C=NC4=C1N=CN=C4N)O2)C(=O)NC(N)=N3	Organic compounds	Nucleosides, nucleotides, and analogues	Purine nucleotides	Purine ribonucleotides	Purine ribonucleoside diphosphates	Aromatic heteropolycyclic compounds	1,2-diols;Alkylthiols;Azacyclic compounds;Heteroaromatic compounds;Hydrocarbon derivatives;Imidazoles;Imidolactams;Lactams;Molybdopterins;Monoalkyl phosphates;Monosaccharides;N-substituted imidazoles;Organic oxides;Organic pyrophosphates;Organopnictogen compounds;Oxacyclic compounds;Pentose phosphates;Primary amines;Purine ribonucleoside monophosphates;Purines and purine derivatives;Pyranopterins and derivatives;Pyrans;Pyrimidones;Secondary alcohols;Secondary alkylarylamines;Tetrahydrofurans;Thioenols;Vinylogous amides	Lactam;Purine ribonucleoside monophosphate;Monosaccharide;Pentose-5-phosphate;Imidazopyrimidine;Saccharide;Purine ribonucleoside diphosphate;Organonitrogen compound;Organoheterocyclic compound;1,2-diol;Alcohol;Vinylogous amide;Pterin;Azacycle;Heteroaromatic compound;Organic pyrophosphate;Secondary aliphatic/aromatic amine;Pyranopterin;Monoalkyl phosphate;Hydrocarbon derivative;Primary amine;Amine;Alkylthiol;Pentose phosphate;Pyrimidone;Organosulfur compound;Pyrimidine;Organic oxide;Aromatic heteropolycyclic compound;Imidazole;Organopnictogen compound;Molybdopterin;Imidolactam;Azole;N-substituted imidazole;Tetrahydrofuran;Thioenol;Secondary amine;Oxacycle;Organic oxygen compound;Phosphoric acid ester;Pyran;Secondary alcohol;Purine;Organic nitrogen compound;Organic phosphoric acid derivative;Alkyl phosphate;Organooxygen compound
None	[H]\C(CC\C(C)=C(/[H])CC\C(C)=C(/[H])CC\C(C)=C(/[H])CC\C(C)=C(/[H])CC1=CC(O)=CC(OC)=C1O)=C(\C)CCC=C(C)C	Organic compounds	Lipids and lipid-like molecules	Prenol lipids	Polyprenylphenols	2-polyprenyl-6-methoxyphenols	Aromatic homomonocyclic compounds	1-hydroxy-2-unsubstituted benzenoids;Alkyl aryl ethers;Anisoles;Hydrocarbon derivatives;Hydroquinones;Methoxybenzenes;Methoxyphenols;Phenoxy compounds;Polyprenyl quinols;Sesterterpenoids	Prenylbenzoquinol;Phenol ether;Monocyclic benzene moiety;Ether;Methoxyphenol;1-hydroxy-2-unsubstituted benzenoid;Polyprenylbenzoquinol;Alkyl aryl ether;Methoxybenzene;Sesterterpenoid;Hydroquinone;Aromatic homomonocyclic compound;2-polyprenyl-6-methoxyphenol;Organic oxygen compound;Anisole;Phenol;Hydrocarbon derivative;Benzenoid;Phenoxy compound;Organooxygen compound
None	[H]\C(CC\C(C)=C(/[H])CC\C(C)=C(/[H])CC\C(C)=C(/[H])CC\C(C)=C(/[H])CC1=C(C)C(O)=CC(OC)=C1O)=C(\C)CCC=C(C)C	Organic compounds	Lipids and lipid-like molecules	Prenol lipids	Polyprenylphenols	2-polyprenyl-6-methoxyphenols	Aromatic homomonocyclic compounds	1-hydroxy-2-unsubstituted benzenoids;Alkyl aryl ethers;Anisoles;Hydrocarbon derivatives;Hydroquinones;Meta cresols;Methoxybenzenes;Methoxyphenols;Ortho cresols;Phenoxy compounds;Polyprenyl quinols;Sesterterpenoids;Toluenes	Phenol ether;Monocyclic benzene moiety;Ether;Methoxyphenol;1-hydroxy-2-unsubstituted benzenoid;Alkyl aryl ether;Sesterterpenoid;2-polyprenyl-6-methoxyphenol;O-cresol;Prenylbenzoquinol;M-cresol;Polyprenylbenzoquinol;Methoxybenzene;Hydroquinone;Aromatic homomonocyclic compound;Organic oxygen compound;Anisole;Phenol;Hydrocarbon derivative;Benzenoid;Phenoxy compound;Toluene;Organooxygen compound
None	O[C@H]1[C@@H](O)[C@H](O)[C@H](O)[C@@H](O)[C@@H]1O	Organic compounds	Organic oxygen compounds	Organooxygen compounds	Alcohols and polyols	Cyclohexanols	Aliphatic homomonocyclic compounds	Cyclitols and derivatives;Hydrocarbon derivatives	Cyclohexanol;Aliphatic homomonocyclic compound;Cyclitol or derivatives;Hydrocarbon derivative;Cyclic alcohol
None	[H][C@]1(O[C@](O)(C[C@H](O)[C@H]1NC(C)=O)C(O)=O)[C@H](O)[C@H](O)CO	Organic compounds	Organic oxygen compounds	Organooxygen compounds	Carbohydrates and carbohydrate conjugates	C-glucuronides	Aliphatic heteromonocyclic compounds	Acetamides;Alpha hydroxy acids and derivatives;Carbonyl compounds;Carboxylic acids;Hemiacetals;Hydrocarbon derivatives;Monocarboxylic acids and derivatives;Organic oxides;Organonitrogen compounds;Organopnictogen compounds;Oxacyclic compounds;Oxanes;Primary alcohols;Pyran carboxylic acids;Secondary alcohols;Secondary carboxylic acid amides	Carbonyl group;Carboxylic acid;Alpha-hydroxy acid;Carboxylic acid derivative;Pyran carboxylic acid;Organic oxide;Aliphatic heteromonocyclic compound;Organonitrogen compound;Organopnictogen compound;Hemiacetal;Oxane;Primary alcohol;Organoheterocyclic compound;Acetamide;C-glucuronide;Alcohol;Pyran carboxylic acid or derivatives;Hydroxy acid;Carboxamide group;Oxacycle;Secondary carboxylic acid amide;Monocarboxylic acid or derivatives;Pyran;Secondary alcohol;Hydrocarbon derivative;Organic nitrogen compound
None	[H][C@]1(O[C@@](O)(C[C@H](O)[C@H]1NC(C)=O)C(O)=O)[C@H](O)[C@H](O)CO	Organic compounds	Organic oxygen compounds	Organooxygen compounds	Carbohydrates and carbohydrate conjugates	C-glucuronides	Aliphatic heteromonocyclic compounds	Acetamides;Alpha hydroxy acids and derivatives;Carbonyl compounds;Carboxylic acids;Hemiacetals;Hydrocarbon derivatives;Monocarboxylic acids and derivatives;Organic oxides;Organonitrogen compounds;Organopnictogen compounds;Oxacyclic compounds;Oxanes;Primary alcohols;Pyran carboxylic acids;Secondary alcohols;Secondary carboxylic acid amides	Carbonyl group;Carboxylic acid;Alpha-hydroxy acid;Carboxylic acid derivative;Pyran carboxylic acid;Organic oxide;Aliphatic heteromonocyclic compound;Organonitrogen compound;Organopnictogen compound;Hemiacetal;Oxane;Primary alcohol;Organoheterocyclic compound;Acetamide;C-glucuronide;Alcohol;Pyran carboxylic acid or derivatives;Hydroxy acid;Carboxamide group;Oxacycle;Secondary carboxylic acid amide;Monocarboxylic acid or derivatives;Pyran;Secondary alcohol;Hydrocarbon derivative;Organic nitrogen compound
None	[H]\C(CC(O)=O)=C(/[H])CC(=O)CC(=O)SCCN=C(O)CCN=C(O)[C@]([H])(O)C(C)(C)COP(O)(=O)OP(O)(=O)OC[C@@]1([H])O[C@@]([H])(N2C=NC3=C(N)N=CN=C23)[C@]([H])(O)[C@]1([H])OP(O)(O)=O	Organic compounds	Lipids and lipid-like molecules	Fatty Acyls	Fatty acyl thioesters	3-oxo-acyl CoAs	Aromatic heteropolycyclic compounds	Amino acids;Azacyclic compounds;Carbothioic S-esters;Carboximidic acids;Carboxylic acids;Coenzyme A and derivatives;Heteroaromatic compounds;Hydrocarbon derivatives;Hydroxy fatty acids;Imidazoles;Imidolactams;Ketones;Medium-chain fatty acids;Medium-chain hydroxy acids and derivatives;Monoalkyl phosphates;Monocarboxylic acids and derivatives;Monosaccharides;N-substituted imidazoles;Organic oxides;Organic pyrophosphates;Organopnictogen compounds;Oxacyclic compounds;Pentose phosphates;Primary amines;Propargyl-type 1,3-dipolar organic compounds;Purine ribonucleoside diphosphates;Purines and purine derivatives;Pyrimidines and pyrimidine derivatives;Ribonucleoside 3'-phosphates;Secondary alcohols;Sulfenyl compounds;Tetrahydrofurans;Thioesters;Thiolactones	Carboximidic acid;Carboxylic acid;Amino acid or derivatives;Monosaccharide;Pentose-5-phosphate;Imidazopyrimidine;Medium-chain hydroxy acid;Carbothioic s-ester;Ketone;Saccharide;Purine ribonucleoside diphosphate;Organonitrogen compound;Hydroxy fatty acid;Organoheterocyclic compound;Alcohol;Sulfenyl compound;Azacycle;Thiocarboxylic acid ester;Heteroaromatic compound;Organic 1,3-dipolar compound;Organic pyrophosphate;Monoalkyl phosphate;Hydrocarbon derivative;Primary amine;Amine;Coenzyme a or derivatives;Carbonyl group;Pentose phosphate;Amino acid;Organosulfur compound;Carboxylic acid derivative;Pyrimidine;Propargyl-type 1,3-dipolar organic compound;Organic oxide;Aromatic heteropolycyclic compound;Imidazole;Organopnictogen compound;Medium-chain fatty acid;Imidolactam;Thiolactone;Azole;N-substituted imidazole;Purine ribonucleoside 3',5'-bisphosphate;Ribonucleoside 3'-phosphate;Thiocarboxylic acid or derivatives;Tetrahydrofuran;Oxacycle;Monocarboxylic acid or derivatives;Organic oxygen compound;Phosphoric acid ester;Secondary alcohol;Purine;Organic nitrogen compound;Organic phosphoric acid derivative;Alkyl phosphate;Organooxygen compound
None	NC1=NC2=C(NC(CN2)C(O)=O)C(=O)N1	Organic compounds	Organoheterocyclic compounds	Pteridines and derivatives	Pterins and derivatives	Pterin carboxylates	Aromatic heteropolycyclic compounds	Alpha amino acids;Amino acids;Azacyclic compounds;Carbonyl compounds;Carboxylic acids;Heteroaromatic compounds;Hydrocarbon derivatives;Imidolactams;Lactams;Monocarboxylic acids and derivatives;Organic oxides;Organopnictogen compounds;Primary amines;Pyrimidones;Secondary alkylarylamines;Vinylogous amides	Carbonyl group;Lactam;Carboxylic acid;Amino acid or derivatives;Amino acid;Pyrimidone;Alpha-amino acid or derivatives;Carboxylic acid derivative;Pyrimidine;Organic oxide;Aromatic heteropolycyclic compound;Organonitrogen compound;Alpha-amino acid;Organopnictogen compound;Imidolactam;Vinylogous amide;Azacycle;Heteroaromatic compound;Pterin-6-carboxylate;Secondary amine;Secondary aliphatic/aromatic amine;Monocarboxylic acid or derivatives;Organic oxygen compound;Hydrocarbon derivative;Primary amine;Organic nitrogen compound;Amine;Organooxygen compound
None	CC1=C(CCOP([O-])([O-])=O)SC(=N1)C([O-])=O	Organic compounds	Organoheterocyclic compounds	Azoles	Thiazoles	Thiazolecarboxylic acids and derivatives	Aromatic heteromonocyclic compounds	2,4,5-trisubstituted thiazoles;Alkyl phosphates;Azacyclic compounds;Carboxylic acids;Heteroaromatic compounds;Hydrocarbon derivatives;Monocarboxylic acids and derivatives;Organic anions;Organic oxides;Organonitrogen compounds;Organooxygen compounds;Organopnictogen compounds	Carboxylic acid;Aromatic heteromonocyclic compound;Azacycle;Heteroaromatic compound;Carboxylic acid derivative;Thiazolecarboxylic acid or derivatives;2,4,5-trisubstituted 1,3-thiazole;Organic oxide;Monocarboxylic acid or derivatives;Organic anion;Organic oxygen compound;Phosphoric acid ester;Organonitrogen compound;Organopnictogen compound;Hydrocarbon derivative;Organic nitrogen compound;Organic phosphoric acid derivative;Alkyl phosphate;Organooxygen compound
None	[H][C@@]1(O)CC(=N[C@@]([H])(C1)C([O-])=O)C([O-])=O	Organic compounds	Organic acids and derivatives	Carboxylic acids and derivatives	Amino acids, peptides, and analogues	Alpha amino acids	Aliphatic heteromonocyclic compounds	Azacyclic compounds;Carbonyl compounds;Carboxylic acids;Dicarboxylic acids and derivatives;Hydrocarbon derivatives;Ketimines;Organic anions;Organic oxides;Organopnictogen compounds;Secondary alcohols;Tetrahydropyridines	Alcohol;Ketimine;Carbonyl group;Carboxylic acid;Azacycle;Imine;Tetrahydropyridine;Organic oxide;Organic anion;Organic oxygen compound;Aliphatic heteromonocyclic compound;Organonitrogen compound;Alpha-amino acid;Secondary alcohol;Dicarboxylic acid or derivatives;Organopnictogen compound;Hydrocarbon derivative;Organic nitrogen compound;Organoheterocyclic compound;Organooxygen compound
None	OC(=O)CCCCC1C2NC(=O)NC2CS1=O	Organic compounds	Organoheterocyclic compounds	Biotin and derivatives	Biotin and derivatives	Biotin and derivatives	Aliphatic heteropolycyclic compounds	Azacyclic compounds;Carbonyl compounds;Carboxylic acids;Heterocyclic fatty acids;Hydrocarbon derivatives;Imidazolidinones;Medium-chain fatty acids;Monocarboxylic acids and derivatives;Organic carbonic acids and derivatives;Organic oxides;Organonitrogen compounds;Organopnictogen compounds;Sulfinyl compounds;Sulfoxides;Thienoimidazolidines;Thiolanes;Thiophenes	Thiolane;Imidazolidine;Fatty acyl;Carbonyl group;Carboxylic acid;Heterocyclic fatty acid;Fatty acid;Thiophene;Carboxylic acid derivative;Aliphatic heteropolycyclic compound;Imidazolidinone;Organic oxide;Sulfinyl compound;Biotin_derivative;Organonitrogen compound;Organopnictogen compound;Medium-chain fatty acid;Carbonic acid derivative;Azacycle;Biotin;Thienoimidazolidine;Monocarboxylic acid or derivatives;Organic oxygen compound;Sulfoxide;Hydrocarbon derivative;Organic nitrogen compound;Organooxygen compound
None	CP(O)(O)=O	Organic compounds	Organic acids and derivatives	Organic phosphonic acids and derivatives	Organic phosphonic acids and derivatives	Organic phosphonic acids and derivatives	Aliphatic acyclic compounds	Hydrocarbon derivatives;Organic oxides;Organophosphorus compounds;Organopnictogen compounds	Aliphatic acyclic compound;Organic oxide;Organic oxygen compound;Organopnictogen compound;Organophosphorus compound;Hydrocarbon derivative;Organophosphonic acid derivative
None	C[C@@H]1O[C@H](O)[C@@H](O)[C@H](O)[C@@H]1O	Organic compounds	Organic oxygen compounds	Organooxygen compounds	Carbohydrates and carbohydrate conjugates	Monosaccharides	Aliphatic heteromonocyclic compounds	Hemiacetals;Hydrocarbon derivatives;Oxacyclic compounds;Oxanes;Secondary alcohols	Alcohol;Monosaccharide;Oxacycle;Aliphatic heteromonocyclic compound;Secondary alcohol;Hemiacetal;Hydrocarbon derivative;Oxane;Organoheterocyclic compound
None	[H][C@](O)(CO)[C@@]([H])(O)C1=NC2=C(NC1)NC(=N)N=C2O	Organic compounds	Organoheterocyclic compounds	Pteridines and derivatives	Pterins and derivatives	Pterins and derivatives	Aromatic heteropolycyclic compounds	Azacyclic compounds;Heteroaromatic compounds;Hydrocarbon derivatives;Hydroxypyrimidines;Ketimines;Organopnictogen compounds;Primary alcohols;Propargyl-type 1,3-dipolar organic compounds;Secondary alcohols;Secondary alkylarylamines	Ketimine;Imine;Hydroxypyrimidine;Pyrimidine;Propargyl-type 1,3-dipolar organic compound;Aromatic heteropolycyclic compound;Organonitrogen compound;Organopnictogen compound;Primary alcohol;Alcohol;Pterin;Azacycle;Heteroaromatic compound;Organic 1,3-dipolar compound;Secondary amine;Secondary aliphatic/aromatic amine;Organic oxygen compound;Secondary alcohol;Hydrocarbon derivative;Organic nitrogen compound;Organooxygen compound;Amine
None	CC[C@H](NC(=O)CC[C@H](N)C(O)=O)C(=O)NCC(O)=O	Organic compounds	Organic acids and derivatives	Carboxylic acids and derivatives	Amino acids, peptides, and analogues	Oligopeptides	Aliphatic acyclic compounds	Acyl glycines;Alpha amino acid amides;Alpha amino acids;Carbonyl compounds;Carboxylic acids;Dicarboxylic acids and derivatives;Fatty acids and conjugates;Glutamine and derivatives;Hydrocarbon derivatives;Monoalkylamines;N-acyl amines;Organic oxides;Organonitrogen compounds;Organopnictogen compounds;Secondary carboxylic acid amides	Fatty acyl;Aliphatic acyclic compound;Carbonyl group;Carboxylic acid;Glutamine or derivatives;Fatty amide;Fatty acid;Alpha-amino acid or derivatives;Organic oxide;Organonitrogen compound;Alpha-amino acid;Organopnictogen compound;N-acyl-alpha amino acid or derivatives;Alpha-amino acid amide;N-acyl-alpha-amino acid;Carboxamide group;N-acyl-amine;N-acylglycine;N-substituted-alpha-amino acid;Secondary carboxylic acid amide;Organic oxygen compound;Dicarboxylic acid or derivatives;Hydrocarbon derivative;Primary aliphatic amine;Alpha-oligopeptide;Organic nitrogen compound;Organooxygen compound
None	[H][C@@](O)(COC(=O)CCCCCCCCCCCCCCCCC)COP(O)(=O)OCCN	Organic compounds	Lipids and lipid-like molecules	Glycerophospholipids	Glycerophosphoethanolamines	1-acyl-sn-glycero-3-phosphoethanolamines	Aliphatic acyclic compounds	Carbonyl compounds;Carboxylic acid esters;Dialkyl phosphates;Fatty acid esters;Hydrocarbon derivatives;Monoalkylamines;Monocarboxylic acids and derivatives;Organic oxides;Organonitrogen compounds;Organopnictogen compounds;Phosphoethanolamines;Secondary alcohols	Fatty acyl;Aliphatic acyclic compound;Carbonyl group;Carboxylic acid derivative;Phosphoethanolamine;Organic oxide;Organonitrogen compound;Organopnictogen compound;Alcohol;Fatty acid ester;Dialkyl phosphate;Monocarboxylic acid or derivatives;Organic oxygen compound;Phosphoric acid ester;Carboxylic acid ester;Secondary alcohol;Hydrocarbon derivative;Primary aliphatic amine;Organic nitrogen compound;Organic phosphoric acid derivative;Alkyl phosphate;Organooxygen compound;1-monoacyl-sn-glycero-3-phosphoethanolamine
