KEGG	Metabolite name	PubChem	ChEBI	SMILES	kingdom	superclass	class	subclass	geometric_descriptor	Classification
C00001	Water	962.0	15377	O	Organic compounds	Organic oxygen compounds	Organic oxides	Organic oxides	Acyclic compounds	Organic oxygen compounds
C00002	Adenosine triphosphate	5957.0	15422	NC1=NC=NC2=C1N=CN2[C@@H]1O[C@H](COP(O)(=O)OP(O)(=O)OP(O)(O)=O)[C@@H](O)[C@H]1O	Organic compounds	Nucleosides, nucleotides, and analogues	Purine nucleotides	Purine ribonucleotides	Aromatic heteropolycyclic compounds	Nucleotides/nucleosides
C00003	NAD	5892.0	44215	NC(=O)C1=C[N+](=CC=C1)[C@@H]1O[C@H](COP([O-])(=O)OP(O)(=O)OC[C@H]2O[C@H]([C@H](O)[C@@H]2O)N2C=NC3=C2N=CN=C3N)[C@@H](O)[C@H]1O	Organic compounds	Nucleosides, nucleotides, and analogues	Pyridine nucleotides	Pyridine nucleotides	Aromatic heteropolycyclic compounds	Nucleotides/nucleosides
C00004	NADH	439153.0	16908	NC(=O)C1=CN(C=CC1)[C@@H]1O[C@H](COP(O)(=O)OP(O)(=O)OC[C@H]2O[C@H]([C@H](O)[C@@H]2O)N2C=NC3=C2N=CN=C3N)[C@@H](O)[C@H]1O	Organic compounds	Nucleosides, nucleotides, and analogues	Pyridine nucleotides	Nicotinamide nucleotides	Aromatic heteropolycyclic compounds	Nucleotides/nucleosides
C00005	NADPH	5884.0	16474	NC(=O)C1=CN(C=CC1)[C@@H]1O[C@H](COP(O)(=O)OP(O)(=O)OC[C@H]2O[C@H]([C@H](OP(O)(O)=O)[C@@H]2O)N2C=NC3=C2N=CN=C3N)[C@@H](O)[C@H]1O	Organic compounds	Nucleosides, nucleotides, and analogues	Purine nucleotides	Purine ribonucleotides	Aromatic heteropolycyclic compounds	Nucleotides/nucleosides
C00006	NADP	5885.0	44409	NC(=O)C1=C[N+](=CC=C1)[C@@H]1O[C@H](COP([O-])(=O)OP(O)(=O)OC[C@H]2O[C@H]([C@H](OP(O)(O)=O)[C@@H]2O)N2C=NC3=C2N=CN=C3N)[C@@H](O)[C@H]1O	Organic compounds	Nucleosides, nucleotides, and analogues	Pyridine nucleotides	Pyridine nucleotides	Aromatic heteropolycyclic compounds	Nucleotides/nucleosides
C00007	Oxygen	977.0	15379	O=O	Organic compounds	Organic oxygen compounds	Organic oxides	Organic oxides	Acyclic compounds	Organic oxygen compounds
C00008	ADP	6022.0	16761	NC1=NC=NC2=C1N=CN2[C@@H]1O[C@H](COP(O)(=O)OP(O)(O)=O)[C@@H](O)[C@H]1O	Organic compounds	Nucleosides, nucleotides, and analogues	Purine nucleotides	Purine ribonucleotides	Aromatic heteropolycyclic compounds	Nucleotides/nucleosides
C00009	Phosphate	1004.0	26078	OP(O)(O)=O	Organic compounds	Organic acids and derivatives	Organic phosphoric acids and derivatives	Organic phosphoric acids and derivatives	Acyclic compounds	Other organic acids
C00010	Coenzyme A	87642.0	15346	CC(C)(COP(O)(=O)OP(O)(=O)OC[C@H]1O[C@H]([C@H](O)[C@@H]1OP(O)(O)=O)N1C=NC2=C1N=CN=C2N)[C@@H](O)C(=O)NCCC(=O)NCCS	Organic compounds	Nucleosides, nucleotides, and analogues	Purine nucleotides	Purine ribonucleotides	Aromatic heteropolycyclic compounds	Nucleotides/nucleosides
C00011	Carbon dioxide	280.0	16526	O=C=O	Organic compounds	Organic oxygen compounds	Organooxygen compounds	Organooxygen compounds	Aliphatic acyclic compounds	Organic oxygen compounds
C00012	Peptide		16670							Unknown
C00013	Pyrophosphate	1023.0	29888	OP(O)(=O)OP(O)(O)=O	Organic compounds	Organic oxygen compounds	Organic oxoanionic compounds	Organic pyrophosphates	Acyclic compounds	Organic oxygen compounds
C00014	Ammonia	222.0	16134	N	Organic compounds	Organic nitrogen compounds		Organic nitrogen compounds	Acyclic compounds	Organic nitrogen compounds
C00015	Uridine 5'-diphosphate	6031.0	17659	O[C@H]1[C@@H](O)[C@@H](O[C@@H]1COP(O)(=O)OP(O)(O)=O)N1C=CC(=O)NC1=O	Organic compounds	Nucleosides, nucleotides, and analogues	Pyrimidine nucleotides	Pyrimidine ribonucleotides	Aromatic heteromonocyclic compounds	Nucleotides/nucleosides
C00016	FAD	643975.0	16238	CC1=CC2=C(C=C1C)N(C[C@H](O)[C@H](O)[C@H](O)COP(O)(=O)OP(O)(=O)OC[C@H]1O[C@H]([C@H](O)[C@@H]1O)N1C=NC3=C1N=CN=C3N)C1=NC(=O)NC(=O)C1=N2	Organic compounds	Nucleosides, nucleotides, and analogues	Flavin nucleotides	Flavin nucleotides	Aromatic heteropolycyclic compounds	Nucleotides/nucleosides
C00017	Protein	3319.0	16541							Unknown
C00018	Pyridoxal 5'-phosphate	1051.0	18405	CC1=NC=C(COP(O)(O)=O)C(C=O)=C1O	Organic compounds	Organoheterocyclic compounds	Pyridines and derivatives	Pyridine carboxaldehydes	Aromatic heteromonocyclic compounds	Organoheterocyclic compounds
C00019	S-Adenosylmethionine	34756.0	15414	C[S+](CC[C@H](N)C(O)=O)C[C@H]1O[C@H]([C@H](O)[C@@H]1O)N1C=NC2=C1N=CN=C2N	Organic compounds	Nucleosides, nucleotides, and analogues	5'-deoxyribonucleosides	5'-deoxy-5'-thionucleosides	Aromatic heteropolycyclic compounds	Nucleotides/nucleosides
C00020	Adenosine monophosphate	6083.0	16027	NC1=C2N=CN([C@@H]3O[C@H](COP(O)(O)=O)[C@@H](O)[C@H]3O)C2=NC=N1	Organic compounds	Nucleosides, nucleotides, and analogues	Purine nucleotides	Purine ribonucleotides	Aromatic heteropolycyclic compounds	Nucleotides/nucleosides
C00021	S-Adenosylhomocysteine	439155.0	16680	N[C@@H](CCSC[C@H]1O[C@H]([C@H](O)[C@@H]1O)N1C=NC2=C1N=CN=C2N)C(O)=O	Organic compounds	Nucleosides, nucleotides, and analogues	5'-deoxyribonucleosides	5'-deoxy-5'-thionucleosides	Aromatic heteropolycyclic compounds	Nucleotides/nucleosides
C00022	Pyruvic acid	1060.0	32816	CC(=O)C(O)=O	Organic compounds	Organic acids and derivatives	Keto acids and derivatives	Alpha-keto acids and derivatives	Aliphatic acyclic compounds	Keto / hydroxy acids
C00024	Acetyl-CoA	444493.0	15351	CC(=O)SCCNC(=O)CCNC(=O)[C@H](O)C(C)(C)COP(O)(=O)OP(O)(=O)OC[C@H]1O[C@H]([C@H](O)[C@@H]1OP(O)(O)=O)N1C=NC2=C1N=CN=C2N	Organic compounds	Lipids and lipid-like molecules	Fatty Acyls	Fatty acyl thioesters	Aromatic heteropolycyclic compounds	Lipid-like molecules
C00025	Glutamic acid	33032.0	16015	N[C@@H](CCC(O)=O)C(O)=O	Organic compounds	Organic acids and derivatives	Carboxylic acids and derivatives	Amino acids, peptides, and analogues	Aliphatic acyclic compounds	Amino acids
C00026	Oxoglutaric acid	51.0	30915	OC(=O)CCC(=O)C(O)=O	Organic compounds	Organic acids and derivatives	Keto acids and derivatives	Gamma-keto acids and derivatives	Aliphatic acyclic compounds	Keto / hydroxy acids
C00027	Hydrogen peroxide	784.0	16240	OO	Organic compounds	Organic oxygen compounds		Organic oxygen compounds	Acyclic compounds	Organic oxygen compounds
C00028										Unknown
C00029	Uridine diphosphate glucose	8629.0	46229	OC[C@H]1O[C@H](OP(O)(=O)OP(O)(=O)OC[C@H]2O[C@H]([C@H](O)[C@@H]2O)N2C=CC(=O)NC2=O)[C@H](O)[C@@H](O)[C@@H]1O	Organic compounds	Nucleosides, nucleotides, and analogues	Pyrimidine nucleotides	Pyrimidine ribonucleotides	Aromatic heteromonocyclic compounds	Nucleotides/nucleosides
C00030										Unknown
C00031	D-Glucose	5793.0	15903	OC[C@H]1O[C@@H](O)[C@H](O)[C@@H](O)[C@@H]1O	Organic compounds	Organic oxygen compounds	Organooxygen compounds	Carbohydrates and carbohydrate conjugates	Aliphatic heteromonocyclic compounds	Organic oxygen compounds
C00032	Heme	26945.0	17627	CC1=C(CCC(O)=O)C2=CC3=[N+]4C(=CC5=C(C)C(C=C)=C6C=C7C(C)=C(C=C)C8=[N+]7[Fe--]4(N2C1=C8)N56)C(C)=C3CCC(O)=O	Organic compounds	Organoheterocyclic compounds	Tetrapyrroles and derivatives	Metallotetrapyrroles	Aromatic heteropolycyclic compounds	Organoheterocyclic compounds
C00033	Acetic acid	176.0	15366	CC(O)=O	Organic compounds	Organic acids and derivatives	Carboxylic acids and derivatives	Carboxylic acids	Aliphatic acyclic compounds	Carboxylic acids
C00035	Guanosine diphosphate	8977.0	17552	NC1=NC2=C(N=CN2[C@@H]2O[C@H](COP(O)(=O)OP(O)(O)=O)[C@@H](O)[C@H]2O)C(=O)N1	Organic compounds	Nucleosides, nucleotides, and analogues	Purine nucleotides	Purine ribonucleotides	Aromatic heteropolycyclic compounds	Nucleotides/nucleosides
C00036	Oxalacetic acid	970.0	30744	OC(=O)CC(=O)C(O)=O	Organic compounds	Organic acids and derivatives	Keto acids and derivatives	Short-chain keto acids and derivatives	Aliphatic acyclic compounds	Keto / hydroxy acids
C00037	Glycine	750.0	15428	NCC(O)=O	Organic compounds	Organic acids and derivatives	Carboxylic acids and derivatives	Amino acids, peptides, and analogues	Aliphatic acyclic compounds	Amino acids
C00038	Zinc	32051.0	29105	[Zn++]	Organic compounds	Organic cations		Organic cations	Acyclic compounds	Other
C00039	DNA		16991							Unknown
C00040	Acyl-CoA		17984							Unknown
C00041	L-Alanine	5950.0	16977	C[C@H](N)C(O)=O	Organic compounds	Organic acids and derivatives	Carboxylic acids and derivatives	Amino acids, peptides, and analogues	Aliphatic acyclic compounds	Amino acids
C00042	Succinic acid	1110.0	15741	OC(=O)CCC(O)=O	Organic compounds	Organic acids and derivatives	Carboxylic acids and derivatives	Dicarboxylic acids and derivatives	Aliphatic acyclic compounds	Carboxylic acids
C00043	Uridine diphosphate-N-acetylglucosamine	445675.0	16264	CC(=O)N[C@@H]1[C@@H](O)[C@H](O)[C@@H](CO)O[C@@H]1OP(O)(=O)OP(O)(=O)OC[C@H]1O[C@H]([C@H](O)[C@@H]1O)N1C=CC(=O)NC1=O	Organic compounds	Organic oxygen compounds	Organooxygen compounds	Carbohydrates and carbohydrate conjugates	Aromatic heteromonocyclic compounds	Organic oxygen compounds
C00044	Guanosine triphosphate	6830.0	15996	NC1=NC2=C(N=CN2[C@@H]2O[C@H](COP(O)(=O)OP(O)(=O)OP(O)(O)=O)[C@@H](O)[C@H]2O)C(=O)N1	Organic compounds	Nucleosides, nucleotides, and analogues	Purine nucleotides	Purine ribonucleotides	Aromatic heteropolycyclic compounds	Nucleotides/nucleosides
C00045										Unknown
C00047	Lysine	5962.0	18019	NCCCC[C@H](N)C(O)=O	Organic compounds	Organic acids and derivatives	Carboxylic acids and derivatives	Amino acids, peptides, and analogues	Aliphatic acyclic compounds	Amino acids
C00048	Glyoxylic acid	760.0	16891	OC(=O)C=O	Organic compounds	Organic acids and derivatives	Carboxylic acids and derivatives	Carboxylic acids	Aliphatic acyclic compounds	Carboxylic acids
C00049	L-Aspartic acid	5960.0	17053	N[C@@H](CC(O)=O)C(O)=O	Organic compounds	Organic acids and derivatives	Carboxylic acids and derivatives	Amino acids, peptides, and analogues	Aliphatic acyclic compounds	Amino acids
C00051	Glutathione	124886.0	16856	N[C@@H](CCC(=O)N[C@@H](CS)C(=O)NCC(O)=O)C(O)=O	Organic compounds	Organic acids and derivatives	Carboxylic acids and derivatives	Amino acids, peptides, and analogues	Aliphatic acyclic compounds	Amino acids
C00052	Uridine diphosphategalactose	18068.0	67119	OC[C@H]1O[C@H](OP(O)(=O)OP(O)(=O)OC[C@H]2O[C@H]([C@H](O)[C@@H]2O)N2C=CC(=O)NC2=O)[C@H](O)[C@@H](O)[C@H]1O	Organic compounds	Nucleosides, nucleotides, and analogues	Pyrimidine nucleotides	Pyrimidine ribonucleotides	Aromatic heteromonocyclic compounds	Nucleotides/nucleosides
C00053	Phosphoadenosine phosphosulfate	10214.0	17980	NC1=C2N=CN([C@@H]3O[C@H](COP(O)(=O)OS(O)(=O)=O)[C@@H](OP(O)(O)=O)[C@H]3O)C2=NC=N1	Organic compounds	Nucleosides, nucleotides, and analogues	Purine nucleotides	Purine ribonucleotides	Aromatic heteropolycyclic compounds	Nucleotides/nucleosides
C00054	Adenosine 3',5'-diphosphate	159296.0	17985	NC1=C2N=CN([C@@H]3O[C@H](COP(O)(O)=O)[C@@H](OP(O)(O)=O)[C@H]3O)C2=NC=N1	Organic compounds	Nucleosides, nucleotides, and analogues	Purine nucleotides	Purine ribonucleotides	Aromatic heteropolycyclic compounds	Nucleotides/nucleosides
C00055	Cytidine monophosphate	6131.0	17361	NC1=NC(=O)N(C=C1)[C@@H]1O[C@H](COP(O)(O)=O)[C@@H](O)[C@H]1O	Organic compounds	Nucleosides, nucleotides, and analogues	Pyrimidine nucleotides	Pyrimidine ribonucleotides	Aromatic heteromonocyclic compounds	Nucleotides/nucleosides
C00058	Formic acid	284.0	30751	OC=O	Organic compounds	Organic acids and derivatives	Carboxylic acids and derivatives	Carboxylic acids	Aliphatic acyclic compounds	Carboxylic acids
C00059	Sulfate	1117.0	26836	OS(O)(=O)=O	Organic compounds	Organic acids and derivatives	Organic sulfuric acids and derivatives	Organic sulfuric acids	Acyclic compounds	Other organic acids
C00060	Carboxylate		35757							Unknown
C00061	Flavin mononucleotide	643976.0	17621	CC1=CC2=C(C=C1C)N(C[C@H](O)[C@H](O)[C@H](O)COP(O)(O)=O)C1=NC(=O)NC(=O)C1=N2	Organic compounds	Nucleosides, nucleotides, and analogues	Flavin nucleotides	Flavin nucleotides	Aromatic heteropolycyclic compounds	Nucleotides/nucleosides
C00062	L-Arginine	6322.0	16467	N[C@@H](CCCNC(N)=N)C(O)=O	Organic compounds	Organic acids and derivatives	Carboxylic acids and derivatives	Amino acids, peptides, and analogues	Aliphatic acyclic compounds	Amino acids
C00063	Cytidine triphosphate	6176.0	17677	NC1=NC(=O)N(C=C1)[C@@H]1O[C@H](COP(O)(=O)OP(O)(=O)OP(O)(O)=O)[C@@H](O)[C@H]1O	Organic compounds	Nucleosides, nucleotides, and analogues	Pyrimidine nucleotides	Pyrimidine ribonucleotides	Aromatic heteromonocyclic compounds	Nucleotides/nucleosides
C00064	Glutamine	5961.0	18050	N[C@@H](CCC(N)=O)C(O)=O	Organic compounds	Organic acids and derivatives	Carboxylic acids and derivatives	Amino acids, peptides, and analogues	Aliphatic acyclic compounds	Amino acids
C00065	Serine	5951.0	17115	N[C@@H](CO)C(O)=O	Organic compounds	Organic acids and derivatives	Carboxylic acids and derivatives	Amino acids, peptides, and analogues	Aliphatic acyclic compounds	Amino acids
C00067	Formaldehyde	712.0	16842	C=O	Organic compounds	Organic oxygen compounds	Organooxygen compounds	Carbonyl compounds	Aliphatic acyclic compounds	Organic oxygen compounds
C00068	Thiamine pyrophosphate	1132.0	9532	CC1=C(CCOP(O)(=O)OP(O)(O)=O)SC=[N+]1CC1=CN=C(C)N=C1N	Organic compounds	Organoheterocyclic compounds	Diazines	Pyrimidines and pyrimidine derivatives	Aromatic heteromonocyclic compounds	Organoheterocyclic compounds
C00069										Unknown
C00070	Copper	27099.0	29036	[Cu++]	Organic compounds	Organic cations		Organic cations	Acyclic compounds	Other
C00071	Aldehyde									Unknown
C00072	Ascorbic acid	54670067.0	29073	[H][C@@]1(OC(=O)C(O)=C1O)[C@@H](O)CO	Organic compounds	Organoheterocyclic compounds	Dihydrofurans	Furanones	Aliphatic heteromonocyclic compounds	Organoheterocyclic compounds
C00073	Methionine	6137.0	16643	CSCC[C@H](N)C(O)=O	Organic compounds	Organic acids and derivatives	Carboxylic acids and derivatives	Amino acids, peptides, and analogues	Aliphatic acyclic compounds	Amino acids
C00074	Phosphoenolpyruvic acid	1005.0	44897	OC(=O)C(=C)OP(O)(O)=O	Organic compounds	Organic acids and derivatives	Organic phosphoric acids and derivatives	Phosphate esters	Aliphatic acyclic compounds	Other organic acids
C00075	Uridine triphosphate	6133.0	15713	O[C@H]1[C@@H](O)[C@@H](O[C@@H]1COP(O)(=O)OP(O)(=O)OP(O)(O)=O)N1C=CC(=O)NC1=O	Organic compounds	Nucleosides, nucleotides, and analogues	Pyrimidine nucleotides	Pyrimidine ribonucleotides	Aromatic heteromonocyclic compounds	Nucleotides/nucleosides
C00076	Calcium	271.0	29108	[Ca++]	Organic compounds	Organic cations		Organic cations	Acyclic compounds	Other
C00077	Ornithine	6262.0	15729	NCCC[C@H](N)C(O)=O	Organic compounds	Organic acids and derivatives	Carboxylic acids and derivatives	Amino acids, peptides, and analogues	Aliphatic acyclic compounds	Amino acids
C00078	L-Tryptophan	6305.0	16828	N[C@@H](CC1=CNC2=C1C=CC=C2)C(O)=O	Organic compounds	Organic acids and derivatives	Carboxylic acids and derivatives	Amino acids, peptides, and analogues	Aromatic heteropolycyclic compounds	Amino acids
C00079	Phenylalanine	6140.0	17295	N[C@@H](CC1=CC=CC=C1)C(O)=O	Organic compounds	Organic acids and derivatives	Carboxylic acids and derivatives	Amino acids, peptides, and analogues	Aromatic homomonocyclic compounds	Amino acids
C00080	Hydrogen Ion	1038.0	15378	[H+]	Organic compounds	Organic cations		Organic cations	Acyclic compounds	Other
C00081	Inosine triphosphate	8583.0	16039	O[C@@H]1[C@@H](COP(O)(=O)OP(O)(=O)OP(O)(O)=O)O[C@H]([C@@H]1O)N1C=NC2=C1N=CN=C2O	Organic compounds	Nucleosides, nucleotides, and analogues	Purine nucleotides	Purine ribonucleotides	Aromatic heteropolycyclic compounds	Nucleotides/nucleosides
C00082	L-Tyrosine	6057.0	17895	N[C@@H](CC1=CC=C(O)C=C1)C(O)=O	Organic compounds	Organic acids and derivatives	Carboxylic acids and derivatives	Amino acids, peptides, and analogues	Aromatic homomonocyclic compounds	Amino acids
C00083	Malonyl-CoA	644066.0	15531	CC(C)(COP(O)(=O)OP(O)(=O)OC[C@H]1O[C@H]([C@H](O)[C@@H]1OP(O)(O)=O)N1C=NC2=C1N=CN=C2N)[C@@H](O)C(=O)NCCC(=O)NCCSC(=O)CC(O)=O	Organic compounds	Lipids and lipid-like molecules	Fatty Acyls	Fatty acyl thioesters	Aromatic heteropolycyclic compounds	Lipid-like molecules
C00084	Acetaldehyde	177.0	15343	CC=O	Organic compounds	Organic oxygen compounds	Organooxygen compounds	Carbonyl compounds	Aliphatic acyclic compounds	Organic oxygen compounds
C00085	Fructose 6-phosphate	69507.0	15946	OCC(=O)[C@@H](O)[C@H](O)[C@H](O)COP(O)(O)=O	Organic compounds	Organic oxygen compounds	Organooxygen compounds	Carbohydrates and carbohydrate conjugates	Aliphatic acyclic compounds	Organic oxygen compounds
C00086	Urea	1176.0	16199	NC(N)=O	Organic compounds	Organic acids and derivatives	Organic carbonic acids and derivatives	Organic carbonic acids and derivatives	Aliphatic acyclic compounds	Other organic acids
C00088	Nitrite	24529.0	25567	ON=O	Organic compounds	Organic nitrogen compounds	Organonitrogen compounds	Organic nitroso compounds	Acyclic compounds	Organic nitrogen compounds
C00089	Sucrose	5988.0	17992	OC[C@H]1O[C@@](CO)(O[C@H]2O[C@H](CO)[C@@H](O)[C@H](O)[C@H]2O)[C@@H](O)[C@@H]1O	Organic compounds	Organic oxygen compounds	Organooxygen compounds	Ethers	Aliphatic heteromonocyclic compounds	Organic oxygen compounds
C00091	Succinyl-CoA	92133.0	15380	CC(C)(COP(O)(=O)OP(O)(=O)OC[C@H]1O[C@H]([C@H](O)[C@@H]1OP(O)(O)=O)N1C=NC2=C1N=CN=C2N)[C@@H](O)C(=O)NCCC(=O)NCCSC(=O)CCC(O)=O	Organic compounds	Lipids and lipid-like molecules	Fatty Acyls	Fatty acyl thioesters	Aromatic heteropolycyclic compounds	Lipid-like molecules
C00092	Glucose 6-phosphate	5958.0	4170	OC1O[C@H](COP(O)(O)=O)[C@@H](O)[C@H](O)[C@H]1O	Organic compounds	Organic oxygen compounds	Organooxygen compounds	Carbohydrates and carbohydrate conjugates	Aliphatic heteromonocyclic compounds	Organic oxygen compounds
C00093	Glycerol 3-phosphate	439162.0	15978	OC[C@@H](O)COP(O)(O)=O	Organic compounds	Lipids and lipid-like molecules	Glycerophospholipids	Glycerophosphates	Aliphatic acyclic compounds	Lipid-like molecules
C00094	Sulfite	1100.0	48854	OS(O)=O	Organic compounds	Organic oxygen compounds	Organic oxides	Organic oxides	Acyclic compounds	Organic oxygen compounds
C00095	D-Fructose	439709.0	28645	OC[C@H]1O[C@](O)(CO)[C@@H](O)[C@@H]1O	Organic compounds	Organic oxygen compounds	Organooxygen compounds	Carbohydrates and carbohydrate conjugates	Aliphatic heteromonocyclic compounds	Organic oxygen compounds
C00096	Guanosine diphosphate mannose	18396.0	15820	NC1=NC2=C(N=CN2[C@@H]2O[C@H](COP(O)(=O)OP(O)(=O)O[C@H]3O[C@H](CO)[C@@H](O)[C@H](O)[C@@H]3O)[C@@H](O)[C@H]2O)C(=O)N1	Organic compounds	Organic oxygen compounds	Organooxygen compounds	Carbohydrates and carbohydrate conjugates	Aromatic heteropolycyclic compounds	Organic oxygen compounds
C00097	L-Cysteine	5862.0	17561	N[C@@H](CS)C(O)=O	Organic compounds	Organic acids and derivatives	Carboxylic acids and derivatives	Amino acids, peptides, and analogues	Aliphatic acyclic compounds	Amino acids
C00099	beta-Alanine	239.0	16958	NCCC(O)=O	Organic compounds	Organic acids and derivatives	Carboxylic acids and derivatives	Amino acids, peptides, and analogues	Aliphatic acyclic compounds	Amino acids
C00100	Propionyl-CoA	92753.0	15539	CCC(=O)SCCNC(=O)CCNC(=O)[C@H](O)C(C)(C)COP(O)(=O)OP(O)(=O)OC[C@H]1O[C@H]([C@H](O)[C@@H]1OP(O)(O)=O)N1C=NC2=C1N=CN=C2N	Organic compounds	Lipids and lipid-like molecules	Fatty Acyls	Fatty acyl thioesters	Aromatic heteropolycyclic compounds	Lipid-like molecules
C00101	Tetrahydrofolic acid	91443.0	20506	NC1=NC(=O)C2=C(NC[C@H](CNC3=CC=C(C=C3)C(=O)NC(CCC(O)=O)C(O)=O)N2)N1	Organic compounds	Organic acids and derivatives	Carboxylic acids and derivatives	Amino acids, peptides, and analogues	Aromatic heteropolycyclic compounds	Amino acids
C00103	Glucose 1-phosphate	65533.0	29042	OC[C@H]1O[C@H](OP(O)(O)=O)[C@H](O)[C@@H](O)[C@@H]1O	Organic compounds	Organic acids and derivatives	Organic phosphoric acids and derivatives	Phosphate esters	Aliphatic heteromonocyclic compounds	Other organic acids
C00104	IDP	644173.0	17808	O[C@@H]1[C@@H](COP(O)(=O)OP(O)(O)=O)OC([C@@H]1O)N1C=NC2=C1NC=NC2=O	Organic compounds	Nucleosides, nucleotides, and analogues	Purine nucleotides	Purine ribonucleotides	Aromatic heteropolycyclic compounds	Nucleotides/nucleosides
C00105	Uridine 5'-monophosphate	6030.0	16695	O[C@H]1[C@@H](O)[C@@H](O[C@@H]1COP(O)(O)=O)N1C=CC(=O)NC1=O	Organic compounds	Nucleosides, nucleotides, and analogues	Pyrimidine nucleotides	Pyrimidine ribonucleotides	Aromatic heteromonocyclic compounds	Nucleotides/nucleosides
C00106	Uracil	1174.0	17568	O=C1NC=CC(=O)N1	Organic compounds	Organoheterocyclic compounds	Diazines	Pyrimidines and pyrimidine derivatives	Aromatic heteromonocyclic compounds	Organoheterocyclic compounds
C00108	2-Aminobenzoic acid	227.0	30754	NC1=CC=CC=C1C(O)=O	Organic compounds	Benzenoids	Benzene and substituted derivatives	Benzoic acids and derivatives	Aromatic homomonocyclic compounds	Benzenoids
C00109	2-Ketobutyric acid	58.0	30831	CCC(=O)C(O)=O	Organic compounds	Organic acids and derivatives	Keto acids and derivatives	Short-chain keto acids and derivatives	Aliphatic acyclic compounds	Keto / hydroxy acids
C00111	Dihydroxyacetone phosphate	668.0	16108	OCC(=O)COP(O)(O)=O	Organic compounds	Organic oxygen compounds	Organooxygen compounds	Carbonyl compounds	Aliphatic acyclic compounds	Organic oxygen compounds
C00112	CDP	6132.0	17239	NC1=NC(=O)N(C=C1)[C@@H]1O[C@H](COP(O)(=O)OP(O)(O)=O)[C@@H](O)[C@H]1O	Organic compounds	Nucleosides, nucleotides, and analogues	Pyrimidine nucleotides	Pyrimidine ribonucleotides	Aromatic heteromonocyclic compounds	Nucleotides/nucleosides
C00114	Choline	305.0	15354	C[N+](C)(C)CCO	Organic compounds	Organic nitrogen compounds	Organonitrogen compounds	Quaternary ammonium salts	Aliphatic acyclic compounds	Organic nitrogen compounds
C00116	Glycerol	753.0	17754	OCC(O)CO	Organic compounds	Organic oxygen compounds	Organooxygen compounds	Alcohols and polyols	Aliphatic acyclic compounds	Organic oxygen compounds
C00117	D-Ribose 5-phosphate	440101.0	18189	O[C@H]1O[C@H](COP(O)(O)=O)[C@@H](O)[C@H]1O	Organic compounds	Organic oxygen compounds	Organooxygen compounds	Carbohydrates and carbohydrate conjugates	Aliphatic heteromonocyclic compounds	Organic oxygen compounds
C00118	Glyceraldehyde 3-phosphate	439168.0	29052	O[C@H](COP(O)(O)=O)C=O	Organic compounds	Organic oxygen compounds	Organooxygen compounds	Carbohydrates and carbohydrate conjugates	Aliphatic acyclic compounds	Organic oxygen compounds
C00119	Phosphoribosyl pyrophosphate	7339.0	17111	O[C@H]1[C@@H](O)[C@@H](OP(O)(=O)OP(O)(O)=O)O[C@@H]1COP(O)(O)=O	Organic compounds	Organic oxygen compounds	Organooxygen compounds	Carbohydrates and carbohydrate conjugates	Aliphatic heteromonocyclic compounds	Organic oxygen compounds
C00120	Biotin	171548.0	15956	[H][C@]12CS[C@@H](CCCCC(O)=O)[C@@]1([H])NC(=O)N2	Organic compounds	Organoheterocyclic compounds	Biotin and derivatives	Biotin and derivatives	Aliphatic heteropolycyclic compounds	Organoheterocyclic compounds
C00121	D-Ribose	5779.0	47013	OC[C@H]1OC(O)[C@H](O)[C@@H]1O	Organic compounds	Organic oxygen compounds	Organooxygen compounds	Carbohydrates and carbohydrate conjugates	Aliphatic heteromonocyclic compounds	Organic oxygen compounds
C00122	Fumaric acid	444972.0	18012	OC(=O)\C=C\C(O)=O	Organic compounds	Organic acids and derivatives	Carboxylic acids and derivatives	Dicarboxylic acids and derivatives	Aliphatic acyclic compounds	Carboxylic acids
C00123	Leucine	6106.0	15603	CC(C)C[C@H](N)C(O)=O	Organic compounds	Organic acids and derivatives	Carboxylic acids and derivatives	Amino acids, peptides, and analogues	Aliphatic acyclic compounds	Amino acids
C00124	D-Galactose	439357.0	28061	OC[C@H]1O[C@H](O)[C@H](O)[C@@H](O)[C@H]1O	Organic compounds	Organic oxygen compounds	Organooxygen compounds	Carbohydrates and carbohydrate conjugates	Aliphatic heteromonocyclic compounds	Organic oxygen compounds
C00125										Unknown
C00126										Unknown
C00127	Oxidized glutathione	65359.0	17858	N[C@@H](CCC(=O)N[C@@H](CSSC[C@H](NC(=O)CC[C@H](N)C(O)=O)C(=O)NCC(O)=O)C(=O)NCC(O)=O)C(O)=O	Organic compounds	Organic acids and derivatives	Carboxylic acids and derivatives	Amino acids, peptides, and analogues	Aliphatic acyclic compounds	Amino acids
C00129	Isopentenyl pyrophosphate	1195.0	16584	CC(=C)CCOP(O)(=O)OP(O)(O)=O	Organic compounds	Lipids and lipid-like molecules	Prenol lipids	Isoprenoid phosphates	Aliphatic acyclic compounds	Lipid-like molecules
C00130	Inosinic acid	8582.0	17202	O[C@@H]1[C@@H](COP(O)(O)=O)O[C@H]([C@@H]1O)N1C=NC2=C1N=CNC2=O	Organic compounds	Nucleosides, nucleotides, and analogues	Purine nucleotides	Purine ribonucleotides	Aromatic heteropolycyclic compounds	Nucleotides/nucleosides
C00131	Deoxyadenosine triphosphate	15993.0	16284	NC1=NC=NC2=C1N=CN2[C@H]1C[C@H](O)[C@@H](COP(O)(=O)OP(O)(=O)OP(O)(O)=O)O1	Organic compounds	Organic oxygen compounds	Organooxygen compounds	Carbohydrates and carbohydrate conjugates	Aromatic heteropolycyclic compounds	Organic oxygen compounds
C00132	Methanol	887.0	17790	CO	Organic compounds	Organic oxygen compounds	Organooxygen compounds	Alcohols and polyols	Aliphatic acyclic compounds	Organic oxygen compounds
C00133	D-Alanine	71080.0	15570	C[C@@H](N)C(O)=O	Organic compounds	Organic acids and derivatives	Carboxylic acids and derivatives	Amino acids, peptides, and analogues	Aliphatic acyclic compounds	Amino acids
C00134	Putrescine	1045.0	17148	NCCCCN	Organic compounds	Organic nitrogen compounds	Organonitrogen compounds	Organonitrogen compounds	Aliphatic acyclic compounds	Organic nitrogen compounds
C00135	Histidine	6274.0	15971	N[C@@H](CC1=CN=CN1)C(O)=O	Organic compounds	Organic acids and derivatives	Carboxylic acids and derivatives	Amino acids, peptides, and analogues	Aromatic heteromonocyclic compounds	Amino acids
C00136	Butyryl-CoA	265.0	57371	CCCC(=O)SCCNC(=O)CCNC(=O)C(O)C(C)(C)COP(O)(=O)OP(O)(=O)OCC1OC(C(O)C1OP(O)(O)=O)N1C=NC2=C1N=CN=C2N	Organic compounds	Lipids and lipid-like molecules	Fatty Acyls	Fatty acyl thioesters	Aromatic heteropolycyclic compounds	Lipid-like molecules
C00137	myo-Inositol		17268	O[C@H]1[C@H](O)[C@@H](O)[C@H](O)[C@H](O)[C@@H]1O	Organic compounds	Organic oxygen compounds	Organooxygen compounds	Alcohols and polyols	Aliphatic homomonocyclic compounds	Organic oxygen compounds
C00138										Unknown
C00139										Unknown
C00140	N-Acetyl-D-glucosamine	439174.0	506227	CC(=O)N[C@H]1C(O)O[C@H](CO)[C@@H](O)[C@@H]1O	Organic compounds	Organic oxygen compounds	Organooxygen compounds	Carbohydrates and carbohydrate conjugates	Aliphatic heteromonocyclic compounds	Organic oxygen compounds
C00141	alpha-Ketoisovaleric acid	49.0	16530	CC(C)C(=O)C(O)=O	Organic compounds	Organic acids and derivatives	Keto acids and derivatives	Short-chain keto acids and derivatives	Aliphatic acyclic compounds	Keto / hydroxy acids
C00143	5,10-Methylene-THF	439175.0	15636	[H][C@@]12CN(CN1C1=C(NC2)N=C(N)NC1=O)C1=CC=C(C=C1)C(=O)NC(CCC(O)=O)C(O)=O	Organic compounds	Organic acids and derivatives	Carboxylic acids and derivatives	Amino acids, peptides, and analogues	Aromatic heteropolycyclic compounds	Amino acids
C00144	Guanosine monophosphate	6804.0	17345	NC1=NC2=C(N=CN2[C@@H]2O[C@H](COP(O)(O)=O)[C@@H](O)[C@H]2O)C(=O)N1	Organic compounds	Nucleosides, nucleotides, and analogues	Purine nucleotides	Purine ribonucleotides	Aromatic heteropolycyclic compounds	Nucleotides/nucleosides
C00145										Unknown
C00146	Phenol	996.0	15882	OC1=CC=CC=C1	Organic compounds	Benzenoids	Phenols	1-hydroxy-2-unsubstituted benzenoids	Aromatic homomonocyclic compounds	Benzenoids
C00147	Adenine	190.0	16708	NC1=C2NC=NC2=NC=N1	Organic compounds	Organoheterocyclic compounds	Imidazopyrimidines	Purines and purine derivatives	Aromatic heteropolycyclic compounds	Organoheterocyclic compounds
C00148	Proline	145742.0	17203	OC(=O)[C@@H]1CCCN1	Organic compounds	Organic acids and derivatives	Carboxylic acids and derivatives	Amino acids, peptides, and analogues	Aliphatic heteromonocyclic compounds	Amino acids
C00149	Malic acid	222656.0	30797	O[C@@H](CC(O)=O)C(O)=O	Organic compounds	Organic acids and derivatives	Hydroxy acids and derivatives	Beta hydroxy acids and derivatives	Aliphatic acyclic compounds	Keto / hydroxy acids
C00151	α-amino acid		15705	N[C@@H]([*])C(O)=O	Organic compounds	Organic acids and derivatives	Carboxylic acids and derivatives	Amino acids, peptides, and analogues	Aliphatic acyclic compounds	Amino acids
C00152	L-Asparagine	6267.0	17196	N[C@@H](CC(N)=O)C(O)=O	Organic compounds	Organic acids and derivatives	Carboxylic acids and derivatives	Amino acids, peptides, and analogues	Aliphatic acyclic compounds	Amino acids
C00153	Niacinamide	936.0	17154	NC(=O)C1=CC=CN=C1	Organic compounds	Organoheterocyclic compounds	Pyridines and derivatives	Pyridinecarboxylic acids and derivatives	Aromatic heteromonocyclic compounds	Organoheterocyclic compounds
C00154	Palmityl-CoA	644109.0	15525	CCCCCCCCCCCCCCCC(=O)SCCNC(=O)CCNC(=O)[C@H](O)C(C)(C)COP(O)(=O)OP(O)(=O)OC[C@H]1O[C@H]([C@H](O)[C@@H]1OP(O)(O)=O)N1C=NC2=C1N=CN=C2N	Organic compounds	Lipids and lipid-like molecules	Fatty Acyls	Fatty acyl thioesters	Aromatic heteropolycyclic compounds	Lipid-like molecules
C00155	Homocysteine	91552.0	17588	N[C@@H](CCS)C(O)=O	Organic compounds	Organic acids and derivatives	Carboxylic acids and derivatives	Amino acids, peptides, and analogues	Aliphatic acyclic compounds	Amino acids
C00156	4-Hydroxybenzoic acid	135.0	30763	OC(=O)C1=CC=C(O)C=C1	Organic compounds	Benzenoids	Benzene and substituted derivatives	Benzoic acids and derivatives	Aromatic homomonocyclic compounds	Benzenoids
C00157	PC(32:0)	452110.0	72999	[H][C@@](COC(=O)CCCCCCCCCCCCCCC)(COP([O-])(=O)OCC[N+](C)(C)C)OC(=O)CCCCCCCCCCCCCCC	Organic compounds	Lipids and lipid-like molecules	Glycerophospholipids	Glycerophosphocholines	Aliphatic acyclic compounds	Lipid-like molecules
C00158	Citric acid	311.0	30769	OC(=O)CC(O)(CC(O)=O)C(O)=O	Organic compounds	Organic acids and derivatives	Carboxylic acids and derivatives	Tricarboxylic acids and derivatives	Aliphatic acyclic compounds	Carboxylic acids
C00159	D-Mannose	185698.0	28729	OC[C@H]1O[C@H](O)[C@@H](O)[C@@H](O)[C@@H]1O	Organic compounds	Organic oxygen compounds	Organooxygen compounds	Carbohydrates and carbohydrate conjugates	Aliphatic heteromonocyclic compounds	Organic oxygen compounds
C00160	Glycolate	3460.0	17497 29805							Unknown
C00161	2-Oxo acid		35910	OC(=O)C([*])=O	Organic compounds	Organic acids and derivatives	Carboxylic acids and derivatives	Carboxylic acids	Aliphatic acyclic compounds	Carboxylic acids
C00162	Fatty acid		35366							Unknown
C00163	Propionic acid	1032.0	30768	CCC(O)=O	Organic compounds	Organic acids and derivatives	Carboxylic acids and derivatives	Carboxylic acids	Aliphatic acyclic compounds	Carboxylic acids
C00164	Acetoacetic acid	96.0	15344	CC(=O)CC(O)=O	Organic compounds	Organic acids and derivatives	Keto acids and derivatives	Short-chain keto acids and derivatives	Aliphatic acyclic compounds	Keto / hydroxy acids
C00165	DG(16:0/16:0)	644078.0	82929	[H][C@](CO)(COC(=O)CCCCCCCCCCCCCCC)OC(=O)CCCCCCCCCCCCCCC	Organic compounds	Lipids and lipid-like molecules	Glycerolipids	Diradylglycerols	Aliphatic acyclic compounds	Lipid-like molecules
C00166	Phenylpyruvic acid	997.0	30851	OC(=O)C(=O)CC1=CC=CC=C1	Organic compounds	Benzenoids	Benzene and substituted derivatives	Phenylpyruvic acid derivatives	Aromatic homomonocyclic compounds	Benzenoids
C00167	Uridine diphosphate glucuronic acid	17473.0	17200	O[C@@H]1[C@@H](COP(O)(=O)OP(O)(=O)O[C@H]2O[C@@H]([C@@H](O)[C@H](O)[C@H]2O)C(O)=O)O[C@H]([C@@H]1O)N1C=CC(=O)NC1=O	Organic compounds	Nucleosides, nucleotides, and analogues	Pyrimidine nucleotides	Pyrimidine ribonucleotides	Aromatic heteromonocyclic compounds	Nucleotides/nucleosides
C00168	Hydroxypyruvic acid	964.0	30841	OCC(=O)C(O)=O	Organic compounds	Organic acids and derivatives	Hydroxy acids and derivatives	Beta hydroxy acids and derivatives	Aliphatic acyclic compounds	Keto / hydroxy acids
C00169	Carbamoyl phosphate	278.0	17672	NC(=O)OP(O)(O)=O	Organic compounds	Organic acids and derivatives	Organic phosphoric acids and derivatives	Organic phosphoric acids and derivatives	Aliphatic acyclic compounds	Other organic acids
C00170	5'-Methylthioadenosine	439176.0	17509	CSC[C@H]1O[C@H]([C@H](O)[C@@H]1O)N1C=NC2=C1N=CN=C2N	Organic compounds	Nucleosides, nucleotides, and analogues	5'-deoxyribonucleosides	5'-deoxy-5'-thionucleosides	Aromatic heteropolycyclic compounds	Nucleotides/nucleosides
C00173	Acyl-[acyl-carrier protein]		16018							Unknown
C00175	Cobalt	104729.0	48828	[Co++]	Organic compounds	Organic cations		Organic cations	Acyclic compounds	Other
C00177	Cyanide	5975.0	17514	C#[N-]	Organic compounds	Organic nitrogen compounds	Organonitrogen compounds	Organic cyanides	Aliphatic acyclic compounds	Organic nitrogen compounds
C00178	Thymine	1135.0	17821	CC1=CNC(=O)NC1=O	Organic compounds	Organoheterocyclic compounds	Diazines	Pyrimidines and pyrimidine derivatives	Aromatic heteromonocyclic compounds	Organoheterocyclic compounds
C00179	Agmatine	199.0	17431	NCCCCNC(N)=N	Organic compounds	Organic nitrogen compounds	Organonitrogen compounds	Guanidines	Aliphatic acyclic compounds	Organic nitrogen compounds
C00180	Benzoic acid	243.0	30746	OC(=O)C1=CC=CC=C1	Organic compounds	Benzenoids	Benzene and substituted derivatives	Benzoic acids and derivatives	Aromatic homomonocyclic compounds	Benzenoids
C00181	D-Xylose	135191.0	53455	O[C@@H]1COC(O)[C@H](O)[C@H]1O	Organic compounds	Organic oxygen compounds	Organooxygen compounds	Carbohydrates and carbohydrate conjugates	Aliphatic heteromonocyclic compounds	Organic oxygen compounds
C00182	Glycogen	439177.0	28087	OC[C@H]1O[C@H](OC[C@H]2O[C@H](O[C@H]3[C@H](O)[C@@H](O)[C@@H](O)O[C@@H]3CO)[C@H](O)[C@@H](O)[C@@H]2O[C@H]2O[C@H](CO)[C@@H](O)[C@H](O)[C@H]2O)[C@H](O)[C@@H](O)[C@@H]1O	Organic compounds	Organic oxygen compounds	Organooxygen compounds	Carbohydrates and carbohydrate conjugates	Aliphatic heteromonocyclic compounds	Organic oxygen compounds
C00183	L-Valine	6287.0	16414	CC(C)[C@H](N)C(O)=O	Organic compounds	Organic acids and derivatives	Carboxylic acids and derivatives	Amino acids, peptides, and analogues	Aliphatic acyclic compounds	Amino acids
C00184	Dihydroxyacetone	670.0	16016	OCC(=O)CO	Organic compounds	Organic oxygen compounds	Organooxygen compounds	Carbohydrates and carbohydrate conjugates	Aliphatic acyclic compounds	Organic oxygen compounds
C00185	Cellobiose	10712.0	36217	OC[C@H]1O[C@@H](O[C@H]2[C@H](O)[C@@H](O)[C@H](O)O[C@@H]2CO)[C@H](O)[C@@H](O)[C@@H]1O	Organic compounds	Organic oxygen compounds	Organooxygen compounds	Carbohydrates and carbohydrate conjugates	Aliphatic heteromonocyclic compounds	Organic oxygen compounds
C00186	Lactic acid	107689.0	422	C[C@H](O)C(O)=O	Organic compounds	Organic acids and derivatives	Hydroxy acids and derivatives	Alpha hydroxy acids and derivatives	Aliphatic acyclic compounds	Keto / hydroxy acids
C00188	L-Threonine	6288.0	16857	C[C@@H](O)[C@H](N)C(O)=O	Organic compounds	Organic acids and derivatives	Carboxylic acids and derivatives	Amino acids, peptides, and analogues	Aliphatic acyclic compounds	Amino acids
C00189	Ethanolamine	700.0	16000	NCCO	Organic compounds	Organic nitrogen compounds	Organonitrogen compounds	Amines	Aliphatic acyclic compounds	Organic nitrogen compounds
C00191	D-Glucuronic acid	444791.0	42717	O[C@H]1O[C@@H]([C@@H](O)[C@H](O)[C@H]1O)C(O)=O	Organic compounds	Organic oxygen compounds	Organooxygen compounds	Carbohydrates and carbohydrate conjugates	Aliphatic heteromonocyclic compounds	Organic oxygen compounds
C00192	Hydroxylamine	787.0	15429	NO	Organic compounds	Organic nitrogen compounds		Organic nitrogen compounds	Acyclic compounds	Organic nitrogen compounds
C00194	Adenosylcobalamin		18408	[C@H]1(C[Co-3]2345[N+]6=C7C(C)=C8N2[C@]([H])([C@H](CC(=O)N)[C@]8(CCC(=O)NC[C@@H](C)OP([O-])(=O)O[C@@H]2[C@@H](CO)O[C@H](N8C=[N+]3C3=CC(C)=C(C)C=C83)[C@@H]2O)C)[C@@]2(C)[C@@](CC(=O)N)([C@H](CCC(=O)N)C(C(C)=C3[N+]4=C(C=C6C([C@@H]7CCC(=O)N)(C)C)[C@@H](CCC(=O)N)[C@@]3(CC(=O)N)C)=[N+]52)C)O[C@@H](N2C3=NC=NC(=C3N=C2)N)[C@H](O)[C@@H]1O	Organic compounds	Organoheterocyclic compounds	Tetrapyrroles and derivatives	Corrinoids	Aromatic heteropolycyclic compounds	Organoheterocyclic compounds
C00196	2-Pyrocatechuic acid	19.0	18026	OC(=O)C1=C(O)C(O)=CC=C1	Organic compounds	Benzenoids	Benzene and substituted derivatives	Benzoic acids and derivatives	Aromatic homomonocyclic compounds	Benzenoids
C00197	D-Glycerate 3-phosphate	439183.0	17794	O[C@H](COP(O)(O)=O)C(O)=O	Organic compounds	Organic oxygen compounds	Organooxygen compounds	Carbohydrates and carbohydrate conjugates	Aliphatic acyclic compounds	Organic oxygen compounds
C00198	Gluconolactone	7027.0	16217	OC[C@H]1OC(=O)[C@H](O)[C@@H](O)[C@@H]1O	Organic compounds	Organic oxygen compounds	Organooxygen compounds	Carbohydrates and carbohydrate conjugates	Aliphatic heteromonocyclic compounds	Organic oxygen compounds
C00199	D-Ribulose 5-phosphate	439184.0	17363	OCC(=O)[C@H](O)[C@H](O)COP(O)(O)=O	Organic compounds	Organic oxygen compounds	Organooxygen compounds	Carbohydrates and carbohydrate conjugates	Aliphatic acyclic compounds	Organic oxygen compounds
C00201										Unknown
C00203	Uridine diphosphate-N-acetylgalactosamine	1167.0		CC(O)=NC1C(OP(O)(=O)OP(O)(=O)OCC2OC(C(O)C2O)N2C=CC(O)=NC2=O)OC(CO)C(O)C1O	Organic compounds	Organic oxygen compounds	Organooxygen compounds	Carbohydrates and carbohydrate conjugates	Aromatic heteromonocyclic compounds	Organic oxygen compounds
C00204	2-dehydro-3-deoxy-D-gluconic acid	161227.0	17032	O=C(O)C(=O)C(O)(O)CO	Organic compounds	Organic acids and derivatives	Keto acids and derivatives	Short-chain keto acids and derivatives	Aliphatic acyclic compounds	Keto / hydroxy acids
C00206	dADP	188966.0	16174	NC1=NC=NC2=C1N=CN2[C@H]1C[C@H](O)[C@@H](COP(O)(=O)OP(O)(O)=O)O1	Organic compounds	Nucleosides, nucleotides, and analogues	Purine nucleotides	Purine deoxyribonucleotides	Aromatic heteropolycyclic compounds	Nucleotides/nucleosides
C00208	D-Maltose	10991489.0	47937	OC[C@H]1O[C@H](O[C@H]2[C@H](O)[C@H](O)[C@@H](O)O[C@@H]2CO)[C@H](O)[C@@H](O)[C@@H]1O	Organic compounds	Organic oxygen compounds	Organooxygen compounds	Carbohydrates and carbohydrate conjugates	Aliphatic heteromonocyclic compounds	Organic oxygen compounds
C00209	Oxalic acid	971.0	16995	OC(=O)C(O)=O	Organic compounds	Organic acids and derivatives	Carboxylic acids and derivatives	Dicarboxylic acids and derivatives	Aliphatic acyclic compounds	Carboxylic acids
C00212	Adenosine	60961.0	16335	NC1=C2N=CN([C@@H]3O[C@H](CO)[C@@H](O)[C@H]3O)C2=NC=N1	Organic compounds	Nucleosides, nucleotides, and analogues	Purine nucleosides	Purine nucleosides	Aromatic heteropolycyclic compounds	Nucleotides/nucleosides
C00213	Sarcosine	1088.0	15611	CNCC(O)=O	Organic compounds	Organic acids and derivatives	Carboxylic acids and derivatives	Amino acids, peptides, and analogues	Aliphatic acyclic compounds	Amino acids
C00214	Thymidine	5789.0	17748	CC1=CN([C@H]2C[C@H](O)[C@@H](CO)O2)C(=O)NC1=O	Organic compounds	Nucleosides, nucleotides, and analogues	Pyrimidine nucleosides	Pyrimidine nucleosides	Aromatic heteromonocyclic compounds	Nucleotides/nucleosides
C00216	D-Arabinose	444173.0	46996	O[C@@H]1CO[C@@H](O)[C@@H](O)[C@@H]1O	Organic compounds	Organic oxygen compounds	Organooxygen compounds	Carbohydrates and carbohydrate conjugates	Aliphatic heteromonocyclic compounds	Organic oxygen compounds
C00217	D-Glutamic acid	23327.0	15966	N[C@H](CCC(O)=O)C(O)=O	Organic compounds	Organic acids and derivatives	Carboxylic acids and derivatives	Amino acids, peptides, and analogues	Aliphatic acyclic compounds	Amino acids
C00218	Methylamine	6329.0	16830	CN	Organic compounds	Organic nitrogen compounds	Organonitrogen compounds	Organonitrogen compounds	Aliphatic acyclic compounds	Organic nitrogen compounds
C00219	Arachidonic acid	444899.0	15843	CCCCC\C=C/C\C=C/C\C=C/C\C=C/CCCC(O)=O	Organic compounds	Lipids and lipid-like molecules	Fatty Acyls	Fatty acids and conjugates	Aliphatic acyclic compounds	Lipid-like molecules
C00221	beta-D-Glucose									Unknown
C00222	Malonic semialdehyde	868.0	17960	OC(=O)CC=O	Organic compounds	Organic oxygen compounds	Organooxygen compounds	Carbonyl compounds	Aliphatic acyclic compounds	Organic oxygen compounds
C00224	Adenosine phosphosulfate	10238.0	17709	NC1=NC=NC2=C1N=CN2[C@@H]1O[C@H](COP(O)(=O)OS(O)(=O)=O)[C@@H](O)[C@H]1O	Organic compounds	Nucleosides, nucleotides, and analogues	Purine nucleotides	Purine ribonucleotides	Aromatic heteropolycyclic compounds	Nucleotides/nucleosides
C00226	Primary alcohol		15734							Unknown
C00227	Acetylphosphate	186.0	15350	CC(=O)OP(O)(O)=O	Organic compounds	Organic acids and derivatives	Organic phosphoric acids and derivatives	Phosphate esters	Aliphatic acyclic compounds	Other organic acids
C00229	Acyl-carrier protein		18359							Unknown
C00231	Xylulose 5-phosphate	439190.0	16332	OCC(=O)[C@@H](O)[C@H](O)COP(O)(O)=O	Organic compounds	Organic oxygen compounds	Organooxygen compounds	Carbohydrates and carbohydrate conjugates	Aliphatic acyclic compounds	Organic oxygen compounds
C00232	Succinic acid semialdehyde	1112.0	16265	OC(=O)CCC=O	Organic compounds	Lipids and lipid-like molecules	Fatty Acyls	Fatty acids and conjugates	Aliphatic acyclic compounds	Lipid-like molecules
C00233	Ketoleucine	70.0	48430	CC(C)CC(=O)C(O)=O	Organic compounds	Organic acids and derivatives	Keto acids and derivatives	Short-chain keto acids and derivatives	Aliphatic acyclic compounds	Keto / hydroxy acids
C00234	10-Formyltetrahydrofolate	122347.0	15637	NC1=NC(=O)C2=C(NCC(CN(C=O)C3=CC=C(C=C3)C(=O)N[C@@H](CCC(O)=O)C(O)=O)N2)N1	Organic compounds	Organic acids and derivatives	Carboxylic acids and derivatives	Amino acids, peptides, and analogues	Aromatic heteropolycyclic compounds	Amino acids
C00235	Dimethylallylpyrophosphate	647.0	16057	CC(C)=CCOP(O)(=O)OP(O)(O)=O	Organic compounds	Organic oxygen compounds	Organic oxoanionic compounds	Organic pyrophosphates	Aliphatic acyclic compounds	Organic oxygen compounds
C00236	Glyceric acid 1,3-biphosphate	439191.0	16001	O[C@H](COP(O)(O)=O)C(=O)OP(O)(O)=O	Organic compounds	Organic acids and derivatives	Organic phosphoric acids and derivatives	Phosphate esters	Aliphatic acyclic compounds	Other organic acids
C00237	Carbon monoxide	281.0	17245	[C-]#[O+]	Organic compounds	Hydrocarbon derivatives		Hydrocarbon derivatives	Aliphatic acyclic compounds	Other
C00238	Potassium	813.0	29103	[K+]	Organic compounds	Organic cations		Organic cations	Acyclic compounds	Other
C00239	dCMP	13945.0	15918	NC1=NC(=O)N(C=C1)[C@H]1C[C@H](O)[C@@H](COP(O)(O)=O)O1	Organic compounds	Nucleosides, nucleotides, and analogues	Pyrimidine nucleotides	Pyrimidine deoxyribonucleotides	Aromatic heteromonocyclic compounds	Nucleotides/nucleosides
C00240										Unknown
C00242	Guanine	764.0	16235	NC1=NC(=O)C2=C(N1)N=CN2	Organic compounds	Organoheterocyclic compounds	Imidazopyrimidines	Purines and purine derivatives	Aromatic heteropolycyclic compounds	Organoheterocyclic compounds
C00243	Alpha-Lactose	84571.0	36219	OC[C@H]1O[C@@H](O[C@H]2[C@H](O)[C@@H](O)[C@@H](O)O[C@@H]2CO)[C@H](O)[C@@H](O)[C@H]1O	Organic compounds	Organic oxygen compounds	Organooxygen compounds	Carbohydrates and carbohydrate conjugates	Aliphatic heteromonocyclic compounds	Organic oxygen compounds
C00244	Nitrate	943.0	17632	[O-][N+]([O-])=O	Organic compounds	Organic oxygen compounds	Organic oxoanionic compounds	Organic nitrates	Acyclic compounds	Organic oxygen compounds
C00245	Taurine	1123.0	15891	NCCS(O)(=O)=O	Organic compounds	Organic acids and derivatives	Organic sulfonic acids and derivatives	Organosulfonic acids and derivatives	Aliphatic acyclic compounds	Other organic acids
C00246	Butyric acid	264.0	30772	CCCC(O)=O	Organic compounds	Lipids and lipid-like molecules	Fatty Acyls	Fatty acids and conjugates	Aliphatic acyclic compounds	Lipid-like molecules
C00248	Lipoamide	863.0	17460	NC(=O)CCCCC1CCSS1	Organic compounds	Organoheterocyclic compounds	Dithiolanes	Lipoamides	Aliphatic heteromonocyclic compounds	Organoheterocyclic compounds
C00249	Palmitic acid	985.0	15756	CCCCCCCCCCCCCCCC(O)=O	Organic compounds	Lipids and lipid-like molecules	Fatty Acyls	Fatty acids and conjugates	Aliphatic acyclic compounds	Lipid-like molecules
C00250	Pyridoxal	1050.0	17310	CC1=NC=C(CO)C(C=O)=C1O	Organic compounds	Organoheterocyclic compounds	Pyridines and derivatives	Pyridine carboxaldehydes	Aromatic heteromonocyclic compounds	Organoheterocyclic compounds
C00251	Chorismate	12039.0	17333	O[C@@H]1C=CC(=C[C@H]1OC(=C)C(O)=O)C(O)=O	Organic compounds	Organic acids and derivatives	Carboxylic acids and derivatives	Dicarboxylic acids and derivatives	Aliphatic homomonocyclic compounds	Carboxylic acids
C00253	Nicotinic acid	938.0	15940	OC(=O)C1=CN=CC=C1	Organic compounds	Organoheterocyclic compounds	Pyridines and derivatives	Pyridinecarboxylic acids and derivatives	Aromatic heteromonocyclic compounds	Organoheterocyclic compounds
C00254	Prephenate	363602639.0	84387	O[C@H]1C=C[C@](CC(=O)C(O)=O)(C=C1)C(O)=O	Organic compounds	Organic acids and derivatives	Keto acids and derivatives	Gamma-keto acids and derivatives	Aliphatic homomonocyclic compounds	Keto / hydroxy acids
C00255	Riboflavin	493570.0	17015	CC1=C(C)C=C2N(C[C@H](O)[C@H](O)[C@H](O)CO)C3=NC(=O)NC(=O)C3=NC2=C1	Organic compounds	Organoheterocyclic compounds	Pteridines and derivatives	Alloxazines and isoalloxazines	Aromatic heteropolycyclic compounds	Organoheterocyclic compounds
C00256	D-Lactic acid	61503.0	42111	C[C@@H](O)C(O)=O	Organic compounds	Organic acids and derivatives	Hydroxy acids and derivatives	Alpha hydroxy acids and derivatives	Aliphatic acyclic compounds	Keto / hydroxy acids
C00257	Gluconic acid	10690.0	33198	OC[C@@H](O)[C@@H](O)[C@H](O)[C@@H](O)C(O)=O	Organic compounds	Organic acids and derivatives	Hydroxy acids and derivatives	Medium-chain hydroxy acids and derivatives	Aliphatic acyclic compounds	Keto / hydroxy acids
C00258	Glyceric acid	439194.0	32398	OC[C@@H](O)C(O)=O	Organic compounds	Organic oxygen compounds	Organooxygen compounds	Carbohydrates and carbohydrate conjugates	Aliphatic acyclic compounds	Organic oxygen compounds
C00259	L-Arabinose	439764.0	40886	O[C@H]1CO[C@H](O)[C@H](O)[C@H]1O	Organic compounds	Organic oxygen compounds	Organooxygen compounds	Carbohydrates and carbohydrate conjugates	Aliphatic heteromonocyclic compounds	Organic oxygen compounds
C00262	Hypoxanthine	790.0	17368	OC1=NC=NC2=C1NC=N2	Organic compounds	Organoheterocyclic compounds	Imidazopyrimidines	Purines and purine derivatives	Aromatic heteropolycyclic compounds	Organoheterocyclic compounds
C00263	L-Homoserine	12647.0	15699	N[C@@H](CCO)C(O)=O	Organic compounds	Organic acids and derivatives	Carboxylic acids and derivatives	Amino acids, peptides, and analogues	Aliphatic acyclic compounds	Amino acids
C00266	Glycolaldehyde	756.0	17071	OCC=O	Organic compounds	Organic oxygen compounds	Organooxygen compounds	Carbonyl compounds	Aliphatic acyclic compounds	Organic oxygen compounds
C00267	alpha-D-Glucose	79025.0	17925	OC[C@H]1O[C@H](O)[C@H](O)[C@@H](O)[C@@H]1O	Organic compounds	Organic oxygen compounds	Organooxygen compounds	Carbohydrates and carbohydrate conjugates	Aliphatic heteromonocyclic compounds	Organic oxygen compounds
C00269	CDP-diacylglycerol		17962							Unknown
C00270	N-Acetylneuraminate	3568.0	17012							Unknown
C00272	Tetrahydrobiopterin	44257.0	59560	[H][C@@]1(CNC2=C(N1)C(=O)N=C(N)N2)[C@@H](O)[C@H](C)O	Organic compounds	Organoheterocyclic compounds	Pteridines and derivatives	Pterins and derivatives	Aromatic heteropolycyclic compounds	Organoheterocyclic compounds
C00275	Mannose 6-phosphate	439198.0	49728	O[C@@H]1O[C@H](COP(O)(O)=O)[C@@H](O)[C@H](O)[C@@H]1O	Organic compounds	Organic oxygen compounds	Organooxygen compounds	Carbohydrates and carbohydrate conjugates	Aliphatic heteromonocyclic compounds	Organic oxygen compounds
C00279	D-Erythrose 4-phosphate	122357.0	48153	O[C@H](COP(O)(O)=O)[C@@H](O)C=O	Organic compounds	Organic acids and derivatives	Organic phosphoric acids and derivatives	Phosphate esters	Aliphatic acyclic compounds	Other organic acids
C00282	Hydrogen	783.0	18276	[H][H]						Unknown
C00283	Hydrogen sulfide	402.0	16136	S						Unknown
C00286	dGTP	65103.0	16497	NC1=NC2=C(N=CN2[C@H]2C[C@H](O)[C@@H](COP(O)(=O)OP(O)(=O)OP(O)(O)=O)O2)C(=O)N1	Organic compounds	Organic oxygen compounds	Organooxygen compounds	Carbohydrates and carbohydrate conjugates	Aromatic heteropolycyclic compounds	Organic oxygen compounds
C00288	Hydrogen carbonate	767.0	28976	OC(O)=O	Organic compounds	Organic acids and derivatives	Organic carbonic acids and derivatives	Organic carbonic acids	Aliphatic acyclic compounds	Other organic acids
C00294	Inosine	6021.0	17596	OC[C@H]1O[C@H]([C@H](O)[C@@H]1O)N1C=NC2=C(O)N=CN=C12	Organic compounds	Nucleosides, nucleotides, and analogues	Purine nucleosides	Purine nucleosides	Aromatic heteropolycyclic compounds	Nucleotides/nucleosides
C00295	Orotic acid	967.0	16742	OC(=O)C1=CC(=O)NC(=O)N1	Organic compounds	Organoheterocyclic compounds	Diazines	Pyrimidines and pyrimidine derivatives	Aromatic heteromonocyclic compounds	Organoheterocyclic compounds
C00296	Quinic acid	6508.0	17521	O[C@@H]1C[C@@](O)(C[C@@H](O)[C@H]1O)C(O)=O	Organic compounds	Organic oxygen compounds	Organooxygen compounds	Alcohols and polyols	Aliphatic homomonocyclic compounds	Organic oxygen compounds
C00299	Uridine	6029.0	16704	OC[C@H]1O[C@H]([C@H](O)[C@@H]1O)N1C=CC(=O)NC1=O	Organic compounds	Nucleosides, nucleotides, and analogues	Pyrimidine nucleosides	Pyrimidine nucleosides	Aromatic heteromonocyclic compounds	Nucleotides/nucleosides
C00301	Adenosine diphosphate ribose	192.0	16960	NC1=C2N=CN(C3OC(COP(O)(=O)OP(O)(=O)OCC4OC(O)C(O)C4O)C(O)C3O)C2=NC=N1	Organic compounds	Nucleosides, nucleotides, and analogues	Purine nucleotides	Purine ribonucleotides	Aromatic heteropolycyclic compounds	Nucleotides/nucleosides
C00302	DL-Glutamate	611.0	18237	NC(CCC(O)=O)C(O)=O	Organic compounds	Organic acids and derivatives	Carboxylic acids and derivatives	Amino acids, peptides, and analogues	Aliphatic acyclic compounds	Amino acids
C00303	Majoroside F6	131751089.0	28300	CC1OC(OC2C(O)C(O)C(CO)OC2OC2CC3(C)C(CC(O)C4C(CCC34C)C(C)(C\C=C\C(C)(C)O)OC3OC(CO)C(O)C(O)C3O)C3(C)CCC(O)C(C)(C)C23)C(O)C(O)C1O	Organic compounds	Lipids and lipid-like molecules	Steroids and steroid derivatives	Hydroxysteroids	Aliphatic heteropolycyclic compounds	Lipid-like molecules
C00305	Magnesium	888.0	18420	[Mg++]	Organic compounds	Organic cations		Organic cations	Acyclic compounds	Other
C00309	D-Ribulose	12358756.0	17173	OC[C@@]1(O)OC[C@@H](O)[C@H]1O	Organic compounds	Organic oxygen compounds	Organooxygen compounds	Carbohydrates and carbohydrate conjugates	Aliphatic heteromonocyclic compounds	Organic oxygen compounds
C00310	D-Xylulose	12358757.0	17140	OC[C@@]1(O)OC[C@@H](O)[C@@H]1O	Organic compounds	Organic oxygen compounds	Organooxygen compounds	Carbohydrates and carbohydrate conjugates	Aliphatic heteromonocyclic compounds	Organic oxygen compounds
C00311	Isocitric acid	1198.0	30887	OC(C(CC(O)=O)C(O)=O)C(O)=O	Organic compounds	Organic acids and derivatives	Carboxylic acids and derivatives	Tricarboxylic acids and derivatives	Aliphatic acyclic compounds	Carboxylic acids
C00312	L-Xylulose	89810215.0	17399	OC[C@]1(O)OC[C@H](O)[C@H]1O	Organic compounds	Organic oxygen compounds	Organooxygen compounds	Carbohydrates and carbohydrate conjugates	Aliphatic heteromonocyclic compounds	Organic oxygen compounds
C00313	oxalyl-CoA	25201721.0		CC(C)(COP([O-])(=O)OP([O-])(=O)OCC1OC(C(O)C1OP([O-])([O-])=O)N1C=NC2=C1N=CN=C2N)C(O)C(=O)NCCC(=O)NCCSC(=O)C([O-])=O	Organic compounds	Lipids and lipid-like molecules	Fatty Acyls	Fatty acyl thioesters	Aromatic heteropolycyclic compounds	Lipid-like molecules
C00314	Pyridoxine	1054.0	16709	CC1=C(O)C(CO)=C(CO)C=N1	Organic compounds	Organoheterocyclic compounds	Pyridines and derivatives	Pyridoxines	Aromatic heteromonocyclic compounds	Organoheterocyclic compounds
C00315	Spermidine	1102.0	16610	NCCCCNCCCN	Organic compounds	Organic nitrogen compounds	Organonitrogen compounds	Amines	Aliphatic acyclic compounds	Organic nitrogen compounds
C00318										Unknown
C00320	Thiosulfate	1085.0	5587	OS(S)(=O)=O	Organic compounds	Organic oxygen compounds	Organic oxides	Organic oxides	Acyclic compounds	Organic oxygen compounds
C00322	Oxoadipic acid	71.0	15753	OC(=O)CCCC(=O)C(O)=O	Organic compounds	Organic acids and derivatives	Keto acids and derivatives	Medium-chain keto acids and derivatives	Aliphatic acyclic compounds	Keto / hydroxy acids
C00325	GDP-L-fucose	439211.0	17009	C[C@@H]1OC(OP(O)(=O)OP(O)(=O)OC[C@H]2O[C@H]([C@H](O)[C@@H]2O)N2C=NC3=C2N=C(N)NC3=O)[C@@H](O)[C@H](O)[C@@H]1O	Organic compounds	Organic oxygen compounds	Organooxygen compounds	Carbohydrates and carbohydrate conjugates	Aromatic heteropolycyclic compounds	Organic oxygen compounds
C00327	Citrulline	9750.0	16349	N[C@@H](CCCNC(N)=O)C(O)=O	Organic compounds	Organic acids and derivatives	Carboxylic acids and derivatives	Amino acids, peptides, and analogues	Aliphatic acyclic compounds	Amino acids
C00329	Glucosamine	439213.0	47977	N[C@H]1C(O)O[C@H](CO)[C@@H](O)[C@@H]1O	Organic compounds	Organic oxygen compounds	Organooxygen compounds	Carbohydrates and carbohydrate conjugates	Aliphatic heteromonocyclic compounds	Organic oxygen compounds
C00330	Deoxyguanosine	187790.0	17172	NC1=NC2=C(N=CN2[C@H]2C[C@H](O)[C@@H](CO)O2)C(=O)N1	Organic compounds	Nucleosides, nucleotides, and analogues	Purine nucleosides	Purine 2'-deoxyribonucleosides	Aromatic heteropolycyclic compounds	Nucleotides/nucleosides
C00332	Acetoacetyl-CoA	92153.0	15345	CC(=O)CC(=O)SCCNC(=O)CCNC(=O)[C@H](O)C(C)(C)COP(O)(=O)OP(O)(=O)OC[C@H]1O[C@H]([C@H](O)[C@@H]1OP(O)(O)=O)N1C=NC2=C1N=CN=C2N	Organic compounds	Lipids and lipid-like molecules	Fatty Acyls	Fatty acyl thioesters	Aromatic heteropolycyclic compounds	Lipid-like molecules
C00333	Galacturonic acid	84740.0	47962	O[C@@H](C=O)[C@@H](O)[C@@H](O)[C@H](O)C(O)=O	Organic compounds	Organic oxygen compounds	Organooxygen compounds	Carbohydrates and carbohydrate conjugates	Aliphatic acyclic compounds	Organic oxygen compounds
C00334	gamma-Aminobutyric acid	119.0	16865	NCCCC(O)=O	Organic compounds	Organic acids and derivatives	Carboxylic acids and derivatives	Amino acids, peptides, and analogues	Aliphatic acyclic compounds	Amino acids
C00337	4,5-Dihydroorotic acid	648.0	30865	OC(=O)C1CC(=O)NC(=O)N1	Organic compounds	Organic acids and derivatives	Carboxylic acids and derivatives	Amino acids, peptides, and analogues	Aliphatic heteromonocyclic compounds	Amino acids
C00338	LPS with O-antigen	53481793.0	16412	CCCCCCCCCCCCCC(=O)O[C@H](CCCCCCCCCCC)CC(=O)O[C@@H]1[C@@H](NC(=O)C[C@@H](CCCCCCCCCCC)OC(=O)CCCCCCCCCCC)[C@H](OC[C@H]2O[C@H](OP(O)(O)=O)[C@H](NC(=O)C[C@H](O)CCCCCCCCCCC)[C@@H](OC(=O)C[C@H](O)CCCCCCCCCCC)[C@@H]2O)O[C@H](CO[C@@]2(C[C@@H](O[C@@]3(C[C@@H](O[C@@]4(C[C@@H](OP(O)(=O)OCCN)[C@H](O)[C@H](O4)[C@@H](O)CO)C(O)=O)[C@H](O)[C@H](O3)[C@@H](O)CO)C(O)=O)[C@H](OC3O[C@H]([C@@H](O)CO)[C@@H](OP(O)(=O)OP(O)(=O)OCCN)[C@H](OC4O[C@H]([C@@H](O)COC5O[C@H]([C@@H](O)CO)[C@@H](OP(O)(O)=O)[C@H](O)[C@@H]5O)[C@@H](O)[C@H](OC5O[C@H](CO[C@H]6O[C@H](CO)[C@H](O)[C@H](O)[C@H]6O)[C@@H](O)[C@H](O[C@H]6O[C@H](CO)[C@H](O)[C@H](O)[C@H]6OC6O[C@H](CO)[C@@H](O)[C@H](O[C@@H]7O[C@H](CO[C@@H]8O[C@H](CO)[C@@H](O)[C@H](O)[C@H]8NC(C)=O)[C@H](O)[C@H](O[C@@H]8O[C@H](CO)[C@H](O)[C@H](O[C@H]9O[C@H](CO[C@H]%10O[C@H](CO)[C@H](O)[C@H](O)[C@H]%10O)[C@H](O)[C@H](O)[C@H]9O)[C@H]8NC(C)=O)[C@H]7NC(C)=O)[C@H]6O[C@@H]6O[C@H](CO)[C@@H](O)[C@H](O)[C@H]6NC(C)=O)[C@H]5O)[C@@H]4O)[C@@H]3O)[C@H](O2)[C@@H](O)CO)C(O)=O)[C@H]1OP(O)(O)=O	Organic compounds	Lipids and lipid-like molecules	Saccharolipids	Saccharolipids	Aliphatic heteromonocyclic compounds	Lipid-like molecules
C00340	Reduced rubredoxin									Unknown
C00341	Geranyl-PP	445995.0	17211	CC(C)=CCC\C(C)=C\COP(O)(=O)OP(O)(O)=O	Organic compounds	Organic oxygen compounds	Organic oxoanionic compounds	Organic pyrophosphates	Aliphatic acyclic compounds	Organic oxygen compounds
C00342	Thioredoxin		15033							Unknown
C00343	Thioredoxin disulfide		18191							Unknown
C00344	Phosphatidylglycerol	45109789.0		CCC.CCO.OCC(O)COP(O)(O)=O	Organic compounds	Lipids and lipid-like molecules	Glycerophospholipids	Glycerophosphates	Aliphatic acyclic compounds	Lipid-like molecules
C00345	6-Phosphogluconic acid	91493.0	48928	O[C@H](COP(O)(O)=O)[C@@H](O)[C@H](O)[C@@H](O)C(O)=O	Organic compounds	Organic acids and derivatives	Hydroxy acids and derivatives	Medium-chain hydroxy acids and derivatives	Aliphatic acyclic compounds	Keto / hydroxy acids
C00348	all-trans-Undecaprenyl phosphate	5280338.0	16141	CC(C)=CCC/C(C)=C/CC/C(C)=C/CC/C(C)=C/CC/C(C)=C/CC/C(C)=C/CC/C(C)=C/CC/C(C)=C/CC/C(C)=C/CC/C(C)=C/CC/C(C)=C/COP(=O)(O)O	Organic compounds	Lipids and lipid-like molecules	Prenol lipids	Polyterpenoids	Aliphatic acyclic compounds	Lipid-like molecules
C00350	PE(P-18:0/20:4(5Z,8Z,11Z,14Z))	9547058.0	78342	[H][C@@](CO\C=C/CCCCCCCCCCCCCCCC)(COP(O)(=O)OCCN)OC(=O)CCC\C=C/C\C=C/C\C=C/C\C=C/CCCCC	Organic compounds	Lipids and lipid-like molecules	Glycerophospholipids	Glycerophosphoethanolamines	Aliphatic acyclic compounds	Lipid-like molecules
C00352	Glucosamine 6-phosphate	439217.0	15873	N[C@H]1[C@@H](O)O[C@H](COP(O)(O)=O)[C@@H](O)[C@@H]1O	Organic compounds	Organic oxygen compounds	Organooxygen compounds	Carbohydrates and carbohydrate conjugates	Aliphatic heteromonocyclic compounds	Organic oxygen compounds
C00354	Fructose 1,6-bisphosphate	10267.0	28013	O[C@H]1[C@H](O)[C@@](O)(COP(O)(O)=O)O[C@@H]1COP(O)(O)=O	Organic compounds	Organic oxygen compounds	Organooxygen compounds	Carbohydrates and carbohydrate conjugates	Aliphatic heteromonocyclic compounds	Organic oxygen compounds
C00355	DOPA	6047.0	15765	N[C@@H](CC1=CC=C(O)C(O)=C1)C(O)=O	Organic compounds	Organic acids and derivatives	Carboxylic acids and derivatives	Amino acids, peptides, and analogues	Aromatic homomonocyclic compounds	Amino acids
C00357	N-Acetyl-D-Glucosamine 6-Phosphate	440996.0	15784	CC(=O)N[C@H]1C(O)O[C@H](COP(O)(O)=O)[C@@H](O)[C@@H]1O	Organic compounds	Organic oxygen compounds	Organooxygen compounds	Carbohydrates and carbohydrate conjugates	Aliphatic heteromonocyclic compounds	Organic oxygen compounds
C00360	Deoxyadenosine monophosphate	12599.0	17713	NC1=NC=NC2=C1N=CN2[C@H]1C[C@H](O)[C@@H](COP(O)(O)=O)O1	Organic compounds	Organic oxygen compounds	Organooxygen compounds	Carbohydrates and carbohydrate conjugates	Aromatic heteropolycyclic compounds	Organic oxygen compounds
C00361	dGDP	439220.0	28862	NC1=NC2=C(N=CN2[C@H]2C[C@H](O)[C@@H](COP(O)(=O)OP(O)(O)=O)O2)C(=O)N1	Organic compounds	Nucleosides, nucleotides, and analogues	Purine nucleotides	Purine deoxyribonucleotides	Aromatic heteropolycyclic compounds	Nucleotides/nucleosides
C00362	2'-Deoxyguanosine 5'-monophosphate	65059.0	16192	NC1=NC2=C(N=CN2[C@H]2C[C@H](O)[C@@H](COP(O)(O)=O)O2)C(=O)N1	Organic compounds	Organic oxygen compounds	Organooxygen compounds	Carbohydrates and carbohydrate conjugates	Aromatic heteropolycyclic compounds	Organic oxygen compounds
C00363	dTDP	164628.0	18075	CC1=CN([C@H]2C[C@H](O)[C@@H](COP(O)(=O)OP(O)(O)=O)O2)C(=O)NC1=O	Organic compounds	Organic oxygen compounds	Organooxygen compounds	Carbohydrates and carbohydrate conjugates	Aromatic heteromonocyclic compounds	Organic oxygen compounds
C00364	5-Thymidylic acid	9700.0	17013	CC1=CN([C@H]2C[C@H](O)[C@@H](COP(O)(O)=O)O2)C(=O)NC1=O	Organic compounds	Nucleosides, nucleotides, and analogues	Pyrimidine nucleotides	Pyrimidine deoxyribonucleotides	Aromatic heteromonocyclic compounds	Nucleotides/nucleosides
C00365	dUMP	65063.0	17622	O[C@H]1C[C@@H](O[C@@H]1COP(O)(O)=O)N1C=CC(=O)NC1=O	Organic compounds	Nucleosides, nucleotides, and analogues	Pyrimidine nucleotides	Pyrimidine deoxyribonucleotides	Aromatic heteromonocyclic compounds	Nucleotides/nucleosides
C00366	Uric acid	1175.0	17775	O=C1NC2=C(N1)C(=O)NC(=O)N2	Organic compounds	Organoheterocyclic compounds	Imidazopyrimidines	Purines and purine derivatives	Aromatic heteropolycyclic compounds	Organoheterocyclic compounds
C00369	Starch		28017							Unknown
C00376	Retinal	638015.0	17898	C\C(\C=C\C=C(/C)\C=C\C1=C(C)CCCC1(C)C)=C/C=O	Organic compounds	Lipids and lipid-like molecules	Prenol lipids	Retinoids	Aliphatic homomonocyclic compounds	Lipid-like molecules
C00378	Thiamine	1130.0	18385	CC1=C(CCO)SC=[N+]1CC1=CN=C(C)N=C1N	Organic compounds	Organoheterocyclic compounds	Diazines	Pyrimidines and pyrimidine derivatives	Aromatic heteromonocyclic compounds	Organoheterocyclic compounds
C00379	D-Xylitol	6912.0	17151	OC[C@H](O)[C@@H](O)[C@H](O)CO	Organic compounds	Organic oxygen compounds	Organooxygen compounds	Carbohydrates and carbohydrate conjugates	Aliphatic acyclic compounds	Organic oxygen compounds
C00380	Cytosine	597.0	16040	NC1=CC=NC(=O)N1	Organic compounds	Organoheterocyclic compounds	Diazines	Pyrimidines and pyrimidine derivatives	Aromatic heteromonocyclic compounds	Organoheterocyclic compounds
C00385	Xanthine	1188.0	17712	O=C1NC2=C(NC=N2)C(=O)N1	Organic compounds	Organoheterocyclic compounds	Imidazopyrimidines	Purines and purine derivatives	Aromatic heteropolycyclic compounds	Organoheterocyclic compounds
C00387	Guanosine	6802.0	16750	NC1=NC2=C(N=CN2[C@@H]2O[C@H](CO)[C@@H](O)[C@H]2O)C(=O)N1	Organic compounds	Nucleosides, nucleotides, and analogues	Purine nucleosides	Purine nucleosides	Aromatic heteropolycyclic compounds	Nucleotides/nucleosides
C00389	Quercetin	5280343.0	16243	OC1=CC(O)=C2C(OC(=C(O)C2=O)C2=CC(O)=C(O)C=C2)=C1	Organic compounds	Phenylpropanoids and polyketides	Flavonoids	Flavones	Aromatic heteropolycyclic compounds	Phenylpropanoids and polyketides
C00390	Ubiquinol 8	25074411.0	61682	COC1=C(OC)C(O)=C(C\C=C(/C)CC\C=C(/C)CC\C=C(/C)CC\C=C(/C)CC\C=C(/C)CC\C=C(/C)CC\C=C(/C)CCC=C(C)C)C(C)=C1O	Organic compounds	Lipids and lipid-like molecules	Prenol lipids	Polyprenylphenols	Aromatic homomonocyclic compounds	Lipid-like molecules
C00392	Mannitol	6251.0	16899	OC[C@@H](O)[C@@H](O)[C@H](O)[C@H](O)CO	Organic compounds	Organic oxygen compounds	Organooxygen compounds	Carbohydrates and carbohydrate conjugates	Aliphatic acyclic compounds	Organic oxygen compounds
C00395	Hexyl 2-methylpropanoate	16872.0	17334	CCCCCCOC(=O)C(C)C	Organic compounds	Organic acids and derivatives	Carboxylic acids and derivatives	Carboxylic acid derivatives	Aliphatic acyclic compounds	Carboxylic acids
C00399	Ubiquinone-1	4462.0	46234	COC1=C(OC)C(=O)C(CC=C(C)C)=C(C)C1=O	Organic compounds	Lipids and lipid-like molecules	Prenol lipids	Quinone and hydroquinone lipids	Aliphatic homomonocyclic compounds	Lipid-like molecules
C00405										Unknown
C00407	Isoleucine	6306.0	17191	CC[C@H](C)[C@H](N)C(O)=O	Organic compounds	Organic acids and derivatives	Carboxylic acids and derivatives	Amino acids, peptides, and analogues	Aliphatic acyclic compounds	Amino acids
C00412	Stearoyl-CoA	94140.0	15541	CCCCCCCCCCCCCCCCCC(=O)SCCNC(=O)CCNC(=O)[C@H](O)C(C)(C)COP(O)(=O)OP(O)(=O)OC[C@H]1O[C@H]([C@H](O)[C@@H]1OP(O)(O)=O)N1C=NC2=C1N=CN=C2N	Organic compounds	Lipids and lipid-like molecules	Fatty Acyls	Fatty acyl thioesters	Aromatic heteropolycyclic compounds	Lipid-like molecules
C00415	Dihydrofolic acid	98792.0	15633	NC1=NC(=O)C2=C(NCC(CNC3=CC=C(C=C3)C(=O)N[C@@H](CCC(O)=O)C(O)=O)=N2)N1	Organic compounds	Organic acids and derivatives	Carboxylic acids and derivatives	Amino acids, peptides, and analogues	Aromatic heteropolycyclic compounds	Amino acids
C00416	PA(16:0/16:0)	446066.0	73246	[H][C@@](COC(=O)CCCCCCCCCCCCCCC)(COP(O)(O)=O)OC(=O)CCCCCCCCCCCCCCC	Organic compounds	Lipids and lipid-like molecules	Glycerophospholipids	Glycerophosphates	Aliphatic acyclic compounds	Lipid-like molecules
C00417	cis-Aconitic acid	643757.0	32805	OC(=O)C\C(=C\C(O)=O)C(O)=O	Organic compounds	Organic acids and derivatives	Carboxylic acids and derivatives	Tricarboxylic acids and derivatives	Aliphatic acyclic compounds	Carboxylic acids
C00423	trans-Cinnamate	3713.0	15669 35697							Unknown
C00424	Lactaldehyde	439231.0	18041	C[C@H](O)C=O	Organic compounds	Organic oxygen compounds	Organooxygen compounds	Carbonyl compounds	Aliphatic acyclic compounds	Organic oxygen compounds
C00429	Dihydrouracil	649.0	15901	O=C1CCNC(=O)N1	Organic compounds	Organoheterocyclic compounds	Diazines	Pyrimidines and pyrimidine derivatives	Aliphatic heteromonocyclic compounds	Organoheterocyclic compounds
C00430	5-Aminolevulinic acid	137.0	17549	NCC(=O)CCC(O)=O	Organic compounds	Organic acids and derivatives	Carboxylic acids and derivatives	Amino acids, peptides, and analogues	Aliphatic acyclic compounds	Amino acids
C00431	5-Aminopentanoic acid	138.0	15887	NCCCCC(O)=O	Organic compounds	Organic acids and derivatives	Carboxylic acids and derivatives	Amino acids, peptides, and analogues	Aliphatic acyclic compounds	Amino acids
C00435	Oxidized rubredoxin									Unknown
C00437	N2-Acetylornithine	439232.0	16543	CC(=O)N[C@@H](CCCN)C(O)=O	Organic compounds	Organic acids and derivatives	Carboxylic acids and derivatives	Amino acids, peptides, and analogues	Aliphatic acyclic compounds	Amino acids
C00438	Ureidosuccinic acid	93072.0	15859	NC(=O)N[C@@H](CC(O)=O)C(O)=O	Organic compounds	Organic acids and derivatives	Carboxylic acids and derivatives	Amino acids, peptides, and analogues	Aliphatic acyclic compounds	Amino acids
C00440	5-Methyltetrahydrofolic acid	439234.0	15641	CN1C(CNC2=CC=C(C=C2)C(=O)N[C@H](CCC(O)=O)C(O)=O)CNC2=C1C(=O)NC(N)=N2	Organic compounds	Organic acids and derivatives	Carboxylic acids and derivatives	Amino acids, peptides, and analogues	Aromatic heteropolycyclic compounds	Amino acids
C00441	L-Aspartate-semialdehyde	439235.0	18051	N[C@@H](CC=O)C(O)=O	Organic compounds	Organic acids and derivatives	Carboxylic acids and derivatives	Amino acids, peptides, and analogues	Aliphatic acyclic compounds	Amino acids
C00445	5,10-Methenyltetrahydrofolic acid	135450599.0	15636	[H][C@@]12CN(C=[N+]1C1=C(NC2)NC(N)=NC1=O)C1=CC=C(C=C1)C(=O)N[C@@H](CCC(O)=O)C([O-])=O	Organic compounds	Organic acids and derivatives	Carboxylic acids and derivatives	Amino acids, peptides, and analogues	Aromatic heteropolycyclic compounds	Amino acids
C00446	Galactose 1-phosphate	123912.0	17973	OC[C@H]1O[C@H](OP(O)(O)=O)[C@H](O)[C@@H](O)[C@H]1O	Organic compounds	Organic acids and derivatives	Organic phosphoric acids and derivatives	Phosphate esters	Aliphatic heteromonocyclic compounds	Other organic acids
C00447	Sedoheptulose 1,7-bisphosphate	164735.0	17969	O[C@H](COP(O)(O)=O)[C@@H](O)[C@@H](O)[C@H](O)C(=O)COP(O)(O)=O	Organic compounds	Organic oxygen compounds	Organooxygen compounds	Carbonyl compounds	Aliphatic acyclic compounds	Organic oxygen compounds
C00448	Farnesyl pyrophosphate	445713.0	17407	CC(C)=CCC\C(C)=C\CC\C(C)=C\COP(O)(=O)OP(O)(O)=O	Organic compounds	Lipids and lipid-like molecules	Prenol lipids	Sesquiterpenoids	Aliphatic acyclic compounds	Lipid-like molecules
C00454										Unknown
C00455	Nicotinamide ribotide	14181.0	14648	NC(=O)C1=C[N+](=CC=C1)[C@@H]1O[C@H](COP(O)(O)=O)[C@@H](O)[C@H]1O	Organic compounds	Nucleosides, nucleotides, and analogues	Pyridine nucleotides	Pyridine nucleotides	Aromatic heteromonocyclic compounds	Nucleotides/nucleosides
C00458	dCTP	65091.0	16311	NC1=NC(=O)N(C=C1)[C@H]1C[C@H](O)[C@@H](COP(O)(=O)OP(O)(=O)OP(O)(O)=O)O1	Organic compounds	Nucleosides, nucleotides, and analogues	Pyrimidine nucleotides	Pyrimidine deoxyribonucleotides	Aromatic heteromonocyclic compounds	Nucleotides/nucleosides
C00459	Thymidine 5'-triphosphate	64968.0	18077	CC1=CN([C@H]2C[C@H](O)[C@@H](COP(O)(=O)OP(O)(=O)OP(O)(O)=O)O2)C(=O)NC1=O	Organic compounds	Nucleosides, nucleotides, and analogues	Pyrimidine nucleotides	Pyrimidine deoxyribonucleotides	Aromatic heteromonocyclic compounds	Nucleotides/nucleosides
C00460	Deoxyuridine triphosphate	65070.0	17625	O[C@H]1C[C@@H](O[C@@H]1COP(O)(=O)OP(O)(=O)OP(O)(O)=O)N1C=CC(=O)NC1=O	Organic compounds	Nucleosides, nucleotides, and analogues	Pyrimidine nucleotides	Pyrimidine deoxyribonucleotides	Aromatic heteromonocyclic compounds	Nucleotides/nucleosides
C00461	Chitin	444514.0	71404	CC(=O)N[C@H]1[C@H](O)O[C@H](CO)[C@@H](O[C@@H]2O[C@H](CO)[C@@H](O[C@@H]3O[C@H](CO)[C@@H](O)[C@H](O)[C@H]3NC(C)=O)[C@H](O)[C@H]2NC(C)=O)[C@@H]1O	Organic compounds	Organic oxygen compounds	Organooxygen compounds	Carbohydrates and carbohydrate conjugates	Aliphatic heteromonocyclic compounds	Organic oxygen compounds
C00462										Unknown
C00463	Indole	798.0	16881	N1C=CC2=C1C=CC=C2	Organic compounds	Organoheterocyclic compounds	Indoles and derivatives	Indoles	Aromatic heteropolycyclic compounds	Organoheterocyclic compounds
C00469	Ethanol	702.0	16236	CCO	Organic compounds	Organic oxygen compounds	Organooxygen compounds	Alcohols and polyols	Aliphatic acyclic compounds	Organic oxygen compounds
C00470	Pectic acid	445929.0	33885	O[C@H]1O[C@@H]([C@H](O)[C@H](O)[C@H]1O)C(O)=O	Organic compounds	Organic oxygen compounds	Organooxygen compounds	Carbohydrates and carbohydrate conjugates	Aliphatic heteromonocyclic compounds	Organic oxygen compounds
C00473	Vitamin A	445354.0	17336	C\C(=C/CO)\C=C\C=C(/C)\C=C\C1=C(C)CCCC1(C)C	Organic compounds	Lipids and lipid-like molecules	Prenol lipids	Retinoids	Aliphatic homomonocyclic compounds	Lipid-like molecules
C00475	Cytidine	6175.0	17562	NC1=NC(=O)N(C=C1)[C@@H]1O[C@H](CO)[C@@H](O)[C@H]1O	Organic compounds	Nucleosides, nucleotides, and analogues	Pyrimidine nucleosides	Pyrimidine nucleosides	Aromatic heteromonocyclic compounds	Nucleotides/nucleosides
C00479	Propanal	527.0	17153	CCC=O	Organic compounds	Organic oxygen compounds	Organooxygen compounds	Carbonyl compounds	Aliphatic acyclic compounds	Organic oxygen compounds
C00483	Tyramine	5610.0	15760	NCCC1=CC=C(O)C=C1	Organic compounds	Benzenoids	Phenols	1-hydroxy-2-unsubstituted benzenoids	Aromatic homomonocyclic compounds	Benzenoids
C00487	L-Carnitine	10917.0	16347	C[N+](C)(C)C[C@H](O)CC(O)=O	Organic compounds	Organic nitrogen compounds	Organonitrogen compounds	Quaternary ammonium salts	Aliphatic acyclic compounds	Organic nitrogen compounds
C00489	Glutaric acid	743.0	17859	OC(=O)CCCC(O)=O	Organic compounds	Organic acids and derivatives	Carboxylic acids and derivatives	Dicarboxylic acids and derivatives	Aliphatic acyclic compounds	Carboxylic acids
C00490	Itaconic acid	811.0	30838	OC(=O)CC(=C)C(O)=O	Organic compounds	Lipids and lipid-like molecules	Fatty Acyls	Fatty acids and conjugates	Aliphatic acyclic compounds	Lipid-like molecules
C00491	L-Cystine	67678.0	16283	N[C@@H](CSSC[C@H](N)C(O)=O)C(O)=O	Organic compounds	Organic acids and derivatives	Carboxylic acids and derivatives	Amino acids, peptides, and analogues	Aliphatic acyclic compounds	Amino acids
C00492	Raffinose	439242.0	16634	OC[C@H]1O[C@@](CO)(O[C@H]2O[C@H](CO[C@H]3O[C@H](CO)[C@H](O)[C@H](O)[C@H]3O)[C@@H](O)[C@H](O)[C@H]2O)[C@@H](O)[C@@H]1O	Organic compounds	Organic oxygen compounds	Organooxygen compounds	Ethers	Aliphatic heteromonocyclic compounds	Organic oxygen compounds
C00493	Shikimic acid	8742.0	16119	O[C@@H]1CC(=C[C@@H](O)[C@H]1O)C(O)=O	Organic compounds	Organic oxygen compounds	Organooxygen compounds	Alcohols and polyols	Aliphatic homomonocyclic compounds	Organic oxygen compounds
C00497	D-Malic acid	92824.0	30796	O[C@H](CC(O)=O)C(O)=O	Organic compounds	Organic acids and derivatives	Hydroxy acids and derivatives	Beta hydroxy acids and derivatives	Aliphatic acyclic compounds	Keto / hydroxy acids
C00498	ADP-glucose	16500.0	15751	NC1=C2N=CN([C@@H]3O[C@H](COP(O)(=O)OP(O)(=O)O[C@H]4O[C@H](CO)[C@@H](O)[C@H](O)[C@H]4O)[C@@H](O)[C@H]3O)C2=NC=N1	Organic compounds	Organic oxygen compounds	Organooxygen compounds	Carbohydrates and carbohydrate conjugates	Aromatic heteropolycyclic compounds	Organic oxygen compounds
C00499	Allantoic acid	203.0	30837	NC(=O)NC(NC(N)=O)C(O)=O	Organic compounds	Organic acids and derivatives	Carboxylic acids and derivatives	Amino acids, peptides, and analogues	Aliphatic acyclic compounds	Amino acids
C00502	D-Xylonic acid	6602431.0	48093	OC[C@@H](O)[C@H](O)[C@@H](O)C(O)=O	Organic compounds	Organic acids and derivatives	Hydroxy acids and derivatives	Beta hydroxy acids and derivatives	Aliphatic acyclic compounds	Keto / hydroxy acids
C00504	Folic acid	6037.0	27470	NC1=NC(=O)C2=NC(CNC3=CC=C(C=C3)C(=O)N[C@@H](CCC(O)=O)C(O)=O)=CN=C2N1	Organic compounds	Organic acids and derivatives	Carboxylic acids and derivatives	Amino acids, peptides, and analogues	Aromatic heteropolycyclic compounds	Amino acids
C00506	Cysteic acid	25701.0	21260	NC(CS(O)(=O)=O)C(O)=O	Organic compounds	Organic acids and derivatives	Carboxylic acids and derivatives	Amino acids, peptides, and analogues	Aliphatic acyclic compounds	Amino acids
C00507	Rhamnose	25310.0	62346	C[C@@H]1OC(O)[C@H](O)[C@H](O)[C@H]1O	Organic compounds	Organic oxygen compounds	Organooxygen compounds	Carbohydrates and carbohydrate conjugates	Aliphatic heteromonocyclic compounds	Organic oxygen compounds
C00508	L-Ribulose	9920423.0	16880	OC[C@]1(O)OC[C@H](O)[C@@H]1O	Organic compounds	Organic oxygen compounds	Organooxygen compounds	Carbohydrates and carbohydrate conjugates	Aliphatic heteromonocyclic compounds	Organic oxygen compounds
C00509	Naringenin	439246.0	17846	OC1=CC=C(C=C1)[C@@H]1CC(=O)C2=C(O1)C=C(O)C=C2O	Organic compounds	Phenylpropanoids and polyketides	Flavonoids	Flavans	Aromatic heteropolycyclic compounds	Phenylpropanoids and polyketides
C00512	Benzoyl-CoA	9543169.0	15515	CC(C)(COP(O)(=O)OP(O)(=O)OC[C@H]1O[C@H]([C@H](O)[C@@H]1OP(O)(O)=O)N1C=NC2=C1N=CN=C2N)[C@@H](O)C(=O)NCCC(=O)NCCSC(=O)C1=CC=CC=C1	Organic compounds	Lipids and lipid-like molecules	Fatty Acyls	Fatty acyl thioesters	Aromatic heteropolycyclic compounds	Lipid-like molecules
C00514	D-Mannonic acid	3246006.0	33076	OC[C@@H](O)[C@@H](O)[C@H](O)[C@H](O)C(O)=O	Organic compounds	Organic acids and derivatives	Hydroxy acids and derivatives	Medium-chain hydroxy acids and derivatives	Aliphatic acyclic compounds	Keto / hydroxy acids
C00515	D-Ornithine	71082.0	16176	NCCC[C@@H](N)C(O)=O	Organic compounds	Organic acids and derivatives	Carboxylic acids and derivatives	Amino acids, peptides, and analogues	Aliphatic acyclic compounds	Amino acids
C00519	Hypotaurine	107812.0	16668	NCCS(O)=O	Organic compounds	Organic acids and derivatives	Sulfinic acids and derivatives	Sulfinic acids	Aliphatic acyclic compounds	Other organic acids
C00522	Pantoic acid		18697	CC(C)(CO)[C@@H](O)C(O)=O	Organic compounds	Lipids and lipid-like molecules	Fatty Acyls	Fatty acids and conjugates	Aliphatic acyclic compounds	Lipid-like molecules
C00526	Deoxyuridine	13712.0	16450	OC[C@H]1O[C@H](C[C@@H]1O)N1C=CC(=O)NC1=O	Organic compounds	Nucleosides, nucleotides, and analogues	Pyrimidine nucleosides	Pyrimidine nucleosides	Aromatic heteromonocyclic compounds	Nucleotides/nucleosides
C00527	Glutaryl-CoA	3081383.0	15524	CC(C)(COP(O)(=O)OP(O)(=O)OC[C@H]1O[C@H]([C@H](O)[C@@H]1OP(O)(O)=O)N1C=NC2=C1N=CN=C2N)[C@@H](O)C(=O)NCCC(=O)NCCSC(=O)CCCC(O)=O	Organic compounds	Lipids and lipid-like molecules	Fatty Acyls	Fatty acyl thioesters	Aromatic heteropolycyclic compounds	Lipid-like molecules
C00530	Hydroquinone	785.0	17594	OC1=CC=C(O)C=C1	Organic compounds	Benzenoids	Phenols	Benzenediols	Aromatic homomonocyclic compounds	Benzenoids
C00531	Itaconyl-CoA	439254.0	15528	CC(C)(COP(O)(=O)OP(O)(=O)OC[C@H]1O[C@H]([C@H](O)[C@@H]1OP(O)(O)=O)N1C=NC2=C(N)N=CN=C12)C(O)C(=O)NCCC(=O)NCCSC(=O)CC(=C)C(O)=O	Organic compounds	Lipids and lipid-like molecules	Fatty Acyls	Fatty acyl thioesters	Aromatic heteropolycyclic compounds	Lipid-like molecules
C00533	Nitric oxide	145068.0	16480	[N]=O	Organic compounds	Organic nitrogen compounds		Organic nitrogen compounds	Acyclic compounds	Organic nitrogen compounds
C00534	Pyridoxamine	1052.0	16410	CC1=C(O)C(CN)=C(CO)C=N1	Organic compounds	Organoheterocyclic compounds	Pyridines and derivatives	Pyridoxamines	Aromatic heteromonocyclic compounds	Organoheterocyclic compounds
C00536	Triphosphate	983.0	39949	OP(O)(=O)OP(O)(=O)OP(O)(O)=O	Organic compounds	Organic acids and derivatives	Organic phosphoric acids and derivatives	Organic phosphoric acids and derivatives	Acyclic compounds	Other organic acids
C00542	Allocystathionine	10104953.0	165853	N[C@@H](CCSCC(N)C(O)=O)C(O)=O	Organic compounds	Organic acids and derivatives	Carboxylic acids and derivatives	Amino acids, peptides, and analogues	Aliphatic acyclic compounds	Amino acids
C00546	Pyruvaldehyde	880.0	17158	CC(=O)C=O	Organic compounds	Organic oxygen compounds	Organooxygen compounds	Carbonyl compounds	Aliphatic acyclic compounds	Organic oxygen compounds
C00548										Unknown
C00552	meso-Tartaric acid		15673							Unknown
C00555	4-Aminobutyraldehyde	118.0	17769	NCCCC=O	Organic compounds	Organic oxygen compounds	Organooxygen compounds	Carbonyl compounds	Aliphatic acyclic compounds	Organic oxygen compounds
C00558	5-Keto-D-gluconate	157.0	17886	OCC(=O)C(O)C(O)C(O)C(O)=O	Organic compounds	Organic acids and derivatives	Hydroxy acids and derivatives	Medium-chain hydroxy acids and derivatives	Aliphatic acyclic compounds	Keto / hydroxy acids
C00559	Deoxyadenosine	13730.0	17256	NC1=C2N=CN([C@H]3C[C@H](O)[C@@H](CO)O3)C2=NC=N1	Organic compounds	Nucleosides, nucleotides, and analogues	Purine nucleosides	Purine 2'-deoxyribonucleosides	Aromatic heteropolycyclic compounds	Nucleotides/nucleosides
C00561	Mandelonitrile	9548674.0	18450	O[C@@H](C#N)C1=CC=CC=C1	Organic compounds	Benzenoids	Benzene and substituted derivatives	Benzene and substituted derivatives	Aromatic homomonocyclic compounds	Benzenoids
C00565	Trimethylamine	1146.0	18139	CN(C)C	Organic compounds	Organic nitrogen compounds	Organonitrogen compounds	Amines	Aliphatic acyclic compounds	Organic nitrogen compounds
C00568	p-Aminobenzoic acid	978.0	30753	NC1=CC=C(C=C1)C(O)=O	Organic compounds	Benzenoids	Benzene and substituted derivatives	Benzoic acids and derivatives	Aromatic homomonocyclic compounds	Benzenoids
C00575	Cyclic AMP	6076.0	17489	[H][C@@]12COP(O)(=O)O[C@@]1([H])[C@@H](O)[C@@H](O2)N1C=NC2=C1N=CN=C2N	Organic compounds	Nucleosides, nucleotides, and analogues	Purine nucleotides	Cyclic purine nucleotides	Aromatic heteropolycyclic compounds	Nucleotides/nucleosides
C00576	Betaine aldehyde	249.0	15710	C[N+](C)(C)CC=O	Organic compounds	Organic nitrogen compounds	Organonitrogen compounds	Quaternary ammonium salts	Aliphatic acyclic compounds	Organic nitrogen compounds
C00577	D-Glyceraldehyde	3856.0	17378							Unknown
C00579	Dihydrolipoamide	663.0	17694	OC(=N)CCCCC(S)CCS	Organic compounds	Organic acids and derivatives	Carboximidic acids and derivatives	Carboximidic acids	Aliphatic acyclic compounds	Other organic acids
C00580	Dimethylsulfide	1068.0	17437	CSC	Organic compounds	Organosulfur compounds	Sulfenyl compounds	Sulfenyl compounds	Aliphatic acyclic compounds	Other
C00582	Phenylacetyl-CoA	165620.0	15537	CC(C)(COP(O)(=O)OP(O)(=O)OC[C@H]1O[C@H]([C@H](O)[C@@H]1OP(O)(O)=O)N1C=NC2=C(N)N=CN=C12)[C@@H](O)C(=O)NCCC(=O)NCCSC(=O)CC1=CC=CC=C1	Organic compounds	Lipids and lipid-like molecules	Fatty Acyls	Fatty acyl thioesters	Aromatic heteropolycyclic compounds	Lipid-like molecules
C00583	Propylene glycol	259994.0	28972	C[C@@H](O)CO	Organic compounds	Organic oxygen compounds	Organooxygen compounds	Alcohols and polyols	Aliphatic acyclic compounds	Organic oxygen compounds
C00586										Unknown
C00590	Coniferyl alcohol	1549095.0	17745	COC1=C(O)C=CC(\C=C\CO)=C1	Organic compounds	Benzenoids	Phenols	Methoxyphenols	Aromatic homomonocyclic compounds	Benzenoids
C00596	2-Hydroxy-2,4-pentadienoate		1113							Unknown
C00601	Phenylacetaldehyde	998.0	16424	O=CCC1=CC=CC=C1	Organic compounds	Benzenoids	Benzene and substituted derivatives	Phenylacetaldehydes	Aromatic homomonocyclic compounds	Benzenoids
C00603	(S)-Ureidoglycolic acid	439269.0	15412	NC(=O)N[C@@H](O)C(O)=O	Organic compounds	Organic acids and derivatives	Carboxylic acids and derivatives	Amino acids, peptides, and analogues	Aliphatic acyclic compounds	Amino acids
C00606	3-Sulfinoalanine	1549098.0	16345	N[C@@H](CS(O)=O)C(O)=O	Organic compounds	Organic acids and derivatives	Carboxylic acids and derivatives	Amino acids, peptides, and analogues	Aliphatic acyclic compounds	Amino acids
C00612	N1-Acetylspermidine	496.0	17927	CC(=O)NCCCNCCCCN	Organic compounds	Organic acids and derivatives	Carboxylic acids and derivatives	Carboxylic acid derivatives	Aliphatic acyclic compounds	Carboxylic acids
C00615										Unknown
C00618	3-Dehydro-L-gulonate	439273.0	16142	OC[C@H](O)[C@@H](O)C(=O)[C@H](O)C(O)=O	Organic compounds	Organic acids and derivatives	Keto acids and derivatives	Medium-chain keto acids and derivatives	Aliphatic acyclic compounds	Keto / hydroxy acids
C00620	Ribose 1-phosphate	439236.0	16300	OC[C@H]1O[C@H](OP(O)(O)=O)[C@H](O)[C@@H]1O	Organic compounds	Organic acids and derivatives	Organic phosphoric acids and derivatives	Phosphate esters	Aliphatic heteromonocyclic compounds	Other organic acids
C00624	N-Acetyl-L-glutamic acid	70914.0	17533	CC(=O)N[C@@H](CCC(O)=O)C(O)=O	Organic compounds	Organic acids and derivatives	Carboxylic acids and derivatives	Amino acids, peptides, and analogues	Aliphatic acyclic compounds	Amino acids
C00627	Pyridoxine 5'-phosphate	1055.0	28803	CC1=NC=C(COP(O)(O)=O)C(CO)=C1O	Organic compounds	Organoheterocyclic compounds	Pyridines and derivatives	Pyridoxines	Aromatic heteromonocyclic compounds	Organoheterocyclic compounds
C00630	Isobutyryl-CoA	3036931.0	15479	CC(C)C(=O)SCCNC(=O)CCNC(=O)[C@H](O)C(C)(C)COP(O)(=O)OP(O)(=O)OC[C@H]1O[C@H]([C@H](O)[C@@H]1OP(O)(O)=O)N1C=NC2=C1N=CN=C2N	Organic compounds	Lipids and lipid-like molecules	Fatty Acyls	Fatty acyl thioesters	Aromatic heteropolycyclic compounds	Lipid-like molecules
C00631	2-Phospho-D-glyceric acid	439278.0	17835	OC[C@@H](OP(O)(O)=O)C(O)=O	Organic compounds	Organic oxygen compounds	Organooxygen compounds	Carbohydrates and carbohydrate conjugates	Aliphatic acyclic compounds	Organic oxygen compounds
C00632	3-Hydroxyanthranilic acid	86.0	15793	NC1=C(O)C=CC=C1C(O)=O	Organic compounds	Benzenoids	Benzene and substituted derivatives	Benzoic acids and derivatives	Aromatic homomonocyclic compounds	Benzenoids
C00636	D-Mannose 1-phosphate	439279.0	18205	OC[C@H]1O[C@H](OP(O)(O)=O)[C@@H](O)[C@@H](O)[C@@H]1O	Organic compounds	Organic acids and derivatives	Organic phosphoric acids and derivatives	Phosphate esters	Aliphatic heteromonocyclic compounds	Other organic acids
C00638	Long-chain fatty acid		15904							Unknown
C00641	1,2-Diacyl-sn-glycerol		17815							Unknown
C00642	p-Hydroxyphenylacetic acid	127.0	18101	OC(=O)CC1=CC=C(O)C=C1	Organic compounds	Benzenoids	Phenols	1-hydroxy-2-unsubstituted benzenoids	Aromatic homomonocyclic compounds	Benzenoids
C00644	Mannitol 1-phosphate	130418.0	16298	OC[C@@H](O)[C@@H](O)[C@H](O)[C@H](O)COP(O)(O)=O	Organic compounds	Organic acids and derivatives	Organic phosphoric acids and derivatives	Phosphate esters	Aliphatic acyclic compounds	Other organic acids
C00645	N-Acetylmannosamine	11096158.0	63154	CC(=O)N[C@@H]1[C@H](O)O[C@H](CO)[C@@H](O)[C@@H]1O	Organic compounds	Organic oxygen compounds	Organooxygen compounds	Carbohydrates and carbohydrate conjugates	Aliphatic heteromonocyclic compounds	Organic oxygen compounds
C00647	Pyridoxamine 5'-phosphate	1053.0	18335	CC1=NC=C(COP(O)(O)=O)C(CN)=C1O	Organic compounds	Organoheterocyclic compounds	Pyridines and derivatives	Pyridoxamines	Aromatic heteromonocyclic compounds	Organoheterocyclic compounds
C00655	Xanthylic acid	73323.0	15652	O[C@@H]1[C@@H](COP(O)(O)=O)O[C@H]([C@@H]1O)N1C=NC2=C1NC(=O)NC2=O	Organic compounds	Nucleosides, nucleotides, and analogues	Purine nucleotides	Purine ribonucleotides	Aromatic heteropolycyclic compounds	Nucleotides/nucleosides
C00661										Unknown
C00662										Unknown
C00663	beta-D-Glucose 1-phosphate	466.0		OCC1OC(OP(O)(O)=O)C(O)C(O)C1O	Organic compounds	Organic acids and derivatives	Organic phosphoric acids and derivatives	Phosphate esters	Aliphatic heteromonocyclic compounds	Other organic acids
C00666	Diaminopimelic acid	439283.0	16026	N[C@@H](CCC[C@H](N)C(O)=O)C(O)=O	Organic compounds	Organic acids and derivatives	Carboxylic acids and derivatives	Amino acids, peptides, and analogues	Aliphatic acyclic compounds	Amino acids
C00667										Unknown
C00668	alpha-D-Glucose 6-phosphate									Unknown
C00669	gamma-Glutamylcysteine	123938.0	17515	N[C@@H](CCC(=O)N[C@@H](CS)C(O)=O)C(O)=O	Organic compounds	Organic acids and derivatives	Carboxylic acids and derivatives	Amino acids, peptides, and analogues	Aliphatic acyclic compounds	Amino acids
C00670	Glycerophosphocholine	657272.0	16870	C[N+](C)(C)CCOP([O-])(=O)OC[C@H](O)CO	Organic compounds	Lipids and lipid-like molecules	Glycerophospholipids	Glycerophosphocholines	Aliphatic acyclic compounds	Lipid-like molecules
C00671	3-Methyl-2-oxovaleric acid	439286.0	15614	CC[C@H](C)C(=O)C(O)=O	Organic compounds	Organic acids and derivatives	Keto acids and derivatives	Short-chain keto acids and derivatives	Aliphatic acyclic compounds	Keto / hydroxy acids
C00672	Deoxyribose 1-phosphate	439287.0	28542	OC[C@H]1OC(C[C@@H]1O)OP(O)(O)=O	Organic compounds	Organic acids and derivatives	Organic phosphoric acids and derivatives	Phosphate esters	Aliphatic heteromonocyclic compounds	Other organic acids
C00673	Deoxyribose 5-phosphate	45934311.0	16132	O[C@H]1C[C@H](O)[C@@H](COP(O)(O)=O)O1	Organic compounds	Organic oxygen compounds	Organooxygen compounds	Carbohydrates and carbohydrate conjugates	Aliphatic heteromonocyclic compounds	Organic oxygen compounds
C00676										Unknown
C00679	5-Dehydro-4-deoxy-D-glucarate		16369							Unknown
C00680										Unknown
C00681	1-Acyl-sn-glycerol 3-phosphate		16975							Unknown
C00683	S-Methylmalonyl-CoA	21252287.0		C[C@@H](C(O)=O)C(=O)SCCNC(=O)CCNC(=O)[C@H](O)C(C)(C)COP(O)(=O)OP(O)(=O)OCC1OC([C@H](O)[C@@H]1OP(O)(O)=O)N1C=NC2=C(N)N=CN=C12	Organic compounds	Lipids and lipid-like molecules	Fatty Acyls	Fatty acyl thioesters	Aromatic heteropolycyclic compounds	Lipid-like molecules
C00685	3-Oxoacyl-[acyl-carrier protein]	3954.0								Unknown
C00688	dTDP-4-dehydro-6-deoxy-beta-L-mannose	443211.0	45868	C[C@@H]1O[C@H](OP(O)(=O)OP(O)(=O)OC[C@H]2O[C@H](C[C@@H]2O)N2C=C(C)C(=O)NC2=O)[C@H](O)[C@H](O)C1=O	Organic compounds	Organic oxygen compounds	Organooxygen compounds	Carbohydrates and carbohydrate conjugates	Aromatic heteromonocyclic compounds	Organic oxygen compounds
C00689	Trehalose 6-phosphate	122336.0	18283	OC[C@H]1O[C@H](O[C@H]2O[C@H](COP(O)(O)=O)[C@@H](O)[C@H](O)[C@H]2O)[C@H](O)[C@@H](O)[C@@H]1O	Organic compounds	Organic oxygen compounds	Organooxygen compounds	Carbohydrates and carbohydrate conjugates	Aliphatic heteromonocyclic compounds	Organic oxygen compounds
C00692	UDP-N-acetylmuramoyl-L-alanyl-D-glutamate		16970							Unknown
C00693	trans-2,3-Dehydroacyl-[acyl-carrier protein]									Unknown
C00695	Cholic acid	221493.0	16359	C[C@H](CCC(O)=O)[C@H]1CC[C@H]2[C@@H]3[C@H](O)C[C@@H]4C[C@H](O)CC[C@]4(C)[C@H]3C[C@H](O)[C@]12C	Organic compounds	Lipids and lipid-like molecules	Steroids and steroid derivatives	Bile acids, alcohols and derivatives	Aliphatic homopolycyclic compounds	Lipid-like molecules
C00698	Chloride ion	312.0	17996	[Cl-]	Organic compounds	Organic anions		Organic anions	Acyclic compounds	Other
C00700	Xanthosine 5-triphosphate	439296.0	10049	O[C@@H]1[C@@H](COP(O)(=O)OP(O)(=O)OP(O)(O)=O)O[C@H]([C@@H]1O)N1C=NC2=C1N=C(O)N=C2O	Organic compounds	Nucleosides, nucleotides, and analogues	Purine nucleotides	Purine ribonucleotides	Aromatic heteropolycyclic compounds	Nucleotides/nucleosides
C00703	Mercury	26623.0	16793	[Hg++]	Organic compounds	Organic cations		Organic cations	Acyclic compounds	Other
C00704	Superoxide	5359597.0	18421	[O][O-]	Organic compounds	Organic oxygen compounds	Organic oxoanionic compounds	Organic superoxides	Acyclic compounds	Organic oxygen compounds
C00705	dCDP	150855.0	28846	NC1=NC(=O)N(C=C1)[C@H]1C[C@H](O)[C@@H](COP(O)(=O)OP(O)(O)=O)O1	Organic compounds	Organic oxygen compounds	Organooxygen compounds	Carbohydrates and carbohydrate conjugates	Aromatic heteromonocyclic compounds	Organic oxygen compounds
C00712	Oleic acid	445639.0	16196	CCCCCCCC\C=C/CCCCCCCC(O)=O	Organic compounds	Lipids and lipid-like molecules	Fatty Acyls	Fatty acids and conjugates	Aliphatic acyclic compounds	Lipid-like molecules
C00714	Pectin	441476.0	47954	O[C@@H]1O[C@@H]([C@H](O)[C@H](O)[C@H]1O)C(O)=O	Organic compounds	Organic oxygen compounds	Organooxygen compounds	Carbohydrates and carbohydrate conjugates	Aliphatic heteromonocyclic compounds	Organic oxygen compounds
C00716										Unknown
C00718	Amylose	53477771.0	28102	CO[C@H]1O[C@H](CO)[C@@H](O[C@H]2O[C@H](CO)[C@@H](OC)[C@H](O)[C@H]2O)[C@H](O)[C@H]1O	Organic compounds	Organic oxygen compounds	Organooxygen compounds	Carbohydrates and carbohydrate conjugates	Aliphatic heteromonocyclic compounds	Organic oxygen compounds
C00719	Betaine	247.0	41139	C[N+](C)(C)CC(O)=O	Organic compounds	Organic acids and derivatives	Carboxylic acids and derivatives	Amino acids, peptides, and analogues	Aliphatic acyclic compounds	Amino acids
C00721	Dextrin	62698.0		OC[C@H]1OC(O[C@H]2[C@H](O)[C@@H](O)C(O[C@H]3[C@H](O)[C@@H](O)[C@@H](O)O[C@@H]3CO)O[C@@H]2CO)[C@H](O)[C@@H](O)[C@@H]1O	Organic compounds	Organic oxygen compounds	Organooxygen compounds	Carbohydrates and carbohydrate conjugates	Aliphatic heteromonocyclic compounds	Organic oxygen compounds
C00725	Thioctic acid	864.0	16494	OC(=O)CCCCC1CCSS1	Organic compounds	Organoheterocyclic compounds	Dithiolanes	Lipoic acids and derivatives	Aliphatic heteromonocyclic compounds	Organoheterocyclic compounds
C00736	DL-Cysteine	594.0	15356	NC(CS)C(O)=O	Organic compounds	Organic acids and derivatives	Carboxylic acids and derivatives	Amino acids, peptides, and analogues	Aliphatic acyclic compounds	Amino acids
C00739	D-Lysine	57449.0	16855	NCCCC[C@@H](N)C(O)=O	Organic compounds	Organic acids and derivatives	Carboxylic acids and derivatives	Amino acids, peptides, and analogues	Aliphatic acyclic compounds	Amino acids
C00740	D-Serine	71077.0	16523	N[C@H](CO)C(O)=O	Organic compounds	Organic acids and derivatives	Carboxylic acids and derivatives	Amino acids, peptides, and analogues	Aliphatic acyclic compounds	Amino acids
C00748	Siroheme		28599							Unknown
C00760	Cellulose	4022.0	18246							Unknown
C00768										Unknown
C00770										Unknown
C00787	tRNA(Tyr)		29182							Unknown
C00791	Creatinine	588.0	16737	CN1CC(=O)NC1=N	Organic compounds	Organic acids and derivatives	Carboxylic acids and derivatives	Amino acids, peptides, and analogues	Aliphatic heteromonocyclic compounds	Amino acids
C00792	D-Arginine	71070.0	15816	N[C@H](CCCNC(N)=N)C(O)=O	Organic compounds	Organic acids and derivatives	Carboxylic acids and derivatives	Amino acids, peptides, and analogues	Aliphatic acyclic compounds	Amino acids
C00793	D-Cysteine	92851.0	16375	N[C@H](CS)C(O)=O	Organic compounds	Organic acids and derivatives	Carboxylic acids and derivatives	Amino acids, peptides, and analogues	Aliphatic acyclic compounds	Amino acids
C00794	Sorbitol	5780.0	17924	OC[C@H](O)[C@@H](O)[C@H](O)[C@H](O)CO	Organic compounds	Organic oxygen compounds	Organooxygen compounds	Carbohydrates and carbohydrate conjugates	Aliphatic acyclic compounds	Organic oxygen compounds
C00798	Formyl-CoA	439313.0	15522	CC(C)(COP(O)(=O)OP(O)(=O)OC[C@H]1O[C@H]([C@H](O)[C@@H]1OP(O)(O)=O)N1C=NC2=C1N=CN=C2N)C(O)C(=O)NCCC(=O)NCCSC=O	Organic compounds	Nucleosides, nucleotides, and analogues	Purine nucleotides	Purine ribonucleotides	Aromatic heteropolycyclic compounds	Nucleotides/nucleosides
C00800	Gulonic acid	152304.0	87753	OC[C@@H](O)[C@H](O)[C@@H](O)[C@@H](O)C(O)=O	Organic compounds	Organic acids and derivatives	Hydroxy acids and derivatives	Medium-chain hydroxy acids and derivatives	Aliphatic acyclic compounds	Keto / hydroxy acids
C00802	Oxaluric acid	456.0	16582	OC(=N)N=C(O)C(O)=O	Organic compounds	Organic acids and derivatives	Carboxylic acids and derivatives	Carboxylic acids	Aliphatic acyclic compounds	Carboxylic acids
C00806	Alanyltryptophan	85362.0	73808	C[C@H](N)C(=O)N[C@@H](CC1=CNC2=C1C=CC=C2)C(O)=O	Organic compounds	Organic acids and derivatives	Carboxylic acids and derivatives	Amino acids, peptides, and analogues	Aromatic heteropolycyclic compounds	Amino acids
C00811	4-Hydroxycinnamic acid	637542.0	32374	OC(=O)\C=C\C1=CC=C(O)C=C1	Organic compounds	Phenylpropanoids and polyketides	Cinnamic acids and derivatives	Hydroxycinnamic acids and derivatives	Aromatic homomonocyclic compounds	Phenylpropanoids and polyketides
C00817	D-Altronate		17360							Unknown
C00818	Glucaric acid	33037.0	16002	O[C@@H]([C@H](O)[C@@H](O)C(O)=O)[C@H](O)C(O)=O	Organic compounds	Organic oxygen compounds	Organooxygen compounds	Carbohydrates and carbohydrate conjugates	Aliphatic acyclic compounds	Organic oxygen compounds
C00819	D-Glutamine	145815.0	17061	N[C@H](CCC(N)=O)C(O)=O	Organic compounds	Organic acids and derivatives	Carboxylic acids and derivatives	Amino acids, peptides, and analogues	Aliphatic acyclic compounds	Amino acids
C00826	L-arogenate	74413465.0		[NH3+]C(CC1(C=CC(O)C=C1)C([O-])=O)C([O-])=O	Organic compounds	Organic acids and derivatives	Carboxylic acids and derivatives	Amino acids, peptides, and analogues	Aliphatic homomonocyclic compounds	Amino acids
C00828	Menatetrenone	5282367.0	78277	CC(C)=CCC\C(C)=C\CC\C(C)=C\CC\C(C)=C\CC1=C(C)C(=O)C2=CC=CC=C2C1=O	Organic compounds	Lipids and lipid-like molecules	Prenol lipids	Quinone and hydroquinone lipids	Aromatic homopolycyclic compounds	Lipid-like molecules
C00831	Pantetheine	479.0	16753	CC(C)(CO)C(O)C(=O)NCCC(=O)NCCS	Organic compounds	Organic acids and derivatives	Carboxylic acids and derivatives	Amino acids, peptides, and analogues	Aliphatic acyclic compounds	Amino acids
C00842	dTDP-D-glucose	443210.0	15700	CC1=CN([C@H]2C[C@H](O)[C@@H](COP(O)(=O)OP(O)(=O)O[C@H]3O[C@H](CO)[C@@H](O)[C@H](O)[C@H]3O)O2)C(=O)NC1=O	Organic compounds	Organic oxygen compounds	Organooxygen compounds	Carbohydrates and carbohydrate conjugates	Aromatic heteromonocyclic compounds	Organic oxygen compounds
C00844	Prunasin	119033.0	17396	OC[C@H]1O[C@@H](O[C@@H](C#N)C2=CC=CC=C2)[C@H](O)[C@@H](O)[C@@H]1O	Organic compounds	Organic oxygen compounds	Organooxygen compounds	Carbohydrates and carbohydrate conjugates	Aromatic heteromonocyclic compounds	Organic oxygen compounds
C00853	Cob(I)alamin	53477772.0	15982	[H][C@]12[C@H](CC(N)=O)[C@@]3(C)CCC(=O)NC[C@@H](C)OP(O)(=O)O[C@@H]4[C@@H](CO)O[C@@H]([C@@H]4O)N4C=[N+](C5=CC(C)=C(C)C=C45)[Co-4]456N1C3=C(C)C1=[N+]4C(=CC3=[N+]5C(=C(C)C4=[N+]6[C@]2(C)[C@@](C)(CC(N)=O)[C@@H]4CCC(N)=O)[C@@](C)(CC(N)=O)[C@@H]3CCC(N)=O)C(C)(C)[C@@H]1CCC(N)=O	Organic compounds	Organoheterocyclic compounds	Tetrapyrroles and derivatives	Corrinoids	Aromatic heteropolycyclic compounds	Organoheterocyclic compounds
C00855	Amethopterin	4112.0	16867	CN(CC1=CN=C2N=C(N)N=C(N)C2=N1)C1=CC=C(C=C1)C(=O)NC(CCC(O)=O)C(O)=O	Organic compounds	Organic acids and derivatives	Carboxylic acids and derivatives	Amino acids, peptides, and analogues	Aromatic heteropolycyclic compounds	Amino acids
C00856										Unknown
C00857	Nicotinic acid adenine dinucleotide	165491.0	18304	NC1=C2N=CN([C@@H]3O[C@H](COP(O)(=O)OP(O)(=O)OC[C@H]4O[C@H]([C@H](O)[C@@H]4O)[N+]4=CC=CC(=C4)C(O)=O)[C@@H](O)[C@H]3O)C2=NC=N1	Organic compounds	Nucleosides, nucleotides, and analogues	Pyridine nucleotides	Nicotinic acid nucleotides	Aromatic heteropolycyclic compounds	Nucleotides/nucleosides
C00860	L-Histidinol	165271.0	16255	N[C@H](CO)CC1=CNC=N1	Organic compounds	Organoheterocyclic compounds	Azoles	Imidazoles	Aromatic heteromonocyclic compounds	Organoheterocyclic compounds
C00861	15(S)-Hydroxyeicosatrienoic acid	5283145.0	88348	CCCCC[C@H](O)\C=C\C=C/C\C=C/CCCCCCC(O)=O	Organic compounds	Lipids and lipid-like molecules	Fatty Acyls	Fatty acids and conjugates	Aliphatic acyclic compounds	Lipid-like molecules
C00864	Pantothenic acid	6613.0	46905	CC(C)(CO)[C@@H](O)C(=O)NCCC(O)=O	Organic compounds	Organic acids and derivatives	Carboxylic acids and derivatives	Amino acids, peptides, and analogues	Aliphatic acyclic compounds	Amino acids
C00868	Methoxy arachidonyl fluorophosphonate	4125.0		CCCCCC=CCC=CCC=CCC=CCCCCP(F)(=O)OC	Organic compounds	Organic acids and derivatives	Organic phosphonic acids and derivatives	Phosphonic acid esters	Aliphatic acyclic compounds	Other organic acids
C00877	Crotonoyl-CoA	5497143.0	15473	C\C=C\C(=O)SCCNC(=O)CCNC(=O)[C@H](O)C(C)(C)COP(O)(=O)OP(O)(=O)OC[C@H]1O[C@H]([C@H](O)[C@@H]1OP(O)(O)=O)N1C=NC2=C1N=CN=C2N	Organic compounds	Lipids and lipid-like molecules	Fatty Acyls	Fatty acyl thioesters	Aromatic heteropolycyclic compounds	Lipid-like molecules
C00879	Galactaric acid	3037582.0	30852	O[C@@H]([C@@H](O)[C@H](O)C(O)=O)[C@@H](O)C(O)=O	Organic compounds	Organic oxygen compounds	Organooxygen compounds	Carbohydrates and carbohydrate conjugates	Aliphatic acyclic compounds	Organic oxygen compounds
C00880	Galactonic acid	128869.0	16534	OC[C@@H](O)[C@H](O)[C@H](O)[C@@H](O)C(O)=O	Organic compounds	Organic acids and derivatives	Hydroxy acids and derivatives	Medium-chain hydroxy acids and derivatives	Aliphatic acyclic compounds	Keto / hydroxy acids
C00881	Deoxycytidine	13711.0	15698	NC1=NC(=O)N(C=C1)[C@H]1C[C@H](O)[C@@H](CO)O1	Organic compounds	Nucleosides, nucleotides, and analogues	Pyrimidine nucleosides	Pyrimidine nucleosides	Aromatic heteromonocyclic compounds	Nucleotides/nucleosides
C00882	Dephospho-CoA	444485.0	15468	CC(C)(COP(O)(=O)OP(O)(=O)OC[C@H]1O[C@H]([C@H](O)[C@@H]1O)N1C=NC2=C1N=CN=C2N)[C@@H](O)C(=O)NCCC(=O)NCCS	Organic compounds	Nucleosides, nucleotides, and analogues	Purine nucleotides	Purine ribonucleotides	Aromatic heteropolycyclic compounds	Nucleotides/nucleosides
C00885	isochorismate	189062.0	17582	[H][C@]1(O)C(=CC=C[C@]1([H])OC(=C)C(O)=O)C(O)=O	Organic compounds	Organic acids and derivatives	Hydroxy acids and derivatives	Beta hydroxy acids and derivatives	Aliphatic homomonocyclic compounds	Keto / hydroxy acids
C00886	L-Alanyl-tRNA		17732							Unknown
C00887	Nitrous oxide	948.0	17045	[O-][N+]#N	Organic compounds	Organic oxygen compounds	Organic oxoanionic compounds	Organic oxoanionic compounds	Acyclic compounds	Organic oxygen compounds
C00894	Acrylyl-CoA	9543026.0	15513	CC(C)(COP(O)(=O)OP(O)(=O)OC[C@H]1O[C@H]([C@H](O)[C@@H]1OP(O)(O)=O)N1C=NC2=C1N=CN=C2N)[C@@H](O)C(=O)NCCC(=O)NCCSC(=O)C=C	Organic compounds	Lipids and lipid-like molecules	Fatty Acyls	Fatty acyl thioesters	Aromatic heteropolycyclic compounds	Lipid-like molecules
C00897										Unknown
C00898	Tartaric acid	444305.0	15671	O[C@H]([C@@H](O)C(O)=O)C(O)=O	Organic compounds	Organic acids and derivatives	Hydroxy acids and derivatives	Beta hydroxy acids and derivatives	Aliphatic acyclic compounds	Keto / hydroxy acids
C00900	2-Acetolactate	22.0	16444	CC(=O)C(C)(O)C(O)=O	Organic compounds	Organic acids and derivatives	Keto acids and derivatives	Short-chain keto acids and derivatives	Aliphatic acyclic compounds	Keto / hydroxy acids
C00905	D-Fructuronate		4126							Unknown
C00906	Dihydrothymine	676414.0	27468	C[C@H]1CNC(=O)NC1=O	Organic compounds	Organoheterocyclic compounds	Diazines	Pyrimidines and pyrimidine derivatives	Aliphatic heteromonocyclic compounds	Organoheterocyclic compounds
C00918	Chloramphenicol	5959.0	17698	OC[C@@H](NC(=O)C(Cl)Cl)[C@H](O)C1=CC=C(C=C1)[N+]([O-])=O	Organic compounds	Benzenoids	Benzene and substituted derivatives	Nitrobenzenes	Aromatic homomonocyclic compounds	Benzenoids
C00921	7,8-Dihydropteroic acid	170.0	4581	NC1=NC2=C(N=C(CNC3=CC=C(C=C3)C(O)=O)CN2)C(=O)N1	Organic compounds	Organoheterocyclic compounds	Pteridines and derivatives	Pterins and derivatives	Aromatic heteropolycyclic compounds	Organoheterocyclic compounds
C00923										Unknown
C00924										Unknown
C00931	Porphobilinogen	1021.0	17381	NCC1=C(CC(O)=O)C(CCC(O)=O)=CN1	Organic compounds	Organic acids and derivatives	Carboxylic acids and derivatives	Dicarboxylic acids and derivatives	Aromatic heteromonocyclic compounds	Carboxylic acids
C00934										Unknown
C00935	UDP-L-arabinose	644105.0	61455	O[C@@H]1[C@@H](COP(O)(=O)OP(O)(=O)O[C@H]2OC[C@H](O)[C@H](O)[C@H]2O)O[C@H]([C@@H]1O)N1C=CC(=O)NC1=O	Organic compounds	Nucleosides, nucleotides, and analogues	Pyrimidine nucleotides	Pyrimidine ribonucleotides	Aromatic heteromonocyclic compounds	Nucleotides/nucleosides
C00937	D-Lactaldehyde	439350.0	17167	C[C@@H](O)C=O	Organic compounds	Organic oxygen compounds	Organooxygen compounds	Carbonyl compounds	Aliphatic acyclic compounds	Organic oxygen compounds
C00940	2-Keto-glutaramic acid	48.0	30882	NC(=O)CCC(=O)C(O)=O	Organic compounds	Organic acids and derivatives	Keto acids and derivatives	Short-chain keto acids and derivatives	Aliphatic acyclic compounds	Keto / hydroxy acids
C00942	Cyclic GMP	24316.0	16356	NC1=NC2=C(N=CN2[C@@H]2O[C@@H]3COP(O)(=O)O[C@H]3[C@H]2O)C(=O)N1	Organic compounds	Nucleosides, nucleotides, and analogues	Purine nucleotides	Cyclic purine nucleotides	Aromatic heteropolycyclic compounds	Nucleotides/nucleosides
C00944	3-Dehydroquinic acid	439351.0	17947	O[C@@H]1C[C@@](O)(CC(=O)[C@H]1O)C(O)=O	Organic compounds	Organic acids and derivatives	Hydroxy acids and derivatives	Alpha hydroxy acids and derivatives	Aliphatic homomonocyclic compounds	Keto / hydroxy acids
C00957	3-Mercaptopyruvic acid	98.0	16208	OC(=O)C(=O)CS	Organic compounds	Organic acids and derivatives	Keto acids and derivatives	Alpha-keto acids and derivatives	Aliphatic acyclic compounds	Keto / hydroxy acids
C00962	beta-D-Galactose	439353.0	27667	OC[C@H]1O[C@@H](O)[C@H](O)[C@@H](O)[C@H]1O	Organic compounds	Organic oxygen compounds	Organooxygen compounds	Carbohydrates and carbohydrate conjugates	Aliphatic heteromonocyclic compounds	Organic oxygen compounds
C00963	beta-D-Glucoside	4214.0	22798							Unknown
C00966	2-dehydropantoate		17094	CC(C)(CO)C(=O)C(O)=O	Organic compounds	Organic acids and derivatives	Keto acids and derivatives	Short-chain keto acids and derivatives	Aliphatic acyclic compounds	Keto / hydroxy acids
C00969	3-Hydroxypropanal	75049.0	17871	OCCC=O	Organic compounds	Organic oxygen compounds	Organooxygen compounds	Carbonyl compounds	Aliphatic acyclic compounds	Organic oxygen compounds
C00979	O-Acetylserine	99478.0	17981	CC(=O)OC[C@H](N)C(O)=O	Organic compounds	Organic acids and derivatives	Carboxylic acids and derivatives	Amino acids, peptides, and analogues	Aliphatic acyclic compounds	Amino acids
C00984	alpha-D-Galactose									Unknown
C00986	1,3-Diaminopropane	428.0	15725	NCCCN	Organic compounds	Organic nitrogen compounds	Organonitrogen compounds	Organonitrogen compounds	Aliphatic acyclic compounds	Organic nitrogen compounds
C00988	Phosphoglycolic acid	529.0	17150	OC(=O)COP(O)(O)=O	Organic compounds	Organic acids and derivatives	Organic phosphoric acids and derivatives	Phosphate esters	Aliphatic acyclic compounds	Other organic acids
C00989	4-Hydroxybutyric acid	10413.0	30830	OCCCC(O)=O	Organic compounds	Lipids and lipid-like molecules	Fatty Acyls	Fatty acids and conjugates	Aliphatic acyclic compounds	Lipid-like molecules
C00993	D-Alanyl-D-alanine	5460362.0	16576	C[C@@H](N)C(=O)N[C@H](C)C(O)=O	Organic compounds	Organic acids and derivatives	Carboxylic acids and derivatives	Amino acids, peptides, and analogues	Aliphatic acyclic compounds	Amino acids
C01005	Phosphoserine	68841.0	15811	N[C@@H](COP(O)(O)=O)C(O)=O	Organic compounds	Organic acids and derivatives	Carboxylic acids and derivatives	Amino acids, peptides, and analogues	Aliphatic acyclic compounds	Amino acids
C01007	Riboflavin reduced	22833571.0	169293	OC[C@@H](O)[C@H](O)[C@H](O)CN1C2=CC=CC=C2N=C2C(=O)NC(=O)N=C12	Organic compounds	Organoheterocyclic compounds	Pteridines and derivatives	Alloxazines and isoalloxazines	Aromatic heteropolycyclic compounds	Organoheterocyclic compounds
C01013	Hydroxypropionic acid	68152.0	33404	OCCC(O)=O	Organic compounds	Organic acids and derivatives	Hydroxy acids and derivatives	Beta hydroxy acids and derivatives	Aliphatic acyclic compounds	Keto / hydroxy acids
C01019	L-Fucose	17106.0	42548	C[C@@H]1O[C@@H](O)[C@@H](O)[C@H](O)[C@@H]1O	Organic compounds	Organic oxygen compounds	Organooxygen compounds	Carbohydrates and carbohydrate conjugates	Aliphatic heteromonocyclic compounds	Organic oxygen compounds
C01024	Hydroxymethylbilane	788.0	16645	OCC1=C(CC(O)=O)C(CCC(O)=O)=C(CC2=C(CC(O)=O)C(CCC(O)=O)=C(CC3=C(CC(O)=O)C(CCC(O)=O)=C(CC4=C(CC(O)=O)C(CCC(O)=O)=CN4)N3)N2)N1	Organic compounds	Organoheterocyclic compounds	Tetrapyrroles and derivatives	Metallotetrapyrroles	Aromatic heteromonocyclic compounds	Organoheterocyclic compounds
C01029	N8-Acetylspermidine	123689.0	27911	CC(=O)NCCCCNCCCN	Organic compounds	Organic acids and derivatives	Carboxylic acids and derivatives	Carboxylic acid derivatives	Aliphatic acyclic compounds	Carboxylic acids
C01031	S-Formylglutathione	189122.0	16225	N[C@@H](CCC(=O)N[C@@H](CSC=O)C(=O)NCC(O)=O)C(O)=O	Organic compounds	Organic acids and derivatives	Carboxylic acids and derivatives	Amino acids, peptides, and analogues	Aliphatic acyclic compounds	Amino acids
C01037	7,8-diaminopelargonate	652.0	2247	CC(N)C(N)CCCCCC(O)=O	Organic compounds	Lipids and lipid-like molecules	Fatty Acyls	Fatty acids and conjugates	Aliphatic acyclic compounds	Lipid-like molecules
C01050	UDP-N-acetylmuraminate	1169.0	88385	CC(OC1C(O)C(CO)OC(OP(O)(=O)OP(O)(=O)OCC2OC(C(O)C2O)N2C=CC(=O)NC2=O)C1NC(C)=O)C(O)=O	Organic compounds	Organic oxygen compounds	Organooxygen compounds	Carbohydrates and carbohydrate conjugates	Aromatic heteromonocyclic compounds	Organic oxygen compounds
C01051	Uroporphyrinogen III	1179.0	15437	OC(=O)CCC1=C2CC3=C(CCC(O)=O)C(CC(O)=O)=C(CC4=C(CC(O)=O)C(CCC(O)=O)=C(CC5=C(CC(O)=O)C(CCC(O)=O)=C(CC(N2)=C1CC(O)=O)N5)N4)N3	Organic compounds	Organoheterocyclic compounds	Tetrapyrroles and derivatives	Metallotetrapyrroles	Aromatic heteropolycyclic compounds	Organoheterocyclic compounds
C01062										Unknown
C01063	pimeloyl-CoA	3082140.0	15504	CC(C)(COP(O)(=O)OP(O)(=O)OC[C@H]1O[C@H]([C@H](O)[C@@H]1OP(O)(O)=O)N1C=NC2=C1N=CN=C2N)[C@@H](O)C(=O)NCCC(=O)NCCSC(=O)CCCCCC(O)=O	Organic compounds	Lipids and lipid-like molecules	Fatty Acyls	Fatty acyl thioesters	Aromatic heteropolycyclic compounds	Lipid-like molecules
C01077	Acetylhomoserine	528.0	7671	CC(=O)OCCC(N)C(O)=O	Organic compounds	Organic acids and derivatives	Carboxylic acids and derivatives	Amino acids, peptides, and analogues	Aliphatic acyclic compounds	Amino acids
C01079	Protoporphyrinogen IX	121893.0	15435	CC1=C2CC3=C(C)C(C=C)=C(CC4=C(C)C(C=C)=C(CC5=C(C)C(CCC(O)=O)=C(CC(N2)=C1CCC(O)=O)N5)N4)N3	Organic compounds	Organoheterocyclic compounds	Tetrapyrroles and derivatives	Metallotetrapyrroles	Aromatic heteropolycyclic compounds	Organoheterocyclic compounds
C01081	Thiamine monophosphate	1131.0	9533	CC1=C(CCOP(O)(O)=O)SC=[N+]1CC1=CN=C(C)N=C1N	Organic compounds	Organoheterocyclic compounds	Diazines	Pyrimidines and pyrimidine derivatives	Aromatic heteromonocyclic compounds	Organoheterocyclic compounds
C01083	Trehalose	7427.0	16551	OC[C@H]1O[C@H](O[C@H]2O[C@H](CO)[C@@H](O)[C@H](O)[C@H]2O)[C@H](O)[C@@H](O)[C@@H]1O	Organic compounds	Organic oxygen compounds	Organooxygen compounds	Carbohydrates and carbohydrate conjugates	Aliphatic heteromonocyclic compounds	Organic oxygen compounds
C01087	D-2-Hydroxyglutaric acid	439391.0	32796	O[C@H](CCC(O)=O)C(O)=O	Organic compounds	Lipids and lipid-like molecules	Fatty Acyls	Fatty acids and conjugates	Aliphatic acyclic compounds	Lipid-like molecules
C01092	8-Amino-7-oxononanoic acid	448124.0	149468	C[C@H](N)C(=O)CCCCCC(O)=O	Organic compounds	Lipids and lipid-like molecules	Fatty Acyls	Fatty acids and conjugates	Aliphatic acyclic compounds	Lipid-like molecules
C01094	3a,6b,7a,12a-Tetrahydroxy-5b-cholanoic acid	10400369.0	139419	[H][C@@]12CC[C@H]([C@H](C)CCC(O)=O)[C@@]1(C)[C@@H](O)C[C@@]1([H])[C@@]2([H])[C@H](O)[C@@H](O)[C@]2([H])C[C@H](O)CC[C@]12C	Organic compounds	Lipids and lipid-like molecules	Steroids and steroid derivatives	Bile acids, alcohols and derivatives	Aliphatic homopolycyclic compounds	Lipid-like molecules
C01096	Sorbitol-6-phosphate	618.0	743019	OCC(O)C(O)C(O)C(O)COP(O)(O)=O	Organic compounds	Organic acids and derivatives	Organic phosphoric acids and derivatives	Phosphate esters	Aliphatic acyclic compounds	Other organic acids
C01097	D-Tagatose 6-phosphate	439396.0	4251	OCC1(O)O[C@H](COP(O)(O)=O)[C@H](O)[C@@H]1O	Organic compounds	Organic oxygen compounds	Organooxygen compounds	Carbohydrates and carbohydrate conjugates	Aliphatic heteromonocyclic compounds	Organic oxygen compounds
C01099	L-Fuculose 1-phosphate		16647							Unknown
C01100	L-histidinol-phosphate	439398.0	16996	N[C@H](COP(O)(O)=O)CC1=CNC=N1	Organic compounds	Organic acids and derivatives	Organic phosphoric acids and derivatives	Phosphate esters	Aromatic heteromonocyclic compounds	Other organic acids
C01101	L-Ribulose 5-phosphate		17666							Unknown
C01102	O-Phosphohomoserine	151187.0	15961	N[C@@H](CCOP(O)(O)=O)C(O)=O	Organic compounds	Organic acids and derivatives	Carboxylic acids and derivatives	Amino acids, peptides, and analogues	Aliphatic acyclic compounds	Amino acids
C01103	Orotidylic acid	160617.0	15842	O[C@H]1[C@@H](O)[C@@H](O[C@@H]1COP(O)(O)=O)N1C(=O)NC(=O)C=C1C(O)=O	Organic compounds	Nucleosides, nucleotides, and analogues	Pyrimidine nucleotides	Pyrimidine ribonucleotides	Aromatic heteromonocyclic compounds	Nucleotides/nucleosides
C01104	Trimethylamine N-oxide	1145.0	15724	C[N+](C)(C)[O-]	Organic compounds	Organic nitrogen compounds	Organonitrogen compounds	Aminoxides	Aliphatic acyclic compounds	Organic nitrogen compounds
C01112	D-Arabinose 5-phosphate	188324.0	16241	O[C@H](COP(O)(O)=O)[C@@H](O)[C@H](O)C=O	Organic compounds	Organic oxygen compounds	Organooxygen compounds	Carbohydrates and carbohydrate conjugates	Aliphatic acyclic compounds	Organic oxygen compounds
C01117										Unknown
C01118	O-Succinyl-L-homoserine	954.0		NC(CCOC(=O)CCC(O)=O)C(O)=O	Organic compounds	Organic acids and derivatives	Carboxylic acids and derivatives	Amino acids, peptides, and analogues	Aliphatic acyclic compounds	Amino acids
C01127	4-Hydroxy-2-oxoglutaric acid	599.0	30923	OC(CC(=O)C(O)=O)C(O)=O	Organic compounds	Organic acids and derivatives	Keto acids and derivatives	Gamma-keto acids and derivatives	Aliphatic acyclic compounds	Keto / hydroxy acids
C01131	L-Rhamnulose 1-phosphate		17892							Unknown
C01132	N-Acetylgalactosamine	84265.0	40356	CC(=O)N[C@H]1[C@@H](O)O[C@H](CO)[C@H](O)[C@@H]1O	Organic compounds	Organic oxygen compounds	Organooxygen compounds	Carbohydrates and carbohydrate conjugates	Aliphatic heteromonocyclic compounds	Organic oxygen compounds
C01134	Pantetheine 4'-phosphate	115254.0	4222	CC(C)(COP(O)(O)=O)[C@@H](O)C(=O)NCCC(=O)NCCS	Organic compounds	Organic acids and derivatives	Carboxylic acids and derivatives	Amino acids, peptides, and analogues	Aliphatic acyclic compounds	Amino acids
C01137	S-Adenosylmethioninamine	439415.0	15625	C[S+](CCCN)C[C@H]1O[C@H]([C@H](O)[C@@H]1O)N1C=NC2=C1N=CN=C2N	Organic compounds	Nucleosides, nucleotides, and analogues	5'-deoxyribonucleosides	5'-deoxy-5'-thionucleosides	Aromatic heteropolycyclic compounds	Nucleotides/nucleosides
C01142	(3S)-3,6-Diaminohexanoate	439417.0	15613	NCCC[C@H](N)CC(O)=O	Organic compounds	Organic acids and derivatives	Carboxylic acids and derivatives	Amino acids, peptides, and analogues	Aliphatic acyclic compounds	Amino acids
C01144	(S)-3-Hydroxybutyryl-CoA	439419.0		[H][C@@](C)(O)CC(=O)SCCN=C(O)CCN=C(O)C([H])(O)C(C)(C)COP(O)(=O)OP(O)(=O)OC[C@@]1([H])O[C@@]([H])(N2C=NC3=C(N)N=CN=C23)[C@]([H])(O)[C@]1([H])OP(O)(O)=O	Organic compounds	Lipids and lipid-like molecules	Fatty Acyls	Fatty acyl thioesters	Aromatic heteropolycyclic compounds	Lipid-like molecules
C01146	Tartronate semialdehyde	1122.0	16992	OC(C=O)C(O)=O	Organic compounds	Organic acids and derivatives	Hydroxy acids and derivatives	Alpha hydroxy acids and derivatives	Aliphatic acyclic compounds	Keto / hydroxy acids
C01151	Ribose 1,5-bisphosphate	14035695.0	68819	O[C@H]1[C@@H](O)[C@@H](OP(O)(O)=O)O[C@@H]1COP(O)(O)=O	Organic compounds	Organic oxygen compounds	Organooxygen compounds	Carbohydrates and carbohydrate conjugates	Aliphatic heteromonocyclic compounds	Organic oxygen compounds
C01157	4-Hydroxyproline	5810.0	18095	O[C@H]1CN[C@@H](C1)C(O)=O	Organic compounds	Organic acids and derivatives	Carboxylic acids and derivatives	Amino acids, peptides, and analogues	Aliphatic heteromonocyclic compounds	Amino acids
C01161	3,4-Dihydroxybenzeneacetic acid	547.0	41941	OC(=O)CC1=CC(O)=C(O)C=C1	Organic compounds	Benzenoids	Phenols	1-hydroxy-2-unsubstituted benzenoids	Aromatic homomonocyclic compounds	Benzenoids
C01165	L-Glutamic gamma-semialdehyde	193305.0	17232	N[C@@H](CCC=O)C(O)=O	Organic compounds	Organic acids and derivatives	Carboxylic acids and derivatives	Amino acids, peptides, and analogues	Aliphatic acyclic compounds	Amino acids
C01168	Pseudouridine 5'-phosphate	439424.0	18116	O[C@H]1[C@@H](O)[C@@H](O[C@@H]1COP(O)(O)=O)C1=CNC(=O)NC1=O	Organic compounds	Organic oxygen compounds	Organooxygen compounds	Carbohydrates and carbohydrate conjugates	Aromatic heteromonocyclic compounds	Organic oxygen compounds
C01170	UDP-N-acetyl-D-mannosamine	53481607.0	16287	CC(=O)N[C@@H]1[C@H](O)[C@@H](O)[C@H](CO)OC1OP(O)(=O)OP(O)(=O)OC[C@@H]1O[C@@H]([C@@H](O)[C@H]1O)N1C=CC(=O)NC1=O	Organic compounds	Organic oxygen compounds	Organooxygen compounds	Carbohydrates and carbohydrate conjugates	Aromatic heteromonocyclic compounds	Organic oxygen compounds
C01172	beta-D-Glucose 6-phosphate	439427.0	17719	O[C@@H]1O[C@H](COP(O)(O)=O)[C@@H](O)[C@H](O)[C@H]1O	Organic compounds	Organic oxygen compounds	Organooxygen compounds	Carbohydrates and carbohydrate conjugates	Aliphatic heteromonocyclic compounds	Organic oxygen compounds
C01177	myo-Inositol 6-phosphate		64838	O[C@@H]1[C@@H](O)[C@H](O)[C@@H](OP(O)(O)=O)[C@H](O)[C@@H]1O	Organic compounds	Organic oxygen compounds	Organooxygen compounds	Alcohols and polyols	Aliphatic homomonocyclic compounds	Organic oxygen compounds
C01179	4-Hydroxyphenylpyruvic acid	979.0	15999	OC(=O)C(=O)CC1=CC=C(O)C=C1	Organic compounds	Benzenoids	Benzene and substituted derivatives	Phenylpyruvic acid derivatives	Aromatic homomonocyclic compounds	Benzenoids
C01180	2-Oxo-4-methylthiobutanoic acid	473.0	33574	CSCCC(=O)C(O)=O	Organic compounds	Organic acids and derivatives	Keto acids and derivatives	Short-chain keto acids and derivatives	Aliphatic acyclic compounds	Keto / hydroxy acids
C01181	4-Trimethylammoniobutanoic acid	725.0	16244	C[N+](C)(C)CCCC([O-])=O	Organic compounds	Lipids and lipid-like molecules	Fatty Acyls	Fatty acids and conjugates	Aliphatic acyclic compounds	Lipid-like molecules
C01182	D-Ribulose 1,5-bisphosphate	1192.0		OC(COP(O)(O)=O)C(O)C(=O)COP(O)(O)=O	Organic compounds	Organic oxygen compounds	Organooxygen compounds	Carbohydrates and carbohydrate conjugates	Aliphatic acyclic compounds	Organic oxygen compounds
C01185	Nicotinic acid mononucleotide	121992.0	37008	O[C@H]1[C@@H](O)[C@@H](O[C@@H]1COP(O)(O)=O)[N+]1=CC=CC(=C1)C(O)=O	Organic compounds	Nucleosides, nucleotides, and analogues	Pyridine nucleotides	Nicotinic acid nucleotides	Aromatic heteromonocyclic compounds	Nucleotides/nucleosides
C01187	Keto-3-deoxy-D-manno-octulosonic acid	817.0		OCC(O)C(O)C(O)C(O)CC(=O)C(O)=O	Organic compounds	Organic acids and derivatives	Keto acids and derivatives	Medium-chain keto acids and derivatives	Aliphatic acyclic compounds	Keto / hydroxy acids
C01190	GlcCer(d18:1/12:0)	20057354.0	76297	CCCCCCCCCCCCC\C=C\[C@@H](O)[C@H](CO[C@@H]1O[C@H](CO)[C@@H](O)[C@H](O)[C@H]1O)NC(=O)CCCCCCCCCCC	Organic compounds	Lipids and lipid-like molecules	Sphingolipids	Glycosphingolipids	Aliphatic heteromonocyclic compounds	Lipid-like molecules
C01197	cis-Caffeic acid	1549111.0	17395	OC(=O)\C=C/C1=CC(O)=C(O)C=C1	Organic compounds	Phenylpropanoids and polyketides	Cinnamic acids and derivatives	Hydroxycinnamic acids and derivatives	Aromatic homomonocyclic compounds	Phenylpropanoids and polyketides
C01204	myo-Inositol hexakisphosphate	890.0	17401	OP(O)(=O)O[C@H]1[C@H](OP(O)(O)=O)[C@@H](OP(O)(O)=O)[C@H](OP(O)(O)=O)[C@H](OP(O)(O)=O)[C@@H]1OP(O)(O)=O	Organic compounds	Organic oxygen compounds	Organooxygen compounds	Alcohols and polyols	Aliphatic homomonocyclic compounds	Organic oxygen compounds
C01209	Malonyl-ACP		17330	OC(=O)CC(=O)S[*]	Organic compounds	Organoheterocyclic compounds	Thiolactones	Thiolactones	Aliphatic acyclic compounds	Organoheterocyclic compounds
C01212	UDP-N-acetylmuramoyl-L-alanine		84726							Unknown
C01213	L-methylmalonyl-CoA	4435.0		CC12CCC3C(C1CCC2OC(=O)CCC4=CC=CC=C4)CCC5=CC(=O)CCC35	Organic compounds	Lipids and lipid-like molecules	Steroids and steroid derivatives	Steroid esters	Aromatic homopolycyclic compounds	Lipid-like molecules
C01216	2-Keto-3-deoxy-D-gluconic acid	194024.0	17028	OC[C@@H](O)[C@H](O)CC(=O)C(O)=O	Organic compounds	Organic acids and derivatives	Keto acids and derivatives	Medium-chain keto acids and derivatives	Aliphatic acyclic compounds	Keto / hydroxy acids
C01217	5,6,7,8-Tetrahydromethanopterin	5462234.0	17321	C[C@@H](NC1=CC=C(C[C@H](O)[C@H](O)[C@H](O)CO[C@H]2O[C@H](COP(O)(=O)O[C@@H](CCC(O)=O)C(O)=O)[C@@H](O)[C@H]2O)C=C1)[C@@H]1NC2=C(N[C@H]1C)NC(=N)N=C2O	Organic compounds	Organic oxygen compounds	Organooxygen compounds	Carbohydrates and carbohydrate conjugates	Aromatic heteropolycyclic compounds	Organic oxygen compounds
C01222	GDP-4-Dehydro-6-deoxy-D-mannose	439446.0	16955	C[C@H]1O[C@H](OP(O)(=O)OP(O)(=O)OC[C@H]2O[C@H]([C@H](O)[C@@H]2O)N2C=NC3=C2N=C(N)NC3=O)[C@@H](O)[C@@H](O)C1=O	Organic compounds	Organic oxygen compounds	Organooxygen compounds	Carbohydrates and carbohydrate conjugates	Aromatic heteropolycyclic compounds	Organic oxygen compounds
C01225	Glycerophosphoinositol		18321	OC[C@@H](O)COP(O)(=O)O[C@H]1[C@H](O)[C@@H](O)[C@H](O)[C@@H](O)[C@H]1O	Organic compounds	Lipids and lipid-like molecules	Glycerophospholipids	Glycerophosphoinositols	Aliphatic homomonocyclic compounds	Lipid-like molecules
C01228	Guanosine 3',5'-bis(diphosphate)	439450.0	17633	[H][C@]1(COP(O)(=O)OP(O)(O)=O)O[C@@]([H])(N2C=NC3=C2NC(=N)N=C3O)[C@]([H])(O)[C@]1([H])OP(O)(=O)OP(O)(O)=O	Organic compounds	Nucleosides, nucleotides, and analogues	Ribonucleoside 3'-phosphates	Ribonucleoside 3'-phosphates	Aromatic heteropolycyclic compounds	Nucleotides/nucleosides
C01233	Glycerylphosphorylethanolamine	123874.0	52330	NCCOP(O)(=O)OCC(O)CO	Organic compounds	Lipids and lipid-like molecules	Glycerophospholipids	Glycerophosphoethanolamines	Aliphatic acyclic compounds	Lipid-like molecules
C01235	beta-Cortol	439451.0	17505	[H][C@@]12CC[C@](O)([C@H](O)CO)[C@@]1(C)C[C@H](O)[C@@]1([H])[C@@]2([H])CC[C@]2([H])C[C@H](O)CC[C@]12C	Organic compounds	Lipids and lipid-like molecules	Steroids and steroid derivatives	Pregnane steroids	Aliphatic homopolycyclic compounds	Lipid-like molecules
C01236	6-Phosphonoglucono-D-lactone	439452.0	16938	O[C@H]1[C@H](O)[C@@H](COP(O)(O)=O)OC(=O)[C@@H]1O	Organic compounds	Organic oxygen compounds	Organooxygen compounds	Carbohydrates and carbohydrate conjugates	Aliphatic heteromonocyclic compounds	Organic oxygen compounds
C01242	S-Aminomethyldihydrolipoylprotein		16882							Unknown
C01250	N-Acetyl-L-glutamate 5-semialdehyde	192878.0	16319	CC(=O)N[C@@H](CCC=O)C(O)=O	Organic compounds	Organic acids and derivatives	Carboxylic acids and derivatives	Amino acids, peptides, and analogues	Aliphatic acyclic compounds	Amino acids
C01260	Diadenosine tetraphosphate	21706.0	17422	NC1=C2N=CN([C@@H]3O[C@H](COP(O)(=O)OP(O)(=O)OP(O)(=O)OP(O)(=O)OC[C@H]4O[C@H]([C@H](O)[C@@H]4O)N4C=NC5=C(N)N=CN=C45)[C@@H](O)[C@H]3O)C2=NC=N1	Organic compounds	Nucleosides, nucleotides, and analogues	Purine nucleotides	Purine ribonucleotides	Aromatic heteropolycyclic compounds	Nucleotides/nucleosides
C01261	Diguanosine tetraphosphate	165186.0	15883	NC1=NC2=C(N=CN2[C@@H]2O[C@H](COP(O)(=O)OP(O)(=O)OP(O)(=O)OP(O)(=O)OC[C@H]3O[C@H]([C@H](O)[C@@H]3O)N3C=NC4=C3N=C(N)NC4=O)[C@@H](O)[C@H]2O)C(=O)N1	Organic compounds	Nucleosides, nucleotides, and analogues	Purine nucleotides	Purine ribonucleotides	Aromatic heteropolycyclic compounds	Nucleotides/nucleosides
C01267	Imidazole acetol-phosphate	792.0	16426	OP(O)(=O)OCC(=O)CC1=CNC=N1	Organic compounds	Organic acids and derivatives	Organic phosphoric acids and derivatives	Phosphate esters	Aromatic heteromonocyclic compounds	Other organic acids
C01268	5-Amino-6-(5'-phosphoribosylamino)uracil		18337							Unknown
C01269	5-O-(1-Carboxyvinyl)-3-phosphoshikimate		16257							Unknown
C01271	(3R)-3-Hydroxyacyl-[acyl-carrier protein]	4490.0								Unknown
C01279	4-Amino-5-hydroxymethyl-2-methylpyrimidine		16892	CC1=NC=C(CO)C(N)=N1	Organic compounds	Organoheterocyclic compounds	Diazines	Pyrimidines and pyrimidine derivatives	Aromatic heteromonocyclic compounds	Organoheterocyclic compounds
C01286	2-Dehydro-3-deoxy-D-galactonate 6-phosphate		17860							Unknown
C01289										Unknown
C01290	LacCer(d18:1/12:0)	131675307.0	89446	[H][C@@](CO[C@@H]1O[C@H](CO)[C@@H](O[C@]2([H])O[C@H](CO)[C@H](O)[C@H](O)[C@H]2O)[C@H](O)[C@H]1O)(NC(=O)CCCCCCCCCCC)[C@H](O)\C=C\CCCCCCCCCCCCC	Organic compounds	Lipids and lipid-like molecules	Sphingolipids	Glycosphingolipids	Aliphatic heteromonocyclic compounds	Lipid-like molecules
C01300	6-hydroxymethyl-7,8-dihydropterin		17083	NC1=NC2=C(N=C(CO)CN2)C(=O)N1	Organic compounds	Organoheterocyclic compounds	Pteridines and derivatives	Pterins and derivatives	Aromatic heteropolycyclic compounds	Organoheterocyclic compounds
C01302	1-(2-Carboxyphenylamino)-1-deoxy-D-ribulose 5-phosphate		29112							Unknown
C01304	2,5-diamino-6-(5-phospho-D-ribosylamino)pyrimidin-4(3H)-one		29114	NC1=NC(N[C@@H]2O[C@H](COP(O)(O)=O)[C@@H](O)[C@H]2O)=C(N)C(=O)N1	Organic compounds	Organic oxygen compounds	Organooxygen compounds	Carbohydrates and carbohydrate conjugates	Aromatic heteromonocyclic compounds	Organic oxygen compounds
C01322	RX		17792							Unknown
C01326	Hydrogen cyanide	768.0	18407	C#N	Organic compounds	Organic nitrogen compounds	Organonitrogen compounds	Organic cyanides	Aliphatic acyclic compounds	Organic nitrogen compounds
C01327	Hydrochloric acid	313.0	17883	Cl	Organic compounds	Organic salts	Hydrochlorides	Hydrochlorides	Acyclic compounds	Other
C01328	Hydroxide	961.0	16234	[OH-]	Organic compounds	Organic oxygen compounds	Organic oxoanionic compounds	Organic hydroxides	Acyclic compounds	Organic oxygen compounds
C01330	Sodium	923.0	29101	[Na+]	Organic compounds	Organic nitrogen compounds		Organic nitrogen compounds	Acyclic compounds	Organic nitrogen compounds
C01335										Unknown
C01337	XDP	439486.0								Unknown
C01342	Ammonium	16741146.0	28938	[NH4+]	Organic compounds	Organic nitrogen compounds		Organic nitrogen compounds	Acyclic compounds	Organic nitrogen compounds
C01344	dIDP	439488.0	28823	O[C@H]1C[C@@H](O[C@@H]1CO[P@@](O)(=O)OP(O)(O)=O)N1C=NC2=C1NC=NC2=O	Organic compounds	Nucleosides, nucleotides, and analogues	Purine nucleotides	Purine deoxyribonucleotides	Aromatic heteropolycyclic compounds	Nucleotides/nucleosides
C01345	2'-Deoxyinosine triphosphate	146302.0	28807	O[C@H]1C[C@@H](O[C@@H]1COP(O)(=O)OP(O)(=O)OP(O)(O)=O)N1C=NC2=C1NC=NC2=O	Organic compounds	Organic oxygen compounds	Organooxygen compounds	Carbohydrates and carbohydrate conjugates	Aromatic heteropolycyclic compounds	Organic oxygen compounds
C01346	dUDP	145729.0	28850	O[C@H]1C[C@@H](O[C@@H]1COP(O)(=O)OP(O)(O)=O)N1C=CC(=O)NC1=O	Organic compounds	Organic oxygen compounds	Organooxygen compounds	Carbohydrates and carbohydrate conjugates	Aromatic heteromonocyclic compounds	Organic oxygen compounds
C01352	FADH	446013.0	17877	CC1=CC2=C(C=C1C)N(C[C@H](O)[C@H](O)[C@H](O)COP(O)(=O)OP(O)(=O)OC[C@H]1O[C@H]([C@H](O)[C@@H]1O)N1C=NC3=C1N=CN=C3N)C1=C(N2)C(=O)NC(=O)N1	Organic compounds	Nucleosides, nucleotides, and analogues	Flavin nucleotides	Flavin nucleotides	Aromatic heteropolycyclic compounds	Nucleotides/nucleosides
C01353										Unknown
C01367	3'-AMP	41211.0	28931	NC1=C2N=CN([C@@H]3O[C@H](CO)[C@@H](OP(O)(O)=O)[C@H]3O)C2=NC=N1	Organic compounds	Nucleosides, nucleotides, and analogues	Ribonucleoside 3'-phosphates	Ribonucleoside 3'-phosphates	Aromatic heteropolycyclic compounds	Nucleotides/nucleosides
C01368	Uridine 3'-monophosphate	101543.0	28895	[H][C@]1(CO)O[C@@]([H])(N2C=CC(O)=NC2=O)[C@]([H])(O)[C@]1([H])OP(O)(O)=O	Organic compounds	Nucleosides, nucleotides, and analogues	Ribonucleoside 3'-phosphates	Ribonucleoside 3'-phosphates	Aromatic heteromonocyclic compounds	Nucleotides/nucleosides
C01380	Polyethylene glycol	174.0	30742	[H]OCCO[H]	Organic compounds	Organic oxygen compounds	Organooxygen compounds	Ethers	Aliphatic acyclic compounds	Organic oxygen compounds
C01390	Prenol	11173.0	16019	CC(C)=CCO	Organic compounds	Organic oxygen compounds	Organooxygen compounds	Alcohols and polyols	Aliphatic acyclic compounds	Organic oxygen compounds
C01401	L-Alanine	5950.0	16977							Unknown
C01412	Butanal	261.0	15743	CCCC=O	Organic compounds	Organic oxygen compounds	Organooxygen compounds	Carbonyl compounds	Aliphatic acyclic compounds	Organic oxygen compounds
C01413	Cadmium	31193.0	48775	[Cd++]	Organic compounds	Organic cations		Organic cations	Acyclic compounds	Other
C01417	Cyanate	540.0	28024	OC#N	Organic compounds	Organic oxygen compounds	Organic oxoanionic compounds	Cyanates	Aliphatic acyclic compounds	Organic oxygen compounds
C01419	Cysteinylglycine	439498.0	4047	N[C@@H](CS)C(=O)NCC(O)=O	Organic compounds	Organic acids and derivatives	Carboxylic acids and derivatives	Amino acids, peptides, and analogues	Aliphatic acyclic compounds	Amino acids
C01438	Methane	297.0	16183	C	Organic compounds	Hydrocarbons	Saturated hydrocarbons	Alkanes	Aliphatic acyclic compounds	Other
C01444	Oxamate	4622.0	18058							Unknown
C01451	Salicin	439503.0	17814	OC[C@H]1O[C@@H](OC2=C(CO)C=CC=C2)[C@H](O)[C@@H](O)[C@@H]1O	Organic compounds	Benzenoids	Phenol ethers	Phenol ethers	Aromatic heteromonocyclic compounds	Benzenoids
C01468	p-Cresol	2879.0	17847	CC1=CC=C(O)C=C1	Organic compounds	Benzenoids	Phenols	Cresols	Aromatic homomonocyclic compounds	Benzenoids
C01478	Arsenate	234.0	18231	O[As](O)(O)=O	Organic compounds	Organic oxygen compounds	Organic oxoanionic compounds	Organic arsenates	Acyclic compounds	Organic oxygen compounds
C01487	Allose	12285879.0	37741	[H][C@@]1(CO)OC(O)[C@@]([H])(O)[C@@]([H])(O)[C@@]1([H])O	Organic compounds	Organic oxygen compounds	Organooxygen compounds	Carbohydrates and carbohydrate conjugates	Aliphatic heteromonocyclic compounds	Organic oxygen compounds
C01496										Unknown
C01499	Geranial	638011.0	16980	CC(C)=CCC\C(C)=C\C=O	Organic compounds	Lipids and lipid-like molecules	Prenol lipids	Monoterpenoids	Aliphatic acyclic compounds	Lipid-like molecules
C01500	Geraniol	643820.0	29452	CC(C)=CCC\C(C)=C/CO	Organic compounds	Lipids and lipid-like molecules	Prenol lipids	Monoterpenoids	Aliphatic acyclic compounds	Lipid-like molecules
C01508	Panipenem	4676.0	28480 62321	CC(O)C1C2CC(SC3CCN(C3)C(C)=N)=C(N2C1=O)C(O)=O	Organic compounds	Organoheterocyclic compounds	Lactams	Beta lactams	Aliphatic heteropolycyclic compounds	Organoheterocyclic compounds
C01528	Hydrogen selenide	533.0	16503	[SeH2]						Unknown
C01530	Stearic acid	5281.0	28842	CCCCCCCCCCCCCCCCCC(O)=O	Organic compounds	Lipids and lipid-like molecules	Fatty Acyls	Fatty acids and conjugates	Aliphatic acyclic compounds	Lipid-like molecules
C01536	6-Hydroxysandoricin	1153.0	18186	COC(=O)C(O)C1C(C)(C)C(CC2OC34C(O)C(=O)OC(C5=COC=C5)C3(C)C(CC(C4=C)C12C)OC(C)=O)OC(C)=O	Organic compounds	Organic acids and derivatives	Carboxylic acids and derivatives	Tetracarboxylic acids and derivatives	Aromatic heteropolycyclic compounds	Carboxylic acids
C01551										Unknown
C01563	Carbamic acid	277.0	28616	NC(O)=O	Organic compounds	Organic acids and derivatives	Organic carbonic acids and derivatives	Organic carbonic acids and derivatives	Aliphatic acyclic compounds	Other organic acids
C01585	Caproic acid	8892.0	30776	CCCCCC(O)=O	Organic compounds	Lipids and lipid-like molecules	Fatty Acyls	Fatty acids and conjugates	Aliphatic acyclic compounds	Lipid-like molecules
C01594	Lansoprazole	3883.0	6375	CC1=C(OCC(F)(F)F)C=CN=C1CS(=O)C1=NC2=CC=CC=C2N1	Organic compounds	Organoheterocyclic compounds	Benzimidazoles	Sulfinylbenzimidazoles	Aromatic heteropolycyclic compounds	Organoheterocyclic compounds
C01595	Linoleic acid	5280450.0	17351	CCCCC\C=C/C\C=C/CCCCCCCC(O)=O	Organic compounds	Lipids and lipid-like molecules	Fatty Acyls	Fatty acids and conjugates	Aliphatic acyclic compounds	Lipid-like molecules
C01602	2,5-Diaminopentanoic acid	389.0	18257	NCCCC(N)C(=O)O	Organic compounds	Organic acids and derivatives	Carboxylic acids and derivatives	Amino acids, peptides, and analogues	Aliphatic acyclic compounds	Amino acids
C01613	Stachyose	439531.0	17164	OC[C@H]1O[C@@](CO)(O[C@H]2O[C@H](CO[C@H]3O[C@H](CO[C@H]4O[C@H](CO)[C@H](O)[C@H](O)[C@H]4O)[C@H](O)[C@H](O)[C@H]3O)[C@@H](O)[C@H](O)[C@H]2O)[C@@H](O)[C@@H]1O	Organic compounds	Organic oxygen compounds	Organooxygen compounds	Ethers	Aliphatic heteromonocyclic compounds	Organic oxygen compounds
C01628										Unknown
C01635	tRNA(Ala)		29170							Unknown
C01636	tRNA(Arg)		29171							Unknown
C01637	tRNA(Asn)		29172							Unknown
C01638	tRNA(Asp)		29186							Unknown
C01639	tRNA(Cys)		29167							Unknown
C01640	tRNA(Gln)		29168							Unknown
C01641	tRNA(Glu)		29175							Unknown
C01642	tRNA(Gly)		29176							Unknown
C01643	tRNA(His)		29178							Unknown
C01644	tRNA(Ile)		29174							Unknown
C01645	tRNA(Leu)		29169							Unknown
C01646	tRNA(Lys)		29185							Unknown
C01647	tRNA(Met)		29173							Unknown
C01648	tRNA(Phe)		29184							Unknown
C01649	tRNA(Pro)		29177							Unknown
C01650	tRNA(Ser)		29179							Unknown
C01651	tRNA(Thr)		29180							Unknown
C01652	tRNA(Trp)		29181							Unknown
C01653	tRNA(Val)		29183							Unknown
C01661	Doxorubicin	31703.0	28748	COC1=CC=CC2=C1C(=O)C1=C(O)C3=C(C[C@](O)(C[C@@H]3O[C@H]3C[C@H](N)[C@H](O)[C@H](C)O3)C(=O)CO)C(O)=C1C2=O	Organic compounds	Phenylpropanoids and polyketides	Anthracyclines	Anthracyclines	Aromatic heteropolycyclic compounds	Phenylpropanoids and polyketides
C01672	Cadaverine	273.0	18127	NCCCCCN	Organic compounds	Organic nitrogen compounds	Organonitrogen compounds	Organonitrogen compounds	Aliphatic acyclic compounds	Organic nitrogen compounds
C01674	Chitobiose	22833609.0		CC(=O)N[C@H]1[C@H](O)O[C@H](CO)[C@@H](O[C@@H]2O[C@H](CO)[C@@H](O)[C@H](O)[C@H]2NC(O)=O)[C@@H]1O	Organic compounds	Organic oxygen compounds	Organooxygen compounds	Carbohydrates and carbohydrate conjugates	Aliphatic heteromonocyclic compounds	Organic oxygen compounds
C01697	Galactitol	11850.0	16813	OC[C@H](O)[C@@H](O)[C@@H](O)[C@H](O)CO	Organic compounds	Organic oxygen compounds	Organooxygen compounds	Carbohydrates and carbohydrate conjugates	Aliphatic acyclic compounds	Organic oxygen compounds
C01721	L-Fuculose	6857362.0	17617	[H][C@@](C)(O)[C@@]([H])(O)[C@@]([H])(O)C(=O)CO	Organic compounds	Lipids and lipid-like molecules	Fatty Acyls	Fatty alcohols	Aliphatic acyclic compounds	Lipid-like molecules
C01733	Racemethionine	876.0	16811	CSCCC(N)C(O)=O	Organic compounds	Organic acids and derivatives	Carboxylic acids and derivatives	Amino acids, peptides, and analogues	Aliphatic acyclic compounds	Amino acids
C01755	Thiocyanate	9322.0	18022	[S-]C#N	Organic compounds	Organosulfur compounds	Thiocyanates	Thiocyanates	Aliphatic acyclic compounds	Other
C01762	Xanthosine	64959.0	18107	OC[C@H]1O[C@H]([C@H](O)[C@@H]1O)N1C=NC2=C1N=C(O)N=C2O	Organic compounds	Nucleosides, nucleotides, and analogues	Purine nucleosides	Purine nucleosides	Aromatic heteropolycyclic compounds	Nucleotides/nucleosides
C01801	Deoxyribose	22833604.0	28816	OC[C@@H]1O[C@H](O)C[C@H]1O	Organic compounds	Organic oxygen compounds	Organooxygen compounds	Carbohydrates and carbohydrate conjugates	Aliphatic heteromonocyclic compounds	Organic oxygen compounds
C01832	Lauroyl-CoA	165436.0	15521	CCCCCCCCCCCC(=O)SCCNC(=O)CCNC(=O)[C@H](O)C(C)(C)COP(O)(=O)OP(O)(=O)OC[C@H]1O[C@H]([C@H](O)[C@@H]1OP(O)(O)=O)N1C=NC2=C1N=CN=C2N	Organic compounds	Lipids and lipid-like molecules	Fatty Acyls	Fatty acyl thioesters	Aromatic heteropolycyclic compounds	Lipid-like molecules
C01834	(15S)-Prostaglandin A2	4953.0	6495	CCCCCC(O)C=CC1C=CC(=O)C1CC=CCCCC(O)=O	Organic compounds	Lipids and lipid-like molecules	Fatty Acyls	Eicosanoids	Aliphatic homomonocyclic compounds	Lipid-like molecules
C01835	Maltotriose	439586.0	140999	OC[C@H]1O[C@H](O[C@H]2[C@H](O)[C@@H](O)[C@@H](O[C@H]3[C@H](O)[C@@H](O)C(O)O[C@@H]3CO)O[C@@H]2CO)[C@H](O)[C@@H](O)[C@@H]1O	Organic compounds	Organic oxygen compounds	Organooxygen compounds	Carbohydrates and carbohydrate conjugates	Aliphatic heteromonocyclic compounds	Organic oxygen compounds
C01847	FMNH2	445395.0	16048	CC1=CC2=C(C=C1C)N(C[C@H](O)[C@H](O)[C@H](O)COP(O)(O)=O)C1=C(N2)C(=O)NC(=O)N1	Organic compounds	Nucleosides, nucleotides, and analogues	Flavin nucleotides	Flavin nucleotides	Aromatic heteropolycyclic compounds	Nucleotides/nucleosides
C01879	Pyroglutamic acid	7405.0	18183	OC(=O)[C@@H]1CCC(=O)N1	Organic compounds	Organic acids and derivatives	Carboxylic acids and derivatives	Amino acids, peptides, and analogues	Aliphatic heteromonocyclic compounds	Amino acids
C01882										Unknown
C01888	Aminoacetone	215.0	17906	CC(=O)CN	Organic compounds	Organic oxygen compounds	Organooxygen compounds	Carbonyl compounds	Aliphatic acyclic compounds	Organic oxygen compounds
C01898	Cellodextrin	5010.0	3523							Unknown
C01909	Dethiobiotin	445027.0	42280	C[C@@H]1NC(=O)N[C@@H]1CCCCCC(O)=O	Organic compounds	Lipids and lipid-like molecules	Fatty Acyls	Fatty acids and conjugates	Aliphatic heteromonocyclic compounds	Lipid-like molecules
C01929	Histidinal	152657.0	27676	N[C@@H](CC1=CNC=N1)C=O	Organic compounds	Organoheterocyclic compounds	Azoles	Imidazoles	Aromatic heteromonocyclic compounds	Organoheterocyclic compounds
C01931	L-Lysyl-tRNA		16047							Unknown
C01934	Fuconic acid	345732.0		CC(O)C(O)C(O)C(O)C(=O)O	Organic compounds	Organic acids and derivatives	Hydroxy acids and derivatives	Medium-chain hydroxy acids and derivatives	Aliphatic acyclic compounds	Keto / hydroxy acids
C01935	Maltodextrin	439341.0	18167	OC[C@H]1O[C@H](O[C@H]2[C@H](O)[C@@H](O)[C@@H](O)O[C@@H]2CO)[C@H](O)[C@@H](O)[C@@H]1O	Organic compounds	Organic oxygen compounds	Organooxygen compounds	Carbohydrates and carbohydrate conjugates	Aliphatic heteromonocyclic compounds	Organic oxygen compounds
C01936	Maltohexaose	5288409.0	61953	OC[C@H]1O[C@H](O[C@H]2[C@H](O)[C@@H](O)[C@@H](O[C@H]3[C@H](O)[C@@H](O)[C@@H](O[C@H]4[C@H](O)[C@@H](O)[C@@H](O[C@H]5[C@H](O)[C@@H](O)[C@@H](O[C@H]6[C@H](O)[C@@H](O)[C@@H](O)O[C@@H]6CO)O[C@@H]5CO)O[C@@H]4CO)O[C@@H]3CO)O[C@@H]2CO)[C@H](O)[C@@H](O)[C@@H]1O	Organic compounds	Organic oxygen compounds	Organooxygen compounds	Carbohydrates and carbohydrate conjugates	Aliphatic heteromonocyclic compounds	Organic oxygen compounds
C01944	Octanoyl-CoA	380.0	15533	CCCCCCCC(=O)SCCNC(=O)CCNC(=O)C(O)C(C)(C)COP(O)(=O)OP(O)(=O)OCC1OC(C(O)C1OP(O)(O)=O)N1C=NC2=C(N)N=CN=C12	Organic compounds	Lipids and lipid-like molecules	Fatty Acyls	Fatty acyl thioesters	Aromatic heteropolycyclic compounds	Lipid-like molecules
C01962	Thiocysteine	439614.0	28839	N[C@H](CSS)C(O)=O	Organic compounds	Organic acids and derivatives	Carboxylic acids and derivatives	Amino acids, peptides, and analogues	Aliphatic acyclic compounds	Amino acids
C01970	beta-Lactose	6134.0	36218	OC[C@H]1O[C@@H](O[C@H]2[C@H](O)[C@@H](O)[C@H](O)O[C@@H]2CO)[C@H](O)[C@@H](O)[C@H]1O	Organic compounds	Organic oxygen compounds	Organooxygen compounds	Carbohydrates and carbohydrate conjugates	Aliphatic heteromonocyclic compounds	Organic oxygen compounds
C01977										Unknown
C01978										Unknown
C01991										Unknown
C01997										Unknown
C02013	Cellotetraose		62974							Unknown
C02047	L-Leucyl-tRNA		16624							Unknown
C02051	Lipoylprotein		15804							Unknown
C02052	Maltotetraose	439639.0	143180	OC[C@H]1O[C@H](O[C@H]2[C@H](O)[C@@H](O)[C@@H](O[C@H]3[C@H](O)[C@@H](O)[C@@H](O[C@H]4[C@H](O)[C@@H](O)C(O)O[C@@H]4CO)O[C@@H]3CO)O[C@@H]2CO)[C@H](O)[C@@H](O)[C@@H]1O	Organic compounds	Organic oxygen compounds	Organooxygen compounds	Carbohydrates and carbohydrate conjugates	Aliphatic heteromonocyclic compounds	Organic oxygen compounds
C02057										Unknown
C02059	Phylloquinone			[H][C@](COC(=O)CCCCCCCCCCCC)(COC(=O)CC\C=C/C\C=C/C\C=C/C\C=C/C\C=C/C\C=C/CC)OC(=O)CCCCCCCCCCCCCCCCCCCC	Organic compounds	Lipids and lipid-like molecules	Glycerolipids	Triradylcglycerols	Aliphatic acyclic compounds	Lipid-like molecules
C02067	Pseudouridine	15047.0	17802	OC[C@H]1O[C@H]([C@H](O)[C@@H]1O)C1=CNC(=O)NC1=O	Organic compounds	Organoheterocyclic compounds	Diazines	Pyrimidines and pyrimidine derivatives	Aromatic heteromonocyclic compounds	Organoheterocyclic compounds
C02091	Ureidoglycine		16282							Unknown
C02097	dTDP-D-galactose	439651.0	14086	CC1=CN([C@H]2C[C@H](O)[C@@H](COP(O)(=O)OP(O)(=O)O[C@H]3O[C@H](CO)[C@H](O)[C@H](O)[C@H]3O)O2)C(=O)NC1=O	Organic compounds	Organic oxygen compounds	Organooxygen compounds	Carbohydrates and carbohydrate conjugates	Aromatic heteromonocyclic compounds	Organic oxygen compounds
C02107	D-Tartaric acid	439655.0	15672	O[C@@H]([C@H](O)C(O)=O)C(O)=O	Organic compounds	Organic acids and derivatives	Hydroxy acids and derivatives	Beta hydroxy acids and derivatives	Aliphatic acyclic compounds	Keto / hydroxy acids
C02128										Unknown
C02130										Unknown
C02133	Acyl phosphate									Unknown
C02147	Dihydrolipoate	421.0	18047	OC(=O)CCCCC(S)CCS	Organic compounds	Lipids and lipid-like molecules	Fatty Acyls	Fatty acids and conjugates	Aliphatic acyclic compounds	Lipid-like molecules
C02163	L-Arginyl-tRNA(Arg)		18366							Unknown
C02166	Leukotriene C4	5280493.0	16978	CCCCC\C=C/C\C=C/C=C/C=C/[C@@H](SC[C@H](NC(=O)CC[C@H](N)C(O)=O)C(=O)NCC(O)=O)[C@@H](O)CCCC(O)=O	Organic compounds	Organic acids and derivatives	Carboxylic acids and derivatives	Amino acids, peptides, and analogues	Aliphatic acyclic compounds	Amino acids
C02188	Protein lysine									Unknown
C02191	Protoporphyrin IX		15430	CC1=C(CCC(O)=O)/C2=C/C3=N/C(=C\C4=C(C)C(C=C)=C(N4)/C=C4\N=C(\C=C\1/N\2)C(C=C)=C4C)/C(C)=C3CCC(O)=O	Organic compounds	Organoheterocyclic compounds	Tetrapyrroles and derivatives	Metallotetrapyrroles	Aromatic heteropolycyclic compounds	Organoheterocyclic compounds
C02205										Unknown
C02211										Unknown
C02218	2-Aminoacrylic acid	123991.0	17123	NC(=C)C(O)=O	Organic compounds	Organic acids and derivatives	Carboxylic acids and derivatives	Amino acids, peptides, and analogues	Aliphatic acyclic compounds	Amino acids
C02222	2-Maleylacetate	5280500.0	1184	OC(=O)CC(=O)\C=C/C(O)=O	Organic compounds	Organic acids and derivatives	Keto acids and derivatives	Medium-chain keto acids and derivatives	Aliphatic acyclic compounds	Keto / hydroxy acids
C02225	2-Methylcitric acid	515.0	30835	CC(C(O)=O)C(O)(CC(O)=O)C(O)=O	Organic compounds	Organic acids and derivatives	Carboxylic acids and derivatives	Tricarboxylic acids and derivatives	Aliphatic acyclic compounds	Carboxylic acids
C02226	Citraconic acid	643798.0	17626	C\C(=C\C(O)=O)C(O)=O	Organic compounds	Lipids and lipid-like molecules	Fatty Acyls	Fatty acids and conjugates	Aliphatic acyclic compounds	Lipid-like molecules
C02232	3-Oxoadipyl-CoA	9543153.0	15490	[H][C@](O)(C(O)=NCCC(O)=NCCSC(=O)CC(=O)CCC(O)=O)C(C)(C)COP(O)(=O)OP(O)(=O)OC[C@@]1([H])O[C@@]([H])(N2C=NC3=C(N)N=CN=C23)[C@]([H])(O)[C@]1([H])OP(O)(O)=O	Organic compounds	Lipids and lipid-like molecules	Fatty Acyls	Fatty acyl thioesters	Aromatic heteropolycyclic compounds	Lipid-like molecules
C02247	anthraniloyl-CoA	9543032.0	15472	CC(C)(COP(=O)(O)OP(=O)(O)OC1O(n2cnc3c(N)ncnc32)(O)1OP(=O)(O)O)(O)C(=O)NCCC(=O)NCCSC(=O)c1ccccc1N						Unknown
C02262	D-Galactosamine		60312							Unknown
C02265	D-Phenylalanine		28044	NC(CC1=CC=CC=C1)C(O)=O	Organic compounds	Organic acids and derivatives	Carboxylic acids and derivatives	Amino acids, peptides, and analogues	Aromatic homomonocyclic compounds	Amino acids
C02269										Unknown
C02282	Glutaminyl-tRNA		29166							Unknown
C02291	L-Cystathionine	439258.0	17482	N[C@@H](CCSC[C@H](N)C(O)=O)C(O)=O	Organic compounds	Organic acids and derivatives	Carboxylic acids and derivatives	Amino acids, peptides, and analogues	Aliphatic acyclic compounds	Amino acids
C02320	R-S-Glutathione		17021							Unknown
C02323	2-Hydroxybenzyl alcohol	5146.0	16464	OCC1=C(O)C=CC=C1	Organic compounds	Benzenoids	Benzene and substituted derivatives	Benzyl alcohols	Aromatic homomonocyclic compounds	Benzenoids
C02325	Sinapyl alcohol	5280507.0	64557	COC1=CC(\C=C\CO)=CC(OC)=C1O	Organic compounds	Benzenoids	Phenols	Methoxyphenols	Aromatic homomonocyclic compounds	Benzenoids
C02336	beta-D-Fructose									Unknown
C02338										Unknown
C02341	trans-Aconitic acid	444212.0	32806	OC(=O)C\C(=C/C(O)=O)C(O)=O	Organic compounds	Organic acids and derivatives	Carboxylic acids and derivatives	Tricarboxylic acids and derivatives	Aliphatic acyclic compounds	Carboxylic acids
C02350	Allantoin	204.0	15676	NC(=O)NC1NC(=O)NC1=O	Organic compounds	Organoheterocyclic compounds	Azolidines	Imidazolidines	Aliphatic heteromonocyclic compounds	Organoheterocyclic compounds
C02352	1,4-beta-D-Xylan		15447							Unknown
C02353	Adenosine 2',3'-cyclic phosphate	441483.0	27520	NC1=NC=NC2=C1N=CN2C1OC(CO)C2OP(O)(=O)OC12	Organic compounds	Nucleosides, nucleotides, and analogues	Purine nucleotides	Cyclic purine nucleotides	Aromatic heteropolycyclic compounds	Nucleotides/nucleosides
C02354	2',3'-Cyclic CMP		27652							Unknown
C02355	Uridine 2',3'-cyclic phosphate	439715.0	28637	OC[C@H]1O[C@H]([C@@H]2OP(O)(=O)O[C@H]12)N1C=CC(=O)NC1=O	Organic compounds	Nucleosides, nucleotides, and analogues	Pyrimidine nucleotides	Cyclic pyrimidine nucleotides	Aromatic heteropolycyclic compounds	Nucleotides/nucleosides
C02356	L-alpha-Aminobutyric acid	80283.0	35619	CC[C@H](N)C(O)=O	Organic compounds	Organic acids and derivatives	Carboxylic acids and derivatives	Amino acids, peptides, and analogues	Aliphatic acyclic compounds	Amino acids
C02362	2-Oxosuccinamate	439716.0	16327	OC(=N)CC(=O)C(O)=O	Organic compounds	Organic acids and derivatives	Keto acids and derivatives	Short-chain keto acids and derivatives	Aliphatic acyclic compounds	Keto / hydroxy acids
C02376	5-Methylcytosine	65040.0	27551	CC1=C(N)NC(=O)N=C1	Organic compounds	Organoheterocyclic compounds	Diazines	Pyrimidines and pyrimidine derivatives	Aromatic heteromonocyclic compounds	Organoheterocyclic compounds
C02380	Mercaptopurine	667490.0	2208	S=C1N=CNC2=C1NC=N2	Organic compounds	Organoheterocyclic compounds	Imidazopyrimidines	Purines and purine derivatives	Aromatic heteropolycyclic compounds	Organoheterocyclic compounds
C02385	DL-Arginine	232.0	29016	NC(CCCN=C(N)N)C(O)=O	Organic compounds	Organic acids and derivatives	Carboxylic acids and derivatives	Amino acids, peptides, and analogues	Aliphatic acyclic compounds	Amino acids
C02412	Glycyl-tRNA(Gly)		29156							Unknown
C02415										Unknown
C02429										Unknown
C02430	L-Methionyl-tRNA		16635							Unknown
C02457	Propane-1,3-diol		16109							Unknown
C02463	Precorrin 2		50602							Unknown
C02476										Unknown
C02479										Unknown
C02501	2-Hydroxymuconate		64016							Unknown
C02504	2-Isopropylmalic acid	5280523.0	35128	CC(C)[C@@](O)(CC(O)=O)C(O)=O	Organic compounds	Lipids and lipid-like molecules	Fatty Acyls	Fatty acids and conjugates	Aliphatic acyclic compounds	Lipid-like molecules
C02505	2-Phenylacetamide	7680.0	16562	NC(=O)CC1=CC=CC=C1	Organic compounds	Benzenoids	Benzene and substituted derivatives	Phenylacetamides	Aromatic homomonocyclic compounds	Benzenoids
C02512	L-3-Cyanoalanine	439742.0	16934	N[C@@H](CC#N)C(O)=O	Organic compounds	Organic acids and derivatives	Carboxylic acids and derivatives	Amino acids, peptides, and analogues	Aliphatic acyclic compounds	Amino acids
C02553	L-Seryl-tRNA(Ser)		29162							Unknown
C02554	L-Valyl-tRNA(Val)		29164							Unknown
C02565	N-Methylhydantoin	69217.0	16354	CN1CC(=O)NC1=O	Organic compounds	Organoheterocyclic compounds	Azolidines	Imidazolidines	Aliphatic heteromonocyclic compounds	Organoheterocyclic compounds
C02583										Unknown
C02591	Sucrose 6'-phosphate									Unknown
C02593	Tetradecanoyl-CoA	65113.0	15532	CCCCCCCCCCCCCC(=O)SCCNC(=O)CCNC(=O)C(O)C(C)(C)COP(O)(=O)OP(O)(=O)OC[C@H]1O[C@H]([C@H](O)[C@@H]1OP(O)(O)=O)N1C=NC2=C1N=CN=C2N	Organic compounds	Lipids and lipid-like molecules	Fatty Acyls	Fatty acyl thioesters	Aromatic heteropolycyclic compounds	Lipid-like molecules
C02612	(R)-2-Methylmalate		15586							Unknown
C02631	Isopropylmaleic acid	5280533.0	17275	CC(C)C(=C\C(O)=O)\C(O)=O	Organic compounds	Lipids and lipid-like molecules	Fatty Acyls	Fatty acids and conjugates	Aliphatic acyclic compounds	Lipid-like molecules
C02637	3-dehydroshikimate			OC1CC(=CC(=O)C1O)C([O-])=O	Organic compounds	Organic oxygen compounds	Organooxygen compounds	Carbonyl compounds	Aliphatic homomonocyclic compounds	Organic oxygen compounds
C02642	Ureidopropionic acid	111.0	18261	NC(=O)NCCC(O)=O	Organic compounds	Organic acids and derivatives	Organic carbonic acids and derivatives	Organic carbonic acids and derivatives	Aliphatic acyclic compounds	Other organic acids
C02646	4-Coumaryl alcohol	5280535.0	64555	OC\C=C\C1=CC=C(O)C=C1	Organic compounds	Phenylpropanoids and polyketides	Cinnamyl alcohols	Cinnamyl alcohols	Aromatic homomonocyclic compounds	Phenylpropanoids and polyketides
C02655										Unknown
C02659	Acetone cyanohydrin	6406.0	15348	CC(C)(O)C#N	Organic compounds	Organic oxygen compounds	Organooxygen compounds	Alcohols and polyols	Aliphatic acyclic compounds	Organic oxygen compounds
C02686	Galactosylceramide (d18:1/16:0)	53480652.0		CCCCCCCCCCCCCCCC(=O)NC(CO[C@@H]1O[C@H](CO)[C@H](O)[C@H](O)[C@H]1O)C(O)\C=C/CCCCCCCCCCCCC	Organic compounds	Lipids and lipid-like molecules	Sphingolipids	Glycosphingolipids	Aliphatic heteromonocyclic compounds	Lipid-like molecules
C02702	L-Prolyl-tRNA(Pro)		29154							Unknown
C02713	N-Acetylmuramate	5462244.0	21615	[H][C@](C)(O[C@@]1([H])[C@]([H])(O)[C@@]([H])(CO)OC([H])(O)[C@]1([H])N=C(C)O)C(O)=O	Organic compounds	Organic oxygen compounds	Organooxygen compounds	Carbohydrates and carbohydrate conjugates	Aliphatic heteromonocyclic compounds	Organic oxygen compounds
C02714	N-Acetylputrescine	122356.0	17768	CC(=O)NCCCCN	Organic compounds	Organic acids and derivatives	Carboxylic acids and derivatives	Carboxylic acid derivatives	Aliphatic acyclic compounds	Carboxylic acids
C02723	N-Methylputrescine	439791.0	17166	CNCCCCN	Organic compounds	Organic nitrogen compounds	Organonitrogen compounds	Amines	Aliphatic acyclic compounds	Organic nitrogen compounds
C02730	2-succinylbenzoate	955.0	44788	OC(=O)CCC(=O)C1=C(C=CC=C1)C(O)=O	Organic compounds	Organic oxygen compounds	Organooxygen compounds	Carbonyl compounds	Aromatic homomonocyclic compounds	Organic oxygen compounds
C02737	PS(16:0/16:0)	9547090.0	84523	CCCCCCCCCCCCCCCC(=O)OC[C@H](COP(O)(=O)OC[C@H](N)C(O)=O)OC(=O)CCCCCCCCCCCCCCC	Organic compounds	Lipids and lipid-like molecules	Glycerophospholipids	Glycerophosphoserines	Aliphatic acyclic compounds	Lipid-like molecules
C02739	Phosphoribosyl-ATP	11050836.0	73200	O[C@@H]1[C@@H](COP(O)(=O)OP(O)(=O)OP(O)(O)=O)O[C@H]([C@@H]1O)N1C=NC2=C1N=CN([C@@H]1O[C@H](COP(O)(O)=O)[C@@H](O)[C@H]1O)C2=N	Organic compounds	Nucleosides, nucleotides, and analogues	Purine nucleotides	Purine ribonucleotides	Aromatic heteropolycyclic compounds	Nucleotides/nucleosides
C02741	Phosphoribosyl-AMP	11988267.0	18374	O[C@@H]1[C@@H](COP(O)(O)=O)O[C@H]([C@@H]1O)N1C=NC2=C1N=CN([C@@H]1O[C@H](COP(O)(O)=O)[C@@H](O)[C@H]1O)C2=N	Organic compounds	Nucleosides, nucleotides, and analogues	Purine nucleotides	Purine ribonucleotides	Aromatic heteropolycyclic compounds	Nucleotides/nucleosides
C02743										Unknown
C02745										Unknown
C02766										Unknown
C02780	2,5-didehydro-D-gluconic acid	102287.0	18281	O=C(O)C(=O)(O)(O)C(=O)CO	Organic compounds	Organic acids and derivatives	Carboxylic acids and derivatives	Pentacarboxylic acids and derivatives	Aliphatic acyclic compounds	Carboxylic acids
C02839	L-Tyrosyl-tRNA(Tyr)		29161							Unknown
C02843	Long-chain acyl-CoA	5783.0	33184	C1=CC(=C(C(=C1C(=O)O)Cl)Cl)Cl	Organic compounds	Benzenoids	Benzene and substituted derivatives	Benzoic acids and derivatives	Aromatic homomonocyclic compounds	Benzenoids
C02869										Unknown
C02876	Propanoyl phosphate		8478							Unknown
C02882										Unknown
C02888	Sorbose 1-phosphate	439837.0	38342	OC[C@H](O)[C@@H](O)[C@H](O)C(=O)COP(O)(O)=O	Organic compounds	Organic oxygen compounds	Organooxygen compounds	Carbonyl compounds	Aliphatic acyclic compounds	Organic oxygen compounds
C02909	(2-Naphthyl)methanol	74128.0	27615	OCC1=CC2=CC=CC=C2C=C1	Organic compounds	Benzenoids	Naphthalenes	Naphthalenes	Aromatic homopolycyclic compounds	Benzenoids
C02912										Unknown
C02917	(S)-Propane-1,2-diol	439846.0	29002	C[C@H](O)CO	Organic compounds	Organic oxygen compounds	Organooxygen compounds	Alcohols and polyols	Aliphatic acyclic compounds	Organic oxygen compounds
C02939	Isovaleryl-CoA	165435.0	15487	CC(C)CC(=O)SCCNC(=O)CCNC(=O)[C@H](O)C(C)(C)COP(O)(=O)OP(O)(=O)OC[C@H]1O[C@H]([C@H](O)[C@@H]1OP(O)(O)=O)N1C=NC2=C1N=CN=C2N	Organic compounds	Lipids and lipid-like molecules	Fatty Acyls	Fatty acyl thioesters	Aromatic heteropolycyclic compounds	Lipid-like molecules
C02953										Unknown
C02962	D-Allose 6-phosphate	5878.0	17942	C[C@]12CC[C@H]3[C@H]([C@@H]1CC[C@]2(C)O)CC[C@@H]4[C@@]3(COC(=O)C4)C	Organic compounds	Lipids and lipid-like molecules	Steroids and steroid derivatives	Steroid lactones	Aliphatic heteropolycyclic compounds	Lipid-like molecules
C02967										Unknown
C02970	all-trans decaprenyl phosphate	5280557.0	16477	CC(C)=CCC/C(C)=C/CC/C(C)=C/CC/C(C)=C/CC/C(C)=C/CC/C(C)=C/CC/C(C)=C/CC/C(C)=C/CC/C(C)=C/CC/C(C)=C/COP(=O)(O)O	Organic compounds	Lipids and lipid-like molecules	Prenol lipids	Polyterpenoids	Aliphatic acyclic compounds	Lipid-like molecules
C02972	Dihydrolipoylprotein		16194							Unknown
C02979	beta-Glycerophosphoric acid	2526.0	17270	OCC(CO)OP(O)(O)=O	Organic compounds	Lipids and lipid-like molecules	Glycerophospholipids	Glycerophosphates	Aliphatic acyclic compounds	Lipid-like molecules
C02983										Unknown
C02984	L-Aspartyl-tRNA(Asp)		29158							Unknown
C02987	L-Glutamyl-tRNA(Glu)		29157							Unknown
C02988	L-Histidyl-tRNA(His)		29155							Unknown
C02989	Methionine sulfoxide	158980.0	17016	CS(=O)CC[C@H](N)C(O)=O	Organic compounds	Organic acids and derivatives	Carboxylic acids and derivatives	Amino acids, peptides, and analogues	Aliphatic acyclic compounds	Amino acids
C02992	L-Threonyl-tRNA(Thr)		29163							Unknown
C02995	Maltose 6'-phosphate		15703							Unknown
C02999	N-Acetylmuramoyl-Ala	5462248.0		[H][C@](C)(O[C@@]1([H])[C@]([H])(O)[C@@]([H])(CO)O[C@]([H])(O)[C@]1([H])N=C(C)O)C(O)=N[C@]([H])(C)C(O)=O	Organic compounds	Organic oxygen compounds	Organooxygen compounds	Carbohydrates and carbohydrate conjugates	Aliphatic heteromonocyclic compounds	Organic oxygen compounds
C03024										Unknown
C03028	Thiamine triphosphate	511.0	9534	CC1=C(CCOP(O)(=O)OP(O)(=O)OP(O)(O)=O)SC=[N+]1CC1=C(N)N=C(C)N=C1	Organic compounds	Organoheterocyclic compounds	Diazines	Pyrimidines and pyrimidine derivatives	Aromatic heteromonocyclic compounds	Organoheterocyclic compounds
C03033	3-Methoxy-4-hydroxyphenylglycol glucuronide	22833525.0	89405	COC1=CC(=CC=C1O[C@@H]1O[C@@H]([C@@H](O)[C@H](O)[C@H]1O)C(O)=O)C(O)CO	Organic compounds	Organic oxygen compounds	Organooxygen compounds	Carbohydrates and carbohydrate conjugates	Aromatic heteromonocyclic compounds	Organic oxygen compounds
C03064	3-Dehydro-L-threonate		16943							Unknown
C03069	3-Methylcrotonyl-CoA	9549326.0	15486	CC(C)=CC(=O)SCCNC(=O)CCNC(=O)[C@H](O)C(C)(C)COP(O)(=O)OP(O)(=O)OC[C@H]1O[C@H]([C@H](O)[C@@H]1OP(O)(O)=O)N1C=NC2=C1N=CN=C2N	Organic compounds	Lipids and lipid-like molecules	Fatty Acyls	Fatty acyl thioesters	Aromatic heteropolycyclic compounds	Lipid-like molecules
C03082	L-Aspartyl-4-phosphate	152441.0	15836	N[C@@H](CC(=O)OP(O)(O)=O)C(O)=O	Organic compounds	Organic acids and derivatives	Carboxylic acids and derivatives	Amino acids, peptides, and analogues	Aliphatic acyclic compounds	Amino acids
C03089	5-Methylthioribose	439904.0	16895	CSC[C@H]1O[C@@H](O)[C@H](O)[C@@H]1O	Organic compounds	Organic oxygen compounds	Organooxygen compounds	Carbohydrates and carbohydrate conjugates	Aliphatic heteromonocyclic compounds	Organic oxygen compounds
C03090	5-Phosphoribosylamine	439905.0	37737	N[C@@H]1O[C@H](COP(O)(O)=O)[C@@H](O)[C@H]1O	Organic compounds	Organic oxygen compounds	Organooxygen compounds	Carbohydrates and carbohydrate conjugates	Aliphatic heteromonocyclic compounds	Organic oxygen compounds
C03114	Dimethylbenzimidazole	675.0	15890	CC1=CC2=C(C=C1C)N=CN2	Organic compounds	Organoheterocyclic compounds	Benzimidazoles	Benzimidazoles	Aromatic heteropolycyclic compounds	Organoheterocyclic compounds
C03125	L-Cysteinyl-tRNA(Cys)		29152							Unknown
C03127	L-Isoleucyl-tRNA(Ile)		29160							Unknown
C03150	Nicotinamide riboside	439924.0	15927	NC(=O)C1=C[N+](=CC=C1)[C@@H]1O[C@H](CO)[C@@H](O)[C@H]1O	Organic compounds	Organoheterocyclic compounds	Pyridines and derivatives	Pyridinecarboxylic acids and derivatives	Aromatic heteromonocyclic compounds	Organoheterocyclic compounds
C03160	2-Succinylbenzoyl-CoA		15509							Unknown
C03161										Unknown
C03172										Unknown
C03175	Shikimic acid 3-phosphate		17052	O[C@@H]1CC(=C[C@@H](OP(O)(O)=O)[C@H]1O)C(O)=O	Organic compounds	Organic acids and derivatives	Organic phosphoric acids and derivatives	Phosphate esters	Aliphatic homomonocyclic compounds	Other organic acids
C03193										Unknown
C03194	(R)-1-Aminopropan-2-ol		15675							Unknown
C03196	L-2-Hydroxyglutaric acid	439939.0	32797	O[C@@H](CCC(O)=O)C(O)=O	Organic compounds	Lipids and lipid-like molecules	Fatty Acyls	Fatty acids and conjugates	Aliphatic acyclic compounds	Lipid-like molecules
C03221	(2E)-Dodecenoyl-CoA	5165851.0	57330	CCCCCCCCCC=CC(=O)SCCNC(=O)CCNC(=O)C(O)C(C)(C)COP(O)(=O)OP(O)(=O)OCC1OC(C(O)C1OP(O)(O)=O)N1C=NC2=C1N=CN=C2N	Organic compounds	Lipids and lipid-like molecules	Fatty Acyls	Fatty acyl thioesters	Aromatic heteropolycyclic compounds	Lipid-like molecules
C03232	Phosphohydroxypyruvic acid	105.0	30933	OC(=O)C(=O)COP(O)(O)=O	Organic compounds	Organic oxygen compounds	Organooxygen compounds	Carbonyl compounds	Aliphatic acyclic compounds	Organic oxygen compounds
C03263	Coproporphyrinogen III	321.0	15439	CC1=C2CC3=C(C)C(CCC(O)=O)=C(CC4=C(CCC(O)=O)C(C)=C(CC5=C(CCC(O)=O)C(C)=C(CC(N2)=C1CCC(O)=O)N5)N4)N3	Organic compounds	Organoheterocyclic compounds	Tetrapyrroles and derivatives	Metallotetrapyrroles	Aromatic heteropolycyclic compounds	Organoheterocyclic compounds
C03273	Glutarate semialdehyde	439963.0	39153	OC(=O)CCCC=O	Organic compounds	Lipids and lipid-like molecules	Fatty Acyls	Fatty acids and conjugates	Aliphatic acyclic compounds	Lipid-like molecules
C03274										Unknown
C03284	(S)-beta-Aminoisobutyric acid	439434.0	33094	C[C@@H](CN)C(O)=O	Organic compounds	Organic acids and derivatives	Carboxylic acids and derivatives	Amino acids, peptides, and analogues	Aliphatic acyclic compounds	Amino acids
C03287	L-Glutamic acid 5-phosphate	193475.0	17798	N[C@@H](CCC(=O)OP(O)(O)=O)C(O)=O	Organic compounds	Organic acids and derivatives	Carboxylic acids and derivatives	Amino acids, peptides, and analogues	Aliphatic acyclic compounds	Amino acids
C03291	L-Xylulose 5-phosphate		16593							Unknown
C03294	N-Formylmethionyl-tRNA		17119							Unknown
C03296	N2-Succinyl-L-arginine		17705							Unknown
C03313	Phylloquinol	5280585.0	28433	CC(C)CCC[C@@H](C)CCC[C@@H](C)CCC\C(C)=C\CC1=C(O)C2=C(C=CC=C2)C(O)=C1C	Organic compounds	Lipids and lipid-like molecules	Prenol lipids	Diterpenoids	Aromatic homopolycyclic compounds	Lipid-like molecules
C03319	Deoxythymidine diphosphate-L-rhamnose	121966.0	15774	C[C@@H]1O[C@H](OP(O)(=O)OP(O)(=O)OC[C@H]2O[C@H](C[C@@H]2O)N2C=C(C)C(=O)NC2=O)[C@H](O)[C@H](O)[C@H]1O	Organic compounds	Organic oxygen compounds	Organooxygen compounds	Carbohydrates and carbohydrate conjugates	Aromatic heteromonocyclic compounds	Organic oxygen compounds
C03340	L-2,3-Dihydrodipicolinate	17.0	48052	OC(=O)C1CC=CC(=N1)C(O)=O	Organic compounds	Organic acids and derivatives	Carboxylic acids and derivatives	Amino acids, peptides, and analogues	Aliphatic heteromonocyclic compounds	Amino acids
C03344	2-Methylacetoacetyl-CoA	53.0	15476	C[C@@H](C(C)=O)C(=O)SCCNC(=O)CCNC(=O)[C@H](O)C(C)(C)COP(O)(=O)OP(O)(=O)OC[C@H]1O[C@H]([C@H](O)[C@@H]1OP(O)(O)=O)N1C=NC2=C1N=CN=C2N	Organic compounds	Lipids and lipid-like molecules	Fatty Acyls	Fatty acyl thioesters	Aromatic heteropolycyclic compounds	Lipid-like molecules
C03345	Tiglyl-CoA	6443760.0	15478	C\C=C(/C)C(=O)SCCNC(=O)CCNC(=O)[C@H](O)C(C)(C)COP(O)(=O)OP(O)(=O)OC[C@H]1O[C@H]([C@H](O)[C@@H]1OP(O)(O)=O)N1C=NC2=C1N=CN=C2N	Organic compounds	Lipids and lipid-like molecules	Fatty Acyls	Fatty acyl thioesters	Aromatic heteropolycyclic compounds	Lipid-like molecules
C03363										Unknown
C03373	5-Aminoimidazole ribonucleotide	161500.0	138560	NC1=CN=CN1[C@@H]1O[C@H](COP(O)(O)=O)[C@@H](O)[C@H]1O	Organic compounds	Organic oxygen compounds	Organooxygen compounds	Carbohydrates and carbohydrate conjugates	Aromatic heteromonocyclic compounds	Organic oxygen compounds
C03384										Unknown
C03393	4-Phospho-D-erythronate		49003							Unknown
C03401	2,3-Diaminopropionic acid	97328.0	16303	NC[C@H](N)C(O)=O	Organic compounds	Organic acids and derivatives	Carboxylic acids and derivatives	Amino acids, peptides, and analogues	Aliphatic acyclic compounds	Amino acids
C03402	L-Asparaginyl-tRNA(Asn)		29265							Unknown
C03406	Argininosuccinic acid	16950.0	15682	N[C@@H](CCCNC(=N)N[C@@H](CC(O)=O)C(O)=O)C(O)=O	Organic compounds	Organic acids and derivatives	Carboxylic acids and derivatives	Amino acids, peptides, and analogues	Aliphatic acyclic compounds	Amino acids
C03415	N2-Succinyl-L-ornithine	127370.0	27574	NCCC[C@H](NC(=O)CCC(O)=O)C(O)=O	Organic compounds	Organic acids and derivatives	Carboxylic acids and derivatives	Amino acids, peptides, and analogues	Aliphatic acyclic compounds	Amino acids
C03451	S-Lactoylglutathione	440018.0	15694	C[C@@H](O)C(=O)SC[C@H](NC(=O)CC[C@H](N)C(O)=O)C(=O)NCC(O)=O	Organic compounds	Organic acids and derivatives	Carboxylic acids and derivatives	Amino acids, peptides, and analogues	Aliphatic acyclic compounds	Amino acids
C03453	(Z)-5-oxohex-2-enedioic acid	5280595.0	32808	O=C(O)/C=C\CC(=O)C(=O)O	Organic compounds	Organic acids and derivatives	Keto acids and derivatives	Medium-chain keto acids and derivatives	Aliphatic acyclic compounds	Keto / hydroxy acids
C03459	2-Hydroxy-3-oxosuccinate		17778							Unknown
C03460	Methacrylyl-CoA	165390.0	27754	CC(=C)C(=O)SCCNC(=O)CCNC(=O)[C@H](O)C(C)(C)COP(O)(=O)OP(O)(=O)OC[C@H]1O[C@H]([C@H](O)[C@@H]1OP(O)(O)=O)N1C=NC2=C1N=CN=C2N	Organic compounds	Lipids and lipid-like molecules	Fatty Acyls	Fatty acyl thioesters	Aromatic heteropolycyclic compounds	Lipid-like molecules
C03479	Folinic acid	149436.0	63606	NC1=NC(=O)C2=C(NC[C@H](CNC3=CC=C(C=C3)C(=O)N[C@@H](CCC(O)=O)C(O)=O)N2C=O)N1	Organic compounds	Organic acids and derivatives	Carboxylic acids and derivatives	Amino acids, peptides, and analogues	Aromatic heteropolycyclic compounds	Amino acids
C03492	D-4'-Phosphopantothenate	41635.0	15905	CC(C)(COP(O)(O)=O)[C@@H](O)C(=O)NCCC(O)=O	Organic compounds	Organic acids and derivatives	Carboxylic acids and derivatives	Amino acids, peptides, and analogues	Aliphatic acyclic compounds	Amino acids
C03506	(1S,2R)-1-C-(indol-3-yl)glycerol 3-phosphate	444150.0	51793	[H][C@@](O)(COP(O)(O)=O)[C@@]([H])(O)C1=CNC2=C1C=CC=C2	Organic compounds	Organoheterocyclic compounds	Indoles and derivatives	Indoles	Aromatic heteropolycyclic compounds	Organoheterocyclic compounds
C03508	L-2-Amino-3-oxobutanoic acid	440033.0	40673	CC(=O)[C@H](N)C(O)=O	Organic compounds	Organic acids and derivatives	Carboxylic acids and derivatives	Amino acids, peptides, and analogues	Aliphatic acyclic compounds	Amino acids
C03511	L-Phenylalanyl-tRNA(Phe)		29153							Unknown
C03512	L-Tryptophanyl-tRNA(Trp)		29159							Unknown
C03519	N-Acetyl-L-phenylalanine	74839.0	16259	CC(=O)N[C@@H](CC1=CC=CC=C1)C(O)=O	Organic compounds	Organic acids and derivatives	Carboxylic acids and derivatives	Amino acids, peptides, and analogues	Aromatic homomonocyclic compounds	Amino acids
C03539	S-Ribosyl-L-homocysteine									Unknown
C03541	Tetrahydrofolyl-[Glu](n)	45479706.0	27650	NC1=NC(=O)C2=C(NCC(CNC3=CC=C(C=C3)C(=O)NC(CCC(=O)NC(CCC(=O)NC(CCC(O)=O)C(O)=O)C(O)=O)C(O)=O)N2)N1	Organic compounds	Organic acids and derivatives	Carboxylic acids and derivatives	Amino acids, peptides, and analogues	Aromatic heteropolycyclic compounds	Amino acids
C03546	D-myo-Inositol 4-phosphate	440043.0	18384	O[C@@H]1[C@H](O)[C@H](O)[C@@H](OP(O)(O)=O)[C@H](O)[C@H]1O	Organic compounds	Organic oxygen compounds	Organooxygen compounds	Alcohols and polyols	Aliphatic homomonocyclic compounds	Organic oxygen compounds
C03557	Ciliatine	339.0	15573	NCCP(O)(O)=O	Organic compounds	Organic acids and derivatives	Organic phosphonic acids and derivatives	Organic phosphonic acids and derivatives	Aliphatic acyclic compounds	Other organic acids
C03561	3-Hydroxybutyryl-CoA	11966146.0	15452	C[C@@H](O)CC(=O)SCCNC(=O)CCNC(=O)[C@H](O)C(C)(C)COP(O)(=O)OP(O)(=O)OC[C@H]1O[C@H]([C@H](O)[C@@H]1OP(O)(O)=O)N1C=NC2=C1N=CN=C2N	Organic compounds	Lipids and lipid-like molecules	Fatty Acyls	Fatty acyl thioesters	Aromatic heteropolycyclic compounds	Lipid-like molecules
C03589	4-Hydroxy-2-oxopentanoate	6380.0	17655							Unknown
C03657	1,4-Dihydroxy-2-naphthoic acid	671.0	18094	OC(=O)C1=C(O)C2=CC=CC=C2C(O)=C1	Organic compounds	Benzenoids	Naphthalenes	Naphthalenecarboxylic acids and derivatives	Aromatic homopolycyclic compounds	Benzenoids
C03684	Dyspropterin	128973.0	17804	CC(=O)C(=O)C1CNC2=C(N1)C(=O)NC(N)=N2	Organic compounds	Organoheterocyclic compounds	Pteridines and derivatives	Pterins and derivatives	Aromatic heteropolycyclic compounds	Organoheterocyclic compounds
C03688	Apo-[acyl-carrier-protein]		16139							Unknown
C03692	1,2-Diacyl-3-beta-D-galactosyl-sn-glycerol		17615							Unknown
C03722	Quinolinic acid	1066.0	16675	OC(=O)C1=CC=CN=C1C(O)=O	Organic compounds	Organoheterocyclic compounds	Pyridines and derivatives	Pyridinecarboxylic acids and derivatives	Aromatic heteromonocyclic compounds	Organoheterocyclic compounds
C03733	UDP-D-galacto-1,4-furanose	6496.0	67118	C=CS(=O)(=O)C=C	Organic compounds	Organosulfur compounds	Sulfonyls	Sulfones	Aliphatic acyclic compounds	Other
C03736										Unknown
C03740	gamma-Glutamylalanine	440103.0	50619	C[C@H](NC(=O)CC[C@H](N)C(O)=O)C(O)=O	Organic compounds	Organic acids and derivatives	Carboxylic acids and derivatives	Amino acids, peptides, and analogues	Aliphatic acyclic compounds	Amino acids
C03741	(S)-4-Amino-5-oxopentanoate		15757							Unknown
C03742	(S)-4-Hydroxymandelonitrile	440104.0	16660	O[C@H](C#N)C1=CC=C(O)C=C1	Organic compounds	Benzenoids	Phenols	1-hydroxy-2-unsubstituted benzenoids	Aromatic homomonocyclic compounds	Benzenoids
C03758	Dopamine	681.0	18243	NCCC1=CC(O)=C(O)C=C1	Organic compounds	Benzenoids	Phenols	1-hydroxy-2-unsubstituted benzenoids	Aromatic homomonocyclic compounds	Benzenoids
C03765	4-Hydroxyphenylacetaldehyde	440113.0	15621	OC1=CC=C(CC=O)C=C1	Organic compounds	Benzenoids	Benzene and substituted derivatives	Phenylacetaldehydes	Aromatic homomonocyclic compounds	Benzenoids
C03785	D-Tagatose 1,6-bisphosphate	440117.0	4250	O[C@@H]1[C@H](O)C(O)(COP(O)(O)=O)O[C@@H]1COP(O)(O)=O	Organic compounds	Organic oxygen compounds	Organooxygen compounds	Carbohydrates and carbohydrate conjugates	Aliphatic heteromonocyclic compounds	Organic oxygen compounds
C03794	Adenylsuccinic acid	447145.0	15919	O[C@@H]1[C@@H](COP(O)(O)=O)O[C@H]([C@@H]1O)N1C=NC2=C1N=CN=C2N[C@@H](CC(O)=O)C(O)=O	Organic compounds	Nucleosides, nucleotides, and analogues	Purine nucleotides	Purine ribonucleotides	Aromatic heteropolycyclic compounds	Nucleotides/nucleosides
C03826	2-dehydro-3-deoxy-D-arabinonic acid	5280626.0	1060	O=C(O)C(=O)C(O)CO	Organic compounds	Organic acids and derivatives	Keto acids and derivatives	Short-chain keto acids and derivatives	Aliphatic acyclic compounds	Keto / hydroxy acids
C03838	Glycineamideribotide	160913.0	18349	NCC(=O)N[C@@H]1O[C@H](COP(O)(O)=O)[C@@H](O)[C@H]1O	Organic compounds	Nucleosides, nucleotides, and analogues	Glycinamide ribonucleotides	Glycinamide ribonucleotides	Aliphatic heteromonocyclic compounds	Nucleotides/nucleosides
C03859										Unknown
C03889										Unknown
C03892	Phosphatidylglycerophosphate		37393							Unknown
C03912	1-Pyrroline-5-carboxylic acid	440162.0	371	OC(=O)[C@@H]1CCC=N1	Organic compounds	Organic acids and derivatives	Carboxylic acids and derivatives	Amino acids, peptides, and analogues	Aliphatic heteromonocyclic compounds	Amino acids
C03921	2-Dehydro-3-deoxy-D-glucarate		17305							Unknown
C03939	Acetyl-[acyl-carrier protein]		17093							Unknown
C03964	(R)-3-(4-Hydroxyphenyl)lactate	6685.0	10980 16003							Unknown
C03972	Tetrahydrodipicolinate	440179.0	864	OC(=O)[C@@H]1CCCC(=N1)C(O)=O	Organic compounds	Organic acids and derivatives	Carboxylic acids and derivatives	Amino acids, peptides, and analogues	Aliphatic heteromonocyclic compounds	Amino acids
C03979	2-Dehydro-3-deoxy-L-rhamnonate		18078							Unknown
C04006	myo-Inositol 1-phosphate		18297	O[C@H]1[C@H](O)[C@@H](O)[C@H](OP(O)(O)=O)[C@H](O)[C@@H]1O	Organic compounds	Organic oxygen compounds	Organooxygen compounds	Alcohols and polyols	Aliphatic homomonocyclic compounds	Organic oxygen compounds
C04030										Unknown
C04039	2,3-Dihydroxy-3-methylbutanoate		15689							Unknown
C04043	3,4-Dihydroxyphenylacetaldehyde	119219.0	27978	OC1=C(O)C=C(CC=O)C=C1	Organic compounds	Benzenoids	Benzene and substituted derivatives	Phenylacetaldehydes	Aromatic homomonocyclic compounds	Benzenoids
C04044	3-(2,3-Dihydroxyphenyl)propanoate		18136							Unknown
C04051	5-Aminoimidazole-4-carboxamide	9679.0	2030	NC(=O)C1=C(N)N=CN1	Organic compounds	Organic acids and derivatives	Carboxylic acids and derivatives	Carboxylic acid derivatives	Aromatic heteromonocyclic compounds	Carboxylic acids
C04053	5-Dehydro-4-deoxy-D-glucuronate		17117							Unknown
C04058										Unknown
C04079	D-Pantothenoyl-L-cysteine	440217.0	18416	CC(C)(CO)[C@@H](O)C(=O)NCCC(=O)N[C@@H](CS)C(O)=O	Organic compounds	Organic acids and derivatives	Peptidomimetics	Hybrid peptides	Aliphatic acyclic compounds	Other organic acids
C04088	Octadecanoyl-[acyl-carrier protein]									Unknown
C04114										Unknown
C04115	2-hydroxy-4-oxobutane-1,2,4-tricarboxylic acid	130.0	17250	O=C(O)CC(O)(CC(=O)C(=O)O)C(=O)O	Organic compounds	Organic acids and derivatives	Carboxylic acids and derivatives	Tricarboxylic acids and derivatives	Aliphatic acyclic compounds	Carboxylic acids
C04121	CMP-3-deoxy-D-manno-octulosonate	74413916.0		NC1=NC(=O)N(C=C1)C1OC(COP([O-])(=O)OC2(CC(O)C(O)C(O2)C(O)CO)C([O-])=O)C(O)C1O	Organic compounds	Organic oxygen compounds	Organooxygen compounds	Carbohydrates and carbohydrate conjugates	Aromatic heteromonocyclic compounds	Organic oxygen compounds
C04133	N-Acetyl-L-glutamyl 5-phosphate	440236.0	16878	CC(=O)N[C@@H](CCC(=O)OP(O)(O)=O)C(O)=O	Organic compounds	Organic acids and derivatives	Carboxylic acids and derivatives	Amino acids, peptides, and analogues	Aliphatic acyclic compounds	Amino acids
C04144	Tetrahydropteroyltri-L-glutamic acid	16722112.0	17420	NC1=NC(=O)C2=C(NC[C@H](CNC3=CC=C(C=C3)C(=O)N[C@@H](CCC(=O)N[C@@H](CCC(=O)N[C@@H](CCC(O)=O)C(O)=O)C(O)=O)C(O)=O)N2)N1	Organic compounds	Organic acids and derivatives	Carboxylic acids and derivatives	Amino acids, peptides, and analogues	Aromatic heteropolycyclic compounds	Amino acids
C04146	Octaprenyl diphosphate	5280651.0	16275	CC(C)=CCC\C(C)=C\CC\C(C)=C\CC\C(C)=C\CC\C(C)=C\CC\C(C)=C\CC\C(C)=C\CC\C(C)=C\COP(O)(=O)OP(O)(O)=O	Organic compounds	Lipids and lipid-like molecules	Prenol lipids	Polyprenols	Aliphatic acyclic compounds	Lipid-like molecules
C04152	1-Methylguanine	70315.0	21803	CN1C(N)=NC2=C(NC=N2)C1=O	Organic compounds	Organoheterocyclic compounds	Imidazopyrimidines	Purines and purine derivatives	Aromatic heteropolycyclic compounds	Organoheterocyclic compounds
C04153	N2-Methylguanine	24828.0	21818	CNC1=NC(=O)C2=C(N1)N=CN2	Organic compounds	Organoheterocyclic compounds	Imidazopyrimidines	Purines and purine derivatives	Aromatic heteropolycyclic compounds	Organoheterocyclic compounds
C04154										Unknown
C04157										Unknown
C04171	(2S,3S)-2,3-Dihydro-2,3-dihydroxybenzoate		48968							Unknown
C04180	cis-Dec-3-enoyl-[acp]	6857.0	1480							Unknown
C04181	3-hydroxy-3-methyl-2-oxo-butanoic acid	440248.0	17667	CC(C)(O)C(=O)C(=O)O	Organic compounds	Organic acids and derivatives	Keto acids and derivatives	Short-chain keto acids and derivatives	Aliphatic acyclic compounds	Keto / hydroxy acids
C04181	3-hydroxy-3-methyl-2-oxo-butanoic acid	440248.0	17667	CC(C)(O)C(=O)C(=O)O	Organic compounds	Organic acids and derivatives	Keto acids and derivatives	Short-chain keto acids and derivatives	Aliphatic acyclic compounds	Keto / hydroxy acids
C04188	5-Methylthioribose 1-phosphate	11988266.0	27859	CSC[C@H]1O[C@H](OP(O)(O)=O)[C@H](O)[C@@H]1O	Organic compounds	Organic acids and derivatives	Organic phosphoric acids and derivatives	Phosphate esters	Aliphatic heteromonocyclic compounds	Other organic acids
C04204										Unknown
C04225	cis-2-Methylaconitate	3080625.0	16717	C\C(C(O)=O)=C(/CC(O)=O)C(O)=O	Organic compounds	Organic acids and derivatives	Carboxylic acids and derivatives	Tricarboxylic acids and derivatives	Aliphatic acyclic compounds	Carboxylic acids
C04230	LysoPC(18:1/0:0)	16081932.0	28610	CCCCCCCC\C=C/CCCCCCCC(=O)OC[C@@H](O)COP([O-])(=O)OCC[N+](C)(C)C	Organic compounds	Lipids and lipid-like molecules	Glycerophospholipids	Glycerophosphocholines	Aliphatic acyclic compounds	Lipid-like molecules
C04233	2-Acyl-sn-glycero-3-phosphocholine		16728							Unknown
C04236	2-Isopropyl-3-oxosuccinate	5462259.0	1467	CC(C)[C@H](C(O)=O)C(=O)C(O)=O	Organic compounds	Organic acids and derivatives	Keto acids and derivatives	Short-chain keto acids and derivatives	Aliphatic acyclic compounds	Keto / hydroxy acids
C04242	5-Fluorodeoxyuridine monophosphate	8642.0		O[C@H]1C[C@@H](O[C@@H]1COP(O)(O)=O)N1C=C(F)C(O)=NC1=O	Organic compounds	Nucleosides, nucleotides, and analogues	Pyrimidine nucleotides	Pyrimidine deoxyribonucleotides	Aromatic heteromonocyclic compounds	Nucleotides/nucleosides
C04246	But-2-enoyl-[acyl-carrier protein]									Unknown
C04256										Unknown
C04257	N-Acetyl-D-mannosamine 6-phosphate	440273.0	62165	CC(=O)N[C@@H]1[C@@H](O)O[C@H](COP(O)(O)=O)[C@@H](O)[C@@H]1O	Organic compounds	Organic oxygen compounds	Organooxygen compounds	Carbohydrates and carbohydrate conjugates	Aliphatic heteromonocyclic compounds	Organic oxygen compounds
C04261										Unknown
C04272	(R)-2,3-Dihydroxy-isovalerate	440279.0	15684	CC(C)(O)[C@@H](O)C(O)=O	Organic compounds	Lipids and lipid-like molecules	Fatty Acyls	Fatty acids and conjugates	Aliphatic acyclic compounds	Lipid-like molecules
C04281	Pyrroline hydroxycarboxylic acid	1059.0	27391	OC1CC(N=C1)C(O)=O	Organic compounds	Organic acids and derivatives	Carboxylic acids and derivatives	Amino acids, peptides, and analogues	Aliphatic heteromonocyclic compounds	Amino acids
C04294	5-(2-Hydroxyethyl)-4-methylthiazole	1136.0	17957	CC1=C(CCO)SC=N1	Organic compounds	Organoheterocyclic compounds	Azoles	Thiazoles	Aromatic heteromonocyclic compounds	Organoheterocyclic compounds
C04298										Unknown
C04302	N-(5-Phospho-D-ribosyl)anthranilate		18277							Unknown
C04312										Unknown
C04317	LysoPC(O-18:0/0:0)	2733532.0	75216	CCCCCCCCCCCCCCCCCCOC[C@@H](O)COP([O-])(=O)OCC[N+](C)(C)C	Organic compounds	Lipids and lipid-like molecules	Glycerophospholipids	Glycerophosphocholines	Aliphatic acyclic compounds	Lipid-like molecules
C04322										Unknown
C04327	4-methyl-5-(2-phosphonooxyethyl)thiazole	1137.0	17857	CC1=C(CCOP(O)(O)=O)SC=N1	Organic compounds	Organoheterocyclic compounds	Azoles	Thiazoles	Aromatic heteromonocyclic compounds	Organoheterocyclic compounds
C04332	6,7-Dimethyl-8-(1-D-ribityl)lumazine	168989.0	17601	CC1=C(C)N(C[C@H](O)[C@H](O)[C@H](O)CO)C2=NC(=O)NC(=O)C2=N1	Organic compounds	Organoheterocyclic compounds	Pteridines and derivatives	Pteridines and derivatives	Aromatic heteropolycyclic compounds	Organoheterocyclic compounds
C04334										Unknown
C04346	dTDP-4-amino-4,6-dideoxy-D-galactose									Unknown
C04349	3-deoxy-D-glycero-hexo-2,5-diulosonic acid	440303.0	15623	O=C(O)C(=O)C(O)C(=O)CO	Organic compounds	Organic acids and derivatives	Keto acids and derivatives	Gamma-keto acids and derivatives	Aliphatic acyclic compounds	Keto / hydroxy acids
C04352	4'-Phosphopantothenoylcysteine	440304.0	15769	CC(C)(COP(O)(O)=O)[C@@H](O)C(=O)NCCC(=O)N[C@@H](CS)C(O)=O	Organic compounds	Organic acids and derivatives	Peptidomimetics	Hybrid peptides	Aliphatic acyclic compounds	Other organic acids
C04376	5'-Phosphoribosyl-N-formylglycinamide	130805.0		O[C@H]1[C@@H](O)[C@H](NC(=O)CNC=O)O[C@@H]1COP(O)(O)=O	Organic compounds	Nucleosides, nucleotides, and analogues	Glycinamide ribonucleotides	Glycinamide ribonucleotides	Aliphatic heteromonocyclic compounds	Nucleotides/nucleosides
C04377	5,10-Methylenetetrahydromethanopterin	440314.0	16568	C[C@@H]1[C@H]2[C@H](C)NC3=C(N2CN1C1=CC=C(C[C@H](O)[C@H](O)[C@H](O)CO[C@H]2O[C@H](COP(O)(=O)O[C@@H](CCC(O)=O)C(O)=O)[C@@H](O)[C@H]2O)C=C1)C(O)=NC(=N)N3	Organic compounds	Organic oxygen compounds	Organooxygen compounds	Carbohydrates and carbohydrate conjugates	Aromatic heteropolycyclic compounds	Organic oxygen compounds
C04404	4-Hydroxycyclohexylcarboxylic acid	151138.0	16817	OC1CCC(CC1)C(O)=O	Organic compounds	Organic oxygen compounds	Organooxygen compounds	Alcohols and polyols	Aliphatic homomonocyclic compounds	Organic oxygen compounds
C04405	2-Methyl-3-hydroxybutyryl-CoA	11966220.0	15449	C[C@H](O)[C@H](C)C(=O)SCCNC(=O)CCNC(=O)[C@H](O)C(C)(C)COP(O)(=O)OP(O)(=O)OC[C@H]1O[C@H]([C@H](O)[C@@H]1OP(O)(O)=O)N1C=NC2=C1N=CN=C2N	Organic compounds	Lipids and lipid-like molecules	Fatty Acyls	Fatty acyl thioesters	Aromatic heteropolycyclic compounds	Lipid-like molecules
C04411	3-Isopropylmalic acid	5462261.0	43468	CC(C)[C@@H]([C@@H](O)C(O)=O)C(O)=O	Organic compounds	Organic acids and derivatives	Hydroxy acids and derivatives	Beta hydroxy acids and derivatives	Aliphatic acyclic compounds	Keto / hydroxy acids
C04419	Carboxybiotin-carboxyl-carrier protein									Unknown
C04421	N-Succinyl-L,L-2,6-diaminopimelate	25202447.0	165894	NC(CCC[C@H](NC(=O)CCC(O)=O)C(O)=O)C(O)=O	Organic compounds	Organic acids and derivatives	Carboxylic acids and derivatives	Amino acids, peptides, and analogues	Aliphatic acyclic compounds	Amino acids
C04425	S-adenosyl-4-methylthio-2-oxobutanoate	5459852.0	8944	C[S+](CCC(=O)C(O)=O)C[C@H]1O[C@H]([C@H](O)[C@@H]1O)N1C=NC2=C1N=CN=C2N	Organic compounds	Nucleosides, nucleotides, and analogues	5'-deoxyribonucleosides	5'-deoxy-5'-thionucleosides	Aromatic heteropolycyclic compounds	Nucleotides/nucleosides
C04431	cis-4-Carboxymethylenebut-2-en-4-olide	5459914.0	18371	OC(=O)\C=C1\OC(=O)C=C1	Organic compounds	Organoheterocyclic compounds	Dihydrofurans	Furanones	Aliphatic heteromonocyclic compounds	Organoheterocyclic compounds
C04432	tRNA containing 6-isopentenyladenosine									Unknown
C04438	1-Acyl-sn-glycero-3-phosphoethanolamine		29017							Unknown
C04442	2-Keto-3-deoxy-6-phosphogluconic acid	3080745.0	15925	O[C@H](COP(O)(O)=O)[C@@H](O)CC(=O)C(O)=O	Organic compounds	Organic acids and derivatives	Keto acids and derivatives	Medium-chain keto acids and derivatives	Aliphatic acyclic compounds	Keto / hydroxy acids
C04454	5-Amino-6-(5'-phosphoribitylamino)uracil	18666812.0	18247	NC1=C(NC[C@H](O)[C@H](O)[C@H](O)COP(O)(O)=O)NC(=O)NC1=O	Organic compounds	Organoheterocyclic compounds	Diazines	Pyrimidines and pyrimidine derivatives	Aromatic heteromonocyclic compounds	Organoheterocyclic compounds
C04462	N-Succinyl-2-amino-6-ketopimelate	440349.0	35266	OC(=O)CCC(=O)N[C@@H](CCCC(=O)C(O)=O)C(O)=O	Organic compounds	Organic acids and derivatives	Carboxylic acids and derivatives	Amino acids, peptides, and analogues	Aliphatic acyclic compounds	Amino acids
C04478	3-deoxy-D-manno-octulosonate 8-phosphate	15942880.0	18069	O[C@H](COP(O)(O)=O)[C@@H](O)[C@H](O)[C@H](O)CC(=O)C(O)=O	Organic compounds	Organic acids and derivatives	Keto acids and derivatives	Medium-chain keto acids and derivatives	Aliphatic acyclic compounds	Keto / hydroxy acids
C04479	2-Hydroxy-6-oxonona-2,4-diene-1,9-dioate		17367							Unknown
C04489	5-Methyltetrahydropteroyltri-L-glutamic acid	16722111.0	17614	CN1[C@@H](CNC2=CC=C(C=C2)C(=O)N[C@@H](CCC(=O)N[C@@H](CCC(=O)N[C@@H](CCC(O)=O)C(O)=O)C(O)=O)C(O)=O)CNC2=C1C(=O)N=C(N)N2	Organic compounds	Organic acids and derivatives	Carboxylic acids and derivatives	Amino acids, peptides, and analogues	Aromatic heteropolycyclic compounds	Amino acids
C04494	Guanosine 3'-diphosphate 5'-triphosphate	38166.0	16690	[H][C@]1(COP(O)(=O)OP(O)(=O)OP(O)(O)=O)O[C@@]([H])(N2C=NC3=C2NC(=N)N=C3O)[C@]([H])(O)[C@]1([H])OP(O)(=O)OP(O)(O)=O	Organic compounds	Nucleosides, nucleotides, and analogues	Ribonucleoside 3'-phosphates	Ribonucleoside 3'-phosphates	Aromatic heteropolycyclic compounds	Nucleotides/nucleosides
C04501	N-Acetyl-glucosamine 1-phosphate	440272.0	7125	CC(=O)N[C@@H]1[C@@H](O)[C@H](O)[C@@H](CO)OC1OP(O)(O)=O	Organic compounds	Organic oxygen compounds	Organooxygen compounds	Carbohydrates and carbohydrate conjugates	Aliphatic heteromonocyclic compounds	Organic oxygen compounds
C04534	6-Phospho-beta-D-glucosyl-(1,4)-D-glucose	7141.0	2233							Unknown
C04556	(4-Amino-2-methylpyrimidin-5-YL)methyl dihydrogen phosphate		18032	CC1=NC=C(COP(O)(O)=O)C(=N)N1	Organic compounds	Organic acids and derivatives	Organic phosphoric acids and derivatives	Phosphate esters	Aromatic heteromonocyclic compounds	Other organic acids
C04574	di-trans,poly-cis-Undecaprenyl diphosphate		18197							Unknown
C04575	Diketogulonic acid	440390.0	15622	OC[C@H](O)[C@@H](O)C(=O)C(=O)C(O)=O	Organic compounds	Organic acids and derivatives	Keto acids and derivatives	Medium-chain keto acids and derivatives	Aliphatic acyclic compounds	Keto / hydroxy acids
C04579	Inositol 1,2,3,5,6-pentakisphosphate		18345							Unknown
C04593	Methylisocitric acid	513.0	142525	CC(O)(C(CC(O)=O)C(O)=O)C(O)=O	Organic compounds	Organic acids and derivatives	Carboxylic acids and derivatives	Tricarboxylic acids and derivatives	Aliphatic acyclic compounds	Carboxylic acids
C04618	Crotonoyl-ACP									Unknown
C04619	3-hydroxy-decanoyl-ACP									Unknown
C04620	3-Hydroxy-octenoyl-ACP									Unknown
C04631	UDP-N-acetyl-3-(1-carboxyvinyl)-D-glucosamine		68507							Unknown
C04633	3-Hydroxy-hexadecanoyl-ACP									Unknown
C04635	1-(1-Alkenyl)-sn-glycero-3-phosphoethanolamine	7224.0	15785							Unknown
C04640	Phosphoribosylformylglycinamidine	131878633.0	18413	NC(=N)CN(C=O)[C@@H]1O[C@H](COP(O)(O)=O)[C@@H](O)[C@H]1O	Organic compounds	Organic oxygen compounds	Organooxygen compounds	Carbohydrates and carbohydrate conjugates	Aliphatic heteromonocyclic compounds	Organic oxygen compounds
C04644	3a,7a-Dihydroxy-5b-cholestanoyl-CoA	53479251.0	15494	[H][C@@]12C[C@H](O)CC[C@]1(C)C1CC[C@]3(C)C(CCC3C1[C@H](O)C2)C(C)CCCC(C)C(=O)SCCNC(=O)CCNC(=O)C(O)C(C)(C)COP(O)(=O)OP(O)(=O)OC[C@H]1O[C@H]([C@H](O)[C@@H]1OP(O)(O)=O)N1C=NC2=C(N)N=CN=C12	Organic compounds	Lipids and lipid-like molecules	Steroids and steroid derivatives	Hydroxysteroids	Aromatic heteropolycyclic compounds	Lipid-like molecules
C04646	6-Thioinosine-5'-monophosphate	3034391.0	2332	O[C@@H]1[C@@H](COP(O)(O)=O)O[C@H]([C@@H]1O)N1C=NC2=C1N=CN=C2S	Organic compounds	Nucleosides, nucleotides, and analogues	Purine nucleotides	Purine ribonucleotides	Aromatic heteropolycyclic compounds	Nucleotides/nucleosides
C04652	UDP-2,3-bis(3-hydroxytetradecanoyl)glucosamine		17787							Unknown
C04666	D-Erythro-imidazole-glycerol-phosphate	440431.0	17805	O[C@H](COP(O)(O)=O)[C@@H](O)C1=CNC=N1	Organic compounds	Organic acids and derivatives	Organic phosphoric acids and derivatives	Phosphate esters	Aromatic heteromonocyclic compounds	Other organic acids
C04677	AICAR	65110.0	18406	NC(=O)C1=C(N)N(C=N1)[C@@H]1O[C@H](COP(O)(O)=O)[C@@H](O)[C@H]1O	Organic compounds	Nucleosides, nucleotides, and analogues	Imidazole ribonucleosides and ribonucleotides	1-ribosyl-imidazolecarboxamides	Aromatic heteromonocyclic compounds	Nucleotides/nucleosides
C04688	3-hydroxy-tetradecanoyl-ACP									Unknown
C04691	3-deoxy-D-arabino-heptulosonate-7-phosphate	160647.0	18150	O[C@H](COP(O)(O)=O)[C@@H](O)[C@H](O)CC(=O)C(O)=O	Organic compounds	Organic acids and derivatives	Keto acids and derivatives	Medium-chain keto acids and derivatives	Aliphatic acyclic compounds	Keto / hydroxy acids
C04702	UDPMurAc(oyl-L-Ala-D-gamma-Glu-L-Lys-D-Ala-D-Ala)		70768							Unknown
C04706	cis-2-Chloro-4-carboxymethylenebut-2-en-1,4-olide	190225.0	38122	OC(=O)C=C1OC(=O)C(Cl)=C1	Organic compounds	Organoheterocyclic compounds	Dihydrofurans	Furanones	Aliphatic heteromonocyclic compounds	Organoheterocyclic compounds
C04728										Unknown
C04732	5-Amino-6-ribitylamino uracil	193516.0	15934	NC1=C(NC[C@H](O)[C@H](O)[C@H](O)CO)NC(=O)NC1=O	Organic compounds	Organoheterocyclic compounds	Diazines	Pyrimidines and pyrimidine derivatives	Aromatic heteromonocyclic compounds	Organoheterocyclic compounds
C04734	Phosphoribosyl formamidocarboxamide	166760.0	18381	NC(=O)C1=C(NC=O)N(C=N1)[C@@H]1O[C@H](COP(O)(O)=O)[C@@H](O)[C@H]1O	Organic compounds	Nucleosides, nucleotides, and analogues	Imidazole ribonucleosides and ribonucleotides	1-ribosyl-imidazolecarboxamides	Aromatic heteromonocyclic compounds	Nucleotides/nucleosides
C04737	Trihexosylceramide (d18:1/12:0)	53477785.0		CCCCCCCCCCCCC\C=C\[C@@H](O)[C@H](CO[C@@H]1O[C@H](CO)[C@@H](O[C@@H]2O[C@H](CO)[C@H](O[C@H]3O[C@H](CO)[C@H](O)[C@H](O)[C@H]3O)[C@H](O)[C@H]2O)[C@H](O)[C@H]1O)NC(=O)CCCCCCCCCCC	Organic compounds	Lipids and lipid-like molecules	Sphingolipids	Glycosphingolipids	Aliphatic heteromonocyclic compounds	Lipid-like molecules
C04738	UDP-3-O-(3-hydroxytetradecanoyl)-N-acetylglucosamine		61537							Unknown
C04751	5-Amino-1-(5-phospho-D-ribosyl)imidazole-4-carboxylic acid	165388.0	28413	NC1=C(N=CN1[C@@H]1O[C@H](COP(O)(O)=O)[C@@H](O)[C@H]1O)C(O)=O	Organic compounds	Organic oxygen compounds	Organooxygen compounds	Carbohydrates and carbohydrate conjugates	Aromatic heteromonocyclic compounds	Organic oxygen compounds
C04752	4-Amino-5-hydroxymethyl-2-methylpyrimidine diphosphate	22290169.0		OP(O)(=O)OP(O)(O)=O.CC1=NC=C(CO)C(N)=N1	Organic compounds	Organic oxygen compounds	Organic oxoanionic compounds	Organic pyrophosphates	Aromatic heteromonocyclic compounds	Organic oxygen compounds
C04756	PE(P-16:0/16:0)	52925046.0	72743	[H][C@@](CO\C=C/CCCCCCCCCCCCCC)(COP(O)(=O)OCCN)OC(=O)CCCCCCCCCCCCCCC	Organic compounds	Lipids and lipid-like molecules	Glycerophospholipids	Glycerophosphoethanolamines	Aliphatic acyclic compounds	Lipid-like molecules
C04778	N1-(5-Phospho-a-D-ribosyl)-5,6-dimethylbenzimidazole	444941.0	16837	CC1=CC2=C(C=C1C)N(C=N2)[C@H]1O[C@H](COP(O)(O)=O)[C@@H](O)[C@H]1O	Organic compounds	Nucleosides, nucleotides, and analogues	Benzimidazole ribonucleosides and ribonucleotides	Benzimidazole ribonucleosides and ribonucleotides	Aromatic heteropolycyclic compounds	Nucleotides/nucleosides
C04807	2-Amino-7,8-dihydro-4-hydroxy-6-(diphosphooxymethyl)pteridine		15998							Unknown
C04823	SAICAR	160666.0	18319	NC1=C(N=CN1[C@@H]1O[C@H](COP(O)(O)=O)[C@@H](O)[C@H]1O)C(=O)N[C@@H](CC(O)=O)C(O)=O	Organic compounds	Nucleosides, nucleotides, and analogues	Imidazole ribonucleosides and ribonucleotides	1-ribosyl-imidazolecarboxamides	Aromatic heteromonocyclic compounds	Nucleotides/nucleosides
C04824	Lipid X	3247032.0	16942	CCCCCCCCCCC(O)CC(=O)N1C(OC(=O)C(O)CCCCCCCCCCC)(O)C(CO)O1OP(=O)(O)O	Organic compounds	Lipids and lipid-like molecules	Fatty Acyls	Fatty acid esters	Aliphatic heteromonocyclic compounds	Lipid-like molecules
C04851	MurAc(oyl-L-Ala-D-gamma-Glu-L-Lys-D-Ala-D-Ala)-diphospho-undecaprenol		37738							Unknown
C04874	7,8-Dihydroneopterin	65074.0	17001	NC1=NC(=O)C2=C(NCC(=N2)[C@H](O)[C@H](O)CO)N1	Organic compounds	Organoheterocyclic compounds	Pteridines and derivatives	Pterins and derivatives	Aromatic heteropolycyclic compounds	Organoheterocyclic compounds
C04877	UDP-N-acetylmuramoyl-L-alanyl-D-gamma-glutamyl-meso-2,6-diaminopimelate		84805							Unknown
C04882	UDP-N-acetylmuramoyl-L-alanyl-D-glutamyl-6-carboxy-L-lysyl-D-alanyl-D-alanine		18199							Unknown
C04895	Dihydroneopterin triphosphate	121885.0	18372	NC1=NC(=O)C2=C(NCC(=N2)[C@H](O)[C@H](O)COP(O)(=O)OP(O)(=O)OP(O)(O)=O)N1	Organic compounds	Organoheterocyclic compounds	Pteridines and derivatives	Pterins and derivatives	Aromatic heteropolycyclic compounds	Organoheterocyclic compounds
C04896	Phosphoribosylformimino-AICAR-P	440534.0	18302	NC(=O)C1=C(\N=C\N[C@@H]2O[C@H](COP(O)(O)=O)[C@@H](O)[C@H]2O)N(C=N1)[C@@H]1O[C@H](COP(O)(O)=O)[C@@H](O)[C@H]1O	Organic compounds	Nucleosides, nucleotides, and analogues	Imidazole ribonucleosides and ribonucleotides	1-ribosyl-imidazolecarboxamides	Aromatic heteromonocyclic compounds	Nucleotides/nucleosides
C04900	Luteolin 7-O-[beta-D-glucuronosyl-(1->2)-beta-D-glucuronide]-4'-O-beta-D-glucuronide	5280752.0	37645	O[C@@H]1[C@@H](O)[C@H](O[C@@H]2[C@@H](O)[C@H](O)[C@H](O[C@H]2OC2=CC(O)=C3C(=O)C=C(OC3=C2)C2=CC(O)=C(O[C@@H]3O[C@@H]([C@@H](O)[C@H](O)[C@H]3O)C(O)=O)C=C2)C(O)=O)O[C@@H]([C@H]1O)C(O)=O	Organic compounds	Phenylpropanoids and polyketides	Flavonoids	Flavonoid glycosides	Aromatic heteropolycyclic compounds	Phenylpropanoids and polyketides
C04916	Phosphoribulosylformimino-AICAR-P	193735.0	27735	NC(=O)C1=C(\N=C\NCC(=O)[C@H](O)[C@H](O)COP(O)(O)=O)N(C=N1)[C@@H]1O[C@H](COP(O)(O)=O)[C@@H](O)[C@H]1O	Organic compounds	Nucleosides, nucleotides, and analogues	Imidazole ribonucleosides and ribonucleotides	1-ribosyl-imidazolecarboxamides	Aromatic heteromonocyclic compounds	Nucleotides/nucleosides
C04919	2,3,2'3'-Tetrakis(3-hydroxytetradecanoyl)-D-glucosaminyl-1,6-beta-D-glucosamine 1,4'-bisphosphate		29056							Unknown
C04932	2,3,2',3'-Tetrakis(3-hydroxytetradecanoyl)-D-glucosaminyl-1,6-beta-D-glucosamine 1-phosphate		18380							Unknown
C05003										Unknown
C05080	Novobiocin	54675769.0	28368	CO[C@@H]1[C@@H](OC(N)=O)[C@@H](O)[C@H](OC2=C(C)C3=C(C=C2)C(O)=C(NC(=O)C2=CC=C(O)C(CC=C(C)C)=C2)C(=O)O3)OC1(C)C	Organic compounds	Phenylpropanoids and polyketides	Coumarins and derivatives	Coumarin glycosides	Aromatic heteropolycyclic compounds	Phenylpropanoids and polyketides
C05116										Unknown
C05123	2-Hydroxyethanesulfonate	7866.0	1157	OCCS(O)(=O)=O	Organic compounds	Organic acids and derivatives	Organic sulfonic acids and derivatives	Organosulfonic acids and derivatives	Aliphatic acyclic compounds	Other organic acids
C05125	2-(a-Hydroxyethyl)thiamine diphosphate	440568.0	978	CC(O)C1=[N+](CC2=CN=C(C)N=C2N)C(C)=C(CCOP(O)(=O)OP(O)(O)=O)S1	Organic compounds	Organoheterocyclic compounds	Diazines	Pyrimidines and pyrimidine derivatives	Aromatic heteromonocyclic compounds	Organoheterocyclic compounds
C05143	Dhurrin	161355.0	27826	OC[C@H]1O[C@@H](O[C@H](C#N)C2=CC=C(O)C=C2)[C@H](O)[C@@H](O)[C@@H]1O	Organic compounds	Organic oxygen compounds	Organooxygen compounds	Carbohydrates and carbohydrate conjugates	Aromatic heteromonocyclic compounds	Organic oxygen compounds
C05172	Phosphoroselenoic acid	1092.0	29269	OP(O)(O)=[Se]	Organic compounds	Organic oxygen compounds		Organic oxygen compounds	Acyclic compounds	Organic oxygen compounds
C05196										Unknown
C05197										Unknown
C05198	5'-Deoxyadenosine	439182.0	17319	C[C@H]1O[C@H]([C@H](O)[C@@H]1O)N1C=NC2=C(N)N=CN=C12	Organic compounds	Nucleosides, nucleotides, and analogues	5'-deoxyribonucleosides	5'-deoxyribonucleosides	Aromatic heteropolycyclic compounds	Nucleotides/nucleosides
C05199										Unknown
C05212	1-Radyl-2-acyl-sn-glycero-3-phosphocholine									Unknown
C05223	Dodecanoyl-ACP									Unknown
C05235	Hydroxyacetone	8299.0	27957	CC(=O)CO	Organic compounds	Organic oxygen compounds	Organooxygen compounds	Carbonyl compounds	Aliphatic acyclic compounds	Organic oxygen compounds
C05258	(S)-3-Hydroxyhexadecanoyl-CoA	440600.0	27402	CCCCCCCCCCCCC[C@H](O)CC(=O)SCCNC(=O)CCNC(=O)C(O)C(C)(C)COP(O)(=O)OP(O)(=O)OC[C@H]1O[C@H]([C@H](O)[C@@H]1OP(O)(O)=O)N1C=NC2=C(N)N=CN=C12	Organic compounds	Lipids and lipid-like molecules	Fatty Acyls	Fatty acyl thioesters	Aromatic heteropolycyclic compounds	Lipid-like molecules
C05259	3-Oxohexadecanoyl-CoA	440601.0	15491	CCCCCCCCCCCCCC(=O)CC(=O)SCCNC(=O)CCNC(=O)C(O)C(C)(C)COP(O)(=O)OP(O)(=O)OC[C@H]1O[C@H]([C@H](O)[C@@H]1OP(O)(O)=O)N1C=NC2=C(N)N=CN=C12	Organic compounds	Lipids and lipid-like molecules	Fatty Acyls	Fatty acyl thioesters	Aromatic heteropolycyclic compounds	Lipid-like molecules
C05260	(S)-3-Hydroxytetradecanoyl-CoA	440602.0	27466	CCCCCCCCCCC[C@H](O)CC(=O)SCCNC(=O)CCNC(=O)C(O)C(C)(C)COP(O)(=O)OP(O)(=O)OC[C@H]1O[C@H]([C@H](O)[C@@H]1OP(O)(O)=O)N1C=NC2=C(N)N=CN=C12	Organic compounds	Lipids and lipid-like molecules	Fatty Acyls	Fatty acyl thioesters	Aromatic heteropolycyclic compounds	Lipid-like molecules
C05261	3-Oxotetradecanoyl-CoA	11966197.0	28726	CCCCCCCCCCCC(=O)CC(=O)SCCNC(=O)CCNC(=O)[C@H](O)C(C)(C)COP(O)(=O)OP(O)(=O)OC[C@H]1O[C@H]([C@H](O)[C@@H]1OP(O)(O)=O)N1C=NC2=C1N=CN=C2N	Organic compounds	Lipids and lipid-like molecules	Fatty Acyls	Fatty acyl thioesters	Aromatic heteropolycyclic compounds	Lipid-like molecules
C05262	(S)-3-Hydroxydodecanoyl-CoA	440603.0	27668	CCCCCCCCC[C@H](O)CC(=O)SCCNC(=O)CCNC(=O)C(O)C(C)(C)COP(O)(=O)OP(O)(=O)OC[C@H]1O[C@H]([C@H](O)[C@@H]1OP(O)(O)=O)N1C=NC2=C(N)N=CN=C12	Organic compounds	Lipids and lipid-like molecules	Fatty Acyls	Fatty acyl thioesters	Aromatic heteropolycyclic compounds	Lipid-like molecules
C05263	3-Oxododecanoyl-CoA	440604.0	27868	CCCCCCCCCC(=O)CC(=O)SCCNC(=O)CCNC(=O)C(O)C(C)(C)COP(O)(=O)OP(O)(=O)OC[C@H]1O[C@H]([C@H](O)[C@@H]1OP(O)(O)=O)N1C=NC2=C(N)N=CN=C12	Organic compounds	Lipids and lipid-like molecules	Fatty Acyls	Fatty acyl thioesters	Aromatic heteropolycyclic compounds	Lipid-like molecules
C05264	(S)-Hydroxydecanoyl-CoA	16061159.0	28325	CCCCCCC[C@H](O)CC(=O)SCCNC(=O)CCNC(=O)[C@H](O)C(C)(C)COP(O)(=O)OP(O)(=O)OC[C@H]1O[C@H](C(O)[C@H]1OP(O)(O)=O)N1C=NC2=C(N)N=CN=C12	Organic compounds	Lipids and lipid-like molecules	Fatty Acyls	Fatty acyl thioesters	Aromatic heteropolycyclic compounds	Lipid-like molecules
C05265	3-Oxodecanoyl-CoA	440606.0	28528	CCCCCCCC(=O)CC(=O)SCCNC(=O)CCNC(=O)C(O)C(C)(C)COP(O)(=O)OP(O)(=O)OC[C@H]1O[C@H]([C@H](O)[C@@H]1OP(O)(O)=O)N1C=NC2=C(N)N=CN=C12	Organic compounds	Lipids and lipid-like molecules	Fatty Acyls	Fatty acyl thioesters	Aromatic heteropolycyclic compounds	Lipid-like molecules
C05266	(S)-Hydroxyoctanoyl-CoA	53477508.0	28632	[H][C@](O)(CCCCC)CC(=O)SCCNC(=O)CCNC(=O)[C@]([H])(O)C(C)(C)COP(O)(=O)OP(O)(=O)OC[C@H]1O[C@H](C(O)[C@H]1OP(O)(O)=O)N1C=NC2=C1N=CN=C2N	Organic compounds	Lipids and lipid-like molecules	Fatty Acyls	Fatty acyl thioesters	Aromatic heteropolycyclic compounds	Lipid-like molecules
C05267	3-Oxooctanoyl-CoA	440608.0	28264	CCCCCC(=O)CC(=O)SCCNC(=O)CCNC(=O)C(O)C(C)(C)COP(O)(=O)OP(O)(=O)OC[C@H]1O[C@H]([C@H](O)[C@@H]1OP(O)(O)=O)N1C=NC2=C(N)N=CN=C12	Organic compounds	Lipids and lipid-like molecules	Fatty Acyls	Fatty acyl thioesters	Aromatic heteropolycyclic compounds	Lipid-like molecules
C05268	(S)-Hydroxyhexanoyl-CoA	11966160.0	28276	CCC[C@H](O)CC(=O)SCCNC(=O)CCNC(=O)[C@H](O)C(C)(C)COP(O)(=O)OP(O)(=O)OC[C@H]1O[C@H]([C@H](O)[C@@H]1OP(O)(O)=O)N1C=NC2=C1N=CN=C2N	Organic compounds	Lipids and lipid-like molecules	Fatty Acyls	Fatty acyl thioesters	Aromatic heteropolycyclic compounds	Lipid-like molecules
C05269	3-Oxohexanoyl-CoA	440610.0	27648	CCCC(=O)CC(=O)SCCNC(=O)CCNC(=O)C(O)C(C)(C)COP(O)(=O)OP(O)(=O)OC[C@H]1O[C@H]([C@H](O)[C@@H]1OP(O)(O)=O)N1C=NC2=C(N)N=CN=C12	Organic compounds	Lipids and lipid-like molecules	Fatty Acyls	Fatty acyl thioesters	Aromatic heteropolycyclic compounds	Lipid-like molecules
C05270	Hexanoyl-CoA	449118.0	27540	CCCCCC(=O)SCCNC(=O)CCNC(=O)[C@H](O)C(C)(C)COP(O)(=O)OP(O)(=O)OC[C@H]1O[C@H]([C@H](O)[C@@H]1OP(O)(O)=O)N1C=NC2=C1N=CN=C2N	Organic compounds	Lipids and lipid-like molecules	Fatty Acyls	Fatty acyl thioesters	Aromatic heteropolycyclic compounds	Lipid-like molecules
C05271	trans-2-Hexenoyl-CoA	5280765.0	28706	CCC\C=C\C(=O)SCCNC(=O)CCNC(=O)C(O)C(C)(C)COP(O)(=O)OP(O)(=O)OC[C@H]1O[C@H]([C@H](O)[C@@H]1OP(O)(O)=O)N1C=NC2=C1N=CN=C2N	Organic compounds	Lipids and lipid-like molecules	Fatty Acyls	Fatty acyl thioesters	Aromatic heteropolycyclic compounds	Lipid-like molecules
C05272	(2E)-Hexadecenoyl-CoA	5118010.0	61526	CCCCCCCCCCCCCC=CC(=O)SCCNC(=O)CCNC(=O)C(O)C(C)(C)COP(O)(=O)OP(O)(=O)OCC1OC(C(O)C1OP(O)(O)=O)N1C=NC2=C1N=CN=C2N	Organic compounds	Lipids and lipid-like molecules	Fatty Acyls	Fatty acyl thioesters	Aromatic heteropolycyclic compounds	Lipid-like molecules
C05273	(2E)-Tetradecenoyl-CoA	5280767.0	27721	CCCCCCCCCCC\C=C\C(=O)SCCNC(=O)CCNC(=O)C(O)C(C)(C)COP(O)(=O)OP(O)(=O)OC[C@H]1O[C@H]([C@H](O)[C@@H]1OP(O)(O)=O)N1C=NC2=C1N=CN=C2N	Organic compounds	Lipids and lipid-like molecules	Fatty Acyls	Fatty acyl thioesters	Aromatic heteropolycyclic compounds	Lipid-like molecules
C05274	Decanoyl-CoA (n-C10:0CoA)	440615.0	28493	CCCCCCCCCC(=O)SCCNC(=O)CCNC(=O)C(O)C(C)(C)COP(O)(=O)OP(O)(=O)OC[C@H]1O[C@H]([C@H](O)[C@@H]1OP(O)(O)=O)N1C=NC2=C1N=CN=C2N	Organic compounds	Lipids and lipid-like molecules	Fatty Acyls	Fatty acyl thioesters	Aromatic heteropolycyclic compounds	Lipid-like molecules
C05275	(2E)-Decenoyl-CoA	5280768.0	10723	CCCCCCC\C=C\C(=O)SCCNC(=O)CCNC(=O)C(O)C(C)(C)COP(O)(=O)OP(O)(=O)OC[C@H]1O[C@H]([C@H](O)[C@@H]1OP(O)(O)=O)N1C=NC2=C(N)N=CN=C12	Organic compounds	Lipids and lipid-like molecules	Fatty Acyls	Fatty acyl thioesters	Aromatic heteropolycyclic compounds	Lipid-like molecules
C05276	(2E)-Octenoyl-CoA	5280769.0	27537	CCCCC\C=C\C(=O)SCCNC(=O)CCNC(=O)C(O)C(C)(C)COP(O)(=O)OP(O)(=O)OC[C@H]1O[C@H]([C@H](O)[C@@H]1OP(O)(O)=O)N1C=NC2=C1N=CN=C2N	Organic compounds	Lipids and lipid-like molecules	Fatty Acyls	Fatty acyl thioesters	Aromatic heteropolycyclic compounds	Lipid-like molecules
C05279	trans,cis-Lauro-2,6-dienoyl-CoA	53480665.0		CCCCCC\C=C/C\C=C\C(=O)SCCNC(=O)CCNC(=O)[C@@](O)([H])C(C)(C)COP(=O)(O)OP(=O)(O)OC[C@H]1O[C@H](C(O)[C@H]1OP(=O)(O)O)N1C=NC2=C1N=CN=C2N	Organic compounds	Lipids and lipid-like molecules	Fatty Acyls	Fatty acyl thioesters	Aromatic heteropolycyclic compounds	Lipid-like molecules
C05280	cis,cis-3,6-Dodecadienoyl-CoA	5280771.0	28002	CCCCC\C=C/C\C=C/CC(=O)SCCNC(=O)CCNC(=O)C(O)C(C)(C)COP(O)(=O)OP(O)(=O)OC[C@H]1O[C@H]([C@H](O)[C@@H]1OP(O)(O)=O)N1C=NC2=C1N=CN=C2N	Organic compounds	Lipids and lipid-like molecules	Fatty Acyls	Fatty acyl thioesters	Aromatic heteropolycyclic compounds	Lipid-like molecules
C05312										Unknown
C05330										Unknown
C05332	Phenylethylamine	1001.0	18397	NCCC1=CC=CC=C1	Organic compounds	Benzenoids	Benzene and substituted derivatives	Benzene and substituted derivatives	Aromatic homomonocyclic compounds	Benzenoids
C05335	Selenomethionine	105024.0	30021	C[Se]CC[C@H](N)C(O)=O	Organic compounds	Organic acids and derivatives	Carboxylic acids and derivatives	Amino acids, peptides, and analogues	Aliphatic acyclic compounds	Amino acids
C05336	Selenomethionyl-tRNA(Met)		9100							Unknown
C05337	Chenodeoxycholoyl-CoA	53478855.0	89422	[H][C@@]1(CC[C@@]2([H])[C@]3([H])[C@H](O)C[C@]4([H])C[C@H](O)CC[C@]4(C)[C@@]3([H])CC[C@]12C)[C@H](C)CCC(=O)SCCNC(=O)CCNC(=O)C(O)C(C)(C)COP(O)(=O)OP(O)(=O)OC[C@H]1O[C@H]([C@H](O)[C@@H]1OP(O)(O)=O)N1C=NC2=C1N=CN=C2N	Organic compounds	Lipids and lipid-like molecules	Steroids and steroid derivatives	Hydroxysteroids	Aromatic heteropolycyclic compounds	Lipid-like molecules
C05345	Beta-D-Fructose 6-phosphate	440641.0	16084	OC[C@@]1(O)O[C@H](COP(O)(O)=O)[C@@H](O)[C@@H]1O	Organic compounds	Organic oxygen compounds	Organooxygen compounds	Carbohydrates and carbohydrate conjugates	Aliphatic heteromonocyclic compounds	Organic oxygen compounds
C05359										Unknown
C05360	Diazene	123195.0	30096	N=N	Organic compounds	Organic nitrogen compounds		Organic nitrogen compounds	Acyclic compounds	Organic nitrogen compounds
C05364										Unknown
C05378	beta-D-Fructose 1,6-bisphosphate	7752.0	28013							Unknown
C05379	Oxalosuccinic acid	972.0	44712	OC(=O)C[C@H](C(O)=O)C(=O)C(O)=O	Organic compounds	Organic acids and derivatives	Carboxylic acids and derivatives	Tricarboxylic acids and derivatives	Aliphatic acyclic compounds	Carboxylic acids
C05381	3-Carboxy-1-hydroxypropylthiamine diphosphate	440649.0	1463	CC1=C(CCOP(O)(=O)OP(O)(O)=O)SC(C(O)CCC(O)=O)=[N+]1CC1=C(N)N=C(C)N=C1	Organic compounds	Organoheterocyclic compounds	Diazines	Pyrimidines and pyrimidine derivatives	Aromatic heteromonocyclic compounds	Organoheterocyclic compounds
C05382	D-Sedoheptulose 7-phosphate	92042786.0	133983	OC[C@]1(O)O[C@H](COP(O)(O)=O)[C@@H](O)[C@@H](O)[C@@H]1O	Organic compounds	Organic oxygen compounds	Organooxygen compounds	Carbohydrates and carbohydrate conjugates	Aliphatic heteromonocyclic compounds	Organic oxygen compounds
C05385	D-Glucuronic acid 1-phosphate	439432.0	16787	O[C@@H]1[C@@H](O)[C@@H](OP(O)(O)=O)O[C@@H]([C@H]1O)C(O)=O	Organic compounds	Organic oxygen compounds	Organooxygen compounds	Carbohydrates and carbohydrate conjugates	Aliphatic heteromonocyclic compounds	Organic oxygen compounds
C05394	3-Keto-b-D-galactose	440653.0	27453	OC[C@H]1O[C@@H](O)[C@H](O)C(=O)[C@H]1O	Organic compounds	Organic oxygen compounds	Organooxygen compounds	Carbohydrates and carbohydrate conjugates	Aliphatic heteromonocyclic compounds	Organic oxygen compounds
C05399	Melibiitol	440655.0	27527	OC[C@@H](O)[C@@H](O)[C@H](O)[C@@H](O)COC[C@H]1O[C@H](O)[C@H](O)[C@@H](O)[C@H]1O	Organic compounds	Lipids and lipid-like molecules	Fatty Acyls	Fatty acyl glycosides	Aliphatic heteromonocyclic compounds	Lipid-like molecules
C05400	Epimelibiose	11724912.0	4808	OC[C@H]1O[C@H](OC[C@H]2O[C@H](O)[C@@H](O)[C@@H](O)[C@@H]2O)[C@H](O)[C@@H](O)[C@H]1O	Organic compounds	Organic oxygen compounds	Organooxygen compounds	Carbohydrates and carbohydrate conjugates	Aliphatic heteromonocyclic compounds	Organic oxygen compounds
C05401	Galactosylglycerol	656504.0	15754	OCC(O)CO[C@@H]1O[C@H](CO)[C@H](O)[C@H](O)[C@H]1O	Organic compounds	Lipids and lipid-like molecules	Glycerolipids	Glycosylglycerols	Aliphatic heteromonocyclic compounds	Lipid-like molecules
C05402	Melibiose	6602503.0	4808	OC[C@H]1O[C@H](OC[C@H]2O[C@H](O)[C@H](O)[C@@H](O)[C@@H]2O)[C@H](O)[C@@H](O)[C@H]1O	Organic compounds	Organic oxygen compounds	Organooxygen compounds	Carbohydrates and carbohydrate conjugates	Aliphatic heteromonocyclic compounds	Organic oxygen compounds
C05403	3'-Ketolactose	440659.0		OC[C@H]1O[C@@H](O[C@H]2[C@H](O)[C@@H](O)C(O)O[C@@H]2CO)[C@H](O)C(=O)[C@H]1O	Organic compounds	Organic oxygen compounds	Organooxygen compounds	Carbohydrates and carbohydrate conjugates	Aliphatic heteromonocyclic compounds	Organic oxygen compounds
C05404	D-Gal alpha 1->6D-Gal alpha 1->6D-Glucose	440660.0		OC[C@H]1O[C@H](OC[C@H]2O[C@H](OC[C@H]3OC(O)[C@H](O)[C@@H](O)[C@@H]3O)[C@H](O)[C@@H](O)[C@H]2O)[C@H](O)[C@@H](O)[C@H]1O	Organic compounds	Organic oxygen compounds	Organooxygen compounds	Carbohydrates and carbohydrate conjugates	Aliphatic heteromonocyclic compounds	Organic oxygen compounds
C05512	Deoxyinosine	65058.0	28997	OC[C@H]1O[C@H](C[C@@H]1O)N1C=NC2=C1N=CNC2=O	Organic compounds	Nucleosides, nucleotides, and analogues	Purine nucleosides	Purine 2'-deoxyribonucleosides	Aromatic heteropolycyclic compounds	Nucleotides/nucleosides
C05519	L-Allothreonine	99289.0	28718	C[C@H](O)[C@H](N)C(O)=O	Organic compounds	Organic acids and derivatives	Carboxylic acids and derivatives	Amino acids, peptides, and analogues	Aliphatic acyclic compounds	Amino acids
C05527	3-Sulfinylpyruvic acid	110.0	1665	OC(=O)C(=O)CS(O)=O	Organic compounds	Organic acids and derivatives	Keto acids and derivatives	Alpha-keto acids and derivatives	Aliphatic acyclic compounds	Keto / hydroxy acids
C05528	3-Sulfopyruvic acid	440717.0	16894	OC(=O)C(=O)CS(O)(=O)=O	Organic compounds	Organic acids and derivatives	Keto acids and derivatives	Alpha-keto acids and derivatives	Aliphatic acyclic compounds	Keto / hydroxy acids
C05529										Unknown
C05554	Aerobactin	123762.0	18157	CC(=O)N(O)CCCC[C@H](NC(=O)CC(O)(CC(=O)N[C@@H](CCCCN(O)C(C)=O)C(O)=O)C(O)=O)C(O)=O	Organic compounds	Organic acids and derivatives	Carboxylic acids and derivatives	Amino acids, peptides, and analogues	Aliphatic acyclic compounds	Amino acids
C05576	3,4-Dihydroxyphenylglycol	91528.0	1387	OCC(O)C1=CC(O)=C(O)C=C1	Organic compounds	Benzenoids	Phenols	1-hydroxy-2-unsubstituted benzenoids	Aromatic homomonocyclic compounds	Benzenoids
C05577	3,4-Dihydroxymandelaldehyde	151725.0	27852	OC(C=O)C1=CC(O)=C(O)C=C1	Organic compounds	Benzenoids	Benzene and substituted derivatives	Phenylacetaldehydes	Aromatic homomonocyclic compounds	Benzenoids
C05607	D-Phenyllactic acid	444718.0	43065	[H][C@](O)(CC1=CC=CC=C1)C(O)=O	Organic compounds	Phenylpropanoids and polyketides	Phenylpropanoic acids	Phenylpropanoic acids	Aromatic homomonocyclic compounds	Phenylpropanoids and polyketides
C05623	Isoquercitrin	5280804.0	68352	OC[C@H]1O[C@@H](OC2=C(OC3=C(C(O)=CC(O)=C3)C2=O)C2=CC=C(O)C(O)=C2)[C@H](O)[C@@H](O)[C@@H]1O	Organic compounds	Phenylpropanoids and polyketides	Flavonoids	Flavonoid glycosides	Aromatic heteropolycyclic compounds	Phenylpropanoids and polyketides
C05627	4-Hydroxystyrene	62453.0	1883	OC1=CC=C(C=C)C=C1	Organic compounds	Benzenoids	Phenols	1-hydroxy-2-unsubstituted benzenoids	Aromatic homomonocyclic compounds	Benzenoids
C05629	Hydrocinnamic acid	107.0	28631	OC(=O)CCC1=CC=CC=C1	Organic compounds	Phenylpropanoids and polyketides	Phenylpropanoic acids	Phenylpropanoic acids	Aromatic homomonocyclic compounds	Phenylpropanoids and polyketides
C05640	Cinnabarinic acid	114918.0		NC1=C(C(O)=O)C2=NC3=C(C=CC=C3OC2=CC1=O)C(O)=O	Organic compounds	Organoheterocyclic compounds	Benzoxazines	Phenoxazines	Aromatic heteropolycyclic compounds	Organoheterocyclic compounds
C05649	Dihydropteridine	167.0	30156	C1CN=C2N=CN=CC2=N1	Organic compounds	Organoheterocyclic compounds	Pteridines and derivatives	Pteridines and derivatives	Aromatic heteropolycyclic compounds	Organoheterocyclic compounds
C05650	Tetrahydropteridine	156.0	28889	C1CNC2=C(N1)C=NC=N2	Organic compounds	Organic nitrogen compounds	Organonitrogen compounds	Amines	Aromatic heteropolycyclic compounds	Organic nitrogen compounds
C05665	3-Aminopropionaldehyde	75.0	18090	NCCC=O	Organic compounds	Organic oxygen compounds	Organooxygen compounds	Carbonyl compounds	Aliphatic acyclic compounds	Organic oxygen compounds
C05668	3-Hydroxypropionyl-CoA	11966171.0	27762	CC(C)(COP(O)(=O)OP(O)(=O)OC[C@H]1O[C@H]([C@H](O)[C@@H]1OP(O)(O)=O)N1C=NC2=C1N=CN=C2N)[C@@H](O)C(=O)NCCC(=O)NCCSC(=O)CCO	Organic compounds	Lipids and lipid-like molecules	Fatty Acyls	Fatty acyl thioesters	Aromatic heteropolycyclic compounds	Lipid-like molecules
C05670	Beta-Aminopropionitrile	1647.0	27413	NCCC#N	Organic compounds	Organic nitrogen compounds	Organonitrogen compounds	Organic cyanides	Aliphatic acyclic compounds	Organic nitrogen compounds
C05684	Selenite	1091.0	26642	O[Se](O)=O	Organic compounds	Organic oxygen compounds	Organic oxoanionic compounds	Organic selenites	Acyclic compounds	Organic oxygen compounds
C05686	Adenylylselenate	440758.0	2485	NC1=NC=NC2=C1N=CN2[C@@H]1O[C@H](COP(O)(=O)O[Se](O)(=O)=O)[C@@H](O)[C@H]1O	Organic compounds	Nucleosides, nucleotides, and analogues	Purine nucleotides	Purine ribonucleotides	Aromatic heteropolycyclic compounds	Nucleotides/nucleosides
C05688	Selenocysteine	25076.0	16633	N[C@@H](C[SeH])C(O)=O	Organic compounds	Organic acids and derivatives	Carboxylic acids and derivatives	Amino acids, peptides, and analogues	Aliphatic acyclic compounds	Amino acids
C05689	Se-Methylselenocysteine	147004.0	27812	C[Se]C[C@H](N)C(O)=O	Organic compounds	Organic acids and derivatives	Carboxylic acids and derivatives	Amino acids, peptides, and analogues	Aliphatic acyclic compounds	Amino acids
C05691	Se-Adenosylselenomethionine	24892761.0		C[Se+](CCC(N)C(O)=O)C[C@H]1O[C@H]([C@H](O)[C@@H]1O)N1C=NC2=C1N=CN=C2N	Organic compounds	Nucleosides, nucleotides, and analogues	5'-deoxyribonucleosides	5'-deoxyribonucleosides	Aromatic heteropolycyclic compounds	Nucleotides/nucleosides
C05695	Gamma-Glutamyl-Se-methylselenocysteine	440760.0	28776	C[Se]CC(NC(=O)CCC(N)C(O)=O)C(O)=O	Organic compounds	Organic acids and derivatives	Carboxylic acids and derivatives	Amino acids, peptides, and analogues	Aliphatic acyclic compounds	Amino acids
C05696	3-Phosphoadenylylselenate	24892762.0	28450	NC1=C2N=CN([C@@H]3O[C@H](COP(O)(=O)O[Se](O)(=O)=O)[C@@H](OP(O)(O)=O)[C@H]3O)C2=NC=N1	Organic compounds	Nucleosides, nucleotides, and analogues	Purine nucleotides	Purine ribonucleotides	Aromatic heteropolycyclic compounds	Nucleotides/nucleosides
C05697	Selenate	1089.0	18170	O[Se](O)(=O)=O	Organic compounds	Organic oxygen compounds	Organic oxoanionic compounds	Organic selenates	Acyclic compounds	Organic oxygen compounds
C05698	Selenohomocysteine	49787004.0	9096	N[C@@H](CC[SeH])C(O)=O	Organic compounds	Organic acids and derivatives	Carboxylic acids and derivatives	Amino acids, peptides, and analogues	Aliphatic acyclic compounds	Amino acids
C05699	Selenocystathionine	441455.0	27760	N[C@@H](CC[Se]C[C@H](N)C(O)=O)C(O)=O	Organic compounds	Organic acids and derivatives	Carboxylic acids and derivatives	Amino acids, peptides, and analogues	Aliphatic acyclic compounds	Amino acids
C05702	O-phosphonato-L-homoserine(2-)	953.0	21969	NC(CCOP(O)(O)=O)C(O)=O	Organic compounds	Organic acids and derivatives	Carboxylic acids and derivatives	Amino acids, peptides, and analogues	Aliphatic acyclic compounds	Amino acids
C05703	Methaneselenol	440764.0	64685	C[SeH]	Organic compounds	Organometallic compounds	Organometalloid compounds	Organoselenium compounds	Aliphatic acyclic compounds	Other
C05711	gamma-Glutamyl-beta-cyanoalanine	53297342.0	10565	N[C@@H](CCC(O)=N[C@@H](CC#N)C(O)=O)C(O)=O	Organic compounds	Organic acids and derivatives	Carboxylic acids and derivatives	Amino acids, peptides, and analogues	Aliphatic acyclic compounds	Amino acids
C05712	Cyanohydrin		23437							Unknown
C05713										Unknown
C05726	S-Substituted L-cysteine		47910							Unknown
C05729	R-S-Alanylglycine		8744							Unknown
C05730	Glutathionylspermidine		16613							Unknown
C05744	Acetoacetyl-[acp]		2393							Unknown
C05745	Butyryl-ACP		3247							Unknown
C05746	3-oxo-hexanoyl-ACP		1642							Unknown
C05747	3-Hydroxy hexanoyl-ACP		326							Unknown
C05748	2-trans-hexanoyl-ACP		10727							Unknown
C05749	Hexanoyl-ACP		5704							Unknown
C05750	3-oxo-octanoyl-ACP		1646							Unknown
C05751	2-trans-octenoyl-ACP									Unknown
C05752	Octanoyl-[acp]		7725							Unknown
C05753	3-oxo-decanoyl-ACP		1634							Unknown
C05754	2-trans-decanoyl-ACP		10724							Unknown
C05755	Decanoyl-[acp]		4349							Unknown
C05756	3-oxo-dodecanoyl-ACP		1637							Unknown
C05757	3-hydroxy-dodecanoyl-ACP		325							Unknown
C05758	2-trans-dodecanoyl-ACP		10725							Unknown
C05759	3-oxo-tetradecanoyl-ACP		1655							Unknown
C05760	trans-Tetradec-2-enoyl-[acp]		10735							Unknown
C05761	Tetradecanoyl-[acp]		50651							Unknown
C05762	3-Oxo-hexadecanoyl-ACP		1639	CCCCCCCCCCCCCC(=O)CC(=O)S[*]	Organic compounds	Organoheterocyclic compounds	Thiolactones	Thiolactones	Aliphatic acyclic compounds	Organoheterocyclic compounds
C05763	2-trans-hexadecenoyl-ACP		10729							Unknown
C05764	Hexadecanoyl-[acp]		5697							Unknown
C05766	Uroporphyrinogen I	440775.0	28766	OC(=O)CCC1=C2CC3=C(CC(O)=O)C(CCC(O)=O)=C(CC4=C(CC(O)=O)C(CCC(O)=O)=C(CC5=C(CC(O)=O)C(CCC(O)=O)=C(CC(N2)=C1CC(O)=O)N5)N4)N3	Organic compounds	Organoheterocyclic compounds	Tetrapyrroles and derivatives	Metallotetrapyrroles	Aromatic heteropolycyclic compounds	Organoheterocyclic compounds
C05768	Coproporphyrinogen I	440776.0	28607	CC1=C2CC3=C(CCC(O)=O)C(C)=C(CC4=C(CCC(O)=O)C(C)=C(CC5=C(CCC(O)=O)C(C)=C(CC(N2)=C1CCC(O)=O)N5)N4)N3	Organic compounds	Organoheterocyclic compounds	Tetrapyrroles and derivatives	Metallotetrapyrroles	Aromatic heteropolycyclic compounds	Organoheterocyclic compounds
C05770	Coproporphyrin III		27609	CC1=C(CCC(O)=O)/C2=C/C3=N/C(=C\C4=C(C)C(CCC(O)=O)=C(N4)/C=C4\N=C(\C=C\1/N\2)C(C)=C4CCC(O)=O)/C(CCC(O)=O)=C3C	Organic compounds	Organoheterocyclic compounds	Tetrapyrroles and derivatives	Metallotetrapyrroles	Aromatic heteropolycyclic compounds	Organoheterocyclic compounds
C05771	1-Amino-propan-2-ol	4.0	19030	CC(O)CN	Organic compounds	Organic oxygen compounds	Organooxygen compounds	Alcohols and polyols	Aliphatic acyclic compounds	Organic oxygen compounds
C05774	Cobinamide	11528127.0	28956	[H][C@@]12[C@H](CC(N)=O)[C@@](C)(CCC(=O)NC[C@@H](C)O)C3=C(C)C4=[N]5C(=CC6=[N]7C(=C(C)C8=[N]([C@]1(C)[C@@](C)(CC(N)=O)[C@@H]8CCC(N)=O)[Co++]57N23)[C@@](C)(CC(N)=O)[C@@H]6CCC(N)=O)C(C)(C)[C@@H]4CCC(N)=O	Organic compounds	Organoheterocyclic compounds	Tetrapyrroles and derivatives	Metallotetrapyrroles	Aliphatic heteropolycyclic compounds	Organoheterocyclic compounds
C05775	N1-(alpha-D-ribosyl)-5,6-dimethyl-benzimidazole	440780.0	10329	CC1=CC2=C(C=C1C)N(C=N2)[C@H]1O[C@H](CO)C(O)C1O	Organic compounds	Nucleosides, nucleotides, and analogues	Benzimidazole ribonucleosides and ribonucleotides	Benzimidazole ribonucleosides and ribonucleotides	Aromatic heteropolycyclic compounds	Nucleotides/nucleosides
C05778	Sirohydrochlorin		18023							Unknown
C05787	Bilirubin diglucuronide	5280817.0		CC1=C(C=C)\C(NC1=O)=C\C1=C(C)C(CCC(=O)O[C@@H]2O[C@@H]([C@@H](O)[C@H](O)[C@H]2O)C(O)=O)=C(CC2=C(CCC(=O)O[C@@H]3O[C@@H]([C@@H](O)[C@H](O)[C@H]3O)C(O)=O)C(C)=C(N2)\C=C2/NC(=O)C(C=C)=C2C)N1	Organic compounds	Organoheterocyclic compounds	Tetrapyrroles and derivatives	Bilirubins	Aromatic heteromonocyclic compounds	Organoheterocyclic compounds
C05791	Urobilinogen	440784.0	4260	CCC1=C(C)C(=O)NC1CC1=C(C)C(CCC(O)=O)=C(CC2=C(CCC(O)=O)C(C)=C(CC3NC(=O)C(C=C)=C3C)N2)N1	Organic compounds	Organoheterocyclic compounds	Tetrapyrroles and derivatives	Bilirubins	Aromatic heteromonocyclic compounds	Organoheterocyclic compounds
C05796	Galactan	53477780.0		CO[C@@H]1O[C@H](CO)[C@H](O[C@@H]2O[C@H](CO)[C@H](OC)[C@H](O)[C@H]2O)[C@H](O)[C@H]1O	Organic compounds	Organic oxygen compounds	Organooxygen compounds	Carbohydrates and carbohydrate conjugates	Aliphatic heteromonocyclic compounds	Organic oxygen compounds
C05807	2-Polyprenylphenol		1269							Unknown
C05809	3-octaprenyl-4-hydroxybenzoate	76170714.0	50116	CC(C)=CCCC(C)=CCCC(C)=CCCC(C)=CCCC(C)=CCCC(C)=CCCC(C)=CCCC(C)=CCC1=C(O)C=CC(=C1)C([O-])=O	Organic compounds	Lipids and lipid-like molecules	Prenol lipids	Polyprenylphenols	Aromatic homomonocyclic compounds	Lipid-like molecules
C05810	2-octaprenylphenol	8105.0	40407	CC(C)=CCC\C(C)=C\CC\C(C)=C\CC\C(C)=C\CC\C(C)=C\CC\C(C)=C\CC\C(C)=C\CC\C(C)=C\CC1=CC=CC=C1O	Organic compounds	Lipids and lipid-like molecules	Prenol lipids	Polyprenylphenols	Aromatic homomonocyclic compounds	Lipid-like molecules
C05811	3-(all-trans-octaprenyl)benzene-1,2-diol	5280833.0	1233	[H]\C(CC\C(C)=C(/[H])CC\C(C)=C(/[H])CC\C(C)=C(/[H])CC\C(C)=C(/[H])CC\C(C)=C(/[H])CC\C(C)=C(/[H])CC1=C(O)C(O)=CC=C1)=C(\C)CCC=C(C)C	Organic compounds	Lipids and lipid-like molecules	Prenol lipids	Polyprenylphenols	Aromatic homomonocyclic compounds	Lipid-like molecules
C05812										Unknown
C05817	(1R,6R)-6-hydroxy-2-succinylcyclohexa-2,4-diene-1-carboxylate		39564	[H][C@@]1(O)C=CC=C(C(=O)CCC(O)=O)[C@@]1([H])C(O)=O	Organic compounds	Lipids and lipid-like molecules	Fatty Acyls	Fatty acids and conjugates	Aliphatic homomonocyclic compounds	Lipid-like molecules
C05819	Menaquinol	5280839.0		CC(C)=CCC\C(C)=C\CC1=C(O)C2=CC=CC=C2C(O)=C1C	Organic compounds	Lipids and lipid-like molecules	Prenol lipids	Quinone and hydroquinone lipids	Aromatic homopolycyclic compounds	Lipid-like molecules
C05820										Unknown
C05821	Chymosin preparation, escherichia coli k-12	34231.0	28855	OC1=CC=CC(C(=O)N[C@H]2COC(=O)[C@H](COC(=O)[C@H](COC2=O)NC(=O)C2=CC=CC(O)=C2O)NC(=O)C2=CC=CC(O)=C2O)=C1O	Organic compounds	Organic acids and derivatives	Peptidomimetics	Depsipeptides	Aromatic heteromonocyclic compounds	Other organic acids
C05822	Cytidine 3'-monophosphate	66535.0	53013	NC1=NC(=O)N(C=C1)[C@@H]1O[C@H](CO)[C@@H](OP(O)(O)=O)[C@H]1O	Organic compounds	Nucleosides, nucleotides, and analogues	Ribonucleoside 3'-phosphates	Ribonucleoside 3'-phosphates	Aromatic heteromonocyclic compounds	Nucleotides/nucleosides
C05824	Cysteine-S-sulfate	115015.0	27891	N[C@@H](CSS(O)(=O)=O)C(O)=O	Organic compounds	Organic acids and derivatives	Carboxylic acids and derivatives	Amino acids, peptides, and analogues	Aliphatic acyclic compounds	Amino acids
C05838	Coumarinic acid	5280841.0	28873	OC(=O)\C=C/C1=C(O)C=CC=C1	Organic compounds	Phenylpropanoids and polyketides	Cinnamic acids and derivatives	Hydroxycinnamic acids and derivatives	Aromatic homomonocyclic compounds	Phenylpropanoids and polyketides
C05839	cis-Melilotoside	5316113.0	62251	OC[C@H]1O[C@@H](OC2=C(\C=C/C(O)=O)C=CC=C2)[C@H](O)[C@@H](O)[C@@H]1O	Organic compounds	Phenylpropanoids and polyketides	Cinnamic acids and derivatives	Cinnamic acids and derivatives	Aromatic heteromonocyclic compounds	Phenylpropanoids and polyketides
C05840	Iminoaspartic acid	796.0	50616	OC(=O)CC(=N)C(O)=O	Organic compounds	Organic acids and derivatives	Carboxylic acids and derivatives	Dicarboxylic acids and derivatives	Aliphatic acyclic compounds	Carboxylic acids
C05841	Nicotinic acid ribonucleoside	161234.0	27748	OC[C@H]1O[C@H]([C@H](O)[C@@H]1O)[N+]1=CC=CC(=C1)C(O)=O	Organic compounds	Organoheterocyclic compounds	Pyridines and derivatives	Pyridinecarboxylic acids and derivatives	Aromatic heteromonocyclic compounds	Organoheterocyclic compounds
C05844	5-L-Glutamyl-taurine	68759.0	27694	N[C@@H](CCC(=O)NCCS(O)(=O)=O)C(O)=O	Organic compounds	Organic acids and derivatives	Carboxylic acids and derivatives	Amino acids, peptides, and analogues	Aliphatic acyclic compounds	Amino acids
C05847	all-trans-Polyprenyl diphosphate									Unknown
C05848	4-Hydroxy-3-polyprenylbenzoate	5280844.0	61122	CC(C)=CCC\C(C)=C\CC1=CC(=CC=C1O)C(O)=O	Organic compounds	Lipids and lipid-like molecules	Prenol lipids	Monoterpenoids	Aromatic homomonocyclic compounds	Lipid-like molecules
C05850	Vitamin K1	5284607.0	18067	CC(C)CCC[C@@H](C)CCC[C@@H](C)CCC\C(C)=C\CC1=C(C)C(=O)C2=C(C=CC=C2)C1=O	Organic compounds	Lipids and lipid-like molecules	Prenol lipids	Quinone and hydroquinone lipids	Aromatic homopolycyclic compounds	Lipid-like molecules
C05892	UDP-N-acetylmuramoyl-L-alanyl-gamma-D-glutamyl-L-lysine		16329							Unknown
C05893	Undecaprenyl-diphospho-N-acetylmuramoyl-(N-acetylglucosamine)-L-alanyl-gamma-D-glutamyl-L-lysyl-D-alanyl-D-alanine		27692							Unknown
C05897	Undecaprenyl-diphospho-N-acetylmuramoyl-L-alanyl-D-glutamyl-meso-2,6-diaminopimeloyl-D-alanyl-D-alanine									Unknown
C05898	Undecaprenyl-diphospho-N-acetylmuramoyl-(N-acetylglucosamine)-L-alanyl-D-glutamyl-meso-2,6-diaminopimeloyl-D-alanyl-D-alanine		28138							Unknown
C05921	Biotinyl-5'-AMP	440839.0		NC1=NC=NC2=C1N=CN2[C@@H]1O[C@H](COP(O)(=O)OC(=O)CCCC[C@@H]2SCC3NC(=O)NC23)[C@@H](O)[C@H]1O	Organic compounds	Nucleosides, nucleotides, and analogues	Purine nucleotides	Purine ribonucleotides	Aromatic heteropolycyclic compounds	Nucleotides/nucleosides
C05922	Formamidopyrimidine nucleoside triphosphate	440840.0	58104	NC1=NC(N[C@@H]2O[C@H](COP(O)(=O)OP(O)(=O)OP(O)(O)=O)[C@@H](O)[C@H]2O)=C(NC=O)C(=O)N1	Organic compounds	Organic oxygen compounds	Organooxygen compounds	Carbohydrates and carbohydrate conjugates	Aromatic heteromonocyclic compounds	Organic oxygen compounds
C05923	2,5-Diaminopyrimidine nucleoside triphosphate	440841.0	929	NC1=NC(N[C@@H]2O[C@H](COP(O)(=O)OP(O)(=O)OP(O)(O)=O)[C@@H](O)[C@H]2O)=C(N)C(=O)N1	Organic compounds	Organic oxygen compounds	Organooxygen compounds	Carbohydrates and carbohydrate conjugates	Aromatic heteromonocyclic compounds	Organic oxygen compounds
C05924	Molybdopterin									Unknown
C05925	Dihydroneopterin phosphate	24771767.0	48954	NC1=NC(=O)C2=C(NCC(=N2)[C@H](O)[C@H](O)COP(O)(O)=O)N1	Organic compounds	Organoheterocyclic compounds	Pteridines and derivatives	Pterins and derivatives	Aromatic heteropolycyclic compounds	Organoheterocyclic compounds
C05931	N-Succinyl-L-glutamate		48957							Unknown
C05932	N2-Succinyl-L-glutamic acid 5-semialdehyde	440848.0	27657	OC(=O)CCC(=O)N[C@@H](CCC=O)C(O)=O	Organic compounds	Organic acids and derivatives	Carboxylic acids and derivatives	Amino acids, peptides, and analogues	Aliphatic acyclic compounds	Amino acids
C05938	L-4-Hydroxyglutamate semialdehyde	440851.0	27809	N[C@@H](C[C@@H](O)C=O)C(O)=O	Organic compounds	Organic acids and derivatives	Carboxylic acids and derivatives	Amino acids, peptides, and analogues	Aliphatic acyclic compounds	Amino acids
C05946	D-4-Hydroxy-2-oxoglutarate	440853.0	4083	[H][C@@](O)(CC(=O)C(O)=O)C(O)=O	Organic compounds	Organic acids and derivatives	Keto acids and derivatives	Gamma-keto acids and derivatives	Aliphatic acyclic compounds	Keto / hydroxy acids
C05947	4-Hydroxy-L-glutamic acid	440854.0	21285	N[C@@H](C[C@@H](O)C(O)=O)C(O)=O	Organic compounds	Organic acids and derivatives	Carboxylic acids and derivatives	Amino acids, peptides, and analogues	Aliphatic acyclic compounds	Amino acids
C05951	Leukotriene D4	5280878.0	28666	CCCCC\C=C/C\C=C/C=C/C=C/[C@@H](SC[C@H](N)C(=O)NCC(O)=O)[C@@H](O)CCCC(O)=O	Organic compounds	Organic acids and derivatives	Carboxylic acids and derivatives	Amino acids, peptides, and analogues	Aliphatic acyclic compounds	Amino acids
C05973	2-Acyl-sn-glycero-3-phosphoethanolamine		28936							Unknown
C05974	2-Acyl-sn-glycero-3-phosphoserine		37646							Unknown
C05980	CL(8:0/15:0/18:2(9Z,11Z)/23:0)	131828451.0	28494	[H][C@](O)(COP(O)(=O)OC[C@@]([H])(COC(=O)CCCCCCC)OC(=O)CCCCCCCCCCCCCC)COP(O)(=O)OC[C@@]([H])(COC(=O)CCCCCCC\C=C/C=C\CCCCCC)OC(=O)CCCCCCCCCCCCCCCCCCCCCC	Organic compounds	Lipids and lipid-like molecules	Glycerophospholipids	Glycerophosphoglycerophosphoglycerols	Aliphatic acyclic compounds	Lipid-like molecules
C05983	Propinol adenylate	440863.0	62415	CCC(=O)OP(O)(=O)OC[C@H]1O[C@H]([C@H](O)[C@@H]1O)N1C=NC2=C1N=CN=C2N	Organic compounds	Nucleosides, nucleotides, and analogues	Purine nucleotides	Purine ribonucleotides	Aromatic heteropolycyclic compounds	Nucleotides/nucleosides
C05993	Acetyl adenylate	440867.0	37666	CC(=O)OP(O)(=O)OC[C@H]1O[C@H]([C@H](O)[C@@H]1O)N1C=NC2=C1N=CN=C2N	Organic compounds	Nucleosides, nucleotides, and analogues	Purine nucleotides	Purine ribonucleotides	Aromatic heteropolycyclic compounds	Nucleotides/nucleosides
C05998	3-Hydroxyisovaleryl-CoA	11953876.0	28291	CC(C)(O)CC(=O)SCCNC(=O)CCNC(=O)C(O)C(C)(C)COP(O)(=O)OP(O)(=O)OC[C@H]1O[C@H]([C@H](O)[C@@H]1OP(O)(O)=O)N1C=NC2=C1N=CN=C2N	Organic compounds	Lipids and lipid-like molecules	Fatty Acyls	Fatty acyl thioesters	Aromatic heteropolycyclic compounds	Lipid-like molecules
C05999										Unknown
C06000	(S)-3-Hydroxyisobutyryl-CoA	88.0	28259	CC(CO)C(=O)SCCNC(=O)CCNC(=O)C(O)C(C)(C)COP(O)(=O)OP(O)(=O)OCC1OC(C(O)C1OP(O)(O)=O)N1C=NC2=C(N)N=CN=C12	Organic compounds	Lipids and lipid-like molecules	Fatty Acyls	Fatty acyl thioesters	Aromatic heteropolycyclic compounds	Lipid-like molecules
C06002	(S)-Methylmalonic acid semialdehyde	5462303.0	27821	C[C@@H](C=O)C(O)=O	Organic compounds	Organic oxygen compounds	Organooxygen compounds	Carbonyl compounds	Aliphatic acyclic compounds	Organic oxygen compounds
C06006	(S)-2-Aceto-2-hydroxybutanoic acid	440875.0	27681	CC[C@](O)(C(C)=O)C(O)=O	Organic compounds	Organic acids and derivatives	Keto acids and derivatives	Short-chain keto acids and derivatives	Aliphatic acyclic compounds	Keto / hydroxy acids
C06007	(R)-2,3-Dihydroxy-3-methylvalerate	448154.0	27512	CC[C@@](C)(O)[C@@H](O)C(O)=O	Organic compounds	Lipids and lipid-like molecules	Fatty Acyls	Fatty acids and conjugates	Aliphatic acyclic compounds	Lipid-like molecules
C06010	(S)-2-Acetolactate	440878.0	18409	CC(=O)[C@](C)(O)C(O)=O	Organic compounds	Organic acids and derivatives	Keto acids and derivatives	Short-chain keto acids and derivatives	Aliphatic acyclic compounds	Keto / hydroxy acids
C06022	UDP-3-O-(3-hydroxytetradecanoyl)-D-glucosamine		71619							Unknown
C06024	3-Deoxy-D-manno-octulosonyl-lipid IV(A)		27439							Unknown
C06025	Di[3-deoxy-D-manno-octulosonyl]-lipid IV(A)		28526							Unknown
C06026	Di[3-deoxy-D-manno-octulosonyl]-lipid A		27963							Unknown
C06032	D-erythro-3-Methylmalate		27394							Unknown
C06037	Digalactosyl-diacylglycerol		28396							Unknown
C06054	2-Oxo-3-hydroxy-4-phosphobutanoic acid	21145142.0	27951	O[C@H](COP(O)(O)=O)C(=O)C(O)=O	Organic compounds	Organic acids and derivatives	Keto acids and derivatives	Short-chain keto acids and derivatives	Aliphatic acyclic compounds	Keto / hydroxy acids
C06055	O-Phospho-4-hydroxy-L-threonine	440901.0	18336	N[C@@H]([C@H](O)COP(O)(O)=O)C(O)=O	Organic compounds	Organic acids and derivatives	Carboxylic acids and derivatives	Amino acids, peptides, and analogues	Aliphatic acyclic compounds	Amino acids
C06056	4-Hydroxy-L-threonine		28330							Unknown
C06114	gamma-Glutamyl-beta-aminopropiononitrile	440920.0	28092	[H][C@](N)(CCC(O)=NCCC#N)C(O)=O	Organic compounds	Organic acids and derivatives	Carboxylic acids and derivatives	Amino acids, peptides, and analogues	Aliphatic acyclic compounds	Amino acids
C06125	3-O-Sulfogalactosylceramide (d18:1/24:0)	24779585.0	60361	[H][C@@](CO[C@@H]1O[C@H](CO)[C@H](O)C(OS(O)(=O)=O)C1O)(NC(=O)CCCCCCCCCCCCCCCCCCCCCCC)[C@]([H])(O)\C=C\CCCCCCCCCCCCC	Organic compounds	Lipids and lipid-like molecules	Sphingolipids	Glycosphingolipids	Aliphatic heteromonocyclic compounds	Lipid-like molecules
C06126	Galabiosylceramide (d18:1/9Z-18:1)	20057273.0		CCCCCCCCCCCCC\C=C/C(O)C(CO[C@@H]1O[C@H](CO)[C@H](O[C@H]2O[C@H](CO)[C@H](O)[C@H](O)[C@H]2O)[C@H](O)[C@H]1O)NC(=O)CCCCCCC\C=C/CCCCCCCC	Organic compounds	Lipids and lipid-like molecules	Sphingolipids	Glycosphingolipids	Aliphatic heteromonocyclic compounds	Lipid-like molecules
C06148	2,5-Diamino-6-(5'-triphosphoryl-3',4'-trihydroxy-2'-oxopentyl)-amino-4-oxopyrimidine	440923.0		NC1=NC(=O)C(N)=C(NCC(=O)C(O)C(O)COP(O)(=O)OP(O)(=O)OP(O)(O)=O)N1	Organic compounds	Organic oxygen compounds	Organooxygen compounds	Carbohydrates and carbohydrate conjugates	Aromatic heteromonocyclic compounds	Organic oxygen compounds
C06156	Glucosamine-1P	9965052.0	174383	N[C@@H]1[C@@H](O)[C@H](O)[C@@H](CO)O[C@H]1OP(O)(O)=O	Organic compounds	Organic acids and derivatives	Organic phosphoric acids and derivatives	Phosphate esters	Aliphatic heteromonocyclic compounds	Other organic acids
C06157	S-Glutaryldihydrolipoamide	11953879.0	28391	NC(=O)CCCCC(S)CCSC(=O)CCCC(O)=O	Organic compounds	Lipids and lipid-like molecules	Fatty Acyls	Fatty acids and conjugates	Aliphatic acyclic compounds	Lipid-like molecules
C06178	1-Methylpyrrolinium	440932.0	27435	C[N+]1=CCCC1	Organic compounds	Organoheterocyclic compounds	Pyrrolines	Pyrrolines	Aliphatic heteromonocyclic compounds	Organoheterocyclic compounds
C06186	Arbutin	440936.0	18305	OC[C@H]1O[C@@H](OC2=CC=C(O)C=C2)[C@H](O)[C@@H](O)[C@@H]1O	Organic compounds	Benzenoids	Phenols	4-alkoxyphenols	Aromatic heteromonocyclic compounds	Benzenoids
C06187	Arbutin 6-phosphate		2807							Unknown
C06188	Salicin 6-phosphate		9003							Unknown
C06193	Guanosine 3'-monophosphate	8339.0	28072	NC1=NC2=C(N=CN2[C@@H]2O[C@H](CO)[C@@H](OP(O)(O)=O)[C@H]2O)C(=O)N1	Organic compounds	Nucleosides, nucleotides, and analogues	Ribonucleoside 3'-phosphates	Ribonucleoside 3'-phosphates	Aromatic heteropolycyclic compounds	Nucleotides/nucleosides
C06194	Guanosine 2',3'-cyclic phosphate	53481125.0	28181	NC1=NC(=O)C2=C(N1)N(C=N2)[C@@H]1O[C@H](CO)[C@H]2OP(O)(=O)O[C@@H]12	Organic compounds	Nucleosides, nucleotides, and analogues	Purine nucleotides	Cyclic purine nucleotides	Aromatic heteropolycyclic compounds	Nucleotides/nucleosides
C06196	dIMP	91531.0	28806	O[C@H]1C[C@@H](O[C@@H]1COP(O)(O)=O)N1C=NC2=C1NC=NC2=O	Organic compounds	Organic oxygen compounds	Organooxygen compounds	Carbohydrates and carbohydrate conjugates	Aromatic heteropolycyclic compounds	Organic oxygen compounds
C06206	Benzoyl phosphate	151426.0		OP(O)(=O)OC(=O)C1=CC=CC=C1	Organic compounds	Benzenoids	Benzene and substituted derivatives	Benzoic acids and derivatives	Aromatic homomonocyclic compounds	Benzenoids
C06224										Unknown
C06227	Fe(III)hydroxamate	8470.0	28163							Unknown
C06228										Unknown
C06229	Fe(III)dicitrate	8472.0								Unknown
C06230										Unknown
C06232	Molybdate	82208.0	25371	O[Mo++](O)(=O)=O	Organic compounds	Organic oxygen compounds	Organic oxoanionic compounds	Organic oxoanionic compounds	Acyclic compounds	Organic oxygen compounds
C06240	UDP-N-acetyl-D-mannosaminouronate		70738							Unknown
C06249										Unknown
C06250	Holo-[carboxylase]									Unknown
C06251	Lauroyl-KDO2-lipid IV(A)		27422							Unknown
C06257	1-Deoxy-D-xylulose	12444984.0		OC[C@@H]1OC[C@@H](O)[C@@H]1O	Organic compounds	Organic oxygen compounds	Organooxygen compounds	Carbohydrates and carbohydrate conjugates	Aliphatic heteromonocyclic compounds	Organic oxygen compounds
C06311	Galactitol 1-phosphate		28663							Unknown
C06329	2-Chloromaleylacetate	9776838.0		OC(=O)CC(=O)\C=C(\Cl)C(O)=O	Organic compounds	Organic acids and derivatives	Keto acids and derivatives	Medium-chain keto acids and derivatives	Aliphatic acyclic compounds	Keto / hydroxy acids
C06332	Methyl n-acetylanthranilate	17623.0	16803	COC(=O)C1=CC=CC=C1NC(C)=O	Organic compounds	Benzenoids	Benzene and substituted derivatives	Benzoic acids and derivatives	Aromatic homomonocyclic compounds	Benzenoids
C06369										Unknown
C06376	N-Acetyl-D-galactosamine 6-phosphate		18207							Unknown
C06377	D-Galactosamine 6-phosphate		18232							Unknown
C06393										Unknown
C06397	D-altro-D-manno-Heptose	245622.0	28723	OCC(O)C1OC(O)C(O)C(O)C1O	Organic compounds	Organic oxygen compounds	Organooxygen compounds	Carbohydrates and carbohydrate conjugates	Aliphatic heteromonocyclic compounds	Organic oxygen compounds
C06398	ADP-L-glycero-D-manno-heptose		15915							Unknown
C06421										Unknown
C06422										Unknown
C06423	Caprylic acid	379.0	28837	CCCCCCCC(O)=O	Organic compounds	Lipids and lipid-like molecules	Fatty Acyls	Fatty acids and conjugates	Aliphatic acyclic compounds	Lipid-like molecules
C06427	alpha-Linolenic acid	5280934.0	27432	CC\C=C/C\C=C/C\C=C/CCCCCCCC(O)=O	Organic compounds	Lipids and lipid-like molecules	Fatty Acyls	Fatty acids and conjugates	Aliphatic acyclic compounds	Lipid-like molecules
C06441	L-Xylulose 1-phosphate		28566							Unknown
C06473	2-Keto-D-gluconic acid		27469							Unknown
C06481	L-Seryl-tRNA(Sec)		13170							Unknown
C06482	L-Selenocysteinyl-tRNA(Sec)		13166							Unknown
C06501	O-Phosphotyrosine	30819.0	37788	N[C@@H](CC1=CC=C(OP(O)(O)=O)C=C1)C(O)=O	Organic compounds	Organic acids and derivatives	Carboxylic acids and derivatives	Amino acids, peptides, and analogues	Aromatic homomonocyclic compounds	Amino acids
C06504	Cob(II)yrinate a,c diamide		27937							Unknown
C06505	Cob(I)yrinate a,c diamide		28531	[Co]N1\C2=C(C)/C3=N/C(=C\C4=N\C(=C(C)/C5=NC([C@H](CC(O)=O)[C@@]5(C)CCC(O)=O)[C@@]1(C)[C@@](C)(CC(N)=O)[C@@H]2CCC(O)=O)\[C@@H](CCC(O)=O)C4(C)C)/[C@@H](CCC(O)=O)[C@]3(C)CC(N)=O	Organic compounds	Organoheterocyclic compounds	Tetrapyrroles and derivatives	Corrinoids	Aliphatic heteropolycyclic compounds	Organoheterocyclic compounds
C06506	Adenosyl cobyrinic acid a,c diamide	0.0	2482	[H][C@]12[C@H](CC(O)=O)[C@@](C)(CCC(O)=O)\C(N1[Co+]C[C@H]1O[C@H]([C@H](O)[C@@H]1O)N1C=NC3=C1N=CN=C3N)=C(C)\C1=N\C(=C/C3=N/C(=C(C)\C4=N[C@]2(C)[C@@](C)(CC(N)=O)[C@@H]4CCC(O)=O)/[C@@](C)(CC(N)=O)[C@@H]3CCC(O)=O)\C(C)(C)[C@@H]1CCC(O)=O	Organic compounds	Organoheterocyclic compounds	Tetrapyrroles and derivatives	Metallotetrapyrroles	Aromatic heteropolycyclic compounds	Organoheterocyclic compounds
C06508	Adenosyl cobinamide		2480	[H][C@@]12[C@H](CC(N)=O)[C@@](C)(CCC(=O)NC[C@@H](C)O)C3=C(C)C4=[N+]5C(=CC6=[N+]7C(=C(C)C8=[N+]([C@]1(C)[C@@](C)(CC(N)=O)[C@@H]8CCC(N)=O)[Co--]57(C[C@H]1O[C@H]([C@H](O)[C@@H]1O)N1C=NC5=C1N=CN=C5N)N23)[C@@](C)(CC(N)=O)[C@@H]6CCC(N)=O)C(C)(C)[C@@H]4CCC(N)=O	Organic compounds	Organoheterocyclic compounds	Tetrapyrroles and derivatives	Metallotetrapyrroles	Aromatic heteropolycyclic compounds	Organoheterocyclic compounds
C06509	Adenosyl cobinamide phosphate		2481	C[C@H](CNC(=O)CC[C@]1(C)[C@@H](CC(N)=O)[C@H]2N3C1=C(C)C1=[N+]4C(=CC5=[N+]6C(=C(C)C7=[N+]([C@]2(C)[C@@](C)(CC(N)=O)[C@@H]7CCC(N)=O)[Co--]346C[C@H]2O[C@H]([C@H](O)[C@@H]2O)N2C=NC3=C2N=CN=C3N)[C@@](C)(CC(N)=O)[C@@H]5CCC(N)=O)C(C)(C)[C@@H]1CCC(N)=O)OP(O)(O)=O	Organic compounds	Organoheterocyclic compounds	Tetrapyrroles and derivatives	Metallotetrapyrroles	Aromatic heteropolycyclic compounds	Organoheterocyclic compounds
C06510	Adenosylcobinamide-GDP	0.0	2479	[H][C@@]12[C@H](CC(N)=O)[C@@](C)(CCC(=O)NC[C@@H](C)OP(O)(=O)OP(O)(=O)OC[C@H]3O[C@H]([C@H](O)[C@@H]3O)N3C=NC4=C3N=C(N)NC4=O)C3=C(C)C4=[N+]5C(=CC6=[N+]7C(=C(C)C8=[N+]([C@]1(C)[C@@](C)(CC(N)=O)[C@@H]8CCC(N)=O)[Co--]57(C[C@H]1O[C@H]([C@H](O)[C@@H]1O)N1C=NC5=C1N=CN=C5N)N23)[C@@](C)(CC(N)=O)[C@@H]6CCC(N)=O)C(C)(C)[C@@H]4CCC(N)=O	Organic compounds	Nucleosides, nucleotides, and analogues	Purine nucleotides	Purine ribonucleotides	Aromatic heteropolycyclic compounds	Nucleotides/nucleosides
C06563	Genistein	5280961.0	28088	OC1=CC=C(C=C1)C1=COC2=CC(O)=CC(O)=C2C1=O	Organic compounds	Phenylpropanoids and polyketides	Isoflavonoids	Isoflav-2-enes	Aromatic heteropolycyclic compounds	Phenylpropanoids and polyketides
C06567	Penicilloic acid	98994.0		CC1(C)SC(NC1C(O)=O)C(NC(=O)CC1=CC=CC=C1)C(O)=O	Organic compounds	Organic acids and derivatives	Carboxylic acids and derivatives	Amino acids, peptides, and analogues	Aromatic heteromonocyclic compounds	Amino acids
C06570	Tetracycline	5761.0	27902	[H][C@@]12C[C@@]3([H])C(=C(O)[C@]1(O)C(=O)C(C(N)=O)=C(O)[C@H]2N(C)C)C(=O)C1=C(O)C=CC=C1[C@@]3(C)O	Organic compounds	Phenylpropanoids and polyketides	Tetracyclines	Tetracyclines	Aromatic homopolycyclic compounds	Phenylpropanoids and polyketides
C06611	trans-3-Chloro-2-propene-1-ol	287955.0	28960	OC\C=C\Cl	Organic compounds	Organohalogen compounds	Vinyl halides	Vinyl chlorides	Aliphatic acyclic compounds	Other
C06612	cis-3-Chloro-2-propene-1-ol	643775.0	28967	OC\C=C/Cl	Organic compounds	Organohalogen compounds	Vinyl halides	Vinyl chlorides	Aliphatic acyclic compounds	Other
C06613	trans-3-Chloroallyl aldehyde	5280971.0		Cl\C=C\C=O	Organic compounds	Organohalogen compounds	Vinyl halides	Vinylogous halides	Aliphatic acyclic compounds	Other
C06688										Unknown
C06694	Fusidic Acid	3000226.0	29013	O[C@@H]1CC[C@@]2(C)[C@@]([H])(CC[C@@]3(C)[C@@]2([H])[C@H](O)C[C@@]2([H])\C([C@@H](OC(=O)C)C[C@]32C)=C(/CCC=C(C)C)C(O)=O)[C@@H]1C	Organic compounds	Lipids and lipid-like molecules	Steroids and steroid derivatives	Steroid esters	Aliphatic homopolycyclic compounds	Lipid-like molecules
C06697										Unknown
C06701										Unknown
C06710	Silver	104755.0	49468	[Ag+]	Organic compounds	Organic cations		Organic cations	Acyclic compounds	Other
C06714	3-Hydroxypimelyl-CoA	441146.0	15485	CC(C)(COP(O)(=O)OP(O)(=O)OC[C@H]1O[C@H]([C@H](O)[C@@H]1OP(O)(O)=O)N1C=NC2=C1N=CN=C2N)C(O)C(=O)NCCC(=O)NCCSC(=O)CC(O)CCCC(O)=O	Organic compounds	Lipids and lipid-like molecules	Fatty Acyls	Fatty acyl thioesters	Aromatic heteropolycyclic compounds	Lipid-like molecules
C06715	3-Oxopimelyl-CoA	441147.0	15492	CC(C)(COP(O)(=O)OP(O)(=O)OC[C@H]1O[C@H]([C@H](O)[C@@H]1OP(O)(O)=O)N1C=NC2=C1N=CN=C2N)C(O)C(=O)NCCC(=O)NCCSC(=O)CC(=O)CCCC(O)=O	Organic compounds	Lipids and lipid-like molecules	Fatty Acyls	Fatty acyl thioesters	Aromatic heteropolycyclic compounds	Lipid-like molecules
C06735	2-Aminoacetaldehyde	363.0	17628	NCC=O	Organic compounds	Organic nitrogen compounds	Organonitrogen compounds	Organonitrogen compounds	Aliphatic acyclic compounds	Organic nitrogen compounds
C06790	Trichloroethylene	6575.0	16602	ClC=C(Cl)Cl	Organic compounds	Organohalogen compounds	Vinyl halides	Vinyl chlorides	Aliphatic acyclic compounds	Other
C06899	Chloral hydrate	2707.0	28142	OC(O)C(Cl)(Cl)Cl	Organic compounds	Organohalogen compounds	Halohydrins	Chlorohydrins	Aliphatic acyclic compounds	Other
C07054	Isoniazid	3767.0	6030	NNC(=O)C1=CC=NC=C1	Organic compounds	Organoheterocyclic compounds	Pyridines and derivatives	Pyridinecarboxylic acids and derivatives	Aromatic heteromonocyclic compounds	Organoheterocyclic compounds
C07086	Phenylacetic acid	999.0	30745	OC(=O)CC1=CC=CC=C1	Organic compounds	Benzenoids	Benzene and substituted derivatives	Benzene and substituted derivatives	Aromatic homomonocyclic compounds	Benzenoids
C07090	Protoanemonin	66948.0	28906	C=C1OC(=O)C=C1	Organic compounds	Organoheterocyclic compounds	Dihydrofurans	Furanones	Aliphatic heteromonocyclic compounds	Organoheterocyclic compounds
C07091	cis-Acetylacrylate	5281015.0	28993	[H]\C(=C(/[H])C(O)=O)C(C)=O	Organic compounds	Lipids and lipid-like molecules	Fatty Acyls	Fatty acids and conjugates	Aliphatic acyclic compounds	Lipid-like molecules
C07118	Benzoyl acetyl-CoA		27388							Unknown
C07225	Minocycline	54675783.0	50694	[H][C@@]12CC3=C(C(O)=CC=C3N(C)C)C(=O)C1=C(O)[C@]1(O)C(=O)C(C(N)=O)=C(O)[C@@H](N(C)C)[C@]1([H])C2	Organic compounds	Phenylpropanoids and polyketides	Tetracyclines	Tetracyclines	Aromatic homopolycyclic compounds	Phenylpropanoids and polyketides
C07335	2-Amino-3-oxo-4-phosphonooxybutyrate		64186							Unknown
C07478	2-Hydroxy-5-methyl-cis,cis-muconate		28249							Unknown
C07479	2-Oxo-5-methyl-cis-muconate		1243							Unknown
C07490	2,2,2-Trichloroethanol	8259.0	28094	OCC(Cl)(Cl)Cl	Organic compounds	Organohalogen compounds	Halohydrins	Chlorohydrins	Aliphatic acyclic compounds	Other
C07597	Ferrioxamine B	123851.0		CC(=O)N1CCCCCNC(=O)CCC(=O)N2CCCCCNC(=O)CCC(=O)N(CCCCCN)O[Fe](O1)O2	Organic compounds	Organic acids and derivatives	Carboxylic acids and derivatives	Carboxylic acid derivatives	Aliphatic heteropolycyclic compounds	Carboxylic acids
C07645	Aldophosphamide	107744.0	2560	NP(=O)(OCCC=O)N(CCCl)CCCl	Organic compounds	Organic nitrogen compounds	Organonitrogen compounds	Nitrogen mustard compounds	Aliphatic acyclic compounds	Organic nitrogen compounds
C07648	Thioguanine	2723601.0	9555	NC1=NC(=S)C2=C(N1)N=CN2	Organic compounds	Organoheterocyclic compounds	Imidazopyrimidines	Purines and purine derivatives	Aromatic heteropolycyclic compounds	Organoheterocyclic compounds
C07649	Fluorouracil	3385.0	46345	FC1=CNC(=O)NC1=O	Organic compounds	Organoheterocyclic compounds	Diazines	Pyrimidines and pyrimidine derivatives	Aromatic heteromonocyclic compounds	Organoheterocyclic compounds
C07836	D-glycero-D-manno-Heptose 7-phosphate		28723							Unknown
C07838	D-glycero-D-manno-Heptose 1-phosphate		28137							Unknown
C08325	Amygdalin	2180.0	27613	OCC1OC(OCC2OC(OC(C#N)C3=CC=CC=C3)C(O)C(O)C2O)C(O)C(O)C1O	Organic compounds	Organic oxygen compounds	Organooxygen compounds	Carbohydrates and carbohydrate conjugates	Aromatic heteromonocyclic compounds	Organic oxygen compounds
C08334	Lotaustralin	4626626.0		CCC(C)(OC1OC(CO)C(O)C(O)C1O)C#N	Organic compounds	Organic oxygen compounds	Organooxygen compounds	Carbohydrates and carbohydrate conjugates	Aliphatic heteromonocyclic compounds	Organic oxygen compounds
C08353										Unknown
C09099	Naringenin 7-O-beta-D-glucoside	92794.0								Unknown
C09126	Genistin	5284639.0	27514	OCC1OC(OC2=CC(O)=C3C(=O)C(=COC3=C2)C2=CC=C(O)C=C2)C(O)C(O)C1O	Organic compounds	Phenylpropanoids and polyketides	Isoflavonoids	Isoflavonoid O-glycosides	Aromatic heteropolycyclic compounds	Phenylpropanoids and polyketides
C09306	Sulfur dioxide	1119.0	18422	O=S=O	Organic compounds	Organic oxygen compounds	Organic oxides	Organic oxides	Acyclic compounds	Organic oxygen compounds
C09332	Tetrahydrofolyl-[Glu](2)	442163.0	28624	NC1=NC2=C(NC(CNC3=CC=C(C=C3)C(=O)NC(CCC(=O)NC(CCC(O)=O)C(O)=O)C(O)=O)CN2)C(=O)N1	Organic compounds	Organic acids and derivatives	Carboxylic acids and derivatives	Amino acids, peptides, and analogues	Aromatic heteropolycyclic compounds	Amino acids
C09822	Cyclohexanecarboxylic acid	7413.0	36096	OC(=O)C1CCCCC1	Organic compounds	Organic acids and derivatives	Carboxylic acids and derivatives	Carboxylic acids	Aliphatic homomonocyclic compounds	Carboxylic acids
C09847	cis-Citral	643779.0	29020	CC(C)=CCC\C(C)=C/C=O	Organic compounds	Lipids and lipid-like molecules	Prenol lipids	Monoterpenoids	Aliphatic acyclic compounds	Lipid-like molecules
C09871	beta-Geraniol	637566.0	17447	CC(C)=CCC\C(C)=C\CO	Organic compounds	Lipids and lipid-like molecules	Prenol lipids	Monoterpenoids	Aliphatic acyclic compounds	Lipid-like molecules
C10208	Daidzein	5281708.0	28197	OC1=CC=C(C=C1)C1=COC2=C(C=CC(O)=C2)C1=O	Organic compounds	Phenylpropanoids and polyketides	Isoflavonoids	Isoflav-2-enes	Aromatic heteropolycyclic compounds	Phenylpropanoids and polyketides
C10216	Daidzin	107971.0	42202	OC[C@H]1O[C@@H](OC2=CC3=C(C=C2)C(=O)C(=CO3)C2=CC=C(O)C=C2)[C@H](O)[C@@H](O)[C@@H]1O	Organic compounds	Phenylpropanoids and polyketides	Isoflavonoids	Isoflavonoid O-glycosides	Aromatic heteropolycyclic compounds	Phenylpropanoids and polyketides
C10438	Cinnamic acid	5372954.0	35699	OC(=O)\C=C/C1=CC=CC=C1	Organic compounds	Phenylpropanoids and polyketides	Cinnamic acids and derivatives	Cinnamic acids and derivatives	Aromatic homomonocyclic compounds	Phenylpropanoids and polyketides
C10906										Unknown
C11038	2'-Deoxy-5-hydroxymethylcytidine-5'-diphosphate		835							Unknown
C11039	2'-Deoxy-5-hydroxymethylcytidine-5'-triphosphate		836							Unknown
C11088	1,2-Dibromoethane	7839.0	28534	BrCCBr	Organic compounds	Organohalogen compounds	Organobromides	Organobromides	Aliphatic acyclic compounds	Other
C11143	Dimethyl sulfoxide	679.0	28262	CS(C)=O	Organic compounds	Organosulfur compounds	Sulfoxides	Sulfoxides	Aliphatic acyclic compounds	Other
C11145	Mesylate	6395.0	27376	CS(O)(=O)=O	Organic compounds	Organic acids and derivatives	Organic sulfonic acids and derivatives	Organosulfonic acids and derivatives	Aliphatic acyclic compounds	Other organic acids
C11173	SN-38	104842.0	8988	CCC1=C2C=C(O)C=CC2=NC2=C1CN1C2=CC2=C(COC(=O)[C@]2(O)CC)C1=O	Organic compounds	Alkaloids and derivatives	Camptothecins	Camptothecins	Aromatic heteropolycyclic compounds	Other
C11215										Unknown
C11278	Aflatoxin B1exo-8,9-epoxide-GSH	5460816.0		COC1=CC2=C(C3[C@@H](O)[C@@H](OC3O2)SCC(N=C(O)CCC(N)C(O)=O)C(O)=NCC(O)=O)C2=C1C1=C(C(=O)CC1)C(=O)O2	Organic compounds	Phenylpropanoids and polyketides	Coumarins and derivatives	Furanocoumarins	Aromatic heteropolycyclic compounds	Phenylpropanoids and polyketides
C11355	4-amino-4-deoxychorismate	443142.0	18198	N[C@@H]1C=CC(=C[C@H]1OC(=C)C(O)=O)C(O)=O	Organic compounds	Organic acids and derivatives	Carboxylic acids and derivatives	Dicarboxylic acids and derivatives	Aliphatic homomonocyclic compounds	Carboxylic acids
C11376	SN38 glucuronide	443154.0	8990	CCC1=C2C=C(O[C@@H]3O[C@@H]([C@@H](O)[C@H](O)[C@H]3O)C(O)=O)C=CC2=NC2=C1CN1C2=CC2=C(COC(=O)[C@]2(O)CC)C1=O	Organic compounds	Alkaloids and derivatives	Camptothecins	Camptothecins	Aromatic heteropolycyclic compounds	Other
C11434	2-C-methyl-D-erythritol-4-phosphate	443198.0	17764	[H][C@@](O)(COP(O)(O)=O)[C@@](C)(O)CO	Organic compounds	Organic acids and derivatives	Organic phosphoric acids and derivatives	Phosphate esters	Aliphatic acyclic compounds	Other organic acids
C11435	4-(cytidine 5'-diphospho)-2-C-methyl-D-erythritol	443199.0	16578	[H][C@@](O)(COP(O)(=O)OP(O)(=O)OC[C@@]1([H])O[C@@]([H])(N2C=CC(=N)N=C2O)[C@]([H])(O)[C@]1([H])O)[C@@](C)(O)CO	Organic compounds	Nucleosides, nucleotides, and analogues	Pyrimidine nucleotides	Pyrimidine ribonucleotides	Aromatic heteromonocyclic compounds	Nucleotides/nucleosides
C11436	2-phospho-4-(cytidine 5'-diphospho)-2-C-methyl-D-erythritol	443200.0	16840	[H][C@@](O)(COP(O)(=O)OP(O)(=O)OC[C@@]1([H])O[C@@]([H])(N2C=CC(=N)N=C2O)[C@]([H])(O)[C@]1([H])O)[C@](C)(CO)OP(O)(O)=O	Organic compounds	Nucleosides, nucleotides, and analogues	Pyrimidine nucleotides	Pyrimidine ribonucleotides	Aromatic heteromonocyclic compounds	Nucleotides/nucleosides
C11437	1-Deoxy-D-xylulose 5-phosphate	443201.0	16493	CC(=O)[C@@H](O)[C@H](O)COP(O)(O)=O	Organic compounds	Organic oxygen compounds	Organooxygen compounds	Carbohydrates and carbohydrate conjugates	Aliphatic acyclic compounds	Organic oxygen compounds
C11453	2-C-Methyl-D-erythritol 2,4-cyclodiphosphate		18425							Unknown
C11457	3-(3-Hydroxyphenyl)propanoic acid	91.0	1427	OC(=O)CCC1=CC(O)=CC=C1	Organic compounds	Phenylpropanoids and polyketides	Phenylpropanoic acids	Phenylpropanoic acids	Aromatic homomonocyclic compounds	Phenylpropanoids and polyketides
C11472	D-glycero-D-manno-Heptose 1,7-bisphosphate		4188							Unknown
C11476										Unknown
C11477										Unknown
C11478										Unknown
C11481	bisulfite		17137	OS([O-])=O	Organic compounds	Organic oxygen compounds	Organic oxides	Organic oxides	Acyclic compounds	Organic oxygen compounds
C11514	(2E)-3-(methoxycarbonyl)pent-2-enedioic acid	5281931.0	15663	COC(=O)/C(=C/C(=O)O)CC(=O)O	Organic compounds	Organic acids and derivatives	Carboxylic acids and derivatives	Tricarboxylic acids and derivatives	Aliphatic acyclic compounds	Carboxylic acids
C11516	2-(alpha-D-Mannosyl)-3-phosphoglycerate		16351							Unknown
C11537	(2R)-3-Sulfolactate	13704.0	48291	CC1=NC(=NC(=N1)OCC=C)C(Cl)(Cl)Cl	Organic compounds	Organoheterocyclic compounds	Triazines	1,3,5-triazines	Aromatic heteromonocyclic compounds	Organoheterocyclic compounds
C11544	2(alpha-D-Mannosyl)-D-glycerate		15847							Unknown
C11583	4-Glutathionyl cyclophosphamide	443288.0	1831	NC(CCC(O)=NC(CSC1CCOP(=O)(N1)N(CCCl)CCCl)C(O)=NCC(O)=O)C(O)=O	Organic compounds	Organic acids and derivatives	Carboxylic acids and derivatives	Amino acids, peptides, and analogues	Aliphatic heteromonocyclic compounds	Amino acids
C11588	cis-3-(Carboxy-ethyl)-3,5-cyclo-hexadiene-1,2-diol		10472							Unknown
C11638	3-Amino-2-oxopropyl phosphate									Unknown
C11736	Floxuridine	5790.0	60761	OC[C@H]1O[C@H](C[C@@H]1O)N1C=C(F)C(=O)NC1=O	Organic compounds	Nucleosides, nucleotides, and analogues	Pyrimidine nucleosides	Pyrimidine nucleosides	Aromatic heteromonocyclic compounds	Nucleotides/nucleosides
C11811	(2E)-4-hydroxy-3-methylbut-2-en-1-yl trihydrogen diphosphate	5281976.0	15664	C/C(=C\COP(=O)(O)OP(=O)(O)O)CO	Organic compounds	Organic oxygen compounds	Organic oxoanionic compounds	Organic pyrophosphates	Aliphatic acyclic compounds	Organic oxygen compounds
C11821	5-Hydroxyisourate	101957720.0	18072	O[C@@]12NC(=O)NC1=NC(=O)NC2=O	Organic compounds	Organoheterocyclic compounds	Imidazopyrimidines	Purines and purine derivatives	Aliphatic heteropolycyclic compounds	Organoheterocyclic compounds
C11822										Unknown
C11827										Unknown
C11838										Unknown
C11907	dTDP-4-oxo-6-deoxy-D-glucose	439292.0	16128	C[C@H]1O[C@H](OP(O)(=O)OP(O)(=O)OC[C@H]2O[C@H](C[C@@H]2O)N2C=C(C)C(=O)NC2=O)[C@H](O)[C@@H](O)C1=O	Organic compounds	Organic oxygen compounds	Organooxygen compounds	Carbohydrates and carbohydrate conjugates	Aromatic heteromonocyclic compounds	Organic oxygen compounds
C11945	trans-2-Methyl-5-isopropylhexa-2,5-dienoyl-CoA	53477851.0		CC(C)C(=C)C\C=C(\C)C(=O)SCCNC(=O)CCNC(=O)[C@@](O)([H])C(C)(C)COP(=O)(O)OP(=O)(O)OC[C@H]1O[C@H](C(O)[C@H]1OP(=O)(O)O)N1C=NC2=C1N=CN=C2N	Organic compounds	Lipids and lipid-like molecules	Fatty Acyls	Fatty acyl thioesters	Aromatic heteropolycyclic compounds	Lipid-like molecules
C11946	cis-2-Methyl-5-isopropylhexa-2,5-dienoyl-CoA	53477855.0		CC(C)C(=C)C\C=C(/C)C(=O)SCCNC(=O)CCNC(=O)[C@@](O)([H])C(C)(C)COP(=O)(O)OP(=O)(O)OC[C@H]1O[C@H]([C@@H](O)C1OP(=O)(O)O)N1C=NC2=C1N=CN=C2N	Organic compounds	Lipids and lipid-like molecules	Fatty Acyls	Fatty acyl thioesters	Aromatic heteropolycyclic compounds	Lipid-like molecules
C11947	3-Hydroxy-2,6-dimethyl-5-methylene-heptanoyl-CoA	9543313.0		CC(C)C(=C)CC(O)C(C)C(=O)SCCNC(=O)CCNC(=O)[C@H](O)C(C)(C)COP(O)(=O)OP(O)(=O)OC[C@H]1O[C@H]([C@H](O)[C@@H]1OP(O)(O)=O)N1C=NC2=C(N)N=CN=C12	Organic compounds	Lipids and lipid-like molecules	Fatty Acyls	Fatty acyl thioesters	Aromatic heteropolycyclic compounds	Lipid-like molecules
C12147	O-Phosphothreonine	3246323.0	37525	C[C@@H](OP(O)(O)=O)[C@H](N)C(O)=O	Organic compounds	Organic acids and derivatives	Carboxylic acids and derivatives	Amino acids, peptides, and analogues	Aliphatic acyclic compounds	Amino acids
C12205	5-Hydroxyconiferyl alcohol	5282095.0	31135	COC1=CC(\C=C\CO)=CC(O)=C1O	Organic compounds	Benzenoids	Phenols	Methoxyphenols	Aromatic homomonocyclic compounds	Benzenoids
C12214	Aminofructose 6-phosphate	443711.0	31203	N[C@H]1[C@H](O)[C@@H](COP(O)(O)=O)OC1(O)CO	Organic compounds	Organic oxygen compounds	Organooxygen compounds	Carbohydrates and carbohydrate conjugates	Aliphatic heteromonocyclic compounds	Organic oxygen compounds
C12215	Iminoerythrose 4-phosphate	18439579.0		O[C@H](COP(O)(O)=O)[C@@H](O)C=N	Organic compounds	Organic acids and derivatives	Organic phosphoric acids and derivatives	Phosphate esters	Aliphatic acyclic compounds	Other organic acids
C12248	2-Oxo-4-hydroxy-4-carboxy-5-ureidoimidazoline	101957722.0	31132	NC(=O)NC1=NC(=O)N[C@@]1(O)C(O)=O	Organic compounds	Organic acids and derivatives	Carboxylic acids and derivatives	Amino acids, peptides, and analogues	Aliphatic heteromonocyclic compounds	Amino acids
C12455	5-Aminopentanal	443849.0	31130	NCCCCC=O	Organic compounds	Organic oxygen compounds	Organooxygen compounds	Carbonyl compounds	Aliphatic acyclic compounds	Organic oxygen compounds
C12621	m-Coumaric acid	637541.0	32357	OC(=O)\C=C\C1=CC(O)=CC=C1	Organic compounds	Phenylpropanoids and polyketides	Cinnamic acids and derivatives	Hydroxycinnamic acids and derivatives	Aromatic homomonocyclic compounds	Phenylpropanoids and polyketides
C12622	cis-3-(3-Carboxyethenyl)-3,5-cyclohexadiene-1,2-diol		61462							Unknown
C12623	(E)-3-(2,3-Dihydroxyphenyl)-2-propenoic acid	5282146.0	48681	OC(=O)C=CC1=C(O)C(O)=CC=C1	Organic compounds	Phenylpropanoids and polyketides	Cinnamic acids and derivatives	Hydroxycinnamic acids and derivatives	Aromatic homomonocyclic compounds	Phenylpropanoids and polyketides
C12624	2-Hydroxy-6-ketononatrienedioate		31082							Unknown
C12632	Luteolin 7-O-[beta-D-glucuronosyl-(1->2)-beta-D-glucuronide]	5282153.0	60077	O[C@@H]1[C@@H](O)[C@H](O[C@@H]2[C@@H](O)[C@H](O)[C@H](O[C@H]2OC2=CC(O)=C3C(=O)C=C(OC3=C2)C2=CC(O)=C(O)C=C2)C(O)=O)O[C@@H]([C@H]1O)C(O)=O	Organic compounds	Phenylpropanoids and polyketides	Flavonoids	Flavonoid glycosides	Aromatic heteropolycyclic compounds	Phenylpropanoids and polyketides
C12739	5'-Deoxy-5-fluorouridine	18343.0	31521	C[C@H]1O[C@H]([C@H](O)[C@@H]1O)N1C=C(F)C(O)=NC1=O	Organic compounds	Nucleosides, nucleotides, and analogues	5'-deoxyribonucleosides	5'-deoxyribonucleosides	Aromatic heteromonocyclic compounds	Nucleotides/nucleosides
C12834	2,5-Dichloro-carboxymethylenebut-2-en-4-olide	443961.0		OC(=O)C(Cl)=C1OC(=O)C(Cl)=C1	Organic compounds	Organoheterocyclic compounds	Dihydrofurans	Furanones	Aliphatic heteromonocyclic compounds	Organoheterocyclic compounds
C12835	2,5-Dichloro-4-oxohex-2-enedioate	5282172.0		[H]\C(=C(/Cl)C(O)=O)C(=O)C(Cl)C(O)=O	Organic compounds	Organic acids and derivatives	Keto acids and derivatives	Medium-chain keto acids and derivatives	Aliphatic acyclic compounds	Keto / hydroxy acids
C12838	trans-4-Carboxymethylenebut-2-en-4-olide	120.0	11972	OC(=O)C=C1OC(=O)C=C1	Organic compounds	Organoheterocyclic compounds	Dihydrofurans	Furanones	Aliphatic heteromonocyclic compounds	Organoheterocyclic compounds
C13508	Sulfoquinovosyldiacylglycerol		32167							Unknown
C13645										Unknown
C14089	1-Hydroxymethylnaphthalene	20908.0	38137	OCC1=CC=CC2=CC=CC=C12	Organic compounds	Benzenoids	Naphthalenes	Naphthalenes	Aromatic homopolycyclic compounds	Benzenoids
C14090	1-Naphthaldehyde	6195.0	52367	O=CC1=CC=CC2=CC=CC=C12	Organic compounds	Benzenoids	Naphthalenes	Naphthalenecarboxylic acids and derivatives	Aromatic homopolycyclic compounds	Benzenoids
C14099	2-Naphthaldehyde	6201.0	52368	O=CC1=CC2=CC=CC=C2C=C1	Organic compounds	Benzenoids	Naphthalenes	Naphthalenecarboxylic acids and derivatives	Aromatic homopolycyclic compounds	Benzenoids
C14144	5-Carboxy-2-pentenoyl-CoA	24798711.0	49295	O[C@H](C(C)(C)COP(=O)(O)OP(O)(=O)OC[C@H]1O[C@H]([C@H](O)[C@@H]1OP(O)(O)=O)N1C=NC2=C1N=CN=C2N)C(=O)NCCC(=O)NCCSC(=O)\C=C\CCC(O)=O	Organic compounds	Lipids and lipid-like molecules	Fatty Acyls	Fatty acyl thioesters	Aromatic heteropolycyclic compounds	Lipid-like molecules
C14145	(3S)-3-Hydroxyadipyl-CoA	53481427.0		CC(C)(COP(O)(=O)OP(O)(=O)OC[C@@H]1O[C@@H]([C@@H](O)[C@H]1OP(O)(O)=O)N1C=NC2=C1N=CN=C2N)C(O)C(=O)NCCC(=O)NCCSC(=O)C[C@H](O)CCC(O)=O	Organic compounds	Lipids and lipid-like molecules	Fatty Acyls	Fatty acyl thioesters	Aromatic heteropolycyclic compounds	Lipid-like molecules
C14179	Sulfoacetic acid	31257.0	50519	OC(=O)CS(O)(=O)=O	Organic compounds	Organic acids and derivatives	Organic sulfonic acids and derivatives	Organosulfonic acids and derivatives	Aliphatic acyclic compounds	Other organic acids
C14180	S-Hydroxymethylglutathione	447123.0	48926	N[C@@H](CCC(=O)N[C@@H](CSCO)C(=O)NCC(O)=O)C(O)=O	Organic compounds	Organic acids and derivatives	Carboxylic acids and derivatives	Amino acids, peptides, and analogues	Aliphatic acyclic compounds	Amino acids
C14463	(R)-3-hydroxy-3-methyl-2-oxopentanoic acid	11954026.0	34008	CC(C)(O)C(=O)C(=O)O	Organic compounds	Organic acids and derivatives	Keto acids and derivatives	Short-chain keto acids and derivatives	Aliphatic acyclic compounds	Keto / hydroxy acids
C14463	(R)-3-hydroxy-3-methyl-2-oxopentanoic acid	11954026.0	34008	CC(C)(O)C(=O)C(=O)O	Organic compounds	Organic acids and derivatives	Keto acids and derivatives	Short-chain keto acids and derivatives	Aliphatic acyclic compounds	Keto / hydroxy acids
C14786	Naphthalene epoxide	108063.0	52431	O1C2C=CC3=CC=CC=C3C12	Organic compounds	Benzenoids	Naphthalenes	Naphthalenes	Aromatic heteropolycyclic compounds	Benzenoids
C14787	(1S,2R)-Naphthalene 1,2-oxide	11094749.0	34001	[H][C@]12O[C@@]1([H])C1=CC=CC=C1C=C2	Organic compounds	Benzenoids	Naphthalenes	Naphthalenes	Aromatic heteropolycyclic compounds	Benzenoids
C14791	(1R)-Hydroxy-(2R)-glutathionyl-1,2-dihydronaphthalene	11954044.0	33995	[H][C@](N)(CCC(O)=N[C@@]([H])(CS[C@]1([H])C=CC2=CC=CC=C2[C@@]1([H])O)C(O)=NCC(O)=O)C(O)=O	Organic compounds	Benzenoids	Naphthalenes	Naphthalenes	Aromatic homopolycyclic compounds	Benzenoids
C14792	(1S)-Hydroxy-(2S)-glutathionyl-1,2-dihydronaphthalene	11954045.0	34000	[H][C@](N)(CCC(O)=N[C@@]([H])(CS[C@@]1([H])C=CC2=CC=CC=C2[C@]1([H])O)C(O)=NCC(O)=O)C(O)=O	Organic compounds	Benzenoids	Naphthalenes	Naphthalenes	Aromatic homopolycyclic compounds	Benzenoids
C14793	(1R)-Glutathionyl-(2R)-hydroxy-1,2-dihydronaphthalene	11954046.0	33993	[H][C@](N)(CCC(O)=N[C@@]([H])(CS[C@]1([H])C2=CC=CC=C2C=C[C@@]1([H])O)C(O)=NCC(O)=O)C(O)=O	Organic compounds	Benzenoids	Naphthalenes	Naphthalenes	Aromatic homopolycyclic compounds	Benzenoids
C14800	1-Nitronaphthalene-5,6-oxide	11954051.0	34105	O=N(=O)C1=CC=CC2=C1C=CC1OC21	Organic compounds	Benzenoids	Naphthalenes	Nitronaphthalenes	Aromatic heteropolycyclic compounds	Benzenoids
C14802	1-Nitronaphthalene-7,8-oxide	11954053.0	34106	O=N(=O)C1=CC=CC2=C1C1OC1C=C2	Organic compounds	Benzenoids	Naphthalenes	Nitronaphthalenes	Aromatic heteropolycyclic compounds	Benzenoids
C14803	1-Nitro-7-hydroxy-8-glutathionyl-7,8-dihydronaphthalene	11954054.0	34103	[H][C@](N)(CCC(O)=N[C@@]([H])(CSC1([H])C2=C(C=CC=C2N(=O)=O)C=CC1([H])O)C(O)=NCC(O)=O)C(O)=O	Organic compounds	Benzenoids	Naphthalenes	Nitronaphthalenes	Aromatic homopolycyclic compounds	Benzenoids
C14804	1-Nitro-7-glutathionyl-8-hydroxy-7,8-dihydronaphthalene	11954055.0	34102	[H][C@](N)(CCC(O)=N[C@@]([H])(CSC1([H])C=CC2=C(C(=CC=C2)N(=O)=O)C1([H])O)C(O)=NCC(O)=O)C(O)=O	Organic compounds	Benzenoids	Naphthalenes	Nitronaphthalenes	Aromatic homopolycyclic compounds	Benzenoids
C14805	1-Nitro-5-hydroxy-6-glutathionyl-5,6-dihydronaphthalene	11954056.0	34101	[H][C@](N)(CCC(O)=N[C@@]([H])(CSC1([H])C=CC2=C(C=CC=C2N(=O)=O)C1([H])O)C(O)=NCC(O)=O)C(O)=O	Organic compounds	Benzenoids	Naphthalenes	Nitronaphthalenes	Aromatic homopolycyclic compounds	Benzenoids
C14806	1-Nitro-5-glutathionyl-6-hydroxy-5,6-dihydronaphthalene	11954057.0	34100	[H][C@](N)(CCC(O)=N[C@@]([H])(CSC1([H])C2=C(C=CC1([H])O)C(=CC=C2)N(=O)=O)C(O)=NCC(O)=O)C(O)=O	Organic compounds	Benzenoids	Naphthalenes	Nitronaphthalenes	Aromatic homopolycyclic compounds	Benzenoids
C14818	Fe2+	27284.0	29033	[Fe++]	Organic compounds	Organic cations		Organic cations	Acyclic compounds	Other
C14819	Iron	29936.0	29034	[Fe+3]	Organic compounds	Organic cations		Organic cations	Acyclic compounds	Other
C14839	Bromobenzene-3,4-oxide	108121.0	34589	BrC1=CC2OC2C=C1	Organic compounds	Organoheterocyclic compounds	Epoxides	Epoxides	Aliphatic heteropolycyclic compounds	Organoheterocyclic compounds
C14840	Bromobenzene-2,3-oxide	3036760.0	34587	BrC1=CC=CC2OC12	Organic compounds	Organoheterocyclic compounds	Epoxides	Epoxides	Aliphatic heteropolycyclic compounds	Organoheterocyclic compounds
C14847	3,4-Dihydro-3-hydroxy-4-S-glutathionyl bromobenzene	11954066.0	34324	[H][C@](N)(CCC(O)=N[C@@]([H])(CSC1([H])C=CC(Br)=CC1([H])O)C(O)=NCC(O)=O)C(O)=O	Organic compounds	Organic acids and derivatives	Carboxylic acids and derivatives	Amino acids, peptides, and analogues	Aliphatic homomonocyclic compounds	Amino acids
C14848	2,3-Dihydro-2-S-glutathionyl-3-hydroxy bromobenzene	11954067.0	34228	[H][C@](N)(CCC(O)=N[C@@]([H])(CSC1([H])C(Br)=CC=CC1([H])O)C(O)=NCC(O)=O)C(O)=O	Organic compounds	Organic acids and derivatives	Carboxylic acids and derivatives	Amino acids, peptides, and analogues	Aliphatic homomonocyclic compounds	Amino acids
C14851	Benzo[a]pyrene-4,5-oxide	37786.0	34560	O1C2C1C1=CC3=CC=CC=C3C3=C1C1=C(C=CC=C21)C=C3	Organic compounds	Benzenoids	Phenanthrenes and derivatives	Chrysenes	Aromatic heteropolycyclic compounds	Benzenoids
C14852	Benzo[a]pyrene-7,8-diol	25892.0	34562	OC1C=CC2=C3C=CC4=CC=CC5=C4C3=C(C=C5)C=C2C1O	Organic compounds	Benzenoids	Pyrenes	Pyrenes	Aromatic homopolycyclic compounds	Benzenoids
C14855	4,5-Dihydro-4-hydroxy-5-S-glutathionyl-benzo[a]pyrene	11954068.0	34374	[H][C@](N)(CCC(O)=N[C@@]([H])(CSC1([H])C2=CC3=CC=CC=C3C3=C2C2=C(C=CC=C2C1([H])O)C=C3)C(O)=NCC(O)=O)C(O)=O	Organic compounds	Benzenoids	Phenanthrenes and derivatives	Chrysenes	Aromatic homopolycyclic compounds	Benzenoids
C14856	7,8-Dihydro-7-hydroxy-8-S-glutathionyl-benzo[a]pyrene	11954069.0	34479	[H][C@](N)(CCC(O)=N[C@@]([H])(CSC1([H])C=CC2=C3C=CC4=CC=CC5=C4C3=C(C=C5)C=C2C1([H])O)C(O)=NCC(O)=O)C(O)=O	Organic compounds	Benzenoids	Pyrenes	Pyrenes	Aromatic homopolycyclic compounds	Benzenoids
C14857	1,1-Dichloroethylene epoxide	119521.0		ClC1(Cl)CO1	Organic compounds	Organoheterocyclic compounds	Epoxides	Epoxides	Aliphatic heteromonocyclic compounds	Organoheterocyclic compounds
C14858	2,2-Dichloroacetaldehyde	6576.0		ClC(Cl)C=O	Organic compounds	Organohalogen compounds	Alkyl halides	Alkyl chlorides	Aliphatic acyclic compounds	Other
C14859	Chloroacetyl chloride	6577.0		ClCC(Cl)=O	Organic compounds	Organohalogen compounds	Acyl halides	Acyl chlorides	Aliphatic acyclic compounds	Other
C14861	S-(2,2-Dichloro-1-hydroxy)ethyl glutathione	11954070.0	34958	[H][C@](N)(CCC(O)=N[C@@]([H])(CSC([H])(O)C(Cl)Cl)C(O)=NCC(O)=O)C(O)=O	Organic compounds	Organic acids and derivatives	Carboxylic acids and derivatives	Amino acids, peptides, and analogues	Aliphatic acyclic compounds	Amino acids
C14863	2-(S-Glutathionyl)acetyl glutathione	11954072.0	34254	[H][C@](N)(CCC(O)=N[C@@]([H])(CSCC(=O)SC[C@]([H])(N=C(O)CC[C@]([H])(N)C(O)=O)C(O)=NCC(O)=O)C(O)=NCC(O)=O)C(O)=O	Organic compounds	Organic acids and derivatives	Carboxylic acids and derivatives	Tetracarboxylic acids and derivatives	Aliphatic acyclic compounds	Carboxylic acids
C14864	S-(2-Chloroacetyl)glutathione	163913.0	34959	[H][C@](N)(CCC(O)=N[C@@]([H])(CSC(=O)CCl)C(O)=NCC(O)=O)C(O)=O	Organic compounds	Organic acids and derivatives	Carboxylic acids and derivatives	Amino acids, peptides, and analogues	Aliphatic acyclic compounds	Amino acids
C14865	2-(S-Glutathionyl)acetyl chloride	11954073.0	34253	[H][C@](N)(CCC(O)=N[C@@]([H])(CSCC(Cl)=O)C(O)=NCC(O)=O)C(O)=O	Organic compounds	Organic acids and derivatives	Carboxylic acids and derivatives	Amino acids, peptides, and analogues	Aliphatic acyclic compounds	Amino acids
C14868	S-(1,2-Dichlorovinyl)glutathione	6437359.0	34957	[H]\C(Cl)=C(/Cl)SC[C@]([H])(N=C(O)CC[C@]([H])(N)C(O)=O)C(O)=NCC(O)=O	Organic compounds	Organic acids and derivatives	Carboxylic acids and derivatives	Amino acids, peptides, and analogues	Aliphatic acyclic compounds	Amino acids
C14870	2-Bromoacetaldehyde	105131.0		BrCC=O	Organic compounds	Organohalogen compounds	Organobromides	Organobromides	Aliphatic acyclic compounds	Other
C14871	S-(Formylmethyl)glutathione	11954074.0	34962	[H][C@](N)(CCC(O)=N[C@@]([H])(CSCC=O)C(O)=NCC(O)=O)C(O)=O	Organic compounds	Organic acids and derivatives	Carboxylic acids and derivatives	Amino acids, peptides, and analogues	Aliphatic acyclic compounds	Amino acids
C14874	Glutathione episulfonium ion	159079.0	34777	[H][C@](N)(CCC(O)=N[C@@]([H])(C[S+]1CC1)C(O)=NCC(O)=O)C(O)=O	Organic compounds	Organic acids and derivatives	Carboxylic acids and derivatives	Amino acids, peptides, and analogues	Aliphatic heteromonocyclic compounds	Amino acids
C14899	3-Dehydro-L-gulonate 6-phosphate		49039							Unknown
C15025	D-Carnitine	2724480.0								Unknown
C15521	Alkanesulfonate	17396513.0	62081							Unknown
C15532	N-alpha-Acetyl-L-citrulline	656979.0	49002	CC(=O)N[C@@H](CCCNC(N)=O)C(O)=O	Organic compounds	Organic acids and derivatives	Carboxylic acids and derivatives	Amino acids, peptides, and analogues	Aliphatic acyclic compounds	Amino acids
C15547	1,4-dihydroxy-2-naphthoyl-CoA		52668	[H][C@](O)(C(O)=NCCC(O)=NCCSC(=O)C1=C(O)C2=CC=CC=C2C(O)=C1)C(C)(C)COP(O)(=O)OP(O)(=O)OC[C@@]1([H])O[C@@]([H])(N2C=NC3=C(N)N=CN=C23)[C@]([H])(O)[C@]1([H])OP(O)(O)=O	Organic compounds	Lipids and lipid-like molecules	Fatty Acyls	Fatty acyl thioesters	Aromatic heteropolycyclic compounds	Lipid-like molecules
C15556	1-deoxy-L-glycero-tetrulose 4-phosphate	669.0	50606	CC(=O)C(O)COP(O)(O)=O	Organic compounds	Organic acids and derivatives	Organic phosphoric acids and derivatives	Phosphate esters	Aliphatic acyclic compounds	Other organic acids
C15583	Phenyl acetate	31229.0	8082	CC(=O)OC1=CC=CC=C1	Organic compounds	Benzenoids	Phenol esters	Phenol esters	Aromatic homomonocyclic compounds	Benzenoids
C15586										Unknown
C15587	Purine	1044.0	17258	N1C=NC2=C1C=NC=N2	Organic compounds	Organoheterocyclic compounds	Imidazopyrimidines	Purines and purine derivatives	Aromatic heteropolycyclic compounds	Organoheterocyclic compounds
C15602										Unknown
C15603										Unknown
C15667	5-Carboxyamino-1-(5-phospho-D-ribosyl)imidazole		48000							Unknown
C15672	Heme O	0.0	24480	CC(C)=CCC\C(C)=C\CC\C(C)=C\CCC(O)C1=C(C)/C2=C/C3=N/C(=C\C4=C(CCC(O)=O)C(C)=C5/C=C6\N=C(\C=C\1/N\2[Fe]N45)C(C)=C6C=C)/C(CCC(O)=O)=C3C	Organic compounds	Organoheterocyclic compounds	Tetrapyrroles and derivatives	Metallotetrapyrroles	Aromatic heteropolycyclic compounds	Organoheterocyclic compounds
C15673										Unknown
C15699	Gamma-glutamyl-L-putrescine	20841830.0	48005	NCCCCNC(=O)CC[C@H](N)C(O)=O	Organic compounds	Organic acids and derivatives	Carboxylic acids and derivatives	Amino acids, peptides, and analogues	Aliphatic acyclic compounds	Amino acids
C15700	gamma-Glutamyl-gamma-aminobutyraldehyde		61521							Unknown
C15767	4-(Glutamylamino) butanoate	23724570.0	49260	N[C@@H](CCC(=O)NCCCC(O)=O)C(O)=O	Organic compounds	Organic acids and derivatives	Carboxylic acids and derivatives	Amino acids, peptides, and analogues	Aliphatic acyclic compounds	Amino acids
C15804	p-Hydroxyphenyl lignin									Unknown
C15805	Guaiacyl lignin		64475							Unknown
C15806	Syringyl lignin		64476							Unknown
C15807	5-Hydroxy-guaiacyl lignin		80099							Unknown
C15809	Iminoglycine		53647							Unknown
C15810	C15810		80100							Unknown
C15811	[Enzyme]-cysteine									Unknown
C15812	[Enzyme]-S-sulfanylcysteine									Unknown
C15813	C15813		80101							Unknown
C15814	C15814		80102							Unknown
C15930	L-Galactonate		37425							Unknown
C15972	Enzyme N6-(lipoyl)lysine		80218							Unknown
C15973	Enzyme N6-(dihydrolipoyl)lysine		80219							Unknown
C15980										Unknown
C15996	7-Cyano-7-carbaguanine	47205307.0	45075	C1COC2=C1C=C(C=C2)C(=O)NCC3=CC=NN3	Organic compounds	Organoheterocyclic compounds	Coumarans	Coumarans	Aromatic heteropolycyclic compounds	Organoheterocyclic compounds
C15998										Unknown
C16153	UDP-L-Ara4N		47025							Unknown
C16154	UDP-L-Ara4FN		47027							Unknown
C16155	UDP-L-Ara4O		47028							Unknown
C16156	Undecaprenyl phosphate alpha-L-Ara4FN		53028							Unknown
C16157	4-amino-4-deoxy-alpha-L-arabinopyranosyl undecaprenyl phosphate	17756765.0	47039	CC(C)=CCC/C(C)=C/CC/C(C)=C/CC/C(C)=C/CC/C(C)=C/CC/C(C)=C/CC/C(C)=C/CC/C(C)=C/CC/C(C)=C/CC/C(C)=C/CC/C(C)=C/COP(=O)(O)O1OC(N)(O)1O	Organic compounds	Lipids and lipid-like molecules	Prenol lipids	Polyterpenoids	Aliphatic heteromonocyclic compounds	Lipid-like molecules
C16186	L-Ascorbate 6-phosphate		80368							Unknown
C16216	3-Oxooctadecanoyl-CoA	74000474.0		CCCCCCCCCCCCCCCC(=O)CC(=O)SCCNC(=O)CCNC(=O)C(O)C(C)(C)COP(O)(=O)OP(O)(=O)OCC1OC(C(O)C1OP(O)(O)=O)N1C=NC2=C1N=CN=C2N	Organic compounds	Lipids and lipid-like molecules	Fatty Acyls	Fatty acyl thioesters	Aromatic heteropolycyclic compounds	Lipid-like molecules
C16218	trans-Octadec-2-enoyl-CoA	53477850.0		CCCCCCCCCCCCCCC\C=C\C(=O)SCCNC(=O)CCNC(=O)[C@@](O)([H])C(C)(C)COP(=O)(O)OP(=O)(O)OC[C@H]1O[C@H](C(O)[C@H]1OP(=O)(O)O)N1C=NC2=C1N=CN=C2N	Organic compounds	Lipids and lipid-like molecules	Fatty Acyls	Fatty acyl thioesters	Aromatic heteropolycyclic compounds	Lipid-like molecules
C16219	3-Oxostearoyl-[acp]		80386							Unknown
C16220	3-Hydroxyoctadecanoyl-[acp]		80387							Unknown
C16221	(2E)-Octadecenoyl-[acp]		80388							Unknown
C16236	Protein N6-(octanoyl)lysine		80398							Unknown
C16237	Protein N6-(lipoyl)lysine		80399							Unknown
C16238	Lipoyl-AMP	23724672.0	55451	NC1=NC=NC2=C1N=CN2[C@@H]1O[C@H](COP(O)(=O)OC(=O)CCCCC2CCSS2)[C@@H](O)[C@H]1O	Organic compounds	Nucleosides, nucleotides, and analogues	Purine nucleotides	Purine ribonucleotides	Aromatic heteropolycyclic compounds	Nucleotides/nucleosides
C16239	Lipoyl-[acp]		80400							Unknown
C16240										Unknown
C16241	(R)-Lipoic acid	6112.0	30314	OC(=O)CCCC[C@@H]1CCSS1	Organic compounds	Organoheterocyclic compounds	Dithiolanes	Lipoic acids and derivatives	Aliphatic heteromonocyclic compounds	Organoheterocyclic compounds
C16254	S-Succinyl- dihydrolipoamide-E		80403							Unknown
C16255	S-Acetyldihydrolipoamide-E	24906332.0	50623	CC(=O)SCCC(S)CCCCC(N)=O	Organic compounds	Lipids and lipid-like molecules	Fatty Acyls	Fatty amides	Aliphatic acyclic compounds	Lipid-like molecules
C16272	3-Hydroxy-5-oxohexanoate		37032							Unknown
C16273	3-Hydroxy-5-oxohexanoyl-CoA		20052							Unknown
C16330	3-Oxo-OPC8-CoA	71448911.0		CC\C=C/C[C@H]1[C@@H](CCCCCC(=O)CC(=O)SCCN=C(O)CCN=C(O)[C@H](O)C(C)(C)COP(O)(=O)OP(O)(=O)OC[C@H]2O[C@H]([C@H](O)[C@@H]2OP(O)(O)=O)N2C=NC3=C(N)N=CN=C23)CCC1=O	Organic compounds	Lipids and lipid-like molecules	Fatty Acyls	Fatty acyl thioesters	Aromatic heteropolycyclic compounds	Lipid-like molecules
C16331	OPC6-CoA	53480660.0		CC\C=C/C[C@@H]1C(=O)CCC1CCCCCC(=O)SCCNC(=O)CCNC(=O)[C@@](O)([H])C(C)(C)COP(=O)(O)OP(=O)(O)OC[C@H]1O[C@H](C(O)[C@H]1OP(=O)(O)O)N1C=NC2=C1N=CN=C2N	Organic compounds	Lipids and lipid-like molecules	Fatty Acyls	Fatty acyl thioesters	Aromatic heteropolycyclic compounds	Lipid-like molecules
C16334	3-Oxo-OPC6-CoA	71448915.0		CC\C=C/C[C@H]1[C@@H](CCCC(=O)CC(=O)SCCN=C(O)CCN=C(O)[C@H](O)C(C)(C)COP(O)(=O)OP(O)(=O)OC[C@H]2O[C@H]([C@H](O)[C@@H]2OP(O)(O)=O)N2C=NC3=C(N)N=CN=C23)CCC1=O	Organic compounds	Lipids and lipid-like molecules	Fatty Acyls	Fatty acyl thioesters	Aromatic heteropolycyclic compounds	Lipid-like molecules
C16335	OPC4-CoA	53480659.0		CC\C=C/C[C@@H]1C(=O)CCC1CCCC(=O)SCCNC(=O)CCNC(=O)[C@@](O)([H])C(C)(C)COP(=O)(O)OP(=O)(O)OC[C@H]1O[C@H](C(O)[C@H]1OP(=O)(O)O)N1C=NC2=C1N=CN=C2N	Organic compounds	Lipids and lipid-like molecules	Fatty Acyls	Fatty acyl thioesters	Aromatic heteropolycyclic compounds	Lipid-like molecules
C16338	3-Oxo-OPC4-CoA	71448919.0		CC\C=C/C[C@H]1[C@@H](CC(=O)CC(=O)SCCN=C(O)CCN=C(O)[C@H](O)C(C)(C)COP(O)(=O)OP(O)(=O)OC[C@H]2O[C@H]([C@H](O)[C@@H]2OP(O)(O)=O)N2C=NC3=C(N)N=CN=C23)CCC1=O	Organic compounds	Lipids and lipid-like molecules	Fatty Acyls	Fatty acyl thioesters	Aromatic heteropolycyclic compounds	Lipid-like molecules
C16339	(+)-7-Isojasmonic acid CoA	71448920.0		CC\C=C/C[C@H]1[C@@H](CC(=O)SCCN=C(O)CCN=C(O)[C@H](O)C(C)(C)COP(O)(=O)OP(O)(=O)OC[C@H]2O[C@H]([C@H](O)[C@@H]2OP(O)(O)=O)N2C=NC3=C(N)N=CN=C23)CCC1=O	Organic compounds	Lipids and lipid-like molecules	Fatty Acyls	Fatty acyl thioesters	Aromatic heteropolycyclic compounds	Lipid-like molecules
C16348	cis-3-Chloroallyl aldehyde	9543055.0	80465	Cl\C=C/C=O	Organic compounds	Organohalogen compounds	Vinyl halides	Vinylogous halides	Aliphatic acyclic compounds	Other
C16391	2,4,6-Trinitrotoluene	8376.0	46053	CC1=C(C=C(C=C1[N+]([O-])=O)[N+]([O-])=O)[N+]([O-])=O	Organic compounds	Benzenoids	Benzene and substituted derivatives	Nitrobenzenes	Aromatic homomonocyclic compounds	Benzenoids
C16392	4-hydroxylamino-2,6-dinitrotoluene	5375469.0	20408	CC1=C(C=C(NO)C=C1[N+]([O-])=O)[N+]([O-])=O	Organic compounds	Benzenoids	Benzene and substituted derivatives	Toluenes	Aromatic homomonocyclic compounds	Benzenoids
C16393	2-hydroxylamino-4,6-dinitrotoluene		19644	CC1=C(C=C(C=C1NO)[N+]([O-])=O)[N+]([O-])=O	Organic compounds	Benzenoids	Benzene and substituted derivatives	Toluenes	Aromatic homomonocyclic compounds	Benzenoids
C16396	2,4-Diamino-6-nitrotoluene	96177.0	19342	CC1=C(N)C=C(N)C=C1N(=O)=O	Organic compounds	Benzenoids	Benzene and substituted derivatives	Nitrobenzenes	Aromatic homomonocyclic compounds	Benzenoids
C16399	2,4-Diamino-6-hydroxylaminotoluene									Unknown
C16433	1-Deoxy-1-(N6-lysino)-D-fructose	424.0	22660	N[C@@H](CCCCNC[C@@]1(O)O[C@H](CO)[C@@H](O)[C@@H]1O)C(O)=O	Organic compounds	Organic acids and derivatives	Carboxylic acids and derivatives	Amino acids, peptides, and analogues	Aliphatic heteromonocyclic compounds	Amino acids
C16435	DL-Proline	614.0	26271	OC(=O)C1CCCN1	Organic compounds	Organic acids and derivatives	Carboxylic acids and derivatives	Amino acids, peptides, and analogues	Aliphatic heteromonocyclic compounds	Amino acids
C16436	D-Valine	1182.0	27266	CC(C)C(N)C(O)=O	Organic compounds	Organic acids and derivatives	Carboxylic acids and derivatives	Amino acids, peptides, and analogues	Aliphatic acyclic compounds	Amino acids
C16438	DL-Asparagine		22653	NC(CC(O)=N)C(O)=O	Organic compounds	Organic acids and derivatives	Carboxylic acids and derivatives	Amino acids, peptides, and analogues	Aliphatic acyclic compounds	Amino acids
C16439										Unknown
C16440										Unknown
C16463	3',5'-Cyclic diGMP	47205759.0	49537							Unknown
C16466	7-Methyl-3-oxo-6-octenoyl-CoA	9549325.0	52043	CC(C)=CCCC(=O)CC(=O)SCCN=C(O)CCN=C(O)[C@H](O)C(C)(C)COP(O)(=O)OP(O)(=O)OC[C@H]1O[C@H]([C@H](O)[C@@H]1OP(O)(O)=O)N1C=NC2=C(N)N=CN=C12	Organic compounds	Lipids and lipid-like molecules	Fatty Acyls	Fatty acyl thioesters	Aromatic heteropolycyclic compounds	Lipid-like molecules
C16468	(2E)-5-Methylhexa-2,4-dienoyl-CoA		80511							Unknown
C16469	3-Hydroxy-5-methylhex-4-enoyl-CoA	9549330.0		CC(C)=CC(O)CC(=O)SCCN=C(O)CCN=C(O)[C@H](O)C(C)(C)COP(O)(=O)OP(O)(=O)OC[C@H]1O[C@H]([C@H](O)[C@@H]1OP(O)(O)=O)N1C=NC2=C(N)N=CN=C12	Organic compounds	Lipids and lipid-like molecules	Fatty Acyls	Fatty acyl thioesters	Aromatic heteropolycyclic compounds	Lipid-like molecules
C16470	5-Methylhex-4-enoyl-CoA		80513							Unknown
C16471	5-Methyl-3-oxo-4-hexenoyl-CoA	9549331.0		CC(C)=CC(=O)CC(=O)SCCN=C(O)CCN=C(O)[C@H](O)C(C)(C)COP(O)(=O)OP(O)(=O)OC[C@H]1O[C@H]([C@H](O)[C@@H]1OP(O)(O)=O)N1C=NC2=C(N)N=CN=C12	Organic compounds	Lipids and lipid-like molecules	Fatty Acyls	Fatty acyl thioesters	Aromatic heteropolycyclic compounds	Lipid-like molecules
C16476	4-Fluoromuconolactone									Unknown
C16477	5-Fluoromuconolactone									Unknown
C16487										Unknown
C16488	1-[(5-Amino-5-carboxypentyl)amino]-1-deoxyfructose	131751634.0	24109	NC(CCCCNCC1(O)OC(CO)C(O)C1O)C(O)=O	Organic compounds	Organic acids and derivatives	Carboxylic acids and derivatives	Amino acids, peptides, and analogues	Aliphatic heteromonocyclic compounds	Amino acids
C16489										Unknown
C16519	2-succinyl-5-enolpyruvyl-6-hydroxy-3-cyclohexene-1-carboxylate			OC1C(CC=C(C1C([O-])=O)C(=O)CCC([O-])=O)OC(=C)C([O-])=O	Organic compounds	Organic acids and derivatives	Carboxylic acids and derivatives	Tricarboxylic acids and derivatives	Aliphatic homomonocyclic compounds	Carboxylic acids
C16520	Palmitoyl-ACP									Unknown
C16551	Alcophosphamide	98612.0	80559	NP(=O)(OCCCO)N(CCCl)CCCl	Organic compounds	Organic nitrogen compounds	Organonitrogen compounds	Nitrogen mustard compounds	Aliphatic acyclic compounds	Organic nitrogen compounds
C16565	Aminopropylcadaverine	65523.0	64860	NCCCCCNCCCN	Organic compounds	Organic nitrogen compounds	Organonitrogen compounds	Amines	Aliphatic acyclic compounds	Organic nitrogen compounds
C16586	2-Phenyl-1,3-propanediol monocarbamate	213060.0	80585	OCC(COC(O)=N)C1=CC=CC=C1	Organic compounds	Benzenoids	Benzene and substituted derivatives	Benzene and substituted derivatives	Aromatic homomonocyclic compounds	Benzenoids
C16587	3-Carbamoyl-2-phenylpropionaldehyde	21350391.0	80586	OC(=N)OCC(C=O)C1=CC=CC=C1	Organic compounds	Benzenoids	Benzene and substituted derivatives	Phenylacetaldehydes	Aromatic homomonocyclic compounds	Benzenoids
C16595	4-Hydroxy-5-phenyltetrahydro-1,3-oxazin-2-one	21350392.0		OC1N=C(O)OCC1C1=CC=CC=C1	Organic compounds	Benzenoids	Benzene and substituted derivatives	Benzene and substituted derivatives	Aromatic heteromonocyclic compounds	Benzenoids
C16596	5-Phenyl-1,3-oxazinane-2,4-dione	21350393.0	80594	OC1=NC(=O)OCC1C1=CC=CC=C1	Organic compounds	Benzenoids	Benzene and substituted derivatives	Benzene and substituted derivatives	Aromatic heteromonocyclic compounds	Benzenoids
C16614	6-Methylmercaptopurine	5778.0	28279	CSC1=NC=NC2=C1N=CN2	Organic compounds	Organoheterocyclic compounds	Imidazopyrimidines	Purines and purine derivatives	Aromatic heteropolycyclic compounds	Organoheterocyclic compounds
C16615	6-Methylthiopurine 5'-monophosphate ribonucleotide	10091038.0	80609	CSC1=NC=NC2=C1N=CN2[C@@H]1O[C@H](COP(O)(O)=O)[C@@H](O)[C@H]1O	Organic compounds	Nucleosides, nucleotides, and analogues	Purine nucleotides	Purine ribonucleotides	Aromatic heteropolycyclic compounds	Nucleotides/nucleosides
C16617	6-Mercaptopurine ribonucleoside triphosphate	3036942.0	80611	O[C@@H]1[C@@H](COP(O)(=O)OP(O)(=O)OP(O)(O)=O)O[C@H]([C@@H]1O)N1C=NC2=C1N=CN=C2S	Organic compounds	Nucleosides, nucleotides, and analogues	Purine nucleotides	Purine ribonucleotides	Aromatic heteropolycyclic compounds	Nucleotides/nucleosides
C16618	6-Thioxanthine 5'-monophosphate	3081384.0		O[C@@H]1[C@@H](COP(O)(O)=O)O[C@H]([C@@H]1O)N1C=NC2=C1N=C(O)N=C2S	Organic compounds	Nucleosides, nucleotides, and analogues	Purine nucleotides	Purine ribonucleotides	Aromatic heteropolycyclic compounds	Nucleotides/nucleosides
C16619	6-Thioguanosine monophosphate	3034646.0	1267082	NC1=NC(=S)C2=C(N1)N(C=N2)[C@@H]1O[C@H](COP(O)(O)=O)[C@@H](O)[C@H]1O	Organic compounds	Nucleosides, nucleotides, and analogues	Purine nucleotides	Purine ribonucleotides	Aromatic heteropolycyclic compounds	Nucleotides/nucleosides
C16630	5,6-Dihydro-5-fluorouracil	121997.0	80624	OC1=NCC(F)C(O)=N1	Organic compounds	Organoheterocyclic compounds	Diazines	Pyrimidines and pyrimidine derivatives	Aliphatic heteromonocyclic compounds	Organoheterocyclic compounds
C16631	alpha-Fluoro-beta-ureidopropionic acid	151244.0	80625	OC(=N)NCC(F)C(O)=O	Organic compounds	Organic acids and derivatives	Carboxylic acids and derivatives	Alpha-halocarboxylic acids and derivatives	Aliphatic acyclic compounds	Carboxylic acids
C16633	5-Fluorouridine	9427.0	40154	OC[C@H]1O[C@H]([C@H](O)[C@@H]1O)N1C=C(F)C(=O)NC1=O	Organic compounds	Nucleosides, nucleotides, and analogues	Pyrimidine nucleosides	Pyrimidine nucleosides	Aromatic heteromonocyclic compounds	Nucleotides/nucleosides
C16634	5-Fluorouridine monophosphate	150856.0	40101	O[C@H]1[C@@H](O)[C@@H](O[C@@H]1COP(O)(O)=O)N1C=C(F)C(O)=NC1=O	Organic compounds	Nucleosides, nucleotides, and analogues	Pyrimidine nucleotides	Pyrimidine ribonucleotides	Aromatic heteromonocyclic compounds	Nucleotides/nucleosides
C16635	5'-Deoxy-5-fluorocytidine	10037499.0		C[C@H]1O[C@H]([C@H](O)[C@@H]1O)N1C=C(F)C(=N)N=C1O	Organic compounds	Nucleosides, nucleotides, and analogues	5'-deoxyribonucleosides	5'-deoxyribonucleosides	Aromatic heteromonocyclic compounds	Nucleotides/nucleosides
C16636	tRNA(Sec)									Unknown
C16637	5-Deoxyribose-1-phosphate	24906327.0	48462	C[C@H]1O[C@H](OP(O)(O)=O)[C@H](O)[C@@H]1O	Organic compounds	Organic acids and derivatives	Organic phosphoric acids and derivatives	Phosphate esters	Aliphatic heteromonocyclic compounds	Other organic acids
C16639										Unknown
C16675	7-Aminomethyl-7-carbaguanine	171.0	45126	NCC1=CNC2=C1C(=O)NC(N)=N2	Organic compounds	Organoheterocyclic compounds	Pyrrolopyrimidines	Pyrrolo[2,3-d]pyrimidines	Aromatic heteropolycyclic compounds	Organoheterocyclic compounds
C16688	Sucrose-6-phosphate	72787409.0		OCC1OC(CO)(OC2OC(COP(O)(O)=O)C(O)C(O)C2O)C(O)C1O	Organic compounds	Organic oxygen compounds	Organooxygen compounds	Carbohydrates and carbohydrate conjugates	Aliphatic heteromonocyclic compounds	Organic oxygen compounds
C16698	N-Acetylmuramic acid 6-phosphate		47968							Unknown
C16699	2-O-(6-Phospho-alpha-mannosyl)-D-glycerate	24892815.0	61001	OC[C@@H](O[C@H]1O[C@H](COP(O)(O)=O)[C@@H](O)[C@H](O)[C@@H]1O)C(O)=O	Organic compounds	Organic oxygen compounds	Organooxygen compounds	Carbohydrates and carbohydrate conjugates	Aliphatic heteromonocyclic compounds	Organic oxygen compounds
C16739										Unknown
C16831										Unknown
C16832										Unknown
C17023										Unknown
C17210	2-(2'-Methylthio)ethylmalic acid		50261							Unknown
C17211	2-oxo-5-methylthiopentanoate		58815	CSCCCC(=O)C([O-])=O	Organic compounds	Organic acids and derivatives	Keto acids and derivatives	Short-chain keto acids and derivatives	Aliphatic acyclic compounds	Keto / hydroxy acids
C17212	3-(2'-Methylthio)ethylmalic acid	96023620.0	80963							Unknown
C17213	Homomethionine	10329619.0	50708	CSCCC[C@H](N)C(O)=O	Organic compounds	Organic acids and derivatives	Carboxylic acids and derivatives	Amino acids, peptides, and analogues	Aliphatic acyclic compounds	Amino acids
C17214	2-(3'-Methylthio)propylmalic acid		50262							Unknown
C17215	3-(3'-methylthio)propylmalate	44237292.0	133501	CSCCCC(C(O)C([O-])=O)C([O-])=O	Organic compounds	Organic acids and derivatives	Hydroxy acids and derivatives	Medium-chain hydroxy acids and derivatives	Aliphatic acyclic compounds	Keto / hydroxy acids
C17216	2-oxo-6-methylthiohexanoate	44237195.0		CSCCCCC(=O)C([O-])=O	Organic compounds	Organic acids and derivatives	Keto acids and derivatives	Medium-chain keto acids and derivatives	Aliphatic acyclic compounds	Keto / hydroxy acids
C17217	Dihomomethionine		50710							Unknown
C17218	2-(4'-methylthio)butylmalate	44237181.0		CSCCCCC(O)(CC([O-])=O)C([O-])=O	Organic compounds	Organic acids and derivatives	Hydroxy acids and derivatives	Medium-chain hydroxy acids and derivatives	Aliphatic acyclic compounds	Keto / hydroxy acids
C17219	3-(4'-methylthio)butylmalate	44237164.0		CSCCCCC(C(O)C([O-])=O)C([O-])=O	Organic compounds	Organic acids and derivatives	Hydroxy acids and derivatives	Medium-chain hydroxy acids and derivatives	Aliphatic acyclic compounds	Keto / hydroxy acids
C17222	2-(5'-methylthio)pentylmalate	44237333.0		CSCCCCCC(O)(CC([O-])=O)C([O-])=O	Organic compounds	Organic acids and derivatives	Hydroxy acids and derivatives	Medium-chain hydroxy acids and derivatives	Aliphatic acyclic compounds	Keto / hydroxy acids
C17223	3-(5'-methylthio)pentylmalate	44237178.0		CSCCCCCC(C(O)C([O-])=O)C([O-])=O	Organic compounds	Organic acids and derivatives	Hydroxy acids and derivatives	Medium-chain hydroxy acids and derivatives	Aliphatic acyclic compounds	Keto / hydroxy acids
C17226	2-(6'-methylthio)hexylmalate	44237240.0		CSCCCCCCC(O)(CC([O-])=O)C([O-])=O	Organic compounds	Organic acids and derivatives	Hydroxy acids and derivatives	Medium-chain hydroxy acids and derivatives	Aliphatic acyclic compounds	Keto / hydroxy acids
C17227	3-(6'-methylthio)hexylmalate	44237339.0		CSCCCCCCC(C(O)C([O-])=O)C([O-])=O	Organic compounds	Organic acids and derivatives	Hydroxy acids and derivatives	Medium-chain hydroxy acids and derivatives	Aliphatic acyclic compounds	Keto / hydroxy acids
C17230	2-(7'-methylthio)heptylmalate	44237389.0		CSCCCCCCCC(O)(CC([O-])=O)C([O-])=O	Organic compounds	Organic acids and derivatives	Hydroxy acids and derivatives	Medium-chain hydroxy acids and derivatives	Aliphatic acyclic compounds	Keto / hydroxy acids
C17231	3-(7'-methylthio)heptylmalate	44237172.0		CSCCCCCCCC(C(O)C([O-])=O)C([O-])=O	Organic compounds	Organic acids and derivatives	Hydroxy acids and derivatives	Medium-chain hydroxy acids and derivatives	Aliphatic acyclic compounds	Keto / hydroxy acids
C17322	tRNA containing 2-thiouridine	96023686.0	81006							Unknown
C17323										Unknown
C17324										Unknown
C17551	2-Polyprenyl-6-hydroxyphenol		81178							Unknown
C17552	2-Polyprenyl-6-methoxyphenol	46173939.0		COC1=CC=CC(C\C=C(/C)CCC=C(C)C)=C1O	Organic compounds	Lipids and lipid-like molecules	Prenol lipids	Monoterpenoids	Aromatic homomonocyclic compounds	Lipid-like molecules
C17556	undecaprenyl phosphate	5283548.0	60468	CC(C)=CCC/C(C)=C/CC/C(C)=C/CC/C(C)=C\CC/C(C)=C\CC/C(C)=C\CC/C(C)=C\CC/C(C)=C\CC/C(C)=C\CC/C(C)=C\CC/C(C)=C\COP(=O)(O)O	Organic compounds	Lipids and lipid-like molecules	Prenol lipids	Polyterpenoids	Aliphatic acyclic compounds	Lipid-like molecules
C17569	ubiquinone-8	5283546.0	61683	COC1=C(OC)C(=O)C(C\C=C(/C)CC\C=C(/C)CC\C=C(/C)CC\C=C(/C)CC\C=C(/C)CC\C=C(/C)CC\C=C(/C)CCC=C(C)C)=C(C)C1=O	Organic compounds	Lipids and lipid-like molecules	Prenol lipids	Quinone and hydroquinone lipids	Aliphatic homomonocyclic compounds	Lipid-like molecules
C17758	4,5-seco-dopa	96024085.0	16098	[H]C(O)=C([H])C(\C[C@]([H])(N)C(O)=O)=C(\[H])C(=O)C(O)=O	Organic compounds	Organic acids and derivatives	Carboxylic acids and derivatives	Amino acids, peptides, and analogues	Aliphatic acyclic compounds	Amino acids
C18060	N-acetyl-alpha-D-galactosamine 1-phosphate	4369589.0	44313	CC(O)=N[C@@H]1[C@@H](O)[C@@H](O)[C@@H](CO)O[C@@H]1OP(O)(O)=O	Organic compounds	Organic oxygen compounds	Organooxygen compounds	Carbohydrates and carbohydrate conjugates	Aliphatic heteromonocyclic compounds	Organic oxygen compounds
C18076	5'-Phosphoguanylyl(3'->5')guanosine	96024293.0	48622							Unknown
C18094	UDP-L-arabinofuranose	96024311.0	81497							Unknown
C18096	D-Allulose 6-phosphate	96024313.0	81499							Unknown
C18237	Molybdoenzyme molybdenum cofactor									Unknown
C18239	Cyclic pyranopterin monophosphate	16061579.0	60210	[H][C@@]12COP(O)(=O)O[C@]1([H])C(O)(O)[C@]1([H])NC3=C(NC(=N)N=C3O)N[C@]1([H])O2	Organic compounds	Organoheterocyclic compounds	Pteridines and derivatives	Pterins and derivatives	Aromatic heteropolycyclic compounds	Organoheterocyclic compounds
C18242	2,3,5-Trichlorodienelactone	14951695.0		OC(=O)C(\Cl)=C1/OC(=O)C(Cl)=C1Cl	Organic compounds	Lipids and lipid-like molecules	Fatty Acyls	Fatty acids and conjugates	Aliphatic heteromonocyclic compounds	Lipid-like molecules
C18243	2,3,5-Trichloromaleylacetate	9543107.0	19297	OC(=O)C(Cl)C(=O)C(\Cl)=C(\Cl)C(O)=O	Organic compounds	Organic acids and derivatives	Keto acids and derivatives	Medium-chain keto acids and derivatives	Aliphatic acyclic compounds	Keto / hydroxy acids
C18304	2-Chloro-5-methyl-cis-dienelactone	9543297.0	81655	C\C(C(O)=O)=C1/OC(=O)C(Cl)=C1	Organic compounds	Organoheterocyclic compounds	Dihydrofurans	Furanones	Aliphatic heteromonocyclic compounds	Organoheterocyclic compounds
C18305	2-Chloro-5-methylmaleylacetate	9543299.0	81656	CC(C(O)=O)C(=O)\C=C(\Cl)C(O)=O	Organic compounds	Organic acids and derivatives	Keto acids and derivatives	Medium-chain keto acids and derivatives	Aliphatic acyclic compounds	Keto / hydroxy acids
C18309	3-Chloro-2-methyldienelactone	49787040.0	81660	CC1=C(Cl)\C(OC1=O)=C\C(O)=O	Organic compounds	Lipids and lipid-like molecules	Fatty Acyls	Fatty acids and conjugates	Aliphatic heteromonocyclic compounds	Lipid-like molecules
C18310	3-Chloro-2-methylmaleylacetate	9543305.0	81661	C\C(C(O)=O)=C(/Cl)C(=O)CC(O)=O	Organic compounds	Organic acids and derivatives	Keto acids and derivatives	Medium-chain keto acids and derivatives	Aliphatic acyclic compounds	Keto / hydroxy acids
C18796	(2R)-2-Hydroxy-2-methylbutanenitrile	12650900.0	60908	CC[C@@](C)(O)C#N	Organic compounds	Organic oxygen compounds	Organooxygen compounds	Alcohols and polyols	Aliphatic acyclic compounds	Organic oxygen compounds
C18870	selenodiglutathione	108069.0	26634	N[C@@H](CCC(=O)N[C@@H](CS[Se]SC[C@H](NC(=O)CC[C@H](N)C(O)=O)C(=O)NCC(O)=O)C(=O)NCC(O)=O)C(O)=O	Organic compounds	Organic acids and derivatives	Carboxylic acids and derivatives	Amino acids, peptides, and analogues	Aliphatic acyclic compounds	Amino acids
C18902	Methylselenic acid	161597.0	77012	C[Se](O)=O	Organic compounds	Organic acids and derivatives	Seleninic acids and derivatives	Seleninic acids and derivatives	Aliphatic acyclic compounds	Other organic acids
C19078										Unknown
C19080										Unknown
C19085										Unknown
C19586	2,3-Epoxyaflatoxin B1	104756.0	30725	[H][C@]12O[C@@H]3O[C@@H]3[C@@]1([H])C1=C(O2)C=C(OC)C2=C1OC(=O)C1=C2CCC1=O	Organic compounds	Phenylpropanoids and polyketides	Coumarins and derivatives	Furanocoumarins	Aromatic heteropolycyclic compounds	Phenylpropanoids and polyketides
C19609	Nickel	934.0	49786	[Ni++]	Organic compounds	Organic nitrogen compounds		Organic nitrogen compounds	Acyclic compounds	Organic nitrogen compounds
C19610										Unknown
C19647										Unknown
C19673	Malonyl-[acp] methyl ester	135626141.0								Unknown
C19722										Unknown
C19723										Unknown
C19769	1,6-anhydro-N-acetyl-beta-muramate		58690	C[C@@H](O[C@H]1[C@H](O)[C@H]2CO[C@H](O2)[C@@H]1N=C(C)[O-])C(O)=O	Organic compounds	Organoheterocyclic compounds	Oxepanes	Oxepanes	Aliphatic heteropolycyclic compounds	Organoheterocyclic compounds
C19770										Unknown
C19771										Unknown
C19792										Unknown
C19845	Pimeloyl-[acp]	135626312.0								Unknown
C19846	Pimelyl-[acp] methyl ester	135626313.0								Unknown
C19847	Demethylmenaquinol	135626314.0	55437							Unknown
C19848	Adenylyl-molybdopterin	53356705.0	62728	[H][C@]12NC3=C(N[C@@]1([H])C(S)=C(S)[C@@H](COP(O)(=O)OP(O)(=O)OC[C@H]1O[C@H]([C@H](O)[C@@H]1O)N1C=NC4=C1N=CN=C4N)O2)C(=O)NC(N)=N3	Organic compounds	Nucleosides, nucleotides, and analogues	Purine nucleotides	Purine ribonucleotides	Aromatic heteropolycyclic compounds	Nucleotides/nucleosides
C19858	2-methoxy-6-all trans-hexaprenyl-2-methoxy-1,4-benzoquinol		61472	[H]\C(CC\C(C)=C(/[H])CC\C(C)=C(/[H])CC\C(C)=C(/[H])CC\C(C)=C(/[H])CC1=CC(O)=CC(OC)=C1O)=C(\C)CCC=C(C)C	Organic compounds	Lipids and lipid-like molecules	Prenol lipids	Polyprenylphenols	Aromatic homomonocyclic compounds	Lipid-like molecules
C19859	6-methoxy-3-methyl-2-all-trans-hexaprenyl-1,4-benzoquinol	25244096.0	61473	[H]\C(CC\C(C)=C(/[H])CC\C(C)=C(/[H])CC\C(C)=C(/[H])CC\C(C)=C(/[H])CC1=C(C)C(O)=CC(OC)=C1O)=C(\C)CCC=C(C)C	Organic compounds	Lipids and lipid-like molecules	Prenol lipids	Polyprenylphenols	Aromatic homomonocyclic compounds	Lipid-like molecules
C19871	Guanylyl molybdenum cofactor	333497467.0								Unknown
C19875										Unknown
C19878	D-glycero-alpha-D-manno-Heptose 7-phosphate	135626344.0								Unknown
C19879	D-glycero-alpha-D-manno-Heptose 1,7-bisphosphate	135626345.0								Unknown
C19880	D-glycero-alpha-D-manno-Heptose 1-phosphate	135626346.0								Unknown
C19882										Unknown
C19883										Unknown
C19884	Lipid IIA	135626350.0								Unknown
C19890	alpha-Kdo-(2->4)-alpha-Kdo-(2->6)-[4-P-L-Ara4N]-lipid A	135626356.0								Unknown
C19891	D-chiro-Inositol	892.0	27372	O[C@H]1[C@@H](O)[C@H](O)[C@H](O)[C@@H](O)[C@@H]1O	Organic compounds	Organic oxygen compounds	Organooxygen compounds	Alcohols and polyols	Aliphatic homomonocyclic compounds	Organic oxygen compounds
C19909	N-Acetyl-a-neuraminic acid	444885.0	49026	[H][C@]1(O[C@](O)(C[C@H](O)[C@H]1NC(C)=O)C(O)=O)[C@H](O)[C@H](O)CO	Organic compounds	Organic oxygen compounds	Organooxygen compounds	Carbohydrates and carbohydrate conjugates	Aliphatic heteromonocyclic compounds	Organic oxygen compounds
C19910	N-Acetylneuraminic acid	445063.0	45744	[H][C@]1(O[C@@](O)(C[C@H](O)[C@H]1NC(C)=O)C(O)=O)[C@H](O)[C@H](O)CO	Organic compounds	Organic oxygen compounds	Organooxygen compounds	Carbohydrates and carbohydrate conjugates	Aliphatic heteromonocyclic compounds	Organic oxygen compounds
C19928										Unknown
C19945	3-oxo-5,6-dehydrosuberyl-CoA	135626411.0		[H]\C(CC(O)=O)=C(/[H])CC(=O)CC(=O)SCCN=C(O)CCN=C(O)[C@]([H])(O)C(C)(C)COP(O)(=O)OP(O)(=O)OC[C@@]1([H])O[C@@]([H])(N2C=NC3=C(N)N=CN=C23)[C@]([H])(O)[C@]1([H])OP(O)(O)=O	Organic compounds	Lipids and lipid-like molecules	Fatty Acyls	Fatty acyl thioesters	Aromatic heteropolycyclic compounds	Lipid-like molecules
C19946	3-Oxo-5,6-dehydrosuberyl-CoA semialdehyde	135626412.0								Unknown
C19975	2-Oxepin-2(3H)-ylideneacetyl-CoA	135626441.0								Unknown
C20062	2-(1,2-Epoxy-1,2-dihydrophenyl)acetyl-CoA	135626528.0								Unknown
C20231	(Z)-3-Ureidoacrylate peracid	163311974.0								Unknown
C20239	6-Carboxy-5,6,7,8-tetrahydropterin	12463319.0	61126	NC1=NC2=C(NC(CN2)C(O)=O)C(=O)N1	Organic compounds	Organoheterocyclic compounds	Pteridines and derivatives	Pterins and derivatives	Aromatic heteropolycyclic compounds	Organoheterocyclic compounds
C20246	2-[(2R,5Z)-2-Carboxy-4-methylthiazol-5(2H)-ylidene]ethyl phosphate	163311989.0	138844							Unknown
C20247	2-(2-carboxy-4-methylthiazol-5-yl)ethyl phosphate	53477624.0	62890	CC1=C(CCOP([O-])([O-])=O)SC(=N1)C([O-])=O	Organic compounds	Organoheterocyclic compounds	Azoles	Thiazoles	Aromatic heteromonocyclic compounds	Organoheterocyclic compounds
C20248	7-carboxy-7-deazaguanine	163311991.0								Unknown
C20249	(Z)-3-Peroxyaminoacrylate	163311992.0								Unknown
C20253	Aminoacrylate	163311996.0								Unknown
C20254	Ureidoacrylate	163311997.0								Unknown
C20258	(4S)-4-hydroxy-2,3,4,5-tetrahydro-(2S)-dipicolinate	70678847.0	67139	[H][C@@]1(O)CC(=N[C@@]([H])(C1)C([O-])=O)C([O-])=O	Organic compounds	Organic acids and derivatives	Carboxylic acids and derivatives	Amino acids, peptides, and analogues	Aliphatic heteromonocyclic compounds	Amino acids
C20345	Isopentenyl phosphate	21896400.0								Unknown
C20364										Unknown
C20372	3-Ketoglutaryl-[acp] methyl ester	163312110.0								Unknown
C20373	3-Hydroxyglutaryl-[acp] methyl ester	163312111.0								Unknown
C20374	Enoylglutaryl-[acp] methyl ester	163312112.0								Unknown
C20375	Glutaryl-[acp] methyl ester	163312113.0								Unknown
C20376	3-Ketopimeloyl-[acp] methyl ester	163312114.0								Unknown
C20377	3-Hydroxypimeloyl-[acp] methyl ester	163312115.0								Unknown
C20378	Enoylpimeloyl-[acp] methyl ester	163312116.0								Unknown
C20386	Biotin sulfoxide	566344.0		OC(=O)CCCCC1C2NC(=O)NC2CS1=O	Organic compounds	Organoheterocyclic compounds	Biotin and derivatives	Biotin and derivatives	Aliphatic heteropolycyclic compounds	Organoheterocyclic compounds
C20390										Unknown
C20396	Methylphosphonic acid	13818.0	45129	CP(O)(O)=O	Organic compounds	Organic acids and derivatives	Organic phosphonic acids and derivatives	Organic phosphonic acids and derivatives	Aliphatic acyclic compounds	Other organic acids
C20415	dTDP-4-acetamido-4,6-dideoxy-alpha-D-galactose									Unknown
C20422	alpha-D-Ribose 1-methylphosphonate 5-triphosphate	163312159.0								Unknown
C20423	alpha-D-Ribose 1-methylphosphonate 5-phosphate	163312160.0								Unknown
C20440	alpha-D-Ribose 1,2-cyclic phosphate 5-phosphate	163312177.0								Unknown
C20446										Unknown
C20451										Unknown
C20463										Unknown
C20497										Unknown
C20498										Unknown
C20641										Unknown
C20646										Unknown
C20648										Unknown
C20658										Unknown
C20679										Unknown
C20683	Long-chain acyl-[acyl-carrier protein]	172232403.0								Unknown
C20743										Unknown
C20748										Unknown
C20749										Unknown
C20750										Unknown
C20753										Unknown
C20755										Unknown
C20756										Unknown
C20758										Unknown
C20796										Unknown
C20830										Unknown
C20831										Unknown
C20835										Unknown
C20836	beta-L-Fucose	444863.0	42589	C[C@@H]1O[C@H](O)[C@@H](O)[C@H](O)[C@@H]1O	Organic compounds	Organic oxygen compounds	Organooxygen compounds	Carbohydrates and carbohydrate conjugates	Aliphatic heteromonocyclic compounds	Organic oxygen compounds
C20858										Unknown
C20863										Unknown
C20864										Unknown
C20895										Unknown
C20904										Unknown
C20905										Unknown
C20933	(9Z)-Hexadec-9-enoyl-KDO2-lipid IV(A)	254741395.0								Unknown
C20957										Unknown
C20958										Unknown
C20959	(4S)-4-Hydroxy-5-phosphooxypentane-2,3-dione	254741420.0								Unknown
C20960										Unknown
C20969										Unknown
C21007	5,6,7,8-Tetrahydromonapterin	254741465.0								Unknown
C21008	7,8-dihydromonapterin	254741466.0	71175	[H][C@](O)(CO)[C@@]([H])(O)C1=NC2=C(NC1)NC(=N)N=C2O	Organic compounds	Organoheterocyclic compounds	Pteridines and derivatives	Pterins and derivatives	Aromatic heteropolycyclic compounds	Organoheterocyclic compounds
C21015	gamma-L-Glutamyl-L-2-aminobutyrate	254741469.0								Unknown
C21016	Ophthalmic acid	7018721.0	84058	CC[C@H](NC(=O)CC[C@H](N)C(O)=O)C(=O)NCC(O)=O	Organic compounds	Organic acids and derivatives	Carboxylic acids and derivatives	Amino acids, peptides, and analogues	Aliphatic acyclic compounds	Amino acids
C21028	(R)-5,6-Dihydrothymine	254816253.0								Unknown
C21029	(R)-3-Ureidoisobutyrate	254816254.0								Unknown
C21057										Unknown
C21065	7,8-Dihydroxanthopterin	295369327.0								Unknown
C21094	7,8-Dihydromonapterin 3'-triphosphate	310920475.0								Unknown
C21113										Unknown
C21152	N,N'-Diacetylchitobiose 6'-phosphate	313369412.0								Unknown
C21153										Unknown
C21157	KDO2-lipid A 1-diphosphate	313369417.0								Unknown
C21158										Unknown
C21173	PEtN-KDO2-lipid A	313369433.0								Unknown
C21174										Unknown
C21181										Unknown
C21193										Unknown
C21194										Unknown
C21214	Dimethylallyl phosphate									Unknown
C21215	Prenylated FMNH2									Unknown
C21284	Fe-coproporphyrin III	318172264.0								Unknown
C21310	(8S)-3',8-Cyclo-7,8-dihydroguanosine 5'-triphosphate	319075052.0								Unknown
C21333										Unknown
C21334										Unknown
C21382	R-THMF	319902612.0								Unknown
C21386										Unknown
C21387										Unknown
C21388										Unknown
C21403	2-Acetamidoethylphosphonate	328082946.0								Unknown
C21440										Unknown
C21461	Kdo2-lipid A 1-(2-aminoethyl diphosphate)	329728084.0								Unknown
C21462										Unknown
C21463	Kdo2-lipid A 1,4'-bis(2-aminoethyl diphosphate)	329728086.0								Unknown
C21484	LysoPE(18:0/0:0)	9547068.0	75036	[H][C@@](O)(COC(=O)CCCCCCCCCCCCCCCCC)COP(O)(=O)OCCN	Organic compounds	Lipids and lipid-like molecules	Glycerophospholipids	Glycerophosphoethanolamines	Aliphatic acyclic compounds	Lipid-like molecules
C21485	Cytidylyl molybdenum cofactor	333497468.0								Unknown
C21610										Unknown
C21611										Unknown
C21612										Unknown
C21616										Unknown
C21617										Unknown
C21618										Unknown
C21652										Unknown
C21748	5-Fluorouridine diphosphate	354264342.0								Unknown
C21749	5-Fluorouridine triphosphate	354264343.0								Unknown
C21750	5-Fluorodeoxyuridine diphosphate	354264344.0								Unknown
C21751	5-Fluorodeoxyuridine triphosphate	354264345.0								Unknown
C21754	Isonicotinoyl radical	354264348.0								Unknown
C21758	Hepatotoxins	354264352.0								Unknown
C21860	3-Demethylubiquinol									Unknown
C21873	2-Methylquinolin-4-ol									Unknown
C21982	Lipid IVB	384585048.0								Unknown
C21983	Deacyl-lipid IVB	384585049.0								Unknown
C21984	Deacyl-lipid IVA	384585050.0								Unknown
C21991	Palmitoleoyl-myristoyl-KDO2-lipid A	384585052.0								Unknown
C21993	C16-KDO2-lipid A	384585054.0								Unknown
C21994	1-Dephospho-KDO2-lipid A	384585055.0								Unknown
C21995	1-PEtN-KDO2-lipid A	384585056.0								Unknown
C21999	Stearoyl-KDO2-lipid IVA	384585060.0								Unknown
C22002	Lipid IIB	384585063.0								Unknown
C22068	H. pylori KDO2-lipid IVA	384585128.0								Unknown
C22077										Unknown
C22078										Unknown
C22131										Unknown
C22150										Unknown
C22151										Unknown
C22154										Unknown
C22155										Unknown
C22157										Unknown
C22158										Unknown
C22159	[Glycine cleavage system H]-N6-octanoyl-L-lysine									Unknown
C22160	[Lipoyl-carrier protein E2]-N6-octanoyl-L-lysine									Unknown
C22161	Dihydrolipoyl-AMP									Unknown
C22337	D-Ribulose 1-phosphate									Unknown
C22382										Unknown
C22383										Unknown
C22395	N6-Succino-2-amino-2'-deoxyadenylate									Unknown
C22438	3,5-Dehydroshikimate									Unknown
C22441	dZMP									Unknown
C22442	dZDP									Unknown
C22443	dZTP									Unknown
C22453	trans-Anhydromevalonate phosphate									Unknown
C22458	8-Amino-7-(carboxyamino)nonanoate									Unknown
C22501										Unknown
C22502										Unknown
C22507										Unknown
C22611	N-Acetyl-D-glutamate									Unknown
