Time,OD mean,OD std
0,1.7,0
1,1.745,0.007071068
2,1.905,0.06363961
3,2.08,0.042426407
4,3.095,0.120208153
5,4.235,0.007071068
6,6.94,0.197989899
7,9.735,0.035355339
8,15.11,1.230365799
9,18.44,0.169705627
10,17.18,0.339411255
11,16.57,0.523259018
12,14.43,0.098994949
13,13.97,0.155563492
14,11.52,0.169705627
15,12.13,0.212132034
16,12.27,0.070710678
17,11.54,0.339411255
26,8.29,0.014142136
