,Well,Batch,Timepoint,Strain,Parallel,Plate,Sample volume (uL),Medium,Comment
0,A1,1,1,tsx,A,P1,100,M9 20 mM glucose pH 7.4,
1,A2,1,1,tsx,B,P1,100,M9 20 mM glucose pH 7.4,
2,A3,1,1,tsx,C,P1,100,M9 20 mM glucose pH 7.4,
3,A4,1,1,oppA,A,P1,100,M9 20 mM glucose pH 7.4,
4,A5,1,1,oppA,B,P1,100,M9 20 mM glucose pH 7.4,
5,A6,1,1,oppA,C,P1,100,M9 20 mM glucose pH 7.4,
6,A7,1,1,ompC,A,P1,100,M9 20 mM glucose pH 7.4,
7,A8,1,1,ompC,B,P1,100,M9 20 mM glucose pH 7.4,
8,A9,1,1,ompC,C,P1,100,M9 20 mM glucose pH 7.4,
9,A10,1,1,ompF,A,P1,100,M9 20 mM glucose pH 7.4,
10,A11,1,1,ompF,B,P1,100,M9 20 mM glucose pH 7.4,
11,A12,1,1,ompF,C,P1,100,M9 20 mM glucose pH 7.4,
12,B1,1,1,yddG,A,P1,100,M9 20 mM glucose pH 7.4,
13,B2,1,1,yddG,B,P1,100,M9 20 mM glucose pH 7.4,
14,B3,1,1,yddG,C,P1,100,M9 20 mM glucose pH 7.4,
15,B4,1,1,ybjE,A,P1,100,M9 20 mM glucose pH 7.4,
16,B5,1,1,ybjE,B,P1,100,M9 20 mM glucose pH 7.4,
17,B6,1,1,ybjE,C,P1,100,M9 20 mM glucose pH 7.4,
18,B7,1,1,satP,A,P1,100,M9 20 mM glucose pH 7.4,
19,B8,1,1,satP,B,P1,100,M9 20 mM glucose pH 7.4,
20,B9,1,1,satP,C,P1,100,M9 20 mM glucose pH 7.4,
21,B10,1,1,yedA,A,P1,100,M9 20 mM glucose pH 7.4,
22,B11,1,1,yedA,B,P1,100,M9 20 mM glucose pH 7.4,
23,B12,1,1,yedA,C,P1,100,M9 20 mM glucose pH 7.4,
24,C1,1,1,ygaZ,A,P1,100,M9 20 mM glucose pH 7.4,
25,C2,1,1,ygaZ,B,P1,100,M9 20 mM glucose pH 7.4,
26,C3,1,1,ygaZ,C,P1,100,M9 20 mM glucose pH 7.4,
27,C4,1,1,yeaS,A,P1,100,M9 20 mM glucose pH 7.4,
28,C5,1,1,yeaS,B,P1,100,M9 20 mM glucose pH 7.4,
29,C6,1,1,yeaS,C,P1,100,M9 20 mM glucose pH 7.4,
30,C7,1,1,punC,A,P1,100,M9 20 mM glucose pH 7.4,
31,C8,1,1,punC,B,P1,100,M9 20 mM glucose pH 7.4,
32,C9,1,1,punC,C,P1,100,M9 20 mM glucose pH 7.4,
33,C10,1,1,rhtA,A,P1,100,M9 20 mM glucose pH 7.4,
34,C11,1,1,rhtA,B,P1,100,M9 20 mM glucose pH 7.4,
35,C12,1,1,rhtA,C,P1,100,M9 20 mM glucose pH 7.4,
36,D1,1,1,mscS,A,P1,100,M9 20 mM glucose pH 7.4,
37,D2,1,1,mscS,B,P1,100,M9 20 mM glucose pH 7.4,
38,D3,1,1,mscS,C,P1,100,M9 20 mM glucose pH 7.4,
39,D4,1,1,sstT,A,P1,100,M9 20 mM glucose pH 7.4,
40,D5,1,1,sstT,B,P1,100,M9 20 mM glucose pH 7.4,
41,D6,1,1,sstT,C,P1,100,M9 20 mM glucose pH 7.4,
42,D7,1,1,WT,A,P1,100,M9 20 mM glucose pH 7.4,
43,D8,1,1,WT,B,P1,100,M9 20 mM glucose pH 7.4,
44,D9,1,1,WT,C,P1,100,M9 20 mM glucose pH 7.4,
45,D10,1,1,WT,D,P1,100,M9 20 mM glucose pH 7.4,
46,D11,1,1,WT,E,P1,100,M9 20 mM glucose pH 7.4,
47,D12,1,1,WT,F,P1,100,M9 20 mM glucose pH 7.4,
48,E1,1,2,tsx,A,P1,100,M9 20 mM glucose pH 7.4,
49,E2,1,2,tsx,B,P1,100,M9 20 mM glucose pH 7.4,
50,E3,1,2,tsx,C,P1,100,M9 20 mM glucose pH 7.4,
51,E4,1,2,oppA,A,P1,100,M9 20 mM glucose pH 7.4,
52,E5,1,2,oppA,B,P1,100,M9 20 mM glucose pH 7.4,
53,E6,1,2,oppA,C,P1,100,M9 20 mM glucose pH 7.4,
54,E7,1,2,ompC,A,P1,100,M9 20 mM glucose pH 7.4,
55,E8,1,2,ompC,B,P1,100,M9 20 mM glucose pH 7.4,
56,E9,1,2,ompC,C,P1,100,M9 20 mM glucose pH 7.4,
57,E10,1,2,ompF,A,P1,100,M9 20 mM glucose pH 7.4,
58,E11,1,2,ompF,B,P1,100,M9 20 mM glucose pH 7.4,
59,E12,1,2,ompF,C,P1,100,M9 20 mM glucose pH 7.4,
60,F1,1,2,yddG,A,P1,100,M9 20 mM glucose pH 7.4,
61,F2,1,2,yddG,B,P1,100,M9 20 mM glucose pH 7.4,
62,F3,1,2,yddG,C,P1,100,M9 20 mM glucose pH 7.4,
63,F4,1,2,ybjE,A,P1,100,M9 20 mM glucose pH 7.4,
64,F5,1,2,ybjE,B,P1,100,M9 20 mM glucose pH 7.4,
65,F6,1,2,ybjE,C,P1,100,M9 20 mM glucose pH 7.4,
66,F7,1,2,satP,A,P1,100,M9 20 mM glucose pH 7.4,
67,F8,1,2,satP,B,P1,100,M9 20 mM glucose pH 7.4,
68,F9,1,2,satP,C,P1,100,M9 20 mM glucose pH 7.4,
69,F10,1,2,yedA,A,P1,100,M9 20 mM glucose pH 7.4,
70,F11,1,2,yedA,B,P1,100,M9 20 mM glucose pH 7.4,
71,F12,1,2,yedA,C,P1,100,M9 20 mM glucose pH 7.4,
72,G1,1,2,ygaZ,A,P1,100,M9 20 mM glucose pH 7.4,
73,G2,1,2,ygaZ,B,P1,100,M9 20 mM glucose pH 7.4,
74,G3,1,2,ygaZ,C,P1,100,M9 20 mM glucose pH 7.4,
75,G4,1,2,yeaS,A,P1,100,M9 20 mM glucose pH 7.4,
76,G5,1,2,sstT,B,P1,100,M9 20 mM glucose pH 7.4,Swapped well with H5
77,G6,1,2,yeaS,C,P1,100,M9 20 mM glucose pH 7.4,
78,G7,1,2,punC,A,P1,100,M9 20 mM glucose pH 7.4,
79,G8,1,2,punC,B,P1,100,M9 20 mM glucose pH 7.4,
80,G9,1,2,punC,C,P1,100,M9 20 mM glucose pH 7.4,
81,G10,1,2,rhtA,A,P1,100,M9 20 mM glucose pH 7.4,
82,G11,1,2,rhtA,B,P1,100,M9 20 mM glucose pH 7.4,
83,G12,1,2,rhtA,C,P1,100,M9 20 mM glucose pH 7.4,
84,H1,1,2,mscS,A,P1,100,M9 20 mM glucose pH 7.4,
85,H2,1,2,mscS,B,P1,100,M9 20 mM glucose pH 7.4,
86,H3,1,2,mscS,C,P1,100,M9 20 mM glucose pH 7.4,
87,H4,1,2,sstT,A,P1,100,M9 20 mM glucose pH 7.4,
88,H5,1,2,yeaS,B,P1,100,M9 20 mM glucose pH 7.4,Swapped well with G5
89,H6,1,2,sstT,C,P1,100,M9 20 mM glucose pH 7.4,
90,H7,1,2,WT,A,P1,100,M9 20 mM glucose pH 7.4,
91,H8,1,2,WT,B,P1,100,M9 20 mM glucose pH 7.4,
92,H9,1,2,WT,C,P1,100,M9 20 mM glucose pH 7.4,
93,H10,1,2,WT,D,P1,100,M9 20 mM glucose pH 7.4,
94,H11,1,2,WT,E,P1,100,M9 20 mM glucose pH 7.4,
95,H12,1,2,WT,F,P1,100,M9 20 mM glucose pH 7.4,
96,A1,1,3,tsx,A,P2,100,M9 20 mM glucose pH 7.4,
97,A2,1,3,tsx,B,P2,100,M9 20 mM glucose pH 7.4,
98,A3,1,3,tsx,C,P2,100,M9 20 mM glucose pH 7.4,
99,A4,1,3,oppA,A,P2,100,M9 20 mM glucose pH 7.4,
100,A5,1,3,oppA,B,P2,100,M9 20 mM glucose pH 7.4,
101,A6,1,3,oppA,C,P2,100,M9 20 mM glucose pH 7.4,
102,A7,1,3,ompC,A,P2,100,M9 20 mM glucose pH 7.4,
103,A8,1,3,ompC,B,P2,100,M9 20 mM glucose pH 7.4,
104,A9,1,3,ompC,C,P2,100,M9 20 mM glucose pH 7.4,
105,A10,1,3,ompF,A,P2,100,M9 20 mM glucose pH 7.4,
106,A11,1,3,ompF,B,P2,100,M9 20 mM glucose pH 7.4,
107,A12,1,3,ompF,C,P2,100,M9 20 mM glucose pH 7.4,
108,B1,1,3,yddG,A,P2,100,M9 20 mM glucose pH 7.4,
109,B2,1,3,yddG,B,P2,100,M9 20 mM glucose pH 7.4,
110,B3,1,3,yddG,C,P2,100,M9 20 mM glucose pH 7.4,
111,B4,1,3,ybjE,A,P2,100,M9 20 mM glucose pH 7.4,
112,B5,1,3,ybjE,B,P2,100,M9 20 mM glucose pH 7.4,
113,B6,1,3,ybjE,C,P2,100,M9 20 mM glucose pH 7.4,
114,B7,1,3,satP,A,P2,100,M9 20 mM glucose pH 7.4,
115,B8,1,3,satP,B,P2,100,M9 20 mM glucose pH 7.4,
116,B9,1,3,satP,C,P2,100,M9 20 mM glucose pH 7.4,
117,B10,1,3,yedA,A,P2,100,M9 20 mM glucose pH 7.4,
118,B11,1,3,yedA,B,P2,100,M9 20 mM glucose pH 7.4,
119,B12,1,3,yedA,C,P2,100,M9 20 mM glucose pH 7.4,
120,C1,1,3,ygaZ,A,P2,150,M9 20 mM glucose pH 7.4,
121,C2,1,3,ygaZ,B,P2,150,M9 20 mM glucose pH 7.4,
122,C3,1,3,ygaZ,C,P2,150,M9 20 mM glucose pH 7.4,
123,C4,1,3,yeaS,A,P2,150,M9 20 mM glucose pH 7.4,
124,C5,1,3,yeaS,B,P2,150,M9 20 mM glucose pH 7.4,
125,C6,1,3,yeaS,C,P2,150,M9 20 mM glucose pH 7.4,
126,C7,1,3,punC,A,P2,150,M9 20 mM glucose pH 7.4,
127,C8,1,3,punC,B,P2,150,M9 20 mM glucose pH 7.4,
128,C9,1,3,punC,C,P2,150,M9 20 mM glucose pH 7.4,
129,C10,1,3,rhtA,A,P2,150,M9 20 mM glucose pH 7.4,
130,C11,1,3,rhtA,B,P2,150,M9 20 mM glucose pH 7.4,
131,C12,1,3,rhtA,C,P2,150,M9 20 mM glucose pH 7.4,
132,D1,1,3,mscS,A,P2,150,M9 20 mM glucose pH 7.4,
133,D2,1,3,mscS,B,P2,150,M9 20 mM glucose pH 7.4,
134,D3,1,3,mscS,C,P2,150,M9 20 mM glucose pH 7.4,
135,D4,1,3,sstT,A,P2,150,M9 20 mM glucose pH 7.4,
136,D5,1,3,sstT,B,P2,150,M9 20 mM glucose pH 7.4,
137,D6,1,3,sstT,C,P2,150,M9 20 mM glucose pH 7.4,
138,D7,1,3,WT,A,P2,150,M9 20 mM glucose pH 7.4,
139,D8,1,3,WT,B,P2,150,M9 20 mM glucose pH 7.4,
140,D9,1,3,WT,C,P2,150,M9 20 mM glucose pH 7.4,
141,D10,1,3,WT,D,P2,150,M9 20 mM glucose pH 7.4,
142,D11,1,3,WT,E,P2,150,M9 20 mM glucose pH 7.4,
143,D12,1,3,WT,F,P2,150,M9 20 mM glucose pH 7.4,
144,E1,1,4,tsx,A,P2,150,M9 20 mM glucose pH 7.4,
145,E2,1,4,tsx,B,P2,150,M9 20 mM glucose pH 7.4,
146,E3,1,4,tsx,C,P2,150,M9 20 mM glucose pH 7.4,
147,E4,1,4,oppA,A,P2,150,M9 20 mM glucose pH 7.4,
148,E5,1,4,oppA,B,P2,150,M9 20 mM glucose pH 7.4,
149,E6,1,4,oppA,C,P2,150,M9 20 mM glucose pH 7.4,
150,E7,1,4,ompC,A,P2,150,M9 20 mM glucose pH 7.4,
151,E8,1,4,ompC,B,P2,150,M9 20 mM glucose pH 7.4,
152,E9,1,4,ompC,C,P2,150,M9 20 mM glucose pH 7.4,
153,E10,1,4,ompF,A,P2,150,M9 20 mM glucose pH 7.4,
154,E11,1,4,ompF,B,P2,150,M9 20 mM glucose pH 7.4,
155,E12,1,4,ompF,C,P2,150,M9 20 mM glucose pH 7.4,
156,F1,1,4,yddG,A,P2,150,M9 20 mM glucose pH 7.4,
157,F2,1,4,yddG,B,P2,150,M9 20 mM glucose pH 7.4,
158,F3,1,4,yddG,C,P2,150,M9 20 mM glucose pH 7.4,
159,F4,1,4,ybjE,A,P2,150,M9 20 mM glucose pH 7.4,
160,F5,1,4,ybjE,B,P2,150,M9 20 mM glucose pH 7.4,
161,F6,1,4,ybjE,C,P2,150,M9 20 mM glucose pH 7.4,
162,F7,1,4,satP,A,P2,150,M9 20 mM glucose pH 7.4,
163,F8,1,4,satP,B,P2,150,M9 20 mM glucose pH 7.4,
164,F9,1,4,satP,C,P2,150,M9 20 mM glucose pH 7.4,
165,F10,1,4,yedA,A,P2,150,M9 20 mM glucose pH 7.4,
166,F11,1,4,yedA,B,P2,150,M9 20 mM glucose pH 7.4,
167,F12,1,4,yedA,C,P2,150,M9 20 mM glucose pH 7.4,
168,G1,1,4,ygaZ,A,P2,150,M9 20 mM glucose pH 7.4,
169,G2,1,4,ygaZ,B,P2,150,M9 20 mM glucose pH 7.4,
170,G3,1,4,ygaZ,C,P2,150,M9 20 mM glucose pH 7.4,
171,G4,1,4,yeaS,A,P2,150,M9 20 mM glucose pH 7.4,
172,G5,1,4,sstT,B,P2,150,M9 20 mM glucose pH 7.4,
173,G6,1,4,yeaS,C,P2,150,M9 20 mM glucose pH 7.4,
174,G7,1,4,punC,A,P2,150,M9 20 mM glucose pH 7.4,
175,G8,1,4,punC,B,P2,150,M9 20 mM glucose pH 7.4,
176,G9,1,4,punC,C,P2,150,M9 20 mM glucose pH 7.4,
177,G10,1,4,rhtA,A,P2,150,M9 20 mM glucose pH 7.4,
178,G11,1,4,rhtA,B,P2,150,M9 20 mM glucose pH 7.4,
179,G12,1,4,rhtA,C,P2,150,M9 20 mM glucose pH 7.4,
180,H1,1,4,mscS,A,P2,150,M9 20 mM glucose pH 7.4,
181,H2,1,4,mscS,B,P2,150,M9 20 mM glucose pH 7.4,
182,H3,1,4,mscS,C,P2,150,M9 20 mM glucose pH 7.4,
183,H4,1,4,sstT,A,P2,150,M9 20 mM glucose pH 7.4,
184,H5,1,4,yeaS,B,P2,150,M9 20 mM glucose pH 7.4,
185,H6,1,4,sstT,C,P2,150,M9 20 mM glucose pH 7.4,
186,H7,1,4,WT,A,P2,150,M9 20 mM glucose pH 7.4,
187,H8,1,4,WT,B,P2,150,M9 20 mM glucose pH 7.4,
188,H9,1,4,WT,C,P2,150,M9 20 mM glucose pH 7.4,
189,H10,1,4,WT,D,P2,150,M9 20 mM glucose pH 7.4,
190,H11,1,4,WT,E,P2,150,M9 20 mM glucose pH 7.4,
191,H12,1,4,WT,F,P2,150,M9 20 mM glucose pH 7.4,
192,A1,1,5,tsx,A,P3,150,M9 20 mM glucose pH 7.4,
193,A2,1,5,tsx,B,P3,150,M9 20 mM glucose pH 7.4,
194,A3,1,5,tsx,C,P3,150,M9 20 mM glucose pH 7.4,
195,A4,1,5,oppA,A,P3,150,M9 20 mM glucose pH 7.4,
196,A5,1,5,oppA,B,P3,150,M9 20 mM glucose pH 7.4,
197,A6,1,5,oppA,C,P3,150,M9 20 mM glucose pH 7.4,
198,A7,1,5,ompC,A,P3,150,M9 20 mM glucose pH 7.4,
199,A8,1,5,ompC,B,P3,150,M9 20 mM glucose pH 7.4,
200,A9,1,5,ompC,C,P3,150,M9 20 mM glucose pH 7.4,
201,A10,1,5,ompF,A,P3,150,M9 20 mM glucose pH 7.4,
202,A11,1,5,ompF,B,P3,150,M9 20 mM glucose pH 7.4,
203,A12,1,5,ompF,C,P3,150,M9 20 mM glucose pH 7.4,
204,B1,1,5,yddG,A,P3,150,M9 20 mM glucose pH 7.4,
205,B2,1,5,yddG,B,P3,150,M9 20 mM glucose pH 7.4,
206,B3,1,5,yddG,C,P3,150,M9 20 mM glucose pH 7.4,
207,B4,1,5,ybjE,A,P3,150,M9 20 mM glucose pH 7.4,
208,B5,1,5,ybjE,B,P3,150,M9 20 mM glucose pH 7.4,
209,B6,1,5,ybjE,C,P3,150,M9 20 mM glucose pH 7.4,
210,B7,1,5,satP,A,P3,150,M9 20 mM glucose pH 7.4,
211,B8,1,5,satP,B,P3,150,M9 20 mM glucose pH 7.4,
212,B9,1,5,satP,C,P3,150,M9 20 mM glucose pH 7.4,
213,B10,1,5,yedA,A,P3,150,M9 20 mM glucose pH 7.4,
214,B11,1,5,yedA,B,P3,150,M9 20 mM glucose pH 7.4,
215,B12,1,5,yedA,C,P3,150,M9 20 mM glucose pH 7.4,
216,C1,1,5,ygaZ,A,P3,150,M9 20 mM glucose pH 7.4,
217,C2,1,5,ygaZ,B,P3,150,M9 20 mM glucose pH 7.4,
218,C3,1,5,ygaZ,C,P3,150,M9 20 mM glucose pH 7.4,
219,C4,1,5,yeaS,A,P3,150,M9 20 mM glucose pH 7.4,
220,C5,1,5,yeaS,B,P3,150,M9 20 mM glucose pH 7.4,
221,C6,1,5,yeaS,C,P3,150,M9 20 mM glucose pH 7.4,
222,C7,1,5,punC,A,P3,150,M9 20 mM glucose pH 7.4,
223,C8,1,5,punC,B,P3,150,M9 20 mM glucose pH 7.4,
224,C9,1,5,punC,C,P3,150,M9 20 mM glucose pH 7.4,
225,C10,1,5,rhtA,A,P3,150,M9 20 mM glucose pH 7.4,
226,C11,1,5,rhtA,B,P3,150,M9 20 mM glucose pH 7.4,
227,C12,1,5,rhtA,C,P3,150,M9 20 mM glucose pH 7.4,
228,D1,1,5,mscS,A,P3,150,M9 20 mM glucose pH 7.4,
229,D2,1,5,mscS,B,P3,150,M9 20 mM glucose pH 7.4,
230,D3,1,5,mscS,C,P3,150,M9 20 mM glucose pH 7.4,
231,D4,1,5,sstT,A,P3,150,M9 20 mM glucose pH 7.4,
232,D5,1,5,sstT,B,P3,150,M9 20 mM glucose pH 7.4,
233,D6,1,5,sstT,C,P3,150,M9 20 mM glucose pH 7.4,
234,D7,1,5,WT,A,P3,150,M9 20 mM glucose pH 7.4,
235,D8,1,5,WT,B,P3,150,M9 20 mM glucose pH 7.4,
236,D9,1,5,WT,C,P3,150,M9 20 mM glucose pH 7.4,
237,D10,1,5,WT,D,P3,150,M9 20 mM glucose pH 7.4,
238,D11,1,5,WT,E,P3,150,M9 20 mM glucose pH 7.4,
239,D12,1,5,WT,F,P3,150,M9 20 mM glucose pH 7.4,
240,E1,1,6,tsx,A,P3,150,M9 20 mM glucose pH 7.4,
241,E2,1,6,tsx,B,P3,150,M9 20 mM glucose pH 7.4,
242,E3,1,6,tsx,C,P3,150,M9 20 mM glucose pH 7.4,
243,E4,1,6,oppA,A,P3,150,M9 20 mM glucose pH 7.4,
244,E5,1,6,oppA,B,P3,150,M9 20 mM glucose pH 7.4,
245,E6,1,6,oppA,C,P3,150,M9 20 mM glucose pH 7.4,
246,E7,1,6,ompC,A,P3,150,M9 20 mM glucose pH 7.4,
247,E8,1,6,ompC,B,P3,150,M9 20 mM glucose pH 7.4,
248,E9,1,6,ompC,C,P3,150,M9 20 mM glucose pH 7.4,
249,E10,1,6,ompF,A,P3,150,M9 20 mM glucose pH 7.4,
250,E11,1,6,ompF,B,P3,150,M9 20 mM glucose pH 7.4,
251,E12,1,6,ompF,C,P3,150,M9 20 mM glucose pH 7.4,
252,F1,1,6,yddG,A,P3,150,M9 20 mM glucose pH 7.4,
253,F2,1,6,yddG,B,P3,150,M9 20 mM glucose pH 7.4,
254,F3,1,6,yddG,C,P3,150,M9 20 mM glucose pH 7.4,
255,F4,1,6,ybjE,A,P3,150,M9 20 mM glucose pH 7.4,
256,F5,1,6,ybjE,B,P3,150,M9 20 mM glucose pH 7.4,
257,F6,1,6,ybjE,C,P3,150,M9 20 mM glucose pH 7.4,
258,F7,1,6,satP,A,P3,150,M9 20 mM glucose pH 7.4,
259,F8,1,6,satP,B,P3,150,M9 20 mM glucose pH 7.4,
260,F9,1,6,satP,C,P3,150,M9 20 mM glucose pH 7.4,
261,F10,1,6,yedA,A,P3,150,M9 20 mM glucose pH 7.4,
262,F11,1,6,yedA,B,P3,150,M9 20 mM glucose pH 7.4,
263,F12,1,6,yedA,C,P3,150,M9 20 mM glucose pH 7.4,
264,G1,1,6,ygaZ,A,P3,150,M9 20 mM glucose pH 7.4,
265,G2,1,6,ygaZ,B,P3,150,M9 20 mM glucose pH 7.4,
266,G3,1,6,ygaZ,C,P3,150,M9 20 mM glucose pH 7.4,
267,G4,1,6,yeaS,A,P3,150,M9 20 mM glucose pH 7.4,
268,G5,1,6,sstT,B,P3,150,M9 20 mM glucose pH 7.4,
269,G6,1,6,yeaS,C,P3,150,M9 20 mM glucose pH 7.4,
270,G7,1,6,punC,A,P3,150,M9 20 mM glucose pH 7.4,
271,G8,1,6,punC,B,P3,150,M9 20 mM glucose pH 7.4,
272,G9,1,6,punC,C,P3,150,M9 20 mM glucose pH 7.4,
273,G10,1,6,rhtA,A,P3,150,M9 20 mM glucose pH 7.4,
274,G11,1,6,rhtA,B,P3,150,M9 20 mM glucose pH 7.4,
275,G12,1,6,rhtA,C,P3,150,M9 20 mM glucose pH 7.4,
276,H1,1,6,mscS,A,P3,150,M9 20 mM glucose pH 7.4,
277,H2,1,6,mscS,B,P3,150,M9 20 mM glucose pH 7.4,
278,H3,1,6,mscS,C,P3,150,M9 20 mM glucose pH 7.4,
279,H4,1,6,sstT,A,P3,150,M9 20 mM glucose pH 7.4,
280,H5,1,6,yeaS,B,P3,150,M9 20 mM glucose pH 7.4,
281,H6,1,6,sstT,C,P3,150,M9 20 mM glucose pH 7.4,
282,H7,1,6,WT,A,P3,150,M9 20 mM glucose pH 7.4,
283,H8,1,6,WT,B,P3,150,M9 20 mM glucose pH 7.4,
284,H9,1,6,WT,C,P3,150,M9 20 mM glucose pH 7.4,
285,H10,1,6,WT,D,P3,150,M9 20 mM glucose pH 7.4,
286,H11,1,6,WT,E,P3,150,M9 20 mM glucose pH 7.4,
287,H12,1,6,WT,F,P3,150,M9 20 mM glucose pH 7.4,
288,A1,1,7,tsx,A,P4,150,M9 20 mM glucose pH 7.4,
289,A2,1,7,tsx,B,P4,150,M9 20 mM glucose pH 7.4,
290,A3,1,7,tsx,C,P4,150,M9 20 mM glucose pH 7.4,
291,A4,1,7,oppA,A,P4,150,M9 20 mM glucose pH 7.4,
292,A5,1,7,oppA,B,P4,150,M9 20 mM glucose pH 7.4,
293,A6,1,7,oppA,C,P4,150,M9 20 mM glucose pH 7.4,
294,A7,1,7,ompC,A,P4,150,M9 20 mM glucose pH 7.4,
295,A8,1,7,ompC,B,P4,150,M9 20 mM glucose pH 7.4,
296,A9,1,7,ompC,C,P4,150,M9 20 mM glucose pH 7.4,
297,A10,1,7,ompF,A,P4,150,M9 20 mM glucose pH 7.4,
298,A11,1,7,ompF,B,P4,150,M9 20 mM glucose pH 7.4,
299,A12,1,7,ompF,C,P4,150,M9 20 mM glucose pH 7.4,
300,B1,1,7,yddG,A,P4,150,M9 20 mM glucose pH 7.4,
301,B2,1,7,yddG,B,P4,150,M9 20 mM glucose pH 7.4,
302,B3,1,7,yddG,C,P4,150,M9 20 mM glucose pH 7.4,
303,B4,1,7,ybjE,A,P4,150,M9 20 mM glucose pH 7.4,
304,B5,1,7,ybjE,B,P4,150,M9 20 mM glucose pH 7.4,
305,B6,1,7,ybjE,C,P4,150,M9 20 mM glucose pH 7.4,
306,B7,1,7,satP,A,P4,150,M9 20 mM glucose pH 7.4,
307,B8,1,7,satP,B,P4,150,M9 20 mM glucose pH 7.4,
308,B9,1,7,satP,C,P4,150,M9 20 mM glucose pH 7.4,
309,B10,1,7,yedA,A,P4,150,M9 20 mM glucose pH 7.4,
310,B11,1,7,yedA,B,P4,150,M9 20 mM glucose pH 7.4,
311,B12,1,7,yedA,C,P4,150,M9 20 mM glucose pH 7.4,
312,C1,1,7,ygaZ,A,P4,150,M9 20 mM glucose pH 7.4,
313,C2,1,7,ygaZ,B,P4,150,M9 20 mM glucose pH 7.4,
314,C3,1,7,ygaZ,C,P4,150,M9 20 mM glucose pH 7.4,
315,C4,1,7,yeaS,A,P4,150,M9 20 mM glucose pH 7.4,
316,C5,1,7,yeaS,B,P4,150,M9 20 mM glucose pH 7.4,
317,C6,1,7,yeaS,C,P4,150,M9 20 mM glucose pH 7.4,
318,C7,1,7,punC,A,P4,150,M9 20 mM glucose pH 7.4,
319,C8,1,7,punC,B,P4,150,M9 20 mM glucose pH 7.4,
320,C9,1,7,punC,C,P4,150,M9 20 mM glucose pH 7.4,
321,C10,1,7,rhtA,A,P4,150,M9 20 mM glucose pH 7.4,
322,C11,1,7,rhtA,B,P4,150,M9 20 mM glucose pH 7.4,
323,C12,1,7,rhtA,C,P4,150,M9 20 mM glucose pH 7.4,
324,D1,1,7,mscS,A,P4,150,M9 20 mM glucose pH 7.4,
325,D2,1,7,mscS,B,P4,150,M9 20 mM glucose pH 7.4,
326,D3,1,7,mscS,C,P4,150,M9 20 mM glucose pH 7.4,
327,D4,1,7,sstT,A,P4,150,M9 20 mM glucose pH 7.4,
328,D5,1,7,sstT,B,P4,150,M9 20 mM glucose pH 7.4,
329,D6,1,7,sstT,C,P4,150,M9 20 mM glucose pH 7.4,
330,D7,1,7,WT,A,P4,150,M9 20 mM glucose pH 7.4,
331,D8,1,7,WT,B,P4,150,M9 20 mM glucose pH 7.4,
332,D9,1,7,WT,C,P4,150,M9 20 mM glucose pH 7.4,
333,D10,1,7,WT,D,P4,150,M9 20 mM glucose pH 7.4,
334,D11,1,7,WT,E,P4,150,M9 20 mM glucose pH 7.4,
335,D12,1,7,WT,F,P4,150,M9 20 mM glucose pH 7.4,
336,E1,1,8,tsx,A,P4,150,M9 20 mM glucose pH 7.4,
337,E2,1,8,tsx,B,P4,150,M9 20 mM glucose pH 7.4,
338,E3,1,8,tsx,C,P4,150,M9 20 mM glucose pH 7.4,
339,E4,1,8,oppA,A,P4,150,M9 20 mM glucose pH 7.4,
340,E5,1,8,oppA,B,P4,150,M9 20 mM glucose pH 7.4,
341,E6,1,8,oppA,C,P4,150,M9 20 mM glucose pH 7.4,
342,E7,1,8,ompC,A,P4,150,M9 20 mM glucose pH 7.4,
343,E8,1,8,ompC,B,P4,150,M9 20 mM glucose pH 7.4,
344,E9,1,8,ompC,C,P4,150,M9 20 mM glucose pH 7.4,
345,E10,1,8,ompF,A,P4,150,M9 20 mM glucose pH 7.4,
346,E11,1,8,ompF,B,P4,150,M9 20 mM glucose pH 7.4,
347,E12,1,8,ompF,C,P4,150,M9 20 mM glucose pH 7.4,
348,F1,1,8,yddG,A,P4,150,M9 20 mM glucose pH 7.4,
349,F2,1,8,yddG,B,P4,150,M9 20 mM glucose pH 7.4,
350,F3,1,8,yddG,C,P4,150,M9 20 mM glucose pH 7.4,
351,F4,1,8,ybjE,A,P4,150,M9 20 mM glucose pH 7.4,
352,F5,1,8,ybjE,B,P4,150,M9 20 mM glucose pH 7.4,
353,F6,1,8,ybjE,C,P4,150,M9 20 mM glucose pH 7.4,
354,F7,1,8,satP,A,P4,150,M9 20 mM glucose pH 7.4,
355,F8,1,8,satP,B,P4,150,M9 20 mM glucose pH 7.4,
356,F9,1,8,satP,C,P4,150,M9 20 mM glucose pH 7.4,
357,F10,1,8,yedA,A,P4,150,M9 20 mM glucose pH 7.4,
358,F11,1,8,yedA,B,P4,150,M9 20 mM glucose pH 7.4,
359,F12,1,8,yedA,C,P4,150,M9 20 mM glucose pH 7.4,
360,G1,1,8,ygaZ,A,P4,150,M9 20 mM glucose pH 7.4,
361,G2,1,8,ygaZ,B,P4,150,M9 20 mM glucose pH 7.4,
362,G3,1,8,ygaZ,C,P4,150,M9 20 mM glucose pH 7.4,
363,G4,1,8,yeaS,A,P4,150,M9 20 mM glucose pH 7.4,
364,G5,1,8,sstT,B,P4,150,M9 20 mM glucose pH 7.4,
365,G6,1,8,yeaS,C,P4,150,M9 20 mM glucose pH 7.4,
366,G7,1,8,punC,A,P4,150,M9 20 mM glucose pH 7.4,
367,G8,1,8,punC,B,P4,150,M9 20 mM glucose pH 7.4,
368,G9,1,8,punC,C,P4,150,M9 20 mM glucose pH 7.4,
369,G10,1,8,rhtA,A,P4,150,M9 20 mM glucose pH 7.4,
370,G11,1,8,rhtA,B,P4,150,M9 20 mM glucose pH 7.4,
371,G12,1,8,rhtA,C,P4,150,M9 20 mM glucose pH 7.4,
372,H1,1,8,mscS,A,P4,150,M9 20 mM glucose pH 7.4,
373,H2,1,8,mscS,B,P4,150,M9 20 mM glucose pH 7.4,
374,H3,1,8,mscS,C,P4,150,M9 20 mM glucose pH 7.4,
375,H4,1,8,sstT,A,P4,150,M9 20 mM glucose pH 7.4,
376,H5,1,8,yeaS,B,P4,150,M9 20 mM glucose pH 7.4,
377,H6,1,8,sstT,C,P4,150,M9 20 mM glucose pH 7.4,
378,H7,1,8,WT,A,P4,150,M9 20 mM glucose pH 7.4,
379,H8,1,8,WT,B,P4,150,M9 20 mM glucose pH 7.4,
380,H9,1,8,WT,C,P4,150,M9 20 mM glucose pH 7.4,
381,H10,1,8,WT,D,P4,150,M9 20 mM glucose pH 7.4,
382,H11,1,8,WT,E,P4,150,M9 20 mM glucose pH 7.4,
383,H12,1,8,WT,F,P4,150,M9 20 mM glucose pH 7.4,
384,A1,1,9,tsx,A,P5,150,M9 20 mM glucose pH 7.4,
385,A2,1,9,tsx,B,P5,150,M9 20 mM glucose pH 7.4,
386,A3,1,9,tsx,C,P5,150,M9 20 mM glucose pH 7.4,
387,A4,1,9,oppA,A,P5,150,M9 20 mM glucose pH 7.4,
388,A5,1,9,oppA,B,P5,150,M9 20 mM glucose pH 7.4,
389,A6,1,9,oppA,C,P5,150,M9 20 mM glucose pH 7.4,
390,A7,1,9,ompC,A,P5,150,M9 20 mM glucose pH 7.4,
391,A8,1,9,ompC,B,P5,150,M9 20 mM glucose pH 7.4,
392,A9,1,9,ompC,C,P5,150,M9 20 mM glucose pH 7.4,
393,A10,1,9,ompF,A,P5,150,M9 20 mM glucose pH 7.4,
394,A11,1,9,ompF,B,P5,150,M9 20 mM glucose pH 7.4,
395,A12,1,9,ompF,C,P5,150,M9 20 mM glucose pH 7.4,
396,B1,1,9,yddG,A,P5,150,M9 20 mM glucose pH 7.4,
397,B2,1,9,yddG,B,P5,150,M9 20 mM glucose pH 7.4,
398,B3,1,9,yddG,C,P5,150,M9 20 mM glucose pH 7.4,
399,B4,1,9,ybjE,A,P5,150,M9 20 mM glucose pH 7.4,
400,B5,1,9,ybjE,B,P5,150,M9 20 mM glucose pH 7.4,
401,B6,1,9,ybjE,C,P5,150,M9 20 mM glucose pH 7.4,
402,B7,1,9,satP,A,P5,150,M9 20 mM glucose pH 7.4,
403,B8,1,9,satP,B,P5,150,M9 20 mM glucose pH 7.4,
404,B9,1,9,satP,C,P5,150,M9 20 mM glucose pH 7.4,
405,B10,1,9,yedA,A,P5,150,M9 20 mM glucose pH 7.4,
406,B11,1,9,yedA,B,P5,150,M9 20 mM glucose pH 7.4,
407,B12,1,9,yedA,C,P5,150,M9 20 mM glucose pH 7.4,
408,C1,1,9,ygaZ,A,P5,150,M9 20 mM glucose pH 7.4,
409,C2,1,9,ygaZ,B,P5,150,M9 20 mM glucose pH 7.4,
410,C3,1,9,ygaZ,C,P5,150,M9 20 mM glucose pH 7.4,
411,C4,1,9,yeaS,A,P5,150,M9 20 mM glucose pH 7.4,
412,C5,1,9,yeaS,B,P5,150,M9 20 mM glucose pH 7.4,
413,C6,1,9,yeaS,C,P5,150,M9 20 mM glucose pH 7.4,
414,C7,1,9,punC,A,P5,150,M9 20 mM glucose pH 7.4,
415,C8,1,9,punC,B,P5,150,M9 20 mM glucose pH 7.4,
416,C9,1,9,punC,C,P5,150,M9 20 mM glucose pH 7.4,
417,C10,1,9,rhtA,A,P5,150,M9 20 mM glucose pH 7.4,
418,C11,1,9,rhtA,B,P5,150,M9 20 mM glucose pH 7.4,
419,C12,1,9,rhtA,C,P5,150,M9 20 mM glucose pH 7.4,
420,D1,1,9,mscS,A,P5,150,M9 20 mM glucose pH 7.4,
421,D2,1,9,mscS,B,P5,150,M9 20 mM glucose pH 7.4,
422,D3,1,9,mscS,C,P5,150,M9 20 mM glucose pH 7.4,
423,D4,1,9,sstT,A,P5,150,M9 20 mM glucose pH 7.4,
424,D5,1,9,sstT,B,P5,150,M9 20 mM glucose pH 7.4,
425,D6,1,9,sstT,C,P5,150,M9 20 mM glucose pH 7.4,
426,D7,1,9,WT,A,P5,150,M9 20 mM glucose pH 7.4,
427,D8,1,9,WT,B,P5,150,M9 20 mM glucose pH 7.4,
428,D9,1,9,WT,C,P5,150,M9 20 mM glucose pH 7.4,
429,D10,1,9,WT,D,P5,150,M9 20 mM glucose pH 7.4,
430,D11,1,9,WT,E,P5,150,M9 20 mM glucose pH 7.4,
431,D12,1,9,WT,F,P5,150,M9 20 mM glucose pH 7.4,
432,E1,1,10,tsx,A,P5,150,M9 20 mM glucose pH 7.4,
433,E2,1,10,tsx,B,P5,150,M9 20 mM glucose pH 7.4,
434,E3,1,10,tsx,C,P5,150,M9 20 mM glucose pH 7.4,
435,E4,1,10,oppA,A,P5,150,M9 20 mM glucose pH 7.4,
436,E5,1,10,oppA,B,P5,150,M9 20 mM glucose pH 7.4,
437,E6,1,10,oppA,C,P5,150,M9 20 mM glucose pH 7.4,
438,E7,1,10,ompC,A,P5,150,M9 20 mM glucose pH 7.4,
439,E8,1,10,ompC,B,P5,150,M9 20 mM glucose pH 7.4,
440,E9,1,10,ompC,C,P5,150,M9 20 mM glucose pH 7.4,
441,E10,1,10,ompF,A,P5,150,M9 20 mM glucose pH 7.4,
442,E11,1,10,ompF,B,P5,150,M9 20 mM glucose pH 7.4,
443,E12,1,10,ompF,C,P5,150,M9 20 mM glucose pH 7.4,
444,F1,1,10,yddG,A,P5,150,M9 20 mM glucose pH 7.4,
445,F2,1,10,yddG,B,P5,150,M9 20 mM glucose pH 7.4,
446,F3,1,10,yddG,C,P5,150,M9 20 mM glucose pH 7.4,
447,F4,1,10,ybjE,A,P5,150,M9 20 mM glucose pH 7.4,
448,F5,1,10,ybjE,B,P5,150,M9 20 mM glucose pH 7.4,
449,F6,1,10,ybjE,C,P5,150,M9 20 mM glucose pH 7.4,
450,F7,1,10,satP,A,P5,150,M9 20 mM glucose pH 7.4,
451,F8,1,10,satP,B,P5,150,M9 20 mM glucose pH 7.4,
452,F9,1,10,satP,C,P5,150,M9 20 mM glucose pH 7.4,
453,F10,1,10,yedA,A,P5,150,M9 20 mM glucose pH 7.4,
454,F11,1,10,yedA,B,P5,150,M9 20 mM glucose pH 7.4,
455,F12,1,10,yedA,C,P5,150,M9 20 mM glucose pH 7.4,
456,G1,1,10,ygaZ,A,P5,150,M9 20 mM glucose pH 7.4,
457,G2,1,10,ygaZ,B,P5,150,M9 20 mM glucose pH 7.4,
458,G3,1,10,ygaZ,C,P5,150,M9 20 mM glucose pH 7.4,
459,G4,1,10,yeaS,A,P5,150,M9 20 mM glucose pH 7.4,
460,G5,1,10,sstT,B,P5,150,M9 20 mM glucose pH 7.4,
461,G6,1,10,yeaS,C,P5,150,M9 20 mM glucose pH 7.4,
462,G7,1,10,punC,A,P5,150,M9 20 mM glucose pH 7.4,
463,G8,1,10,punC,B,P5,150,M9 20 mM glucose pH 7.4,
464,G9,1,10,punC,C,P5,150,M9 20 mM glucose pH 7.4,
465,G10,1,10,rhtA,A,P5,150,M9 20 mM glucose pH 7.4,
466,G11,1,10,rhtA,B,P5,150,M9 20 mM glucose pH 7.4,
467,G12,1,10,rhtA,C,P5,150,M9 20 mM glucose pH 7.4,
468,H1,1,10,mscS,A,P5,150,M9 20 mM glucose pH 7.4,
469,H2,1,10,mscS,B,P5,150,M9 20 mM glucose pH 7.4,
470,H3,1,10,mscS,C,P5,150,M9 20 mM glucose pH 7.4,
471,H4,1,10,sstT,A,P5,150,M9 20 mM glucose pH 7.4,
472,H5,1,10,yeaS,B,P5,150,M9 20 mM glucose pH 7.4,
473,H6,1,10,sstT,C,P5,150,M9 20 mM glucose pH 7.4,
474,H7,1,10,WT,A,P5,150,M9 20 mM glucose pH 7.4,
475,H8,1,10,WT,B,P5,150,M9 20 mM glucose pH 7.4,
476,H9,1,10,WT,C,P5,150,M9 20 mM glucose pH 7.4,
477,H10,1,10,WT,D,P5,150,M9 20 mM glucose pH 7.4,
478,H11,1,10,WT,E,P5,150,M9 20 mM glucose pH 7.4,
479,H12,1,10,WT,F,P5,150,M9 20 mM glucose pH 7.4,
480,A1,2,1,argO,A,P6,150,M9 20 mM glucose pH 7.4,Pipetted another sample on top of filter after centrifugation so the filter sample should be discarded
481,A2,2,1,argO,B,P6,150,M9 20 mM glucose pH 7.4,
482,A3,2,1,argO,C,P6,150,M9 20 mM glucose pH 7.4,
483,A4,2,1,yhjE,A,P6,150,M9 20 mM glucose pH 7.4,
484,A5,2,1,yhjE,B,P6,150,M9 20 mM glucose pH 7.4,
485,A6,2,1,yhjE,C,P6,150,M9 20 mM glucose pH 7.4,
486,A7,2,1,adeP,A,P6,150,M9 20 mM glucose pH 7.4,
487,A8,2,1,adeP,B,P6,150,M9 20 mM glucose pH 7.4,
488,A9,2,1,adeP,C,P6,150,M9 20 mM glucose pH 7.4,
489,A10,2,1,actP,A,P6,150,M9 20 mM glucose pH 7.4,
490,A11,2,1,actP,B,P6,150,M9 20 mM glucose pH 7.4,
491,A12,2,1,actP,C,P6,150,M9 20 mM glucose pH 7.4,
492,B1,2,1,codB,A,P6,150,M9 20 mM glucose pH 7.4,
493,B2,2,1,codB,B,P6,150,M9 20 mM glucose pH 7.4,
494,B3,2,1,codB,C,P6,150,M9 20 mM glucose pH 7.4,
495,B4,2,1,aroP,A,P6,150,M9 20 mM glucose pH 7.4,
496,B5,2,1,aroP,B,P6,150,M9 20 mM glucose pH 7.4,
497,B6,2,1,aroP,C,P6,150,M9 20 mM glucose pH 7.4,
498,B7,2,1,brnQ,A,P6,150,M9 20 mM glucose pH 7.4,
499,B8,2,1,brnQ,B,P6,150,M9 20 mM glucose pH 7.4,
500,B9,2,1,brnQ,C,P6,150,M9 20 mM glucose pH 7.4,
501,B10,2,1,WT,A,P6,150,M9 20 mM glucose pH 7.4,
502,B11,2,1,WT,B,P6,150,M9 20 mM glucose pH 7.4,
503,B12,2,1,WT,C,P6,150,M9 20 mM glucose pH 7.4,
504,C1,2,1,setA,A,P6,150,M9 20 mM glucose pH 7.4,
505,C2,2,1,setA,B,P6,150,M9 20 mM glucose pH 7.4,
506,C3,2,1,setA,C,P6,150,M9 20 mM glucose pH 7.4,
507,C4,2,1,acrB,A,P6,150,M9 20 mM glucose pH 7.4,
508,C5,2,1,acrB,B,P6,150,M9 20 mM glucose pH 7.4,
509,C6,2,1,acrB,C,P6,150,M9 20 mM glucose pH 7.4,
510,C7,2,1,nagE,A,P6,150,M9 20 mM glucose pH 7.4,
511,C8,2,1,nagE,B,P6,150,M9 20 mM glucose pH 7.4,
512,C9,2,1,nagE,C,P6,150,M9 20 mM glucose pH 7.4,
513,C10,2,1,gltJ,A,P6,150,M9 20 mM glucose pH 7.4,
514,C11,2,1,gltJ,B,P6,150,M9 20 mM glucose pH 7.4,
515,C12,2,1,gltJ,C,P6,150,M9 20 mM glucose pH 7.4,
516,D1,2,1,ptsG,A,P6,150,M9 20 mM glucose pH 7.4,
517,D2,2,1,ptsG,B,P6,150,M9 20 mM glucose pH 7.4,
518,D3,2,1,ptsG,C,P6,150,M9 20 mM glucose pH 7.4,
519,D4,2,1,lysP,A,P6,150,M9 20 mM glucose pH 7.4,
520,D5,2,1,lysP,B,P6,150,M9 20 mM glucose pH 7.4,
521,D6,2,1,lysP,C,P6,150,M9 20 mM glucose pH 7.4,
522,D7,2,1,putP,A,P6,150,M9 20 mM glucose pH 7.4,
523,D8,2,1,putP,B,P6,150,M9 20 mM glucose pH 7.4,
524,D9,2,1,putP,C,P6,150,M9 20 mM glucose pH 7.4,
525,D10,2,1,WT,D,P6,150,M9 20 mM glucose pH 7.4,
526,D11,2,1,WT,E,P6,150,M9 20 mM glucose pH 7.4,
527,D12,2,1,WT,F,P6,150,M9 20 mM glucose pH 7.4,
528,E1,2,2,argO,A,P6,150,M9 20 mM glucose pH 7.4,
529,E2,2,2,argO,B,P6,150,M9 20 mM glucose pH 7.4,
530,E3,2,2,argO,C,P6,150,M9 20 mM glucose pH 7.4,
531,E4,2,2,yhjE,A,P6,150,M9 20 mM glucose pH 7.4,
532,E5,2,2,yhjE,B,P6,150,M9 20 mM glucose pH 7.4,
533,E6,2,2,yhjE,C,P6,150,M9 20 mM glucose pH 7.4,
534,E7,2,2,adeP,A,P6,150,M9 20 mM glucose pH 7.4,
535,E8,2,2,adeP,B,P6,150,M9 20 mM glucose pH 7.4,
536,E9,2,2,adeP,C,P6,150,M9 20 mM glucose pH 7.4,
537,E10,2,2,actP,A,P6,150,M9 20 mM glucose pH 7.4,
538,E11,2,2,actP,B,P6,150,M9 20 mM glucose pH 7.4,
539,E12,2,2,actP,C,P6,150,M9 20 mM glucose pH 7.4,
540,F1,2,2,codB,A,P6,150,M9 20 mM glucose pH 7.4,
541,F2,2,2,codB,B,P6,150,M9 20 mM glucose pH 7.4,
542,F3,2,2,codB,C,P6,150,M9 20 mM glucose pH 7.4,
543,F4,2,2,aroP,A,P6,150,M9 20 mM glucose pH 7.4,
544,F5,2,2,aroP,B,P6,150,M9 20 mM glucose pH 7.4,
545,F6,2,2,aroP,C,P6,150,M9 20 mM glucose pH 7.4,
546,F7,2,2,brnQ,A,P6,150,M9 20 mM glucose pH 7.4,
547,F8,2,2,brnQ,B,P6,150,M9 20 mM glucose pH 7.4,
548,F9,2,2,brnQ,C,P6,150,M9 20 mM glucose pH 7.4,
549,F10,2,2,WT,A,P6,150,M9 20 mM glucose pH 7.4,
550,F11,2,2,WT,B,P6,150,M9 20 mM glucose pH 7.4,
551,F12,2,2,WT,C,P6,150,M9 20 mM glucose pH 7.4,
552,G1,2,2,setA,A,P6,150,M9 20 mM glucose pH 7.4,
553,G2,2,2,setA,B,P6,150,M9 20 mM glucose pH 7.4,
554,G3,2,2,setA,C,P6,150,M9 20 mM glucose pH 7.4,
555,G4,2,2,acrB,A,P6,150,M9 20 mM glucose pH 7.4,
556,G5,2,2,acrB,B,P6,150,M9 20 mM glucose pH 7.4,
557,G6,2,2,acrB,C,P6,150,M9 20 mM glucose pH 7.4,
558,G7,2,2,nagE,A,P6,150,M9 20 mM glucose pH 7.4,
559,G8,2,2,nagE,B,P6,150,M9 20 mM glucose pH 7.4,
560,G9,2,2,nagE,C,P6,150,M9 20 mM glucose pH 7.4,
561,G10,2,2,gltJ,A,P6,150,M9 20 mM glucose pH 7.4,
562,G11,2,2,gltJ,B,P6,150,M9 20 mM glucose pH 7.4,
563,G12,2,2,gltJ,C,P6,150,M9 20 mM glucose pH 7.4,
564,H1,2,2,ptsG,A,P6,150,M9 20 mM glucose pH 7.4,
565,H2,2,2,ptsG,B,P6,150,M9 20 mM glucose pH 7.4,
566,H3,2,2,ptsG,C,P6,150,M9 20 mM glucose pH 7.4,
567,H4,2,2,lysP,A,P6,150,M9 20 mM glucose pH 7.4,
568,H5,2,2,lysP,B,P6,150,M9 20 mM glucose pH 7.4,
569,H6,2,2,lysP,C,P6,150,M9 20 mM glucose pH 7.4,
570,H7,2,2,putP,A,P6,150,M9 20 mM glucose pH 7.4,
571,H8,2,2,putP,B,P6,150,M9 20 mM glucose pH 7.4,
572,H9,2,2,putP,C,P6,150,M9 20 mM glucose pH 7.4,
573,H10,2,2,WT,D,P6,150,M9 20 mM glucose pH 7.4,
574,H11,2,2,WT,E,P6,150,M9 20 mM glucose pH 7.4,
575,H12,2,2,WT,F,P6,150,M9 20 mM glucose pH 7.4,
576,A1,2,3,argO,A,P6,150,M9 20 mM glucose pH 7.4,
577,A2,2,3,argO,B,P7,150,M9 20 mM glucose pH 7.4,
578,A3,2,3,argO,C,P7,150,M9 20 mM glucose pH 7.4,
579,A4,2,3,yhjE,A,P7,150,M9 20 mM glucose pH 7.4,
580,A5,2,3,yhjE,B,P7,150,M9 20 mM glucose pH 7.4,
581,A6,2,3,yhjE,C,P7,150,M9 20 mM glucose pH 7.4,
582,A7,2,3,adeP,A,P7,150,M9 20 mM glucose pH 7.4,
583,A8,2,3,adeP,B,P7,150,M9 20 mM glucose pH 7.4,
584,A9,2,3,adeP,C,P7,150,M9 20 mM glucose pH 7.4,
585,A10,2,3,actP,A,P7,150,M9 20 mM glucose pH 7.4,
586,A11,2,3,actP,B,P7,150,M9 20 mM glucose pH 7.4,
587,A12,2,3,actP,C,P7,150,M9 20 mM glucose pH 7.4,
588,B1,2,3,codB,A,P7,150,M9 20 mM glucose pH 7.4,
589,B2,2,3,codB,B,P7,150,M9 20 mM glucose pH 7.4,
590,B3,2,3,codB,C,P7,150,M9 20 mM glucose pH 7.4,
591,B4,2,3,aroP,A,P7,150,M9 20 mM glucose pH 7.4,
592,B5,2,3,aroP,B,P7,150,M9 20 mM glucose pH 7.4,
593,B6,2,3,aroP,C,P7,150,M9 20 mM glucose pH 7.4,
594,B7,2,3,brnQ,A,P7,150,M9 20 mM glucose pH 7.4,
595,B8,2,3,brnQ,B,P7,150,M9 20 mM glucose pH 7.4,
596,B9,2,3,brnQ,C,P7,150,M9 20 mM glucose pH 7.4,
597,B10,2,3,WT,A,P7,150,M9 20 mM glucose pH 7.4,
598,B11,2,3,WT,B,P7,150,M9 20 mM glucose pH 7.4,
599,B12,2,3,WT,C,P7,150,M9 20 mM glucose pH 7.4,
600,C1,2,3,setA,A,P7,150,M9 20 mM glucose pH 7.4,
601,C2,2,3,setA,B,P7,150,M9 20 mM glucose pH 7.4,
602,C3,2,3,setA,C,P7,150,M9 20 mM glucose pH 7.4,
603,C4,2,3,acrB,A,P7,150,M9 20 mM glucose pH 7.4,
604,C5,2,3,acrB,B,P7,150,M9 20 mM glucose pH 7.4,
605,C6,2,3,acrB,C,P7,150,M9 20 mM glucose pH 7.4,
606,C7,2,3,nagE,A,P7,150,M9 20 mM glucose pH 7.4,
607,C8,2,3,nagE,B,P7,150,M9 20 mM glucose pH 7.4,
608,C9,2,3,nagE,C,P7,150,M9 20 mM glucose pH 7.4,
609,C10,2,3,gltJ,A,P7,150,M9 20 mM glucose pH 7.4,
610,C11,2,3,gltJ,B,P7,150,M9 20 mM glucose pH 7.4,
611,C12,2,3,gltJ,C,P7,150,M9 20 mM glucose pH 7.4,
612,D1,2,3,ptsG,A,P7,150,M9 20 mM glucose pH 7.4,
613,D2,2,3,ptsG,B,P7,150,M9 20 mM glucose pH 7.4,
614,D3,2,3,ptsG,C,P7,150,M9 20 mM glucose pH 7.4,
615,D4,2,3,lysP,A,P7,150,M9 20 mM glucose pH 7.4,
616,D5,2,3,lysP,B,P7,150,M9 20 mM glucose pH 7.4,
617,D6,2,3,lysP,C,P7,150,M9 20 mM glucose pH 7.4,
618,D7,2,3,putP,A,P7,150,M9 20 mM glucose pH 7.4,
619,D8,2,3,putP,B,P7,150,M9 20 mM glucose pH 7.4,
620,D9,2,3,putP,C,P7,150,M9 20 mM glucose pH 7.4,
621,D10,2,3,WT,D,P7,150,M9 20 mM glucose pH 7.4,
622,D11,2,3,WT,E,P7,150,M9 20 mM glucose pH 7.4,
623,D12,2,3,WT,F,P7,150,M9 20 mM glucose pH 7.4,
624,E1,2,4,argO,A,P7,150,M9 20 mM glucose pH 7.4,
625,E2,2,4,argO,B,P7,150,M9 20 mM glucose pH 7.4,
626,E3,2,4,argO,C,P7,150,M9 20 mM glucose pH 7.4,
627,E4,2,4,yhjE,A,P7,150,M9 20 mM glucose pH 7.4,
628,E5,2,4,yhjE,B,P7,150,M9 20 mM glucose pH 7.4,
629,E6,2,4,yhjE,C,P7,150,M9 20 mM glucose pH 7.4,
630,E7,2,4,adeP,A,P7,150,M9 20 mM glucose pH 7.4,
631,E8,2,4,adeP,B,P7,150,M9 20 mM glucose pH 7.4,
632,E9,2,4,adeP,C,P7,150,M9 20 mM glucose pH 7.4,
633,E10,2,4,actP,A,P7,150,M9 20 mM glucose pH 7.4,
634,E11,2,4,actP,B,P7,150,M9 20 mM glucose pH 7.4,
635,E12,2,4,actP,C,P7,150,M9 20 mM glucose pH 7.4,
636,F1,2,4,codB,A,P7,150,M9 20 mM glucose pH 7.4,
637,F2,2,4,codB,B,P7,150,M9 20 mM glucose pH 7.4,
638,F3,2,4,codB,C,P7,150,M9 20 mM glucose pH 7.4,
639,F4,2,4,aroP,A,P7,150,M9 20 mM glucose pH 7.4,
640,F5,2,4,aroP,B,P7,150,M9 20 mM glucose pH 7.4,
641,F6,2,4,aroP,C,P7,150,M9 20 mM glucose pH 7.4,
642,F7,2,4,brnQ,A,P7,150,M9 20 mM glucose pH 7.4,
643,F8,2,4,brnQ,B,P7,150,M9 20 mM glucose pH 7.4,
644,F9,2,4,brnQ,C,P7,150,M9 20 mM glucose pH 7.4,
645,F10,2,4,WT,A,P7,150,M9 20 mM glucose pH 7.4,
646,F11,2,4,WT,B,P7,150,M9 20 mM glucose pH 7.4,
647,F12,2,4,WT,C,P7,150,M9 20 mM glucose pH 7.4,
648,G1,2,4,setA,A,P7,150,M9 20 mM glucose pH 7.4,
649,G2,2,4,setA,B,P7,150,M9 20 mM glucose pH 7.4,
650,G3,2,4,setA,C,P7,150,M9 20 mM glucose pH 7.4,
651,G4,2,4,acrB,A,P7,150,M9 20 mM glucose pH 7.4,
652,G5,2,4,acrB,B,P7,150,M9 20 mM glucose pH 7.4,
653,G6,2,4,acrB,C,P7,150,M9 20 mM glucose pH 7.4,
654,G7,2,4,nagE,A,P7,150,M9 20 mM glucose pH 7.4,
655,G8,2,4,nagE,B,P7,150,M9 20 mM glucose pH 7.4,
656,G9,2,4,nagE,C,P7,150,M9 20 mM glucose pH 7.4,
657,G10,2,4,gltJ,A,P7,150,M9 20 mM glucose pH 7.4,
658,G11,2,4,gltJ,B,P7,150,M9 20 mM glucose pH 7.4,
659,G12,2,4,gltJ,C,P7,150,M9 20 mM glucose pH 7.4,
660,H1,2,4,ptsG,A,P7,150,M9 20 mM glucose pH 7.4,
661,H2,2,4,ptsG,B,P7,150,M9 20 mM glucose pH 7.4,
662,H3,2,4,ptsG,C,P7,150,M9 20 mM glucose pH 7.4,
663,H4,2,4,lysP,A,P7,150,M9 20 mM glucose pH 7.4,
664,H5,2,4,lysP,B,P7,150,M9 20 mM glucose pH 7.4,
665,H6,2,4,lysP,C,P7,150,M9 20 mM glucose pH 7.4,
666,H7,2,4,putP,A,P7,150,M9 20 mM glucose pH 7.4,
667,H8,2,4,putP,B,P7,150,M9 20 mM glucose pH 7.4,
668,H9,2,4,putP,C,P7,150,M9 20 mM glucose pH 7.4,
669,H10,2,4,WT,D,P7,150,M9 20 mM glucose pH 7.4,
670,H11,2,4,WT,E,P7,150,M9 20 mM glucose pH 7.4,
671,H12,2,4,WT,F,P7,150,M9 20 mM glucose pH 7.4,
672,A1,2,5,argO,A,P7,150,M9 20 mM glucose pH 7.4,
673,A2,2,5,argO,B,P8,150,M9 20 mM glucose pH 7.4,
674,A3,2,5,argO,C,P8,150,M9 20 mM glucose pH 7.4,
675,A4,2,5,yhjE,A,P8,150,M9 20 mM glucose pH 7.4,
676,A5,2,5,yhjE,B,P8,150,M9 20 mM glucose pH 7.4,
677,A6,2,5,yhjE,C,P8,150,M9 20 mM glucose pH 7.4,
678,A7,2,5,adeP,A,P8,150,M9 20 mM glucose pH 7.4,
679,A8,2,5,adeP,B,P8,150,M9 20 mM glucose pH 7.4,
680,A9,2,5,adeP,C,P8,150,M9 20 mM glucose pH 7.4,
681,A10,2,5,actP,A,P8,150,M9 20 mM glucose pH 7.4,
682,A11,2,5,actP,B,P8,150,M9 20 mM glucose pH 7.4,
683,A12,2,5,actP,C,P8,150,M9 20 mM glucose pH 7.4,
684,B1,2,5,codB,A,P8,150,M9 20 mM glucose pH 7.4,
685,B2,2,5,codB,B,P8,150,M9 20 mM glucose pH 7.4,
686,B3,2,5,codB,C,P8,150,M9 20 mM glucose pH 7.4,
687,B4,2,5,aroP,A,P8,150,M9 20 mM glucose pH 7.4,
688,B5,2,5,aroP,B,P8,150,M9 20 mM glucose pH 7.4,
689,B6,2,5,aroP,C,P8,150,M9 20 mM glucose pH 7.4,
690,B7,2,5,brnQ,A,P8,150,M9 20 mM glucose pH 7.4,
691,B8,2,5,brnQ,B,P8,150,M9 20 mM glucose pH 7.4,
692,B9,2,5,brnQ,C,P8,150,M9 20 mM glucose pH 7.4,
693,B10,2,5,WT,A,P8,150,M9 20 mM glucose pH 7.4,
694,B11,2,5,WT,B,P8,150,M9 20 mM glucose pH 7.4,
695,B12,2,5,WT,C,P8,150,M9 20 mM glucose pH 7.4,
696,C1,2,5,setA,A,P8,150,M9 20 mM glucose pH 7.4,
697,C2,2,5,setA,B,P8,150,M9 20 mM glucose pH 7.4,
698,C3,2,5,setA,C,P8,150,M9 20 mM glucose pH 7.4,
699,C4,2,5,acrB,A,P8,150,M9 20 mM glucose pH 7.4,
700,C5,2,5,acrB,B,P8,150,M9 20 mM glucose pH 7.4,
701,C6,2,5,acrB,C,P8,150,M9 20 mM glucose pH 7.4,
702,C7,2,5,nagE,A,P8,150,M9 20 mM glucose pH 7.4,
703,C8,2,5,nagE,B,P8,150,M9 20 mM glucose pH 7.4,
704,C9,2,5,nagE,C,P8,150,M9 20 mM glucose pH 7.4,
705,C10,2,5,gltJ,A,P8,150,M9 20 mM glucose pH 7.4,
706,C11,2,5,gltJ,B,P8,150,M9 20 mM glucose pH 7.4,
707,C12,2,5,gltJ,C,P8,150,M9 20 mM glucose pH 7.4,
708,D1,2,5,ptsG,A,P8,150,M9 20 mM glucose pH 7.4,
709,D2,2,5,ptsG,B,P8,150,M9 20 mM glucose pH 7.4,
710,D3,2,5,ptsG,C,P8,150,M9 20 mM glucose pH 7.4,
711,D4,2,5,lysP,A,P8,150,M9 20 mM glucose pH 7.4,
712,D5,2,5,lysP,B,P8,150,M9 20 mM glucose pH 7.4,
713,D6,2,5,lysP,C,P8,150,M9 20 mM glucose pH 7.4,
714,D7,2,5,putP,A,P8,150,M9 20 mM glucose pH 7.4,
715,D8,2,5,putP,B,P8,150,M9 20 mM glucose pH 7.4,
716,D9,2,5,putP,C,P8,150,M9 20 mM glucose pH 7.4,
717,D10,2,5,WT,D,P8,150,M9 20 mM glucose pH 7.4,
718,D11,2,5,WT,E,P8,150,M9 20 mM glucose pH 7.4,
719,D12,2,5,WT,F,P8,150,M9 20 mM glucose pH 7.4,
720,E1,2,6,argO,A,P8,150,M9 20 mM glucose pH 7.4,
721,E2,2,6,argO,B,P8,150,M9 20 mM glucose pH 7.4,
722,E3,2,6,argO,C,P8,150,M9 20 mM glucose pH 7.4,
723,E4,2,6,yhjE,A,P8,150,M9 20 mM glucose pH 7.4,
724,E5,2,6,yhjE,B,P8,150,M9 20 mM glucose pH 7.4,
725,E6,2,6,yhjE,C,P8,150,M9 20 mM glucose pH 7.4,
726,E7,2,6,adeP,A,P8,150,M9 20 mM glucose pH 7.4,
727,E8,2,6,adeP,B,P8,150,M9 20 mM glucose pH 7.4,
728,E9,2,6,adeP,C,P8,150,M9 20 mM glucose pH 7.4,
729,E10,2,6,actP,A,P8,150,M9 20 mM glucose pH 7.4,
730,E11,2,6,actP,B,P8,150,M9 20 mM glucose pH 7.4,
731,E12,2,6,actP,C,P8,150,M9 20 mM glucose pH 7.4,
732,F1,2,6,codB,A,P8,150,M9 20 mM glucose pH 7.4,
733,F2,2,6,codB,B,P8,150,M9 20 mM glucose pH 7.4,
734,F3,2,6,codB,C,P8,150,M9 20 mM glucose pH 7.4,
735,F4,2,6,aroP,A,P8,150,M9 20 mM glucose pH 7.4,
736,F5,2,6,aroP,B,P8,150,M9 20 mM glucose pH 7.4,
737,F6,2,6,aroP,C,P8,150,M9 20 mM glucose pH 7.4,
738,F7,2,6,brnQ,A,P8,150,M9 20 mM glucose pH 7.4,
739,F8,2,6,brnQ,B,P8,150,M9 20 mM glucose pH 7.4,
740,F9,2,6,brnQ,C,P8,150,M9 20 mM glucose pH 7.4,
741,F10,2,6,WT,A,P8,150,M9 20 mM glucose pH 7.4,
742,F11,2,6,WT,B,P8,150,M9 20 mM glucose pH 7.4,
743,F12,2,6,WT,C,P8,150,M9 20 mM glucose pH 7.4,
744,G1,2,6,setA,A,P8,150,M9 20 mM glucose pH 7.4,
745,G2,2,6,setA,B,P8,150,M9 20 mM glucose pH 7.4,
746,G3,2,6,setA,C,P8,150,M9 20 mM glucose pH 7.4,
747,G4,2,6,acrB,A,P8,150,M9 20 mM glucose pH 7.4,
748,G5,2,6,acrB,B,P8,150,M9 20 mM glucose pH 7.4,
749,G6,2,6,acrB,C,P8,150,M9 20 mM glucose pH 7.4,
750,G7,2,6,nagE,A,P8,150,M9 20 mM glucose pH 7.4,
751,G8,2,6,nagE,B,P8,150,M9 20 mM glucose pH 7.4,
752,G9,2,6,nagE,C,P8,150,M9 20 mM glucose pH 7.4,
753,G10,2,6,gltJ,A,P8,150,M9 20 mM glucose pH 7.4,
754,G11,2,6,gltJ,B,P8,150,M9 20 mM glucose pH 7.4,
755,G12,2,6,gltJ,C,P8,150,M9 20 mM glucose pH 7.4,
756,H1,2,6,ptsG,A,P8,150,M9 20 mM glucose pH 7.4,
757,H2,2,6,ptsG,B,P8,150,M9 20 mM glucose pH 7.4,
758,H3,2,6,ptsG,C,P8,150,M9 20 mM glucose pH 7.4,
759,H4,2,6,lysP,A,P8,150,M9 20 mM glucose pH 7.4,
760,H5,2,6,lysP,B,P8,150,M9 20 mM glucose pH 7.4,
761,H6,2,6,lysP,C,P8,150,M9 20 mM glucose pH 7.4,
762,H7,2,6,putP,A,P8,150,M9 20 mM glucose pH 7.4,
763,H8,2,6,putP,B,P8,150,M9 20 mM glucose pH 7.4,
764,H9,2,6,putP,C,P8,150,M9 20 mM glucose pH 7.4,
765,H10,2,6,WT,D,P8,150,M9 20 mM glucose pH 7.4,
766,H11,2,6,WT,E,P8,150,M9 20 mM glucose pH 7.4,
767,H12,2,6,WT,F,P8,150,M9 20 mM glucose pH 7.4,
768,A1,2,7,argO,A,P9,150,M9 20 mM glucose pH 7.4,
769,A2,2,7,argO,B,P9,150,M9 20 mM glucose pH 7.4,
770,A3,2,7,argO,C,P9,150,M9 20 mM glucose pH 7.4,
771,A4,2,7,yhjE,A,P9,150,M9 20 mM glucose pH 7.4,
772,A5,2,7,yhjE,B,P9,150,M9 20 mM glucose pH 7.4,
773,A6,2,7,yhjE,C,P9,150,M9 20 mM glucose pH 7.4,
774,A7,2,7,adeP,A,P9,150,M9 20 mM glucose pH 7.4,
775,A8,2,7,adeP,B,P9,150,M9 20 mM glucose pH 7.4,
776,A9,2,7,adeP,C,P9,150,M9 20 mM glucose pH 7.4,
777,A10,2,7,actP,A,P9,150,M9 20 mM glucose pH 7.4,
778,A11,2,7,actP,B,P9,150,M9 20 mM glucose pH 7.4,
779,A12,2,7,actP,C,P9,150,M9 20 mM glucose pH 7.4,
780,B1,2,7,codB,A,P9,150,M9 20 mM glucose pH 7.4,
781,B2,2,7,codB,B,P9,150,M9 20 mM glucose pH 7.4,
782,B3,2,7,codB,C,P9,150,M9 20 mM glucose pH 7.4,
783,B4,2,7,aroP,A,P9,150,M9 20 mM glucose pH 7.4,
784,B5,2,7,aroP,B,P9,150,M9 20 mM glucose pH 7.4,
785,B6,2,7,aroP,C,P9,150,M9 20 mM glucose pH 7.4,
786,B7,2,7,brnQ,A,P9,150,M9 20 mM glucose pH 7.4,
787,B8,2,7,brnQ,B,P9,150,M9 20 mM glucose pH 7.4,
788,B9,2,7,brnQ,C,P9,150,M9 20 mM glucose pH 7.4,
789,B10,2,7,WT,A,P9,150,M9 20 mM glucose pH 7.4,
790,B11,2,7,WT,B,P9,150,M9 20 mM glucose pH 7.4,
791,B12,2,7,WT,C,P9,150,M9 20 mM glucose pH 7.4,
792,C1,2,7,setA,A,P9,150,M9 20 mM glucose pH 7.4,
793,C2,2,7,setA,B,P9,150,M9 20 mM glucose pH 7.4,
794,C3,2,7,setA,C,P9,150,M9 20 mM glucose pH 7.4,
795,C4,2,7,acrB,A,P9,150,M9 20 mM glucose pH 7.4,
796,C5,2,7,acrB,B,P9,150,M9 20 mM glucose pH 7.4,
797,C6,2,7,acrB,C,P9,150,M9 20 mM glucose pH 7.4,
798,C7,2,7,nagE,A,P9,150,M9 20 mM glucose pH 7.4,
799,C8,2,7,nagE,B,P9,150,M9 20 mM glucose pH 7.4,
800,C9,2,7,nagE,C,P9,150,M9 20 mM glucose pH 7.4,
801,C10,2,7,gltJ,A,P9,150,M9 20 mM glucose pH 7.4,
802,C11,2,7,gltJ,B,P9,150,M9 20 mM glucose pH 7.4,
803,C12,2,7,gltJ,C,P9,150,M9 20 mM glucose pH 7.4,
804,D1,2,7,ptsG,A,P9,150,M9 20 mM glucose pH 7.4,
805,D2,2,7,ptsG,B,P9,150,M9 20 mM glucose pH 7.4,
806,D3,2,7,ptsG,C,P9,150,M9 20 mM glucose pH 7.4,
807,D4,2,7,lysP,A,P9,150,M9 20 mM glucose pH 7.4,
808,D5,2,7,lysP,B,P9,150,M9 20 mM glucose pH 7.4,
809,D6,2,7,lysP,C,P9,150,M9 20 mM glucose pH 7.4,
810,D7,2,7,putP,A,P9,150,M9 20 mM glucose pH 7.4,
811,D8,2,7,putP,B,P9,150,M9 20 mM glucose pH 7.4,
812,D9,2,7,putP,C,P9,150,M9 20 mM glucose pH 7.4,
813,D10,2,7,WT,D,P9,150,M9 20 mM glucose pH 7.4,
814,D11,2,7,WT,E,P9,150,M9 20 mM glucose pH 7.4,
815,D12,2,7,WT,F,P9,150,M9 20 mM glucose pH 7.4,
816,E1,2,8,argO,A,P9,150,M9 20 mM glucose pH 7.4,
817,E2,2,8,argO,B,P9,150,M9 20 mM glucose pH 7.4,
818,E3,2,8,argO,C,P9,150,M9 20 mM glucose pH 7.4,
819,E4,2,8,yhjE,A,P9,150,M9 20 mM glucose pH 7.4,
820,E5,2,8,yhjE,B,P9,150,M9 20 mM glucose pH 7.4,
821,E6,2,8,yhjE,C,P9,150,M9 20 mM glucose pH 7.4,
822,E7,2,8,adeP,A,P9,150,M9 20 mM glucose pH 7.4,
823,E8,2,8,adeP,B,P9,150,M9 20 mM glucose pH 7.4,
824,E9,2,8,adeP,C,P9,150,M9 20 mM glucose pH 7.4,
825,E10,2,8,actP,A,P9,150,M9 20 mM glucose pH 7.4,
826,E11,2,8,actP,B,P9,150,M9 20 mM glucose pH 7.4,
827,E12,2,8,actP,C,P9,150,M9 20 mM glucose pH 7.4,
828,F1,2,8,codB,A,P9,150,M9 20 mM glucose pH 7.4,
829,F2,2,8,codB,B,P9,150,M9 20 mM glucose pH 7.4,
830,F3,2,8,codB,C,P9,150,M9 20 mM glucose pH 7.4,
831,F4,2,8,aroP,A,P9,150,M9 20 mM glucose pH 7.4,
832,F5,2,8,aroP,B,P9,150,M9 20 mM glucose pH 7.4,
833,F6,2,8,aroP,C,P9,150,M9 20 mM glucose pH 7.4,
834,F7,2,8,brnQ,A,P9,150,M9 20 mM glucose pH 7.4,
835,F8,2,8,brnQ,B,P9,150,M9 20 mM glucose pH 7.4,
836,F9,2,8,brnQ,C,P9,150,M9 20 mM glucose pH 7.4,
837,F10,2,8,WT,A,P9,150,M9 20 mM glucose pH 7.4,
838,F11,2,8,WT,B,P9,150,M9 20 mM glucose pH 7.4,
839,F12,2,8,WT,C,P9,150,M9 20 mM glucose pH 7.4,
840,G1,2,8,setA,A,P9,150,M9 20 mM glucose pH 7.4,
841,G2,2,8,setA,B,P9,150,M9 20 mM glucose pH 7.4,
842,G3,2,8,setA,C,P9,150,M9 20 mM glucose pH 7.4,
843,G4,2,8,acrB,A,P9,150,M9 20 mM glucose pH 7.4,
844,G5,2,8,acrB,B,P9,150,M9 20 mM glucose pH 7.4,
845,G6,2,8,acrB,C,P9,150,M9 20 mM glucose pH 7.4,
846,G7,2,8,nagE,A,P9,150,M9 20 mM glucose pH 7.4,
847,G8,2,8,nagE,B,P9,150,M9 20 mM glucose pH 7.4,
848,G9,2,8,nagE,C,P9,150,M9 20 mM glucose pH 7.4,
849,G10,2,8,gltJ,A,P9,150,M9 20 mM glucose pH 7.4,
850,G11,2,8,gltJ,B,P9,150,M9 20 mM glucose pH 7.4,
851,G12,2,8,gltJ,C,P9,150,M9 20 mM glucose pH 7.4,
852,H1,2,8,ptsG,A,P9,150,M9 20 mM glucose pH 7.4,
853,H2,2,8,ptsG,B,P9,150,M9 20 mM glucose pH 7.4,
854,H3,2,8,ptsG,C,P9,150,M9 20 mM glucose pH 7.4,
855,H4,2,8,lysP,A,P9,150,M9 20 mM glucose pH 7.4,
856,H5,2,8,lysP,B,P9,150,M9 20 mM glucose pH 7.4,
857,H6,2,8,lysP,C,P9,150,M9 20 mM glucose pH 7.4,
858,H7,2,8,putP,A,P9,150,M9 20 mM glucose pH 7.4,
859,H8,2,8,putP,B,P9,150,M9 20 mM glucose pH 7.4,
860,H9,2,8,putP,C,P9,150,M9 20 mM glucose pH 7.4,
861,H10,2,8,WT,D,P9,150,M9 20 mM glucose pH 7.4,
862,H11,2,8,WT,E,P9,150,M9 20 mM glucose pH 7.4,
863,H12,2,8,WT,F,P9,150,M9 20 mM glucose pH 7.4,
864,A1,2,9,argO,A,P10,150,M9 20 mM glucose pH 7.4,
865,A2,2,9,argO,B,P10,150,M9 20 mM glucose pH 7.4,
866,A3,2,9,argO,C,P10,150,M9 20 mM glucose pH 7.4,
867,A4,2,9,yhjE,A,P10,150,M9 20 mM glucose pH 7.4,
868,A5,2,9,yhjE,B,P10,150,M9 20 mM glucose pH 7.4,
869,A6,2,9,yhjE,C,P10,150,M9 20 mM glucose pH 7.4,
870,A7,2,9,adeP,A,P10,150,M9 20 mM glucose pH 7.4,
871,A8,2,9,adeP,B,P10,150,M9 20 mM glucose pH 7.4,
872,A9,2,9,adeP,C,P10,150,M9 20 mM glucose pH 7.4,
873,A10,2,9,actP,A,P10,150,M9 20 mM glucose pH 7.4,
874,A11,2,9,actP,B,P10,150,M9 20 mM glucose pH 7.4,
875,A12,2,9,actP,C,P10,150,M9 20 mM glucose pH 7.4,
876,B1,2,9,codB,A,P10,150,M9 20 mM glucose pH 7.4,
877,B2,2,9,codB,B,P10,150,M9 20 mM glucose pH 7.4,
878,B3,2,9,codB,C,P10,150,M9 20 mM glucose pH 7.4,
879,B4,2,9,aroP,A,P10,150,M9 20 mM glucose pH 7.4,
880,B5,2,9,aroP,B,P10,150,M9 20 mM glucose pH 7.4,
881,B6,2,9,aroP,C,P10,150,M9 20 mM glucose pH 7.4,
882,B7,2,9,brnQ,A,P10,150,M9 20 mM glucose pH 7.4,
883,B8,2,9,brnQ,B,P10,150,M9 20 mM glucose pH 7.4,
884,B9,2,9,brnQ,C,P10,150,M9 20 mM glucose pH 7.4,
885,B10,2,9,WT,A,P10,150,M9 20 mM glucose pH 7.4,
886,B11,2,9,WT,B,P10,150,M9 20 mM glucose pH 7.4,
887,B12,2,9,WT,C,P10,150,M9 20 mM glucose pH 7.4,
888,C1,2,9,setA,A,P10,150,M9 20 mM glucose pH 7.4,
889,C2,2,9,setA,B,P10,150,M9 20 mM glucose pH 7.4,
890,C3,2,9,setA,C,P10,150,M9 20 mM glucose pH 7.4,
891,C4,2,9,acrB,A,P10,150,M9 20 mM glucose pH 7.4,
892,C5,2,9,acrB,B,P10,150,M9 20 mM glucose pH 7.4,
893,C6,2,9,acrB,C,P10,150,M9 20 mM glucose pH 7.4,
894,C7,2,9,nagE,A,P10,150,M9 20 mM glucose pH 7.4,
895,C8,2,9,nagE,B,P10,150,M9 20 mM glucose pH 7.4,
896,C9,2,9,nagE,C,P10,150,M9 20 mM glucose pH 7.4,
897,C10,2,9,gltJ,A,P10,150,M9 20 mM glucose pH 7.4,
898,C11,2,9,gltJ,B,P10,150,M9 20 mM glucose pH 7.4,
899,C12,2,9,gltJ,C,P10,150,M9 20 mM glucose pH 7.4,
900,D1,2,9,ptsG,A,P10,150,M9 20 mM glucose pH 7.4,
901,D2,2,9,ptsG,B,P10,150,M9 20 mM glucose pH 7.4,
902,D3,2,9,ptsG,C,P10,150,M9 20 mM glucose pH 7.4,
903,D4,2,9,lysP,A,P10,150,M9 20 mM glucose pH 7.4,
904,D5,2,9,lysP,B,P10,150,M9 20 mM glucose pH 7.4,
905,D6,2,9,lysP,C,P10,150,M9 20 mM glucose pH 7.4,
906,D7,2,9,putP,A,P10,150,M9 20 mM glucose pH 7.4,
907,D8,2,9,putP,B,P10,150,M9 20 mM glucose pH 7.4,
908,D9,2,9,putP,C,P10,150,M9 20 mM glucose pH 7.4,
909,D10,2,9,WT,D,P10,150,M9 20 mM glucose pH 7.4,
910,D11,2,9,WT,E,P10,150,M9 20 mM glucose pH 7.4,
911,D12,2,9,WT,F,P10,150,M9 20 mM glucose pH 7.4,
912,E1,2,10,argO,A,P10,150,M9 20 mM glucose pH 7.4,
913,E2,2,10,argO,B,P10,150,M9 20 mM glucose pH 7.4,
914,E3,2,10,argO,C,P10,150,M9 20 mM glucose pH 7.4,
915,E4,2,10,yhjE,A,P10,150,M9 20 mM glucose pH 7.4,
916,E5,2,10,yhjE,B,P10,150,M9 20 mM glucose pH 7.4,
917,E6,2,10,yhjE,C,P10,150,M9 20 mM glucose pH 7.4,
918,E7,2,10,adeP,A,P10,150,M9 20 mM glucose pH 7.4,
919,E8,2,10,adeP,B,P10,150,M9 20 mM glucose pH 7.4,
920,E9,2,10,adeP,C,P10,150,M9 20 mM glucose pH 7.4,
921,E10,2,10,actP,A,P10,150,M9 20 mM glucose pH 7.4,
922,E11,2,10,actP,B,P10,150,M9 20 mM glucose pH 7.4,
923,E12,2,10,actP,C,P10,150,M9 20 mM glucose pH 7.4,
924,F1,2,10,codB,A,P10,150,M9 20 mM glucose pH 7.4,
925,F2,2,10,codB,B,P10,150,M9 20 mM glucose pH 7.4,
926,F3,2,10,codB,C,P10,150,M9 20 mM glucose pH 7.4,
927,F4,2,10,aroP,A,P10,150,M9 20 mM glucose pH 7.4,
928,F5,2,10,aroP,B,P10,150,M9 20 mM glucose pH 7.4,
929,F6,2,10,aroP,C,P10,150,M9 20 mM glucose pH 7.4,
930,F7,2,10,brnQ,A,P10,150,M9 20 mM glucose pH 7.4,
931,F8,2,10,brnQ,B,P10,150,M9 20 mM glucose pH 7.4,
932,F9,2,10,brnQ,C,P10,150,M9 20 mM glucose pH 7.4,
933,F10,2,10,WT,A,P10,150,M9 20 mM glucose pH 7.4,
934,F11,2,10,WT,B,P10,150,M9 20 mM glucose pH 7.4,
935,F12,2,10,WT,C,P10,150,M9 20 mM glucose pH 7.4,
936,G1,2,10,setA,A,P10,150,M9 20 mM glucose pH 7.4,
937,G2,2,10,setA,B,P10,150,M9 20 mM glucose pH 7.4,
938,G3,2,10,setA,C,P10,150,M9 20 mM glucose pH 7.4,
939,G4,2,10,acrB,A,P10,150,M9 20 mM glucose pH 7.4,
940,G5,2,10,acrB,B,P10,150,M9 20 mM glucose pH 7.4,
941,G6,2,10,acrB,C,P10,150,M9 20 mM glucose pH 7.4,
942,G7,2,10,nagE,A,P10,150,M9 20 mM glucose pH 7.4,
943,G8,2,10,nagE,B,P10,150,M9 20 mM glucose pH 7.4,
944,G9,2,10,nagE,C,P10,150,M9 20 mM glucose pH 7.4,
945,G10,2,10,gltJ,A,P10,150,M9 20 mM glucose pH 7.4,
946,G11,2,10,gltJ,B,P10,150,M9 20 mM glucose pH 7.4,
947,G12,2,10,gltJ,C,P10,150,M9 20 mM glucose pH 7.4,
948,H1,2,10,ptsG,A,P10,150,M9 20 mM glucose pH 7.4,
949,H2,2,10,ptsG,B,P10,150,M9 20 mM glucose pH 7.4,
950,H3,2,10,ptsG,C,P10,150,M9 20 mM glucose pH 7.4,
951,H4,2,10,lysP,A,P10,150,M9 20 mM glucose pH 7.4,
952,H5,2,10,lysP,B,P10,150,M9 20 mM glucose pH 7.4,
953,H6,2,10,lysP,C,P10,150,M9 20 mM glucose pH 7.4,
954,H7,2,10,putP,A,P10,150,M9 20 mM glucose pH 7.4,
955,H8,2,10,putP,B,P10,150,M9 20 mM glucose pH 7.4,
956,H9,2,10,putP,C,P10,150,M9 20 mM glucose pH 7.4,
957,H10,2,10,WT,D,P10,150,M9 20 mM glucose pH 7.4,
958,H11,2,10,WT,E,P10,150,M9 20 mM glucose pH 7.4,
959,H12,2,10,WT,F,P10,150,M9 20 mM glucose pH 7.4,
960,A1,3,1,gadC,A,P11,150,M9 20 mM glucose pH 7.4,
961,A2,3,1,gadC,B,P11,150,M9 20 mM glucose pH 7.4,
962,A3,3,1,gadC,C,P11,150,M9 20 mM glucose pH 7.4,
963,A4,3,1,znuB,A,P11,150,M9 20 mM glucose pH 7.4,
964,A5,3,1,znuB,B,P11,150,M9 20 mM glucose pH 7.4,
965,A6,3,1,znuB,C,P11,150,M9 20 mM glucose pH 7.4,
966,A7,3,1,glnP,A,P11,150,M9 20 mM glucose pH 7.4,
967,A8,3,1,glnP,B,P11,150,M9 20 mM glucose pH 7.4,
968,A9,3,1,glnP,C,P11,150,M9 20 mM glucose pH 7.4,
969,A10,3,1,focA,A,P11,150,M9 20 mM glucose pH 7.4,
970,A11,3,1,focA,B,P11,150,M9 20 mM glucose pH 7.4,
971,A12,3,1,focA,C,P11,150,M9 20 mM glucose pH 7.4,
972,B1,3,1,artQ,A,P11,150,M9 20 mM glucose pH 7.4,
973,B2,3,1,artQ,B,P11,150,M9 20 mM glucose pH 7.4,
974,B3,3,1,artQ,C,P11,150,M9 20 mM glucose pH 7.4,
975,B4,3,1,rbsC,A,P11,150,M9 20 mM glucose pH 7.4,
976,B5,3,1,rbsC,B,P11,150,M9 20 mM glucose pH 7.4,
977,B6,3,1,rbsC,C,P11,150,M9 20 mM glucose pH 7.4,
978,B7,3,1,glpF,A,P11,150,M9 20 mM glucose pH 7.4,
979,B8,3,1,glpF,B,P11,150,M9 20 mM glucose pH 7.4,
980,B9,3,1,glpF,C,P11,150,M9 20 mM glucose pH 7.4,
981,B10,3,1,WT,A,P11,150,M9 20 mM glucose pH 7.4,
982,B11,3,1,WT,B,P11,150,M9 20 mM glucose pH 7.4,
983,B12,3,1,WT,C,P11,150,M9 20 mM glucose pH 7.4,
984,C1,3,1,proP,A,P11,150,M9 20 mM glucose pH 7.4,
985,C2,3,1,proP,B,P11,150,M9 20 mM glucose pH 7.4,
986,C3,3,1,proP,C,P11,150,M9 20 mM glucose pH 7.4,
987,C4,3,1,cycA,A,P11,150,M9 20 mM glucose pH 7.4,
988,C5,3,1,cycA,B,P11,150,M9 20 mM glucose pH 7.4,
989,C6,3,1,cycA,C,P11,150,M9 20 mM glucose pH 7.4,
990,C7,3,1,nupC,A,P11,150,M9 20 mM glucose pH 7.4,
991,C8,3,1,nupC,B,P11,150,M9 20 mM glucose pH 7.4,
992,C9,3,1,nupC,C,P11,150,M9 20 mM glucose pH 7.4,
993,C10,3,1,fruA,A,P11,150,M9 20 mM glucose pH 7.4,
994,C11,3,1,fruA,B,P11,150,M9 20 mM glucose pH 7.4,
995,C12,3,1,fruA,C,P11,150,M9 20 mM glucose pH 7.4,
996,D1,3,1,sdaC,A,P11,150,M9 20 mM glucose pH 7.4,
997,D2,3,1,sdaC,B,P11,150,M9 20 mM glucose pH 7.4,
998,D3,3,1,sdaC,C,P11,150,M9 20 mM glucose pH 7.4,
999,D4,3,1,gltP,A,P11,150,M9 20 mM glucose pH 7.4,
1000,D5,3,1,gltP,B,P11,150,M9 20 mM glucose pH 7.4,
1001,D6,3,1,gltP,C,P11,150,M9 20 mM glucose pH 7.4,
1002,D7,3,1,mscL,A,P11,150,M9 20 mM glucose pH 7.4,
1003,D8,3,1,mscL,B,P11,150,M9 20 mM glucose pH 7.4,
1004,D9,3,1,mscL,C,P11,150,M9 20 mM glucose pH 7.4,
1005,D10,3,1,WT,D,P11,150,M9 20 mM glucose pH 7.4,
1006,D11,3,1,WT,E,P11,150,M9 20 mM glucose pH 7.4,
1007,D12,3,1,WT,F,P11,150,M9 20 mM glucose pH 7.4,
1008,E1,3,2,gadC,A,P11,150,M9 20 mM glucose pH 7.4,
1009,E2,3,2,gadC,B,P11,150,M9 20 mM glucose pH 7.4,
1010,E3,3,2,gadC,C,P11,150,M9 20 mM glucose pH 7.4,
1011,E4,3,2,znuB,A,P11,150,M9 20 mM glucose pH 7.4,
1012,E5,3,2,znuB,B,P11,150,M9 20 mM glucose pH 7.4,
1013,E6,3,2,znuB,C,P11,150,M9 20 mM glucose pH 7.4,
1014,E7,3,2,glnP,A,P11,150,M9 20 mM glucose pH 7.4,
1015,E8,3,2,glnP,B,P11,150,M9 20 mM glucose pH 7.4,
1016,E9,3,2,glnP,C,P11,150,M9 20 mM glucose pH 7.4,
1017,E10,3,2,focA,A,P11,150,M9 20 mM glucose pH 7.4,
1018,E11,3,2,focA,B,P11,150,M9 20 mM glucose pH 7.4,
1019,E12,3,2,focA,C,P11,150,M9 20 mM glucose pH 7.4,
1020,F1,3,2,artQ,A,P11,150,M9 20 mM glucose pH 7.4,
1021,F2,3,2,artQ,B,P11,150,M9 20 mM glucose pH 7.4,
1022,F3,3,2,artQ,C,P11,150,M9 20 mM glucose pH 7.4,
1023,F4,3,2,rbsC,A,P11,150,M9 20 mM glucose pH 7.4,
1024,F5,3,2,rbsC,B,P11,150,M9 20 mM glucose pH 7.4,
1025,F6,3,2,rbsC,C,P11,150,M9 20 mM glucose pH 7.4,
1026,F7,3,2,glpF,A,P11,150,M9 20 mM glucose pH 7.4,
1027,F8,3,2,glpF,B,P11,150,M9 20 mM glucose pH 7.4,
1028,F9,3,2,glpF,C,P11,150,M9 20 mM glucose pH 7.4,
1029,F10,3,2,WT,A,P11,150,M9 20 mM glucose pH 7.4,
1030,F11,3,2,WT,B,P11,150,M9 20 mM glucose pH 7.4,
1031,F12,3,2,WT,C,P11,150,M9 20 mM glucose pH 7.4,
1032,G1,3,2,proP,A,P11,150,M9 20 mM glucose pH 7.4,
1033,G2,3,2,proP,B,P11,150,M9 20 mM glucose pH 7.4,
1034,G3,3,2,proP,C,P11,150,M9 20 mM glucose pH 7.4,
1035,G4,3,2,cycA,A,P11,150,M9 20 mM glucose pH 7.4,
1036,G5,3,2,cycA,B,P11,150,M9 20 mM glucose pH 7.4,
1037,G6,3,2,cycA,C,P11,150,M9 20 mM glucose pH 7.4,
1038,G7,3,2,nupC,A,P11,150,M9 20 mM glucose pH 7.4,
1039,G8,3,2,nupC,B,P11,150,M9 20 mM glucose pH 7.4,
1040,G9,3,2,nupC,C,P11,150,M9 20 mM glucose pH 7.4,
1041,G10,3,2,fruA,A,P11,150,M9 20 mM glucose pH 7.4,
1042,G11,3,2,fruA,B,P11,150,M9 20 mM glucose pH 7.4,
1043,G12,3,2,fruA,C,P11,150,M9 20 mM glucose pH 7.4,
1044,H1,3,2,sdaC,A,P11,150,M9 20 mM glucose pH 7.4,
1045,H2,3,2,sdaC,B,P11,150,M9 20 mM glucose pH 7.4,
1046,H3,3,2,sdaC,C,P11,150,M9 20 mM glucose pH 7.4,
1047,H4,3,2,gltP,A,P11,150,M9 20 mM glucose pH 7.4,
1048,H5,3,2,gltP,B,P11,150,M9 20 mM glucose pH 7.4,
1049,H6,3,2,gltP,C,P11,150,M9 20 mM glucose pH 7.4,
1050,H7,3,2,mscL,A,P11,150,M9 20 mM glucose pH 7.4,
1051,H8,3,2,mscL,B,P11,150,M9 20 mM glucose pH 7.4,
1052,H9,3,2,mscL,C,P11,150,M9 20 mM glucose pH 7.4,
1053,H10,3,2,WT,D,P11,150,M9 20 mM glucose pH 7.4,
1054,H11,3,2,WT,E,P11,150,M9 20 mM glucose pH 7.4,
1055,H12,3,2,WT,F,P11,150,M9 20 mM glucose pH 7.4,
1056,A1,3,3,gadC,A,P12,150,M9 20 mM glucose pH 7.4,
1057,A2,3,3,gadC,B,P12,150,M9 20 mM glucose pH 7.4,
1058,A3,3,3,gadC,C,P12,150,M9 20 mM glucose pH 7.4,
1059,A4,3,3,znuB,A,P12,150,M9 20 mM glucose pH 7.4,
1060,A5,3,3,znuB,B,P12,150,M9 20 mM glucose pH 7.4,
1061,A6,3,3,znuB,C,P12,150,M9 20 mM glucose pH 7.4,
1062,A7,3,3,glnP,A,P12,150,M9 20 mM glucose pH 7.4,
1063,A8,3,3,glnP,B,P12,150,M9 20 mM glucose pH 7.4,
1064,A9,3,3,glnP,C,P12,150,M9 20 mM glucose pH 7.4,
1065,A10,3,3,focA,A,P12,150,M9 20 mM glucose pH 7.4,
1066,A11,3,3,focA,B,P12,150,M9 20 mM glucose pH 7.4,
1067,A12,3,3,focA,C,P12,150,M9 20 mM glucose pH 7.4,
1068,B1,3,3,artQ,A,P12,150,M9 20 mM glucose pH 7.4,
1069,B2,3,3,artQ,B,P12,150,M9 20 mM glucose pH 7.4,
1070,B3,3,3,artQ,C,P12,150,M9 20 mM glucose pH 7.4,
1071,B4,3,3,rbsC,A,P12,150,M9 20 mM glucose pH 7.4,
1072,B5,3,3,rbsC,B,P12,150,M9 20 mM glucose pH 7.4,
1073,B6,3,3,rbsC,C,P12,150,M9 20 mM glucose pH 7.4,
1074,B7,3,3,glpF,A,P12,150,M9 20 mM glucose pH 7.4,
1075,B8,3,3,glpF,B,P12,150,M9 20 mM glucose pH 7.4,
1076,B9,3,3,glpF,C,P12,150,M9 20 mM glucose pH 7.4,
1077,B10,3,3,WT,A,P12,150,M9 20 mM glucose pH 7.4,
1078,B11,3,3,WT,B,P12,150,M9 20 mM glucose pH 7.4,
1079,B12,3,3,WT,C,P12,150,M9 20 mM glucose pH 7.4,
1080,C1,3,3,proP,A,P12,150,M9 20 mM glucose pH 7.4,
1081,C2,3,3,proP,B,P12,150,M9 20 mM glucose pH 7.4,
1082,C3,3,3,proP,C,P12,150,M9 20 mM glucose pH 7.4,
1083,C4,3,3,cycA,A,P12,150,M9 20 mM glucose pH 7.4,
1084,C5,3,3,cycA,B,P12,150,M9 20 mM glucose pH 7.4,
1085,C6,3,3,cycA,C,P12,150,M9 20 mM glucose pH 7.4,
1086,C7,3,3,nupC,A,P12,150,M9 20 mM glucose pH 7.4,
1087,C8,3,3,nupC,B,P12,150,M9 20 mM glucose pH 7.4,
1088,C9,3,3,nupC,C,P12,150,M9 20 mM glucose pH 7.4,
1089,C10,3,3,fruA,A,P12,150,M9 20 mM glucose pH 7.4,
1090,C11,3,3,fruA,B,P12,150,M9 20 mM glucose pH 7.4,
1091,C12,3,3,fruA,C,P12,150,M9 20 mM glucose pH 7.4,
1092,D1,3,3,sdaC,A,P12,150,M9 20 mM glucose pH 7.4,
1093,D2,3,3,sdaC,B,P12,150,M9 20 mM glucose pH 7.4,
1094,D3,3,3,sdaC,C,P12,150,M9 20 mM glucose pH 7.4,
1095,D4,3,3,gltP,A,P12,150,M9 20 mM glucose pH 7.4,
1096,D5,3,3,gltP,B,P12,150,M9 20 mM glucose pH 7.4,
1097,D6,3,3,gltP,C,P12,150,M9 20 mM glucose pH 7.4,
1098,D7,3,3,mscL,A,P12,150,M9 20 mM glucose pH 7.4,
1099,D8,3,3,mscL,B,P12,150,M9 20 mM glucose pH 7.4,
1100,D9,3,3,mscL,C,P12,150,M9 20 mM glucose pH 7.4,
1101,D10,3,3,WT,D,P12,150,M9 20 mM glucose pH 7.4,
1102,D11,3,3,WT,E,P12,150,M9 20 mM glucose pH 7.4,
1103,D12,3,3,WT,F,P12,150,M9 20 mM glucose pH 7.4,
1104,E1,3,4,gadC,A,P12,150,M9 20 mM glucose pH 7.4,
1105,E2,3,4,gadC,B,P12,150,M9 20 mM glucose pH 7.4,
1106,E3,3,4,gadC,C,P12,150,M9 20 mM glucose pH 7.4,
1107,E4,3,4,znuB,A,P12,150,M9 20 mM glucose pH 7.4,
1108,E5,3,4,znuB,B,P12,150,M9 20 mM glucose pH 7.4,
1109,E6,3,4,znuB,C,P12,150,M9 20 mM glucose pH 7.4,
1110,E7,3,4,glnP,A,P12,150,M9 20 mM glucose pH 7.4,
1111,E8,3,4,glnP,B,P12,150,M9 20 mM glucose pH 7.4,
1112,E9,3,4,glnP,C,P12,150,M9 20 mM glucose pH 7.4,
1113,E10,3,4,focA,A,P12,150,M9 20 mM glucose pH 7.4,
1114,E11,3,4,focA,B,P12,150,M9 20 mM glucose pH 7.4,
1115,E12,3,4,focA,C,P12,150,M9 20 mM glucose pH 7.4,
1116,F1,3,4,artQ,A,P12,150,M9 20 mM glucose pH 7.4,
1117,F2,3,4,artQ,B,P12,150,M9 20 mM glucose pH 7.4,
1118,F3,3,4,artQ,C,P12,150,M9 20 mM glucose pH 7.4,
1119,F4,3,4,rbsC,A,P12,150,M9 20 mM glucose pH 7.4,
1120,F5,3,4,rbsC,B,P12,150,M9 20 mM glucose pH 7.4,
1121,F6,3,4,rbsC,C,P12,150,M9 20 mM glucose pH 7.4,
1122,F7,3,4,glpF,A,P12,150,M9 20 mM glucose pH 7.4,
1123,F8,3,4,glpF,B,P12,150,M9 20 mM glucose pH 7.4,
1124,F9,3,4,glpF,C,P12,150,M9 20 mM glucose pH 7.4,
1125,F10,3,4,WT,A,P12,150,M9 20 mM glucose pH 7.4,
1126,F11,3,4,WT,B,P12,150,M9 20 mM glucose pH 7.4,
1127,F12,3,4,WT,C,P12,150,M9 20 mM glucose pH 7.4,
1128,G1,3,4,proP,A,P12,150,M9 20 mM glucose pH 7.4,
1129,G2,3,4,proP,B,P12,150,M9 20 mM glucose pH 7.4,
1130,G3,3,4,proP,C,P12,150,M9 20 mM glucose pH 7.4,
1131,G4,3,4,cycA,A,P12,150,M9 20 mM glucose pH 7.4,
1132,G5,3,4,cycA,B,P12,150,M9 20 mM glucose pH 7.4,
1133,G6,3,4,cycA,C,P12,150,M9 20 mM glucose pH 7.4,
1134,G7,3,4,nupC,A,P12,150,M9 20 mM glucose pH 7.4,
1135,G8,3,4,nupC,B,P12,150,M9 20 mM glucose pH 7.4,
1136,G9,3,4,nupC,C,P12,150,M9 20 mM glucose pH 7.4,
1137,G10,3,4,fruA,A,P12,150,M9 20 mM glucose pH 7.4,
1138,G11,3,4,fruA,B,P12,150,M9 20 mM glucose pH 7.4,
1139,G12,3,4,fruA,C,P12,150,M9 20 mM glucose pH 7.4,
1140,H1,3,4,sdaC,A,P12,150,M9 20 mM glucose pH 7.4,
1141,H2,3,4,sdaC,B,P12,150,M9 20 mM glucose pH 7.4,
1142,H3,3,4,sdaC,C,P12,150,M9 20 mM glucose pH 7.4,
1143,H4,3,4,gltP,A,P12,150,M9 20 mM glucose pH 7.4,
1144,H5,3,4,gltP,B,P12,150,M9 20 mM glucose pH 7.4,
1145,H6,3,4,gltP,C,P12,150,M9 20 mM glucose pH 7.4,
1146,H7,3,4,mscL,A,P12,150,M9 20 mM glucose pH 7.4,
1147,H8,3,4,mscL,B,P12,150,M9 20 mM glucose pH 7.4,
1148,H9,3,4,mscL,C,P12,150,M9 20 mM glucose pH 7.4,
1149,H10,3,4,WT,D,P12,150,M9 20 mM glucose pH 7.4,
1150,H11,3,4,WT,E,P12,150,M9 20 mM glucose pH 7.4,
1151,H12,3,4,WT,F,P12,150,M9 20 mM glucose pH 7.4,
1152,A1,3,5,gadC,A,P13,150,M9 20 mM glucose pH 7.4,
1153,A2,3,5,gadC,B,P13,150,M9 20 mM glucose pH 7.4,
1154,A3,3,5,gadC,C,P13,150,M9 20 mM glucose pH 7.4,
1155,A4,3,5,znuB,A,P13,150,M9 20 mM glucose pH 7.4,
1156,A5,3,5,znuB,B,P13,150,M9 20 mM glucose pH 7.4,
1157,A6,3,5,znuB,C,P13,150,M9 20 mM glucose pH 7.4,
1158,A7,3,5,glnP,A,P13,150,M9 20 mM glucose pH 7.4,
1159,A8,3,5,glnP,B,P13,150,M9 20 mM glucose pH 7.4,
1160,A9,3,5,glnP,C,P13,150,M9 20 mM glucose pH 7.4,
1161,A10,3,5,focA,A,P13,150,M9 20 mM glucose pH 7.4,
1162,A11,3,5,focA,B,P13,150,M9 20 mM glucose pH 7.4,
1163,A12,3,5,focA,C,P13,150,M9 20 mM glucose pH 7.4,
1164,B1,3,6,gadC,A,P13,150,M9 20 mM glucose pH 7.4,"Wrong well, swapped with E1"
1165,B2,3,5,artQ,B,P13,150,M9 20 mM glucose pH 7.4,
1166,B3,3,5,artQ,C,P13,150,M9 20 mM glucose pH 7.4,
1167,B4,3,5,rbsC,A,P13,150,M9 20 mM glucose pH 7.4,
1168,B5,3,5,rbsC,B,P13,150,M9 20 mM glucose pH 7.4,
1169,B6,3,5,rbsC,C,P13,150,M9 20 mM glucose pH 7.4,
1170,B7,3,5,glpF,A,P13,150,M9 20 mM glucose pH 7.4,
1171,B8,3,5,glpF,B,P13,150,M9 20 mM glucose pH 7.4,
1172,B9,3,5,glpF,C,P13,150,M9 20 mM glucose pH 7.4,
1173,B10,3,5,WT,A,P13,150,M9 20 mM glucose pH 7.4,
1174,B11,3,5,WT,B,P13,150,M9 20 mM glucose pH 7.4,
1175,B12,3,5,WT,C,P13,150,M9 20 mM glucose pH 7.4,
1176,C1,3,5,proP,A,P13,150,M9 20 mM glucose pH 7.4,
1177,C2,3,5,proP,B,P13,150,M9 20 mM glucose pH 7.4,
1178,C3,3,5,proP,C,P13,150,M9 20 mM glucose pH 7.4,
1179,C4,3,5,cycA,A,P13,150,M9 20 mM glucose pH 7.4,
1180,C5,3,5,cycA,B,P13,150,M9 20 mM glucose pH 7.4,
1181,C6,3,5,cycA,C,P13,150,M9 20 mM glucose pH 7.4,
1182,C7,3,5,nupC,A,P13,150,M9 20 mM glucose pH 7.4,
1183,C8,3,5,nupC,B,P13,150,M9 20 mM glucose pH 7.4,
1184,C9,3,5,nupC,C,P13,150,M9 20 mM glucose pH 7.4,
1185,C10,3,5,fruA,A,P13,150,M9 20 mM glucose pH 7.4,
1186,C11,3,5,fruA,B,P13,150,M9 20 mM glucose pH 7.4,
1187,C12,3,5,fruA,C,P13,150,M9 20 mM glucose pH 7.4,
1188,D1,3,5,sdaC,A,P13,150,M9 20 mM glucose pH 7.4,
1189,D2,3,5,sdaC,B,P13,150,M9 20 mM glucose pH 7.4,
1190,D3,3,5,sdaC,C,P13,150,M9 20 mM glucose pH 7.4,
1191,D4,3,5,gltP,A,P13,150,M9 20 mM glucose pH 7.4,
1192,D5,3,5,gltP,B,P13,150,M9 20 mM glucose pH 7.4,
1193,D6,3,5,gltP,C,P13,150,M9 20 mM glucose pH 7.4,
1194,D7,3,5,mscL,A,P13,150,M9 20 mM glucose pH 7.4,
1195,D8,3,5,mscL,B,P13,150,M9 20 mM glucose pH 7.4,
1196,D9,3,5,mscL,C,P13,150,M9 20 mM glucose pH 7.4,
1197,D10,3,5,WT,D,P13,150,M9 20 mM glucose pH 7.4,
1198,D11,3,5,WT,E,P13,150,M9 20 mM glucose pH 7.4,
1199,D12,3,5,WT,F,P13,150,M9 20 mM glucose pH 7.4,
1200,E1,3,5,artQ,A,P13,150,M9 20 mM glucose pH 7.4,"Wrong well, swapped with B1"
1201,E2,3,6,gadC,B,P13,150,M9 20 mM glucose pH 7.4,
1202,E3,3,6,gadC,C,P13,150,M9 20 mM glucose pH 7.4,
1203,E4,3,6,znuB,A,P13,150,M9 20 mM glucose pH 7.4,
1204,E5,3,6,znuB,B,P13,150,M9 20 mM glucose pH 7.4,
1205,E6,3,6,znuB,C,P13,150,M9 20 mM glucose pH 7.4,
1206,E7,3,6,glnP,A,P13,150,M9 20 mM glucose pH 7.4,
1207,E8,3,6,glnP,B,P13,150,M9 20 mM glucose pH 7.4,
1208,E9,3,6,glnP,C,P13,150,M9 20 mM glucose pH 7.4,
1209,E10,3,6,focA,A,P13,150,M9 20 mM glucose pH 7.4,
1210,E11,3,6,focA,B,P13,150,M9 20 mM glucose pH 7.4,
1211,E12,3,6,focA,C,P13,150,M9 20 mM glucose pH 7.4,
1212,F1,3,6,artQ,A,P13,150,M9 20 mM glucose pH 7.4,
1213,F2,3,6,artQ,B,P13,150,M9 20 mM glucose pH 7.4,
1214,F3,3,6,artQ,C,P13,150,M9 20 mM glucose pH 7.4,
1215,F4,3,6,rbsC,A,P13,150,M9 20 mM glucose pH 7.4,
1216,F5,3,6,rbsC,B,P13,150,M9 20 mM glucose pH 7.4,
1217,F6,3,6,rbsC,C,P13,150,M9 20 mM glucose pH 7.4,
1218,F7,3,6,glpF,A,P13,150,M9 20 mM glucose pH 7.4,
1219,F8,3,6,glpF,B,P13,150,M9 20 mM glucose pH 7.4,
1220,F9,3,6,glpF,C,P13,150,M9 20 mM glucose pH 7.4,
1221,F10,3,6,WT,A,P13,150,M9 20 mM glucose pH 7.4,
1222,F11,3,6,WT,B,P13,150,M9 20 mM glucose pH 7.4,
1223,F12,3,6,WT,C,P13,150,M9 20 mM glucose pH 7.4,
1224,G1,3,6,proP,A,P13,150,M9 20 mM glucose pH 7.4,
1225,G2,3,6,proP,B,P13,150,M9 20 mM glucose pH 7.4,
1226,G3,3,6,proP,C,P13,150,M9 20 mM glucose pH 7.4,
1227,G4,3,6,cycA,A,P13,150,M9 20 mM glucose pH 7.4,
1228,G5,3,6,cycA,B,P13,150,M9 20 mM glucose pH 7.4,
1229,G6,3,6,cycA,C,P13,150,M9 20 mM glucose pH 7.4,
1230,G7,3,6,nupC,A,P13,150,M9 20 mM glucose pH 7.4,
1231,G8,3,6,nupC,B,P13,150,M9 20 mM glucose pH 7.4,
1232,G9,3,6,nupC,C,P13,150,M9 20 mM glucose pH 7.4,
1233,G10,3,6,fruA,A,P13,150,M9 20 mM glucose pH 7.4,
1234,G11,3,6,fruA,B,P13,150,M9 20 mM glucose pH 7.4,
1235,G12,3,6,fruA,C,P13,150,M9 20 mM glucose pH 7.4,
1236,H1,3,6,sdaC,A,P13,150,M9 20 mM glucose pH 7.4,
1237,H2,3,6,sdaC,B,P13,150,M9 20 mM glucose pH 7.4,
1238,H3,3,6,sdaC,C,P13,150,M9 20 mM glucose pH 7.4,
1239,H4,3,6,gltP,A,P13,150,M9 20 mM glucose pH 7.4,
1240,H5,3,6,gltP,B,P13,150,M9 20 mM glucose pH 7.4,
1241,H6,3,6,gltP,C,P13,150,M9 20 mM glucose pH 7.4,
1242,H7,3,6,mscL,A,P13,150,M9 20 mM glucose pH 7.4,
1243,H8,3,6,mscL,B,P13,150,M9 20 mM glucose pH 7.4,
1244,H9,3,6,mscL,C,P13,150,M9 20 mM glucose pH 7.4,
1245,H10,3,6,WT,D,P13,150,M9 20 mM glucose pH 7.4,
1246,H11,3,6,WT,E,P13,150,M9 20 mM glucose pH 7.4,
1247,H12,3,6,WT,F,P13,150,M9 20 mM glucose pH 7.4,
1248,A1,3,7,gadC,A,P14,150,M9 20 mM glucose pH 7.4,
1249,A2,3,7,gadC,B,P14,150,M9 20 mM glucose pH 7.4,
1250,A3,3,7,gadC,C,P14,150,M9 20 mM glucose pH 7.4,
1251,A4,3,7,znuB,A,P14,150,M9 20 mM glucose pH 7.4,
1252,A5,3,7,znuB,B,P14,150,M9 20 mM glucose pH 7.4,
1253,A6,3,7,znuB,C,P14,150,M9 20 mM glucose pH 7.4,
1254,A7,3,7,glnP,A,P14,150,M9 20 mM glucose pH 7.4,
1255,A8,3,7,glnP,B,P14,150,M9 20 mM glucose pH 7.4,
1256,A9,3,7,glnP,C,P14,150,M9 20 mM glucose pH 7.4,
1257,A10,3,7,focA,A,P14,150,M9 20 mM glucose pH 7.4,
1258,A11,3,7,focA,B,P14,150,M9 20 mM glucose pH 7.4,
1259,A12,3,7,focA,C,P14,150,M9 20 mM glucose pH 7.4,
1260,B1,3,7,artQ,A,P14,150,M9 20 mM glucose pH 7.4,
1261,B2,3,7,artQ,B,P14,150,M9 20 mM glucose pH 7.4,
1262,B3,3,7,artQ,C,P14,150,M9 20 mM glucose pH 7.4,
1263,B4,3,7,rbsC,A,P14,150,M9 20 mM glucose pH 7.4,
1264,B5,3,7,rbsC,B,P14,150,M9 20 mM glucose pH 7.4,
1265,B6,3,7,rbsC,C,P14,150,M9 20 mM glucose pH 7.4,
1266,B7,3,7,glpF,A,P14,150,M9 20 mM glucose pH 7.4,
1267,B8,3,7,glpF,B,P14,150,M9 20 mM glucose pH 7.4,
1268,B9,3,7,glpF,C,P14,150,M9 20 mM glucose pH 7.4,
1269,B10,3,7,WT,A,P14,150,M9 20 mM glucose pH 7.4,
1270,B11,3,7,WT,B,P14,150,M9 20 mM glucose pH 7.4,
1271,B12,3,7,WT,C,P14,150,M9 20 mM glucose pH 7.4,
1272,C1,3,7,proP,A,P14,150,M9 20 mM glucose pH 7.4,
1273,C2,3,7,proP,B,P14,150,M9 20 mM glucose pH 7.4,
1274,C3,3,7,proP,C,P14,150,M9 20 mM glucose pH 7.4,
1275,C4,3,7,cycA,A,P14,150,M9 20 mM glucose pH 7.4,
1276,C5,3,7,cycA,B,P14,150,M9 20 mM glucose pH 7.4,
1277,C6,3,7,cycA,C,P14,150,M9 20 mM glucose pH 7.4,
1278,C7,3,7,nupC,A,P14,150,M9 20 mM glucose pH 7.4,
1279,C8,3,7,nupC,B,P14,150,M9 20 mM glucose pH 7.4,
1280,C9,3,7,nupC,C,P14,150,M9 20 mM glucose pH 7.4,
1281,C10,3,7,fruA,A,P14,150,M9 20 mM glucose pH 7.4,
1282,C11,3,7,fruA,B,P14,150,M9 20 mM glucose pH 7.4,
1283,C12,3,7,fruA,C,P14,150,M9 20 mM glucose pH 7.4,
1284,D1,3,7,sdaC,A,P14,150,M9 20 mM glucose pH 7.4,
1285,D2,3,7,sdaC,B,P14,150,M9 20 mM glucose pH 7.4,
1286,D3,3,7,sdaC,C,P14,150,M9 20 mM glucose pH 7.4,
1287,D4,3,7,gltP,A,P14,150,M9 20 mM glucose pH 7.4,
1288,D5,3,7,gltP,B,P14,150,M9 20 mM glucose pH 7.4,
1289,D6,3,7,gltP,C,P14,150,M9 20 mM glucose pH 7.4,
1290,D7,3,7,mscL,A,P14,150,M9 20 mM glucose pH 7.4,
1291,D8,3,7,mscL,B,P14,150,M9 20 mM glucose pH 7.4,
1292,D9,3,7,mscL,C,P14,150,M9 20 mM glucose pH 7.4,
1293,D10,3,7,WT,D,P14,150,M9 20 mM glucose pH 7.4,
1294,D11,3,7,WT,E,P14,150,M9 20 mM glucose pH 7.4,
1295,D12,3,7,WT,F,P14,150,M9 20 mM glucose pH 7.4,
1296,E1,3,8,gadC,A,P14,150,M9 20 mM glucose pH 7.4,
1297,E2,3,8,gadC,B,P14,150,M9 20 mM glucose pH 7.4,
1298,E3,3,8,gadC,C,P14,150,M9 20 mM glucose pH 7.4,
1299,E4,3,8,znuB,A,P14,150,M9 20 mM glucose pH 7.4,
1300,E5,3,8,znuB,B,P14,150,M9 20 mM glucose pH 7.4,
1301,E6,3,8,znuB,C,P14,150,M9 20 mM glucose pH 7.4,
1302,E7,3,8,glnP,A,P14,150,M9 20 mM glucose pH 7.4,
1303,E8,3,8,glnP,B,P14,150,M9 20 mM glucose pH 7.4,
1304,E9,3,8,glnP,C,P14,150,M9 20 mM glucose pH 7.4,
1305,E10,3,8,focA,A,P14,150,M9 20 mM glucose pH 7.4,
1306,E11,3,8,focA,B,P14,150,M9 20 mM glucose pH 7.4,
1307,E12,3,8,focA,C,P14,150,M9 20 mM glucose pH 7.4,
1308,F1,3,8,artQ,A,P14,150,M9 20 mM glucose pH 7.4,
1309,F2,3,8,artQ,B,P14,150,M9 20 mM glucose pH 7.4,
1310,F3,3,8,artQ,C,P14,150,M9 20 mM glucose pH 7.4,
1311,F4,3,8,rbsC,A,P14,150,M9 20 mM glucose pH 7.4,
1312,F5,3,8,rbsC,B,P14,150,M9 20 mM glucose pH 7.4,
1313,F6,3,8,rbsC,C,P14,150,M9 20 mM glucose pH 7.4,
1314,F7,3,8,glpF,A,P14,150,M9 20 mM glucose pH 7.4,
1315,F8,3,8,glpF,B,P14,150,M9 20 mM glucose pH 7.4,
1316,F9,3,8,glpF,C,P14,150,M9 20 mM glucose pH 7.4,
1317,F10,3,8,WT,A,P14,150,M9 20 mM glucose pH 7.4,
1318,F11,3,8,WT,B,P14,150,M9 20 mM glucose pH 7.4,
1319,F12,3,8,WT,C,P14,150,M9 20 mM glucose pH 7.4,
1320,G1,3,8,proP,A,P14,150,M9 20 mM glucose pH 7.4,
1321,G2,3,8,proP,B,P14,150,M9 20 mM glucose pH 7.4,
1322,G3,3,8,proP,C,P14,150,M9 20 mM glucose pH 7.4,
1323,G4,3,8,cycA,A,P14,150,M9 20 mM glucose pH 7.4,
1324,G5,3,8,cycA,B,P14,150,M9 20 mM glucose pH 7.4,
1325,G6,3,8,cycA,C,P14,150,M9 20 mM glucose pH 7.4,
1326,G7,3,8,nupC,A,P14,150,M9 20 mM glucose pH 7.4,
1327,G8,3,8,nupC,B,P14,150,M9 20 mM glucose pH 7.4,
1328,G9,3,8,nupC,C,P14,150,M9 20 mM glucose pH 7.4,
1329,G10,3,8,fruA,A,P14,150,M9 20 mM glucose pH 7.4,
1330,G11,3,8,fruA,B,P14,150,M9 20 mM glucose pH 7.4,
1331,G12,3,8,fruA,C,P14,150,M9 20 mM glucose pH 7.4,
1332,H1,3,8,sdaC,A,P14,150,M9 20 mM glucose pH 7.4,
1333,H2,3,8,sdaC,B,P14,150,M9 20 mM glucose pH 7.4,
1334,H3,3,8,sdaC,C,P14,150,M9 20 mM glucose pH 7.4,
1335,H4,3,8,gltP,A,P14,150,M9 20 mM glucose pH 7.4,
1336,H5,3,8,gltP,B,P14,150,M9 20 mM glucose pH 7.4,
1337,H6,3,8,gltP,C,P14,150,M9 20 mM glucose pH 7.4,
1338,H7,3,8,mscL,A,P14,150,M9 20 mM glucose pH 7.4,
1339,H8,3,8,mscL,B,P14,150,M9 20 mM glucose pH 7.4,
1340,H9,3,8,mscL,C,P14,150,M9 20 mM glucose pH 7.4,
1341,H10,3,8,WT,D,P14,150,M9 20 mM glucose pH 7.4,
1342,H11,3,8,WT,E,P14,150,M9 20 mM glucose pH 7.4,
1343,H12,3,8,WT,F,P14,150,M9 20 mM glucose pH 7.4,
1344,A1,3,9,gadC,A,P15,150,M9 20 mM glucose pH 7.4,
1345,A2,3,9,gadC,B,P15,150,M9 20 mM glucose pH 7.4,
1346,A3,3,9,gadC,C,P15,150,M9 20 mM glucose pH 7.4,
1347,A4,3,9,znuB,A,P15,150,M9 20 mM glucose pH 7.4,
1348,A5,3,9,znuB,B,P15,150,M9 20 mM glucose pH 7.4,
1349,A6,3,9,znuB,C,P15,150,M9 20 mM glucose pH 7.4,
1350,A7,3,9,glnP,A,P15,150,M9 20 mM glucose pH 7.4,
1351,A8,3,9,glnP,B,P15,150,M9 20 mM glucose pH 7.4,
1352,A9,3,9,glnP,C,P15,150,M9 20 mM glucose pH 7.4,
1353,A10,3,9,focA,A,P15,150,M9 20 mM glucose pH 7.4,
1354,A11,3,9,focA,B,P15,150,M9 20 mM glucose pH 7.4,
1355,A12,3,9,focA,C,P15,150,M9 20 mM glucose pH 7.4,
1356,B1,3,9,artQ,A,P15,150,M9 20 mM glucose pH 7.4,
1357,B2,3,9,artQ,B,P15,150,M9 20 mM glucose pH 7.4,
1358,B3,3,9,artQ,C,P15,150,M9 20 mM glucose pH 7.4,
1359,B4,3,9,rbsC,A,P15,150,M9 20 mM glucose pH 7.4,
1360,B5,3,9,rbsC,B,P15,150,M9 20 mM glucose pH 7.4,
1361,B6,3,9,rbsC,C,P15,150,M9 20 mM glucose pH 7.4,
1362,B7,3,9,glpF,A,P15,150,M9 20 mM glucose pH 7.4,
1363,B8,3,9,glpF,B,P15,150,M9 20 mM glucose pH 7.4,
1364,B9,3,9,glpF,C,P15,150,M9 20 mM glucose pH 7.4,
1365,B10,3,9,WT,A,P15,150,M9 20 mM glucose pH 7.4,
1366,B11,3,9,WT,B,P15,150,M9 20 mM glucose pH 7.4,
1367,B12,3,9,WT,C,P15,150,M9 20 mM glucose pH 7.4,
1368,C1,3,10,gadC,A,P15,150,M9 20 mM glucose pH 7.4,Mixed up with E1
1369,C2,3,9,proP,B,P15,150,M9 20 mM glucose pH 7.4,
1370,C3,3,9,proP,C,P15,150,M9 20 mM glucose pH 7.4,
1371,C4,3,9,cycA,A,P15,150,M9 20 mM glucose pH 7.4,
1372,C5,3,9,cycA,B,P15,150,M9 20 mM glucose pH 7.4,
1373,C6,3,9,cycA,C,P15,150,M9 20 mM glucose pH 7.4,
1374,C7,3,9,nupC,A,P15,150,M9 20 mM glucose pH 7.4,
1375,C8,3,9,nupC,B,P15,150,M9 20 mM glucose pH 7.4,
1376,C9,3,9,nupC,C,P15,150,M9 20 mM glucose pH 7.4,
1377,C10,3,9,fruA,A,P15,150,M9 20 mM glucose pH 7.4,
1378,C11,3,9,fruA,B,P15,150,M9 20 mM glucose pH 7.4,
1379,C12,3,9,fruA,C,P15,150,M9 20 mM glucose pH 7.4,
1380,D1,3,9,sdaC,A,P15,150,M9 20 mM glucose pH 7.4,
1381,D2,3,10,gadC,B,P15,150,M9 20 mM glucose pH 7.4,Mixed up with E2
1382,D3,3,9,sdaC,C,P15,150,M9 20 mM glucose pH 7.4,
1383,D4,3,9,gltP,A,P15,150,M9 20 mM glucose pH 7.4,
1384,D5,3,9,gltP,B,P15,150,M9 20 mM glucose pH 7.4,
1385,D6,3,9,gltP,C,P15,150,M9 20 mM glucose pH 7.4,
1386,D7,3,9,mscL,A,P15,150,M9 20 mM glucose pH 7.4,
1387,D8,3,9,mscL,B,P15,150,M9 20 mM glucose pH 7.4,
1388,D9,3,9,mscL,C,P15,150,M9 20 mM glucose pH 7.4,
1389,D10,3,9,WT,D,P15,150,M9 20 mM glucose pH 7.4,
1390,D11,3,9,WT,E,P15,150,M9 20 mM glucose pH 7.4,
1391,D12,3,9,WT,F,P15,150,M9 20 mM glucose pH 7.4,
1392,E1,3,9,proP,A,P15,150,M9 20 mM glucose pH 7.4,Mixed up with C1
1393,E2,3,9,sdaC,B,P15,150,M9 20 mM glucose pH 7.4,Mixed up with D2
1394,E3,3,10,gadC,C,P15,150,M9 20 mM glucose pH 7.4,
1395,E4,3,10,znuB,A,P15,150,M9 20 mM glucose pH 7.4,
1396,E5,3,10,znuB,B,P15,150,M9 20 mM glucose pH 7.4,
1397,E6,3,10,znuB,C,P15,150,M9 20 mM glucose pH 7.4,
1398,E7,3,10,glnP,A,P15,150,M9 20 mM glucose pH 7.4,
1399,E8,3,10,glnP,B,P15,150,M9 20 mM glucose pH 7.4,
1400,E9,3,10,glnP,C,P15,150,M9 20 mM glucose pH 7.4,
1401,E10,3,10,focA,A,P15,150,M9 20 mM glucose pH 7.4,
1402,E11,3,10,focA,B,P15,150,M9 20 mM glucose pH 7.4,
1403,E12,3,10,focA,C,P15,150,M9 20 mM glucose pH 7.4,
1404,F1,3,10,artQ,A,P15,150,M9 20 mM glucose pH 7.4,
1405,F2,3,10,artQ,B,P15,150,M9 20 mM glucose pH 7.4,
1406,F3,3,10,artQ,C,P15,150,M9 20 mM glucose pH 7.4,
1407,F4,3,10,rbsC,A,P15,150,M9 20 mM glucose pH 7.4,
1408,F5,3,10,rbsC,B,P15,150,M9 20 mM glucose pH 7.4,
1409,F6,3,10,rbsC,C,P15,150,M9 20 mM glucose pH 7.4,
1410,F7,3,10,glpF,A,P15,150,M9 20 mM glucose pH 7.4,
1411,F8,3,10,glpF,B,P15,150,M9 20 mM glucose pH 7.4,
1412,F9,3,10,glpF,C,P15,150,M9 20 mM glucose pH 7.4,
1413,F10,3,10,WT,A,P15,150,M9 20 mM glucose pH 7.4,
1414,F11,3,10,WT,B,P15,150,M9 20 mM glucose pH 7.4,
1415,F12,3,10,WT,C,P15,150,M9 20 mM glucose pH 7.4,
1416,G1,3,10,proP,A,P15,150,M9 20 mM glucose pH 7.4,
1417,G2,3,10,proP,B,P15,150,M9 20 mM glucose pH 7.4,
1418,G3,3,10,proP,C,P15,150,M9 20 mM glucose pH 7.4,
1419,G4,3,10,cycA,A,P15,150,M9 20 mM glucose pH 7.4,
1420,G5,3,10,cycA,B,P15,150,M9 20 mM glucose pH 7.4,
1421,G6,3,10,cycA,C,P15,150,M9 20 mM glucose pH 7.4,
1422,G7,3,10,nupC,A,P15,150,M9 20 mM glucose pH 7.4,
1423,G8,3,10,nupC,B,P15,150,M9 20 mM glucose pH 7.4,
1424,G9,3,10,nupC,C,P15,150,M9 20 mM glucose pH 7.4,
1425,G10,3,10,fruA,A,P15,150,M9 20 mM glucose pH 7.4,
1426,G11,3,10,fruA,B,P15,150,M9 20 mM glucose pH 7.4,
1427,G12,3,10,fruA,C,P15,150,M9 20 mM glucose pH 7.4,
1428,H1,3,10,sdaC,A,P15,150,M9 20 mM glucose pH 7.4,
1429,H2,3,10,sdaC,B,P15,150,M9 20 mM glucose pH 7.4,
1430,H3,3,10,sdaC,C,P15,150,M9 20 mM glucose pH 7.4,
1431,H4,3,10,gltP,A,P15,150,M9 20 mM glucose pH 7.4,
1432,H5,3,10,gltP,B,P15,150,M9 20 mM glucose pH 7.4,
1433,H6,3,10,gltP,C,P15,150,M9 20 mM glucose pH 7.4,
1434,H7,3,10,mscL,A,P15,150,M9 20 mM glucose pH 7.4,
1435,H8,3,10,mscL,B,P15,150,M9 20 mM glucose pH 7.4,
1436,H9,3,10,mscL,C,P15,150,M9 20 mM glucose pH 7.4,
1437,H10,3,10,WT,D,P15,150,M9 20 mM glucose pH 7.4,
1438,H11,3,10,WT,E,P15,150,M9 20 mM glucose pH 7.4,
1439,H12,3,10,WT,F,P15,150,M9 20 mM glucose pH 7.4,
1440,A1,4,1,rhtC,A,P16,150,M9 20 mM glucose pH 7.4,
1441,A2,4,1,rhtC,B,P16,150,M9 20 mM glucose pH 7.4,
1442,A3,4,1,rhtC,C,P16,150,M9 20 mM glucose pH 7.4,
1443,A4,4,1,dppB,A,P16,150,M9 20 mM glucose pH 7.4,
1444,A5,4,1,dppB,B,P16,150,M9 20 mM glucose pH 7.4,
1445,A6,4,1,dppB,C,P16,150,M9 20 mM glucose pH 7.4,
1446,A7,4,1,dctA,A,P16,150,M9 20 mM glucose pH 7.4,
1447,A8,4,1,dctA,B,P16,150,M9 20 mM glucose pH 7.4,
1448,A9,4,1,dctA,C,P16,150,M9 20 mM glucose pH 7.4,
1449,A10,4,1,gltS,A,P16,150,M9 20 mM glucose pH 7.4,
1450,A11,4,1,gltS,B,P16,150,M9 20 mM glucose pH 7.4,
1451,A12,4,1,gltS,C,P16,150,M9 20 mM glucose pH 7.4,
1452,B1,4,1,mtr,A,P16,150,M9 20 mM glucose pH 7.4,
1453,B2,4,1,mtr,B,P16,150,M9 20 mM glucose pH 7.4,
1454,B3,4,1,mtr,C,P16,150,M9 20 mM glucose pH 7.4,
1455,B4,4,1,ugpA,A,P16,150,M9 20 mM glucose pH 7.4,
1456,B5,4,1,ugpA,B,P16,150,M9 20 mM glucose pH 7.4,
1457,B6,4,1,ugpA,C,P16,150,M9 20 mM glucose pH 7.4,
1458,B7,4,1,uhpT,A,P16,150,M9 20 mM glucose pH 7.4,
1459,B8,4,1,uhpT,B,P16,150,M9 20 mM glucose pH 7.4,
1460,B9,4,1,uhpT,C,P16,150,M9 20 mM glucose pH 7.4,
1461,B10,4,1,WT,A,P16,150,M9 20 mM glucose pH 7.4,
1462,B11,4,1,WT,B,P16,150,M9 20 mM glucose pH 7.4,
1463,B12,4,1,WT,C,P16,150,M9 20 mM glucose pH 7.4,
1464,C1,4,1,cstA,A,P16,150,M9 20 mM glucose pH 7.4,
1465,C2,4,1,cstA,B,P16,150,M9 20 mM glucose pH 7.4,
1466,C3,4,1,cstA,C,P16,150,M9 20 mM glucose pH 7.4,
1467,C4,4,1,nupG,A,P16,150,M9 20 mM glucose pH 7.4,
1468,C5,4,1,nupG,B,P16,150,M9 20 mM glucose pH 7.4,
1469,C6,4,1,nupG,C,P16,150,M9 20 mM glucose pH 7.4,
1470,C7,4,1,emrB,A,P16,150,M9 20 mM glucose pH 7.4,
1471,C8,4,1,emrB,B,P16,150,M9 20 mM glucose pH 7.4,
1472,C9,4,1,emrB,C,P16,150,M9 20 mM glucose pH 7.4,
1473,C10,4,1,galP,A,P16,150,M9 20 mM glucose pH 7.4,
1474,C11,4,1,galP,B,P16,150,M9 20 mM glucose pH 7.4,
1475,C12,4,1,galP,C,P16,150,M9 20 mM glucose pH 7.4,
1476,D1,4,1,pheP,A,P16,150,M9 20 mM glucose pH 7.4,
1477,D2,4,1,pheP,B,P16,150,M9 20 mM glucose pH 7.4,
1478,D3,4,1,pheP,C,P16,150,M9 20 mM glucose pH 7.4,
1479,D4,4,1,tdcC,A,P16,150,M9 20 mM glucose pH 7.4,
1480,D5,4,1,tdcC,B,P16,150,M9 20 mM glucose pH 7.4,
1481,D6,4,1,tdcC,C,P16,150,M9 20 mM glucose pH 7.4,
1482,D7,4,1,dcuA,A,P16,150,M9 20 mM glucose pH 7.4,
1483,D8,4,1,dcuA,B,P16,150,M9 20 mM glucose pH 7.4,
1484,D9,4,1,dcuA,C,P16,150,M9 20 mM glucose pH 7.4,
1485,D10,4,1,WT,D,P16,150,M9 20 mM glucose pH 7.4,
1486,D11,4,1,WT,E,P16,150,M9 20 mM glucose pH 7.4,
1487,D12,4,1,WT,F,P16,150,M9 20 mM glucose pH 7.4,
1488,E1,4,2,rhtC,A,P16,150,M9 20 mM glucose pH 7.4,
1489,E2,4,2,rhtC,B,P16,150,M9 20 mM glucose pH 7.4,
1490,E3,4,2,rhtC,C,P16,150,M9 20 mM glucose pH 7.4,
1491,E4,4,2,dppB,A,P16,150,M9 20 mM glucose pH 7.4,
1492,E5,4,2,dppB,B,P16,150,M9 20 mM glucose pH 7.4,
1493,E6,4,2,dppB,C,P16,150,M9 20 mM glucose pH 7.4,
1494,E7,4,2,dctA,A,P16,150,M9 20 mM glucose pH 7.4,
1495,E8,4,2,dctA,B,P16,150,M9 20 mM glucose pH 7.4,
1496,E9,4,2,dctA,C,P16,150,M9 20 mM glucose pH 7.4,
1497,E10,4,2,gltS,A,P16,150,M9 20 mM glucose pH 7.4,
1498,E11,4,2,gltS,B,P16,150,M9 20 mM glucose pH 7.4,
1499,E12,4,2,gltS,C,P16,150,M9 20 mM glucose pH 7.4,
1500,F1,4,2,mtr,A,P16,150,M9 20 mM glucose pH 7.4,
1501,F2,4,2,mtr,B,P16,150,M9 20 mM glucose pH 7.4,
1502,F3,4,2,mtr,C,P16,150,M9 20 mM glucose pH 7.4,
1503,F4,4,2,ugpA,A,P16,150,M9 20 mM glucose pH 7.4,
1504,F5,4,2,ugpA,B,P16,150,M9 20 mM glucose pH 7.4,
1505,F6,4,2,ugpA,C,P16,150,M9 20 mM glucose pH 7.4,
1506,F7,4,2,uhpT,A,P16,150,M9 20 mM glucose pH 7.4,
1507,F8,4,2,uhpT,B,P16,150,M9 20 mM glucose pH 7.4,
1508,F9,4,2,uhpT,C,P16,150,M9 20 mM glucose pH 7.4,
1509,F10,4,2,WT,A,P16,150,M9 20 mM glucose pH 7.4,
1510,F11,4,2,WT,B,P16,150,M9 20 mM glucose pH 7.4,
1511,F12,4,2,WT,C,P16,150,M9 20 mM glucose pH 7.4,
1512,G1,4,2,cstA,A,P16,150,M9 20 mM glucose pH 7.4,
1513,G2,4,2,cstA,B,P16,150,M9 20 mM glucose pH 7.4,
1514,G3,4,2,cstA,C,P16,150,M9 20 mM glucose pH 7.4,
1515,G4,4,2,nupG,A,P16,150,M9 20 mM glucose pH 7.4,
1516,G5,4,2,nupG,B,P16,150,M9 20 mM glucose pH 7.4,
1517,G6,4,2,nupG,C,P16,150,M9 20 mM glucose pH 7.4,
1518,G7,4,2,emrB,A,P16,150,M9 20 mM glucose pH 7.4,
1519,G8,4,2,emrB,B,P16,150,M9 20 mM glucose pH 7.4,
1520,G9,4,2,emrB,C,P16,150,M9 20 mM glucose pH 7.4,
1521,G10,4,2,galP,A,P16,150,M9 20 mM glucose pH 7.4,
1522,G11,4,2,galP,B,P16,150,M9 20 mM glucose pH 7.4,
1523,G12,4,2,galP,C,P16,150,M9 20 mM glucose pH 7.4,
1524,H1,4,2,pheP,A,P16,150,M9 20 mM glucose pH 7.4,
1525,H2,4,2,pheP,B,P16,150,M9 20 mM glucose pH 7.4,
1526,H3,4,2,pheP,C,P16,150,M9 20 mM glucose pH 7.4,
1527,H4,4,2,tdcC,A,P16,150,M9 20 mM glucose pH 7.4,
1528,H5,4,2,tdcC,B,P16,150,M9 20 mM glucose pH 7.4,
1529,H6,4,2,tdcC,C,P16,150,M9 20 mM glucose pH 7.4,
1530,H7,4,2,dcuA,A,P16,150,M9 20 mM glucose pH 7.4,
1531,H8,4,2,dcuA,B,P16,150,M9 20 mM glucose pH 7.4,
1532,H9,4,2,dcuA,C,P16,150,M9 20 mM glucose pH 7.4,
1533,H10,4,2,WT,D,P16,150,M9 20 mM glucose pH 7.4,
1534,H11,4,2,WT,E,P16,150,M9 20 mM glucose pH 7.4,
1535,H12,4,2,WT,F,P16,150,M9 20 mM glucose pH 7.4,
1536,A1,4,3,rhtC,A,P17,150,M9 20 mM glucose pH 7.4,
1537,A2,4,3,rhtC,B,P17,150,M9 20 mM glucose pH 7.4,
1538,A3,4,3,rhtC,C,P17,150,M9 20 mM glucose pH 7.4,
1539,A4,4,3,dppB,A,P17,150,M9 20 mM glucose pH 7.4,
1540,A5,4,3,dppB,B,P17,150,M9 20 mM glucose pH 7.4,
1541,A6,4,3,dppB,C,P17,150,M9 20 mM glucose pH 7.4,
1542,A7,4,3,dctA,A,P17,150,M9 20 mM glucose pH 7.4,
1543,A8,4,3,dctA,B,P17,150,M9 20 mM glucose pH 7.4,
1544,A9,4,3,dctA,C,P17,150,M9 20 mM glucose pH 7.4,
1545,A10,4,3,gltS,A,P17,150,M9 20 mM glucose pH 7.4,
1546,A11,4,3,gltS,B,P17,150,M9 20 mM glucose pH 7.4,
1547,A12,4,3,gltS,C,P17,150,M9 20 mM glucose pH 7.4,
1548,B1,4,3,mtr,A,P17,150,M9 20 mM glucose pH 7.4,
1549,B2,4,3,mtr,B,P17,150,M9 20 mM glucose pH 7.4,
1550,B3,4,3,mtr,C,P17,150,M9 20 mM glucose pH 7.4,
1551,B4,4,3,ugpA,A,P17,150,M9 20 mM glucose pH 7.4,
1552,B5,4,3,ugpA,B,P17,150,M9 20 mM glucose pH 7.4,
1553,B6,4,3,ugpA,C,P17,150,M9 20 mM glucose pH 7.4,
1554,B7,4,3,uhpT,A,P17,150,M9 20 mM glucose pH 7.4,
1555,B8,4,3,uhpT,B,P17,150,M9 20 mM glucose pH 7.4,
1556,B9,4,3,uhpT,C,P17,150,M9 20 mM glucose pH 7.4,
1557,B10,4,3,WT,A,P17,150,M9 20 mM glucose pH 7.4,
1558,B11,4,3,WT,B,P17,150,M9 20 mM glucose pH 7.4,
1559,B12,4,3,WT,C,P17,150,M9 20 mM glucose pH 7.4,
1560,C1,4,3,cstA,A,P17,150,M9 20 mM glucose pH 7.4,
1561,C2,4,3,cstA,B,P17,150,M9 20 mM glucose pH 7.4,
1562,C3,4,3,cstA,C,P17,150,M9 20 mM glucose pH 7.4,
1563,C4,4,3,nupG,A,P17,150,M9 20 mM glucose pH 7.4,
1564,C5,4,3,nupG,B,P17,150,M9 20 mM glucose pH 7.4,
1565,C6,4,3,nupG,C,P17,150,M9 20 mM glucose pH 7.4,
1566,C7,4,3,emrB,A,P17,150,M9 20 mM glucose pH 7.4,
1567,C8,4,3,emrB,B,P17,150,M9 20 mM glucose pH 7.4,
1568,C9,4,3,emrB,C,P17,150,M9 20 mM glucose pH 7.4,
1569,C10,4,3,galP,A,P17,150,M9 20 mM glucose pH 7.4,
1570,C11,4,3,galP,B,P17,150,M9 20 mM glucose pH 7.4,
1571,C12,4,3,galP,C,P17,150,M9 20 mM glucose pH 7.4,
1572,D1,4,3,pheP,A,P17,150,M9 20 mM glucose pH 7.4,
1573,D2,4,3,pheP,B,P17,150,M9 20 mM glucose pH 7.4,
1574,D3,4,3,pheP,C,P17,150,M9 20 mM glucose pH 7.4,
1575,D4,4,3,tdcC,A,P17,150,M9 20 mM glucose pH 7.4,
1576,D5,4,3,tdcC,B,P17,150,M9 20 mM glucose pH 7.4,
1577,D6,4,3,tdcC,C,P17,150,M9 20 mM glucose pH 7.4,
1578,D7,4,3,dcuA,A,P17,150,M9 20 mM glucose pH 7.4,
1579,D8,4,3,dcuA,B,P17,150,M9 20 mM glucose pH 7.4,
1580,D9,4,3,dcuA,C,P17,150,M9 20 mM glucose pH 7.4,
1581,D10,4,3,WT,D,P17,150,M9 20 mM glucose pH 7.4,
1582,D11,4,3,WT,E,P17,150,M9 20 mM glucose pH 7.4,
1583,D12,4,3,WT,F,P17,150,M9 20 mM glucose pH 7.4,
1584,E1,4,4,rhtC,A,P17,150,M9 20 mM glucose pH 7.4,
1585,E2,4,4,rhtC,B,P17,150,M9 20 mM glucose pH 7.4,
1586,E3,4,4,rhtC,C,P17,150,M9 20 mM glucose pH 7.4,
1587,E4,4,4,dppB,A,P17,150,M9 20 mM glucose pH 7.4,
1588,E5,4,4,dppB,B,P17,150,M9 20 mM glucose pH 7.4,
1589,E6,4,4,dppB,C,P17,150,M9 20 mM glucose pH 7.4,
1590,E7,4,4,dctA,A,P17,150,M9 20 mM glucose pH 7.4,
1591,E8,4,4,dctA,B,P17,150,M9 20 mM glucose pH 7.4,
1592,E9,4,4,dctA,C,P17,150,M9 20 mM glucose pH 7.4,
1593,E10,4,4,gltS,A,P17,150,M9 20 mM glucose pH 7.4,
1594,E11,4,4,gltS,B,P17,150,M9 20 mM glucose pH 7.4,
1595,E12,4,4,gltS,C,P17,150,M9 20 mM glucose pH 7.4,
1596,F1,4,4,mtr,A,P17,150,M9 20 mM glucose pH 7.4,
1597,F2,4,4,mtr,B,P17,150,M9 20 mM glucose pH 7.4,
1598,F3,4,4,mtr,C,P17,150,M9 20 mM glucose pH 7.4,
1599,F4,4,4,ugpA,A,P17,150,M9 20 mM glucose pH 7.4,
1600,F5,4,4,ugpA,B,P17,150,M9 20 mM glucose pH 7.4,
1601,F6,4,4,ugpA,C,P17,150,M9 20 mM glucose pH 7.4,
1602,F7,4,4,uhpT,A,P17,150,M9 20 mM glucose pH 7.4,
1603,F8,4,4,uhpT,B,P17,150,M9 20 mM glucose pH 7.4,
1604,F9,4,4,uhpT,C,P17,150,M9 20 mM glucose pH 7.4,
1605,F10,4,4,WT,A,P17,150,M9 20 mM glucose pH 7.4,
1606,F11,4,4,WT,B,P17,150,M9 20 mM glucose pH 7.4,
1607,F12,4,4,WT,C,P17,150,M9 20 mM glucose pH 7.4,
1608,G1,4,4,cstA,A,P17,150,M9 20 mM glucose pH 7.4,
1609,G2,4,4,cstA,B,P17,150,M9 20 mM glucose pH 7.4,
1610,G3,4,4,cstA,C,P17,150,M9 20 mM glucose pH 7.4,
1611,G4,4,4,nupG,A,P17,150,M9 20 mM glucose pH 7.4,
1612,G5,4,4,nupG,B,P17,150,M9 20 mM glucose pH 7.4,
1613,G6,4,4,nupG,C,P17,150,M9 20 mM glucose pH 7.4,
1614,G7,4,4,emrB,A,P17,150,M9 20 mM glucose pH 7.4,
1615,G8,4,4,emrB,B,P17,150,M9 20 mM glucose pH 7.4,
1616,G9,4,4,emrB,C,P17,150,M9 20 mM glucose pH 7.4,
1617,G10,4,4,galP,A,P17,150,M9 20 mM glucose pH 7.4,
1618,G11,4,4,galP,B,P17,150,M9 20 mM glucose pH 7.4,
1619,G12,4,4,galP,C,P17,150,M9 20 mM glucose pH 7.4,
1620,H1,4,4,pheP,A,P17,150,M9 20 mM glucose pH 7.4,
1621,H2,4,4,pheP,B,P17,150,M9 20 mM glucose pH 7.4,
1622,H3,4,4,pheP,C,P17,150,M9 20 mM glucose pH 7.4,
1623,H4,4,4,tdcC,A,P17,150,M9 20 mM glucose pH 7.4,
1624,H5,4,4,tdcC,B,P17,150,M9 20 mM glucose pH 7.4,
1625,H6,4,4,tdcC,C,P17,150,M9 20 mM glucose pH 7.4,
1626,H7,4,4,dcuA,A,P17,150,M9 20 mM glucose pH 7.4,
1627,H8,4,4,dcuA,B,P17,150,M9 20 mM glucose pH 7.4,
1628,H9,4,4,dcuA,C,P17,150,M9 20 mM glucose pH 7.4,
1629,H10,4,4,WT,D,P17,150,M9 20 mM glucose pH 7.4,
1630,H11,4,4,WT,E,P17,150,M9 20 mM glucose pH 7.4,
1631,H12,4,4,WT,F,P17,150,M9 20 mM glucose pH 7.4,
1632,A1,4,5,rhtC,A,P18,150,M9 20 mM glucose pH 7.4,
1633,A2,4,5,rhtC,B,P18,150,M9 20 mM glucose pH 7.4,
1634,A3,4,5,rhtC,C,P18,150,M9 20 mM glucose pH 7.4,
1635,A4,4,5,dppB,A,P18,150,M9 20 mM glucose pH 7.4,
1636,A5,4,5,dppB,B,P18,150,M9 20 mM glucose pH 7.4,
1637,A6,4,5,dppB,C,P18,150,M9 20 mM glucose pH 7.4,
1638,A7,4,5,dctA,A,P18,150,M9 20 mM glucose pH 7.4,
1639,A8,4,5,dctA,B,P18,150,M9 20 mM glucose pH 7.4,
1640,A9,4,5,dctA,C,P18,150,M9 20 mM glucose pH 7.4,
1641,A10,4,5,gltS,A,P18,150,M9 20 mM glucose pH 7.4,
1642,A11,4,5,gltS,B,P18,150,M9 20 mM glucose pH 7.4,
1643,A12,4,5,gltS,C,P18,150,M9 20 mM glucose pH 7.4,
1644,B1,4,5,mtr,A,P18,150,M9 20 mM glucose pH 7.4,
1645,B2,4,5,mtr,B,P18,150,M9 20 mM glucose pH 7.4,
1646,B3,4,5,mtr,C,P18,150,M9 20 mM glucose pH 7.4,
1647,B4,4,5,ugpA,A,P18,150,M9 20 mM glucose pH 7.4,
1648,B5,4,5,ugpA,B,P18,150,M9 20 mM glucose pH 7.4,
1649,B6,4,5,ugpA,C,P18,150,M9 20 mM glucose pH 7.4,
1650,B7,4,5,uhpT,A,P18,150,M9 20 mM glucose pH 7.4,
1651,B8,4,5,uhpT,B,P18,150,M9 20 mM glucose pH 7.4,
1652,B9,4,5,uhpT,C,P18,150,M9 20 mM glucose pH 7.4,
1653,B10,4,5,WT,A,P18,150,M9 20 mM glucose pH 7.4,
1654,B11,4,5,WT,B,P18,150,M9 20 mM glucose pH 7.4,
1655,B12,4,5,WT,C,P18,150,M9 20 mM glucose pH 7.4,
1656,C1,4,5,cstA,A,P18,150,M9 20 mM glucose pH 7.4,
1657,C2,4,5,cstA,B,P18,150,M9 20 mM glucose pH 7.4,
1658,C3,4,5,cstA,C,P18,150,M9 20 mM glucose pH 7.4,
1659,C4,4,5,nupG,A,P18,150,M9 20 mM glucose pH 7.4,
1660,C5,4,5,nupG,B,P18,150,M9 20 mM glucose pH 7.4,
1661,C6,4,5,nupG,C,P18,150,M9 20 mM glucose pH 7.4,
1662,C7,4,5,emrB,A,P18,150,M9 20 mM glucose pH 7.4,
1663,C8,4,5,emrB,B,P18,150,M9 20 mM glucose pH 7.4,
1664,C9,4,5,emrB,C,P18,150,M9 20 mM glucose pH 7.4,
1665,C10,4,5,galP,A,P18,150,M9 20 mM glucose pH 7.4,
1666,C11,4,5,galP,B,P18,150,M9 20 mM glucose pH 7.4,
1667,C12,4,5,galP,C,P18,150,M9 20 mM glucose pH 7.4,
1668,D1,4,5,pheP,A,P18,150,M9 20 mM glucose pH 7.4,
1669,D2,4,5,pheP,B,P18,150,M9 20 mM glucose pH 7.4,
1670,D3,4,5,pheP,C,P18,150,M9 20 mM glucose pH 7.4,
1671,D4,4,5,tdcC,A,P18,150,M9 20 mM glucose pH 7.4,
1672,D5,4,5,tdcC,B,P18,150,M9 20 mM glucose pH 7.4,
1673,D6,4,5,tdcC,C,P18,150,M9 20 mM glucose pH 7.4,
1674,D7,4,5,dcuA,C,P18,150,M9 20 mM glucose pH 7.4,Swapped with D9
1675,D8,4,5,dcuA,B,P18,150,M9 20 mM glucose pH 7.4,
1676,D9,4,5,dcuA,A,P18,150,M9 20 mM glucose pH 7.4,Swapped with D7
1677,D10,4,5,WT,D,P18,150,M9 20 mM glucose pH 7.4,
1678,D11,4,5,WT,E,P18,150,M9 20 mM glucose pH 7.4,
1679,D12,4,5,WT,F,P18,150,M9 20 mM glucose pH 7.4,
1680,E1,4,6,rhtC,A,P18,150,M9 20 mM glucose pH 7.4,
1681,E2,4,6,rhtC,B,P18,150,M9 20 mM glucose pH 7.4,
1682,E3,4,6,rhtC,C,P18,150,M9 20 mM glucose pH 7.4,
1683,E4,4,6,dppB,A,P18,150,M9 20 mM glucose pH 7.4,
1684,E5,4,6,dppB,B,P18,150,M9 20 mM glucose pH 7.4,
1685,E6,4,6,dppB,C,P18,150,M9 20 mM glucose pH 7.4,
1686,E7,4,6,dctA,A,P18,150,M9 20 mM glucose pH 7.4,
1687,E8,4,6,dctA,B,P18,150,M9 20 mM glucose pH 7.4,
1688,E9,4,6,dctA,C,P18,150,M9 20 mM glucose pH 7.4,
1689,E10,4,6,gltS,A,P18,150,M9 20 mM glucose pH 7.4,
1690,E11,4,6,gltS,B,P18,150,M9 20 mM glucose pH 7.4,
1691,E12,4,6,gltS,C,P18,150,M9 20 mM glucose pH 7.4,
1692,F1,4,6,mtr,A,P18,150,M9 20 mM glucose pH 7.4,
1693,F2,4,6,mtr,B,P18,150,M9 20 mM glucose pH 7.4,
1694,F3,4,6,mtr,C,P18,150,M9 20 mM glucose pH 7.4,
1695,F4,4,6,ugpA,A,P18,150,M9 20 mM glucose pH 7.4,
1696,F5,4,6,ugpA,B,P18,150,M9 20 mM glucose pH 7.4,
1697,F6,4,6,ugpA,C,P18,150,M9 20 mM glucose pH 7.4,
1698,F7,4,6,uhpT,A,P18,150,M9 20 mM glucose pH 7.4,
1699,F8,4,6,uhpT,B,P18,150,M9 20 mM glucose pH 7.4,
1700,F9,4,6,uhpT,C,P18,150,M9 20 mM glucose pH 7.4,
1701,F10,4,6,WT,A,P18,150,M9 20 mM glucose pH 7.4,
1702,F11,4,6,WT,B,P18,150,M9 20 mM glucose pH 7.4,
1703,F12,4,6,WT,C,P18,150,M9 20 mM glucose pH 7.4,
1704,G1,4,6,cstA,A,P18,150,M9 20 mM glucose pH 7.4,
1705,G2,4,6,cstA,B,P18,150,M9 20 mM glucose pH 7.4,
1706,G3,4,6,cstA,C,P18,150,M9 20 mM glucose pH 7.4,
1707,G4,4,6,nupG,A,P18,150,M9 20 mM glucose pH 7.4,
1708,G5,4,6,nupG,B,P18,150,M9 20 mM glucose pH 7.4,
1709,G6,4,6,nupG,C,P18,150,M9 20 mM glucose pH 7.4,
1710,G7,4,6,emrB,A,P18,150,M9 20 mM glucose pH 7.4,
1711,G8,4,6,emrB,B,P18,150,M9 20 mM glucose pH 7.4,
1712,G9,4,6,emrB,C,P18,150,M9 20 mM glucose pH 7.4,
1713,G10,4,6,galP,A,P18,150,M9 20 mM glucose pH 7.4,
1714,G11,4,6,galP,B,P18,150,M9 20 mM glucose pH 7.4,
1715,G12,4,6,galP,C,P18,150,M9 20 mM glucose pH 7.4,
1716,H1,4,6,pheP,A,P18,150,M9 20 mM glucose pH 7.4,
1717,H2,4,6,pheP,B,P18,150,M9 20 mM glucose pH 7.4,
1718,H3,4,6,pheP,C,P18,150,M9 20 mM glucose pH 7.4,
1719,H4,4,6,tdcC,A,P18,150,M9 20 mM glucose pH 7.4,
1720,H5,4,6,tdcC,B,P18,150,M9 20 mM glucose pH 7.4,
1721,H6,4,6,tdcC,C,P18,150,M9 20 mM glucose pH 7.4,
1722,H7,4,6,dcuA,A,P18,150,M9 20 mM glucose pH 7.4,
1723,H8,4,6,dcuA,B,P18,150,M9 20 mM glucose pH 7.4,
1724,H9,4,6,dcuA,C,P18,150,M9 20 mM glucose pH 7.4,
1725,H10,4,6,WT,D,P18,150,M9 20 mM glucose pH 7.4,
1726,H11,4,6,WT,E,P18,150,M9 20 mM glucose pH 7.4,
1727,H12,4,6,WT,F,P18,150,M9 20 mM glucose pH 7.4,
1728,A1,4,7,rhtC,A,P19,150,M9 20 mM glucose pH 7.4,
1729,A2,4,7,rhtC,B,P19,150,M9 20 mM glucose pH 7.4,
1730,A3,4,7,rhtC,C,P19,150,M9 20 mM glucose pH 7.4,
1731,A4,4,7,dppB,A,P19,150,M9 20 mM glucose pH 7.4,
1732,A5,4,7,dppB,B,P19,150,M9 20 mM glucose pH 7.4,
1733,A6,4,7,dppB,C,P19,150,M9 20 mM glucose pH 7.4,
1734,A7,4,7,dctA,A,P19,150,M9 20 mM glucose pH 7.4,
1735,A8,4,7,dctA,B,P19,150,M9 20 mM glucose pH 7.4,
1736,A9,4,7,dctA,C,P19,150,M9 20 mM glucose pH 7.4,
1737,A10,4,7,gltS,A,P19,150,M9 20 mM glucose pH 7.4,
1738,A11,4,7,gltS,B,P19,150,M9 20 mM glucose pH 7.4,
1739,A12,4,7,gltS,C,P19,150,M9 20 mM glucose pH 7.4,
1740,B1,4,7,mtr,A,P19,150,M9 20 mM glucose pH 7.4,
1741,B2,4,7,mtr,B,P19,150,M9 20 mM glucose pH 7.4,
1742,B3,4,7,mtr,C,P19,150,M9 20 mM glucose pH 7.4,
1743,B4,4,7,ugpA,A,P19,150,M9 20 mM glucose pH 7.4,
1744,B5,4,7,ugpA,B,P19,150,M9 20 mM glucose pH 7.4,
1745,B6,4,7,ugpA,C,P19,150,M9 20 mM glucose pH 7.4,
1746,B7,4,7,uhpT,A,P19,150,M9 20 mM glucose pH 7.4,
1747,B8,4,7,uhpT,B,P19,150,M9 20 mM glucose pH 7.4,
1748,B9,4,7,uhpT,C,P19,150,M9 20 mM glucose pH 7.4,
1749,B10,4,7,WT,A,P19,150,M9 20 mM glucose pH 7.4,
1750,B11,4,7,WT,B,P19,150,M9 20 mM glucose pH 7.4,
1751,B12,4,7,WT,C,P19,150,M9 20 mM glucose pH 7.4,
1752,C1,4,7,cstA,A,P19,150,M9 20 mM glucose pH 7.4,
1753,C2,4,7,cstA,B,P19,150,M9 20 mM glucose pH 7.4,
1754,C3,4,7,cstA,C,P19,150,M9 20 mM glucose pH 7.4,
1755,C4,4,7,nupG,A,P19,150,M9 20 mM glucose pH 7.4,
1756,C5,4,7,nupG,B,P19,150,M9 20 mM glucose pH 7.4,
1757,C6,4,7,nupG,C,P19,150,M9 20 mM glucose pH 7.4,
1758,C7,4,7,emrB,A,P19,150,M9 20 mM glucose pH 7.4,
1759,C8,4,7,emrB,B,P19,150,M9 20 mM glucose pH 7.4,
1760,C9,4,7,emrB,C,P19,150,M9 20 mM glucose pH 7.4,
1761,C10,4,7,galP,A,P19,150,M9 20 mM glucose pH 7.4,
1762,C11,4,7,galP,B,P19,150,M9 20 mM glucose pH 7.4,
1763,C12,4,7,galP,C,P19,150,M9 20 mM glucose pH 7.4,
1764,D1,4,7,pheP,A,P19,150,M9 20 mM glucose pH 7.4,
1765,D2,4,7,pheP,B,P19,150,M9 20 mM glucose pH 7.4,
1766,D3,4,7,pheP,C,P19,150,M9 20 mM glucose pH 7.4,
1767,D4,4,7,tdcC,A,P19,150,M9 20 mM glucose pH 7.4,
1768,D5,4,7,tdcC,B,P19,150,M9 20 mM glucose pH 7.4,
1769,D6,4,7,tdcC,C,P19,150,M9 20 mM glucose pH 7.4,
1770,D7,4,7,dcuA,A,P19,150,M9 20 mM glucose pH 7.4,
1771,D8,4,7,dcuA,B,P19,150,M9 20 mM glucose pH 7.4,
1772,D9,4,7,dcuA,C,P19,150,M9 20 mM glucose pH 7.4,
1773,D10,4,7,WT,D,P19,150,M9 20 mM glucose pH 7.4,
1774,D11,4,7,WT,E,P19,150,M9 20 mM glucose pH 7.4,
1775,D12,4,7,WT,F,P19,150,M9 20 mM glucose pH 7.4,
1776,E1,4,8,rhtC,A,P19,150,M9 20 mM glucose pH 7.4,
1777,E2,4,8,rhtC,B,P19,150,M9 20 mM glucose pH 7.4,
1778,E3,4,8,rhtC,C,P19,150,M9 20 mM glucose pH 7.4,
1779,E4,4,8,dppB,A,P19,150,M9 20 mM glucose pH 7.4,
1780,E5,4,8,dppB,B,P19,150,M9 20 mM glucose pH 7.4,
1781,E6,4,8,dppB,C,P19,150,M9 20 mM glucose pH 7.4,
1782,E7,4,8,dctA,A,P19,150,M9 20 mM glucose pH 7.4,
1783,E8,4,8,dctA,B,P19,150,M9 20 mM glucose pH 7.4,
1784,E9,4,8,dctA,C,P19,150,M9 20 mM glucose pH 7.4,
1785,E10,4,8,gltS,A,P19,150,M9 20 mM glucose pH 7.4,
1786,E11,4,8,gltS,B,P19,150,M9 20 mM glucose pH 7.4,
1787,E12,4,8,gltS,C,P19,150,M9 20 mM glucose pH 7.4,
1788,F1,4,8,mtr,A,P19,150,M9 20 mM glucose pH 7.4,
1789,F2,4,8,mtr,B,P19,150,M9 20 mM glucose pH 7.4,
1790,F3,4,8,mtr,C,P19,150,M9 20 mM glucose pH 7.4,
1791,F4,4,8,ugpA,A,P19,150,M9 20 mM glucose pH 7.4,
1792,F5,4,8,ugpA,B,P19,150,M9 20 mM glucose pH 7.4,
1793,F6,4,8,ugpA,C,P19,150,M9 20 mM glucose pH 7.4,
1794,F7,4,8,uhpT,A,P19,150,M9 20 mM glucose pH 7.4,
1795,F8,4,8,uhpT,B,P19,150,M9 20 mM glucose pH 7.4,
1796,F9,4,8,uhpT,C,P19,150,M9 20 mM glucose pH 7.4,
1797,F10,4,8,WT,A,P19,150,M9 20 mM glucose pH 7.4,
1798,F11,4,8,WT,B,P19,150,M9 20 mM glucose pH 7.4,
1799,F12,4,8,WT,C,P19,150,M9 20 mM glucose pH 7.4,
1800,G1,4,8,cstA,A,P19,150,M9 20 mM glucose pH 7.4,
1801,G2,4,8,cstA,B,P19,150,M9 20 mM glucose pH 7.4,
1802,G3,4,8,cstA,C,P19,150,M9 20 mM glucose pH 7.4,
1803,G4,4,8,nupG,A,P19,150,M9 20 mM glucose pH 7.4,
1804,G5,4,8,nupG,B,P19,150,M9 20 mM glucose pH 7.4,
1805,G6,4,8,nupG,C,P19,150,M9 20 mM glucose pH 7.4,
1806,G7,4,8,emrB,A,P19,150,M9 20 mM glucose pH 7.4,
1807,G8,4,8,emrB,B,P19,150,M9 20 mM glucose pH 7.4,
1808,G9,4,8,emrB,C,P19,150,M9 20 mM glucose pH 7.4,
1809,G10,4,8,galP,A,P19,150,M9 20 mM glucose pH 7.4,
1810,G11,4,8,galP,B,P19,150,M9 20 mM glucose pH 7.4,
1811,G12,4,8,galP,C,P19,150,M9 20 mM glucose pH 7.4,
1812,H1,4,8,pheP,A,P19,150,M9 20 mM glucose pH 7.4,
1813,H2,4,8,pheP,B,P19,150,M9 20 mM glucose pH 7.4,
1814,H3,4,8,pheP,C,P19,150,M9 20 mM glucose pH 7.4,
1815,H4,4,8,tdcC,A,P19,150,M9 20 mM glucose pH 7.4,
1816,H5,4,8,tdcC,B,P19,150,M9 20 mM glucose pH 7.4,
1817,H6,4,8,tdcC,C,P19,150,M9 20 mM glucose pH 7.4,
1818,H7,4,8,dcuA,A,P19,150,M9 20 mM glucose pH 7.4,
1819,H8,4,8,dcuA,B,P19,150,M9 20 mM glucose pH 7.4,
1820,H9,4,8,dcuA,C,P19,150,M9 20 mM glucose pH 7.4,
1821,H10,4,8,WT,D,P19,150,M9 20 mM glucose pH 7.4,
1822,H11,4,8,WT,E,P19,150,M9 20 mM glucose pH 7.4,
1823,H12,4,8,WT,F,P19,150,M9 20 mM glucose pH 7.4,
1824,A1,4,9,rhtC,A,P20,150,M9 20 mM glucose pH 7.4,
1825,A2,4,9,rhtC,B,P20,150,M9 20 mM glucose pH 7.4,
1826,A3,4,9,rhtC,C,P20,150,M9 20 mM glucose pH 7.4,
1827,A4,4,9,dppB,A,P20,150,M9 20 mM glucose pH 7.4,
1828,A5,4,9,dppB,B,P20,150,M9 20 mM glucose pH 7.4,
1829,A6,4,9,dppB,C,P20,150,M9 20 mM glucose pH 7.4,
1830,A7,4,9,dctA,A,P20,150,M9 20 mM glucose pH 7.4,
1831,A8,4,9,dctA,B,P20,150,M9 20 mM glucose pH 7.4,
1832,A9,4,9,dctA,C,P20,150,M9 20 mM glucose pH 7.4,
1833,A10,4,9,gltS,A,P20,150,M9 20 mM glucose pH 7.4,
1834,A11,4,9,gltS,B,P20,150,M9 20 mM glucose pH 7.4,
1835,A12,4,9,gltS,C,P20,150,M9 20 mM glucose pH 7.4,
1836,B1,4,9,mtr,A,P20,150,M9 20 mM glucose pH 7.4,
1837,B2,4,9,mtr,B,P20,150,M9 20 mM glucose pH 7.4,
1838,B3,4,9,mtr,C,P20,150,M9 20 mM glucose pH 7.4,
1839,B4,4,9,ugpA,A,P20,150,M9 20 mM glucose pH 7.4,
1840,B5,4,9,ugpA,B,P20,150,M9 20 mM glucose pH 7.4,
1841,B6,4,9,ugpA,C,P20,150,M9 20 mM glucose pH 7.4,
1842,B7,4,9,uhpT,A,P20,150,M9 20 mM glucose pH 7.4,
1843,B8,4,9,uhpT,B,P20,150,M9 20 mM glucose pH 7.4,
1844,B9,4,9,uhpT,C,P20,150,M9 20 mM glucose pH 7.4,
1845,B10,4,9,WT,A,P20,150,M9 20 mM glucose pH 7.4,
1846,B11,4,9,WT,B,P20,150,M9 20 mM glucose pH 7.4,
1847,B12,4,9,WT,C,P20,150,M9 20 mM glucose pH 7.4,
1848,C1,4,9,cstA,A,P20,150,M9 20 mM glucose pH 7.4,
1849,C2,4,9,cstA,B,P20,150,M9 20 mM glucose pH 7.4,
1850,C3,4,9,cstA,C,P20,150,M9 20 mM glucose pH 7.4,
1851,C4,4,9,nupG,A,P20,150,M9 20 mM glucose pH 7.4,
1852,C5,4,9,nupG,B,P20,150,M9 20 mM glucose pH 7.4,
1853,C6,4,9,nupG,C,P20,150,M9 20 mM glucose pH 7.4,
1854,C7,4,9,emrB,A,P20,150,M9 20 mM glucose pH 7.4,
1855,C8,4,9,emrB,B,P20,150,M9 20 mM glucose pH 7.4,
1856,C9,4,9,emrB,C,P20,150,M9 20 mM glucose pH 7.4,
1857,C10,4,9,galP,A,P20,150,M9 20 mM glucose pH 7.4,
1858,C11,4,9,galP,B,P20,150,M9 20 mM glucose pH 7.4,
1859,C12,4,9,galP,C,P20,150,M9 20 mM glucose pH 7.4,
1860,D1,4,9,pheP,A,P20,150,M9 20 mM glucose pH 7.4,
1861,D2,4,9,pheP,B,P20,150,M9 20 mM glucose pH 7.4,
1862,D3,4,9,pheP,C,P20,150,M9 20 mM glucose pH 7.4,
1863,D4,4,9,tdcC,A,P20,150,M9 20 mM glucose pH 7.4,
1864,D5,4,9,tdcC,B,P20,150,M9 20 mM glucose pH 7.4,
1865,D6,4,9,tdcC,C,P20,150,M9 20 mM glucose pH 7.4,
1866,D7,4,9,dcuA,A,P20,150,M9 20 mM glucose pH 7.4,
1867,D8,4,9,dcuA,B,P20,150,M9 20 mM glucose pH 7.4,
1868,D9,4,9,dcuA,C,P20,150,M9 20 mM glucose pH 7.4,
1869,D10,4,9,WT,D,P20,150,M9 20 mM glucose pH 7.4,
1870,D11,4,9,WT,E,P20,150,M9 20 mM glucose pH 7.4,
1871,D12,4,9,WT,F,P20,150,M9 20 mM glucose pH 7.4,
1872,E1,4,10,rhtC,A,P20,150,M9 20 mM glucose pH 7.4,
1873,E2,4,10,rhtC,B,P20,150,M9 20 mM glucose pH 7.4,
1874,E3,4,10,rhtC,C,P20,150,M9 20 mM glucose pH 7.4,
1875,E4,4,10,dppB,A,P20,150,M9 20 mM glucose pH 7.4,
1876,E5,4,10,dppB,B,P20,150,M9 20 mM glucose pH 7.4,
1877,E6,4,10,dppB,C,P20,150,M9 20 mM glucose pH 7.4,
1878,E7,4,10,dctA,A,P20,150,M9 20 mM glucose pH 7.4,
1879,E8,4,10,dctA,B,P20,150,M9 20 mM glucose pH 7.4,
1880,E9,4,10,dctA,C,P20,150,M9 20 mM glucose pH 7.4,
1881,E10,4,10,gltS,A,P20,150,M9 20 mM glucose pH 7.4,
1882,E11,4,10,gltS,B,P20,150,M9 20 mM glucose pH 7.4,
1883,E12,4,10,gltS,C,P20,150,M9 20 mM glucose pH 7.4,
1884,F1,4,10,mtr,A,P20,150,M9 20 mM glucose pH 7.4,
1885,F2,4,10,mtr,B,P20,150,M9 20 mM glucose pH 7.4,
1886,F3,4,10,mtr,C,P20,150,M9 20 mM glucose pH 7.4,
1887,F4,4,10,ugpA,A,P20,150,M9 20 mM glucose pH 7.4,
1888,F5,4,10,ugpA,B,P20,150,M9 20 mM glucose pH 7.4,
1889,F6,4,10,ugpA,C,P20,150,M9 20 mM glucose pH 7.4,
1890,F7,4,10,uhpT,A,P20,150,M9 20 mM glucose pH 7.4,
1891,F8,4,10,uhpT,B,P20,150,M9 20 mM glucose pH 7.4,
1892,F9,4,10,uhpT,C,P20,150,M9 20 mM glucose pH 7.4,
1893,F10,4,10,WT,A,P20,150,M9 20 mM glucose pH 7.4,
1894,F11,4,10,WT,B,P20,150,M9 20 mM glucose pH 7.4,
1895,F12,4,10,WT,C,P20,150,M9 20 mM glucose pH 7.4,
1896,G1,4,10,cstA,A,P20,150,M9 20 mM glucose pH 7.4,
1897,G2,4,10,cstA,B,P20,150,M9 20 mM glucose pH 7.4,
1898,G3,4,10,cstA,C,P20,150,M9 20 mM glucose pH 7.4,
1899,G4,4,10,nupG,A,P20,150,M9 20 mM glucose pH 7.4,
1900,G5,4,10,nupG,B,P20,150,M9 20 mM glucose pH 7.4,
1901,G6,4,10,nupG,C,P20,150,M9 20 mM glucose pH 7.4,
1902,G7,4,10,emrB,A,P20,150,M9 20 mM glucose pH 7.4,
1903,G8,4,10,emrB,B,P20,150,M9 20 mM glucose pH 7.4,
1904,G9,4,10,emrB,C,P20,150,M9 20 mM glucose pH 7.4,
1905,G10,4,10,galP,A,P20,150,M9 20 mM glucose pH 7.4,
1906,G11,4,10,galP,B,P20,150,M9 20 mM glucose pH 7.4,
1907,G12,4,10,galP,C,P20,150,M9 20 mM glucose pH 7.4,
1908,H1,4,10,pheP,A,P20,150,M9 20 mM glucose pH 7.4,
1909,H2,4,10,pheP,B,P20,150,M9 20 mM glucose pH 7.4,
1910,H3,4,10,pheP,C,P20,150,M9 20 mM glucose pH 7.4,
1911,H4,4,10,tdcC,A,P20,150,M9 20 mM glucose pH 7.4,
1912,H5,4,10,tdcC,B,P20,150,M9 20 mM glucose pH 7.4,
1913,H6,4,10,tdcC,C,P20,150,M9 20 mM glucose pH 7.4,
1914,H7,4,10,dcuA,A,P20,150,M9 20 mM glucose pH 7.4,
1915,H8,4,10,dcuA,B,P20,150,M9 20 mM glucose pH 7.4,
1916,H9,4,10,dcuA,C,P20,150,M9 20 mM glucose pH 7.4,
1917,H10,4,10,WT,D,P20,150,M9 20 mM glucose pH 7.4,
1918,H11,4,10,WT,E,P20,150,M9 20 mM glucose pH 7.4,
1919,H12,4,10,WT,F,P20,150,M9 20 mM glucose pH 7.4,
1920,A1,5,1,livH,A,P21,150,M9 20 mM glucose pH 7.4,
1921,A2,5,1,livH,B,P21,150,M9 20 mM glucose pH 7.4,
1922,A3,5,1,livH,C,P21,150,M9 20 mM glucose pH 7.4,
1923,A4,5,1,rhtB,A,P21,150,M9 20 mM glucose pH 7.4,
1924,A5,5,1,rhtB,B,P21,150,M9 20 mM glucose pH 7.4,
1925,A6,5,1,rhtB,C,P21,150,M9 20 mM glucose pH 7.4,
1926,A7,5,1,eamA,A,P21,150,M9 20 mM glucose pH 7.4,
1927,A8,5,1,eamA,B,P21,150,M9 20 mM glucose pH 7.4,
1928,A9,5,1,eamA,C,P21,150,M9 20 mM glucose pH 7.4,
1929,A10,5,1,metI,A,P21,150,M9 20 mM glucose pH 7.4,
1930,A11,5,1,metI,B,P21,150,M9 20 mM glucose pH 7.4,
1931,A12,5,1,metI,C,P21,150,M9 20 mM glucose pH 7.4,
1932,B1,5,1,tolC,A,P21,150,M9 20 mM glucose pH 7.4,
1933,B2,5,1,tolC,B,P21,150,M9 20 mM glucose pH 7.4,
1934,B3,5,1,tolC,C,P21,150,M9 20 mM glucose pH 7.4,
1935,B4,5,1,yahN,A,P21,150,M9 20 mM glucose pH 7.4,
1936,B5,5,1,yahN,B,P21,150,M9 20 mM glucose pH 7.4,
1937,B6,5,1,yahN,C,P21,150,M9 20 mM glucose pH 7.4,
1938,B7,5,1,kgtP,A,P21,150,M9 20 mM glucose pH 7.4,
1939,B8,5,1,kgtP,B,P21,150,M9 20 mM glucose pH 7.4,
1940,B9,5,1,kgtP,C,P21,150,M9 20 mM glucose pH 7.4,
1941,B10,5,1,WT,A,P21,150,M9 20 mM glucose pH 7.4,
1942,B11,5,1,WT,B,P21,150,M9 20 mM glucose pH 7.4,
1943,B12,5,1,WT,C,P21,150,M9 20 mM glucose pH 7.4,
1944,C1,5,1,manY,A,P21,150,M9 20 mM glucose pH 7.4,
1945,C2,5,1,manY,B,P21,150,M9 20 mM glucose pH 7.4,
1946,C3,5,1,manY,C,P21,150,M9 20 mM glucose pH 7.4,
1947,C4,5,1,hisQ,A,P21,150,M9 20 mM glucose pH 7.4,
1948,C5,5,1,hisQ,B,P21,150,M9 20 mM glucose pH 7.4,
1949,C6,5,1,hisQ,C,P21,150,M9 20 mM glucose pH 7.4,
1950,C7,5,1,ansP,A,P21,150,M9 20 mM glucose pH 7.4,
1951,C8,5,1,ansP,B,P21,150,M9 20 mM glucose pH 7.4,
1952,C9,5,1,ansP,C,P21,150,M9 20 mM glucose pH 7.4,
1953,C10,5,1,glpT,A,P21,150,M9 20 mM glucose pH 7.4,
1954,C11,5,1,glpT,B,P21,150,M9 20 mM glucose pH 7.4,
1955,C12,5,1,glpT,C,P21,150,M9 20 mM glucose pH 7.4,
1956,D1,5,1,WT+pEP35,A,P21,150,M9 20 mM glucose pH 7.4 + 10 ng/mL aTc,
1957,D2,5,1,WT+pEP35,B,P21,150,M9 20 mM glucose pH 7.4 + 10 ng/mL aTc,
1958,D3,5,1,WT+pEP35,C,P21,150,M9 20 mM glucose pH 7.4 + 10 ng/mL aTc,
1959,D4,5,1,WT+pEP17,A,P21,150,M9 20 mM glucose pH 7.4 + 10 ng/mL aTc,
1960,D5,5,1,WT+pEP17,B,P21,150,M9 20 mM glucose pH 7.4 + 10 ng/mL aTc,
1961,D6,5,1,WT+pEP17,C,P21,150,M9 20 mM glucose pH 7.4 + 10 ng/mL aTc,
1962,D7,5,1,ΔproC (mCherry) ΔtrpR + pEP28,A,P21,150,M9 20 mM glucose pH 7.4 + 50 mg/L proline,
1963,D8,5,1,ΔproC (mCherry) ΔtrpR + pEP28,B,P21,150,M9 20 mM glucose pH 7.4 + 50 mg/L proline,
1964,D9,5,1,ΔproC (mCherry) ΔtrpR + pEP28,C,P21,150,M9 20 mM glucose pH 7.4 + 50 mg/L proline,
1965,D10,5,1,WT,D,P21,150,M9 20 mM glucose pH 7.4,
1966,D11,5,1,WT,E,P21,150,M9 20 mM glucose pH 7.4,
1967,D12,5,1,WT,F,P21,150,M9 20 mM glucose pH 7.4,
1968,E1,5,1,ΔtrpC (sfGFP) proB74 + pEP28,A,P21,150,M9 20 mM glucose pH 7.4 + 20 mg/L tryptophan,
1969,E2,5,1,ΔtrpC (sfGFP) proB74 + pEP28,B,P21,150,M9 20 mM glucose pH 7.4 + 20 mg/L tryptophan,
1970,E3,5,1,ΔtrpC (sfGFP) proB74 + pEP28,C,P21,150,M9 20 mM glucose pH 7.4 + 20 mg/L tryptophan,
1971,E4,5,1,WT+pEP65,A,P21,150,M9 20 mM glucose pH 7.4 + 10 ng/mL aTc,
1972,E5,5,1,WT+pEP65,B,P21,150,M9 20 mM glucose pH 7.4 + 10 ng/mL aTc,
1973,E6,5,1,WT+pEP65,C,P21,150,M9 20 mM glucose pH 7.4 + 10 ng/mL aTc,
1974,E7,5,1,WT+pEP66_5,A,P21,150,M9 20 mM glucose pH 7.4 + 10 ng/mL aTc,
1975,E8,5,1,WT+pEP66_5,B,P21,150,M9 20 mM glucose pH 7.4 + 10 ng/mL aTc,
1976,E9,5,1,WT+pEP66_5,C,P21,150,M9 20 mM glucose pH 7.4 + 10 ng/mL aTc,
1977,E10,5,1,E. coli MG1655,A,P21,150,M9 20 mM glucose pH 7.4,
1978,E11,5,1,E. coli MG1655,B,P21,150,M9 20 mM glucose pH 7.4,
1979,E12,5,1,E. coli MG1655,C,P21,150,M9 20 mM glucose pH 7.4,
1980,F1,5,1,WT+pEP65,A,P21,150,M9 20 mM glucose pH 7.4 + 100 ng/mL aTc,
1981,F2,5,1,WT+pEP65,B,P21,150,M9 20 mM glucose pH 7.4 + 100 ng/mL aTc,
1982,F3,5,1,WT+pEP65,C,P21,150,M9 20 mM glucose pH 7.4 + 100 ng/mL aTc,
1983,F4,5,1,WT+pEP66_5,A,P21,150,M9 20 mM glucose pH 7.4 + 100 ng/mL aTc,
1984,F5,5,1,WT+pEP66_5,B,P21,150,M9 20 mM glucose pH 7.4 + 100 ng/mL aTc,
1985,F6,5,1,WT+pEP66_5,C,P21,150,M9 20 mM glucose pH 7.4 + 100 ng/mL aTc,
1986,A1,5,2,livH,A,P22,150,M9 20 mM glucose pH 7.4,
1987,A2,5,2,livH,B,P22,150,M9 20 mM glucose pH 7.4,
1988,A3,5,2,livH,C,P22,150,M9 20 mM glucose pH 7.4,
1989,A4,5,2,rhtB,A,P22,150,M9 20 mM glucose pH 7.4,
1990,A5,5,2,rhtB,B,P22,150,M9 20 mM glucose pH 7.4,
1991,A6,5,2,rhtB,C,P22,150,M9 20 mM glucose pH 7.4,
1992,A7,5,2,eamA,A,P22,150,M9 20 mM glucose pH 7.4,
1993,A8,5,2,eamA,B,P22,150,M9 20 mM glucose pH 7.4,
1994,A9,5,2,eamA,C,P22,150,M9 20 mM glucose pH 7.4,
1995,A10,5,2,metI,A,P22,150,M9 20 mM glucose pH 7.4,
1996,A11,5,2,metI,B,P22,150,M9 20 mM glucose pH 7.4,
1997,A12,5,2,metI,C,P22,150,M9 20 mM glucose pH 7.4,
1998,B1,5,2,tolC,A,P22,150,M9 20 mM glucose pH 7.4,
1999,B2,5,2,tolC,B,P22,150,M9 20 mM glucose pH 7.4,
2000,B3,5,2,tolC,C,P22,150,M9 20 mM glucose pH 7.4,
2001,B4,5,2,yahN,A,P22,150,M9 20 mM glucose pH 7.4,
2002,B5,5,2,yahN,B,P22,150,M9 20 mM glucose pH 7.4,
2003,B6,5,2,yahN,C,P22,150,M9 20 mM glucose pH 7.4,
2004,B7,5,2,kgtP,A,P22,150,M9 20 mM glucose pH 7.4,
2005,B8,5,2,kgtP,B,P22,150,M9 20 mM glucose pH 7.4,
2006,B9,5,2,kgtP,C,P22,150,M9 20 mM glucose pH 7.4,
2007,B10,5,2,WT,A,P22,150,M9 20 mM glucose pH 7.4,
2008,B11,5,2,WT,B,P22,150,M9 20 mM glucose pH 7.4,
2009,B12,5,2,WT,C,P22,150,M9 20 mM glucose pH 7.4,
2010,C1,5,2,manY,A,P22,150,M9 20 mM glucose pH 7.4,
2011,C2,5,2,manY,B,P22,150,M9 20 mM glucose pH 7.4,
2012,C3,5,2,manY,C,P22,150,M9 20 mM glucose pH 7.4,
2013,C4,5,2,hisQ,A,P22,150,M9 20 mM glucose pH 7.4,
2014,C5,5,2,hisQ,B,P22,150,M9 20 mM glucose pH 7.4,
2015,C6,5,2,hisQ,C,P22,150,M9 20 mM glucose pH 7.4,
2016,C7,5,2,ansP,A,P22,150,M9 20 mM glucose pH 7.4,
2017,C8,5,2,ansP,B,P22,150,M9 20 mM glucose pH 7.4,
2018,C9,5,2,ansP,C,P22,150,M9 20 mM glucose pH 7.4,
2019,C10,5,2,glpT,A,P22,150,M9 20 mM glucose pH 7.4,
2020,C11,5,2,glpT,B,P22,150,M9 20 mM glucose pH 7.4,
2021,C12,5,2,glpT,C,P22,150,M9 20 mM glucose pH 7.4,
2022,D1,5,2,WT+pEP35,A,P22,150,M9 20 mM glucose pH 7.4 + 10 ng/mL aTc,
2023,D2,5,2,WT+pEP35,B,P22,150,M9 20 mM glucose pH 7.4 + 10 ng/mL aTc,
2024,D3,5,2,WT+pEP35,C,P22,150,M9 20 mM glucose pH 7.4 + 10 ng/mL aTc,
2025,D4,5,2,WT+pEP17,A,P22,150,M9 20 mM glucose pH 7.4 + 10 ng/mL aTc,
2026,D5,5,2,WT+pEP17,B,P22,150,M9 20 mM glucose pH 7.4 + 10 ng/mL aTc,
2027,D6,5,2,WT+pEP17,C,P22,150,M9 20 mM glucose pH 7.4 + 10 ng/mL aTc,
2028,D7,5,2,ΔproC (mCherry) ΔtrpR + pEP28,A,P22,150,M9 20 mM glucose pH 7.4 + 50 mg/L proline,
2029,D8,5,2,ΔproC (mCherry) ΔtrpR + pEP28,B,P22,150,M9 20 mM glucose pH 7.4 + 50 mg/L proline,
2030,D9,5,2,ΔproC (mCherry) ΔtrpR + pEP28,C,P22,150,M9 20 mM glucose pH 7.4 + 50 mg/L proline,
2031,D10,5,2,WT,D,P22,150,M9 20 mM glucose pH 7.4,
2032,D11,5,2,WT,E,P22,150,M9 20 mM glucose pH 7.4,
2033,D12,5,2,WT,F,P22,150,M9 20 mM glucose pH 7.4,
2034,E1,5,2,ΔtrpC (sfGFP) proB74 + pEP28,A,P22,150,M9 20 mM glucose pH 7.4 + 20 mg/L tryptophan,
2035,E2,5,2,ΔtrpC (sfGFP) proB74 + pEP28,B,P22,150,M9 20 mM glucose pH 7.4 + 20 mg/L tryptophan,
2036,E3,5,2,ΔtrpC (sfGFP) proB74 + pEP28,C,P22,150,M9 20 mM glucose pH 7.4 + 20 mg/L tryptophan,
2037,E4,5,2,WT+pEP65,A,P22,150,M9 20 mM glucose pH 7.4 + 10 ng/mL aTc,
2038,E5,5,2,WT+pEP65,B,P22,150,M9 20 mM glucose pH 7.4 + 10 ng/mL aTc,
2039,E6,5,2,WT+pEP65,C,P22,150,M9 20 mM glucose pH 7.4 + 10 ng/mL aTc,
2040,E7,5,2,WT+pEP66_5,A,P22,150,M9 20 mM glucose pH 7.4 + 10 ng/mL aTc,
2041,E8,5,2,WT+pEP66_5,B,P22,150,M9 20 mM glucose pH 7.4 + 10 ng/mL aTc,
2042,E9,5,2,WT+pEP66_5,C,P22,150,M9 20 mM glucose pH 7.4 + 10 ng/mL aTc,
2043,E10,5,2,E. coli MG1655,A,P22,150,M9 20 mM glucose pH 7.4,
2044,E11,5,2,E. coli MG1655,B,P22,150,M9 20 mM glucose pH 7.4,
2045,E12,5,2,E. coli MG1655,C,P22,150,M9 20 mM glucose pH 7.4,
2046,F1,5,2,WT+pEP65,A,P22,150,M9 20 mM glucose pH 7.4 + 100 ng/mL aTc,
2047,F2,5,2,WT+pEP65,B,P22,150,M9 20 mM glucose pH 7.4 + 100 ng/mL aTc,
2048,F3,5,2,WT+pEP65,C,P22,150,M9 20 mM glucose pH 7.4 + 100 ng/mL aTc,
2049,F4,5,2,WT+pEP66_5,A,P22,150,M9 20 mM glucose pH 7.4 + 100 ng/mL aTc,
2050,F5,5,2,WT+pEP66_5,B,P22,150,M9 20 mM glucose pH 7.4 + 100 ng/mL aTc,
2051,F6,5,2,WT+pEP66_5,C,P22,150,M9 20 mM glucose pH 7.4 + 100 ng/mL aTc,
2052,A1,5,3,livH,A,P23,150,M9 20 mM glucose pH 7.4,
2053,A2,5,3,livH,B,P23,150,M9 20 mM glucose pH 7.4,
2054,A3,5,3,livH,C,P23,150,M9 20 mM glucose pH 7.4,
2055,A4,5,3,rhtB,A,P23,150,M9 20 mM glucose pH 7.4,
2056,A5,5,3,rhtB,B,P23,150,M9 20 mM glucose pH 7.4,
2057,A6,5,3,rhtB,C,P23,150,M9 20 mM glucose pH 7.4,
2058,A7,5,3,eamA,A,P23,150,M9 20 mM glucose pH 7.4,
2059,A8,5,3,eamA,B,P23,150,M9 20 mM glucose pH 7.4,
2060,A9,5,3,eamA,C,P23,150,M9 20 mM glucose pH 7.4,
2061,A10,5,3,metI,A,P23,150,M9 20 mM glucose pH 7.4,
2062,A11,5,3,metI,B,P23,150,M9 20 mM glucose pH 7.4,
2063,A12,5,3,metI,C,P23,150,M9 20 mM glucose pH 7.4,
2064,B1,5,3,tolC,A,P23,150,M9 20 mM glucose pH 7.4,
2065,B2,5,3,tolC,B,P23,150,M9 20 mM glucose pH 7.4,
2066,B3,5,3,tolC,C,P23,150,M9 20 mM glucose pH 7.4,
2067,B4,5,3,yahN,A,P23,150,M9 20 mM glucose pH 7.4,
2068,B5,5,3,yahN,B,P23,150,M9 20 mM glucose pH 7.4,
2069,B6,5,3,yahN,C,P23,150,M9 20 mM glucose pH 7.4,
2070,B7,5,3,kgtP,A,P23,150,M9 20 mM glucose pH 7.4,
2071,B8,5,3,kgtP,B,P23,150,M9 20 mM glucose pH 7.4,
2072,B9,5,3,kgtP,C,P23,150,M9 20 mM glucose pH 7.4,
2073,B10,5,3,WT,A,P23,150,M9 20 mM glucose pH 7.4,
2074,B11,5,3,WT,B,P23,150,M9 20 mM glucose pH 7.4,
2075,B12,5,3,WT,C,P23,150,M9 20 mM glucose pH 7.4,
2076,C1,5,3,manY,A,P23,150,M9 20 mM glucose pH 7.4,
2077,C2,5,3,manY,B,P23,150,M9 20 mM glucose pH 7.4,
2078,C3,5,3,manY,C,P23,150,M9 20 mM glucose pH 7.4,
2079,C4,5,3,hisQ,A,P23,150,M9 20 mM glucose pH 7.4,
2080,C5,5,3,hisQ,B,P23,150,M9 20 mM glucose pH 7.4,
2081,C6,5,3,hisQ,C,P23,150,M9 20 mM glucose pH 7.4,
2082,C7,5,3,ansP,A,P23,150,M9 20 mM glucose pH 7.4,
2083,C8,5,3,ansP,B,P23,150,M9 20 mM glucose pH 7.4,
2084,C9,5,3,ansP,C,P23,150,M9 20 mM glucose pH 7.4,
2085,C10,5,3,glpT,A,P23,150,M9 20 mM glucose pH 7.4,
2086,C11,5,3,glpT,B,P23,150,M9 20 mM glucose pH 7.4,
2087,C12,5,3,glpT,C,P23,150,M9 20 mM glucose pH 7.4,
2088,D1,5,3,WT+pEP35,A,P23,150,M9 20 mM glucose pH 7.4 + 10 ng/mL aTc,
2089,D2,5,3,WT+pEP35,B,P23,150,M9 20 mM glucose pH 7.4 + 10 ng/mL aTc,
2090,D3,5,3,WT+pEP35,C,P23,150,M9 20 mM glucose pH 7.4 + 10 ng/mL aTc,
2091,D4,5,3,WT+pEP17,A,P23,150,M9 20 mM glucose pH 7.4 + 10 ng/mL aTc,
2092,D5,5,3,WT+pEP17,B,P23,150,M9 20 mM glucose pH 7.4 + 10 ng/mL aTc,
2093,D6,5,3,WT+pEP17,C,P23,150,M9 20 mM glucose pH 7.4 + 10 ng/mL aTc,
2094,D7,5,3,ΔproC (mCherry) ΔtrpR + pEP28,A,P23,150,M9 20 mM glucose pH 7.4 + 50 mg/L proline,
2095,D8,5,3,ΔproC (mCherry) ΔtrpR + pEP28,B,P23,150,M9 20 mM glucose pH 7.4 + 50 mg/L proline,
2096,D9,5,3,ΔproC (mCherry) ΔtrpR + pEP28,C,P23,150,M9 20 mM glucose pH 7.4 + 50 mg/L proline,
2097,D10,5,3,WT,D,P23,150,M9 20 mM glucose pH 7.4,
2098,D11,5,3,WT,E,P23,150,M9 20 mM glucose pH 7.4,
2099,D12,5,3,WT,F,P23,150,M9 20 mM glucose pH 7.4,
2100,E1,5,3,ΔtrpC (sfGFP) proB74 + pEP28,A,P23,150,M9 20 mM glucose pH 7.4 + 20 mg/L tryptophan,
2101,E2,5,3,ΔtrpC (sfGFP) proB74 + pEP28,B,P23,150,M9 20 mM glucose pH 7.4 + 20 mg/L tryptophan,
2102,E3,5,3,ΔtrpC (sfGFP) proB74 + pEP28,C,P23,150,M9 20 mM glucose pH 7.4 + 20 mg/L tryptophan,
2103,E4,5,3,WT+pEP65,A,P23,150,M9 20 mM glucose pH 7.4 + 10 ng/mL aTc,
2104,E5,5,3,WT+pEP65,B,P23,150,M9 20 mM glucose pH 7.4 + 10 ng/mL aTc,
2105,E6,5,3,WT+pEP65,C,P23,150,M9 20 mM glucose pH 7.4 + 10 ng/mL aTc,
2106,E7,5,3,WT+pEP66_5,A,P23,150,M9 20 mM glucose pH 7.4 + 10 ng/mL aTc,
2107,E8,5,3,WT+pEP66_5,B,P23,150,M9 20 mM glucose pH 7.4 + 10 ng/mL aTc,
2108,E9,5,3,WT+pEP66_5,C,P23,150,M9 20 mM glucose pH 7.4 + 10 ng/mL aTc,
2109,E10,5,3,E. coli MG1655,A,P23,150,M9 20 mM glucose pH 7.4,
2110,E11,5,3,E. coli MG1655,B,P23,150,M9 20 mM glucose pH 7.4,
2111,E12,5,3,E. coli MG1655,C,P23,150,M9 20 mM glucose pH 7.4,
2112,F1,5,3,WT+pEP65,A,P23,150,M9 20 mM glucose pH 7.4 + 100 ng/mL aTc,
2113,F2,5,3,WT+pEP65,B,P23,150,M9 20 mM glucose pH 7.4 + 100 ng/mL aTc,
2114,F3,5,3,WT+pEP65,C,P23,150,M9 20 mM glucose pH 7.4 + 100 ng/mL aTc,
2115,F4,5,3,WT+pEP66_5,A,P23,150,M9 20 mM glucose pH 7.4 + 100 ng/mL aTc,
2116,F5,5,3,WT+pEP66_5,B,P23,150,M9 20 mM glucose pH 7.4 + 100 ng/mL aTc,
2117,F6,5,3,WT+pEP66_5,C,P23,150,M9 20 mM glucose pH 7.4 + 100 ng/mL aTc,
2118,A1,5,4,livH,A,P24,150,M9 20 mM glucose pH 7.4,
2119,A2,5,4,livH,B,P24,150,M9 20 mM glucose pH 7.4,
2120,A3,5,4,livH,C,P24,150,M9 20 mM glucose pH 7.4,
2121,A4,5,4,rhtB,A,P24,150,M9 20 mM glucose pH 7.4,
2122,A5,5,4,rhtB,B,P24,150,M9 20 mM glucose pH 7.4,
2123,A6,5,4,rhtB,C,P24,150,M9 20 mM glucose pH 7.4,
2124,A7,5,4,eamA,A,P24,150,M9 20 mM glucose pH 7.4,
2125,A8,5,4,eamA,B,P24,150,M9 20 mM glucose pH 7.4,
2126,A9,5,4,eamA,C,P24,150,M9 20 mM glucose pH 7.4,
2127,A10,5,4,metI,A,P24,150,M9 20 mM glucose pH 7.4,
2128,A11,5,4,metI,B,P24,150,M9 20 mM glucose pH 7.4,
2129,A12,5,4,metI,C,P24,150,M9 20 mM glucose pH 7.4,
2130,B1,5,4,tolC,A,P24,150,M9 20 mM glucose pH 7.4,
2131,B2,5,4,tolC,B,P24,150,M9 20 mM glucose pH 7.4,
2132,B3,5,4,tolC,C,P24,150,M9 20 mM glucose pH 7.4,
2133,B4,5,4,yahN,A,P24,150,M9 20 mM glucose pH 7.4,
2134,B5,5,4,yahN,B,P24,150,M9 20 mM glucose pH 7.4,
2135,B6,5,4,yahN,C,P24,150,M9 20 mM glucose pH 7.4,
2136,B7,5,4,kgtP,A,P24,150,M9 20 mM glucose pH 7.4,
2137,B8,5,4,kgtP,B,P24,150,M9 20 mM glucose pH 7.4,
2138,B9,5,4,kgtP,C,P24,150,M9 20 mM glucose pH 7.4,
2139,B10,5,4,WT,A,P24,150,M9 20 mM glucose pH 7.4,
2140,B11,5,4,WT,B,P24,150,M9 20 mM glucose pH 7.4,
2141,B12,5,4,WT,C,P24,150,M9 20 mM glucose pH 7.4,
2142,C1,5,4,manY,A,P24,150,M9 20 mM glucose pH 7.4,
2143,C2,5,4,manY,B,P24,150,M9 20 mM glucose pH 7.4,
2144,C3,5,4,manY,C,P24,150,M9 20 mM glucose pH 7.4,
2145,C4,5,4,hisQ,A,P24,150,M9 20 mM glucose pH 7.4,
2146,C5,5,4,hisQ,B,P24,150,M9 20 mM glucose pH 7.4,
2147,C6,5,4,hisQ,C,P24,150,M9 20 mM glucose pH 7.4,
2148,C7,5,4,ansP,A,P24,150,M9 20 mM glucose pH 7.4,
2149,C8,5,4,ansP,B,P24,150,M9 20 mM glucose pH 7.4,
2150,C9,5,4,ansP,C,P24,150,M9 20 mM glucose pH 7.4,
2151,C10,5,4,glpT,A,P24,150,M9 20 mM glucose pH 7.4,
2152,C11,5,4,glpT,B,P24,150,M9 20 mM glucose pH 7.4,
2153,C12,5,4,glpT,C,P24,150,M9 20 mM glucose pH 7.4,
2154,D1,5,4,WT+pEP35,A,P24,150,M9 20 mM glucose pH 7.4 + 10 ng/mL aTc,
2155,D2,5,4,WT+pEP35,B,P24,150,M9 20 mM glucose pH 7.4 + 10 ng/mL aTc,
2156,D3,5,4,WT+pEP35,C,P24,150,M9 20 mM glucose pH 7.4 + 10 ng/mL aTc,
2157,D4,5,4,WT+pEP17,A,P24,150,M9 20 mM glucose pH 7.4 + 10 ng/mL aTc,
2158,D5,5,4,WT+pEP17,B,P24,150,M9 20 mM glucose pH 7.4 + 10 ng/mL aTc,
2159,D6,5,4,WT+pEP17,C,P24,150,M9 20 mM glucose pH 7.4 + 10 ng/mL aTc,
2160,D7,5,4,ΔproC (mCherry) ΔtrpR + pEP28,A,P24,150,M9 20 mM glucose pH 7.4 + 50 mg/L proline,
2161,D8,5,4,ΔproC (mCherry) ΔtrpR + pEP28,B,P24,150,M9 20 mM glucose pH 7.4 + 50 mg/L proline,
2162,D9,5,4,ΔproC (mCherry) ΔtrpR + pEP28,C,P24,150,M9 20 mM glucose pH 7.4 + 50 mg/L proline,
2163,D10,5,4,WT,D,P24,150,M9 20 mM glucose pH 7.4,
2164,D11,5,4,WT,E,P24,150,M9 20 mM glucose pH 7.4,
2165,D12,5,4,WT,F,P24,150,M9 20 mM glucose pH 7.4,
2166,E1,5,4,ΔtrpC (sfGFP) proB74 + pEP28,A,P24,150,M9 20 mM glucose pH 7.4 + 20 mg/L tryptophan,
2167,E2,5,4,ΔtrpC (sfGFP) proB74 + pEP28,B,P24,150,M9 20 mM glucose pH 7.4 + 20 mg/L tryptophan,
2168,E3,5,4,ΔtrpC (sfGFP) proB74 + pEP28,C,P24,150,M9 20 mM glucose pH 7.4 + 20 mg/L tryptophan,
2169,E4,5,4,WT+pEP65,A,P24,150,M9 20 mM glucose pH 7.4 + 10 ng/mL aTc,
2170,E5,5,4,WT+pEP65,B,P24,150,M9 20 mM glucose pH 7.4 + 10 ng/mL aTc,
2171,E6,5,4,WT+pEP65,C,P24,150,M9 20 mM glucose pH 7.4 + 10 ng/mL aTc,
2172,E7,5,4,WT+pEP66_5,A,P24,150,M9 20 mM glucose pH 7.4 + 10 ng/mL aTc,
2173,E8,5,4,WT+pEP66_5,B,P24,150,M9 20 mM glucose pH 7.4 + 10 ng/mL aTc,
2174,E9,5,4,WT+pEP66_5,C,P24,150,M9 20 mM glucose pH 7.4 + 10 ng/mL aTc,
2175,E10,5,4,E. coli MG1655,A,P24,150,M9 20 mM glucose pH 7.4,
2176,E11,5,4,E. coli MG1655,B,P24,150,M9 20 mM glucose pH 7.4,
2177,E12,5,4,E. coli MG1655,C,P24,150,M9 20 mM glucose pH 7.4,
2178,F1,5,4,WT+pEP65,A,P24,150,M9 20 mM glucose pH 7.4 + 100 ng/mL aTc,
2179,F2,5,4,WT+pEP65,B,P24,150,M9 20 mM glucose pH 7.4 + 100 ng/mL aTc,
2180,F3,5,4,WT+pEP65,C,P24,150,M9 20 mM glucose pH 7.4 + 100 ng/mL aTc,
2181,F4,5,4,WT+pEP66_5,A,P24,150,M9 20 mM glucose pH 7.4 + 100 ng/mL aTc,
2182,F5,5,4,WT+pEP66_5,B,P24,150,M9 20 mM glucose pH 7.4 + 100 ng/mL aTc,
2183,F6,5,4,WT+pEP66_5,C,P24,150,M9 20 mM glucose pH 7.4 + 100 ng/mL aTc,
2184,A1,5,5,livH,A,P25,150,M9 20 mM glucose pH 7.4,
2185,A2,5,5,livH,B,P25,150,M9 20 mM glucose pH 7.4,
2186,A3,5,5,livH,C,P25,150,M9 20 mM glucose pH 7.4,
2187,A4,5,5,rhtB,A,P25,150,M9 20 mM glucose pH 7.4,
2188,A5,5,5,rhtB,B,P25,150,M9 20 mM glucose pH 7.4,
2189,A6,5,5,rhtB,C,P25,150,M9 20 mM glucose pH 7.4,
2190,A7,5,5,eamA,A,P25,150,M9 20 mM glucose pH 7.4,
2191,A8,5,5,eamA,B,P25,150,M9 20 mM glucose pH 7.4,
2192,A9,5,5,eamA,C,P25,150,M9 20 mM glucose pH 7.4,
2193,A10,5,5,metI,A,P25,150,M9 20 mM glucose pH 7.4,
2194,A11,5,5,metI,B,P25,150,M9 20 mM glucose pH 7.4,
2195,A12,5,5,metI,C,P25,150,M9 20 mM glucose pH 7.4,
2196,B1,5,5,tolC,A,P25,150,M9 20 mM glucose pH 7.4,
2197,B2,5,5,tolC,B,P25,150,M9 20 mM glucose pH 7.4,
2198,B3,5,5,tolC,C,P25,150,M9 20 mM glucose pH 7.4,
2199,B4,5,5,yahN,A,P25,150,M9 20 mM glucose pH 7.4,
2200,B5,5,5,yahN,B,P25,150,M9 20 mM glucose pH 7.4,
2201,B6,5,5,yahN,C,P25,150,M9 20 mM glucose pH 7.4,
2202,B7,5,5,kgtP,A,P25,150,M9 20 mM glucose pH 7.4,
2203,B8,5,5,kgtP,B,P25,150,M9 20 mM glucose pH 7.4,
2204,B9,5,5,kgtP,C,P25,150,M9 20 mM glucose pH 7.4,
2205,B10,5,5,WT,A,P25,150,M9 20 mM glucose pH 7.4,
2206,B11,5,5,WT,B,P25,150,M9 20 mM glucose pH 7.4,
2207,B12,5,5,WT,C,P25,150,M9 20 mM glucose pH 7.4,
2208,C1,5,5,manY,A,P25,150,M9 20 mM glucose pH 7.4,
2209,C2,5,5,manY,B,P25,150,M9 20 mM glucose pH 7.4,
2210,C3,5,5,manY,C,P25,150,M9 20 mM glucose pH 7.4,
2211,C4,5,5,hisQ,A,P25,150,M9 20 mM glucose pH 7.4,
2212,C5,5,5,hisQ,B,P25,150,M9 20 mM glucose pH 7.4,
2213,C6,5,5,hisQ,C,P25,150,M9 20 mM glucose pH 7.4,
2214,C7,5,5,ansP,A,P25,150,M9 20 mM glucose pH 7.4,
2215,C8,5,5,ansP,B,P25,150,M9 20 mM glucose pH 7.4,
2216,C9,5,5,ansP,C,P25,150,M9 20 mM glucose pH 7.4,
2217,C10,5,5,glpT,A,P25,150,M9 20 mM glucose pH 7.4,
2218,C11,5,5,glpT,B,P25,150,M9 20 mM glucose pH 7.4,
2219,C12,5,5,glpT,C,P25,150,M9 20 mM glucose pH 7.4,
2220,D1,5,5,WT+pEP35,A,P25,150,M9 20 mM glucose pH 7.4 + 10 ng/mL aTc,
2221,D2,5,5,WT+pEP35,B,P25,150,M9 20 mM glucose pH 7.4 + 10 ng/mL aTc,
2222,D3,5,5,WT+pEP35,C,P25,150,M9 20 mM glucose pH 7.4 + 10 ng/mL aTc,
2223,D4,5,5,WT+pEP17,A,P25,150,M9 20 mM glucose pH 7.4 + 10 ng/mL aTc,
2224,D5,5,5,WT+pEP17,B,P25,150,M9 20 mM glucose pH 7.4 + 10 ng/mL aTc,
2225,D6,5,5,WT+pEP17,C,P25,150,M9 20 mM glucose pH 7.4 + 10 ng/mL aTc,
2226,D7,5,5,ΔproC (mCherry) ΔtrpR + pEP28,A,P25,150,M9 20 mM glucose pH 7.4 + 50 mg/L proline,
2227,D8,5,5,ΔproC (mCherry) ΔtrpR + pEP28,B,P25,150,M9 20 mM glucose pH 7.4 + 50 mg/L proline,
2228,D9,5,5,ΔproC (mCherry) ΔtrpR + pEP28,C,P25,150,M9 20 mM glucose pH 7.4 + 50 mg/L proline,
2229,D10,5,5,WT,D,P25,150,M9 20 mM glucose pH 7.4,
2230,D11,5,5,WT,E,P25,150,M9 20 mM glucose pH 7.4,
2231,D12,5,5,WT,F,P25,150,M9 20 mM glucose pH 7.4,
2232,E1,5,5,ΔtrpC (sfGFP) proB74 + pEP28,A,P25,150,M9 20 mM glucose pH 7.4 + 20 mg/L tryptophan,
2233,E2,5,5,ΔtrpC (sfGFP) proB74 + pEP28,B,P25,150,M9 20 mM glucose pH 7.4 + 20 mg/L tryptophan,
2234,E3,5,5,ΔtrpC (sfGFP) proB74 + pEP28,C,P25,150,M9 20 mM glucose pH 7.4 + 20 mg/L tryptophan,
2235,E4,5,5,WT+pEP65,A,P25,150,M9 20 mM glucose pH 7.4 + 10 ng/mL aTc,
2236,E5,5,5,WT+pEP65,B,P25,150,M9 20 mM glucose pH 7.4 + 10 ng/mL aTc,
2237,E6,5,5,WT+pEP65,C,P25,150,M9 20 mM glucose pH 7.4 + 10 ng/mL aTc,
2238,E7,5,5,WT+pEP66_5,A,P25,150,M9 20 mM glucose pH 7.4 + 10 ng/mL aTc,
2239,E8,5,5,WT+pEP66_5,B,P25,150,M9 20 mM glucose pH 7.4 + 10 ng/mL aTc,
2240,E9,5,5,WT+pEP66_5,C,P25,150,M9 20 mM glucose pH 7.4 + 10 ng/mL aTc,
2241,E10,5,5,E. coli MG1655,A,P25,150,M9 20 mM glucose pH 7.4,
2242,E11,5,5,E. coli MG1655,B,P25,150,M9 20 mM glucose pH 7.4,
2243,E12,5,5,E. coli MG1655,C,P25,150,M9 20 mM glucose pH 7.4,
2244,F1,5,5,WT+pEP65,A,P25,150,M9 20 mM glucose pH 7.4 + 100 ng/mL aTc,
2245,F2,5,5,WT+pEP65,B,P25,150,M9 20 mM glucose pH 7.4 + 100 ng/mL aTc,
2246,F3,5,5,WT+pEP65,C,P25,150,M9 20 mM glucose pH 7.4 + 100 ng/mL aTc,
2247,F4,5,5,WT+pEP66_5,A,P25,150,M9 20 mM glucose pH 7.4 + 100 ng/mL aTc,
2248,F5,5,5,WT+pEP66_5,B,P25,150,M9 20 mM glucose pH 7.4 + 100 ng/mL aTc,
2249,F6,5,5,WT+pEP66_5,C,P25,150,M9 20 mM glucose pH 7.4 + 100 ng/mL aTc,
2250,A1,5,6,livH,A,P26,150,M9 20 mM glucose pH 7.4,
2251,A2,5,6,livH,B,P26,150,M9 20 mM glucose pH 7.4,
2252,A3,5,6,livH,C,P26,150,M9 20 mM glucose pH 7.4,
2253,A4,5,6,rhtB,A,P26,150,M9 20 mM glucose pH 7.4,
2254,A5,5,6,rhtB,B,P26,150,M9 20 mM glucose pH 7.4,
2255,A6,5,6,rhtB,C,P26,150,M9 20 mM glucose pH 7.4,
2256,A7,5,6,eamA,A,P26,150,M9 20 mM glucose pH 7.4,
2257,A8,5,6,eamA,B,P26,150,M9 20 mM glucose pH 7.4,
2258,A9,5,6,eamA,C,P26,150,M9 20 mM glucose pH 7.4,
2259,A10,5,6,metI,A,P26,150,M9 20 mM glucose pH 7.4,
2260,A11,5,6,metI,B,P26,150,M9 20 mM glucose pH 7.4,
2261,A12,5,6,metI,C,P26,150,M9 20 mM glucose pH 7.4,
2262,B1,5,6,tolC,A,P26,150,M9 20 mM glucose pH 7.4,
2263,B2,5,6,tolC,B,P26,150,M9 20 mM glucose pH 7.4,
2264,B3,5,6,tolC,C,P26,150,M9 20 mM glucose pH 7.4,
2265,B4,5,6,yahN,A,P26,150,M9 20 mM glucose pH 7.4,
2266,B5,5,6,yahN,B,P26,150,M9 20 mM glucose pH 7.4,
2267,B6,5,6,yahN,C,P26,150,M9 20 mM glucose pH 7.4,
2268,B7,5,6,kgtP,A,P26,150,M9 20 mM glucose pH 7.4,
2269,B8,5,6,kgtP,B,P26,150,M9 20 mM glucose pH 7.4,
2270,B9,5,6,kgtP,C,P26,150,M9 20 mM glucose pH 7.4,
2271,B10,5,6,WT,A,P26,150,M9 20 mM glucose pH 7.4,
2272,B11,5,6,WT,B,P26,150,M9 20 mM glucose pH 7.4,
2273,B12,5,6,WT,C,P26,150,M9 20 mM glucose pH 7.4,
2274,C1,5,6,manY,A,P26,150,M9 20 mM glucose pH 7.4,
2275,C2,5,6,manY,B,P26,150,M9 20 mM glucose pH 7.4,
2276,C3,5,6,manY,C,P26,150,M9 20 mM glucose pH 7.4,
2277,C4,5,6,hisQ,A,P26,150,M9 20 mM glucose pH 7.4,
2278,C5,5,6,hisQ,B,P26,150,M9 20 mM glucose pH 7.4,
2279,C6,5,6,hisQ,C,P26,150,M9 20 mM glucose pH 7.4,
2280,C7,5,6,ansP,A,P26,150,M9 20 mM glucose pH 7.4,
2281,C8,5,6,ansP,B,P26,150,M9 20 mM glucose pH 7.4,
2282,C9,5,6,ansP,C,P26,150,M9 20 mM glucose pH 7.4,
2283,C10,5,6,glpT,A,P26,150,M9 20 mM glucose pH 7.4,
2284,C11,5,6,glpT,B,P26,150,M9 20 mM glucose pH 7.4,
2285,C12,5,6,glpT,C,P26,150,M9 20 mM glucose pH 7.4,
2286,D1,5,6,WT+pEP35,A,P26,150,M9 20 mM glucose pH 7.4 + 10 ng/mL aTc,
2287,D2,5,6,WT+pEP35,B,P26,150,M9 20 mM glucose pH 7.4 + 10 ng/mL aTc,
2288,D3,5,6,WT+pEP35,C,P26,150,M9 20 mM glucose pH 7.4 + 10 ng/mL aTc,
2289,D4,5,6,WT+pEP17,A,P26,150,M9 20 mM glucose pH 7.4 + 10 ng/mL aTc,
2290,D5,5,6,WT+pEP17,B,P26,150,M9 20 mM glucose pH 7.4 + 10 ng/mL aTc,
2291,D6,5,6,WT+pEP17,C,P26,150,M9 20 mM glucose pH 7.4 + 10 ng/mL aTc,
2292,D7,5,6,ΔproC (mCherry) ΔtrpR + pEP28,A,P26,150,M9 20 mM glucose pH 7.4 + 50 mg/L proline,
2293,D8,5,6,ΔproC (mCherry) ΔtrpR + pEP28,B,P26,150,M9 20 mM glucose pH 7.4 + 50 mg/L proline,
2294,D9,5,6,ΔproC (mCherry) ΔtrpR + pEP28,C,P26,150,M9 20 mM glucose pH 7.4 + 50 mg/L proline,
2295,D10,5,6,WT,D,P26,150,M9 20 mM glucose pH 7.4,
2296,D11,5,6,WT,E,P26,150,M9 20 mM glucose pH 7.4,
2297,D12,5,6,WT,F,P26,150,M9 20 mM glucose pH 7.4,
2298,E1,5,6,ΔtrpC (sfGFP) proB74 + pEP28,A,P26,150,M9 20 mM glucose pH 7.4 + 20 mg/L tryptophan,
2299,E2,5,6,ΔtrpC (sfGFP) proB74 + pEP28,B,P26,150,M9 20 mM glucose pH 7.4 + 20 mg/L tryptophan,
2300,E3,5,6,ΔtrpC (sfGFP) proB74 + pEP28,C,P26,150,M9 20 mM glucose pH 7.4 + 20 mg/L tryptophan,
2301,E4,5,6,WT+pEP65,A,P26,150,M9 20 mM glucose pH 7.4 + 10 ng/mL aTc,
2302,E5,5,6,WT+pEP65,B,P26,150,M9 20 mM glucose pH 7.4 + 10 ng/mL aTc,
2303,E6,5,6,WT+pEP65,C,P26,150,M9 20 mM glucose pH 7.4 + 10 ng/mL aTc,
2304,E7,5,6,WT+pEP66_5,A,P26,150,M9 20 mM glucose pH 7.4 + 10 ng/mL aTc,
2305,E8,5,6,WT+pEP66_5,B,P26,150,M9 20 mM glucose pH 7.4 + 10 ng/mL aTc,
2306,E9,5,6,WT+pEP66_5,C,P26,150,M9 20 mM glucose pH 7.4 + 10 ng/mL aTc,
2307,E10,5,6,E. coli MG1655,A,P26,150,M9 20 mM glucose pH 7.4,
2308,E11,5,6,E. coli MG1655,B,P26,150,M9 20 mM glucose pH 7.4,
2309,E12,5,6,E. coli MG1655,C,P26,150,M9 20 mM glucose pH 7.4,
2310,F1,5,6,WT+pEP65,A,P26,150,M9 20 mM glucose pH 7.4 + 100 ng/mL aTc,
2311,F2,5,6,WT+pEP65,B,P26,150,M9 20 mM glucose pH 7.4 + 100 ng/mL aTc,
2312,F3,5,6,WT+pEP65,C,P26,150,M9 20 mM glucose pH 7.4 + 100 ng/mL aTc,
2313,F4,5,6,WT+pEP66_5,A,P26,150,M9 20 mM glucose pH 7.4 + 100 ng/mL aTc,
2314,F5,5,6,WT+pEP66_5,B,P26,150,M9 20 mM glucose pH 7.4 + 100 ng/mL aTc,
2315,F6,5,6,WT+pEP66_5,C,P26,150,M9 20 mM glucose pH 7.4 + 100 ng/mL aTc,
2316,A1,5,7,livH,A,P27,150,M9 20 mM glucose pH 7.4,
2317,A2,5,7,livH,B,P27,150,M9 20 mM glucose pH 7.4,
2318,A3,5,7,livH,C,P27,150,M9 20 mM glucose pH 7.4,
2319,A4,5,7,rhtB,A,P27,150,M9 20 mM glucose pH 7.4,
2320,A5,5,7,rhtB,B,P27,150,M9 20 mM glucose pH 7.4,
2321,A6,5,7,rhtB,C,P27,150,M9 20 mM glucose pH 7.4,
2322,A7,5,7,eamA,A,P27,150,M9 20 mM glucose pH 7.4,
2323,A8,5,7,eamA,B,P27,150,M9 20 mM glucose pH 7.4,
2324,A9,5,7,eamA,C,P27,150,M9 20 mM glucose pH 7.4,
2325,A10,5,7,metI,A,P27,150,M9 20 mM glucose pH 7.4,
2326,A11,5,7,metI,B,P27,150,M9 20 mM glucose pH 7.4,
2327,A12,5,7,metI,C,P27,150,M9 20 mM glucose pH 7.4,
2328,B1,5,7,tolC,A,P27,150,M9 20 mM glucose pH 7.4,
2329,B2,5,7,tolC,B,P27,150,M9 20 mM glucose pH 7.4,
2330,B3,5,7,tolC,C,P27,150,M9 20 mM glucose pH 7.4,
2331,B4,5,7,yahN,A,P27,150,M9 20 mM glucose pH 7.4,
2332,B5,5,7,yahN,B,P27,150,M9 20 mM glucose pH 7.4,
2333,B6,5,7,yahN,C,P27,150,M9 20 mM glucose pH 7.4,
2334,B7,5,7,kgtP,A,P27,150,M9 20 mM glucose pH 7.4,
2335,B8,5,7,kgtP,B,P27,150,M9 20 mM glucose pH 7.4,
2336,B9,5,7,kgtP,C,P27,150,M9 20 mM glucose pH 7.4,
2337,B10,5,7,WT,A,P27,150,M9 20 mM glucose pH 7.4,
2338,B11,5,7,WT,B,P27,150,M9 20 mM glucose pH 7.4,
2339,B12,5,7,WT,C,P27,150,M9 20 mM glucose pH 7.4,
2340,C1,5,7,manY,A,P27,150,M9 20 mM glucose pH 7.4,
2341,C2,5,7,manY,B,P27,150,M9 20 mM glucose pH 7.4,
2342,C3,5,7,manY,C,P27,150,M9 20 mM glucose pH 7.4,
2343,C4,5,7,hisQ,A,P27,150,M9 20 mM glucose pH 7.4,
2344,C5,5,7,hisQ,B,P27,150,M9 20 mM glucose pH 7.4,
2345,C6,5,7,hisQ,C,P27,150,M9 20 mM glucose pH 7.4,
2346,C7,5,7,ansP,A,P27,150,M9 20 mM glucose pH 7.4,
2347,C8,5,7,ansP,B,P27,150,M9 20 mM glucose pH 7.4,
2348,C9,5,7,ansP,C,P27,150,M9 20 mM glucose pH 7.4,
2349,C10,5,7,glpT,A,P27,150,M9 20 mM glucose pH 7.4,
2350,C11,5,7,glpT,B,P27,150,M9 20 mM glucose pH 7.4,
2351,C12,5,7,glpT,C,P27,150,M9 20 mM glucose pH 7.4,
2352,D1,5,7,WT+pEP35,A,P27,150,M9 20 mM glucose pH 7.4 + 10 ng/mL aTc,
2353,D2,5,7,WT+pEP35,B,P27,150,M9 20 mM glucose pH 7.4 + 10 ng/mL aTc,
2354,D3,5,7,WT+pEP35,C,P27,150,M9 20 mM glucose pH 7.4 + 10 ng/mL aTc,
2355,D4,5,7,WT+pEP17,A,P27,150,M9 20 mM glucose pH 7.4 + 10 ng/mL aTc,
2356,D5,5,7,WT+pEP17,B,P27,150,M9 20 mM glucose pH 7.4 + 10 ng/mL aTc,
2357,D6,5,7,WT+pEP17,C,P27,150,M9 20 mM glucose pH 7.4 + 10 ng/mL aTc,
2358,D7,5,7,ΔproC (mCherry) ΔtrpR + pEP28,A,P27,150,M9 20 mM glucose pH 7.4 + 50 mg/L proline,
2359,D8,5,7,ΔproC (mCherry) ΔtrpR + pEP28,B,P27,150,M9 20 mM glucose pH 7.4 + 50 mg/L proline,
2360,D9,5,7,ΔproC (mCherry) ΔtrpR + pEP28,C,P27,150,M9 20 mM glucose pH 7.4 + 50 mg/L proline,
2361,D10,5,7,WT,D,P27,150,M9 20 mM glucose pH 7.4,
2362,D11,5,7,WT,E,P27,150,M9 20 mM glucose pH 7.4,
2363,D12,5,7,WT,F,P27,150,M9 20 mM glucose pH 7.4,
2364,E1,5,7,ΔtrpC (sfGFP) proB74 + pEP28,A,P27,150,M9 20 mM glucose pH 7.4 + 20 mg/L tryptophan,
2365,E2,5,7,ΔtrpC (sfGFP) proB74 + pEP28,B,P27,150,M9 20 mM glucose pH 7.4 + 20 mg/L tryptophan,
2366,E3,5,7,ΔtrpC (sfGFP) proB74 + pEP28,C,P27,150,M9 20 mM glucose pH 7.4 + 20 mg/L tryptophan,
2367,E4,5,7,WT+pEP65,A,P27,150,M9 20 mM glucose pH 7.4 + 10 ng/mL aTc,
2368,E5,5,7,WT+pEP65,B,P27,150,M9 20 mM glucose pH 7.4 + 10 ng/mL aTc,
2369,E6,5,7,WT+pEP65,C,P27,150,M9 20 mM glucose pH 7.4 + 10 ng/mL aTc,
2370,E7,5,7,WT+pEP66_5,A,P27,150,M9 20 mM glucose pH 7.4 + 10 ng/mL aTc,
2371,E8,5,7,WT+pEP66_5,B,P27,150,M9 20 mM glucose pH 7.4 + 10 ng/mL aTc,
2372,E9,5,7,WT+pEP66_5,C,P27,150,M9 20 mM glucose pH 7.4 + 10 ng/mL aTc,
2373,E10,5,7,E. coli MG1655,A,P27,150,M9 20 mM glucose pH 7.4,
2374,E11,5,7,E. coli MG1655,B,P27,150,M9 20 mM glucose pH 7.4,
2375,E12,5,7,E. coli MG1655,C,P27,150,M9 20 mM glucose pH 7.4,
2376,F1,5,7,WT+pEP65,A,P27,150,M9 20 mM glucose pH 7.4 + 100 ng/mL aTc,
2377,F2,5,7,WT+pEP65,B,P27,150,M9 20 mM glucose pH 7.4 + 100 ng/mL aTc,
2378,F3,5,7,WT+pEP65,C,P27,150,M9 20 mM glucose pH 7.4 + 100 ng/mL aTc,
2379,F4,5,7,WT+pEP66_5,A,P27,150,M9 20 mM glucose pH 7.4 + 100 ng/mL aTc,
2380,F5,5,7,WT+pEP66_5,B,P27,150,M9 20 mM glucose pH 7.4 + 100 ng/mL aTc,
2381,F6,5,7,WT+pEP66_5,C,P27,150,M9 20 mM glucose pH 7.4 + 100 ng/mL aTc,
2382,A1,5,8,livH,A,P28,150,M9 20 mM glucose pH 7.4,
2383,A2,5,8,livH,B,P28,150,M9 20 mM glucose pH 7.4,
2384,A3,5,8,livH,C,P28,150,M9 20 mM glucose pH 7.4,
2385,A4,5,8,rhtB,A,P28,150,M9 20 mM glucose pH 7.4,
2386,A5,5,8,rhtB,B,P28,150,M9 20 mM glucose pH 7.4,
2387,A6,5,8,rhtB,C,P28,150,M9 20 mM glucose pH 7.4,
2388,A7,5,8,eamA,A,P28,150,M9 20 mM glucose pH 7.4,
2389,A8,5,8,eamA,B,P28,150,M9 20 mM glucose pH 7.4,
2390,A9,5,8,eamA,C,P28,150,M9 20 mM glucose pH 7.4,
2391,A10,5,8,metI,A,P28,150,M9 20 mM glucose pH 7.4,
2392,A11,5,8,metI,B,P28,150,M9 20 mM glucose pH 7.4,
2393,A12,5,8,metI,C,P28,150,M9 20 mM glucose pH 7.4,
2394,B1,5,8,tolC,A,P28,150,M9 20 mM glucose pH 7.4,
2395,B2,5,8,tolC,B,P28,150,M9 20 mM glucose pH 7.4,
2396,B3,5,8,tolC,C,P28,150,M9 20 mM glucose pH 7.4,
2397,B4,5,8,yahN,A,P28,150,M9 20 mM glucose pH 7.4,
2398,B5,5,8,yahN,B,P28,150,M9 20 mM glucose pH 7.4,
2399,B6,5,8,yahN,C,P28,150,M9 20 mM glucose pH 7.4,
2400,B7,5,8,kgtP,A,P28,150,M9 20 mM glucose pH 7.4,
2401,B8,5,8,kgtP,B,P28,150,M9 20 mM glucose pH 7.4,
2402,B9,5,8,kgtP,C,P28,150,M9 20 mM glucose pH 7.4,
2403,B10,5,8,WT,A,P28,150,M9 20 mM glucose pH 7.4,
2404,B11,5,8,WT,B,P28,150,M9 20 mM glucose pH 7.4,
2405,B12,5,8,WT,C,P28,150,M9 20 mM glucose pH 7.4,
2406,C1,5,8,manY,A,P28,150,M9 20 mM glucose pH 7.4,
2407,C2,5,8,manY,B,P28,150,M9 20 mM glucose pH 7.4,
2408,C3,5,8,manY,C,P28,150,M9 20 mM glucose pH 7.4,
2409,C4,5,8,hisQ,A,P28,150,M9 20 mM glucose pH 7.4,
2410,C5,5,8,hisQ,B,P28,150,M9 20 mM glucose pH 7.4,
2411,C6,5,8,hisQ,C,P28,150,M9 20 mM glucose pH 7.4,
2412,C7,5,8,ansP,A,P28,150,M9 20 mM glucose pH 7.4,
2413,C8,5,8,ansP,B,P28,150,M9 20 mM glucose pH 7.4,
2414,C9,5,8,ansP,C,P28,150,M9 20 mM glucose pH 7.4,
2415,C10,5,8,glpT,A,P28,150,M9 20 mM glucose pH 7.4,
2416,C11,5,8,glpT,B,P28,150,M9 20 mM glucose pH 7.4,
2417,C12,5,8,glpT,C,P28,150,M9 20 mM glucose pH 7.4,
2418,D1,5,8,WT+pEP35,A,P28,150,M9 20 mM glucose pH 7.4 + 10 ng/mL aTc,
2419,D2,5,8,WT+pEP35,B,P28,150,M9 20 mM glucose pH 7.4 + 10 ng/mL aTc,
2420,D3,5,8,WT+pEP35,C,P28,150,M9 20 mM glucose pH 7.4 + 10 ng/mL aTc,
2421,D4,5,8,WT+pEP17,A,P28,150,M9 20 mM glucose pH 7.4 + 10 ng/mL aTc,
2422,D5,5,8,WT+pEP17,B,P28,150,M9 20 mM glucose pH 7.4 + 10 ng/mL aTc,
2423,D6,5,8,WT+pEP17,C,P28,150,M9 20 mM glucose pH 7.4 + 10 ng/mL aTc,
2424,D7,5,8,ΔproC (mCherry) ΔtrpR + pEP28,A,P28,150,M9 20 mM glucose pH 7.4 + 50 mg/L proline,
2425,D8,5,8,ΔproC (mCherry) ΔtrpR + pEP28,B,P28,150,M9 20 mM glucose pH 7.4 + 50 mg/L proline,
2426,D9,5,8,ΔproC (mCherry) ΔtrpR + pEP28,C,P28,150,M9 20 mM glucose pH 7.4 + 50 mg/L proline,
2427,D10,5,8,WT,D,P28,150,M9 20 mM glucose pH 7.4,
2428,D11,5,8,WT,E,P28,150,M9 20 mM glucose pH 7.4,
2429,D12,5,8,WT,F,P28,150,M9 20 mM glucose pH 7.4,
2430,E1,5,8,ΔtrpC (sfGFP) proB74 + pEP28,A,P28,150,M9 20 mM glucose pH 7.4 + 20 mg/L tryptophan,
2431,E2,5,8,ΔtrpC (sfGFP) proB74 + pEP28,B,P28,150,M9 20 mM glucose pH 7.4 + 20 mg/L tryptophan,
2432,E3,5,8,ΔtrpC (sfGFP) proB74 + pEP28,C,P28,150,M9 20 mM glucose pH 7.4 + 20 mg/L tryptophan,
2433,E4,5,8,WT+pEP65,A,P28,150,M9 20 mM glucose pH 7.4 + 10 ng/mL aTc,
2434,E5,5,8,WT+pEP65,B,P28,150,M9 20 mM glucose pH 7.4 + 10 ng/mL aTc,
2435,E6,5,8,WT+pEP65,C,P28,150,M9 20 mM glucose pH 7.4 + 10 ng/mL aTc,
2436,E7,5,8,WT+pEP66_5,A,P28,150,M9 20 mM glucose pH 7.4 + 10 ng/mL aTc,
2437,E8,5,8,WT+pEP66_5,B,P28,150,M9 20 mM glucose pH 7.4 + 10 ng/mL aTc,
2438,E9,5,8,WT+pEP66_5,C,P28,150,M9 20 mM glucose pH 7.4 + 10 ng/mL aTc,
2439,E10,5,8,E. coli MG1655,A,P28,150,M9 20 mM glucose pH 7.4,
2440,E11,5,8,E. coli MG1655,B,P28,150,M9 20 mM glucose pH 7.4,
2441,E12,5,8,E. coli MG1655,C,P28,150,M9 20 mM glucose pH 7.4,
2442,F1,5,8,WT+pEP65,A,P28,150,M9 20 mM glucose pH 7.4 + 100 ng/mL aTc,
2443,F2,5,8,WT+pEP65,B,P28,150,M9 20 mM glucose pH 7.4 + 100 ng/mL aTc,
2444,F3,5,8,WT+pEP65,C,P28,150,M9 20 mM glucose pH 7.4 + 100 ng/mL aTc,
2445,F4,5,8,WT+pEP66_5,A,P28,150,M9 20 mM glucose pH 7.4 + 100 ng/mL aTc,
2446,F5,5,8,WT+pEP66_5,B,P28,150,M9 20 mM glucose pH 7.4 + 100 ng/mL aTc,
2447,F6,5,8,WT+pEP66_5,C,P28,150,M9 20 mM glucose pH 7.4 + 100 ng/mL aTc,
2448,A1,5,9,livH,A,P29,150,M9 20 mM glucose pH 7.4,
2449,A2,5,9,livH,B,P29,150,M9 20 mM glucose pH 7.4,
2450,A3,5,9,livH,C,P29,150,M9 20 mM glucose pH 7.4,
2451,A4,5,9,rhtB,A,P29,150,M9 20 mM glucose pH 7.4,
2452,A5,5,9,rhtB,B,P29,150,M9 20 mM glucose pH 7.4,
2453,A6,5,9,rhtB,C,P29,150,M9 20 mM glucose pH 7.4,
2454,A7,5,9,eamA,A,P29,150,M9 20 mM glucose pH 7.4,
2455,A8,5,9,eamA,B,P29,150,M9 20 mM glucose pH 7.4,
2456,A9,5,9,eamA,C,P29,150,M9 20 mM glucose pH 7.4,
2457,A10,5,9,metI,A,P29,150,M9 20 mM glucose pH 7.4,
2458,A11,5,9,metI,B,P29,150,M9 20 mM glucose pH 7.4,
2459,A12,5,9,metI,C,P29,150,M9 20 mM glucose pH 7.4,
2460,B1,5,9,tolC,A,P29,150,M9 20 mM glucose pH 7.4,
2461,B2,5,9,tolC,B,P29,150,M9 20 mM glucose pH 7.4,
2462,B3,5,9,tolC,C,P29,150,M9 20 mM glucose pH 7.4,
2463,B4,5,9,yahN,A,P29,150,M9 20 mM glucose pH 7.4,
2464,B5,5,9,yahN,B,P29,150,M9 20 mM glucose pH 7.4,
2465,B6,5,9,yahN,C,P29,150,M9 20 mM glucose pH 7.4,
2466,B7,5,9,kgtP,A,P29,150,M9 20 mM glucose pH 7.4,
2467,B8,5,9,kgtP,B,P29,150,M9 20 mM glucose pH 7.4,
2468,B9,5,9,kgtP,C,P29,150,M9 20 mM glucose pH 7.4,
2469,B10,5,9,WT,A,P29,150,M9 20 mM glucose pH 7.4,
2470,B11,5,9,WT,B,P29,150,M9 20 mM glucose pH 7.4,
2471,B12,5,9,WT,C,P29,150,M9 20 mM glucose pH 7.4,
2472,C1,5,9,manY,A,P29,150,M9 20 mM glucose pH 7.4,
2473,C2,5,9,manY,B,P29,150,M9 20 mM glucose pH 7.4,
2474,C3,5,9,manY,C,P29,150,M9 20 mM glucose pH 7.4,
2475,C4,5,9,hisQ,A,P29,150,M9 20 mM glucose pH 7.4,
2476,C5,5,9,hisQ,B,P29,150,M9 20 mM glucose pH 7.4,
2477,C6,5,9,hisQ,C,P29,150,M9 20 mM glucose pH 7.4,
2478,C7,5,9,ansP,A,P29,150,M9 20 mM glucose pH 7.4,
2479,C8,5,9,ansP,B,P29,150,M9 20 mM glucose pH 7.4,
2480,C9,5,9,ansP,C,P29,150,M9 20 mM glucose pH 7.4,
2481,C10,5,9,glpT,A,P29,150,M9 20 mM glucose pH 7.4,
2482,C11,5,9,glpT,B,P29,150,M9 20 mM glucose pH 7.4,
2483,C12,5,9,glpT,C,P29,150,M9 20 mM glucose pH 7.4,
2484,D1,5,9,WT+pEP35,A,P29,150,M9 20 mM glucose pH 7.4 + 10 ng/mL aTc,
2485,D2,5,9,WT+pEP35,B,P29,150,M9 20 mM glucose pH 7.4 + 10 ng/mL aTc,
2486,D3,5,9,WT+pEP35,C,P29,150,M9 20 mM glucose pH 7.4 + 10 ng/mL aTc,
2487,D4,5,9,WT+pEP17,A,P29,150,M9 20 mM glucose pH 7.4 + 10 ng/mL aTc,
2488,D5,5,9,WT+pEP17,B,P29,150,M9 20 mM glucose pH 7.4 + 10 ng/mL aTc,
2489,D6,5,9,WT+pEP17,C,P29,150,M9 20 mM glucose pH 7.4 + 10 ng/mL aTc,
2490,D7,5,9,ΔproC (mCherry) ΔtrpR + pEP28,A,P29,150,M9 20 mM glucose pH 7.4 + 50 mg/L proline,
2491,D8,5,9,ΔproC (mCherry) ΔtrpR + pEP28,B,P29,150,M9 20 mM glucose pH 7.4 + 50 mg/L proline,
2492,D9,5,9,ΔproC (mCherry) ΔtrpR + pEP28,C,P29,150,M9 20 mM glucose pH 7.4 + 50 mg/L proline,
2493,D10,5,9,WT,D,P29,150,M9 20 mM glucose pH 7.4,
2494,D11,5,9,WT,E,P29,150,M9 20 mM glucose pH 7.4,
2495,D12,5,9,WT,F,P29,150,M9 20 mM glucose pH 7.4,
2496,E1,5,9,ΔtrpC (sfGFP) proB74 + pEP28,A,P29,150,M9 20 mM glucose pH 7.4 + 20 mg/L tryptophan,
2497,E2,5,9,ΔtrpC (sfGFP) proB74 + pEP28,B,P29,150,M9 20 mM glucose pH 7.4 + 20 mg/L tryptophan,
2498,E3,5,9,ΔtrpC (sfGFP) proB74 + pEP28,C,P29,150,M9 20 mM glucose pH 7.4 + 20 mg/L tryptophan,
2499,E4,5,9,WT+pEP65,A,P29,150,M9 20 mM glucose pH 7.4 + 10 ng/mL aTc,
2500,E5,5,9,WT+pEP65,B,P29,150,M9 20 mM glucose pH 7.4 + 10 ng/mL aTc,
2501,E6,5,9,WT+pEP65,C,P29,150,M9 20 mM glucose pH 7.4 + 10 ng/mL aTc,
2502,E7,5,9,WT+pEP66_5,A,P29,150,M9 20 mM glucose pH 7.4 + 10 ng/mL aTc,
2503,E8,5,9,WT+pEP66_5,B,P29,150,M9 20 mM glucose pH 7.4 + 10 ng/mL aTc,
2504,E9,5,9,WT+pEP66_5,C,P29,150,M9 20 mM glucose pH 7.4 + 10 ng/mL aTc,
2505,E10,5,9,E. coli MG1655,A,P29,150,M9 20 mM glucose pH 7.4,
2506,E11,5,9,E. coli MG1655,B,P29,150,M9 20 mM glucose pH 7.4,
2507,E12,5,9,E. coli MG1655,C,P29,150,M9 20 mM glucose pH 7.4,
2508,F1,5,9,WT+pEP65,A,P29,150,M9 20 mM glucose pH 7.4 + 100 ng/mL aTc,
2509,F2,5,9,WT+pEP65,B,P29,150,M9 20 mM glucose pH 7.4 + 100 ng/mL aTc,
2510,F3,5,9,WT+pEP65,C,P29,150,M9 20 mM glucose pH 7.4 + 100 ng/mL aTc,
2511,F4,5,9,WT+pEP66_5,A,P29,150,M9 20 mM glucose pH 7.4 + 100 ng/mL aTc,
2512,F5,5,9,WT+pEP66_5,B,P29,150,M9 20 mM glucose pH 7.4 + 100 ng/mL aTc,
2513,F6,5,9,WT+pEP66_5,C,P29,150,M9 20 mM glucose pH 7.4 + 100 ng/mL aTc,
2514,A1,5,10,livH,A,P30,150,M9 20 mM glucose pH 7.4,
2515,A2,5,10,livH,B,P30,150,M9 20 mM glucose pH 7.4,
2516,A3,5,10,livH,C,P30,150,M9 20 mM glucose pH 7.4,
2517,A4,5,10,rhtB,A,P30,150,M9 20 mM glucose pH 7.4,
2518,A5,5,10,rhtB,B,P30,150,M9 20 mM glucose pH 7.4,
2519,A6,5,10,rhtB,C,P30,150,M9 20 mM glucose pH 7.4,
2520,A7,5,10,eamA,A,P30,150,M9 20 mM glucose pH 7.4,
2521,A8,5,10,eamA,B,P30,150,M9 20 mM glucose pH 7.4,
2522,A9,5,10,eamA,C,P30,150,M9 20 mM glucose pH 7.4,
2523,A10,5,10,metI,A,P30,150,M9 20 mM glucose pH 7.4,
2524,A11,5,10,metI,B,P30,150,M9 20 mM glucose pH 7.4,
2525,A12,5,10,metI,C,P30,150,M9 20 mM glucose pH 7.4,
2526,B1,5,10,tolC,A,P30,150,M9 20 mM glucose pH 7.4,
2527,B2,5,10,tolC,B,P30,150,M9 20 mM glucose pH 7.4,
2528,B3,5,10,tolC,C,P30,150,M9 20 mM glucose pH 7.4,
2529,B4,5,10,yahN,A,P30,150,M9 20 mM glucose pH 7.4,
2530,B5,5,10,yahN,B,P30,150,M9 20 mM glucose pH 7.4,
2531,B6,5,10,yahN,C,P30,150,M9 20 mM glucose pH 7.4,
2532,B7,5,10,kgtP,A,P30,150,M9 20 mM glucose pH 7.4,
2533,B8,5,10,kgtP,B,P30,150,M9 20 mM glucose pH 7.4,
2534,B9,5,10,kgtP,C,P30,150,M9 20 mM glucose pH 7.4,
2535,B10,5,10,WT,A,P30,150,M9 20 mM glucose pH 7.4,
2536,B11,5,10,WT,B,P30,150,M9 20 mM glucose pH 7.4,
2537,B12,5,10,WT,C,P30,150,M9 20 mM glucose pH 7.4,
2538,C1,5,10,manY,A,P30,150,M9 20 mM glucose pH 7.4,
2539,C2,5,10,manY,B,P30,150,M9 20 mM glucose pH 7.4,
2540,C3,5,10,manY,C,P30,150,M9 20 mM glucose pH 7.4,
2541,C4,5,10,hisQ,A,P30,150,M9 20 mM glucose pH 7.4,
2542,C5,5,10,hisQ,B,P30,150,M9 20 mM glucose pH 7.4,
2543,C6,5,10,hisQ,C,P30,150,M9 20 mM glucose pH 7.4,
2544,C7,5,10,ansP,A,P30,150,M9 20 mM glucose pH 7.4,
2545,C8,5,10,ansP,B,P30,150,M9 20 mM glucose pH 7.4,
2546,C9,5,10,ansP,C,P30,150,M9 20 mM glucose pH 7.4,
2547,C10,5,10,glpT,A,P30,150,M9 20 mM glucose pH 7.4,
2548,C11,5,10,glpT,B,P30,150,M9 20 mM glucose pH 7.4,
2549,C12,5,10,glpT,C,P30,150,M9 20 mM glucose pH 7.4,
2550,D1,5,10,WT+pEP35,A,P30,150,M9 20 mM glucose pH 7.4 + 10 ng/mL aTc,
2551,D2,5,10,WT+pEP35,B,P30,150,M9 20 mM glucose pH 7.4 + 10 ng/mL aTc,
2552,D3,5,10,WT+pEP35,C,P30,150,M9 20 mM glucose pH 7.4 + 10 ng/mL aTc,
2553,D4,5,10,WT+pEP17,A,P30,150,M9 20 mM glucose pH 7.4 + 10 ng/mL aTc,
2554,D5,5,10,WT+pEP17,B,P30,150,M9 20 mM glucose pH 7.4 + 10 ng/mL aTc,
2555,D6,5,10,WT+pEP17,C,P30,150,M9 20 mM glucose pH 7.4 + 10 ng/mL aTc,
2556,D7,5,10,ΔproC (mCherry) ΔtrpR + pEP28,A,P30,150,M9 20 mM glucose pH 7.4 + 50 mg/L proline,
2557,D8,5,10,ΔproC (mCherry) ΔtrpR + pEP28,B,P30,150,M9 20 mM glucose pH 7.4 + 50 mg/L proline,
2558,D9,5,10,ΔproC (mCherry) ΔtrpR + pEP28,C,P30,150,M9 20 mM glucose pH 7.4 + 50 mg/L proline,
2559,D10,5,10,WT,D,P30,150,M9 20 mM glucose pH 7.4,
2560,D11,5,10,WT,E,P30,150,M9 20 mM glucose pH 7.4,
2561,D12,5,10,WT,F,P30,150,M9 20 mM glucose pH 7.4,
2562,E1,5,10,ΔtrpC (sfGFP) proB74 + pEP28,A,P30,150,M9 20 mM glucose pH 7.4 + 20 mg/L tryptophan,
2563,E2,5,10,ΔtrpC (sfGFP) proB74 + pEP28,B,P30,150,M9 20 mM glucose pH 7.4 + 20 mg/L tryptophan,
2564,E3,5,10,ΔtrpC (sfGFP) proB74 + pEP28,C,P30,150,M9 20 mM glucose pH 7.4 + 20 mg/L tryptophan,
2565,E4,5,10,WT+pEP65,A,P30,150,M9 20 mM glucose pH 7.4 + 10 ng/mL aTc,
2566,E5,5,10,WT+pEP65,B,P30,150,M9 20 mM glucose pH 7.4 + 10 ng/mL aTc,
2567,E6,5,10,WT+pEP65,C,P30,150,M9 20 mM glucose pH 7.4 + 10 ng/mL aTc,
2568,E7,5,10,WT+pEP66_5,A,P30,150,M9 20 mM glucose pH 7.4 + 10 ng/mL aTc,
2569,E8,5,10,WT+pEP66_5,B,P30,150,M9 20 mM glucose pH 7.4 + 10 ng/mL aTc,
2570,E9,5,10,WT+pEP66_5,C,P30,150,M9 20 mM glucose pH 7.4 + 10 ng/mL aTc,
2571,E10,5,10,E. coli MG1655,A,P30,150,M9 20 mM glucose pH 7.4,
2572,E11,5,10,E. coli MG1655,B,P30,150,M9 20 mM glucose pH 7.4,
2573,E12,5,10,E. coli MG1655,C,P30,150,M9 20 mM glucose pH 7.4,
2574,F1,5,10,WT+pEP65,A,P30,150,M9 20 mM glucose pH 7.4 + 100 ng/mL aTc,
2575,F2,5,10,WT+pEP65,B,P30,150,M9 20 mM glucose pH 7.4 + 100 ng/mL aTc,
2576,F3,5,10,WT+pEP65,C,P30,150,M9 20 mM glucose pH 7.4 + 100 ng/mL aTc,
2577,F4,5,10,WT+pEP66_5,A,P30,150,M9 20 mM glucose pH 7.4 + 100 ng/mL aTc,
2578,F5,5,10,WT+pEP66_5,B,P30,150,M9 20 mM glucose pH 7.4 + 100 ng/mL aTc,
2579,F6,5,10,WT+pEP66_5,C,P30,150,M9 20 mM glucose pH 7.4 + 100 ng/mL aTc,
2580,G1,5,11,tolC,A,P29,150,M9 20 mM glucose pH 7.4,Additional sample because of slow growth
2581,G2,5,11,tolC,B,P29,150,M9 20 mM glucose pH 7.4,Additional sample because of slow growth
2582,G3,5,11,tolC,C,P29,150,M9 20 mM glucose pH 7.4,Additional sample because of slow growth
2583,G4,5,11,WT+pEP35,A,P29,150,M9 20 mM glucose pH 7.4 + 10 ng/mL aTc,Additional sample because of slow growth
2584,G5,5,11,WT+pEP35,B,P29,150,M9 20 mM glucose pH 7.4 + 10 ng/mL aTc,Additional sample because of slow growth
2585,G6,5,11,WT+pEP35,C,P29,150,M9 20 mM glucose pH 7.4 + 10 ng/mL aTc,Additional sample because of slow growth
2586,G7,5,11,WT+pEP17,A,P29,150,M9 20 mM glucose pH 7.4 + 10 ng/mL aTc,Additional sample because of slow growth
2587,G8,5,11,WT+pEP17,B,P29,150,M9 20 mM glucose pH 7.4 + 10 ng/mL aTc,Additional sample because of slow growth
2588,G9,5,11,WT+pEP17,C,P29,150,M9 20 mM glucose pH 7.4 + 10 ng/mL aTc,Additional sample because of slow growth
2589,H1,5,12,tolC,A,P29,150,M9 20 mM glucose pH 7.4,Additional sample because of slow growth
2590,H2,5,12,tolC,B,P29,150,M9 20 mM glucose pH 7.4,Additional sample because of slow growth
2591,H3,5,12,tolC,C,P29,150,M9 20 mM glucose pH 7.4,Additional sample because of slow growth
2592,H4,5,12,WT+pEP35,A,P29,150,M9 20 mM glucose pH 7.4 + 10 ng/mL aTc,Additional sample because of slow growth
2593,H5,5,12,WT+pEP35,B,P29,150,M9 20 mM glucose pH 7.4 + 10 ng/mL aTc,Additional sample because of slow growth
2594,H6,5,12,WT+pEP35,C,P29,150,M9 20 mM glucose pH 7.4 + 10 ng/mL aTc,Additional sample because of slow growth
2595,H7,5,12,WT+pEP17,A,P29,150,M9 20 mM glucose pH 7.4 + 10 ng/mL aTc,Additional sample because of slow growth
2596,H8,5,12,WT+pEP17,B,P29,150,M9 20 mM glucose pH 7.4 + 10 ng/mL aTc,Additional sample because of slow growth
2597,H9,5,12,WT+pEP17,C,P29,150,M9 20 mM glucose pH 7.4 + 10 ng/mL aTc,Additional sample because of slow growth