,Strain #,Tube #,Parallel,Tube,Strain,Medium,Batch,Hours,OD,Timepoint,Batch-Tube
0,1,1,A,1A,tsx,M9 20 mM glucose pH 7.4,1,0.33,0.01,,1-1A
1,1,1,B,1B,tsx,M9 20 mM glucose pH 7.4,1,0.33,0.01,,1-1B
2,1,1,C,1C,tsx,M9 20 mM glucose pH 7.4,1,0.33,0.01,,1-1C
3,2,2,A,2A,oppA,M9 20 mM glucose pH 7.4,1,0.33,0.01,,1-2A
4,2,2,B,2B,oppA,M9 20 mM glucose pH 7.4,1,0.33,0.01,,1-2B
5,2,2,C,2C,oppA,M9 20 mM glucose pH 7.4,1,0.33,0.01,,1-2C
6,3,3,A,3A,ompC,M9 20 mM glucose pH 7.4,1,0.33,0.01,,1-3A
7,3,3,B,3B,ompC,M9 20 mM glucose pH 7.4,1,0.33,0.01,,1-3B
8,3,3,C,3C,ompC,M9 20 mM glucose pH 7.4,1,0.33,0.01,,1-3C
9,4,4,A,4A,ompF,M9 20 mM glucose pH 7.4,1,0.33,0.01,,1-4A
10,4,4,B,4B,ompF,M9 20 mM glucose pH 7.4,1,0.33,0.01,,1-4B
11,4,4,C,4C,ompF,M9 20 mM glucose pH 7.4,1,0.33,0.01,,1-4C
12,5,5,A,5A,yddG,M9 20 mM glucose pH 7.4,1,0.33,0.01,,1-5A
13,5,5,B,5B,yddG,M9 20 mM glucose pH 7.4,1,0.33,0.01,,1-5B
14,5,5,C,5C,yddG,M9 20 mM glucose pH 7.4,1,0.33,0.01,,1-5C
15,6,6,A,6A,ybjE,M9 20 mM glucose pH 7.4,1,0.33,0.01,,1-6A
16,6,6,B,6B,ybjE,M9 20 mM glucose pH 7.4,1,0.33,0.01,,1-6B
17,6,6,C,6C,ybjE,M9 20 mM glucose pH 7.4,1,0.33,0.01,,1-6C
18,7,7,A,7A,satP,M9 20 mM glucose pH 7.4,1,0.33,0.01,,1-7A
19,7,7,B,7B,satP,M9 20 mM glucose pH 7.4,1,0.33,0.01,,1-7B
20,7,7,C,7C,satP,M9 20 mM glucose pH 7.4,1,0.33,0.01,,1-7C
21,8,8,A,8A,yedA,M9 20 mM glucose pH 7.4,1,0.33,0.01,,1-8A
22,8,8,B,8B,yedA,M9 20 mM glucose pH 7.4,1,0.33,0.01,,1-8B
23,8,8,C,8C,yedA,M9 20 mM glucose pH 7.4,1,0.33,0.01,,1-8C
24,9,9,A,9A,ygaZ,M9 20 mM glucose pH 7.4,1,0.33,0.01,,1-9A
25,9,9,B,9B,ygaZ,M9 20 mM glucose pH 7.4,1,0.33,0.01,,1-9B
26,9,9,C,9C,ygaZ,M9 20 mM glucose pH 7.4,1,0.33,0.01,,1-9C
27,10,10,A,10A,yeaS,M9 20 mM glucose pH 7.4,1,0.33,0.01,,1-10A
28,10,10,B,10B,yeaS,M9 20 mM glucose pH 7.4,1,0.33,0.01,,1-10B
29,10,10,C,10C,yeaS,M9 20 mM glucose pH 7.4,1,0.33,0.01,,1-10C
30,11,11,A,11A,punC,M9 20 mM glucose pH 7.4,1,0.33,0.01,,1-11A
31,11,11,B,11B,punC,M9 20 mM glucose pH 7.4,1,0.33,0.01,,1-11B
32,11,11,C,11C,punC,M9 20 mM glucose pH 7.4,1,0.33,0.01,,1-11C
33,12,12,A,12A,rhtA,M9 20 mM glucose pH 7.4,1,0.33,0.01,,1-12A
34,12,12,B,12B,rhtA,M9 20 mM glucose pH 7.4,1,0.33,0.01,,1-12B
35,12,12,C,12C,rhtA,M9 20 mM glucose pH 7.4,1,0.33,0.01,,1-12C
36,13,13,A,13A,mscS,M9 20 mM glucose pH 7.4,1,0.33,0.01,,1-13A
37,13,13,B,13B,mscS,M9 20 mM glucose pH 7.4,1,0.33,0.01,,1-13B
38,13,13,C,13C,mscS,M9 20 mM glucose pH 7.4,1,0.33,0.01,,1-13C
39,14,14,A,14A,sstT,M9 20 mM glucose pH 7.4,1,0.33,0.01,,1-14A
40,14,14,B,14B,sstT,M9 20 mM glucose pH 7.4,1,0.33,0.01,,1-14B
41,14,14,C,14C,sstT,M9 20 mM glucose pH 7.4,1,0.33,0.01,,1-14C
42,0,0,A,0A,WT,M9 20 mM glucose pH 7.4,1,0.33,0.01,,1-0A
43,0,0,B,0B,WT,M9 20 mM glucose pH 7.4,1,0.33,0.01,,1-0B
44,0,0,C,0C,WT,M9 20 mM glucose pH 7.4,1,0.33,0.01,,1-0C
45,0,0,D,0D,WT,M9 20 mM glucose pH 7.4,1,0.33,0.01,,1-0D
46,0,0,E,0E,WT,M9 20 mM glucose pH 7.4,1,0.33,0.01,,1-0E
47,0,0,F,0F,WT,M9 20 mM glucose pH 7.4,1,0.33,0.01,,1-0F
48,1,1,A,1A,tsx,M9 20 mM glucose pH 7.4,1,2,0.019,,1-1A
49,1,1,B,1B,tsx,M9 20 mM glucose pH 7.4,1,2,0.015,,1-1B
50,1,1,C,1C,tsx,M9 20 mM glucose pH 7.4,1,2,0.015,,1-1C
51,2,2,A,2A,oppA,M9 20 mM glucose pH 7.4,1,2,0.017,,1-2A
52,2,2,B,2B,oppA,M9 20 mM glucose pH 7.4,1,2,0.017,,1-2B
53,2,2,C,2C,oppA,M9 20 mM glucose pH 7.4,1,2,0.018,,1-2C
54,3,3,A,3A,ompC,M9 20 mM glucose pH 7.4,1,2,0.02,,1-3A
55,3,3,B,3B,ompC,M9 20 mM glucose pH 7.4,1,2,0.017,,1-3B
56,3,3,C,3C,ompC,M9 20 mM glucose pH 7.4,1,2,0.021,,1-3C
57,4,4,A,4A,ompF,M9 20 mM glucose pH 7.4,1,2,0.017,,1-4A
58,4,4,B,4B,ompF,M9 20 mM glucose pH 7.4,1,2,0.014,,1-4B
59,4,4,C,4C,ompF,M9 20 mM glucose pH 7.4,1,2,0.019,,1-4C
60,5,5,A,5A,yddG,M9 20 mM glucose pH 7.4,1,2,0.017,,1-5A
61,5,5,B,5B,yddG,M9 20 mM glucose pH 7.4,1,2,0.014,,1-5B
62,5,5,C,5C,yddG,M9 20 mM glucose pH 7.4,1,2,0.019,,1-5C
63,6,6,A,6A,ybjE,M9 20 mM glucose pH 7.4,1,2,0.016,,1-6A
64,6,6,B,6B,ybjE,M9 20 mM glucose pH 7.4,1,2,0.012,,1-6B
65,6,6,C,6C,ybjE,M9 20 mM glucose pH 7.4,1,2,0.017,,1-6C
66,7,7,A,7A,satP,M9 20 mM glucose pH 7.4,1,2,0.017,,1-7A
67,7,7,B,7B,satP,M9 20 mM glucose pH 7.4,1,2,0.017,,1-7B
68,7,7,C,7C,satP,M9 20 mM glucose pH 7.4,1,2,0.017,,1-7C
69,8,8,A,8A,yedA,M9 20 mM glucose pH 7.4,1,2,0.016,,1-8A
70,8,8,B,8B,yedA,M9 20 mM glucose pH 7.4,1,2,0.018,,1-8B
71,8,8,C,8C,yedA,M9 20 mM glucose pH 7.4,1,2,0.02,,1-8C
72,9,9,A,9A,ygaZ,M9 20 mM glucose pH 7.4,1,2,0.015,,1-9A
73,9,9,B,9B,ygaZ,M9 20 mM glucose pH 7.4,1,2,0.016,,1-9B
74,9,9,C,9C,ygaZ,M9 20 mM glucose pH 7.4,1,2,0.015,,1-9C
75,10,10,A,10A,yeaS,M9 20 mM glucose pH 7.4,1,2,0.016,,1-10A
76,10,10,B,10B,yeaS,M9 20 mM glucose pH 7.4,1,2,0.017,,1-10B
77,10,10,C,10C,yeaS,M9 20 mM glucose pH 7.4,1,2,0.017,,1-10C
78,11,11,A,11A,punC,M9 20 mM glucose pH 7.4,1,2,0.016,,1-11A
79,11,11,B,11B,punC,M9 20 mM glucose pH 7.4,1,2,0.017,,1-11B
80,11,11,C,11C,punC,M9 20 mM glucose pH 7.4,1,2,0.016,,1-11C
81,12,12,A,12A,rhtA,M9 20 mM glucose pH 7.4,1,2,0.016,,1-12A
82,12,12,B,12B,rhtA,M9 20 mM glucose pH 7.4,1,2,0.016,,1-12B
83,12,12,C,12C,rhtA,M9 20 mM glucose pH 7.4,1,2,0.016,,1-12C
84,13,13,A,13A,mscS,M9 20 mM glucose pH 7.4,1,2,0.017,,1-13A
85,13,13,B,13B,mscS,M9 20 mM glucose pH 7.4,1,2,0.016,,1-13B
86,13,13,C,13C,mscS,M9 20 mM glucose pH 7.4,1,2,0.016,,1-13C
87,14,14,A,14A,sstT,M9 20 mM glucose pH 7.4,1,2,0.016,,1-14A
88,14,14,B,14B,sstT,M9 20 mM glucose pH 7.4,1,2,0.013,,1-14B
89,14,14,C,14C,sstT,M9 20 mM glucose pH 7.4,1,2,0.014,,1-14C
90,0,0,A,0A,WT,M9 20 mM glucose pH 7.4,1,2,0.019,,1-0A
91,0,0,B,0B,WT,M9 20 mM glucose pH 7.4,1,2,0.02,,1-0B
92,0,0,C,0C,WT,M9 20 mM glucose pH 7.4,1,2,0.017,,1-0C
93,0,0,D,0D,WT,M9 20 mM glucose pH 7.4,1,2,0.019,,1-0D
94,0,0,E,0E,WT,M9 20 mM glucose pH 7.4,1,2,0.018,,1-0E
95,0,0,F,0F,WT,M9 20 mM glucose pH 7.4,1,2,0.018,,1-0F
96,1,1,A,1A,tsx,M9 20 mM glucose pH 7.4,1,4,0.026,T1,1-1A
97,1,1,B,1B,tsx,M9 20 mM glucose pH 7.4,1,4,0.024,T1,1-1B
98,1,1,C,1C,tsx,M9 20 mM glucose pH 7.4,1,4,0.022,T1,1-1C
99,2,2,A,2A,oppA,M9 20 mM glucose pH 7.4,1,4,0.024,T1,1-2A
100,2,2,B,2B,oppA,M9 20 mM glucose pH 7.4,1,4,0.023,T1,1-2B
101,2,2,C,2C,oppA,M9 20 mM glucose pH 7.4,1,4,0.024,T1,1-2C
102,3,3,A,3A,ompC,M9 20 mM glucose pH 7.4,1,4,0.023,T1,1-3A
103,3,3,B,3B,ompC,M9 20 mM glucose pH 7.4,1,4,0.022,T1,1-3B
104,3,3,C,3C,ompC,M9 20 mM glucose pH 7.4,1,4,0.022,T1,1-3C
105,4,4,A,4A,ompF,M9 20 mM glucose pH 7.4,1,4,0.02,T1,1-4A
106,4,4,B,4B,ompF,M9 20 mM glucose pH 7.4,1,4,0.021,T1,1-4B
107,4,4,C,4C,ompF,M9 20 mM glucose pH 7.4,1,4,0.025,T1,1-4C
108,5,5,A,5A,yddG,M9 20 mM glucose pH 7.4,1,4,0.022,T1,1-5A
109,5,5,B,5B,yddG,M9 20 mM glucose pH 7.4,1,4,0.023,T1,1-5B
110,5,5,C,5C,yddG,M9 20 mM glucose pH 7.4,1,4,0.024,T1,1-5C
111,6,6,A,6A,ybjE,M9 20 mM glucose pH 7.4,1,4,0.02,T1,1-6A
112,6,6,B,6B,ybjE,M9 20 mM glucose pH 7.4,1,4,0.023,T1,1-6B
113,6,6,C,6C,ybjE,M9 20 mM glucose pH 7.4,1,4,0.023,T1,1-6C
114,7,7,A,7A,satP,M9 20 mM glucose pH 7.4,1,4,0.025,T1,1-7A
115,7,7,B,7B,satP,M9 20 mM glucose pH 7.4,1,4,0.023,T1,1-7B
116,7,7,C,7C,satP,M9 20 mM glucose pH 7.4,1,4,0.024,T1,1-7C
117,8,8,A,8A,yedA,M9 20 mM glucose pH 7.4,1,4,0.021,T1,1-8A
118,8,8,B,8B,yedA,M9 20 mM glucose pH 7.4,1,4,0.026,T1,1-8B
119,8,8,C,8C,yedA,M9 20 mM glucose pH 7.4,1,4,0.028,T1,1-8C
120,9,9,A,9A,ygaZ,M9 20 mM glucose pH 7.4,1,4,0.02,T1,1-9A
121,9,9,B,9B,ygaZ,M9 20 mM glucose pH 7.4,1,4,0.021,T1,1-9B
122,9,9,C,9C,ygaZ,M9 20 mM glucose pH 7.4,1,4,0.022,T1,1-9C
123,10,10,A,10A,yeaS,M9 20 mM glucose pH 7.4,1,4,0.022,T1,1-10A
124,10,10,B,10B,yeaS,M9 20 mM glucose pH 7.4,1,4,0.023,T1,1-10B
125,10,10,C,10C,yeaS,M9 20 mM glucose pH 7.4,1,4,0.024,T1,1-10C
126,11,11,A,11A,punC,M9 20 mM glucose pH 7.4,1,4,0.021,T1,1-11A
127,11,11,B,11B,punC,M9 20 mM glucose pH 7.4,1,4,0.02,T1,1-11B
128,11,11,C,11C,punC,M9 20 mM glucose pH 7.4,1,4,0.02,T1,1-11C
129,12,12,A,12A,rhtA,M9 20 mM glucose pH 7.4,1,4,0.024,T1,1-12A
130,12,12,B,12B,rhtA,M9 20 mM glucose pH 7.4,1,4,0.021,T1,1-12B
131,12,12,C,12C,rhtA,M9 20 mM glucose pH 7.4,1,4,0.021,T1,1-12C
132,13,13,A,13A,mscS,M9 20 mM glucose pH 7.4,1,4,0.023,T1,1-13A
133,13,13,B,13B,mscS,M9 20 mM glucose pH 7.4,1,4,0.021,T1,1-13B
134,13,13,C,13C,mscS,M9 20 mM glucose pH 7.4,1,4,0.02,T1,1-13C
135,14,14,A,14A,sstT,M9 20 mM glucose pH 7.4,1,4,0.02,T1,1-14A
136,14,14,B,14B,sstT,M9 20 mM glucose pH 7.4,1,4,0.018,T1,1-14B
137,14,14,C,14C,sstT,M9 20 mM glucose pH 7.4,1,4,0.019,T1,1-14C
138,0,0,A,0A,WT,M9 20 mM glucose pH 7.4,1,4,0.023,T1,1-0A
139,0,0,B,0B,WT,M9 20 mM glucose pH 7.4,1,4,0.024,T1,1-0B
140,0,0,C,0C,WT,M9 20 mM glucose pH 7.4,1,4,0.023,T1,1-0C
141,0,0,D,0D,WT,M9 20 mM glucose pH 7.4,1,4,0.021,T1,1-0D
142,0,0,E,0E,WT,M9 20 mM glucose pH 7.4,1,4,0.024,T1,1-0E
143,0,0,F,0F,WT,M9 20 mM glucose pH 7.4,1,4,0.022,T1,1-0F
144,1,1,A,1A,tsx,M9 20 mM glucose pH 7.4,1,6,0.04,,1-1A
145,1,1,B,1B,tsx,M9 20 mM glucose pH 7.4,1,6,0.041,,1-1B
146,1,1,C,1C,tsx,M9 20 mM glucose pH 7.4,1,6,0.041,,1-1C
147,2,2,A,2A,oppA,M9 20 mM glucose pH 7.4,1,6,0.044,,1-2A
148,2,2,B,2B,oppA,M9 20 mM glucose pH 7.4,1,6,0.044,,1-2B
149,2,2,C,2C,oppA,M9 20 mM glucose pH 7.4,1,6,0.044,,1-2C
150,3,3,A,3A,ompC,M9 20 mM glucose pH 7.4,1,6,0.038,,1-3A
151,3,3,B,3B,ompC,M9 20 mM glucose pH 7.4,1,6,0.036,,1-3B
152,3,3,C,3C,ompC,M9 20 mM glucose pH 7.4,1,6,0.037,,1-3C
153,4,4,A,4A,ompF,M9 20 mM glucose pH 7.4,1,6,0.034,,1-4A
154,4,4,B,4B,ompF,M9 20 mM glucose pH 7.4,1,6,0.036,,1-4B
155,4,4,C,4C,ompF,M9 20 mM glucose pH 7.4,1,6,0.039,,1-4C
156,5,5,A,5A,yddG,M9 20 mM glucose pH 7.4,1,6,0.035,,1-5A
157,5,5,B,5B,yddG,M9 20 mM glucose pH 7.4,1,6,0.038,,1-5B
158,5,5,C,5C,yddG,M9 20 mM glucose pH 7.4,1,6,0.042,,1-5C
159,6,6,A,6A,ybjE,M9 20 mM glucose pH 7.4,1,6,0.035,,1-6A
160,6,6,B,6B,ybjE,M9 20 mM glucose pH 7.4,1,6,0.039,,1-6B
161,6,6,C,6C,ybjE,M9 20 mM glucose pH 7.4,1,6,0.04,,1-6C
162,7,7,A,7A,satP,M9 20 mM glucose pH 7.4,1,6,0.043,,1-7A
163,7,7,B,7B,satP,M9 20 mM glucose pH 7.4,1,6,0.042,,1-7B
164,7,7,C,7C,satP,M9 20 mM glucose pH 7.4,1,6,0.044,,1-7C
165,8,8,A,8A,yedA,M9 20 mM glucose pH 7.4,1,6,0.036,,1-8A
166,8,8,B,8B,yedA,M9 20 mM glucose pH 7.4,1,6,0.04,,1-8B
167,8,8,C,8C,yedA,M9 20 mM glucose pH 7.4,1,6,0.049,,1-8C
168,9,9,A,9A,ygaZ,M9 20 mM glucose pH 7.4,1,6,0.03,,1-9A
169,9,9,B,9B,ygaZ,M9 20 mM glucose pH 7.4,1,6,0.031,,1-9B
170,9,9,C,9C,ygaZ,M9 20 mM glucose pH 7.4,1,6,0.031,,1-9C
171,10,10,A,10A,yeaS,M9 20 mM glucose pH 7.4,1,6,0.043,,1-10A
172,10,10,B,10B,yeaS,M9 20 mM glucose pH 7.4,1,6,0.044,,1-10B
173,10,10,C,10C,yeaS,M9 20 mM glucose pH 7.4,1,6,0.045,,1-10C
174,11,11,A,11A,punC,M9 20 mM glucose pH 7.4,1,6,0.028,,1-11A
175,11,11,B,11B,punC,M9 20 mM glucose pH 7.4,1,6,0.029,,1-11B
176,11,11,C,11C,punC,M9 20 mM glucose pH 7.4,1,6,0.027,,1-11C
177,12,12,A,12A,rhtA,M9 20 mM glucose pH 7.4,1,6,0.034,,1-12A
178,12,12,B,12B,rhtA,M9 20 mM glucose pH 7.4,1,6,0.035,,1-12B
179,12,12,C,12C,rhtA,M9 20 mM glucose pH 7.4,1,6,0.036,,1-12C
180,13,13,A,13A,mscS,M9 20 mM glucose pH 7.4,1,6,0.032,,1-13A
181,13,13,B,13B,mscS,M9 20 mM glucose pH 7.4,1,6,0.028,,1-13B
182,13,13,C,13C,mscS,M9 20 mM glucose pH 7.4,1,6,0.03,,1-13C
183,14,14,A,14A,sstT,M9 20 mM glucose pH 7.4,1,6,0.031,,1-14A
184,14,14,B,14B,sstT,M9 20 mM glucose pH 7.4,1,6,0.031,,1-14B
185,14,14,C,14C,sstT,M9 20 mM glucose pH 7.4,1,6,0.032,,1-14C
186,0,0,A,0A,WT,M9 20 mM glucose pH 7.4,1,6,0.038,,1-0A
187,0,0,B,0B,WT,M9 20 mM glucose pH 7.4,1,6,0.038,,1-0B
188,0,0,C,0C,WT,M9 20 mM glucose pH 7.4,1,6,0.038,,1-0C
189,0,0,D,0D,WT,M9 20 mM glucose pH 7.4,1,6,0.036,,1-0D
190,0,0,E,0E,WT,M9 20 mM glucose pH 7.4,1,6,0.038,,1-0E
191,0,0,F,0F,WT,M9 20 mM glucose pH 7.4,1,6,0.035,,1-0F
192,1,1,A,1A,tsx,M9 20 mM glucose pH 7.4,1,8,0.104,T2,1-1A
193,1,1,B,1B,tsx,M9 20 mM glucose pH 7.4,1,8,0.104,T2,1-1B
194,1,1,C,1C,tsx,M9 20 mM glucose pH 7.4,1,8,0.098,T2,1-1C
195,2,2,A,2A,oppA,M9 20 mM glucose pH 7.4,1,8,0.113,T2,1-2A
196,2,2,B,2B,oppA,M9 20 mM glucose pH 7.4,1,8,0.115,T2,1-2B
197,2,2,C,2C,oppA,M9 20 mM glucose pH 7.4,1,8,0.108,T2,1-2C
198,3,3,A,3A,ompC,M9 20 mM glucose pH 7.4,1,8,0.101,T2,1-3A
199,3,3,B,3B,ompC,M9 20 mM glucose pH 7.4,1,8,0.093,T2,1-3B
200,3,3,C,3C,ompC,M9 20 mM glucose pH 7.4,1,8,0.092,T2,1-3C
201,4,4,A,4A,ompF,M9 20 mM glucose pH 7.4,1,8,0.087,T2,1-4A
202,4,4,B,4B,ompF,M9 20 mM glucose pH 7.4,1,8,0.094,T2,1-4B
203,4,4,C,4C,ompF,M9 20 mM glucose pH 7.4,1,8,0.089,T2,1-4C
204,5,5,A,5A,yddG,M9 20 mM glucose pH 7.4,1,8,0.102,T2,1-5A
205,5,5,B,5B,yddG,M9 20 mM glucose pH 7.4,1,8,0.107,T2,1-5B
206,5,5,C,5C,yddG,M9 20 mM glucose pH 7.4,1,8,0.108,T2,1-5C
207,6,6,A,6A,ybjE,M9 20 mM glucose pH 7.4,1,8,0.096,T2,1-6A
208,6,6,B,6B,ybjE,M9 20 mM glucose pH 7.4,1,8,0.105,T2,1-6B
209,6,6,C,6C,ybjE,M9 20 mM glucose pH 7.4,1,8,0.099,T2,1-6C
210,7,7,A,7A,satP,M9 20 mM glucose pH 7.4,1,8,0.12,T2,1-7A
211,7,7,B,7B,satP,M9 20 mM glucose pH 7.4,1,8,0.117,T2,1-7B
212,7,7,C,7C,satP,M9 20 mM glucose pH 7.4,1,8,0.114,T2,1-7C
213,8,8,A,8A,yedA,M9 20 mM glucose pH 7.4,1,8,0.101,T2,1-8A
214,8,8,B,8B,yedA,M9 20 mM glucose pH 7.4,1,8,0.112,T2,1-8B
215,8,8,C,8C,yedA,M9 20 mM glucose pH 7.4,1,8,0.129,T2,1-8C
216,9,9,A,9A,ygaZ,M9 20 mM glucose pH 7.4,1,8,0.072,T2,1-9A
217,9,9,B,9B,ygaZ,M9 20 mM glucose pH 7.4,1,8,0.071,T2,1-9B
218,9,9,C,9C,ygaZ,M9 20 mM glucose pH 7.4,1,8,0.072,T2,1-9C
219,10,10,A,10A,yeaS,M9 20 mM glucose pH 7.4,1,8,0.117,T2,1-10A
220,10,10,B,10B,yeaS,M9 20 mM glucose pH 7.4,1,8,0.123,T2,1-10B
221,10,10,C,10C,yeaS,M9 20 mM glucose pH 7.4,1,8,0.124,T2,1-10C
222,11,11,A,11A,punC,M9 20 mM glucose pH 7.4,1,8,0.058,T2,1-11A
223,11,11,B,11B,punC,M9 20 mM glucose pH 7.4,1,8,0.059,T2,1-11B
224,11,11,C,11C,punC,M9 20 mM glucose pH 7.4,1,8,0.055,T2,1-11C
225,12,12,A,12A,rhtA,M9 20 mM glucose pH 7.4,1,8,0.085,T2,1-12A
226,12,12,B,12B,rhtA,M9 20 mM glucose pH 7.4,1,8,0.092,T2,1-12B
227,12,12,C,12C,rhtA,M9 20 mM glucose pH 7.4,1,8,0.091,T2,1-12C
228,13,13,A,13A,mscS,M9 20 mM glucose pH 7.4,1,8,0.062,T2,1-13A
229,13,13,B,13B,mscS,M9 20 mM glucose pH 7.4,1,8,0.059,T2,1-13B
230,13,13,C,13C,mscS,M9 20 mM glucose pH 7.4,1,8,0.059,T2,1-13C
231,14,14,A,14A,sstT,M9 20 mM glucose pH 7.4,1,8,0.084,T2,1-14A
232,14,14,B,14B,sstT,M9 20 mM glucose pH 7.4,1,8,0.083,T2,1-14B
233,14,14,C,14C,sstT,M9 20 mM glucose pH 7.4,1,8,0.084,T2,1-14C
234,0,0,A,0A,WT,M9 20 mM glucose pH 7.4,1,8,0.102,T2,1-0A
235,0,0,B,0B,WT,M9 20 mM glucose pH 7.4,1,8,0.105,T2,1-0B
236,0,0,C,0C,WT,M9 20 mM glucose pH 7.4,1,8,0.1,T2,1-0C
237,0,0,D,0D,WT,M9 20 mM glucose pH 7.4,1,8,0.101,T2,1-0D
238,0,0,E,0E,WT,M9 20 mM glucose pH 7.4,1,8,0.105,T2,1-0E
239,0,0,F,0F,WT,M9 20 mM glucose pH 7.4,1,8,0.096,T2,1-0F
240,1,1,A,1A,tsx,M9 20 mM glucose pH 7.4,1,10,0.295,T3,1-1A
241,1,1,B,1B,tsx,M9 20 mM glucose pH 7.4,1,10,0.291,T3,1-1B
242,1,1,C,1C,tsx,M9 20 mM glucose pH 7.4,1,10,0.269,T3,1-1C
243,2,2,A,2A,oppA,M9 20 mM glucose pH 7.4,1,10,0.297,T3,1-2A
244,2,2,B,2B,oppA,M9 20 mM glucose pH 7.4,1,10,0.319,T3,1-2B
245,2,2,C,2C,oppA,M9 20 mM glucose pH 7.4,1,10,0.298,T3,1-2C
246,3,3,A,3A,ompC,M9 20 mM glucose pH 7.4,1,10,0.303,T3,1-3A
247,3,3,B,3B,ompC,M9 20 mM glucose pH 7.4,1,10,0.289,T3,1-3B
248,3,3,C,3C,ompC,M9 20 mM glucose pH 7.4,1,10,0.293,T3,1-3C
249,4,4,A,4A,ompF,M9 20 mM glucose pH 7.4,1,10,0.264,T3,1-4A
250,4,4,B,4B,ompF,M9 20 mM glucose pH 7.4,1,10,0.271,T3,1-4B
251,4,4,C,4C,ompF,M9 20 mM glucose pH 7.4,1,10,0.263,T3,1-4C
252,5,5,A,5A,yddG,M9 20 mM glucose pH 7.4,1,10,0.314,T3,1-5A
253,5,5,B,5B,yddG,M9 20 mM glucose pH 7.4,1,10,0.33,T3,1-5B
254,5,5,C,5C,yddG,M9 20 mM glucose pH 7.4,1,10,0.343,T3,1-5C
255,6,6,A,6A,ybjE,M9 20 mM glucose pH 7.4,1,10,0.272,T3,1-6A
256,6,6,B,6B,ybjE,M9 20 mM glucose pH 7.4,1,10,0.3,T3,1-6B
257,6,6,C,6C,ybjE,M9 20 mM glucose pH 7.4,1,10,0.276,T3,1-6C
258,7,7,A,7A,satP,M9 20 mM glucose pH 7.4,1,10,0.34,T3,1-7A
259,7,7,B,7B,satP,M9 20 mM glucose pH 7.4,1,10,0.334,T3,1-7B
260,7,7,C,7C,satP,M9 20 mM glucose pH 7.4,1,10,0.318,T3,1-7C
261,8,8,A,8A,yedA,M9 20 mM glucose pH 7.4,1,10,0.294,T3,1-8A
262,8,8,B,8B,yedA,M9 20 mM glucose pH 7.4,1,10,0.288,T3,1-8B
263,8,8,C,8C,yedA,M9 20 mM glucose pH 7.4,1,10,0.356,T3,1-8C
264,9,9,A,9A,ygaZ,M9 20 mM glucose pH 7.4,1,10,0.234,T3,1-9A
265,9,9,B,9B,ygaZ,M9 20 mM glucose pH 7.4,1,10,0.242,T3,1-9B
266,9,9,C,9C,ygaZ,M9 20 mM glucose pH 7.4,1,10,0.26,T3,1-9C
267,10,10,A,10A,yeaS,M9 20 mM glucose pH 7.4,1,10,0.367,T3,1-10A
268,10,10,B,10B,yeaS,M9 20 mM glucose pH 7.4,1,10,0.373,T3,1-10B
269,10,10,C,10C,yeaS,M9 20 mM glucose pH 7.4,1,10,0.378,T3,1-10C
270,11,11,A,11A,punC,M9 20 mM glucose pH 7.4,1,10,0.186,T3,1-11A
271,11,11,B,11B,punC,M9 20 mM glucose pH 7.4,1,10,0.188,T3,1-11B
272,11,11,C,11C,punC,M9 20 mM glucose pH 7.4,1,10,0.179,T3,1-11C
273,12,12,A,12A,rhtA,M9 20 mM glucose pH 7.4,1,10,0.279,T3,1-12A
274,12,12,B,12B,rhtA,M9 20 mM glucose pH 7.4,1,10,0.318,T3,1-12B
275,12,12,C,12C,rhtA,M9 20 mM glucose pH 7.4,1,10,0.302,T3,1-12C
276,13,13,A,13A,mscS,M9 20 mM glucose pH 7.4,1,10,0.2,T3,1-13A
277,13,13,B,13B,mscS,M9 20 mM glucose pH 7.4,1,10,0.191,T3,1-13B
278,13,13,C,13C,mscS,M9 20 mM glucose pH 7.4,1,10,0.192,T3,1-13C
279,14,14,A,14A,sstT,M9 20 mM glucose pH 7.4,1,10,0.303,T3,1-14A
280,14,14,B,14B,sstT,M9 20 mM glucose pH 7.4,1,10,0.299,T3,1-14B
281,14,14,C,14C,sstT,M9 20 mM glucose pH 7.4,1,10,0.296,T3,1-14C
282,0,0,A,0A,WT,M9 20 mM glucose pH 7.4,1,10,0.342,T3,1-0A
283,0,0,B,0B,WT,M9 20 mM glucose pH 7.4,1,10,0.332,T3,1-0B
284,0,0,C,0C,WT,M9 20 mM glucose pH 7.4,1,10,0.349,T3,1-0C
285,0,0,D,0D,WT,M9 20 mM glucose pH 7.4,1,10,0.323,T3,1-0D
286,0,0,E,0E,WT,M9 20 mM glucose pH 7.4,1,10,0.346,T3,1-0E
287,0,0,F,0F,WT,M9 20 mM glucose pH 7.4,1,10,0.312,T3,1-0F
288,1,1,A,1A,tsx,M9 20 mM glucose pH 7.4,1,11,0.687,T4,1-1A
289,1,1,B,1B,tsx,M9 20 mM glucose pH 7.4,1,11,0.678,T4,1-1B
290,1,1,C,1C,tsx,M9 20 mM glucose pH 7.4,1,11,0.623,T4,1-1C
291,2,2,A,2A,oppA,M9 20 mM glucose pH 7.4,1,11,0.692,T4,1-2A
292,2,2,B,2B,oppA,M9 20 mM glucose pH 7.4,1,11,0.732,T4,1-2B
293,2,2,C,2C,oppA,M9 20 mM glucose pH 7.4,1,11,0.677,T4,1-2C
294,3,3,A,3A,ompC,M9 20 mM glucose pH 7.4,1,11,0.69,T4,1-3A
295,3,3,B,3B,ompC,M9 20 mM glucose pH 7.4,1,11,0.683,T4,1-3B
296,3,3,C,3C,ompC,M9 20 mM glucose pH 7.4,1,11,0.663,T4,1-3C
297,4,4,A,4A,ompF,M9 20 mM glucose pH 7.4,1,11,0.612,T4,1-4A
298,4,4,B,4B,ompF,M9 20 mM glucose pH 7.4,1,11,0.639,T4,1-4B
299,4,4,C,4C,ompF,M9 20 mM glucose pH 7.4,1,11,0.612,T4,1-4C
300,5,5,A,5A,yddG,M9 20 mM glucose pH 7.4,1,11,0.709,T4,1-5A
301,5,5,B,5B,yddG,M9 20 mM glucose pH 7.4,1,11,0.74,T4,1-5B
302,5,5,C,5C,yddG,M9 20 mM glucose pH 7.4,1,11,0.749,T4,1-5C
303,6,6,A,6A,ybjE,M9 20 mM glucose pH 7.4,1,11,0.629,T4,1-6A
304,6,6,B,6B,ybjE,M9 20 mM glucose pH 7.4,1,11,0.693,T4,1-6B
305,6,6,C,6C,ybjE,M9 20 mM glucose pH 7.4,1,11,0.64,T4,1-6C
306,7,7,A,7A,satP,M9 20 mM glucose pH 7.4,1,11,0.813,T4,1-7A
307,7,7,B,7B,satP,M9 20 mM glucose pH 7.4,1,11,0.791,T4,1-7B
308,7,7,C,7C,satP,M9 20 mM glucose pH 7.4,1,11,0.746,T4,1-7C
309,8,8,A,8A,yedA,M9 20 mM glucose pH 7.4,1,11,0.711,T4,1-8A
310,8,8,B,8B,yedA,M9 20 mM glucose pH 7.4,1,11,0.719,T4,1-8B
311,8,8,C,8C,yedA,M9 20 mM glucose pH 7.4,1,11,0.801,T4,1-8C
312,9,9,A,9A,ygaZ,M9 20 mM glucose pH 7.4,1,11,0.565,T4,1-9A
313,9,9,B,9B,ygaZ,M9 20 mM glucose pH 7.4,1,11,0.566,T4,1-9B
314,9,9,C,9C,ygaZ,M9 20 mM glucose pH 7.4,1,11,0.588,T4,1-9C
315,10,10,A,10A,yeaS,M9 20 mM glucose pH 7.4,1,11,0.77,T4,1-10A
316,10,10,B,10B,yeaS,M9 20 mM glucose pH 7.4,1,11,0.806,T4,1-10B
317,10,10,C,10C,yeaS,M9 20 mM glucose pH 7.4,1,11,0.792,T4,1-10C
318,11,11,A,11A,punC,M9 20 mM glucose pH 7.4,1,11,0.402,T4,1-11A
319,11,11,B,11B,punC,M9 20 mM glucose pH 7.4,1,11,0.459,T4,1-11B
320,11,11,C,11C,punC,M9 20 mM glucose pH 7.4,1,11,0.391,T4,1-11C
321,12,12,A,12A,rhtA,M9 20 mM glucose pH 7.4,1,11,0.621,T4,1-12A
322,12,12,B,12B,rhtA,M9 20 mM glucose pH 7.4,1,11,0.695,T4,1-12B
323,12,12,C,12C,rhtA,M9 20 mM glucose pH 7.4,1,11,0.665,T4,1-12C
324,13,13,A,13A,mscS,M9 20 mM glucose pH 7.4,1,11,0.412,T4,1-13A
325,13,13,B,13B,mscS,M9 20 mM glucose pH 7.4,1,11,0.396,T4,1-13B
326,13,13,C,13C,mscS,M9 20 mM glucose pH 7.4,1,11,0.401,T4,1-13C
327,14,14,A,14A,sstT,M9 20 mM glucose pH 7.4,1,11,0.654,T4,1-14A
328,14,14,B,14B,sstT,M9 20 mM glucose pH 7.4,1,11,0.659,T4,1-14B
329,14,14,C,14C,sstT,M9 20 mM glucose pH 7.4,1,11,0.653,T4,1-14C
330,0,0,A,0A,WT,M9 20 mM glucose pH 7.4,1,11,0.743,T4,1-0A
331,0,0,B,0B,WT,M9 20 mM glucose pH 7.4,1,11,0.721,T4,1-0B
332,0,0,C,0C,WT,M9 20 mM glucose pH 7.4,1,11,0.737,T4,1-0C
333,0,0,D,0D,WT,M9 20 mM glucose pH 7.4,1,11,0.69,T4,1-0D
334,0,0,E,0E,WT,M9 20 mM glucose pH 7.4,1,11,0.725,T4,1-0E
335,0,0,F,0F,WT,M9 20 mM glucose pH 7.4,1,11,0.656,T4,1-0F
336,1,1,A,1A,tsx,M9 20 mM glucose pH 7.4,1,12,0.951,T5,1-1A
337,1,1,B,1B,tsx,M9 20 mM glucose pH 7.4,1,12,0.932,T5,1-1B
338,1,1,C,1C,tsx,M9 20 mM glucose pH 7.4,1,12,0.866,T5,1-1C
339,2,2,A,2A,oppA,M9 20 mM glucose pH 7.4,1,12,0.946,T5,1-2A
340,2,2,B,2B,oppA,M9 20 mM glucose pH 7.4,1,12,0.99,T5,1-2B
341,2,2,C,2C,oppA,M9 20 mM glucose pH 7.4,1,12,0.926,T5,1-2C
342,3,3,A,3A,ompC,M9 20 mM glucose pH 7.4,1,12,0.944,T5,1-3A
343,3,3,B,3B,ompC,M9 20 mM glucose pH 7.4,1,12,0.931,T5,1-3B
344,3,3,C,3C,ompC,M9 20 mM glucose pH 7.4,1,12,0.903,T5,1-3C
345,4,4,A,4A,ompF,M9 20 mM glucose pH 7.4,1,12,0.858,T5,1-4A
346,4,4,B,4B,ompF,M9 20 mM glucose pH 7.4,1,12,0.894,T5,1-4B
347,4,4,C,4C,ompF,M9 20 mM glucose pH 7.4,1,12,0.864,T5,1-4C
348,5,5,A,5A,yddG,M9 20 mM glucose pH 7.4,1,12,0.959,T5,1-5A
349,5,5,B,5B,yddG,M9 20 mM glucose pH 7.4,1,12,0.99,T5,1-5B
350,5,5,C,5C,yddG,M9 20 mM glucose pH 7.4,1,12,1.005,T5,1-5C
351,6,6,A,6A,ybjE,M9 20 mM glucose pH 7.4,1,12,0.889,T5,1-6A
352,6,6,B,6B,ybjE,M9 20 mM glucose pH 7.4,1,12,0.953,T5,1-6B
353,6,6,C,6C,ybjE,M9 20 mM glucose pH 7.4,1,12,0.885,T5,1-6C
354,7,7,A,7A,satP,M9 20 mM glucose pH 7.4,1,12,1.091,T5,1-7A
355,7,7,B,7B,satP,M9 20 mM glucose pH 7.4,1,12,1.071,T5,1-7B
356,7,7,C,7C,satP,M9 20 mM glucose pH 7.4,1,12,1.014,T5,1-7C
357,8,8,A,8A,yedA,M9 20 mM glucose pH 7.4,1,12,0.991,T5,1-8A
358,8,8,B,8B,yedA,M9 20 mM glucose pH 7.4,1,12,1.005,T5,1-8B
359,8,8,C,8C,yedA,M9 20 mM glucose pH 7.4,1,12,1.076,T5,1-8C
360,9,9,A,9A,ygaZ,M9 20 mM glucose pH 7.4,1,12,0.845,T5,1-9A
361,9,9,B,9B,ygaZ,M9 20 mM glucose pH 7.4,1,12,0.846,T5,1-9B
362,9,9,C,9C,ygaZ,M9 20 mM glucose pH 7.4,1,12,0.853,T5,1-9C
363,10,10,A,10A,yeaS,M9 20 mM glucose pH 7.4,1,12,1.021,T5,1-10A
364,10,10,B,10B,yeaS,M9 20 mM glucose pH 7.4,1,12,1.055,T5,1-10B
365,10,10,C,10C,yeaS,M9 20 mM glucose pH 7.4,1,12,1.04,T5,1-10C
366,11,11,A,11A,punC,M9 20 mM glucose pH 7.4,1,12,0.57,T5,1-11A
367,11,11,B,11B,punC,M9 20 mM glucose pH 7.4,1,12,0.647,T5,1-11B
368,11,11,C,11C,punC,M9 20 mM glucose pH 7.4,1,12,0.553,T5,1-11C
369,12,12,A,12A,rhtA,M9 20 mM glucose pH 7.4,1,12,0.879,T5,1-12A
370,12,12,B,12B,rhtA,M9 20 mM glucose pH 7.4,1,12,0.966,T5,1-12B
371,12,12,C,12C,rhtA,M9 20 mM glucose pH 7.4,1,12,0.924,T5,1-12C
372,13,13,A,13A,mscS,M9 20 mM glucose pH 7.4,1,12,0.591,T5,1-13A
373,13,13,B,13B,mscS,M9 20 mM glucose pH 7.4,1,12,0.568,T5,1-13B
374,13,13,C,13C,mscS,M9 20 mM glucose pH 7.4,1,12,0.563,T5,1-13C
375,14,14,A,14A,sstT,M9 20 mM glucose pH 7.4,1,12,0.909,T5,1-14A
376,14,14,B,14B,sstT,M9 20 mM glucose pH 7.4,1,12,0.924,T5,1-14B
377,14,14,C,14C,sstT,M9 20 mM glucose pH 7.4,1,12,0.905,T5,1-14C
378,0,0,A,0A,WT,M9 20 mM glucose pH 7.4,1,12,1.012,T5,1-0A
379,0,0,B,0B,WT,M9 20 mM glucose pH 7.4,1,12,0.972,T5,1-0B
380,0,0,C,0C,WT,M9 20 mM glucose pH 7.4,1,12,0.997,T5,1-0C
381,0,0,D,0D,WT,M9 20 mM glucose pH 7.4,1,12,0.943,T5,1-0D
382,0,0,E,0E,WT,M9 20 mM glucose pH 7.4,1,12,0.984,T5,1-0E
383,0,0,F,0F,WT,M9 20 mM glucose pH 7.4,1,12,0.897,T5,1-0F
384,1,1,A,1A,tsx,M9 20 mM glucose pH 7.4,1,13,1.227,T6,1-1A
385,1,1,B,1B,tsx,M9 20 mM glucose pH 7.4,1,13,1.208,T6,1-1B
386,1,1,C,1C,tsx,M9 20 mM glucose pH 7.4,1,13,1.126,T6,1-1C
387,2,2,A,2A,oppA,M9 20 mM glucose pH 7.4,1,13,1.215,T6,1-2A
388,2,2,B,2B,oppA,M9 20 mM glucose pH 7.4,1,13,1.25,T6,1-2B
389,2,2,C,2C,oppA,M9 20 mM glucose pH 7.4,1,13,1.179,T6,1-2C
390,3,3,A,3A,ompC,M9 20 mM glucose pH 7.4,1,13,1.202,T6,1-3A
391,3,3,B,3B,ompC,M9 20 mM glucose pH 7.4,1,13,1.187,T6,1-3B
392,3,3,C,3C,ompC,M9 20 mM glucose pH 7.4,1,13,1.146,T6,1-3C
393,4,4,A,4A,ompF,M9 20 mM glucose pH 7.4,1,13,1.137,T6,1-4A
394,4,4,B,4B,ompF,M9 20 mM glucose pH 7.4,1,13,1.169,T6,1-4B
395,4,4,C,4C,ompF,M9 20 mM glucose pH 7.4,1,13,1.127,T6,1-4C
396,5,5,A,5A,yddG,M9 20 mM glucose pH 7.4,1,13,1.202,T6,1-5A
397,5,5,B,5B,yddG,M9 20 mM glucose pH 7.4,1,13,1.234,T6,1-5B
398,5,5,C,5C,yddG,M9 20 mM glucose pH 7.4,1,13,1.236,T6,1-5C
399,6,6,A,6A,ybjE,M9 20 mM glucose pH 7.4,1,13,1.171,T6,1-6A
400,6,6,B,6B,ybjE,M9 20 mM glucose pH 7.4,1,13,1.222,T6,1-6B
401,6,6,C,6C,ybjE,M9 20 mM glucose pH 7.4,1,13,1.155,T6,1-6C
402,7,7,A,7A,satP,M9 20 mM glucose pH 7.4,1,13,1.342,T6,1-7A
403,7,7,B,7B,satP,M9 20 mM glucose pH 7.4,1,13,1.319,T6,1-7B
404,7,7,C,7C,satP,M9 20 mM glucose pH 7.4,1,13,1.271,T6,1-7C
405,8,8,A,8A,yedA,M9 20 mM glucose pH 7.4,1,13,1.275,T6,1-8A
406,8,8,B,8B,yedA,M9 20 mM glucose pH 7.4,1,13,1.28,T6,1-8B
407,8,8,C,8C,yedA,M9 20 mM glucose pH 7.4,1,13,1.328,T6,1-8C
408,9,9,A,9A,ygaZ,M9 20 mM glucose pH 7.4,1,13,1.092,T6,1-9A
409,9,9,B,9B,ygaZ,M9 20 mM glucose pH 7.4,1,13,1.084,T6,1-9B
410,9,9,C,9C,ygaZ,M9 20 mM glucose pH 7.4,1,13,1.081,T6,1-9C
411,10,10,A,10A,yeaS,M9 20 mM glucose pH 7.4,1,13,1.213,T6,1-10A
412,10,10,B,10B,yeaS,M9 20 mM glucose pH 7.4,1,13,1.24,T6,1-10B
413,10,10,C,10C,yeaS,M9 20 mM glucose pH 7.4,1,13,1.213,T6,1-10C
414,11,11,A,11A,punC,M9 20 mM glucose pH 7.4,1,13,0.764,T6,1-11A
415,11,11,B,11B,punC,M9 20 mM glucose pH 7.4,1,13,0.856,T6,1-11B
416,11,11,C,11C,punC,M9 20 mM glucose pH 7.4,1,13,0.725,T6,1-11C
417,12,12,A,12A,rhtA,M9 20 mM glucose pH 7.4,1,13,1.115,T6,1-12A
418,12,12,B,12B,rhtA,M9 20 mM glucose pH 7.4,1,13,1.118,T6,1-12B
419,12,12,C,12C,rhtA,M9 20 mM glucose pH 7.4,1,13,1.134,T6,1-12C
420,13,13,A,13A,mscS,M9 20 mM glucose pH 7.4,1,13,0.783,T6,1-13A
421,13,13,B,13B,mscS,M9 20 mM glucose pH 7.4,1,13,0.755,T6,1-13B
422,13,13,C,13C,mscS,M9 20 mM glucose pH 7.4,1,13,0.737,T6,1-13C
423,14,14,A,14A,sstT,M9 20 mM glucose pH 7.4,1,13,1.139,T6,1-14A
424,14,14,B,14B,sstT,M9 20 mM glucose pH 7.4,1,13,1.147,T6,1-14B
425,14,14,C,14C,sstT,M9 20 mM glucose pH 7.4,1,13,1.124,T6,1-14C
426,0,0,A,0A,WT,M9 20 mM glucose pH 7.4,1,13,1.225,T6,1-0A
427,0,0,B,0B,WT,M9 20 mM glucose pH 7.4,1,13,1.176,T6,1-0B
428,0,0,C,0C,WT,M9 20 mM glucose pH 7.4,1,13,1.196,T6,1-0C
429,0,0,D,0D,WT,M9 20 mM glucose pH 7.4,1,13,1.16,T6,1-0D
430,0,0,E,0E,WT,M9 20 mM glucose pH 7.4,1,13,1.187,T6,1-0E
431,0,0,F,0F,WT,M9 20 mM glucose pH 7.4,1,13,1.108,T6,1-0F
432,1,1,A,1A,tsx,M9 20 mM glucose pH 7.4,1,14,1.389,T7,1-1A
433,1,1,B,1B,tsx,M9 20 mM glucose pH 7.4,1,14,1.396,T7,1-1B
434,1,1,C,1C,tsx,M9 20 mM glucose pH 7.4,1,14,1.349,T7,1-1C
435,2,2,A,2A,oppA,M9 20 mM glucose pH 7.4,1,14,1.428,T7,1-2A
436,2,2,B,2B,oppA,M9 20 mM glucose pH 7.4,1,14,1.438,T7,1-2B
437,2,2,C,2C,oppA,M9 20 mM glucose pH 7.4,1,14,1.363,T7,1-2C
438,3,3,A,3A,ompC,M9 20 mM glucose pH 7.4,1,14,1.367,T7,1-3A
439,3,3,B,3B,ompC,M9 20 mM glucose pH 7.4,1,14,1.351,T7,1-3B
440,3,3,C,3C,ompC,M9 20 mM glucose pH 7.4,1,14,1.313,T7,1-3C
441,4,4,A,4A,ompF,M9 20 mM glucose pH 7.4,1,14,1.349,T7,1-4A
442,4,4,B,4B,ompF,M9 20 mM glucose pH 7.4,1,14,1.368,T7,1-4B
443,4,4,C,4C,ompF,M9 20 mM glucose pH 7.4,1,14,1.351,T7,1-4C
444,5,5,A,5A,yddG,M9 20 mM glucose pH 7.4,1,14,1.364,T7,1-5A
445,5,5,B,5B,yddG,M9 20 mM glucose pH 7.4,1,14,1.378,T7,1-5B
446,5,5,C,5C,yddG,M9 20 mM glucose pH 7.4,1,14,1.353,T7,1-5C
447,6,6,A,6A,ybjE,M9 20 mM glucose pH 7.4,1,14,1.367,T7,1-6A
448,6,6,B,6B,ybjE,M9 20 mM glucose pH 7.4,1,14,1.412,T7,1-6B
449,6,6,C,6C,ybjE,M9 20 mM glucose pH 7.4,1,14,1.353,T7,1-6C
450,7,7,A,7A,satP,M9 20 mM glucose pH 7.4,1,14,1.494,T7,1-7A
451,7,7,B,7B,satP,M9 20 mM glucose pH 7.4,1,14,1.446,T7,1-7B
452,7,7,C,7C,satP,M9 20 mM glucose pH 7.4,1,14,1.428,T7,1-7C
453,8,8,A,8A,yedA,M9 20 mM glucose pH 7.4,1,14,1.407,T7,1-8A
454,8,8,B,8B,yedA,M9 20 mM glucose pH 7.4,1,14,1.444,T7,1-8B
455,8,8,C,8C,yedA,M9 20 mM glucose pH 7.4,1,14,1.454,T7,1-8C
456,9,9,A,9A,ygaZ,M9 20 mM glucose pH 7.4,1,14,1.345,T7,1-9A
457,9,9,B,9B,ygaZ,M9 20 mM glucose pH 7.4,1,14,1.359,T7,1-9B
458,9,9,C,9C,ygaZ,M9 20 mM glucose pH 7.4,1,14,1.349,T7,1-9C
459,10,10,A,10A,yeaS,M9 20 mM glucose pH 7.4,1,14,1.42,T7,1-10A
460,10,10,B,10B,yeaS,M9 20 mM glucose pH 7.4,1,14,1.432,T7,1-10B
461,10,10,C,10C,yeaS,M9 20 mM glucose pH 7.4,1,14,1.377,T7,1-10C
462,11,11,A,11A,punC,M9 20 mM glucose pH 7.4,1,14,1.037,T7,1-11A
463,11,11,B,11B,punC,M9 20 mM glucose pH 7.4,1,14,1.134,T7,1-11B
464,11,11,C,11C,punC,M9 20 mM glucose pH 7.4,1,14,0.988,T7,1-11C
465,12,12,A,12A,rhtA,M9 20 mM glucose pH 7.4,1,14,1.353,T7,1-12A
466,12,12,B,12B,rhtA,M9 20 mM glucose pH 7.4,1,14,1.399,T7,1-12B
467,12,12,C,12C,rhtA,M9 20 mM glucose pH 7.4,1,14,1.341,T7,1-12C
468,13,13,A,13A,mscS,M9 20 mM glucose pH 7.4,1,14,1.068,T7,1-13A
469,13,13,B,13B,mscS,M9 20 mM glucose pH 7.4,1,14,1.029,T7,1-13B
470,13,13,C,13C,mscS,M9 20 mM glucose pH 7.4,1,14,0.997,T7,1-13C
471,14,14,A,14A,sstT,M9 20 mM glucose pH 7.4,1,14,1.387,T7,1-14A
472,14,14,B,14B,sstT,M9 20 mM glucose pH 7.4,1,14,1.395,T7,1-14B
473,14,14,C,14C,sstT,M9 20 mM glucose pH 7.4,1,14,1.352,T7,1-14C
474,0,0,A,0A,WT,M9 20 mM glucose pH 7.4,1,14,1.411,T7,1-0A
475,0,0,B,0B,WT,M9 20 mM glucose pH 7.4,1,14,1.388,T7,1-0B
476,0,0,C,0C,WT,M9 20 mM glucose pH 7.4,1,14,1.381,T7,1-0C
477,0,0,D,0D,WT,M9 20 mM glucose pH 7.4,1,14,1.374,T7,1-0D
478,0,0,E,0E,WT,M9 20 mM glucose pH 7.4,1,14,1.389,T7,1-0E
479,0,0,F,0F,WT,M9 20 mM glucose pH 7.4,1,14,1.317,T7,1-0F
480,1,1,A,1A,tsx,M9 20 mM glucose pH 7.4,1,15,1.493,T8,1-1A
481,1,1,B,1B,tsx,M9 20 mM glucose pH 7.4,1,15,1.505,T8,1-1B
482,1,1,C,1C,tsx,M9 20 mM glucose pH 7.4,1,15,1.481,T8,1-1C
483,2,2,A,2A,oppA,M9 20 mM glucose pH 7.4,1,15,1.539,T8,1-2A
484,2,2,B,2B,oppA,M9 20 mM glucose pH 7.4,1,15,1.547,T8,1-2B
485,2,2,C,2C,oppA,M9 20 mM glucose pH 7.4,1,15,1.494,T8,1-2C
486,3,3,A,3A,ompC,M9 20 mM glucose pH 7.4,1,15,1.433,T8,1-3A
487,3,3,B,3B,ompC,M9 20 mM glucose pH 7.4,1,15,1.461,T8,1-3B
488,3,3,C,3C,ompC,M9 20 mM glucose pH 7.4,1,15,1.41,T8,1-3C
489,4,4,A,4A,ompF,M9 20 mM glucose pH 7.4,1,15,1.502,T8,1-4A
490,4,4,B,4B,ompF,M9 20 mM glucose pH 7.4,1,15,1.502,T8,1-4B
491,4,4,C,4C,ompF,M9 20 mM glucose pH 7.4,1,15,1.481,T8,1-4C
492,5,5,A,5A,yddG,M9 20 mM glucose pH 7.4,1,15,1.439,T8,1-5A
493,5,5,B,5B,yddG,M9 20 mM glucose pH 7.4,1,15,1.454,T8,1-5B
494,5,5,C,5C,yddG,M9 20 mM glucose pH 7.4,1,15,1.453,T8,1-5C
495,6,6,A,6A,ybjE,M9 20 mM glucose pH 7.4,1,15,1.474,T8,1-6A
496,6,6,B,6B,ybjE,M9 20 mM glucose pH 7.4,1,15,1.525,T8,1-6B
497,6,6,C,6C,ybjE,M9 20 mM glucose pH 7.4,1,15,1.493,T8,1-6C
498,7,7,A,7A,satP,M9 20 mM glucose pH 7.4,1,15,1.567,T8,1-7A
499,7,7,B,7B,satP,M9 20 mM glucose pH 7.4,1,15,1.566,T8,1-7B
500,7,7,C,7C,satP,M9 20 mM glucose pH 7.4,1,15,1.535,T8,1-7C
501,8,8,A,8A,yedA,M9 20 mM glucose pH 7.4,1,15,1.527,T8,1-8A
502,8,8,B,8B,yedA,M9 20 mM glucose pH 7.4,1,15,1.553,T8,1-8B
503,8,8,C,8C,yedA,M9 20 mM glucose pH 7.4,1,15,1.555,T8,1-8C
504,9,9,A,9A,ygaZ,M9 20 mM glucose pH 7.4,1,15,1.515,T8,1-9A
505,9,9,B,9B,ygaZ,M9 20 mM glucose pH 7.4,1,15,1.507,T8,1-9B
506,9,9,C,9C,ygaZ,M9 20 mM glucose pH 7.4,1,15,1.506,T8,1-9C
507,10,10,A,10A,yeaS,M9 20 mM glucose pH 7.4,1,15,1.522,T8,1-10A
508,10,10,B,10B,yeaS,M9 20 mM glucose pH 7.4,1,15,1.548,T8,1-10B
509,10,10,C,10C,yeaS,M9 20 mM glucose pH 7.4,1,15,1.522,T8,1-10C
510,11,11,A,11A,punC,M9 20 mM glucose pH 7.4,1,15,1.3,T8,1-11A
511,11,11,B,11B,punC,M9 20 mM glucose pH 7.4,1,15,1.397,T8,1-11B
512,11,11,C,11C,punC,M9 20 mM glucose pH 7.4,1,15,1.243,T8,1-11C
513,12,12,A,12A,rhtA,M9 20 mM glucose pH 7.4,1,15,1.482,T8,1-12A
514,12,12,B,12B,rhtA,M9 20 mM glucose pH 7.4,1,15,1.491,T8,1-12B
515,12,12,C,12C,rhtA,M9 20 mM glucose pH 7.4,1,15,1.466,T8,1-12C
516,13,13,A,13A,mscS,M9 20 mM glucose pH 7.4,1,15,1.31,T8,1-13A
517,13,13,B,13B,mscS,M9 20 mM glucose pH 7.4,1,15,1.273,T8,1-13B
518,13,13,C,13C,mscS,M9 20 mM glucose pH 7.4,1,15,1.246,T8,1-13C
519,14,14,A,14A,sstT,M9 20 mM glucose pH 7.4,1,15,1.487,T8,1-14A
520,14,14,B,14B,sstT,M9 20 mM glucose pH 7.4,1,15,1.508,T8,1-14B
521,14,14,C,14C,sstT,M9 20 mM glucose pH 7.4,1,15,1.473,T8,1-14C
522,0,0,A,0A,WT,M9 20 mM glucose pH 7.4,1,15,1.47,T8,1-0A
523,0,0,B,0B,WT,M9 20 mM glucose pH 7.4,1,15,1.491,T8,1-0B
524,0,0,C,0C,WT,M9 20 mM glucose pH 7.4,1,15,1.476,T8,1-0C
525,0,0,D,0D,WT,M9 20 mM glucose pH 7.4,1,15,1.505,T8,1-0D
526,0,0,E,0E,WT,M9 20 mM glucose pH 7.4,1,15,1.493,T8,1-0E
527,0,0,F,0F,WT,M9 20 mM glucose pH 7.4,1,15,1.46,T8,1-0F
528,1,1,A,1A,tsx,M9 20 mM glucose pH 7.4,1,16,1.549,T9,1-1A
529,1,1,B,1B,tsx,M9 20 mM glucose pH 7.4,1,16,1.558,T9,1-1B
530,1,1,C,1C,tsx,M9 20 mM glucose pH 7.4,1,16,1.548,T9,1-1C
531,2,2,A,2A,oppA,M9 20 mM glucose pH 7.4,1,16,1.545,T9,1-2A
532,2,2,B,2B,oppA,M9 20 mM glucose pH 7.4,1,16,1.569,T9,1-2B
533,2,2,C,2C,oppA,M9 20 mM glucose pH 7.4,1,16,1.555,T9,1-2C
534,3,3,A,3A,ompC,M9 20 mM glucose pH 7.4,1,16,1.478,T9,1-3A
535,3,3,B,3B,ompC,M9 20 mM glucose pH 7.4,1,16,1.476,T9,1-3B
536,3,3,C,3C,ompC,M9 20 mM glucose pH 7.4,1,16,1.468,T9,1-3C
537,4,4,A,4A,ompF,M9 20 mM glucose pH 7.4,1,16,1.547,T9,1-4A
538,4,4,B,4B,ompF,M9 20 mM glucose pH 7.4,1,16,1.544,T9,1-4B
539,4,4,C,4C,ompF,M9 20 mM glucose pH 7.4,1,16,1.534,T9,1-4C
540,5,5,A,5A,yddG,M9 20 mM glucose pH 7.4,1,16,1.483,T9,1-5A
541,5,5,B,5B,yddG,M9 20 mM glucose pH 7.4,1,16,1.503,T9,1-5B
542,5,5,C,5C,yddG,M9 20 mM glucose pH 7.4,1,16,1.494,T9,1-5C
543,6,6,A,6A,ybjE,M9 20 mM glucose pH 7.4,1,16,1.509,T9,1-6A
544,6,6,B,6B,ybjE,M9 20 mM glucose pH 7.4,1,16,1.517,T9,1-6B
545,6,6,C,6C,ybjE,M9 20 mM glucose pH 7.4,1,16,1.537,T9,1-6C
546,7,7,A,7A,satP,M9 20 mM glucose pH 7.4,1,16,1.543,T9,1-7A
547,7,7,B,7B,satP,M9 20 mM glucose pH 7.4,1,16,1.56,T9,1-7B
548,7,7,C,7C,satP,M9 20 mM glucose pH 7.4,1,16,1.553,T9,1-7C
549,8,8,A,8A,yedA,M9 20 mM glucose pH 7.4,1,16,1.533,T9,1-8A
550,8,8,B,8B,yedA,M9 20 mM glucose pH 7.4,1,16,1.544,T9,1-8B
551,8,8,C,8C,yedA,M9 20 mM glucose pH 7.4,1,16,1.538,T9,1-8C
552,9,9,A,9A,ygaZ,M9 20 mM glucose pH 7.4,1,16,1.571,T9,1-9A
553,9,9,B,9B,ygaZ,M9 20 mM glucose pH 7.4,1,16,1.575,T9,1-9B
554,9,9,C,9C,ygaZ,M9 20 mM glucose pH 7.4,1,16,1.577,T9,1-9C
555,10,10,A,10A,yeaS,M9 20 mM glucose pH 7.4,1,16,1.549,T9,1-10A
556,10,10,B,10B,yeaS,M9 20 mM glucose pH 7.4,1,16,1.561,T9,1-10B
557,10,10,C,10C,yeaS,M9 20 mM glucose pH 7.4,1,16,1.563,T9,1-10C
558,11,11,A,11A,punC,M9 20 mM glucose pH 7.4,1,16,1.463,T9,1-11A
559,11,11,B,11B,punC,M9 20 mM glucose pH 7.4,1,16,1.53,T9,1-11B
560,11,11,C,11C,punC,M9 20 mM glucose pH 7.4,1,16,1.403,T9,1-11C
561,12,12,A,12A,rhtA,M9 20 mM glucose pH 7.4,1,16,1.534,T9,1-12A
562,12,12,B,12B,rhtA,M9 20 mM glucose pH 7.4,1,16,1.556,T9,1-12B
563,12,12,C,12C,rhtA,M9 20 mM glucose pH 7.4,1,16,1.532,T9,1-12C
564,13,13,A,13A,mscS,M9 20 mM glucose pH 7.4,1,16,1.464,T9,1-13A
565,13,13,B,13B,mscS,M9 20 mM glucose pH 7.4,1,16,1.443,T9,1-13B
566,13,13,C,13C,mscS,M9 20 mM glucose pH 7.4,1,16,1.411,T9,1-13C
567,14,14,A,14A,sstT,M9 20 mM glucose pH 7.4,1,16,1.535,T9,1-14A
568,14,14,B,14B,sstT,M9 20 mM glucose pH 7.4,1,16,1.538,T9,1-14B
569,14,14,C,14C,sstT,M9 20 mM glucose pH 7.4,1,16,1.511,T9,1-14C
570,0,0,A,0A,WT,M9 20 mM glucose pH 7.4,1,16,1.546,T9,1-0A
571,0,0,B,0B,WT,M9 20 mM glucose pH 7.4,1,16,1.539,T9,1-0B
572,0,0,C,0C,WT,M9 20 mM glucose pH 7.4,1,16,1.513,T9,1-0C
573,0,0,D,0D,WT,M9 20 mM glucose pH 7.4,1,16,1.528,T9,1-0D
574,0,0,E,0E,WT,M9 20 mM glucose pH 7.4,1,16,1.558,T9,1-0E
575,0,0,F,0F,WT,M9 20 mM glucose pH 7.4,1,16,1.537,T9,1-0F
576,1,1,A,1A,tsx,M9 20 mM glucose pH 7.4,1,17,1.536,,1-1A
577,1,1,B,1B,tsx,M9 20 mM glucose pH 7.4,1,17,1.544,,1-1B
578,1,1,C,1C,tsx,M9 20 mM glucose pH 7.4,1,17,1.502,,1-1C
579,2,2,A,2A,oppA,M9 20 mM glucose pH 7.4,1,17,1.512,,1-2A
580,2,2,B,2B,oppA,M9 20 mM glucose pH 7.4,1,17,1.506,,1-2B
581,2,2,C,2C,oppA,M9 20 mM glucose pH 7.4,1,17,1.539,,1-2C
582,3,3,A,3A,ompC,M9 20 mM glucose pH 7.4,1,17,1.419,,1-3A
583,3,3,B,3B,ompC,M9 20 mM glucose pH 7.4,1,17,1.429,,1-3B
584,3,3,C,3C,ompC,M9 20 mM glucose pH 7.4,1,17,1.438,,1-3C
585,4,4,A,4A,ompF,M9 20 mM glucose pH 7.4,1,17,1.526,,1-4A
586,4,4,B,4B,ompF,M9 20 mM glucose pH 7.4,1,17,1.525,,1-4B
587,4,4,C,4C,ompF,M9 20 mM glucose pH 7.4,1,17,1.541,,1-4C
588,5,5,A,5A,yddG,M9 20 mM glucose pH 7.4,1,17,1.452,,1-5A
589,5,5,B,5B,yddG,M9 20 mM glucose pH 7.4,1,17,1.459,,1-5B
590,5,5,C,5C,yddG,M9 20 mM glucose pH 7.4,1,17,1.464,,1-5C
591,6,6,A,6A,ybjE,M9 20 mM glucose pH 7.4,1,17,1.481,,1-6A
592,6,6,B,6B,ybjE,M9 20 mM glucose pH 7.4,1,17,1.49,,1-6B
593,6,6,C,6C,ybjE,M9 20 mM glucose pH 7.4,1,17,1.505,,1-6C
594,7,7,A,7A,satP,M9 20 mM glucose pH 7.4,1,17,1.514,,1-7A
595,7,7,B,7B,satP,M9 20 mM glucose pH 7.4,1,17,1.511,,1-7B
596,7,7,C,7C,satP,M9 20 mM glucose pH 7.4,1,17,1.511,,1-7C
597,8,8,A,8A,yedA,M9 20 mM glucose pH 7.4,1,17,1.515,,1-8A
598,8,8,B,8B,yedA,M9 20 mM glucose pH 7.4,1,17,1.515,,1-8B
599,8,8,C,8C,yedA,M9 20 mM glucose pH 7.4,1,17,1.507,,1-8C
600,9,9,A,9A,ygaZ,M9 20 mM glucose pH 7.4,1,17,1.553,,1-9A
601,9,9,B,9B,ygaZ,M9 20 mM glucose pH 7.4,1,17,1.551,,1-9B
602,9,9,C,9C,ygaZ,M9 20 mM glucose pH 7.4,1,17,1.57,,1-9C
603,10,10,A,10A,yeaS,M9 20 mM glucose pH 7.4,1,17,1.51,,1-10A
604,10,10,B,10B,yeaS,M9 20 mM glucose pH 7.4,1,17,1.537,,1-10B
605,10,10,C,10C,yeaS,M9 20 mM glucose pH 7.4,1,17,1.54,,1-10C
606,11,11,A,11A,punC,M9 20 mM glucose pH 7.4,1,17,1.556,,1-11A
607,11,11,B,11B,punC,M9 20 mM glucose pH 7.4,1,17,1.581,,1-11B
608,11,11,C,11C,punC,M9 20 mM glucose pH 7.4,1,17,1.54,,1-11C
609,12,12,A,12A,rhtA,M9 20 mM glucose pH 7.4,1,17,1.552,,1-12A
610,12,12,B,12B,rhtA,M9 20 mM glucose pH 7.4,1,17,1.536,,1-12B
611,12,12,C,12C,rhtA,M9 20 mM glucose pH 7.4,1,17,1.523,,1-12C
612,13,13,A,13A,mscS,M9 20 mM glucose pH 7.4,1,17,1.553,,1-13A
613,13,13,B,13B,mscS,M9 20 mM glucose pH 7.4,1,17,1.538,,1-13B
614,13,13,C,13C,mscS,M9 20 mM glucose pH 7.4,1,17,1.522,,1-13C
615,14,14,A,14A,sstT,M9 20 mM glucose pH 7.4,1,17,1.509,,1-14A
616,14,14,B,14B,sstT,M9 20 mM glucose pH 7.4,1,17,1.514,,1-14B
617,14,14,C,14C,sstT,M9 20 mM glucose pH 7.4,1,17,1.512,,1-14C
618,0,0,A,0A,WT,M9 20 mM glucose pH 7.4,1,17,1.517,,1-0A
619,0,0,B,0B,WT,M9 20 mM glucose pH 7.4,1,17,1.506,,1-0B
620,0,0,C,0C,WT,M9 20 mM glucose pH 7.4,1,17,1.511,,1-0C
621,0,0,D,0D,WT,M9 20 mM glucose pH 7.4,1,17,1.501,,1-0D
622,0,0,E,0E,WT,M9 20 mM glucose pH 7.4,1,17,1.511,,1-0E
623,0,0,F,0F,WT,M9 20 mM glucose pH 7.4,1,17,1.518,,1-0F
624,1,1,A,1A,tsx,M9 20 mM glucose pH 7.4,1,20,1.509,T10,1-1A
625,1,1,B,1B,tsx,M9 20 mM glucose pH 7.4,1,20,1.514,T10,1-1B
626,1,1,C,1C,tsx,M9 20 mM glucose pH 7.4,1,20,1.524,T10,1-1C
627,2,2,A,2A,oppA,M9 20 mM glucose pH 7.4,1,20,1.499,T10,1-2A
628,2,2,B,2B,oppA,M9 20 mM glucose pH 7.4,1,20,1.514,T10,1-2B
629,2,2,C,2C,oppA,M9 20 mM glucose pH 7.4,1,20,1.509,T10,1-2C
630,3,3,A,3A,ompC,M9 20 mM glucose pH 7.4,1,20,1.385,T10,1-3A
631,3,3,B,3B,ompC,M9 20 mM glucose pH 7.4,1,20,1.385,T10,1-3B
632,3,3,C,3C,ompC,M9 20 mM glucose pH 7.4,1,20,1.394,T10,1-3C
633,4,4,A,4A,ompF,M9 20 mM glucose pH 7.4,1,20,1.501,T10,1-4A
634,4,4,B,4B,ompF,M9 20 mM glucose pH 7.4,1,20,1.503,T10,1-4B
635,4,4,C,4C,ompF,M9 20 mM glucose pH 7.4,1,20,1.514,T10,1-4C
636,5,5,A,5A,yddG,M9 20 mM glucose pH 7.4,1,20,1.429,T10,1-5A
637,5,5,B,5B,yddG,M9 20 mM glucose pH 7.4,1,20,1.431,T10,1-5B
638,5,5,C,5C,yddG,M9 20 mM glucose pH 7.4,1,20,1.442,T10,1-5C
639,6,6,A,6A,ybjE,M9 20 mM glucose pH 7.4,1,20,1.452,T10,1-6A
640,6,6,B,6B,ybjE,M9 20 mM glucose pH 7.4,1,20,1.459,T10,1-6B
641,6,6,C,6C,ybjE,M9 20 mM glucose pH 7.4,1,20,1.476,T10,1-6C
642,7,7,A,7A,satP,M9 20 mM glucose pH 7.4,1,20,1.489,T10,1-7A
643,7,7,B,7B,satP,M9 20 mM glucose pH 7.4,1,20,1.485,T10,1-7B
644,7,7,C,7C,satP,M9 20 mM glucose pH 7.4,1,20,1.485,T10,1-7C
645,8,8,A,8A,yedA,M9 20 mM glucose pH 7.4,1,20,1.484,T10,1-8A
646,8,8,B,8B,yedA,M9 20 mM glucose pH 7.4,1,20,1.487,T10,1-8B
647,8,8,C,8C,yedA,M9 20 mM glucose pH 7.4,1,20,1.476,T10,1-8C
648,9,9,A,9A,ygaZ,M9 20 mM glucose pH 7.4,1,20,1.514,T10,1-9A
649,9,9,B,9B,ygaZ,M9 20 mM glucose pH 7.4,1,20,1.519,T10,1-9B
650,9,9,C,9C,ygaZ,M9 20 mM glucose pH 7.4,1,20,1.543,T10,1-9C
651,10,10,A,10A,yeaS,M9 20 mM glucose pH 7.4,1,20,1.474,T10,1-10A
652,10,10,B,10B,yeaS,M9 20 mM glucose pH 7.4,1,20,1.497,T10,1-10B
653,10,10,C,10C,yeaS,M9 20 mM glucose pH 7.4,1,20,1.505,T10,1-10C
654,11,11,A,11A,punC,M9 20 mM glucose pH 7.4,1,20,1.532,T10,1-11A
655,11,11,B,11B,punC,M9 20 mM glucose pH 7.4,1,20,1.558,T10,1-11B
656,11,11,C,11C,punC,M9 20 mM glucose pH 7.4,1,20,1.548,T10,1-11C
657,12,12,A,12A,rhtA,M9 20 mM glucose pH 7.4,1,20,1.483,T10,1-12A
658,12,12,B,12B,rhtA,M9 20 mM glucose pH 7.4,1,20,1.492,T10,1-12B
659,12,12,C,12C,rhtA,M9 20 mM glucose pH 7.4,1,20,1.493,T10,1-12C
660,13,13,A,13A,mscS,M9 20 mM glucose pH 7.4,1,20,1.525,T10,1-13A
661,13,13,B,13B,mscS,M9 20 mM glucose pH 7.4,1,20,1.52,T10,1-13B
662,13,13,C,13C,mscS,M9 20 mM glucose pH 7.4,1,20,1.529,T10,1-13C
663,14,14,A,14A,sstT,M9 20 mM glucose pH 7.4,1,20,1.48,T10,1-14A
664,14,14,B,14B,sstT,M9 20 mM glucose pH 7.4,1,20,1.483,T10,1-14B
665,14,14,C,14C,sstT,M9 20 mM glucose pH 7.4,1,20,1.482,T10,1-14C
666,0,0,A,0A,WT,M9 20 mM glucose pH 7.4,1,20,1.484,T10,1-0A
667,0,0,B,0B,WT,M9 20 mM glucose pH 7.4,1,20,1.476,T10,1-0B
668,0,0,C,0C,WT,M9 20 mM glucose pH 7.4,1,20,1.484,T10,1-0C
669,0,0,D,0D,WT,M9 20 mM glucose pH 7.4,1,20,1.463,T10,1-0D
670,0,0,E,0E,WT,M9 20 mM glucose pH 7.4,1,20,1.486,T10,1-0E
671,0,0,F,0F,WT,M9 20 mM glucose pH 7.4,1,20,1.474,T10,1-0F
672,15,1,A,1A,argO,M9 20 mM glucose pH 7.4,2,0,0.01,,2-1A
673,15,1,B,1B,argO,M9 20 mM glucose pH 7.4,2,0,0.01,,2-1B
674,15,1,C,1C,argO,M9 20 mM glucose pH 7.4,2,0,0.01,,2-1C
675,16,2,A,2A,yhjE,M9 20 mM glucose pH 7.4,2,0,0.01,,2-2A
676,16,2,B,2B,yhjE,M9 20 mM glucose pH 7.4,2,0,0.01,,2-2B
677,16,2,C,2C,yhjE,M9 20 mM glucose pH 7.4,2,0,0.01,,2-2C
678,17,3,A,3A,adeP,M9 20 mM glucose pH 7.4,2,0,0.01,,2-3A
679,17,3,B,3B,adeP,M9 20 mM glucose pH 7.4,2,0,0.01,,2-3B
680,17,3,C,3C,adeP,M9 20 mM glucose pH 7.4,2,0,0.01,,2-3C
681,18,4,A,4A,actP,M9 20 mM glucose pH 7.4,2,0,0.01,,2-4A
682,18,4,B,4B,actP,M9 20 mM glucose pH 7.4,2,0,0.01,,2-4B
683,18,4,C,4C,actP,M9 20 mM glucose pH 7.4,2,0,0.01,,2-4C
684,19,5,A,5A,codB,M9 20 mM glucose pH 7.4,2,0,0.01,,2-5A
685,19,5,B,5B,codB,M9 20 mM glucose pH 7.4,2,0,0.01,,2-5B
686,19,5,C,5C,codB,M9 20 mM glucose pH 7.4,2,0,0.01,,2-5C
687,20,6,A,6A,aroP,M9 20 mM glucose pH 7.4,2,0,0.01,,2-6A
688,20,6,B,6B,aroP,M9 20 mM glucose pH 7.4,2,0,0.01,,2-6B
689,20,6,C,6C,aroP,M9 20 mM glucose pH 7.4,2,0,0.01,,2-6C
690,21,7,A,7A,brnQ,M9 20 mM glucose pH 7.4,2,0,0.01,,2-7A
691,21,7,B,7B,brnQ,M9 20 mM glucose pH 7.4,2,0,0.01,,2-7B
692,21,7,C,7C,brnQ,M9 20 mM glucose pH 7.4,2,0,0.01,,2-7C
693,0,0,A,0A,WT,M9 20 mM glucose pH 7.4,2,0,0.01,,2-0A
694,0,0,B,0B,WT,M9 20 mM glucose pH 7.4,2,0,0.01,,2-0B
695,0,0,C,0C,WT,M9 20 mM glucose pH 7.4,2,0,0.01,,2-0C
696,22,8,A,8A,setA,M9 20 mM glucose pH 7.4,2,0,0.01,,2-8A
697,22,8,B,8B,setA,M9 20 mM glucose pH 7.4,2,0,0.01,,2-8B
698,22,8,C,8C,setA,M9 20 mM glucose pH 7.4,2,0,0.01,,2-8C
699,23,9,A,9A,acrB,M9 20 mM glucose pH 7.4,2,0,0.01,,2-9A
700,23,9,B,9B,acrB,M9 20 mM glucose pH 7.4,2,0,0.01,,2-9B
701,23,9,C,9C,acrB,M9 20 mM glucose pH 7.4,2,0,0.01,,2-9C
702,24,10,A,10A,nagE,M9 20 mM glucose pH 7.4,2,0,0.01,,2-10A
703,24,10,B,10B,nagE,M9 20 mM glucose pH 7.4,2,0,0.01,,2-10B
704,24,10,C,10C,nagE,M9 20 mM glucose pH 7.4,2,0,0.01,,2-10C
705,25,11,A,11A,gltJ,M9 20 mM glucose pH 7.4,2,0,0.01,,2-11A
706,25,11,B,11B,gltJ,M9 20 mM glucose pH 7.4,2,0,0.01,,2-11B
707,25,11,C,11C,gltJ,M9 20 mM glucose pH 7.4,2,0,0.01,,2-11C
708,26,12,A,12A,ptsG,M9 20 mM glucose pH 7.4,2,0,0.01,,2-12A
709,26,12,B,12B,ptsG,M9 20 mM glucose pH 7.4,2,0,0.01,,2-12B
710,26,12,C,12C,ptsG,M9 20 mM glucose pH 7.4,2,0,0.01,,2-12C
711,27,13,A,13A,lysP,M9 20 mM glucose pH 7.4,2,0,0.01,,2-13A
712,27,13,B,13B,lysP,M9 20 mM glucose pH 7.4,2,0,0.01,,2-13B
713,27,13,C,13C,lysP,M9 20 mM glucose pH 7.4,2,0,0.01,,2-13C
714,28,14,A,14A,putP,M9 20 mM glucose pH 7.4,2,0,0.01,,2-14A
715,28,14,B,14B,putP,M9 20 mM glucose pH 7.4,2,0,0.01,,2-14B
716,28,14,C,14C,putP,M9 20 mM glucose pH 7.4,2,0,0.01,,2-14C
717,0,0,D,0D,WT,M9 20 mM glucose pH 7.4,2,0,0.01,,2-0D
718,0,0,E,0E,WT,M9 20 mM glucose pH 7.4,2,0,0.01,,2-0E
719,0,0,F,0F,WT,M9 20 mM glucose pH 7.4,2,0,0.01,,2-0F
720,15,1,A,1A,argO,M9 20 mM glucose pH 7.4,2,0.33,0.02,,2-1A
721,15,1,B,1B,argO,M9 20 mM glucose pH 7.4,2,0.33,0.016,,2-1B
722,15,1,C,1C,argO,M9 20 mM glucose pH 7.4,2,0.33,0.02,,2-1C
723,16,2,A,2A,yhjE,M9 20 mM glucose pH 7.4,2,0.33,0.016,,2-2A
724,16,2,B,2B,yhjE,M9 20 mM glucose pH 7.4,2,0.33,0.017,,2-2B
725,16,2,C,2C,yhjE,M9 20 mM glucose pH 7.4,2,0.33,0.014,,2-2C
726,17,3,A,3A,adeP,M9 20 mM glucose pH 7.4,2,0.33,0.012,,2-3A
727,17,3,B,3B,adeP,M9 20 mM glucose pH 7.4,2,0.33,0.01,,2-3B
728,17,3,C,3C,adeP,M9 20 mM glucose pH 7.4,2,0.33,0.02,,2-3C
729,18,4,A,4A,actP,M9 20 mM glucose pH 7.4,2,0.33,0.025,,2-4A
730,18,4,B,4B,actP,M9 20 mM glucose pH 7.4,2,0.33,0.016,,2-4B
731,18,4,C,4C,actP,M9 20 mM glucose pH 7.4,2,0.33,0.017,,2-4C
732,19,5,A,5A,codB,M9 20 mM glucose pH 7.4,2,0.33,0.016,,2-5A
733,19,5,B,5B,codB,M9 20 mM glucose pH 7.4,2,0.33,0.022,,2-5B
734,19,5,C,5C,codB,M9 20 mM glucose pH 7.4,2,0.33,0.023,,2-5C
735,20,6,A,6A,aroP,M9 20 mM glucose pH 7.4,2,0.33,0.019,,2-6A
736,20,6,B,6B,aroP,M9 20 mM glucose pH 7.4,2,0.33,0.022,,2-6B
737,20,6,C,6C,aroP,M9 20 mM glucose pH 7.4,2,0.33,0.018,,2-6C
738,21,7,A,7A,brnQ,M9 20 mM glucose pH 7.4,2,0.33,0.026,,2-7A
739,21,7,B,7B,brnQ,M9 20 mM glucose pH 7.4,2,0.33,0.015,,2-7B
740,21,7,C,7C,brnQ,M9 20 mM glucose pH 7.4,2,0.33,0.017,,2-7C
741,0,0,A,0A,WT,M9 20 mM glucose pH 7.4,2,0.33,0.018,,2-0A
742,0,0,B,0B,WT,M9 20 mM glucose pH 7.4,2,0.33,0.017,,2-0B
743,0,0,C,0C,WT,M9 20 mM glucose pH 7.4,2,0.33,0.024,,2-0C
744,22,8,A,8A,setA,M9 20 mM glucose pH 7.4,2,0.33,0.014,,2-8A
745,22,8,B,8B,setA,M9 20 mM glucose pH 7.4,2,0.33,0.016,,2-8B
746,22,8,C,8C,setA,M9 20 mM glucose pH 7.4,2,0.33,0.021,,2-8C
747,23,9,A,9A,acrB,M9 20 mM glucose pH 7.4,2,0.33,0.015,,2-9A
748,23,9,B,9B,acrB,M9 20 mM glucose pH 7.4,2,0.33,0.021,,2-9B
749,23,9,C,9C,acrB,M9 20 mM glucose pH 7.4,2,0.33,0.017,,2-9C
750,24,10,A,10A,nagE,M9 20 mM glucose pH 7.4,2,0.33,0.014,,2-10A
751,24,10,B,10B,nagE,M9 20 mM glucose pH 7.4,2,0.33,0.015,,2-10B
752,24,10,C,10C,nagE,M9 20 mM glucose pH 7.4,2,0.33,0.015,,2-10C
753,25,11,A,11A,gltJ,M9 20 mM glucose pH 7.4,2,0.33,0.015,,2-11A
754,25,11,B,11B,gltJ,M9 20 mM glucose pH 7.4,2,0.33,0.018,,2-11B
755,25,11,C,11C,gltJ,M9 20 mM glucose pH 7.4,2,0.33,0.017,,2-11C
756,26,12,A,12A,ptsG,M9 20 mM glucose pH 7.4,2,0.33,0.015,,2-12A
757,26,12,B,12B,ptsG,M9 20 mM glucose pH 7.4,2,0.33,0.018,,2-12B
758,26,12,C,12C,ptsG,M9 20 mM glucose pH 7.4,2,0.33,0.017,,2-12C
759,27,13,A,13A,lysP,M9 20 mM glucose pH 7.4,2,0.33,0.016,,2-13A
760,27,13,B,13B,lysP,M9 20 mM glucose pH 7.4,2,0.33,0.017,,2-13B
761,27,13,C,13C,lysP,M9 20 mM glucose pH 7.4,2,0.33,0.019,,2-13C
762,28,14,A,14A,putP,M9 20 mM glucose pH 7.4,2,0.33,0.015,,2-14A
763,28,14,B,14B,putP,M9 20 mM glucose pH 7.4,2,0.33,0.016,,2-14B
764,28,14,C,14C,putP,M9 20 mM glucose pH 7.4,2,0.33,0.023,,2-14C
765,0,0,D,0D,WT,M9 20 mM glucose pH 7.4,2,0.33,0.026,,2-0D
766,0,0,E,0E,WT,M9 20 mM glucose pH 7.4,2,0.33,0.018,,2-0E
767,0,0,F,0F,WT,M9 20 mM glucose pH 7.4,2,0.33,0.017,,2-0F
768,15,1,A,1A,argO,M9 20 mM glucose pH 7.4,2,2,0.024,,2-1A
769,15,1,B,1B,argO,M9 20 mM glucose pH 7.4,2,2,0.021,,2-1B
770,15,1,C,1C,argO,M9 20 mM glucose pH 7.4,2,2,0.026,,2-1C
771,16,2,A,2A,yhjE,M9 20 mM glucose pH 7.4,2,2,0.022,,2-2A
772,16,2,B,2B,yhjE,M9 20 mM glucose pH 7.4,2,2,0.024,,2-2B
773,16,2,C,2C,yhjE,M9 20 mM glucose pH 7.4,2,2,0.022,,2-2C
774,17,3,A,3A,adeP,M9 20 mM glucose pH 7.4,2,2,0.02,,2-3A
775,17,3,B,3B,adeP,M9 20 mM glucose pH 7.4,2,2,0.022,,2-3B
776,17,3,C,3C,adeP,M9 20 mM glucose pH 7.4,2,2,0.028,,2-3C
777,18,4,A,4A,actP,M9 20 mM glucose pH 7.4,2,2,0.034,,2-4A
778,18,4,B,4B,actP,M9 20 mM glucose pH 7.4,2,2,0.021,,2-4B
779,18,4,C,4C,actP,M9 20 mM glucose pH 7.4,2,2,0.021,,2-4C
780,19,5,A,5A,codB,M9 20 mM glucose pH 7.4,2,2,0.022,,2-5A
781,19,5,B,5B,codB,M9 20 mM glucose pH 7.4,2,2,0.029,,2-5B
782,19,5,C,5C,codB,M9 20 mM glucose pH 7.4,2,2,0.031,,2-5C
783,20,6,A,6A,aroP,M9 20 mM glucose pH 7.4,2,2,0.026,,2-6A
784,20,6,B,6B,aroP,M9 20 mM glucose pH 7.4,2,2,0.024,,2-6B
785,20,6,C,6C,aroP,M9 20 mM glucose pH 7.4,2,2,0.023,,2-6C
786,21,7,A,7A,brnQ,M9 20 mM glucose pH 7.4,2,2,0.037,,2-7A
787,21,7,B,7B,brnQ,M9 20 mM glucose pH 7.4,2,2,0.019,,2-7B
788,21,7,C,7C,brnQ,M9 20 mM glucose pH 7.4,2,2,0.02,,2-7C
789,0,0,A,0A,WT,M9 20 mM glucose pH 7.4,2,2,0.024,,2-0A
790,0,0,B,0B,WT,M9 20 mM glucose pH 7.4,2,2,0.022,,2-0B
791,0,0,C,0C,WT,M9 20 mM glucose pH 7.4,2,2,0.029,,2-0C
792,22,8,A,8A,setA,M9 20 mM glucose pH 7.4,2,2,0.028,,2-8A
793,22,8,B,8B,setA,M9 20 mM glucose pH 7.4,2,2,0.025,,2-8B
794,22,8,C,8C,setA,M9 20 mM glucose pH 7.4,2,2,0.024,,2-8C
795,23,9,A,9A,acrB,M9 20 mM glucose pH 7.4,2,2,0.023,,2-9A
796,23,9,B,9B,acrB,M9 20 mM glucose pH 7.4,2,2,0.025,,2-9B
797,23,9,C,9C,acrB,M9 20 mM glucose pH 7.4,2,2,0.022,,2-9C
798,24,10,A,10A,nagE,M9 20 mM glucose pH 7.4,2,2,0.018,,2-10A
799,24,10,B,10B,nagE,M9 20 mM glucose pH 7.4,2,2,0.02,,2-10B
800,24,10,C,10C,nagE,M9 20 mM glucose pH 7.4,2,2,0.02,,2-10C
801,25,11,A,11A,gltJ,M9 20 mM glucose pH 7.4,2,2,0.024,,2-11A
802,25,11,B,11B,gltJ,M9 20 mM glucose pH 7.4,2,2,0.021,,2-11B
803,25,11,C,11C,gltJ,M9 20 mM glucose pH 7.4,2,2,0.023,,2-11C
804,26,12,A,12A,ptsG,M9 20 mM glucose pH 7.4,2,2,0.021,,2-12A
805,26,12,B,12B,ptsG,M9 20 mM glucose pH 7.4,2,2,0.021,,2-12B
806,26,12,C,12C,ptsG,M9 20 mM glucose pH 7.4,2,2,0.021,,2-12C
807,27,13,A,13A,lysP,M9 20 mM glucose pH 7.4,2,2,0.022,,2-13A
808,27,13,B,13B,lysP,M9 20 mM glucose pH 7.4,2,2,0.021,,2-13B
809,27,13,C,13C,lysP,M9 20 mM glucose pH 7.4,2,2,0.024,,2-13C
810,28,14,A,14A,putP,M9 20 mM glucose pH 7.4,2,2,0.021,,2-14A
811,28,14,B,14B,putP,M9 20 mM glucose pH 7.4,2,2,0.021,,2-14B
812,28,14,C,14C,putP,M9 20 mM glucose pH 7.4,2,2,0.029,,2-14C
813,0,0,D,0D,WT,M9 20 mM glucose pH 7.4,2,2,0.025,,2-0D
814,0,0,E,0E,WT,M9 20 mM glucose pH 7.4,2,2,0.022,,2-0E
815,0,0,F,0F,WT,M9 20 mM glucose pH 7.4,2,2,0.022,,2-0F
816,15,1,A,1A,argO,M9 20 mM glucose pH 7.4,2,4,0.036,T1,2-1A
817,15,1,B,1B,argO,M9 20 mM glucose pH 7.4,2,4,0.031,T1,2-1B
818,15,1,C,1C,argO,M9 20 mM glucose pH 7.4,2,4,0.033,T1,2-1C
819,16,2,A,2A,yhjE,M9 20 mM glucose pH 7.4,2,4,0.034,T1,2-2A
820,16,2,B,2B,yhjE,M9 20 mM glucose pH 7.4,2,4,0.035,T1,2-2B
821,16,2,C,2C,yhjE,M9 20 mM glucose pH 7.4,2,4,0.034,T1,2-2C
822,17,3,A,3A,adeP,M9 20 mM glucose pH 7.4,2,4,0.025,T1,2-3A
823,17,3,B,3B,adeP,M9 20 mM glucose pH 7.4,2,4,0.028,T1,2-3B
824,17,3,C,3C,adeP,M9 20 mM glucose pH 7.4,2,4,0.03,T1,2-3C
825,18,4,A,4A,actP,M9 20 mM glucose pH 7.4,2,4,0.044,T1,2-4A
826,18,4,B,4B,actP,M9 20 mM glucose pH 7.4,2,4,0.032,T1,2-4B
827,18,4,C,4C,actP,M9 20 mM glucose pH 7.4,2,4,0.033,T1,2-4C
828,19,5,A,5A,codB,M9 20 mM glucose pH 7.4,2,4,0.034,T1,2-5A
829,19,5,B,5B,codB,M9 20 mM glucose pH 7.4,2,4,0.04,T1,2-5B
830,19,5,C,5C,codB,M9 20 mM glucose pH 7.4,2,4,0.044,T1,2-5C
831,20,6,A,6A,aroP,M9 20 mM glucose pH 7.4,2,4,0.036,T1,2-6A
832,20,6,B,6B,aroP,M9 20 mM glucose pH 7.4,2,4,0.036,T1,2-6B
833,20,6,C,6C,aroP,M9 20 mM glucose pH 7.4,2,4,0.037,T1,2-6C
834,21,7,A,7A,brnQ,M9 20 mM glucose pH 7.4,2,4,0.049,T1,2-7A
835,21,7,B,7B,brnQ,M9 20 mM glucose pH 7.4,2,4,0.028,T1,2-7B
836,21,7,C,7C,brnQ,M9 20 mM glucose pH 7.4,2,4,0.029,T1,2-7C
837,0,0,A,0A,WT,M9 20 mM glucose pH 7.4,2,4,0.034,T1,2-0A
838,0,0,B,0B,WT,M9 20 mM glucose pH 7.4,2,4,0.033,T1,2-0B
839,0,0,C,0C,WT,M9 20 mM glucose pH 7.4,2,4,0.038,T1,2-0C
840,22,8,A,8A,setA,M9 20 mM glucose pH 7.4,2,4,0.04,T1,2-8A
841,22,8,B,8B,setA,M9 20 mM glucose pH 7.4,2,4,0.034,T1,2-8B
842,22,8,C,8C,setA,M9 20 mM glucose pH 7.4,2,4,0.036,T1,2-8C
843,23,9,A,9A,acrB,M9 20 mM glucose pH 7.4,2,4,0.036,T1,2-9A
844,23,9,B,9B,acrB,M9 20 mM glucose pH 7.4,2,4,0.043,T1,2-9B
845,23,9,C,9C,acrB,M9 20 mM glucose pH 7.4,2,4,0.037,T1,2-9C
846,24,10,A,10A,nagE,M9 20 mM glucose pH 7.4,2,4,0.028,T1,2-10A
847,24,10,B,10B,nagE,M9 20 mM glucose pH 7.4,2,4,0.029,T1,2-10B
848,24,10,C,10C,nagE,M9 20 mM glucose pH 7.4,2,4,0.029,T1,2-10C
849,25,11,A,11A,gltJ,M9 20 mM glucose pH 7.4,2,4,0.036,T1,2-11A
850,25,11,B,11B,gltJ,M9 20 mM glucose pH 7.4,2,4,0.034,T1,2-11B
851,25,11,C,11C,gltJ,M9 20 mM glucose pH 7.4,2,4,0.034,T1,2-11C
852,26,12,A,12A,ptsG,M9 20 mM glucose pH 7.4,2,4,0.028,T1,2-12A
853,26,12,B,12B,ptsG,M9 20 mM glucose pH 7.4,2,4,0.028,T1,2-12B
854,26,12,C,12C,ptsG,M9 20 mM glucose pH 7.4,2,4,0.028,T1,2-12C
855,27,13,A,13A,lysP,M9 20 mM glucose pH 7.4,2,4,0.034,T1,2-13A
856,27,13,B,13B,lysP,M9 20 mM glucose pH 7.4,2,4,0.033,T1,2-13B
857,27,13,C,13C,lysP,M9 20 mM glucose pH 7.4,2,4,0.038,T1,2-13C
858,28,14,A,14A,putP,M9 20 mM glucose pH 7.4,2,4,0.033,T1,2-14A
859,28,14,B,14B,putP,M9 20 mM glucose pH 7.4,2,4,0.034,T1,2-14B
860,28,14,C,14C,putP,M9 20 mM glucose pH 7.4,2,4,0.037,T1,2-14C
861,0,0,D,0D,WT,M9 20 mM glucose pH 7.4,2,4,0.035,T1,2-0D
862,0,0,E,0E,WT,M9 20 mM glucose pH 7.4,2,4,0.033,T1,2-0E
863,0,0,F,0F,WT,M9 20 mM glucose pH 7.4,2,4,0.033,T1,2-0F
864,15,1,A,1A,argO,M9 20 mM glucose pH 7.4,2,6,0.07,,2-1A
865,15,1,B,1B,argO,M9 20 mM glucose pH 7.4,2,6,0.067,,2-1B
866,15,1,C,1C,argO,M9 20 mM glucose pH 7.4,2,6,0.067,,2-1C
867,16,2,A,2A,yhjE,M9 20 mM glucose pH 7.4,2,6,0.091,,2-2A
868,16,2,B,2B,yhjE,M9 20 mM glucose pH 7.4,2,6,0.096,,2-2B
869,16,2,C,2C,yhjE,M9 20 mM glucose pH 7.4,2,6,0.093,,2-2C
870,17,3,A,3A,adeP,M9 20 mM glucose pH 7.4,2,6,0.05,,2-3A
871,17,3,B,3B,adeP,M9 20 mM glucose pH 7.4,2,6,0.055,,2-3B
872,17,3,C,3C,adeP,M9 20 mM glucose pH 7.4,2,6,0.06,,2-3C
873,18,4,A,4A,actP,M9 20 mM glucose pH 7.4,2,6,0.105,,2-4A
874,18,4,B,4B,actP,M9 20 mM glucose pH 7.4,2,6,0.088,,2-4B
875,18,4,C,4C,actP,M9 20 mM glucose pH 7.4,2,6,0.083,,2-4C
876,19,5,A,5A,codB,M9 20 mM glucose pH 7.4,2,6,0.097,,2-5A
877,19,5,B,5B,codB,M9 20 mM glucose pH 7.4,2,6,0.101,,2-5B
878,19,5,C,5C,codB,M9 20 mM glucose pH 7.4,2,6,0.114,,2-5C
879,20,6,A,6A,aroP,M9 20 mM glucose pH 7.4,2,6,0.097,,2-6A
880,20,6,B,6B,aroP,M9 20 mM glucose pH 7.4,2,6,0.1,,2-6B
881,20,6,C,6C,aroP,M9 20 mM glucose pH 7.4,2,6,0.101,,2-6C
882,21,7,A,7A,brnQ,M9 20 mM glucose pH 7.4,2,6,0.114,,2-7A
883,21,7,B,7B,brnQ,M9 20 mM glucose pH 7.4,2,6,0.061,,2-7B
884,21,7,C,7C,brnQ,M9 20 mM glucose pH 7.4,2,6,0.063,,2-7C
885,0,0,A,0A,WT,M9 20 mM glucose pH 7.4,2,6,0.097,,2-0A
886,0,0,B,0B,WT,M9 20 mM glucose pH 7.4,2,6,0.096,,2-0B
887,0,0,C,0C,WT,M9 20 mM glucose pH 7.4,2,6,0.102,,2-0C
888,22,8,A,8A,setA,M9 20 mM glucose pH 7.4,2,6,0.121,,2-8A
889,22,8,B,8B,setA,M9 20 mM glucose pH 7.4,2,6,0.101,,2-8B
890,22,8,C,8C,setA,M9 20 mM glucose pH 7.4,2,6,0.103,,2-8C
891,23,9,A,9A,acrB,M9 20 mM glucose pH 7.4,2,6,0.119,,2-9A
892,23,9,B,9B,acrB,M9 20 mM glucose pH 7.4,2,6,0.124,,2-9B
893,23,9,C,9C,acrB,M9 20 mM glucose pH 7.4,2,6,0.118,,2-9C
894,24,10,A,10A,nagE,M9 20 mM glucose pH 7.4,2,6,0.074,,2-10A
895,24,10,B,10B,nagE,M9 20 mM glucose pH 7.4,2,6,0.078,,2-10B
896,24,10,C,10C,nagE,M9 20 mM glucose pH 7.4,2,6,0.076,,2-10C
897,25,11,A,11A,gltJ,M9 20 mM glucose pH 7.4,2,6,0.107,,2-11A
898,25,11,B,11B,gltJ,M9 20 mM glucose pH 7.4,2,6,0.105,,2-11B
899,25,11,C,11C,gltJ,M9 20 mM glucose pH 7.4,2,6,0.099,,2-11C
900,26,12,A,12A,ptsG,M9 20 mM glucose pH 7.4,2,6,0.04,,2-12A
901,26,12,B,12B,ptsG,M9 20 mM glucose pH 7.4,2,6,0.039,,2-12B
902,26,12,C,12C,ptsG,M9 20 mM glucose pH 7.4,2,6,0.04,,2-12C
903,27,13,A,13A,lysP,M9 20 mM glucose pH 7.4,2,6,0.105,,2-13A
904,27,13,B,13B,lysP,M9 20 mM glucose pH 7.4,2,6,0.104,,2-13B
905,27,13,C,13C,lysP,M9 20 mM glucose pH 7.4,2,6,0.107,,2-13C
906,28,14,A,14A,putP,M9 20 mM glucose pH 7.4,2,6,0.093,,2-14A
907,28,14,B,14B,putP,M9 20 mM glucose pH 7.4,2,6,0.094,,2-14B
908,28,14,C,14C,putP,M9 20 mM glucose pH 7.4,2,6,0.097,,2-14C
909,0,0,D,0D,WT,M9 20 mM glucose pH 7.4,2,6,0.105,,2-0D
910,0,0,E,0E,WT,M9 20 mM glucose pH 7.4,2,6,0.095,,2-0E
911,0,0,F,0F,WT,M9 20 mM glucose pH 7.4,2,6,0.092,,2-0F
912,15,1,A,1A,argO,M9 20 mM glucose pH 7.4,2,8,0.261,T2,2-1A
913,15,1,B,1B,argO,M9 20 mM glucose pH 7.4,2,8,0.241,T2,2-1B
914,15,1,C,1C,argO,M9 20 mM glucose pH 7.4,2,8,0.235,T2,2-1C
915,16,2,A,2A,yhjE,M9 20 mM glucose pH 7.4,2,8,0.335,T2,2-2A
916,16,2,B,2B,yhjE,M9 20 mM glucose pH 7.4,2,8,0.341,T2,2-2B
917,16,2,C,2C,yhjE,M9 20 mM glucose pH 7.4,2,8,0.344,T2,2-2C
918,17,3,A,3A,adeP,M9 20 mM glucose pH 7.4,2,8,0.168,T2,2-3A
919,17,3,B,3B,adeP,M9 20 mM glucose pH 7.4,2,8,0.177,T2,2-3B
920,17,3,C,3C,adeP,M9 20 mM glucose pH 7.4,2,8,0.181,T2,2-3C
921,18,4,A,4A,actP,M9 20 mM glucose pH 7.4,2,8,0.328,T2,2-4A
922,18,4,B,4B,actP,M9 20 mM glucose pH 7.4,2,8,0.311,T2,2-4B
923,18,4,C,4C,actP,M9 20 mM glucose pH 7.4,2,8,0.279,T2,2-4C
924,19,5,A,5A,codB,M9 20 mM glucose pH 7.4,2,8,0.363,T2,2-5A
925,19,5,B,5B,codB,M9 20 mM glucose pH 7.4,2,8,0.361,T2,2-5B
926,19,5,C,5C,codB,M9 20 mM glucose pH 7.4,2,8,0.347,T2,2-5C
927,20,6,A,6A,aroP,M9 20 mM glucose pH 7.4,2,8,0.384,T2,2-6A
928,20,6,B,6B,aroP,M9 20 mM glucose pH 7.4,2,8,0.39,T2,2-6B
929,20,6,C,6C,aroP,M9 20 mM glucose pH 7.4,2,8,0.385,T2,2-6C
930,21,7,A,7A,brnQ,M9 20 mM glucose pH 7.4,2,8,0.365,T2,2-7A
931,21,7,B,7B,brnQ,M9 20 mM glucose pH 7.4,2,8,0.187,T2,2-7B
932,21,7,C,7C,brnQ,M9 20 mM glucose pH 7.4,2,8,0.181,T2,2-7C
933,0,0,A,0A,WT,M9 20 mM glucose pH 7.4,2,8,0.37,T2,2-0A
934,0,0,B,0B,WT,M9 20 mM glucose pH 7.4,2,8,0.372,T2,2-0B
935,0,0,C,0C,WT,M9 20 mM glucose pH 7.4,2,8,0.347,T2,2-0C
936,22,8,A,8A,setA,M9 20 mM glucose pH 7.4,2,8,0.451,T2,2-8A
937,22,8,B,8B,setA,M9 20 mM glucose pH 7.4,2,8,0.377,T2,2-8B
938,22,8,C,8C,setA,M9 20 mM glucose pH 7.4,2,8,0.385,T2,2-8C
939,23,9,A,9A,acrB,M9 20 mM glucose pH 7.4,2,8,0.415,T2,2-9A
940,23,9,B,9B,acrB,M9 20 mM glucose pH 7.4,2,8,0.407,T2,2-9B
941,23,9,C,9C,acrB,M9 20 mM glucose pH 7.4,2,8,0.409,T2,2-9C
942,24,10,A,10A,nagE,M9 20 mM glucose pH 7.4,2,8,0.234,T2,2-10A
943,24,10,B,10B,nagE,M9 20 mM glucose pH 7.4,2,8,0.261,T2,2-10B
944,24,10,C,10C,nagE,M9 20 mM glucose pH 7.4,2,8,0.247,T2,2-10C
945,25,11,A,11A,gltJ,M9 20 mM glucose pH 7.4,2,8,0.364,T2,2-11A
946,25,11,B,11B,gltJ,M9 20 mM glucose pH 7.4,2,8,0.358,T2,2-11B
947,25,11,C,11C,gltJ,M9 20 mM glucose pH 7.4,2,8,0.307,T2,2-11C
948,26,12,A,12A,ptsG,M9 20 mM glucose pH 7.4,2,8,0.059,T2,2-12A
949,26,12,B,12B,ptsG,M9 20 mM glucose pH 7.4,2,8,0.058,T2,2-12B
950,26,12,C,12C,ptsG,M9 20 mM glucose pH 7.4,2,8,0.059,T2,2-12C
951,27,13,A,13A,lysP,M9 20 mM glucose pH 7.4,2,8,0.33,T2,2-13A
952,27,13,B,13B,lysP,M9 20 mM glucose pH 7.4,2,8,0.363,T2,2-13B
953,27,13,C,13C,lysP,M9 20 mM glucose pH 7.4,2,8,0.347,T2,2-13C
954,28,14,A,14A,putP,M9 20 mM glucose pH 7.4,2,8,0.319,T2,2-14A
955,28,14,B,14B,putP,M9 20 mM glucose pH 7.4,2,8,0.32,T2,2-14B
956,28,14,C,14C,putP,M9 20 mM glucose pH 7.4,2,8,0.316,T2,2-14C
957,0,0,D,0D,WT,M9 20 mM glucose pH 7.4,2,8,0.326,T2,2-0D
958,0,0,E,0E,WT,M9 20 mM glucose pH 7.4,2,8,0.331,T2,2-0E
959,0,0,F,0F,WT,M9 20 mM glucose pH 7.4,2,8,0.311,T2,2-0F
960,15,1,A,1A,argO,M9 20 mM glucose pH 7.4,2,10,0.69,T3,2-1A
961,15,1,B,1B,argO,M9 20 mM glucose pH 7.4,2,10,0.615,T3,2-1B
962,15,1,C,1C,argO,M9 20 mM glucose pH 7.4,2,10,0.614,T3,2-1C
963,16,2,A,2A,yhjE,M9 20 mM glucose pH 7.4,2,10,0.799,T3,2-2A
964,16,2,B,2B,yhjE,M9 20 mM glucose pH 7.4,2,10,0.86,T3,2-2B
965,16,2,C,2C,yhjE,M9 20 mM glucose pH 7.4,2,10,0.848,T3,2-2C
966,17,3,A,3A,adeP,M9 20 mM glucose pH 7.4,2,10,0.489,T3,2-3A
967,17,3,B,3B,adeP,M9 20 mM glucose pH 7.4,2,10,0.467,T3,2-3B
968,17,3,C,3C,adeP,M9 20 mM glucose pH 7.4,2,10,0.455,T3,2-3C
969,18,4,A,4A,actP,M9 20 mM glucose pH 7.4,2,10,0.716,T3,2-4A
970,18,4,B,4B,actP,M9 20 mM glucose pH 7.4,2,10,0.709,T3,2-4B
971,18,4,C,4C,actP,M9 20 mM glucose pH 7.4,2,10,0.655,T3,2-4C
972,19,5,A,5A,codB,M9 20 mM glucose pH 7.4,2,10,0.842,T3,2-5A
973,19,5,B,5B,codB,M9 20 mM glucose pH 7.4,2,10,0.858,T3,2-5B
974,19,5,C,5C,codB,M9 20 mM glucose pH 7.4,2,10,0.822,T3,2-5C
975,20,6,A,6A,aroP,M9 20 mM glucose pH 7.4,2,10,0.947,T3,2-6A
976,20,6,B,6B,aroP,M9 20 mM glucose pH 7.4,2,10,0.96,T3,2-6B
977,20,6,C,6C,aroP,M9 20 mM glucose pH 7.4,2,10,0.926,T3,2-6C
978,21,7,A,7A,brnQ,M9 20 mM glucose pH 7.4,2,10,0.812,T3,2-7A
979,21,7,B,7B,brnQ,M9 20 mM glucose pH 7.4,2,10,0.52,T3,2-7B
980,21,7,C,7C,brnQ,M9 20 mM glucose pH 7.4,2,10,0.507,T3,2-7C
981,0,0,A,0A,WT,M9 20 mM glucose pH 7.4,2,10,0.884,T3,2-0A
982,0,0,B,0B,WT,M9 20 mM glucose pH 7.4,2,10,0.938,T3,2-0B
983,0,0,C,0C,WT,M9 20 mM glucose pH 7.4,2,10,0.911,T3,2-0C
984,22,8,A,8A,setA,M9 20 mM glucose pH 7.4,2,10,1.029,T3,2-8A
985,22,8,B,8B,setA,M9 20 mM glucose pH 7.4,2,10,0.933,T3,2-8B
986,22,8,C,8C,setA,M9 20 mM glucose pH 7.4,2,10,0.92,T3,2-8C
987,23,9,A,9A,acrB,M9 20 mM glucose pH 7.4,2,10,0.926,T3,2-9A
988,23,9,B,9B,acrB,M9 20 mM glucose pH 7.4,2,10,0.953,T3,2-9B
989,23,9,C,9C,acrB,M9 20 mM glucose pH 7.4,2,10,0.943,T3,2-9C
990,24,10,A,10A,nagE,M9 20 mM glucose pH 7.4,2,10,0.616,T3,2-10A
991,24,10,B,10B,nagE,M9 20 mM glucose pH 7.4,2,10,0.693,T3,2-10B
992,24,10,C,10C,nagE,M9 20 mM glucose pH 7.4,2,10,0.665,T3,2-10C
993,25,11,A,11A,gltJ,M9 20 mM glucose pH 7.4,2,10,0.826,T3,2-11A
994,25,11,B,11B,gltJ,M9 20 mM glucose pH 7.4,2,10,0.832,T3,2-11B
995,25,11,C,11C,gltJ,M9 20 mM glucose pH 7.4,2,10,0.737,T3,2-11C
996,26,12,A,12A,ptsG,M9 20 mM glucose pH 7.4,2,10,0.092,T3,2-12A
997,26,12,B,12B,ptsG,M9 20 mM glucose pH 7.4,2,10,0.094,T3,2-12B
998,26,12,C,12C,ptsG,M9 20 mM glucose pH 7.4,2,10,0.089,T3,2-12C
999,27,13,A,13A,lysP,M9 20 mM glucose pH 7.4,2,10,0.8,T3,2-13A
1000,27,13,B,13B,lysP,M9 20 mM glucose pH 7.4,2,10,0.842,T3,2-13B
1001,27,13,C,13C,lysP,M9 20 mM glucose pH 7.4,2,10,0.808,T3,2-13C
1002,28,14,A,14A,putP,M9 20 mM glucose pH 7.4,2,10,0.748,T3,2-14A
1003,28,14,B,14B,putP,M9 20 mM glucose pH 7.4,2,10,0.752,T3,2-14B
1004,28,14,C,14C,putP,M9 20 mM glucose pH 7.4,2,10,0.776,T3,2-14C
1005,0,0,D,0D,WT,M9 20 mM glucose pH 7.4,2,10,0.792,T3,2-0D
1006,0,0,E,0E,WT,M9 20 mM glucose pH 7.4,2,10,0.782,T3,2-0E
1007,0,0,F,0F,WT,M9 20 mM glucose pH 7.4,2,10,0.739,T3,2-0F
1008,15,1,A,1A,argO,M9 20 mM glucose pH 7.4,2,11,0.965,T4,2-1A
1009,15,1,B,1B,argO,M9 20 mM glucose pH 7.4,2,11,0.876,T4,2-1B
1010,15,1,C,1C,argO,M9 20 mM glucose pH 7.4,2,11,0.882,T4,2-1C
1011,16,2,A,2A,yhjE,M9 20 mM glucose pH 7.4,2,11,1.066,T4,2-2A
1012,16,2,B,2B,yhjE,M9 20 mM glucose pH 7.4,2,11,1.136,T4,2-2B
1013,16,2,C,2C,yhjE,M9 20 mM glucose pH 7.4,2,11,1.104,T4,2-2C
1014,17,3,A,3A,adeP,M9 20 mM glucose pH 7.4,2,11,0.671,T4,2-3A
1015,17,3,B,3B,adeP,M9 20 mM glucose pH 7.4,2,11,0.652,T4,2-3B
1016,17,3,C,3C,adeP,M9 20 mM glucose pH 7.4,2,11,0.63,T4,2-3C
1017,18,4,A,4A,actP,M9 20 mM glucose pH 7.4,2,11,0.959,T4,2-4A
1018,18,4,B,4B,actP,M9 20 mM glucose pH 7.4,2,11,0.964,T4,2-4B
1019,18,4,C,4C,actP,M9 20 mM glucose pH 7.4,2,11,0.901,T4,2-4C
1020,19,5,A,5A,codB,M9 20 mM glucose pH 7.4,2,11,1.126,T4,2-5A
1021,19,5,B,5B,codB,M9 20 mM glucose pH 7.4,2,11,1.141,T4,2-5B
1022,19,5,C,5C,codB,M9 20 mM glucose pH 7.4,2,11,1.088,T4,2-5C
1023,20,6,A,6A,aroP,M9 20 mM glucose pH 7.4,2,11,1.233,T4,2-6A
1024,20,6,B,6B,aroP,M9 20 mM glucose pH 7.4,2,11,1.257,T4,2-6B
1025,20,6,C,6C,aroP,M9 20 mM glucose pH 7.4,2,11,1.204,T4,2-6C
1026,21,7,A,7A,brnQ,M9 20 mM glucose pH 7.4,2,11,1.189,T4,2-7A
1027,21,7,B,7B,brnQ,M9 20 mM glucose pH 7.4,2,11,0.777,T4,2-7B
1028,21,7,C,7C,brnQ,M9 20 mM glucose pH 7.4,2,11,0.749,T4,2-7C
1029,0,0,A,0A,WT,M9 20 mM glucose pH 7.4,2,11,1.172,T4,2-0A
1030,0,0,B,0B,WT,M9 20 mM glucose pH 7.4,2,11,1.216,T4,2-0B
1031,0,0,C,0C,WT,M9 20 mM glucose pH 7.4,2,11,1.19,T4,2-0C
1032,22,8,A,8A,setA,M9 20 mM glucose pH 7.4,2,11,1.316,T4,2-8A
1033,22,8,B,8B,setA,M9 20 mM glucose pH 7.4,2,11,1.229,T4,2-8B
1034,22,8,C,8C,setA,M9 20 mM glucose pH 7.4,2,11,1.195,T4,2-8C
1035,23,9,A,9A,acrB,M9 20 mM glucose pH 7.4,2,11,1.223,T4,2-9A
1036,23,9,B,9B,acrB,M9 20 mM glucose pH 7.4,2,11,1.252,T4,2-9B
1037,23,9,C,9C,acrB,M9 20 mM glucose pH 7.4,2,11,1.217,T4,2-9C
1038,24,10,A,10A,nagE,M9 20 mM glucose pH 7.4,2,11,0.909,T4,2-10A
1039,24,10,B,10B,nagE,M9 20 mM glucose pH 7.4,2,11,0.986,T4,2-10B
1040,24,10,C,10C,nagE,M9 20 mM glucose pH 7.4,2,11,0.942,T4,2-10C
1041,25,11,A,11A,gltJ,M9 20 mM glucose pH 7.4,2,11,1.124,T4,2-11A
1042,25,11,B,11B,gltJ,M9 20 mM glucose pH 7.4,2,11,1.119,T4,2-11B
1043,25,11,C,11C,gltJ,M9 20 mM glucose pH 7.4,2,11,1.03,T4,2-11C
1044,26,12,A,12A,ptsG,M9 20 mM glucose pH 7.4,2,11,0.116,T4,2-12A
1045,26,12,B,12B,ptsG,M9 20 mM glucose pH 7.4,2,11,0.115,T4,2-12B
1046,26,12,C,12C,ptsG,M9 20 mM glucose pH 7.4,2,11,0.114,T4,2-12C
1047,27,13,A,13A,lysP,M9 20 mM glucose pH 7.4,2,11,1.113,T4,2-13A
1048,27,13,B,13B,lysP,M9 20 mM glucose pH 7.4,2,11,1.029,T4,2-13B
1049,27,13,C,13C,lysP,M9 20 mM glucose pH 7.4,2,11,1.064,T4,2-13C
1050,28,14,A,14A,putP,M9 20 mM glucose pH 7.4,2,11,1.023,T4,2-14A
1051,28,14,B,14B,putP,M9 20 mM glucose pH 7.4,2,11,1.013,T4,2-14B
1052,28,14,C,14C,putP,M9 20 mM glucose pH 7.4,2,11,1.045,T4,2-14C
1053,0,0,D,0D,WT,M9 20 mM glucose pH 7.4,2,11,1.069,T4,2-0D
1054,0,0,E,0E,WT,M9 20 mM glucose pH 7.4,2,11,1.053,T4,2-0E
1055,0,0,F,0F,WT,M9 20 mM glucose pH 7.4,2,11,1.018,T4,2-0F
1056,15,1,A,1A,argO,M9 20 mM glucose pH 7.4,2,12,1.232,T5,2-1A
1057,15,1,B,1B,argO,M9 20 mM glucose pH 7.4,2,12,1.145,T5,2-1B
1058,15,1,C,1C,argO,M9 20 mM glucose pH 7.4,2,12,1.132,T5,2-1C
1059,16,2,A,2A,yhjE,M9 20 mM glucose pH 7.4,2,12,1.34,T5,2-2A
1060,16,2,B,2B,yhjE,M9 20 mM glucose pH 7.4,2,12,1.389,T5,2-2B
1061,16,2,C,2C,yhjE,M9 20 mM glucose pH 7.4,2,12,1.325,T5,2-2C
1062,17,3,A,3A,adeP,M9 20 mM glucose pH 7.4,2,12,0.896,T5,2-3A
1063,17,3,B,3B,adeP,M9 20 mM glucose pH 7.4,2,12,0.868,T5,2-3B
1064,17,3,C,3C,adeP,M9 20 mM glucose pH 7.4,2,12,0.832,T5,2-3C
1065,18,4,A,4A,actP,M9 20 mM glucose pH 7.4,2,12,1.228,T5,2-4A
1066,18,4,B,4B,actP,M9 20 mM glucose pH 7.4,2,12,1.214,T5,2-4B
1067,18,4,C,4C,actP,M9 20 mM glucose pH 7.4,2,12,1.155,T5,2-4C
1068,19,5,A,5A,codB,M9 20 mM glucose pH 7.4,2,12,1.358,T5,2-5A
1069,19,5,B,5B,codB,M9 20 mM glucose pH 7.4,2,12,1.36,T5,2-5B
1070,19,5,C,5C,codB,M9 20 mM glucose pH 7.4,2,12,1.326,T5,2-5C
1071,20,6,A,6A,aroP,M9 20 mM glucose pH 7.4,2,12,1.384,T5,2-6A
1072,20,6,B,6B,aroP,M9 20 mM glucose pH 7.4,2,12,1.411,T5,2-6B
1073,20,6,C,6C,aroP,M9 20 mM glucose pH 7.4,2,12,1.365,T5,2-6C
1074,21,7,A,7A,brnQ,M9 20 mM glucose pH 7.4,2,12,1.391,T5,2-7A
1075,21,7,B,7B,brnQ,M9 20 mM glucose pH 7.4,2,12,1.046,T5,2-7B
1076,21,7,C,7C,brnQ,M9 20 mM glucose pH 7.4,2,12,1.006,T5,2-7C
1077,0,0,A,0A,WT,M9 20 mM glucose pH 7.4,2,12,1.385,T5,2-0A
1078,0,0,B,0B,WT,M9 20 mM glucose pH 7.4,2,12,1.395,T5,2-0B
1079,0,0,C,0C,WT,M9 20 mM glucose pH 7.4,2,12,1.378,T5,2-0C
1080,22,8,A,8A,setA,M9 20 mM glucose pH 7.4,2,12,1.436,T5,2-8A
1081,22,8,B,8B,setA,M9 20 mM glucose pH 7.4,2,12,1.378,T5,2-8B
1082,22,8,C,8C,setA,M9 20 mM glucose pH 7.4,2,12,1.353,T5,2-8C
1083,23,9,A,9A,acrB,M9 20 mM glucose pH 7.4,2,12,1.379,T5,2-9A
1084,23,9,B,9B,acrB,M9 20 mM glucose pH 7.4,2,12,1.41,T5,2-9B
1085,23,9,C,9C,acrB,M9 20 mM glucose pH 7.4,2,12,1.354,T5,2-9C
1086,24,10,A,10A,nagE,M9 20 mM glucose pH 7.4,2,12,1.143,T5,2-10A
1087,24,10,B,10B,nagE,M9 20 mM glucose pH 7.4,2,12,1.218,T5,2-10B
1088,24,10,C,10C,nagE,M9 20 mM glucose pH 7.4,2,12,1.17,T5,2-10C
1089,25,11,A,11A,gltJ,M9 20 mM glucose pH 7.4,2,12,1.305,T5,2-11A
1090,25,11,B,11B,gltJ,M9 20 mM glucose pH 7.4,2,12,1.307,T5,2-11B
1091,25,11,C,11C,gltJ,M9 20 mM glucose pH 7.4,2,12,1.234,T5,2-11C
1092,26,12,A,12A,ptsG,M9 20 mM glucose pH 7.4,2,12,0.139,T5,2-12A
1093,26,12,B,12B,ptsG,M9 20 mM glucose pH 7.4,2,12,0.14,T5,2-12B
1094,26,12,C,12C,ptsG,M9 20 mM glucose pH 7.4,2,12,0.135,T5,2-12C
1095,27,13,A,13A,lysP,M9 20 mM glucose pH 7.4,2,12,1.158,T5,2-13A
1096,27,13,B,13B,lysP,M9 20 mM glucose pH 7.4,2,12,1.167,T5,2-13B
1097,27,13,C,13C,lysP,M9 20 mM glucose pH 7.4,2,12,1.245,T5,2-13C
1098,28,14,A,14A,putP,M9 20 mM glucose pH 7.4,2,12,1.206,T5,2-14A
1099,28,14,B,14B,putP,M9 20 mM glucose pH 7.4,2,12,1.198,T5,2-14B
1100,28,14,C,14C,putP,M9 20 mM glucose pH 7.4,2,12,1.23,T5,2-14C
1101,0,0,D,0D,WT,M9 20 mM glucose pH 7.4,2,12,1.256,T5,2-0D
1102,0,0,E,0E,WT,M9 20 mM glucose pH 7.4,2,12,1.232,T5,2-0E
1103,0,0,F,0F,WT,M9 20 mM glucose pH 7.4,2,12,1.189,T5,2-0F
1104,15,1,A,1A,argO,M9 20 mM glucose pH 7.4,2,13,1.429,T6,2-1A
1105,15,1,B,1B,argO,M9 20 mM glucose pH 7.4,2,13,1.377,T6,2-1B
1106,15,1,C,1C,argO,M9 20 mM glucose pH 7.4,2,13,1.395,T6,2-1C
1107,16,2,A,2A,yhjE,M9 20 mM glucose pH 7.4,2,13,1.495,T6,2-2A
1108,16,2,B,2B,yhjE,M9 20 mM glucose pH 7.4,2,13,1.554,T6,2-2B
1109,16,2,C,2C,yhjE,M9 20 mM glucose pH 7.4,2,13,1.457,T6,2-2C
1110,17,3,A,3A,adeP,M9 20 mM glucose pH 7.4,2,13,1.151,T6,2-3A
1111,17,3,B,3B,adeP,M9 20 mM glucose pH 7.4,2,13,1.122,T6,2-3B
1112,17,3,C,3C,adeP,M9 20 mM glucose pH 7.4,2,13,1.104,T6,2-3C
1113,18,4,A,4A,actP,M9 20 mM glucose pH 7.4,2,13,1.432,T6,2-4A
1114,18,4,B,4B,actP,M9 20 mM glucose pH 7.4,2,13,1.379,T6,2-4B
1115,18,4,C,4C,actP,M9 20 mM glucose pH 7.4,2,13,1.388,T6,2-4C
1116,19,5,A,5A,codB,M9 20 mM glucose pH 7.4,2,13,1.493,T6,2-5A
1117,19,5,B,5B,codB,M9 20 mM glucose pH 7.4,2,13,1.49,T6,2-5B
1118,19,5,C,5C,codB,M9 20 mM glucose pH 7.4,2,13,1.465,T6,2-5C
1119,20,6,A,6A,aroP,M9 20 mM glucose pH 7.4,2,13,1.497,T6,2-6A
1120,20,6,B,6B,aroP,M9 20 mM glucose pH 7.4,2,13,1.494,T6,2-6B
1121,20,6,C,6C,aroP,M9 20 mM glucose pH 7.4,2,13,1.476,T6,2-6C
1122,21,7,A,7A,brnQ,M9 20 mM glucose pH 7.4,2,13,1.52,T6,2-7A
1123,21,7,B,7B,brnQ,M9 20 mM glucose pH 7.4,2,13,1.339,T6,2-7B
1124,21,7,C,7C,brnQ,M9 20 mM glucose pH 7.4,2,13,1.304,T6,2-7C
1125,0,0,A,0A,WT,M9 20 mM glucose pH 7.4,2,13,1.515,T6,2-0A
1126,0,0,B,0B,WT,M9 20 mM glucose pH 7.4,2,13,1.534,T6,2-0B
1127,0,0,C,0C,WT,M9 20 mM glucose pH 7.4,2,13,1.504,T6,2-0C
1128,22,8,A,8A,setA,M9 20 mM glucose pH 7.4,2,13,1.545,T6,2-8A
1129,22,8,B,8B,setA,M9 20 mM glucose pH 7.4,2,13,1.508,T6,2-8B
1130,22,8,C,8C,setA,M9 20 mM glucose pH 7.4,2,13,1.478,T6,2-8C
1131,23,9,A,9A,acrB,M9 20 mM glucose pH 7.4,2,13,1.519,T6,2-9A
1132,23,9,B,9B,acrB,M9 20 mM glucose pH 7.4,2,13,1.544,T6,2-9B
1133,23,9,C,9C,acrB,M9 20 mM glucose pH 7.4,2,13,1.485,T6,2-9C
1134,24,10,A,10A,nagE,M9 20 mM glucose pH 7.4,2,13,1.38,T6,2-10A
1135,24,10,B,10B,nagE,M9 20 mM glucose pH 7.4,2,13,1.422,T6,2-10B
1136,24,10,C,10C,nagE,M9 20 mM glucose pH 7.4,2,13,1.391,T6,2-10C
1137,25,11,A,11A,gltJ,M9 20 mM glucose pH 7.4,2,13,1.456,T6,2-11A
1138,25,11,B,11B,gltJ,M9 20 mM glucose pH 7.4,2,13,1.461,T6,2-11B
1139,25,11,C,11C,gltJ,M9 20 mM glucose pH 7.4,2,13,1.414,T6,2-11C
1140,26,12,A,12A,ptsG,M9 20 mM glucose pH 7.4,2,13,0.174,T6,2-12A
1141,26,12,B,12B,ptsG,M9 20 mM glucose pH 7.4,2,13,0.175,T6,2-12B
1142,26,12,C,12C,ptsG,M9 20 mM glucose pH 7.4,2,13,0.167,T6,2-12C
1143,27,13,A,13A,lysP,M9 20 mM glucose pH 7.4,2,13,1.332,T6,2-13A
1144,27,13,B,13B,lysP,M9 20 mM glucose pH 7.4,2,13,1.308,T6,2-13B
1145,27,13,C,13C,lysP,M9 20 mM glucose pH 7.4,2,13,1.368,T6,2-13C
1146,28,14,A,14A,putP,M9 20 mM glucose pH 7.4,2,13,1.365,T6,2-14A
1147,28,14,B,14B,putP,M9 20 mM glucose pH 7.4,2,13,1.353,T6,2-14B
1148,28,14,C,14C,putP,M9 20 mM glucose pH 7.4,2,13,1.377,T6,2-14C
1149,0,0,D,0D,WT,M9 20 mM glucose pH 7.4,2,13,1.406,T6,2-0D
1150,0,0,E,0E,WT,M9 20 mM glucose pH 7.4,2,13,1.378,T6,2-0E
1151,0,0,F,0F,WT,M9 20 mM glucose pH 7.4,2,13,1.355,T6,2-0F
1152,15,1,A,1A,argO,M9 20 mM glucose pH 7.4,2,14,1.544,T7,2-1A
1153,15,1,B,1B,argO,M9 20 mM glucose pH 7.4,2,14,1.493,T7,2-1B
1154,15,1,C,1C,argO,M9 20 mM glucose pH 7.4,2,14,1.497,T7,2-1C
1155,16,2,A,2A,yhjE,M9 20 mM glucose pH 7.4,2,14,1.632,T7,2-2A
1156,16,2,B,2B,yhjE,M9 20 mM glucose pH 7.4,2,14,1.654,T7,2-2B
1157,16,2,C,2C,yhjE,M9 20 mM glucose pH 7.4,2,14,1.535,T7,2-2C
1158,17,3,A,3A,adeP,M9 20 mM glucose pH 7.4,2,14,1.359,T7,2-3A
1159,17,3,B,3B,adeP,M9 20 mM glucose pH 7.4,2,14,1.34,T7,2-3B
1160,17,3,C,3C,adeP,M9 20 mM glucose pH 7.4,2,14,1.33,T7,2-3C
1161,18,4,A,4A,actP,M9 20 mM glucose pH 7.4,2,14,1.581,T7,2-4A
1162,18,4,B,4B,actP,M9 20 mM glucose pH 7.4,2,14,1.574,T7,2-4B
1163,18,4,C,4C,actP,M9 20 mM glucose pH 7.4,2,14,1.561,T7,2-4C
1164,19,5,A,5A,codB,M9 20 mM glucose pH 7.4,2,14,1.573,T7,2-5A
1165,19,5,B,5B,codB,M9 20 mM glucose pH 7.4,2,14,1.611,T7,2-5B
1166,19,5,C,5C,codB,M9 20 mM glucose pH 7.4,2,14,1.57,T7,2-5C
1167,20,6,A,6A,aroP,M9 20 mM glucose pH 7.4,2,14,1.598,T7,2-6A
1168,20,6,B,6B,aroP,M9 20 mM glucose pH 7.4,2,14,1.467,T7,2-6B
1169,20,6,C,6C,aroP,M9 20 mM glucose pH 7.4,2,14,1.447,T7,2-6C
1170,21,7,A,7A,brnQ,M9 20 mM glucose pH 7.4,2,14,1.599,T7,2-7A
1171,21,7,B,7B,brnQ,M9 20 mM glucose pH 7.4,2,14,1.597,T7,2-7B
1172,21,7,C,7C,brnQ,M9 20 mM glucose pH 7.4,2,14,1.595,T7,2-7C
1173,0,0,A,0A,WT,M9 20 mM glucose pH 7.4,2,14,1.584,T7,2-0A
1174,0,0,B,0B,WT,M9 20 mM glucose pH 7.4,2,14,1.563,T7,2-0B
1175,0,0,C,0C,WT,M9 20 mM glucose pH 7.4,2,14,1.55,T7,2-0C
1176,22,8,A,8A,setA,M9 20 mM glucose pH 7.4,2,14,1.557,T7,2-8A
1177,22,8,B,8B,setA,M9 20 mM glucose pH 7.4,2,14,1.61,T7,2-8B
1178,22,8,C,8C,setA,M9 20 mM glucose pH 7.4,2,14,1.55,T7,2-8C
1179,23,9,A,9A,acrB,M9 20 mM glucose pH 7.4,2,14,1.561,T7,2-9A
1180,23,9,B,9B,acrB,M9 20 mM glucose pH 7.4,2,14,1.604,T7,2-9B
1181,23,9,C,9C,acrB,M9 20 mM glucose pH 7.4,2,14,1.559,T7,2-9C
1182,24,10,A,10A,nagE,M9 20 mM glucose pH 7.4,2,14,1.511,T7,2-10A
1183,24,10,B,10B,nagE,M9 20 mM glucose pH 7.4,2,14,1.521,T7,2-10B
1184,24,10,C,10C,nagE,M9 20 mM glucose pH 7.4,2,14,1.505,T7,2-10C
1185,25,11,A,11A,gltJ,M9 20 mM glucose pH 7.4,2,14,1.532,T7,2-11A
1186,25,11,B,11B,gltJ,M9 20 mM glucose pH 7.4,2,14,1.531,T7,2-11B
1187,25,11,C,11C,gltJ,M9 20 mM glucose pH 7.4,2,14,1.502,T7,2-11C
1188,26,12,A,12A,ptsG,M9 20 mM glucose pH 7.4,2,14,0.209,T7,2-12A
1189,26,12,B,12B,ptsG,M9 20 mM glucose pH 7.4,2,14,0.213,T7,2-12B
1190,26,12,C,12C,ptsG,M9 20 mM glucose pH 7.4,2,14,0.204,T7,2-12C
1191,27,13,A,13A,lysP,M9 20 mM glucose pH 7.4,2,14,1.457,T7,2-13A
1192,27,13,B,13B,lysP,M9 20 mM glucose pH 7.4,2,14,1.54,T7,2-13B
1193,27,13,C,13C,lysP,M9 20 mM glucose pH 7.4,2,14,1.476,T7,2-13C
1194,28,14,A,14A,putP,M9 20 mM glucose pH 7.4,2,14,1.449,T7,2-14A
1195,28,14,B,14B,putP,M9 20 mM glucose pH 7.4,2,14,1.4,T7,2-14B
1196,28,14,C,14C,putP,M9 20 mM glucose pH 7.4,2,14,1.477,T7,2-14C
1197,0,0,D,0D,WT,M9 20 mM glucose pH 7.4,2,14,1.483,T7,2-0D
1198,0,0,E,0E,WT,M9 20 mM glucose pH 7.4,2,14,1.456,T7,2-0E
1199,0,0,F,0F,WT,M9 20 mM glucose pH 7.4,2,14,1.438,T7,2-0F
1200,15,1,A,1A,argO,M9 20 mM glucose pH 7.4,2,15,1.603,T8,2-1A
1201,15,1,B,1B,argO,M9 20 mM glucose pH 7.4,2,15,1.552,T8,2-1B
1202,15,1,C,1C,argO,M9 20 mM glucose pH 7.4,2,15,1.566,T8,2-1C
1203,16,2,A,2A,yhjE,M9 20 mM glucose pH 7.4,2,15,1.619,T8,2-2A
1204,16,2,B,2B,yhjE,M9 20 mM glucose pH 7.4,2,15,1.64,T8,2-2B
1205,16,2,C,2C,yhjE,M9 20 mM glucose pH 7.4,2,15,1.563,T8,2-2C
1206,17,3,A,3A,adeP,M9 20 mM glucose pH 7.4,2,15,1.461,T8,2-3A
1207,17,3,B,3B,adeP,M9 20 mM glucose pH 7.4,2,15,1.452,T8,2-3B
1208,17,3,C,3C,adeP,M9 20 mM glucose pH 7.4,2,15,1.457,T8,2-3C
1209,18,4,A,4A,actP,M9 20 mM glucose pH 7.4,2,15,1.556,T8,2-4A
1210,18,4,B,4B,actP,M9 20 mM glucose pH 7.4,2,15,1.505,T8,2-4B
1211,18,4,C,4C,actP,M9 20 mM glucose pH 7.4,2,15,1.555,T8,2-4C
1212,19,5,A,5A,codB,M9 20 mM glucose pH 7.4,2,15,1.574,T8,2-5A
1213,19,5,B,5B,codB,M9 20 mM glucose pH 7.4,2,15,1.563,T8,2-5B
1214,19,5,C,5C,codB,M9 20 mM glucose pH 7.4,2,15,1.577,T8,2-5C
1215,20,6,A,6A,aroP,M9 20 mM glucose pH 7.4,2,15,1.564,T8,2-6A
1216,20,6,B,6B,aroP,M9 20 mM glucose pH 7.4,2,15,1.613,T8,2-6B
1217,20,6,C,6C,aroP,M9 20 mM glucose pH 7.4,2,15,1.559,T8,2-6C
1218,21,7,A,7A,brnQ,M9 20 mM glucose pH 7.4,2,15,1.581,T8,2-7A
1219,21,7,B,7B,brnQ,M9 20 mM glucose pH 7.4,2,15,1.551,T8,2-7B
1220,21,7,C,7C,brnQ,M9 20 mM glucose pH 7.4,2,15,1.53,T8,2-7C
1221,0,0,A,0A,WT,M9 20 mM glucose pH 7.4,2,15,1.591,T8,2-0A
1222,0,0,B,0B,WT,M9 20 mM glucose pH 7.4,2,15,1.56,T8,2-0B
1223,0,0,C,0C,WT,M9 20 mM glucose pH 7.4,2,15,1.585,T8,2-0C
1224,22,8,A,8A,setA,M9 20 mM glucose pH 7.4,2,15,1.559,T8,2-8A
1225,22,8,B,8B,setA,M9 20 mM glucose pH 7.4,2,15,1.57,T8,2-8B
1226,22,8,C,8C,setA,M9 20 mM glucose pH 7.4,2,15,1.571,T8,2-8C
1227,23,9,A,9A,acrB,M9 20 mM glucose pH 7.4,2,15,1.535,T8,2-9A
1228,23,9,B,9B,acrB,M9 20 mM glucose pH 7.4,2,15,1.59,T8,2-9B
1229,23,9,C,9C,acrB,M9 20 mM glucose pH 7.4,2,15,1.567,T8,2-9C
1230,24,10,A,10A,nagE,M9 20 mM glucose pH 7.4,2,15,1.55,T8,2-10A
1231,24,10,B,10B,nagE,M9 20 mM glucose pH 7.4,2,15,1.561,T8,2-10B
1232,24,10,C,10C,nagE,M9 20 mM glucose pH 7.4,2,15,1.57,T8,2-10C
1233,25,11,A,11A,gltJ,M9 20 mM glucose pH 7.4,2,15,1.529,T8,2-11A
1234,25,11,B,11B,gltJ,M9 20 mM glucose pH 7.4,2,15,1.534,T8,2-11B
1235,25,11,C,11C,gltJ,M9 20 mM glucose pH 7.4,2,15,1.53,T8,2-11C
1236,26,12,A,12A,ptsG,M9 20 mM glucose pH 7.4,2,15,0.245,T8,2-12A
1237,26,12,B,12B,ptsG,M9 20 mM glucose pH 7.4,2,15,0.248,T8,2-12B
1238,26,12,C,12C,ptsG,M9 20 mM glucose pH 7.4,2,15,0.237,T8,2-12C
1239,27,13,A,13A,lysP,M9 20 mM glucose pH 7.4,2,15,1.512,T8,2-13A
1240,27,13,B,13B,lysP,M9 20 mM glucose pH 7.4,2,15,1.416,T8,2-13B
1241,27,13,C,13C,lysP,M9 20 mM glucose pH 7.4,2,15,1.524,T8,2-13C
1242,28,14,A,14A,putP,M9 20 mM glucose pH 7.4,2,15,1.522,T8,2-14A
1243,28,14,B,14B,putP,M9 20 mM glucose pH 7.4,2,15,1.516,T8,2-14B
1244,28,14,C,14C,putP,M9 20 mM glucose pH 7.4,2,15,1.549,T8,2-14C
1245,0,0,D,0D,WT,M9 20 mM glucose pH 7.4,2,15,1.558,T8,2-0D
1246,0,0,E,0E,WT,M9 20 mM glucose pH 7.4,2,15,1.532,T8,2-0E
1247,0,0,F,0F,WT,M9 20 mM glucose pH 7.4,2,15,1.507,T8,2-0F
1248,15,1,A,1A,argO,M9 20 mM glucose pH 7.4,2,16,1.589,T9,2-1A
1249,15,1,B,1B,argO,M9 20 mM glucose pH 7.4,2,16,1.535,T9,2-1B
1250,15,1,C,1C,argO,M9 20 mM glucose pH 7.4,2,16,1.603,T9,2-1C
1251,16,2,A,2A,yhjE,M9 20 mM glucose pH 7.4,2,16,1.591,T9,2-2A
1252,16,2,B,2B,yhjE,M9 20 mM glucose pH 7.4,2,16,1.611,T9,2-2B
1253,16,2,C,2C,yhjE,M9 20 mM glucose pH 7.4,2,16,1.528,T9,2-2C
1254,17,3,A,3A,adeP,M9 20 mM glucose pH 7.4,2,16,1.469,T9,2-3A
1255,17,3,B,3B,adeP,M9 20 mM glucose pH 7.4,2,16,1.495,T9,2-3B
1256,17,3,C,3C,adeP,M9 20 mM glucose pH 7.4,2,16,1.549,T9,2-3C
1257,18,4,A,4A,actP,M9 20 mM glucose pH 7.4,2,16,1.529,T9,2-4A
1258,18,4,B,4B,actP,M9 20 mM glucose pH 7.4,2,16,1.475,T9,2-4B
1259,18,4,C,4C,actP,M9 20 mM glucose pH 7.4,2,16,1.537,T9,2-4C
1260,19,5,A,5A,codB,M9 20 mM glucose pH 7.4,2,16,1.535,T9,2-5A
1261,19,5,B,5B,codB,M9 20 mM glucose pH 7.4,2,16,1.529,T9,2-5B
1262,19,5,C,5C,codB,M9 20 mM glucose pH 7.4,2,16,1.507,T9,2-5C
1263,20,6,A,6A,aroP,M9 20 mM glucose pH 7.4,2,16,1.526,T9,2-6A
1264,20,6,B,6B,aroP,M9 20 mM glucose pH 7.4,2,16,1.576,T9,2-6B
1265,20,6,C,6C,aroP,M9 20 mM glucose pH 7.4,2,16,1.531,T9,2-6C
1266,21,7,A,7A,brnQ,M9 20 mM glucose pH 7.4,2,16,1.551,T9,2-7A
1267,21,7,B,7B,brnQ,M9 20 mM glucose pH 7.4,2,16,1.562,T9,2-7B
1268,21,7,C,7C,brnQ,M9 20 mM glucose pH 7.4,2,16,1.507,T9,2-7C
1269,0,0,A,0A,WT,M9 20 mM glucose pH 7.4,2,16,1.553,T9,2-0A
1270,0,0,B,0B,WT,M9 20 mM glucose pH 7.4,2,16,1.523,T9,2-0B
1271,0,0,C,0C,WT,M9 20 mM glucose pH 7.4,2,16,1.559,T9,2-0C
1272,22,8,A,8A,setA,M9 20 mM glucose pH 7.4,2,16,1.53,T9,2-8A
1273,22,8,B,8B,setA,M9 20 mM glucose pH 7.4,2,16,1.544,T9,2-8B
1274,22,8,C,8C,setA,M9 20 mM glucose pH 7.4,2,16,1.542,T9,2-8C
1275,23,9,A,9A,acrB,M9 20 mM glucose pH 7.4,2,16,1.507,T9,2-9A
1276,23,9,B,9B,acrB,M9 20 mM glucose pH 7.4,2,16,1.567,T9,2-9B
1277,23,9,C,9C,acrB,M9 20 mM glucose pH 7.4,2,16,1.531,T9,2-9C
1278,24,10,A,10A,nagE,M9 20 mM glucose pH 7.4,2,16,1.523,T9,2-10A
1279,24,10,B,10B,nagE,M9 20 mM glucose pH 7.4,2,16,1.534,T9,2-10B
1280,24,10,C,10C,nagE,M9 20 mM glucose pH 7.4,2,16,1.546,T9,2-10C
1281,25,11,A,11A,gltJ,M9 20 mM glucose pH 7.4,2,16,1.509,T9,2-11A
1282,25,11,B,11B,gltJ,M9 20 mM glucose pH 7.4,2,16,1.516,T9,2-11B
1283,25,11,C,11C,gltJ,M9 20 mM glucose pH 7.4,2,16,1.502,T9,2-11C
1284,26,12,A,12A,ptsG,M9 20 mM glucose pH 7.4,2,16,0.28,T9,2-12A
1285,26,12,B,12B,ptsG,M9 20 mM glucose pH 7.4,2,16,0.288,T9,2-12B
1286,26,12,C,12C,ptsG,M9 20 mM glucose pH 7.4,2,16,0.278,T9,2-12C
1287,27,13,A,13A,lysP,M9 20 mM glucose pH 7.4,2,16,1.467,T9,2-13A
1288,27,13,B,13B,lysP,M9 20 mM glucose pH 7.4,2,16,1.456,T9,2-13B
1289,27,13,C,13C,lysP,M9 20 mM glucose pH 7.4,2,16,1.528,T9,2-13C
1290,28,14,A,14A,putP,M9 20 mM glucose pH 7.4,2,16,1.487,T9,2-14A
1291,28,14,B,14B,putP,M9 20 mM glucose pH 7.4,2,16,1.498,T9,2-14B
1292,28,14,C,14C,putP,M9 20 mM glucose pH 7.4,2,16,1.546,T9,2-14C
1293,0,0,D,0D,WT,M9 20 mM glucose pH 7.4,2,16,1.56,T9,2-0D
1294,0,0,E,0E,WT,M9 20 mM glucose pH 7.4,2,16,1.517,T9,2-0E
1295,0,0,F,0F,WT,M9 20 mM glucose pH 7.4,2,16,1.514,T9,2-0F
1296,15,1,A,1A,argO,M9 20 mM glucose pH 7.4,2,20,1.482,T10,2-1A
1297,15,1,B,1B,argO,M9 20 mM glucose pH 7.4,2,20,1.417,T10,2-1B
1298,15,1,C,1C,argO,M9 20 mM glucose pH 7.4,2,20,1.524,T10,2-1C
1299,16,2,A,2A,yhjE,M9 20 mM glucose pH 7.4,2,20,1.564,T10,2-2A
1300,16,2,B,2B,yhjE,M9 20 mM glucose pH 7.4,2,20,1.574,T10,2-2B
1301,16,2,C,2C,yhjE,M9 20 mM glucose pH 7.4,2,20,1.568,T10,2-2C
1302,17,3,A,3A,adeP,M9 20 mM glucose pH 7.4,2,20,1.381,T10,2-3A
1303,17,3,B,3B,adeP,M9 20 mM glucose pH 7.4,2,20,1.417,T10,2-3B
1304,17,3,C,3C,adeP,M9 20 mM glucose pH 7.4,2,20,1.426,T10,2-3C
1305,18,4,A,4A,actP,M9 20 mM glucose pH 7.4,2,20,1.448,T10,2-4A
1306,18,4,B,4B,actP,M9 20 mM glucose pH 7.4,2,20,1.404,T10,2-4B
1307,18,4,C,4C,actP,M9 20 mM glucose pH 7.4,2,20,1.445,T10,2-4C
1308,19,5,A,5A,codB,M9 20 mM glucose pH 7.4,2,20,1.445,T10,2-5A
1309,19,5,B,5B,codB,M9 20 mM glucose pH 7.4,2,20,1.442,T10,2-5B
1310,19,5,C,5C,codB,M9 20 mM glucose pH 7.4,2,20,1.441,T10,2-5C
1311,20,6,A,6A,aroP,M9 20 mM glucose pH 7.4,2,20,1.445,T10,2-6A
1312,20,6,B,6B,aroP,M9 20 mM glucose pH 7.4,2,20,1.457,T10,2-6B
1313,20,6,C,6C,aroP,M9 20 mM glucose pH 7.4,2,20,1.445,T10,2-6C
1314,21,7,A,7A,brnQ,M9 20 mM glucose pH 7.4,2,20,1.47,T10,2-7A
1315,21,7,B,7B,brnQ,M9 20 mM glucose pH 7.4,2,20,1.457,T10,2-7B
1316,21,7,C,7C,brnQ,M9 20 mM glucose pH 7.4,2,20,1.458,T10,2-7C
1317,0,0,A,0A,WT,M9 20 mM glucose pH 7.4,2,20,1.464,T10,2-0A
1318,0,0,B,0B,WT,M9 20 mM glucose pH 7.4,2,20,1.46,T10,2-0B
1319,0,0,C,0C,WT,M9 20 mM glucose pH 7.4,2,20,1.577,T10,2-0C
1320,22,8,A,8A,setA,M9 20 mM glucose pH 7.4,2,20,1.431,T10,2-8A
1321,22,8,B,8B,setA,M9 20 mM glucose pH 7.4,2,20,1.453,T10,2-8B
1322,22,8,C,8C,setA,M9 20 mM glucose pH 7.4,2,20,1.467,T10,2-8C
1323,23,9,A,9A,acrB,M9 20 mM glucose pH 7.4,2,20,1.465,T10,2-9A
1324,23,9,B,9B,acrB,M9 20 mM glucose pH 7.4,2,20,1.483,T10,2-9B
1325,23,9,C,9C,acrB,M9 20 mM glucose pH 7.4,2,20,1.477,T10,2-9C
1326,24,10,A,10A,nagE,M9 20 mM glucose pH 7.4,2,20,1.416,T10,2-10A
1327,24,10,B,10B,nagE,M9 20 mM glucose pH 7.4,2,20,1.433,T10,2-10B
1328,24,10,C,10C,nagE,M9 20 mM glucose pH 7.4,2,20,1.442,T10,2-10C
1329,25,11,A,11A,gltJ,M9 20 mM glucose pH 7.4,2,20,1.433,T10,2-11A
1330,25,11,B,11B,gltJ,M9 20 mM glucose pH 7.4,2,20,1.42,T10,2-11B
1331,25,11,C,11C,gltJ,M9 20 mM glucose pH 7.4,2,20,1.396,T10,2-11C
1332,26,12,A,12A,ptsG,M9 20 mM glucose pH 7.4,2,20,0.697,T10,2-12A
1333,26,12,B,12B,ptsG,M9 20 mM glucose pH 7.4,2,20,0.667,T10,2-12B
1334,26,12,C,12C,ptsG,M9 20 mM glucose pH 7.4,2,20,0.661,T10,2-12C
1335,27,13,A,13A,lysP,M9 20 mM glucose pH 7.4,2,20,1.451,T10,2-13A
1336,27,13,B,13B,lysP,M9 20 mM glucose pH 7.4,2,20,1.504,T10,2-13B
1337,27,13,C,13C,lysP,M9 20 mM glucose pH 7.4,2,20,1.464,T10,2-13C
1338,28,14,A,14A,putP,M9 20 mM glucose pH 7.4,2,20,1.377,T10,2-14A
1339,28,14,B,14B,putP,M9 20 mM glucose pH 7.4,2,20,1.374,T10,2-14B
1340,28,14,C,14C,putP,M9 20 mM glucose pH 7.4,2,20,1.428,T10,2-14C
1341,0,0,D,0D,WT,M9 20 mM glucose pH 7.4,2,20,1.426,T10,2-0D
1342,0,0,E,0E,WT,M9 20 mM glucose pH 7.4,2,20,1.437,T10,2-0E
1343,0,0,F,0F,WT,M9 20 mM glucose pH 7.4,2,20,1.395,T10,2-0F
1344,29,1,A,1A,gadC,M9 20 mM glucose pH 7.4,3,0,0.01,,3-1A
1345,29,1,B,1B,gadC,M9 20 mM glucose pH 7.4,3,0,0.01,,3-1B
1346,29,1,C,1C,gadC,M9 20 mM glucose pH 7.4,3,0,0.01,,3-1C
1347,30,2,A,2A,znuB,M9 20 mM glucose pH 7.4,3,0,0.01,,3-2A
1348,30,2,B,2B,znuB,M9 20 mM glucose pH 7.4,3,0,0.01,,3-2B
1349,30,2,C,2C,znuB,M9 20 mM glucose pH 7.4,3,0,0.01,,3-2C
1350,31,3,A,3A,glnP,M9 20 mM glucose pH 7.4,3,0,0.01,,3-3A
1351,31,3,B,3B,glnP,M9 20 mM glucose pH 7.4,3,0,0.01,,3-3B
1352,31,3,C,3C,glnP,M9 20 mM glucose pH 7.4,3,0,0.01,,3-3C
1353,32,4,A,4A,focA,M9 20 mM glucose pH 7.4,3,0,0.01,,3-4A
1354,32,4,B,4B,focA,M9 20 mM glucose pH 7.4,3,0,0.01,,3-4B
1355,32,4,C,4C,focA,M9 20 mM glucose pH 7.4,3,0,0.01,,3-4C
1356,33,5,A,5A,artQ,M9 20 mM glucose pH 7.4,3,0,0.01,,3-5A
1357,33,5,B,5B,artQ,M9 20 mM glucose pH 7.4,3,0,0.01,,3-5B
1358,33,5,C,5C,artQ,M9 20 mM glucose pH 7.4,3,0,0.01,,3-5C
1359,34,6,A,6A,rbsC,M9 20 mM glucose pH 7.4,3,0,0.01,,3-6A
1360,34,6,B,6B,rbsC,M9 20 mM glucose pH 7.4,3,0,0.01,,3-6B
1361,34,6,C,6C,rbsC,M9 20 mM glucose pH 7.4,3,0,0.01,,3-6C
1362,35,7,A,7A,glpF,M9 20 mM glucose pH 7.4,3,0,0.01,,3-7A
1363,35,7,B,7B,glpF,M9 20 mM glucose pH 7.4,3,0,0.01,,3-7B
1364,35,7,C,7C,glpF,M9 20 mM glucose pH 7.4,3,0,0.01,,3-7C
1365,0,0,A,0A,WT,M9 20 mM glucose pH 7.4,3,0,0.01,,3-0A
1366,0,0,B,0B,WT,M9 20 mM glucose pH 7.4,3,0,0.01,,3-0B
1367,0,0,C,0C,WT,M9 20 mM glucose pH 7.4,3,0,0.01,,3-0C
1368,36,8,A,8A,proP,M9 20 mM glucose pH 7.4,3,0,0.01,,3-8A
1369,36,8,B,8B,proP,M9 20 mM glucose pH 7.4,3,0,0.01,,3-8B
1370,36,8,C,8C,proP,M9 20 mM glucose pH 7.4,3,0,0.01,,3-8C
1371,37,9,A,9A,cycA,M9 20 mM glucose pH 7.4,3,0,0.01,,3-9A
1372,37,9,B,9B,cycA,M9 20 mM glucose pH 7.4,3,0,0.01,,3-9B
1373,37,9,C,9C,cycA,M9 20 mM glucose pH 7.4,3,0,0.01,,3-9C
1374,38,10,A,10A,nupC,M9 20 mM glucose pH 7.4,3,0,0.01,,3-10A
1375,38,10,B,10B,nupC,M9 20 mM glucose pH 7.4,3,0,0.01,,3-10B
1376,38,10,C,10C,nupC,M9 20 mM glucose pH 7.4,3,0,0.01,,3-10C
1377,39,11,A,11A,fruA,M9 20 mM glucose pH 7.4,3,0,0.01,,3-11A
1378,39,11,B,11B,fruA,M9 20 mM glucose pH 7.4,3,0,0.01,,3-11B
1379,39,11,C,11C,fruA,M9 20 mM glucose pH 7.4,3,0,0.01,,3-11C
1380,40,12,A,12A,sdaC,M9 20 mM glucose pH 7.4,3,0,0.01,,3-12A
1381,40,12,B,12B,sdaC,M9 20 mM glucose pH 7.4,3,0,0.01,,3-12B
1382,40,12,C,12C,sdaC,M9 20 mM glucose pH 7.4,3,0,0.01,,3-12C
1383,41,13,A,13A,gltP,M9 20 mM glucose pH 7.4,3,0,0.01,,3-13A
1384,41,13,B,13B,gltP,M9 20 mM glucose pH 7.4,3,0,0.01,,3-13B
1385,41,13,C,13C,gltP,M9 20 mM glucose pH 7.4,3,0,0.01,,3-13C
1386,42,14,A,14A,mscL,M9 20 mM glucose pH 7.4,3,0,0.01,,3-14A
1387,42,14,B,14B,mscL,M9 20 mM glucose pH 7.4,3,0,0.01,,3-14B
1388,42,14,C,14C,mscL,M9 20 mM glucose pH 7.4,3,0,0.01,,3-14C
1389,0,0,D,0D,WT,M9 20 mM glucose pH 7.4,3,0,0.01,,3-0D
1390,0,0,E,0E,WT,M9 20 mM glucose pH 7.4,3,0,0.01,,3-0E
1391,0,0,F,0F,WT,M9 20 mM glucose pH 7.4,3,0,0.01,,3-0F
1392,29,1,A,1A,gadC,M9 20 mM glucose pH 7.4,3,0.33,0.016,,3-1A
1393,29,1,B,1B,gadC,M9 20 mM glucose pH 7.4,3,0.33,0.02,,3-1B
1394,29,1,C,1C,gadC,M9 20 mM glucose pH 7.4,3,0.33,0.021,,3-1C
1395,30,2,A,2A,znuB,M9 20 mM glucose pH 7.4,3,0.33,0.018,,3-2A
1396,30,2,B,2B,znuB,M9 20 mM glucose pH 7.4,3,0.33,0.023,,3-2B
1397,30,2,C,2C,znuB,M9 20 mM glucose pH 7.4,3,0.33,0.023,,3-2C
1398,31,3,A,3A,glnP,M9 20 mM glucose pH 7.4,3,0.33,0.016,,3-3A
1399,31,3,B,3B,glnP,M9 20 mM glucose pH 7.4,3,0.33,0.017,,3-3B
1400,31,3,C,3C,glnP,M9 20 mM glucose pH 7.4,3,0.33,0.018,,3-3C
1401,32,4,A,4A,focA,M9 20 mM glucose pH 7.4,3,0.33,0.017,,3-4A
1402,32,4,B,4B,focA,M9 20 mM glucose pH 7.4,3,0.33,0.02,,3-4B
1403,32,4,C,4C,focA,M9 20 mM glucose pH 7.4,3,0.33,0.018,,3-4C
1404,33,5,A,5A,artQ,M9 20 mM glucose pH 7.4,3,0.33,0.015,,3-5A
1405,33,5,B,5B,artQ,M9 20 mM glucose pH 7.4,3,0.33,0.015,,3-5B
1406,33,5,C,5C,artQ,M9 20 mM glucose pH 7.4,3,0.33,0.017,,3-5C
1407,34,6,A,6A,rbsC,M9 20 mM glucose pH 7.4,3,0.33,0.016,,3-6A
1408,34,6,B,6B,rbsC,M9 20 mM glucose pH 7.4,3,0.33,0.015,,3-6B
1409,34,6,C,6C,rbsC,M9 20 mM glucose pH 7.4,3,0.33,0.019,,3-6C
1410,35,7,A,7A,glpF,M9 20 mM glucose pH 7.4,3,0.33,0.018,,3-7A
1411,35,7,B,7B,glpF,M9 20 mM glucose pH 7.4,3,0.33,0.023,,3-7B
1412,35,7,C,7C,glpF,M9 20 mM glucose pH 7.4,3,0.33,0.019,,3-7C
1413,0,0,A,0A,WT,M9 20 mM glucose pH 7.4,3,0.33,0.016,,3-0A
1414,0,0,B,0B,WT,M9 20 mM glucose pH 7.4,3,0.33,0.017,,3-0B
1415,0,0,C,0C,WT,M9 20 mM glucose pH 7.4,3,0.33,0.023,,3-0C
1416,36,8,A,8A,proP,M9 20 mM glucose pH 7.4,3,0.33,0.017,,3-8A
1417,36,8,B,8B,proP,M9 20 mM glucose pH 7.4,3,0.33,0.017,,3-8B
1418,36,8,C,8C,proP,M9 20 mM glucose pH 7.4,3,0.33,0.016,,3-8C
1419,37,9,A,9A,cycA,M9 20 mM glucose pH 7.4,3,0.33,0.019,,3-9A
1420,37,9,B,9B,cycA,M9 20 mM glucose pH 7.4,3,0.33,0.022,,3-9B
1421,37,9,C,9C,cycA,M9 20 mM glucose pH 7.4,3,0.33,0.017,,3-9C
1422,38,10,A,10A,nupC,M9 20 mM glucose pH 7.4,3,0.33,0.017,,3-10A
1423,38,10,B,10B,nupC,M9 20 mM glucose pH 7.4,3,0.33,0.014,,3-10B
1424,38,10,C,10C,nupC,M9 20 mM glucose pH 7.4,3,0.33,0.015,,3-10C
1425,39,11,A,11A,fruA,M9 20 mM glucose pH 7.4,3,0.33,0.014,,3-11A
1426,39,11,B,11B,fruA,M9 20 mM glucose pH 7.4,3,0.33,0.017,,3-11B
1427,39,11,C,11C,fruA,M9 20 mM glucose pH 7.4,3,0.33,0.018,,3-11C
1428,40,12,A,12A,sdaC,M9 20 mM glucose pH 7.4,3,0.33,0.017,,3-12A
1429,40,12,B,12B,sdaC,M9 20 mM glucose pH 7.4,3,0.33,0.017,,3-12B
1430,40,12,C,12C,sdaC,M9 20 mM glucose pH 7.4,3,0.33,0.018,,3-12C
1431,41,13,A,13A,gltP,M9 20 mM glucose pH 7.4,3,0.33,0.017,,3-13A
1432,41,13,B,13B,gltP,M9 20 mM glucose pH 7.4,3,0.33,0.016,,3-13B
1433,41,13,C,13C,gltP,M9 20 mM glucose pH 7.4,3,0.33,0.017,,3-13C
1434,42,14,A,14A,mscL,M9 20 mM glucose pH 7.4,3,0.33,0.017,,3-14A
1435,42,14,B,14B,mscL,M9 20 mM glucose pH 7.4,3,0.33,0.016,,3-14B
1436,42,14,C,14C,mscL,M9 20 mM glucose pH 7.4,3,0.33,0.016,,3-14C
1437,0,0,D,0D,WT,M9 20 mM glucose pH 7.4,3,0.33,0.016,,3-0D
1438,0,0,E,0E,WT,M9 20 mM glucose pH 7.4,3,0.33,0.015,,3-0E
1439,0,0,F,0F,WT,M9 20 mM glucose pH 7.4,3,0.33,0.016,,3-0F
1440,29,1,A,1A,gadC,M9 20 mM glucose pH 7.4,3,2,0.023,,3-1A
1441,29,1,B,1B,gadC,M9 20 mM glucose pH 7.4,3,2,0.026,,3-1B
1442,29,1,C,1C,gadC,M9 20 mM glucose pH 7.4,3,2,0.022,,3-1C
1443,30,2,A,2A,znuB,M9 20 mM glucose pH 7.4,3,2,0.027,,3-2A
1444,30,2,B,2B,znuB,M9 20 mM glucose pH 7.4,3,2,0.022,,3-2B
1445,30,2,C,2C,znuB,M9 20 mM glucose pH 7.4,3,2,0.023,,3-2C
1446,31,3,A,3A,glnP,M9 20 mM glucose pH 7.4,3,2,0.025,,3-3A
1447,31,3,B,3B,glnP,M9 20 mM glucose pH 7.4,3,2,0.024,,3-3B
1448,31,3,C,3C,glnP,M9 20 mM glucose pH 7.4,3,2,0.026,,3-3C
1449,32,4,A,4A,focA,M9 20 mM glucose pH 7.4,3,2,0.023,,3-4A
1450,32,4,B,4B,focA,M9 20 mM glucose pH 7.4,3,2,0.022,,3-4B
1451,32,4,C,4C,focA,M9 20 mM glucose pH 7.4,3,2,0.023,,3-4C
1452,33,5,A,5A,artQ,M9 20 mM glucose pH 7.4,3,2,0.02,,3-5A
1453,33,5,B,5B,artQ,M9 20 mM glucose pH 7.4,3,2,0.02,,3-5B
1454,33,5,C,5C,artQ,M9 20 mM glucose pH 7.4,3,2,0.02,,3-5C
1455,34,6,A,6A,rbsC,M9 20 mM glucose pH 7.4,3,2,0.023,,3-6A
1456,34,6,B,6B,rbsC,M9 20 mM glucose pH 7.4,3,2,0.023,,3-6B
1457,34,6,C,6C,rbsC,M9 20 mM glucose pH 7.4,3,2,0.023,,3-6C
1458,35,7,A,7A,glpF,M9 20 mM glucose pH 7.4,3,2,0.025,,3-7A
1459,35,7,B,7B,glpF,M9 20 mM glucose pH 7.4,3,2,0.025,,3-7B
1460,35,7,C,7C,glpF,M9 20 mM glucose pH 7.4,3,2,0.024,,3-7C
1461,0,0,A,0A,WT,M9 20 mM glucose pH 7.4,3,2,0.023,,3-0A
1462,0,0,B,0B,WT,M9 20 mM glucose pH 7.4,3,2,0.024,,3-0B
1463,0,0,C,0C,WT,M9 20 mM glucose pH 7.4,3,2,0.026,,3-0C
1464,36,8,A,8A,proP,M9 20 mM glucose pH 7.4,3,2,0.027,,3-8A
1465,36,8,B,8B,proP,M9 20 mM glucose pH 7.4,3,2,0.027,,3-8B
1466,36,8,C,8C,proP,M9 20 mM glucose pH 7.4,3,2,0.023,,3-8C
1467,37,9,A,9A,cycA,M9 20 mM glucose pH 7.4,3,2,0.023,,3-9A
1468,37,9,B,9B,cycA,M9 20 mM glucose pH 7.4,3,2,0.029,,3-9B
1469,37,9,C,9C,cycA,M9 20 mM glucose pH 7.4,3,2,0.021,,3-9C
1470,38,10,A,10A,nupC,M9 20 mM glucose pH 7.4,3,2,0.022,,3-10A
1471,38,10,B,10B,nupC,M9 20 mM glucose pH 7.4,3,2,0.022,,3-10B
1472,38,10,C,10C,nupC,M9 20 mM glucose pH 7.4,3,2,0.023,,3-10C
1473,39,11,A,11A,fruA,M9 20 mM glucose pH 7.4,3,2,0.025,,3-11A
1474,39,11,B,11B,fruA,M9 20 mM glucose pH 7.4,3,2,0.022,,3-11B
1475,39,11,C,11C,fruA,M9 20 mM glucose pH 7.4,3,2,0.023,,3-11C
1476,40,12,A,12A,sdaC,M9 20 mM glucose pH 7.4,3,2,0.023,,3-12A
1477,40,12,B,12B,sdaC,M9 20 mM glucose pH 7.4,3,2,0.021,,3-12B
1478,40,12,C,12C,sdaC,M9 20 mM glucose pH 7.4,3,2,0.025,,3-12C
1479,41,13,A,13A,gltP,M9 20 mM glucose pH 7.4,3,2,0.022,,3-13A
1480,41,13,B,13B,gltP,M9 20 mM glucose pH 7.4,3,2,0.024,,3-13B
1481,41,13,C,13C,gltP,M9 20 mM glucose pH 7.4,3,2,0.023,,3-13C
1482,42,14,A,14A,mscL,M9 20 mM glucose pH 7.4,3,2,0.022,,3-14A
1483,42,14,B,14B,mscL,M9 20 mM glucose pH 7.4,3,2,0.022,,3-14B
1484,42,14,C,14C,mscL,M9 20 mM glucose pH 7.4,3,2,0.022,,3-14C
1485,0,0,D,0D,WT,M9 20 mM glucose pH 7.4,3,2,0.024,,3-0D
1486,0,0,E,0E,WT,M9 20 mM glucose pH 7.4,3,2,0.024,,3-0E
1487,0,0,F,0F,WT,M9 20 mM glucose pH 7.4,3,2,0.024,,3-0F
1488,29,1,A,1A,gadC,M9 20 mM glucose pH 7.4,3,4,0.034,T1,3-1A
1489,29,1,B,1B,gadC,M9 20 mM glucose pH 7.4,3,4,0.04,T1,3-1B
1490,29,1,C,1C,gadC,M9 20 mM glucose pH 7.4,3,4,0.034,T1,3-1C
1491,30,2,A,2A,znuB,M9 20 mM glucose pH 7.4,3,4,0.033,T1,3-2A
1492,30,2,B,2B,znuB,M9 20 mM glucose pH 7.4,3,4,0.03,T1,3-2B
1493,30,2,C,2C,znuB,M9 20 mM glucose pH 7.4,3,4,0.031,T1,3-2C
1494,31,3,A,3A,glnP,M9 20 mM glucose pH 7.4,3,4,0.035,T1,3-3A
1495,31,3,B,3B,glnP,M9 20 mM glucose pH 7.4,3,4,0.036,T1,3-3B
1496,31,3,C,3C,glnP,M9 20 mM glucose pH 7.4,3,4,0.037,T1,3-3C
1497,32,4,A,4A,focA,M9 20 mM glucose pH 7.4,3,4,0.037,T1,3-4A
1498,32,4,B,4B,focA,M9 20 mM glucose pH 7.4,3,4,0.035,T1,3-4B
1499,32,4,C,4C,focA,M9 20 mM glucose pH 7.4,3,4,0.035,T1,3-4C
1500,33,5,A,5A,artQ,M9 20 mM glucose pH 7.4,3,4,0.031,T1,3-5A
1501,33,5,B,5B,artQ,M9 20 mM glucose pH 7.4,3,4,0.03,T1,3-5B
1502,33,5,C,5C,artQ,M9 20 mM glucose pH 7.4,3,4,0.031,T1,3-5C
1503,34,6,A,6A,rbsC,M9 20 mM glucose pH 7.4,3,4,0.034,T1,3-6A
1504,34,6,B,6B,rbsC,M9 20 mM glucose pH 7.4,3,4,0.034,T1,3-6B
1505,34,6,C,6C,rbsC,M9 20 mM glucose pH 7.4,3,4,0.036,T1,3-6C
1506,35,7,A,7A,glpF,M9 20 mM glucose pH 7.4,3,4,0.037,T1,3-7A
1507,35,7,B,7B,glpF,M9 20 mM glucose pH 7.4,3,4,0.037,T1,3-7B
1508,35,7,C,7C,glpF,M9 20 mM glucose pH 7.4,3,4,0.036,T1,3-7C
1509,0,0,A,0A,WT,M9 20 mM glucose pH 7.4,3,4,0.035,T1,3-0A
1510,0,0,B,0B,WT,M9 20 mM glucose pH 7.4,3,4,0.035,T1,3-0B
1511,0,0,C,0C,WT,M9 20 mM glucose pH 7.4,3,4,0.041,T1,3-0C
1512,36,8,A,8A,proP,M9 20 mM glucose pH 7.4,3,4,0.037,T1,3-8A
1513,36,8,B,8B,proP,M9 20 mM glucose pH 7.4,3,4,0.035,T1,3-8B
1514,36,8,C,8C,proP,M9 20 mM glucose pH 7.4,3,4,0.035,T1,3-8C
1515,37,9,A,9A,cycA,M9 20 mM glucose pH 7.4,3,4,0.034,T1,3-9A
1516,37,9,B,9B,cycA,M9 20 mM glucose pH 7.4,3,4,0.03,T1,3-9B
1517,37,9,C,9C,cycA,M9 20 mM glucose pH 7.4,3,4,0.034,T1,3-9C
1518,38,10,A,10A,nupC,M9 20 mM glucose pH 7.4,3,4,0.036,T1,3-10A
1519,38,10,B,10B,nupC,M9 20 mM glucose pH 7.4,3,4,0.035,T1,3-10B
1520,38,10,C,10C,nupC,M9 20 mM glucose pH 7.4,3,4,0.035,T1,3-10C
1521,39,11,A,11A,fruA,M9 20 mM glucose pH 7.4,3,4,0.035,T1,3-11A
1522,39,11,B,11B,fruA,M9 20 mM glucose pH 7.4,3,4,0.03,T1,3-11B
1523,39,11,C,11C,fruA,M9 20 mM glucose pH 7.4,3,4,0.033,T1,3-11C
1524,40,12,A,12A,sdaC,M9 20 mM glucose pH 7.4,3,4,0.037,T1,3-12A
1525,40,12,B,12B,sdaC,M9 20 mM glucose pH 7.4,3,4,0.043,T1,3-12B
1526,40,12,C,12C,sdaC,M9 20 mM glucose pH 7.4,3,4,0.039,T1,3-12C
1527,41,13,A,13A,gltP,M9 20 mM glucose pH 7.4,3,4,0.036,T1,3-13A
1528,41,13,B,13B,gltP,M9 20 mM glucose pH 7.4,3,4,0.038,T1,3-13B
1529,41,13,C,13C,gltP,M9 20 mM glucose pH 7.4,3,4,0.036,T1,3-13C
1530,42,14,A,14A,mscL,M9 20 mM glucose pH 7.4,3,4,0.037,T1,3-14A
1531,42,14,B,14B,mscL,M9 20 mM glucose pH 7.4,3,4,0.034,T1,3-14B
1532,42,14,C,14C,mscL,M9 20 mM glucose pH 7.4,3,4,0.037,T1,3-14C
1533,0,0,D,0D,WT,M9 20 mM glucose pH 7.4,3,4,0.039,T1,3-0D
1534,0,0,E,0E,WT,M9 20 mM glucose pH 7.4,3,4,0.039,T1,3-0E
1535,0,0,F,0F,WT,M9 20 mM glucose pH 7.4,3,4,0.038,T1,3-0F
1536,29,1,A,1A,gadC,M9 20 mM glucose pH 7.4,3,6,0.093,,3-1A
1537,29,1,B,1B,gadC,M9 20 mM glucose pH 7.4,3,6,0.101,,3-1B
1538,29,1,C,1C,gadC,M9 20 mM glucose pH 7.4,3,6,0.092,,3-1C
1539,30,2,A,2A,znuB,M9 20 mM glucose pH 7.4,3,6,0.076,,3-2A
1540,30,2,B,2B,znuB,M9 20 mM glucose pH 7.4,3,6,0.074,,3-2B
1541,30,2,C,2C,znuB,M9 20 mM glucose pH 7.4,3,6,0.079,,3-2C
1542,31,3,A,3A,glnP,M9 20 mM glucose pH 7.4,3,6,0.098,,3-3A
1543,31,3,B,3B,glnP,M9 20 mM glucose pH 7.4,3,6,0.103,,3-3B
1544,31,3,C,3C,glnP,M9 20 mM glucose pH 7.4,3,6,0.105,,3-3C
1545,32,4,A,4A,focA,M9 20 mM glucose pH 7.4,3,6,0.095,,3-4A
1546,32,4,B,4B,focA,M9 20 mM glucose pH 7.4,3,6,0.099,,3-4B
1547,32,4,C,4C,focA,M9 20 mM glucose pH 7.4,3,6,0.095,,3-4C
1548,33,5,A,5A,artQ,M9 20 mM glucose pH 7.4,3,6,0.072,,3-5A
1549,33,5,B,5B,artQ,M9 20 mM glucose pH 7.4,3,6,0.073,,3-5B
1550,33,5,C,5C,artQ,M9 20 mM glucose pH 7.4,3,6,0.073,,3-5C
1551,34,6,A,6A,rbsC,M9 20 mM glucose pH 7.4,3,6,0.093,,3-6A
1552,34,6,B,6B,rbsC,M9 20 mM glucose pH 7.4,3,6,0.09,,3-6B
1553,34,6,C,6C,rbsC,M9 20 mM glucose pH 7.4,3,6,0.089,,3-6C
1554,35,7,A,7A,glpF,M9 20 mM glucose pH 7.4,3,6,0.108,,3-7A
1555,35,7,B,7B,glpF,M9 20 mM glucose pH 7.4,3,6,0.105,,3-7B
1556,35,7,C,7C,glpF,M9 20 mM glucose pH 7.4,3,6,0.104,,3-7C
1557,0,0,A,0A,WT,M9 20 mM glucose pH 7.4,3,6,0.104,,3-0A
1558,0,0,B,0B,WT,M9 20 mM glucose pH 7.4,3,6,0.101,,3-0B
1559,0,0,C,0C,WT,M9 20 mM glucose pH 7.4,3,6,0.122,,3-0C
1560,36,8,A,8A,proP,M9 20 mM glucose pH 7.4,3,6,0.107,,3-8A
1561,36,8,B,8B,proP,M9 20 mM glucose pH 7.4,3,6,0.098,,3-8B
1562,36,8,C,8C,proP,M9 20 mM glucose pH 7.4,3,6,0.097,,3-8C
1563,37,9,A,9A,cycA,M9 20 mM glucose pH 7.4,3,6,0.077,,3-9A
1564,37,9,B,9B,cycA,M9 20 mM glucose pH 7.4,3,6,0.075,,3-9B
1565,37,9,C,9C,cycA,M9 20 mM glucose pH 7.4,3,6,0.075,,3-9C
1566,38,10,A,10A,nupC,M9 20 mM glucose pH 7.4,3,6,0.099,,3-10A
1567,38,10,B,10B,nupC,M9 20 mM glucose pH 7.4,3,6,0.098,,3-10B
1568,38,10,C,10C,nupC,M9 20 mM glucose pH 7.4,3,6,0.098,,3-10C
1569,39,11,A,11A,fruA,M9 20 mM glucose pH 7.4,3,6,0.093,,3-11A
1570,39,11,B,11B,fruA,M9 20 mM glucose pH 7.4,3,6,0.08,,3-11B
1571,39,11,C,11C,fruA,M9 20 mM glucose pH 7.4,3,6,0.085,,3-11C
1572,40,12,A,12A,sdaC,M9 20 mM glucose pH 7.4,3,6,0.114,,3-12A
1573,40,12,B,12B,sdaC,M9 20 mM glucose pH 7.4,3,6,0.109,,3-12B
1574,40,12,C,12C,sdaC,M9 20 mM glucose pH 7.4,3,6,0.104,,3-12C
1575,41,13,A,13A,gltP,M9 20 mM glucose pH 7.4,3,6,0.098,,3-13A
1576,41,13,B,13B,gltP,M9 20 mM glucose pH 7.4,3,6,0.105,,3-13B
1577,41,13,C,13C,gltP,M9 20 mM glucose pH 7.4,3,6,0.1,,3-13C
1578,42,14,A,14A,mscL,M9 20 mM glucose pH 7.4,3,6,0.097,,3-14A
1579,42,14,B,14B,mscL,M9 20 mM glucose pH 7.4,3,6,0.097,,3-14B
1580,42,14,C,14C,mscL,M9 20 mM glucose pH 7.4,3,6,0.098,,3-14C
1581,0,0,D,0D,WT,M9 20 mM glucose pH 7.4,3,6,0.108,,3-0D
1582,0,0,E,0E,WT,M9 20 mM glucose pH 7.4,3,6,0.107,,3-0E
1583,0,0,F,0F,WT,M9 20 mM glucose pH 7.4,3,6,0.103,,3-0F
1584,29,1,A,1A,gadC,M9 20 mM glucose pH 7.4,3,8,0.318,T2,3-1A
1585,29,1,B,1B,gadC,M9 20 mM glucose pH 7.4,3,8,0.366,T2,3-1B
1586,29,1,C,1C,gadC,M9 20 mM glucose pH 7.4,3,8,0.281,T2,3-1C
1587,30,2,A,2A,znuB,M9 20 mM glucose pH 7.4,3,8,0.238,T2,3-2A
1588,30,2,B,2B,znuB,M9 20 mM glucose pH 7.4,3,8,0.219,T2,3-2B
1589,30,2,C,2C,znuB,M9 20 mM glucose pH 7.4,3,8,0.238,T2,3-2C
1590,31,3,A,3A,glnP,M9 20 mM glucose pH 7.4,3,8,0.292,T2,3-3A
1591,31,3,B,3B,glnP,M9 20 mM glucose pH 7.4,3,8,0.304,T2,3-3B
1592,31,3,C,3C,glnP,M9 20 mM glucose pH 7.4,3,8,0.336,T2,3-3C
1593,32,4,A,4A,focA,M9 20 mM glucose pH 7.4,3,8,0.31,T2,3-4A
1594,32,4,B,4B,focA,M9 20 mM glucose pH 7.4,3,8,0.312,T2,3-4B
1595,32,4,C,4C,focA,M9 20 mM glucose pH 7.4,3,8,0.338,T2,3-4C
1596,33,5,A,5A,artQ,M9 20 mM glucose pH 7.4,3,8,0.211,T2,3-5A
1597,33,5,B,5B,artQ,M9 20 mM glucose pH 7.4,3,8,0.213,T2,3-5B
1598,33,5,C,5C,artQ,M9 20 mM glucose pH 7.4,3,8,0.21,T2,3-5C
1599,34,6,A,6A,rbsC,M9 20 mM glucose pH 7.4,3,8,0.305,T2,3-6A
1600,34,6,B,6B,rbsC,M9 20 mM glucose pH 7.4,3,8,0.311,T2,3-6B
1601,34,6,C,6C,rbsC,M9 20 mM glucose pH 7.4,3,8,0.263,T2,3-6C
1602,35,7,A,7A,glpF,M9 20 mM glucose pH 7.4,3,8,0.343,T2,3-7A
1603,35,7,B,7B,glpF,M9 20 mM glucose pH 7.4,3,8,0.35,T2,3-7B
1604,35,7,C,7C,glpF,M9 20 mM glucose pH 7.4,3,8,0.302,T2,3-7C
1605,0,0,A,0A,WT,M9 20 mM glucose pH 7.4,3,8,0.331,T2,3-0A
1606,0,0,B,0B,WT,M9 20 mM glucose pH 7.4,3,8,0.329,T2,3-0B
1607,0,0,C,0C,WT,M9 20 mM glucose pH 7.4,3,8,0.397,T2,3-0C
1608,36,8,A,8A,proP,M9 20 mM glucose pH 7.4,3,8,0.335,T2,3-8A
1609,36,8,B,8B,proP,M9 20 mM glucose pH 7.4,3,8,0.344,T2,3-8B
1610,36,8,C,8C,proP,M9 20 mM glucose pH 7.4,3,8,0.345,T2,3-8C
1611,37,9,A,9A,cycA,M9 20 mM glucose pH 7.4,3,8,0.237,T2,3-9A
1612,37,9,B,9B,cycA,M9 20 mM glucose pH 7.4,3,8,0.223,T2,3-9B
1613,37,9,C,9C,cycA,M9 20 mM glucose pH 7.4,3,8,0.22,T2,3-9C
1614,38,10,A,10A,nupC,M9 20 mM glucose pH 7.4,3,8,0.339,T2,3-10A
1615,38,10,B,10B,nupC,M9 20 mM glucose pH 7.4,3,8,0.321,T2,3-10B
1616,38,10,C,10C,nupC,M9 20 mM glucose pH 7.4,3,8,0.341,T2,3-10C
1617,39,11,A,11A,fruA,M9 20 mM glucose pH 7.4,3,8,0.3,T2,3-11A
1618,39,11,B,11B,fruA,M9 20 mM glucose pH 7.4,3,8,0.266,T2,3-11B
1619,39,11,C,11C,fruA,M9 20 mM glucose pH 7.4,3,8,0.283,T2,3-11C
1620,40,12,A,12A,sdaC,M9 20 mM glucose pH 7.4,3,8,0.317,T2,3-12A
1621,40,12,B,12B,sdaC,M9 20 mM glucose pH 7.4,3,8,0.308,T2,3-12B
1622,40,12,C,12C,sdaC,M9 20 mM glucose pH 7.4,3,8,0.321,T2,3-12C
1623,41,13,A,13A,gltP,M9 20 mM glucose pH 7.4,3,8,0.324,T2,3-13A
1624,41,13,B,13B,gltP,M9 20 mM glucose pH 7.4,3,8,0.372,T2,3-13B
1625,41,13,C,13C,gltP,M9 20 mM glucose pH 7.4,3,8,0.369,T2,3-13C
1626,42,14,A,14A,mscL,M9 20 mM glucose pH 7.4,3,8,0.299,T2,3-14A
1627,42,14,B,14B,mscL,M9 20 mM glucose pH 7.4,3,8,0.276,T2,3-14B
1628,42,14,C,14C,mscL,M9 20 mM glucose pH 7.4,3,8,0.276,T2,3-14C
1629,0,0,D,0D,WT,M9 20 mM glucose pH 7.4,3,8,0.347,T2,3-0D
1630,0,0,E,0E,WT,M9 20 mM glucose pH 7.4,3,8,0.33,T2,3-0E
1631,0,0,F,0F,WT,M9 20 mM glucose pH 7.4,3,8,0.328,T2,3-0F
1632,29,1,A,1A,gadC,M9 20 mM glucose pH 7.4,3,10,0.739,T3,3-1A
1633,29,1,B,1B,gadC,M9 20 mM glucose pH 7.4,3,10,0.854,T3,3-1B
1634,29,1,C,1C,gadC,M9 20 mM glucose pH 7.4,3,10,0.677,T3,3-1C
1635,30,2,A,2A,znuB,M9 20 mM glucose pH 7.4,3,10,0.533,T3,3-2A
1636,30,2,B,2B,znuB,M9 20 mM glucose pH 7.4,3,10,0.523,T3,3-2B
1637,30,2,C,2C,znuB,M9 20 mM glucose pH 7.4,3,10,0.552,T3,3-2C
1638,31,3,A,3A,glnP,M9 20 mM glucose pH 7.4,3,10,0.652,T3,3-3A
1639,31,3,B,3B,glnP,M9 20 mM glucose pH 7.4,3,10,0.686,T3,3-3B
1640,31,3,C,3C,glnP,M9 20 mM glucose pH 7.4,3,10,0.711,T3,3-3C
1641,32,4,A,4A,focA,M9 20 mM glucose pH 7.4,3,10,0.688,T3,3-4A
1642,32,4,B,4B,focA,M9 20 mM glucose pH 7.4,3,10,0.685,T3,3-4B
1643,32,4,C,4C,focA,M9 20 mM glucose pH 7.4,3,10,0.718,T3,3-4C
1644,33,5,A,5A,artQ,M9 20 mM glucose pH 7.4,3,10,0.506,T3,3-5A
1645,33,5,B,5B,artQ,M9 20 mM glucose pH 7.4,3,10,0.522,T3,3-5B
1646,33,5,C,5C,artQ,M9 20 mM glucose pH 7.4,3,10,0.505,T3,3-5C
1647,34,6,A,6A,rbsC,M9 20 mM glucose pH 7.4,3,10,0.677,T3,3-6A
1648,34,6,B,6B,rbsC,M9 20 mM glucose pH 7.4,3,10,0.694,T3,3-6B
1649,34,6,C,6C,rbsC,M9 20 mM glucose pH 7.4,3,10,0.606,T3,3-6C
1650,35,7,A,7A,glpF,M9 20 mM glucose pH 7.4,3,10,0.805,T3,3-7A
1651,35,7,B,7B,glpF,M9 20 mM glucose pH 7.4,3,10,0.823,T3,3-7B
1652,35,7,C,7C,glpF,M9 20 mM glucose pH 7.4,3,10,0.724,T3,3-7C
1653,0,0,A,0A,WT,M9 20 mM glucose pH 7.4,3,10,0.787,T3,3-0A
1654,0,0,B,0B,WT,M9 20 mM glucose pH 7.4,3,10,0.79,T3,3-0B
1655,0,0,C,0C,WT,M9 20 mM glucose pH 7.4,3,10,0.888,T3,3-0C
1656,36,8,A,8A,proP,M9 20 mM glucose pH 7.4,3,10,0.885,T3,3-8A
1657,36,8,B,8B,proP,M9 20 mM glucose pH 7.4,3,10,0.882,T3,3-8B
1658,36,8,C,8C,proP,M9 20 mM glucose pH 7.4,3,10,0.896,T3,3-8C
1659,37,9,A,9A,cycA,M9 20 mM glucose pH 7.4,3,10,0.615,T3,3-9A
1660,37,9,B,9B,cycA,M9 20 mM glucose pH 7.4,3,10,0.581,T3,3-9B
1661,37,9,C,9C,cycA,M9 20 mM glucose pH 7.4,3,10,0.575,T3,3-9C
1662,38,10,A,10A,nupC,M9 20 mM glucose pH 7.4,3,10,0.94,T3,3-10A
1663,38,10,B,10B,nupC,M9 20 mM glucose pH 7.4,3,10,0.838,T3,3-10B
1664,38,10,C,10C,nupC,M9 20 mM glucose pH 7.4,3,10,0.896,T3,3-10C
1665,39,11,A,11A,fruA,M9 20 mM glucose pH 7.4,3,10,0.766,T3,3-11A
1666,39,11,B,11B,fruA,M9 20 mM glucose pH 7.4,3,10,0.705,T3,3-11B
1667,39,11,C,11C,fruA,M9 20 mM glucose pH 7.4,3,10,0.712,T3,3-11C
1668,40,12,A,12A,sdaC,M9 20 mM glucose pH 7.4,3,10,0.843,T3,3-12A
1669,40,12,B,12B,sdaC,M9 20 mM glucose pH 7.4,3,10,0.819,T3,3-12B
1670,40,12,C,12C,sdaC,M9 20 mM glucose pH 7.4,3,10,0.828,T3,3-12C
1671,41,13,A,13A,gltP,M9 20 mM glucose pH 7.4,3,10,0.857,T3,3-13A
1672,41,13,B,13B,gltP,M9 20 mM glucose pH 7.4,3,10,0.933,T3,3-13B
1673,41,13,C,13C,gltP,M9 20 mM glucose pH 7.4,3,10,0.927,T3,3-13C
1674,42,14,A,14A,mscL,M9 20 mM glucose pH 7.4,3,10,0.703,T3,3-14A
1675,42,14,B,14B,mscL,M9 20 mM glucose pH 7.4,3,10,0.685,T3,3-14B
1676,42,14,C,14C,mscL,M9 20 mM glucose pH 7.4,3,10,0.685,T3,3-14C
1677,0,0,D,0D,WT,M9 20 mM glucose pH 7.4,3,10,0.864,T3,3-0D
1678,0,0,E,0E,WT,M9 20 mM glucose pH 7.4,3,10,0.838,T3,3-0E
1679,0,0,F,0F,WT,M9 20 mM glucose pH 7.4,3,10,0.837,T3,3-0F
1680,29,1,A,1A,gadC,M9 20 mM glucose pH 7.4,3,11,0.999,T4,3-1A
1681,29,1,B,1B,gadC,M9 20 mM glucose pH 7.4,3,11,1.125,T4,3-1B
1682,29,1,C,1C,gadC,M9 20 mM glucose pH 7.4,3,11,0.922,T4,3-1C
1683,30,2,A,2A,znuB,M9 20 mM glucose pH 7.4,3,11,0.746,T4,3-2A
1684,30,2,B,2B,znuB,M9 20 mM glucose pH 7.4,3,11,0.743,T4,3-2B
1685,30,2,C,2C,znuB,M9 20 mM glucose pH 7.4,3,11,0.764,T4,3-2C
1686,31,3,A,3A,glnP,M9 20 mM glucose pH 7.4,3,11,0.861,T4,3-3A
1687,31,3,B,3B,glnP,M9 20 mM glucose pH 7.4,3,11,0.898,T4,3-3B
1688,31,3,C,3C,glnP,M9 20 mM glucose pH 7.4,3,11,0.919,T4,3-3C
1689,32,4,A,4A,focA,M9 20 mM glucose pH 7.4,3,11,0.924,T4,3-4A
1690,32,4,B,4B,focA,M9 20 mM glucose pH 7.4,3,11,0.911,T4,3-4B
1691,32,4,C,4C,focA,M9 20 mM glucose pH 7.4,3,11,0.96,T4,3-4C
1692,33,5,A,5A,artQ,M9 20 mM glucose pH 7.4,3,11,0.745,T4,3-5A
1693,33,5,B,5B,artQ,M9 20 mM glucose pH 7.4,3,11,0.764,T4,3-5B
1694,33,5,C,5C,artQ,M9 20 mM glucose pH 7.4,3,11,0.732,T4,3-5C
1695,34,6,A,6A,rbsC,M9 20 mM glucose pH 7.4,3,11,0.929,T4,3-6A
1696,34,6,B,6B,rbsC,M9 20 mM glucose pH 7.4,3,11,0.946,T4,3-6B
1697,34,6,C,6C,rbsC,M9 20 mM glucose pH 7.4,3,11,0.838,T4,3-6C
1698,35,7,A,7A,glpF,M9 20 mM glucose pH 7.4,3,11,1.083,T4,3-7A
1699,35,7,B,7B,glpF,M9 20 mM glucose pH 7.4,3,11,1.1,T4,3-7B
1700,35,7,C,7C,glpF,M9 20 mM glucose pH 7.4,3,11,0.975,T4,3-7C
1701,0,0,A,0A,WT,M9 20 mM glucose pH 7.4,3,11,1.054,T4,3-0A
1702,0,0,B,0B,WT,M9 20 mM glucose pH 7.4,3,11,1.058,T4,3-0B
1703,0,0,C,0C,WT,M9 20 mM glucose pH 7.4,3,11,1.155,T4,3-0C
1704,36,8,A,8A,proP,M9 20 mM glucose pH 7.4,3,11,1.141,T4,3-8A
1705,36,8,B,8B,proP,M9 20 mM glucose pH 7.4,3,11,1.123,T4,3-8B
1706,36,8,C,8C,proP,M9 20 mM glucose pH 7.4,3,11,1.132,T4,3-8C
1707,37,9,A,9A,cycA,M9 20 mM glucose pH 7.4,3,11,0.837,T4,3-9A
1708,37,9,B,9B,cycA,M9 20 mM glucose pH 7.4,3,11,0.802,T4,3-9B
1709,37,9,C,9C,cycA,M9 20 mM glucose pH 7.4,3,11,0.769,T4,3-9C
1710,38,10,A,10A,nupC,M9 20 mM glucose pH 7.4,3,11,1.167,T4,3-10A
1711,38,10,B,10B,nupC,M9 20 mM glucose pH 7.4,3,11,1.071,T4,3-10B
1712,38,10,C,10C,nupC,M9 20 mM glucose pH 7.4,3,11,1.118,T4,3-10C
1713,39,11,A,11A,fruA,M9 20 mM glucose pH 7.4,3,11,0.985,T4,3-11A
1714,39,11,B,11B,fruA,M9 20 mM glucose pH 7.4,3,11,0.927,T4,3-11B
1715,39,11,C,11C,fruA,M9 20 mM glucose pH 7.4,3,11,0.927,T4,3-11C
1716,40,12,A,12A,sdaC,M9 20 mM glucose pH 7.4,3,11,1.075,T4,3-12A
1717,40,12,B,12B,sdaC,M9 20 mM glucose pH 7.4,3,11,1.059,T4,3-12B
1718,40,12,C,12C,sdaC,M9 20 mM glucose pH 7.4,3,11,1.065,T4,3-12C
1719,41,13,A,13A,gltP,M9 20 mM glucose pH 7.4,3,11,1.103,T4,3-13A
1720,41,13,B,13B,gltP,M9 20 mM glucose pH 7.4,3,11,1.176,T4,3-13B
1721,41,13,C,13C,gltP,M9 20 mM glucose pH 7.4,3,11,1.164,T4,3-13C
1722,42,14,A,14A,mscL,M9 20 mM glucose pH 7.4,3,11,0.888,T4,3-14A
1723,42,14,B,14B,mscL,M9 20 mM glucose pH 7.4,3,11,0.893,T4,3-14B
1724,42,14,C,14C,mscL,M9 20 mM glucose pH 7.4,3,11,0.87,T4,3-14C
1725,0,0,D,0D,WT,M9 20 mM glucose pH 7.4,3,11,1.08,T4,3-0D
1726,0,0,E,0E,WT,M9 20 mM glucose pH 7.4,3,11,1.064,T4,3-0E
1727,0,0,F,0F,WT,M9 20 mM glucose pH 7.4,3,11,1.051,T4,3-0F
1728,29,1,A,1A,gadC,M9 20 mM glucose pH 7.4,3,12,1.258,T5,3-1A
1729,29,1,B,1B,gadC,M9 20 mM glucose pH 7.4,3,12,1.317,T5,3-1B
1730,29,1,C,1C,gadC,M9 20 mM glucose pH 7.4,3,12,1.219,T5,3-1C
1731,30,2,A,2A,znuB,M9 20 mM glucose pH 7.4,3,12,1.044,T5,3-2A
1732,30,2,B,2B,znuB,M9 20 mM glucose pH 7.4,3,12,1.046,T5,3-2B
1733,30,2,C,2C,znuB,M9 20 mM glucose pH 7.4,3,12,1.055,T5,3-2C
1734,31,3,A,3A,glnP,M9 20 mM glucose pH 7.4,3,12,1.112,T5,3-3A
1735,31,3,B,3B,glnP,M9 20 mM glucose pH 7.4,3,12,1.149,T5,3-3B
1736,31,3,C,3C,glnP,M9 20 mM glucose pH 7.4,3,12,1.161,T5,3-3C
1737,32,4,A,4A,focA,M9 20 mM glucose pH 7.4,3,12,1.204,T5,3-4A
1738,32,4,B,4B,focA,M9 20 mM glucose pH 7.4,3,12,1.198,T5,3-4B
1739,32,4,C,4C,focA,M9 20 mM glucose pH 7.4,3,12,1.219,T5,3-4C
1740,33,5,A,5A,artQ,M9 20 mM glucose pH 7.4,3,12,1.057,T5,3-5A
1741,33,5,B,5B,artQ,M9 20 mM glucose pH 7.4,3,12,1.065,T5,3-5B
1742,33,5,C,5C,artQ,M9 20 mM glucose pH 7.4,3,12,1.028,T5,3-5C
1743,34,6,A,6A,rbsC,M9 20 mM glucose pH 7.4,3,12,1.221,T5,3-6A
1744,34,6,B,6B,rbsC,M9 20 mM glucose pH 7.4,3,12,1.236,T5,3-6B
1745,34,6,C,6C,rbsC,M9 20 mM glucose pH 7.4,3,12,1.134,T5,3-6C
1746,35,7,A,7A,glpF,M9 20 mM glucose pH 7.4,3,12,1.359,T5,3-7A
1747,35,7,B,7B,glpF,M9 20 mM glucose pH 7.4,3,12,1.368,T5,3-7B
1748,35,7,C,7C,glpF,M9 20 mM glucose pH 7.4,3,12,1.28,T5,3-7C
1749,0,0,A,0A,WT,M9 20 mM glucose pH 7.4,3,12,1.28,T5,3-0A
1750,0,0,B,0B,WT,M9 20 mM glucose pH 7.4,3,12,1.277,T5,3-0B
1751,0,0,C,0C,WT,M9 20 mM glucose pH 7.4,3,12,1.317,T5,3-0C
1752,36,8,A,8A,proP,M9 20 mM glucose pH 7.4,3,12,1.374,T5,3-8A
1753,36,8,B,8B,proP,M9 20 mM glucose pH 7.4,3,12,1.33,T5,3-8B
1754,36,8,C,8C,proP,M9 20 mM glucose pH 7.4,3,12,1.333,T5,3-8C
1755,37,9,A,9A,cycA,M9 20 mM glucose pH 7.4,3,12,1.148,T5,3-9A
1756,37,9,B,9B,cycA,M9 20 mM glucose pH 7.4,3,12,1.104,T5,3-9B
1757,37,9,C,9C,cycA,M9 20 mM glucose pH 7.4,3,12,1.065,T5,3-9C
1758,38,10,A,10A,nupC,M9 20 mM glucose pH 7.4,3,12,1.349,T5,3-10A
1759,38,10,B,10B,nupC,M9 20 mM glucose pH 7.4,3,12,1.288,T5,3-10B
1760,38,10,C,10C,nupC,M9 20 mM glucose pH 7.4,3,12,1.307,T5,3-10C
1761,39,11,A,11A,fruA,M9 20 mM glucose pH 7.4,3,12,1.254,T5,3-11A
1762,39,11,B,11B,fruA,M9 20 mM glucose pH 7.4,3,12,1.221,T5,3-11B
1763,39,11,C,11C,fruA,M9 20 mM glucose pH 7.4,3,12,1.217,T5,3-11C
1764,40,12,A,12A,sdaC,M9 20 mM glucose pH 7.4,3,12,1.291,T5,3-12A
1765,40,12,B,12B,sdaC,M9 20 mM glucose pH 7.4,3,12,1.28,T5,3-12B
1766,40,12,C,12C,sdaC,M9 20 mM glucose pH 7.4,3,12,1.277,T5,3-12C
1767,41,13,A,13A,gltP,M9 20 mM glucose pH 7.4,3,12,1.318,T5,3-13A
1768,41,13,B,13B,gltP,M9 20 mM glucose pH 7.4,3,12,1.357,T5,3-13B
1769,41,13,C,13C,gltP,M9 20 mM glucose pH 7.4,3,12,1.342,T5,3-13C
1770,42,14,A,14A,mscL,M9 20 mM glucose pH 7.4,3,12,1.169,T5,3-14A
1771,42,14,B,14B,mscL,M9 20 mM glucose pH 7.4,3,12,1.17,T5,3-14B
1772,42,14,C,14C,mscL,M9 20 mM glucose pH 7.4,3,12,1.134,T5,3-14C
1773,0,0,D,0D,WT,M9 20 mM glucose pH 7.4,3,12,1.283,T5,3-0D
1774,0,0,E,0E,WT,M9 20 mM glucose pH 7.4,3,12,1.267,T5,3-0E
1775,0,0,F,0F,WT,M9 20 mM glucose pH 7.4,3,12,1.264,T5,3-0F
1776,29,1,A,1A,gadC,M9 20 mM glucose pH 7.4,3,13,1.38,T6,3-1A
1777,29,1,B,1B,gadC,M9 20 mM glucose pH 7.4,3,13,1.406,T6,3-1B
1778,29,1,C,1C,gadC,M9 20 mM glucose pH 7.4,3,13,1.363,T6,3-1C
1779,30,2,A,2A,znuB,M9 20 mM glucose pH 7.4,3,13,1.263,T6,3-2A
1780,30,2,B,2B,znuB,M9 20 mM glucose pH 7.4,3,13,1.264,T6,3-2B
1781,30,2,C,2C,znuB,M9 20 mM glucose pH 7.4,3,13,1.271,T6,3-2C
1782,31,3,A,3A,glnP,M9 20 mM glucose pH 7.4,3,13,1.279,T6,3-3A
1783,31,3,B,3B,glnP,M9 20 mM glucose pH 7.4,3,13,1.305,T6,3-3B
1784,31,3,C,3C,glnP,M9 20 mM glucose pH 7.4,3,13,1.312,T6,3-3C
1785,32,4,A,4A,focA,M9 20 mM glucose pH 7.4,3,13,1.338,T6,3-4A
1786,32,4,B,4B,focA,M9 20 mM glucose pH 7.4,3,13,1.321,T6,3-4B
1787,32,4,C,4C,focA,M9 20 mM glucose pH 7.4,3,13,1.342,T6,3-4C
1788,33,5,A,5A,artQ,M9 20 mM glucose pH 7.4,3,13,1.276,T6,3-5A
1789,33,5,B,5B,artQ,M9 20 mM glucose pH 7.4,3,13,1.271,T6,3-5B
1790,33,5,C,5C,artQ,M9 20 mM glucose pH 7.4,3,13,1.257,T6,3-5C
1791,34,6,A,6A,rbsC,M9 20 mM glucose pH 7.4,3,13,1.345,T6,3-6A
1792,34,6,B,6B,rbsC,M9 20 mM glucose pH 7.4,3,13,1.343,T6,3-6B
1793,34,6,C,6C,rbsC,M9 20 mM glucose pH 7.4,3,13,1.299,T6,3-6C
1794,35,7,A,7A,glpF,M9 20 mM glucose pH 7.4,3,13,1.491,T6,3-7A
1795,35,7,B,7B,glpF,M9 20 mM glucose pH 7.4,3,13,1.501,T6,3-7B
1796,35,7,C,7C,glpF,M9 20 mM glucose pH 7.4,3,13,1.42,T6,3-7C
1797,0,0,A,0A,WT,M9 20 mM glucose pH 7.4,3,13,1.386,T6,3-0A
1798,0,0,B,0B,WT,M9 20 mM glucose pH 7.4,3,13,1.398,T6,3-0B
1799,0,0,C,0C,WT,M9 20 mM glucose pH 7.4,3,13,1.392,T6,3-0C
1800,36,8,A,8A,proP,M9 20 mM glucose pH 7.4,3,13,1.486,T6,3-8A
1801,36,8,B,8B,proP,M9 20 mM glucose pH 7.4,3,13,1.437,T6,3-8B
1802,36,8,C,8C,proP,M9 20 mM glucose pH 7.4,3,13,1.446,T6,3-8C
1803,37,9,A,9A,cycA,M9 20 mM glucose pH 7.4,3,13,1.322,T6,3-9A
1804,37,9,B,9B,cycA,M9 20 mM glucose pH 7.4,3,13,1.275,T6,3-9B
1805,37,9,C,9C,cycA,M9 20 mM glucose pH 7.4,3,13,1.272,T6,3-9C
1806,38,10,A,10A,nupC,M9 20 mM glucose pH 7.4,3,13,1.428,T6,3-10A
1807,38,10,B,10B,nupC,M9 20 mM glucose pH 7.4,3,13,1.411,T6,3-10B
1808,38,10,C,10C,nupC,M9 20 mM glucose pH 7.4,3,13,1.407,T6,3-10C
1809,39,11,A,11A,fruA,M9 20 mM glucose pH 7.4,3,13,1.367,T6,3-11A
1810,39,11,B,11B,fruA,M9 20 mM glucose pH 7.4,3,13,1.36,T6,3-11B
1811,39,11,C,11C,fruA,M9 20 mM glucose pH 7.4,3,13,1.334,T6,3-11C
1812,40,12,A,12A,sdaC,M9 20 mM glucose pH 7.4,3,13,1.412,T6,3-12A
1813,40,12,B,12B,sdaC,M9 20 mM glucose pH 7.4,3,13,1.408,T6,3-12B
1814,40,12,C,12C,sdaC,M9 20 mM glucose pH 7.4,3,13,1.401,T6,3-12C
1815,41,13,A,13A,gltP,M9 20 mM glucose pH 7.4,3,13,1.445,T6,3-13A
1816,41,13,B,13B,gltP,M9 20 mM glucose pH 7.4,3,13,1.456,T6,3-13B
1817,41,13,C,13C,gltP,M9 20 mM glucose pH 7.4,3,13,1.446,T6,3-13C
1818,42,14,A,14A,mscL,M9 20 mM glucose pH 7.4,3,13,1.292,T6,3-14A
1819,42,14,B,14B,mscL,M9 20 mM glucose pH 7.4,3,13,1.247,T6,3-14B
1820,42,14,C,14C,mscL,M9 20 mM glucose pH 7.4,3,13,1.247,T6,3-14C
1821,0,0,D,0D,WT,M9 20 mM glucose pH 7.4,3,13,1.388,T6,3-0D
1822,0,0,E,0E,WT,M9 20 mM glucose pH 7.4,3,13,1.383,T6,3-0E
1823,0,0,F,0F,WT,M9 20 mM glucose pH 7.4,3,13,1.38,T6,3-0F
1824,29,1,A,1A,gadC,M9 20 mM glucose pH 7.4,3,14,1.469,T7,3-1A
1825,29,1,B,1B,gadC,M9 20 mM glucose pH 7.4,3,14,1.477,T7,3-1B
1826,29,1,C,1C,gadC,M9 20 mM glucose pH 7.4,3,14,1.444,T7,3-1C
1827,30,2,A,2A,znuB,M9 20 mM glucose pH 7.4,3,14,1.362,T7,3-2A
1828,30,2,B,2B,znuB,M9 20 mM glucose pH 7.4,3,14,1.376,T7,3-2B
1829,30,2,C,2C,znuB,M9 20 mM glucose pH 7.4,3,14,1.371,T7,3-2C
1830,31,3,A,3A,glnP,M9 20 mM glucose pH 7.4,3,14,1.395,T7,3-3A
1831,31,3,B,3B,glnP,M9 20 mM glucose pH 7.4,3,14,1.42,T7,3-3B
1832,31,3,C,3C,glnP,M9 20 mM glucose pH 7.4,3,14,1.42,T7,3-3C
1833,32,4,A,4A,focA,M9 20 mM glucose pH 7.4,3,14,1.395,T7,3-4A
1834,32,4,B,4B,focA,M9 20 mM glucose pH 7.4,3,14,1.383,T7,3-4B
1835,32,4,C,4C,focA,M9 20 mM glucose pH 7.4,3,14,1.396,T7,3-4C
1836,33,5,A,5A,artQ,M9 20 mM glucose pH 7.4,3,14,1.37,T7,3-5A
1837,33,5,B,5B,artQ,M9 20 mM glucose pH 7.4,3,14,1.361,T7,3-5B
1838,33,5,C,5C,artQ,M9 20 mM glucose pH 7.4,3,14,1.353,T7,3-5C
1839,34,6,A,6A,rbsC,M9 20 mM glucose pH 7.4,3,14,1.443,T7,3-6A
1840,34,6,B,6B,rbsC,M9 20 mM glucose pH 7.4,3,14,1.432,T7,3-6B
1841,34,6,C,6C,rbsC,M9 20 mM glucose pH 7.4,3,14,1.402,T7,3-6C
1842,35,7,A,7A,glpF,M9 20 mM glucose pH 7.4,3,14,1.559,T7,3-7A
1843,35,7,B,7B,glpF,M9 20 mM glucose pH 7.4,3,14,1.572,T7,3-7B
1844,35,7,C,7C,glpF,M9 20 mM glucose pH 7.4,3,14,1.532,T7,3-7C
1845,0,0,A,0A,WT,M9 20 mM glucose pH 7.4,3,14,1.459,T7,3-0A
1846,0,0,B,0B,WT,M9 20 mM glucose pH 7.4,3,14,1.483,T7,3-0B
1847,0,0,C,0C,WT,M9 20 mM glucose pH 7.4,3,14,1.447,T7,3-0C
1848,36,8,A,8A,proP,M9 20 mM glucose pH 7.4,3,14,1.554,T7,3-8A
1849,36,8,B,8B,proP,M9 20 mM glucose pH 7.4,3,14,1.529,T7,3-8B
1850,36,8,C,8C,proP,M9 20 mM glucose pH 7.4,3,14,1.519,T7,3-8C
1851,37,9,A,9A,cycA,M9 20 mM glucose pH 7.4,3,14,1.415,T7,3-9A
1852,37,9,B,9B,cycA,M9 20 mM glucose pH 7.4,3,14,1.389,T7,3-9B
1853,37,9,C,9C,cycA,M9 20 mM glucose pH 7.4,3,14,1.379,T7,3-9C
1854,38,10,A,10A,nupC,M9 20 mM glucose pH 7.4,3,14,1.519,T7,3-10A
1855,38,10,B,10B,nupC,M9 20 mM glucose pH 7.4,3,14,1.489,T7,3-10B
1856,38,10,C,10C,nupC,M9 20 mM glucose pH 7.4,3,14,1.508,T7,3-10C
1857,39,11,A,11A,fruA,M9 20 mM glucose pH 7.4,3,14,1.454,T7,3-11A
1858,39,11,B,11B,fruA,M9 20 mM glucose pH 7.4,3,14,1.454,T7,3-11B
1859,39,11,C,11C,fruA,M9 20 mM glucose pH 7.4,3,14,1.423,T7,3-11C
1860,40,12,A,12A,sdaC,M9 20 mM glucose pH 7.4,3,14,1.489,T7,3-12A
1861,40,12,B,12B,sdaC,M9 20 mM glucose pH 7.4,3,14,1.486,T7,3-12B
1862,40,12,C,12C,sdaC,M9 20 mM glucose pH 7.4,3,14,1.48,T7,3-12C
1863,41,13,A,13A,gltP,M9 20 mM glucose pH 7.4,3,14,1.537,T7,3-13A
1864,41,13,B,13B,gltP,M9 20 mM glucose pH 7.4,3,14,1.537,T7,3-13B
1865,41,13,C,13C,gltP,M9 20 mM glucose pH 7.4,3,14,1.538,T7,3-13C
1866,42,14,A,14A,mscL,M9 20 mM glucose pH 7.4,3,14,1.313,T7,3-14A
1867,42,14,B,14B,mscL,M9 20 mM glucose pH 7.4,3,14,1.303,T7,3-14B
1868,42,14,C,14C,mscL,M9 20 mM glucose pH 7.4,3,14,1.301,T7,3-14C
1869,0,0,D,0D,WT,M9 20 mM glucose pH 7.4,3,14,1.469,T7,3-0D
1870,0,0,E,0E,WT,M9 20 mM glucose pH 7.4,3,14,1.471,T7,3-0E
1871,0,0,F,0F,WT,M9 20 mM glucose pH 7.4,3,14,1.449,T7,3-0F
1872,29,1,A,1A,gadC,M9 20 mM glucose pH 7.4,3,15,1.546,T8,3-1A
1873,29,1,B,1B,gadC,M9 20 mM glucose pH 7.4,3,15,1.578,T8,3-1B
1874,29,1,C,1C,gadC,M9 20 mM glucose pH 7.4,3,15,1.514,T8,3-1C
1875,30,2,A,2A,znuB,M9 20 mM glucose pH 7.4,3,15,1.46,T8,3-2A
1876,30,2,B,2B,znuB,M9 20 mM glucose pH 7.4,3,15,1.458,T8,3-2B
1877,30,2,C,2C,znuB,M9 20 mM glucose pH 7.4,3,15,1.459,T8,3-2C
1878,31,3,A,3A,glnP,M9 20 mM glucose pH 7.4,3,15,1.452,T8,3-3A
1879,31,3,B,3B,glnP,M9 20 mM glucose pH 7.4,3,15,1.487,T8,3-3B
1880,31,3,C,3C,glnP,M9 20 mM glucose pH 7.4,3,15,1.477,T8,3-3C
1881,32,4,A,4A,focA,M9 20 mM glucose pH 7.4,3,15,1.469,T8,3-4A
1882,32,4,B,4B,focA,M9 20 mM glucose pH 7.4,3,15,1.455,T8,3-4B
1883,32,4,C,4C,focA,M9 20 mM glucose pH 7.4,3,15,1.466,T8,3-4C
1884,33,5,A,5A,artQ,M9 20 mM glucose pH 7.4,3,15,1.466,T8,3-5A
1885,33,5,B,5B,artQ,M9 20 mM glucose pH 7.4,3,15,1.458,T8,3-5B
1886,33,5,C,5C,artQ,M9 20 mM glucose pH 7.4,3,15,1.448,T8,3-5C
1887,34,6,A,6A,rbsC,M9 20 mM glucose pH 7.4,3,15,1.511,T8,3-6A
1888,34,6,B,6B,rbsC,M9 20 mM glucose pH 7.4,3,15,1.477,T8,3-6B
1889,34,6,C,6C,rbsC,M9 20 mM glucose pH 7.4,3,15,1.465,T8,3-6C
1890,35,7,A,7A,glpF,M9 20 mM glucose pH 7.4,3,15,1.539,T8,3-7A
1891,35,7,B,7B,glpF,M9 20 mM glucose pH 7.4,3,15,1.549,T8,3-7B
1892,35,7,C,7C,glpF,M9 20 mM glucose pH 7.4,3,15,1.535,T8,3-7C
1893,0,0,A,0A,WT,M9 20 mM glucose pH 7.4,3,15,1.478,T8,3-0A
1894,0,0,B,0B,WT,M9 20 mM glucose pH 7.4,3,15,1.477,T8,3-0B
1895,0,0,C,0C,WT,M9 20 mM glucose pH 7.4,3,15,1.443,T8,3-0C
1896,36,8,A,8A,proP,M9 20 mM glucose pH 7.4,3,15,1.552,T8,3-8A
1897,36,8,B,8B,proP,M9 20 mM glucose pH 7.4,3,15,1.552,T8,3-8B
1898,36,8,C,8C,proP,M9 20 mM glucose pH 7.4,3,15,1.563,T8,3-8C
1899,37,9,A,9A,cycA,M9 20 mM glucose pH 7.4,3,15,1.508,T8,3-9A
1900,37,9,B,9B,cycA,M9 20 mM glucose pH 7.4,3,15,1.479,T8,3-9B
1901,37,9,C,9C,cycA,M9 20 mM glucose pH 7.4,3,15,1.478,T8,3-9C
1902,38,10,A,10A,nupC,M9 20 mM glucose pH 7.4,3,15,1.517,T8,3-10A
1903,38,10,B,10B,nupC,M9 20 mM glucose pH 7.4,3,15,1.491,T8,3-10B
1904,38,10,C,10C,nupC,M9 20 mM glucose pH 7.4,3,15,1.512,T8,3-10C
1905,39,11,A,11A,fruA,M9 20 mM glucose pH 7.4,3,15,1.503,T8,3-11A
1906,39,11,B,11B,fruA,M9 20 mM glucose pH 7.4,3,15,1.507,T8,3-11B
1907,39,11,C,11C,fruA,M9 20 mM glucose pH 7.4,3,15,1.488,T8,3-11C
1908,40,12,A,12A,sdaC,M9 20 mM glucose pH 7.4,3,15,1.488,T8,3-12A
1909,40,12,B,12B,sdaC,M9 20 mM glucose pH 7.4,3,15,1.48,T8,3-12B
1910,40,12,C,12C,sdaC,M9 20 mM glucose pH 7.4,3,15,1.499,T8,3-12C
1911,41,13,A,13A,gltP,M9 20 mM glucose pH 7.4,3,15,1.563,T8,3-13A
1912,41,13,B,13B,gltP,M9 20 mM glucose pH 7.4,3,15,1.562,T8,3-13B
1913,41,13,C,13C,gltP,M9 20 mM glucose pH 7.4,3,15,1.568,T8,3-13C
1914,42,14,A,14A,mscL,M9 20 mM glucose pH 7.4,3,15,1.446,T8,3-14A
1915,42,14,B,14B,mscL,M9 20 mM glucose pH 7.4,3,15,1.549,T8,3-14B
1916,42,14,C,14C,mscL,M9 20 mM glucose pH 7.4,3,15,1.423,T8,3-14C
1917,0,0,D,0D,WT,M9 20 mM glucose pH 7.4,3,15,1.473,T8,3-0D
1918,0,0,E,0E,WT,M9 20 mM glucose pH 7.4,3,15,1.504,T8,3-0E
1919,0,0,F,0F,WT,M9 20 mM glucose pH 7.4,3,15,1.521,T8,3-0F
1920,29,1,A,1A,gadC,M9 20 mM glucose pH 7.4,3,16,1.493,T9,3-1A
1921,29,1,B,1B,gadC,M9 20 mM glucose pH 7.4,3,16,1.571,T9,3-1B
1922,29,1,C,1C,gadC,M9 20 mM glucose pH 7.4,3,16,1.513,T9,3-1C
1923,30,2,A,2A,znuB,M9 20 mM glucose pH 7.4,3,16,1.502,T9,3-2A
1924,30,2,B,2B,znuB,M9 20 mM glucose pH 7.4,3,16,1.505,T9,3-2B
1925,30,2,C,2C,znuB,M9 20 mM glucose pH 7.4,3,16,1.509,T9,3-2C
1926,31,3,A,3A,glnP,M9 20 mM glucose pH 7.4,3,16,1.457,T9,3-3A
1927,31,3,B,3B,glnP,M9 20 mM glucose pH 7.4,3,16,1.468,T9,3-3B
1928,31,3,C,3C,glnP,M9 20 mM glucose pH 7.4,3,16,1.48,T9,3-3C
1929,32,4,A,4A,focA,M9 20 mM glucose pH 7.4,3,16,1.49,T9,3-4A
1930,32,4,B,4B,focA,M9 20 mM glucose pH 7.4,3,16,1.482,T9,3-4B
1931,32,4,C,4C,focA,M9 20 mM glucose pH 7.4,3,16,1.498,T9,3-4C
1932,33,5,A,5A,artQ,M9 20 mM glucose pH 7.4,3,16,1.477,T9,3-5A
1933,33,5,B,5B,artQ,M9 20 mM glucose pH 7.4,3,16,1.473,T9,3-5B
1934,33,5,C,5C,artQ,M9 20 mM glucose pH 7.4,3,16,1.478,T9,3-5C
1935,34,6,A,6A,rbsC,M9 20 mM glucose pH 7.4,3,16,1.48,T9,3-6A
1936,34,6,B,6B,rbsC,M9 20 mM glucose pH 7.4,3,16,1.47,T9,3-6B
1937,34,6,C,6C,rbsC,M9 20 mM glucose pH 7.4,3,16,1.481,T9,3-6C
1938,35,7,A,7A,glpF,M9 20 mM glucose pH 7.4,3,16,1.507,T9,3-7A
1939,35,7,B,7B,glpF,M9 20 mM glucose pH 7.4,3,16,1.514,T9,3-7B
1940,35,7,C,7C,glpF,M9 20 mM glucose pH 7.4,3,16,1.512,T9,3-7C
1941,0,0,A,0A,WT,M9 20 mM glucose pH 7.4,3,16,1.457,T9,3-0A
1942,0,0,B,0B,WT,M9 20 mM glucose pH 7.4,3,16,1.46,T9,3-0B
1943,0,0,C,0C,WT,M9 20 mM glucose pH 7.4,3,16,1.42,T9,3-0C
1944,36,8,A,8A,proP,M9 20 mM glucose pH 7.4,3,16,1.522,T9,3-8A
1945,36,8,B,8B,proP,M9 20 mM glucose pH 7.4,3,16,1.529,T9,3-8B
1946,36,8,C,8C,proP,M9 20 mM glucose pH 7.4,3,16,1.542,T9,3-8C
1947,37,9,A,9A,cycA,M9 20 mM glucose pH 7.4,3,16,1.516,T9,3-9A
1948,37,9,B,9B,cycA,M9 20 mM glucose pH 7.4,3,16,1.485,T9,3-9B
1949,37,9,C,9C,cycA,M9 20 mM glucose pH 7.4,3,16,1.49,T9,3-9C
1950,38,10,A,10A,nupC,M9 20 mM glucose pH 7.4,3,16,1.484,T9,3-10A
1951,38,10,B,10B,nupC,M9 20 mM glucose pH 7.4,3,16,1.469,T9,3-10B
1952,38,10,C,10C,nupC,M9 20 mM glucose pH 7.4,3,16,1.486,T9,3-10C
1953,39,11,A,11A,fruA,M9 20 mM glucose pH 7.4,3,16,1.483,T9,3-11A
1954,39,11,B,11B,fruA,M9 20 mM glucose pH 7.4,3,16,1.49,T9,3-11B
1955,39,11,C,11C,fruA,M9 20 mM glucose pH 7.4,3,16,1.487,T9,3-11C
1956,40,12,A,12A,sdaC,M9 20 mM glucose pH 7.4,3,16,1.461,T9,3-12A
1957,40,12,B,12B,sdaC,M9 20 mM glucose pH 7.4,3,16,1.46,T9,3-12B
1958,40,12,C,12C,sdaC,M9 20 mM glucose pH 7.4,3,16,1.476,T9,3-12C
1959,41,13,A,13A,gltP,M9 20 mM glucose pH 7.4,3,16,1.542,T9,3-13A
1960,41,13,B,13B,gltP,M9 20 mM glucose pH 7.4,3,16,1.537,T9,3-13B
1961,41,13,C,13C,gltP,M9 20 mM glucose pH 7.4,3,16,1.545,T9,3-13C
1962,42,14,A,14A,mscL,M9 20 mM glucose pH 7.4,3,16,1.37,T9,3-14A
1963,42,14,B,14B,mscL,M9 20 mM glucose pH 7.4,3,16,1.369,T9,3-14B
1964,42,14,C,14C,mscL,M9 20 mM glucose pH 7.4,3,16,1.394,T9,3-14C
1965,0,0,D,0D,WT,M9 20 mM glucose pH 7.4,3,16,1.495,T9,3-0D
1966,0,0,E,0E,WT,M9 20 mM glucose pH 7.4,3,16,1.494,T9,3-0E
1967,0,0,F,0F,WT,M9 20 mM glucose pH 7.4,3,16,1.497,T9,3-0F
1968,29,1,A,1A,gadC,M9 20 mM glucose pH 7.4,3,20,1.445,T10,3-1A
1969,29,1,B,1B,gadC,M9 20 mM glucose pH 7.4,3,20,1.425,T10,3-1B
1970,29,1,C,1C,gadC,M9 20 mM glucose pH 7.4,3,20,1.425,T10,3-1C
1971,30,2,A,2A,znuB,M9 20 mM glucose pH 7.4,3,20,1.409,T10,3-2A
1972,30,2,B,2B,znuB,M9 20 mM glucose pH 7.4,3,20,1.411,T10,3-2B
1973,30,2,C,2C,znuB,M9 20 mM glucose pH 7.4,3,20,1.404,T10,3-2C
1974,31,3,A,3A,glnP,M9 20 mM glucose pH 7.4,3,20,1.395,T10,3-3A
1975,31,3,B,3B,glnP,M9 20 mM glucose pH 7.4,3,20,1.425,T10,3-3B
1976,31,3,C,3C,glnP,M9 20 mM glucose pH 7.4,3,20,1.431,T10,3-3C
1977,32,4,A,4A,focA,M9 20 mM glucose pH 7.4,3,20,1.421,T10,3-4A
1978,32,4,B,4B,focA,M9 20 mM glucose pH 7.4,3,20,1.396,T10,3-4B
1979,32,4,C,4C,focA,M9 20 mM glucose pH 7.4,3,20,1.417,T10,3-4C
1980,33,5,A,5A,artQ,M9 20 mM glucose pH 7.4,3,20,1.428,T10,3-5A
1981,33,5,B,5B,artQ,M9 20 mM glucose pH 7.4,3,20,1.405,T10,3-5B
1982,33,5,C,5C,artQ,M9 20 mM glucose pH 7.4,3,20,1.409,T10,3-5C
1983,34,6,A,6A,rbsC,M9 20 mM glucose pH 7.4,3,20,1.404,T10,3-6A
1984,34,6,B,6B,rbsC,M9 20 mM glucose pH 7.4,3,20,1.35,T10,3-6B
1985,34,6,C,6C,rbsC,M9 20 mM glucose pH 7.4,3,20,1.361,T10,3-6C
1986,35,7,A,7A,glpF,M9 20 mM glucose pH 7.4,3,20,1.421,T10,3-7A
1987,35,7,B,7B,glpF,M9 20 mM glucose pH 7.4,3,20,1.428,T10,3-7B
1988,35,7,C,7C,glpF,M9 20 mM glucose pH 7.4,3,20,1.406,T10,3-7C
1989,0,0,A,0A,WT,M9 20 mM glucose pH 7.4,3,20,1.385,T10,3-0A
1990,0,0,B,0B,WT,M9 20 mM glucose pH 7.4,3,20,1.347,T10,3-0B
1991,0,0,C,0C,WT,M9 20 mM glucose pH 7.4,3,20,1.489,T10,3-0C
1992,36,8,A,8A,proP,M9 20 mM glucose pH 7.4,3,20,1.43,T10,3-8A
1993,36,8,B,8B,proP,M9 20 mM glucose pH 7.4,3,20,1.417,T10,3-8B
1994,36,8,C,8C,proP,M9 20 mM glucose pH 7.4,3,20,1.439,T10,3-8C
1995,37,9,A,9A,cycA,M9 20 mM glucose pH 7.4,3,20,1.428,T10,3-9A
1996,37,9,B,9B,cycA,M9 20 mM glucose pH 7.4,3,20,1.385,T10,3-9B
1997,37,9,C,9C,cycA,M9 20 mM glucose pH 7.4,3,20,1.365,T10,3-9C
1998,38,10,A,10A,nupC,M9 20 mM glucose pH 7.4,3,20,1.462,T10,3-10A
1999,38,10,B,10B,nupC,M9 20 mM glucose pH 7.4,3,20,1.367,T10,3-10B
2000,38,10,C,10C,nupC,M9 20 mM glucose pH 7.4,3,20,1.371,T10,3-10C
2001,39,11,A,11A,fruA,M9 20 mM glucose pH 7.4,3,20,1.361,T10,3-11A
2002,39,11,B,11B,fruA,M9 20 mM glucose pH 7.4,3,20,1.356,T10,3-11B
2003,39,11,C,11C,fruA,M9 20 mM glucose pH 7.4,3,20,1.363,T10,3-11C
2004,40,12,A,12A,sdaC,M9 20 mM glucose pH 7.4,3,20,1.388,T10,3-12A
2005,40,12,B,12B,sdaC,M9 20 mM glucose pH 7.4,3,20,1.364,T10,3-12B
2006,40,12,C,12C,sdaC,M9 20 mM glucose pH 7.4,3,20,1.366,T10,3-12C
2007,41,13,A,13A,gltP,M9 20 mM glucose pH 7.4,3,20,1.417,T10,3-13A
2008,41,13,B,13B,gltP,M9 20 mM glucose pH 7.4,3,20,1.42,T10,3-13B
2009,41,13,C,13C,gltP,M9 20 mM glucose pH 7.4,3,20,1.404,T10,3-13C
2010,42,14,A,14A,mscL,M9 20 mM glucose pH 7.4,3,20,1.235,T10,3-14A
2011,42,14,B,14B,mscL,M9 20 mM glucose pH 7.4,3,20,1.146,T10,3-14B
2012,42,14,C,14C,mscL,M9 20 mM glucose pH 7.4,3,20,1.365,T10,3-14C
2013,0,0,D,0D,WT,M9 20 mM glucose pH 7.4,3,20,1.381,T10,3-0D
2014,0,0,E,0E,WT,M9 20 mM glucose pH 7.4,3,20,1.364,T10,3-0E
2015,0,0,F,0F,WT,M9 20 mM glucose pH 7.4,3,20,1.354,T10,3-0F
2016,57,1,A,1A,rhtC,M9 20 mM glucose pH 7.4,4,0.33,0.015,,4-1A
2017,57,1,B,1B,rhtC,M9 20 mM glucose pH 7.4,4,0.33,0.016,,4-1B
2018,57,1,C,1C,rhtC,M9 20 mM glucose pH 7.4,4,0.33,0.012,,4-1C
2019,44,2,A,2A,dppB,M9 20 mM glucose pH 7.4,4,0.33,0.018,,4-2A
2020,44,2,B,2B,dppB,M9 20 mM glucose pH 7.4,4,0.33,0.012,,4-2B
2021,44,2,C,2C,dppB,M9 20 mM glucose pH 7.4,4,0.33,0.014,,4-2C
2022,45,3,A,3A,dctA,M9 20 mM glucose pH 7.4,4,0.33,0.011,,4-3A
2023,45,3,B,3B,dctA,M9 20 mM glucose pH 7.4,4,0.33,0.015,,4-3B
2024,45,3,C,3C,dctA,M9 20 mM glucose pH 7.4,4,0.33,0.013,,4-3C
2025,46,4,A,4A,gltS,M9 20 mM glucose pH 7.4,4,0.33,0.012,,4-4A
2026,46,4,B,4B,gltS,M9 20 mM glucose pH 7.4,4,0.33,0.012,,4-4B
2027,46,4,C,4C,gltS,M9 20 mM glucose pH 7.4,4,0.33,0.016,,4-4C
2028,47,5,A,5A,mtr,M9 20 mM glucose pH 7.4,4,0.33,0.012,,4-5A
2029,47,5,B,5B,mtr,M9 20 mM glucose pH 7.4,4,0.33,0.012,,4-5B
2030,47,5,C,5C,mtr,M9 20 mM glucose pH 7.4,4,0.33,0.014,,4-5C
2031,48,6,A,6A,ugpA,M9 20 mM glucose pH 7.4,4,0.33,0.012,,4-6A
2032,48,6,B,6B,ugpA,M9 20 mM glucose pH 7.4,4,0.33,0.012,,4-6B
2033,48,6,C,6C,ugpA,M9 20 mM glucose pH 7.4,4,0.33,0.014,,4-6C
2034,49,7,A,7A,uhpT,M9 20 mM glucose pH 7.4,4,0.33,0.02,,4-7A
2035,49,7,B,7B,uhpT,M9 20 mM glucose pH 7.4,4,0.33,0.014,,4-7B
2036,49,7,C,7C,uhpT,M9 20 mM glucose pH 7.4,4,0.33,0.014,,4-7C
2037,0,0,A,0A,WT,M9 20 mM glucose pH 7.4,4,0.33,0.019,,4-0A
2038,0,0,B,0B,WT,M9 20 mM glucose pH 7.4,4,0.33,0.015,,4-0B
2039,0,0,C,0C,WT,M9 20 mM glucose pH 7.4,4,0.33,0.017,,4-0C
2040,50,8,A,8A,cstA,M9 20 mM glucose pH 7.4,4,0.33,0.017,,4-8A
2041,50,8,B,8B,cstA,M9 20 mM glucose pH 7.4,4,0.33,0.014,,4-8B
2042,50,8,C,8C,cstA,M9 20 mM glucose pH 7.4,4,0.33,0.012,,4-8C
2043,51,9,A,9A,nupG,M9 20 mM glucose pH 7.4,4,0.33,0.013,,4-9A
2044,51,9,B,9B,nupG,M9 20 mM glucose pH 7.4,4,0.33,0.011,,4-9B
2045,51,9,C,9C,nupG,M9 20 mM glucose pH 7.4,4,0.33,0.011,,4-9C
2046,52,10,A,10A,emrB,M9 20 mM glucose pH 7.4,4,0.33,0.015,,4-10A
2047,52,10,B,10B,emrB,M9 20 mM glucose pH 7.4,4,0.33,0.011,,4-10B
2048,52,10,C,10C,emrB,M9 20 mM glucose pH 7.4,4,0.33,0.018,,4-10C
2049,53,11,A,11A,galP,M9 20 mM glucose pH 7.4,4,0.33,0.013,,4-11A
2050,53,11,B,11B,galP,M9 20 mM glucose pH 7.4,4,0.33,0.013,,4-11B
2051,53,11,C,11C,galP,M9 20 mM glucose pH 7.4,4,0.33,0.014,,4-11C
2052,54,12,A,12A,pheP,M9 20 mM glucose pH 7.4,4,0.33,0.015,,4-12A
2053,54,12,B,12B,pheP,M9 20 mM glucose pH 7.4,4,0.33,0.012,,4-12B
2054,54,12,C,12C,pheP,M9 20 mM glucose pH 7.4,4,0.33,0.014,,4-12C
2055,55,13,A,13A,tdcC,M9 20 mM glucose pH 7.4,4,0.33,0.011,,4-13A
2056,55,13,B,13B,tdcC,M9 20 mM glucose pH 7.4,4,0.33,0.017,,4-13B
2057,55,13,C,13C,tdcC,M9 20 mM glucose pH 7.4,4,0.33,0.013,,4-13C
2058,56,14,A,14A,dcuA,M9 20 mM glucose pH 7.4,4,0.33,0.018,,4-14A
2059,56,14,B,14B,dcuA,M9 20 mM glucose pH 7.4,4,0.33,0.016,,4-14B
2060,56,14,C,14C,dcuA,M9 20 mM glucose pH 7.4,4,0.33,0.019,,4-14C
2061,0,0,D,0D,WT,M9 20 mM glucose pH 7.4,4,0.33,0.016,,4-0D
2062,0,0,E,0E,WT,M9 20 mM glucose pH 7.4,4,0.33,0.014,,4-0E
2063,0,0,F,0F,WT,M9 20 mM glucose pH 7.4,4,0.33,0.019,,4-0F
2064,57,1,A,1A,rhtC,M9 20 mM glucose pH 7.4,4,2,0.02,,4-1A
2065,57,1,B,1B,rhtC,M9 20 mM glucose pH 7.4,4,2,0.022,,4-1B
2066,57,1,C,1C,rhtC,M9 20 mM glucose pH 7.4,4,2,0.022,,4-1C
2067,44,2,A,2A,dppB,M9 20 mM glucose pH 7.4,4,2,0.021,,4-2A
2068,44,2,B,2B,dppB,M9 20 mM glucose pH 7.4,4,2,0.02,,4-2B
2069,44,2,C,2C,dppB,M9 20 mM glucose pH 7.4,4,2,0.02,,4-2C
2070,45,3,A,3A,dctA,M9 20 mM glucose pH 7.4,4,2,0.021,,4-3A
2071,45,3,B,3B,dctA,M9 20 mM glucose pH 7.4,4,2,0.024,,4-3B
2072,45,3,C,3C,dctA,M9 20 mM glucose pH 7.4,4,2,0.023,,4-3C
2073,46,4,A,4A,gltS,M9 20 mM glucose pH 7.4,4,2,0.022,,4-4A
2074,46,4,B,4B,gltS,M9 20 mM glucose pH 7.4,4,2,0.024,,4-4B
2075,46,4,C,4C,gltS,M9 20 mM glucose pH 7.4,4,2,0.021,,4-4C
2076,47,5,A,5A,mtr,M9 20 mM glucose pH 7.4,4,2,0.023,,4-5A
2077,47,5,B,5B,mtr,M9 20 mM glucose pH 7.4,4,2,0.023,,4-5B
2078,47,5,C,5C,mtr,M9 20 mM glucose pH 7.4,4,2,0.023,,4-5C
2079,48,6,A,6A,ugpA,M9 20 mM glucose pH 7.4,4,2,0.026,,4-6A
2080,48,6,B,6B,ugpA,M9 20 mM glucose pH 7.4,4,2,0.022,,4-6B
2081,48,6,C,6C,ugpA,M9 20 mM glucose pH 7.4,4,2,0.022,,4-6C
2082,49,7,A,7A,uhpT,M9 20 mM glucose pH 7.4,4,2,0.022,,4-7A
2083,49,7,B,7B,uhpT,M9 20 mM glucose pH 7.4,4,2,0.022,,4-7B
2084,49,7,C,7C,uhpT,M9 20 mM glucose pH 7.4,4,2,0.021,,4-7C
2085,0,0,A,0A,WT,M9 20 mM glucose pH 7.4,4,2,0.023,,4-0A
2086,0,0,B,0B,WT,M9 20 mM glucose pH 7.4,4,2,0.022,,4-0B
2087,0,0,C,0C,WT,M9 20 mM glucose pH 7.4,4,2,0.026,,4-0C
2088,50,8,A,8A,cstA,M9 20 mM glucose pH 7.4,4,2,0.023,,4-8A
2089,50,8,B,8B,cstA,M9 20 mM glucose pH 7.4,4,2,0.021,,4-8B
2090,50,8,C,8C,cstA,M9 20 mM glucose pH 7.4,4,2,0.021,,4-8C
2091,51,9,A,9A,nupG,M9 20 mM glucose pH 7.4,4,2,0.023,,4-9A
2092,51,9,B,9B,nupG,M9 20 mM glucose pH 7.4,4,2,0.021,,4-9B
2093,51,9,C,9C,nupG,M9 20 mM glucose pH 7.4,4,2,0.022,,4-9C
2094,52,10,A,10A,emrB,M9 20 mM glucose pH 7.4,4,2,0.023,,4-10A
2095,52,10,B,10B,emrB,M9 20 mM glucose pH 7.4,4,2,0.024,,4-10B
2096,52,10,C,10C,emrB,M9 20 mM glucose pH 7.4,4,2,0.024,,4-10C
2097,53,11,A,11A,galP,M9 20 mM glucose pH 7.4,4,2,0.02,,4-11A
2098,53,11,B,11B,galP,M9 20 mM glucose pH 7.4,4,2,0.025,,4-11B
2099,53,11,C,11C,galP,M9 20 mM glucose pH 7.4,4,2,0.024,,4-11C
2100,54,12,A,12A,pheP,M9 20 mM glucose pH 7.4,4,2,0.02,,4-12A
2101,54,12,B,12B,pheP,M9 20 mM glucose pH 7.4,4,2,0.022,,4-12B
2102,54,12,C,12C,pheP,M9 20 mM glucose pH 7.4,4,2,0.02,,4-12C
2103,55,13,A,13A,tdcC,M9 20 mM glucose pH 7.4,4,2,0.023,,4-13A
2104,55,13,B,13B,tdcC,M9 20 mM glucose pH 7.4,4,2,0.023,,4-13B
2105,55,13,C,13C,tdcC,M9 20 mM glucose pH 7.4,4,2,0.022,,4-13C
2106,56,14,A,14A,dcuA,M9 20 mM glucose pH 7.4,4,2,0.022,,4-14A
2107,56,14,B,14B,dcuA,M9 20 mM glucose pH 7.4,4,2,0.021,,4-14B
2108,56,14,C,14C,dcuA,M9 20 mM glucose pH 7.4,4,2,0.025,,4-14C
2109,0,0,D,0D,WT,M9 20 mM glucose pH 7.4,4,2,0.021,,4-0D
2110,0,0,E,0E,WT,M9 20 mM glucose pH 7.4,4,2,0.022,,4-0E
2111,0,0,F,0F,WT,M9 20 mM glucose pH 7.4,4,2,0.023,,4-0F
2112,57,1,A,1A,rhtC,M9 20 mM glucose pH 7.4,4,4,0.028,T1,4-1A
2113,57,1,B,1B,rhtC,M9 20 mM glucose pH 7.4,4,4,0.03,T1,4-1B
2114,57,1,C,1C,rhtC,M9 20 mM glucose pH 7.4,4,4,0.029,T1,4-1C
2115,44,2,A,2A,dppB,M9 20 mM glucose pH 7.4,4,4,0.032,T1,4-2A
2116,44,2,B,2B,dppB,M9 20 mM glucose pH 7.4,4,4,0.029,T1,4-2B
2117,44,2,C,2C,dppB,M9 20 mM glucose pH 7.4,4,4,0.03,T1,4-2C
2118,45,3,A,3A,dctA,M9 20 mM glucose pH 7.4,4,4,0.034,T1,4-3A
2119,45,3,B,3B,dctA,M9 20 mM glucose pH 7.4,4,4,0.035,T1,4-3B
2120,45,3,C,3C,dctA,M9 20 mM glucose pH 7.4,4,4,0.033,T1,4-3C
2121,46,4,A,4A,gltS,M9 20 mM glucose pH 7.4,4,4,0.036,T1,4-4A
2122,46,4,B,4B,gltS,M9 20 mM glucose pH 7.4,4,4,0.037,T1,4-4B
2123,46,4,C,4C,gltS,M9 20 mM glucose pH 7.4,4,4,0.033,T1,4-4C
2124,47,5,A,5A,mtr,M9 20 mM glucose pH 7.4,4,4,0.035,T1,4-5A
2125,47,5,B,5B,mtr,M9 20 mM glucose pH 7.4,4,4,0.035,T1,4-5B
2126,47,5,C,5C,mtr,M9 20 mM glucose pH 7.4,4,4,0.034,T1,4-5C
2127,48,6,A,6A,ugpA,M9 20 mM glucose pH 7.4,4,4,0.039,T1,4-6A
2128,48,6,B,6B,ugpA,M9 20 mM glucose pH 7.4,4,4,0.037,T1,4-6B
2129,48,6,C,6C,ugpA,M9 20 mM glucose pH 7.4,4,4,0.036,T1,4-6C
2130,49,7,A,7A,uhpT,M9 20 mM glucose pH 7.4,4,4,0.036,T1,4-7A
2131,49,7,B,7B,uhpT,M9 20 mM glucose pH 7.4,4,4,0.037,T1,4-7B
2132,49,7,C,7C,uhpT,M9 20 mM glucose pH 7.4,4,4,0.033,T1,4-7C
2133,0,0,A,0A,WT,M9 20 mM glucose pH 7.4,4,4,0.038,T1,4-0A
2134,0,0,B,0B,WT,M9 20 mM glucose pH 7.4,4,4,0.035,T1,4-0B
2135,0,0,C,0C,WT,M9 20 mM glucose pH 7.4,4,4,0.036,T1,4-0C
2136,50,8,A,8A,cstA,M9 20 mM glucose pH 7.4,4,4,0.032,T1,4-8A
2137,50,8,B,8B,cstA,M9 20 mM glucose pH 7.4,4,4,0.031,T1,4-8B
2138,50,8,C,8C,cstA,M9 20 mM glucose pH 7.4,4,4,0.034,T1,4-8C
2139,51,9,A,9A,nupG,M9 20 mM glucose pH 7.4,4,4,0.037,T1,4-9A
2140,51,9,B,9B,nupG,M9 20 mM glucose pH 7.4,4,4,0.033,T1,4-9B
2141,51,9,C,9C,nupG,M9 20 mM glucose pH 7.4,4,4,0.041,T1,4-9C
2142,52,10,A,10A,emrB,M9 20 mM glucose pH 7.4,4,4,0.035,T1,4-10A
2143,52,10,B,10B,emrB,M9 20 mM glucose pH 7.4,4,4,0.035,T1,4-10B
2144,52,10,C,10C,emrB,M9 20 mM glucose pH 7.4,4,4,0.035,T1,4-10C
2145,53,11,A,11A,galP,M9 20 mM glucose pH 7.4,4,4,0.033,T1,4-11A
2146,53,11,B,11B,galP,M9 20 mM glucose pH 7.4,4,4,0.035,T1,4-11B
2147,53,11,C,11C,galP,M9 20 mM glucose pH 7.4,4,4,0.038,T1,4-11C
2148,54,12,A,12A,pheP,M9 20 mM glucose pH 7.4,4,4,0.032,T1,4-12A
2149,54,12,B,12B,pheP,M9 20 mM glucose pH 7.4,4,4,0.033,T1,4-12B
2150,54,12,C,12C,pheP,M9 20 mM glucose pH 7.4,4,4,0.034,T1,4-12C
2151,55,13,A,13A,tdcC,M9 20 mM glucose pH 7.4,4,4,0.042,T1,4-13A
2152,55,13,B,13B,tdcC,M9 20 mM glucose pH 7.4,4,4,0.043,T1,4-13B
2153,55,13,C,13C,tdcC,M9 20 mM glucose pH 7.4,4,4,0.043,T1,4-13C
2154,56,14,A,14A,dcuA,M9 20 mM glucose pH 7.4,4,4,0.031,T1,4-14A
2155,56,14,B,14B,dcuA,M9 20 mM glucose pH 7.4,4,4,0.03,T1,4-14B
2156,56,14,C,14C,dcuA,M9 20 mM glucose pH 7.4,4,4,0.04,T1,4-14C
2157,0,0,D,0D,WT,M9 20 mM glucose pH 7.4,4,4,0.038,T1,4-0D
2158,0,0,E,0E,WT,M9 20 mM glucose pH 7.4,4,4,0.037,T1,4-0E
2159,0,0,F,0F,WT,M9 20 mM glucose pH 7.4,4,4,0.036,T1,4-0F
2160,57,1,A,1A,rhtC,M9 20 mM glucose pH 7.4,4,6,0.061,,4-1A
2161,57,1,B,1B,rhtC,M9 20 mM glucose pH 7.4,4,6,0.066,,4-1B
2162,57,1,C,1C,rhtC,M9 20 mM glucose pH 7.4,4,6,0.059,,4-1C
2163,44,2,A,2A,dppB,M9 20 mM glucose pH 7.4,4,6,0.048,,4-2A
2164,44,2,B,2B,dppB,M9 20 mM glucose pH 7.4,4,6,0.048,,4-2B
2165,44,2,C,2C,dppB,M9 20 mM glucose pH 7.4,4,6,0.049,,4-2C
2166,45,3,A,3A,dctA,M9 20 mM glucose pH 7.4,4,6,0.089,,4-3A
2167,45,3,B,3B,dctA,M9 20 mM glucose pH 7.4,4,6,0.09,,4-3B
2168,45,3,C,3C,dctA,M9 20 mM glucose pH 7.4,4,6,0.089,,4-3C
2169,46,4,A,4A,gltS,M9 20 mM glucose pH 7.4,4,6,0.095,,4-4A
2170,46,4,B,4B,gltS,M9 20 mM glucose pH 7.4,4,6,0.094,,4-4B
2171,46,4,C,4C,gltS,M9 20 mM glucose pH 7.4,4,6,0.089,,4-4C
2172,47,5,A,5A,mtr,M9 20 mM glucose pH 7.4,4,6,0.088,,4-5A
2173,47,5,B,5B,mtr,M9 20 mM glucose pH 7.4,4,6,0.09,,4-5B
2174,47,5,C,5C,mtr,M9 20 mM glucose pH 7.4,4,6,0.089,,4-5C
2175,48,6,A,6A,ugpA,M9 20 mM glucose pH 7.4,4,6,0.099,,4-6A
2176,48,6,B,6B,ugpA,M9 20 mM glucose pH 7.4,4,6,0.1,,4-6B
2177,48,6,C,6C,ugpA,M9 20 mM glucose pH 7.4,4,6,0.099,,4-6C
2178,49,7,A,7A,uhpT,M9 20 mM glucose pH 7.4,4,6,0.104,,4-7A
2179,49,7,B,7B,uhpT,M9 20 mM glucose pH 7.4,4,6,0.098,,4-7B
2180,49,7,C,7C,uhpT,M9 20 mM glucose pH 7.4,4,6,0.095,,4-7C
2181,0,0,A,0A,WT,M9 20 mM glucose pH 7.4,4,6,0.11,,4-0A
2182,0,0,B,0B,WT,M9 20 mM glucose pH 7.4,4,6,0.106,,4-0B
2183,0,0,C,0C,WT,M9 20 mM glucose pH 7.4,4,6,0.111,,4-0C
2184,50,8,A,8A,cstA,M9 20 mM glucose pH 7.4,4,6,0.086,,4-8A
2185,50,8,B,8B,cstA,M9 20 mM glucose pH 7.4,4,6,0.086,,4-8B
2186,50,8,C,8C,cstA,M9 20 mM glucose pH 7.4,4,6,0.087,,4-8C
2187,51,9,A,9A,nupG,M9 20 mM glucose pH 7.4,4,6,0.092,,4-9A
2188,51,9,B,9B,nupG,M9 20 mM glucose pH 7.4,4,6,0.093,,4-9B
2189,51,9,C,9C,nupG,M9 20 mM glucose pH 7.4,4,6,0.088,,4-9C
2190,52,10,A,10A,emrB,M9 20 mM glucose pH 7.4,4,6,0.093,,4-10A
2191,52,10,B,10B,emrB,M9 20 mM glucose pH 7.4,4,6,0.092,,4-10B
2192,52,10,C,10C,emrB,M9 20 mM glucose pH 7.4,4,6,0.09,,4-10C
2193,53,11,A,11A,galP,M9 20 mM glucose pH 7.4,4,6,0.097,,4-11A
2194,53,11,B,11B,galP,M9 20 mM glucose pH 7.4,4,6,0.099,,4-11B
2195,53,11,C,11C,galP,M9 20 mM glucose pH 7.4,4,6,0.101,,4-11C
2196,54,12,A,12A,pheP,M9 20 mM glucose pH 7.4,4,6,0.09,,4-12A
2197,54,12,B,12B,pheP,M9 20 mM glucose pH 7.4,4,6,0.096,,4-12B
2198,54,12,C,12C,pheP,M9 20 mM glucose pH 7.4,4,6,0.094,,4-12C
2199,55,13,A,13A,tdcC,M9 20 mM glucose pH 7.4,4,6,0.13,,4-13A
2200,55,13,B,13B,tdcC,M9 20 mM glucose pH 7.4,4,6,0.132,,4-13B
2201,55,13,C,13C,tdcC,M9 20 mM glucose pH 7.4,4,6,0.125,,4-13C
2202,56,14,A,14A,dcuA,M9 20 mM glucose pH 7.4,4,6,0.089,,4-14A
2203,56,14,B,14B,dcuA,M9 20 mM glucose pH 7.4,4,6,0.091,,4-14B
2204,56,14,C,14C,dcuA,M9 20 mM glucose pH 7.4,4,6,0.097,,4-14C
2205,0,0,D,0D,WT,M9 20 mM glucose pH 7.4,4,6,0.109,,4-0D
2206,0,0,E,0E,WT,M9 20 mM glucose pH 7.4,4,6,0.104,,4-0E
2207,0,0,F,0F,WT,M9 20 mM glucose pH 7.4,4,6,0.104,,4-0F
2208,57,1,A,1A,rhtC,M9 20 mM glucose pH 7.4,4,8,0.184,T2,4-1A
2209,57,1,B,1B,rhtC,M9 20 mM glucose pH 7.4,4,8,0.199,T2,4-1B
2210,57,1,C,1C,rhtC,M9 20 mM glucose pH 7.4,4,8,0.183,T2,4-1C
2211,44,2,A,2A,dppB,M9 20 mM glucose pH 7.4,4,8,0.097,T2,4-2A
2212,44,2,B,2B,dppB,M9 20 mM glucose pH 7.4,4,8,0.093,T2,4-2B
2213,44,2,C,2C,dppB,M9 20 mM glucose pH 7.4,4,8,0.097,T2,4-2C
2214,45,3,A,3A,dctA,M9 20 mM glucose pH 7.4,4,8,0.323,T2,4-3A
2215,45,3,B,3B,dctA,M9 20 mM glucose pH 7.4,4,8,0.316,T2,4-3B
2216,45,3,C,3C,dctA,M9 20 mM glucose pH 7.4,4,8,0.332,T2,4-3C
2217,46,4,A,4A,gltS,M9 20 mM glucose pH 7.4,4,8,0.373,T2,4-4A
2218,46,4,B,4B,gltS,M9 20 mM glucose pH 7.4,4,8,0.364,T2,4-4B
2219,46,4,C,4C,gltS,M9 20 mM glucose pH 7.4,4,8,0.344,T2,4-4C
2220,47,5,A,5A,mtr,M9 20 mM glucose pH 7.4,4,8,0.345,T2,4-5A
2221,47,5,B,5B,mtr,M9 20 mM glucose pH 7.4,4,8,0.335,T2,4-5B
2222,47,5,C,5C,mtr,M9 20 mM glucose pH 7.4,4,8,0.333,T2,4-5C
2223,48,6,A,6A,ugpA,M9 20 mM glucose pH 7.4,4,8,0.37,T2,4-6A
2224,48,6,B,6B,ugpA,M9 20 mM glucose pH 7.4,4,8,0.356,T2,4-6B
2225,48,6,C,6C,ugpA,M9 20 mM glucose pH 7.4,4,8,0.335,T2,4-6C
2226,49,7,A,7A,uhpT,M9 20 mM glucose pH 7.4,4,8,0.331,T2,4-7A
2227,49,7,B,7B,uhpT,M9 20 mM glucose pH 7.4,4,8,0.337,T2,4-7B
2228,49,7,C,7C,uhpT,M9 20 mM glucose pH 7.4,4,8,0.33,T2,4-7C
2229,0,0,A,0A,WT,M9 20 mM glucose pH 7.4,4,8,0.361,T2,4-0A
2230,0,0,B,0B,WT,M9 20 mM glucose pH 7.4,4,8,0.341,T2,4-0B
2231,0,0,C,0C,WT,M9 20 mM glucose pH 7.4,4,8,0.379,T2,4-0C
2232,50,8,A,8A,cstA,M9 20 mM glucose pH 7.4,4,8,0.306,T2,4-8A
2233,50,8,B,8B,cstA,M9 20 mM glucose pH 7.4,4,8,0.295,T2,4-8B
2234,50,8,C,8C,cstA,M9 20 mM glucose pH 7.4,4,8,0.31,T2,4-8C
2235,51,9,A,9A,nupG,M9 20 mM glucose pH 7.4,4,8,0.311,T2,4-9A
2236,51,9,B,9B,nupG,M9 20 mM glucose pH 7.4,4,8,0.321,T2,4-9B
2237,51,9,C,9C,nupG,M9 20 mM glucose pH 7.4,4,8,0.317,T2,4-9C
2238,52,10,A,10A,emrB,M9 20 mM glucose pH 7.4,4,8,0.313,T2,4-10A
2239,52,10,B,10B,emrB,M9 20 mM glucose pH 7.4,4,8,0.307,T2,4-10B
2240,52,10,C,10C,emrB,M9 20 mM glucose pH 7.4,4,8,0.311,T2,4-10C
2241,53,11,A,11A,galP,M9 20 mM glucose pH 7.4,4,8,0.341,T2,4-11A
2242,53,11,B,11B,galP,M9 20 mM glucose pH 7.4,4,8,0.368,T2,4-11B
2243,53,11,C,11C,galP,M9 20 mM glucose pH 7.4,4,8,0.351,T2,4-11C
2244,54,12,A,12A,pheP,M9 20 mM glucose pH 7.4,4,8,0.309,T2,4-12A
2245,54,12,B,12B,pheP,M9 20 mM glucose pH 7.4,4,8,0.361,T2,4-12B
2246,54,12,C,12C,pheP,M9 20 mM glucose pH 7.4,4,8,0.354,T2,4-12C
2247,55,13,A,13A,tdcC,M9 20 mM glucose pH 7.4,4,8,0.442,T2,4-13A
2248,55,13,B,13B,tdcC,M9 20 mM glucose pH 7.4,4,8,0.441,T2,4-13B
2249,55,13,C,13C,tdcC,M9 20 mM glucose pH 7.4,4,8,0.419,T2,4-13C
2250,56,14,A,14A,dcuA,M9 20 mM glucose pH 7.4,4,8,0.304,T2,4-14A
2251,56,14,B,14B,dcuA,M9 20 mM glucose pH 7.4,4,8,0.316,T2,4-14B
2252,56,14,C,14C,dcuA,M9 20 mM glucose pH 7.4,4,8,0.332,T2,4-14C
2253,0,0,D,0D,WT,M9 20 mM glucose pH 7.4,4,8,0.375,T2,4-0D
2254,0,0,E,0E,WT,M9 20 mM glucose pH 7.4,4,8,0.335,T2,4-0E
2255,0,0,F,0F,WT,M9 20 mM glucose pH 7.4,4,8,0.354,T2,4-0F
2256,57,1,A,1A,rhtC,M9 20 mM glucose pH 7.4,4,10,0.441,T3,4-1A
2257,57,1,B,1B,rhtC,M9 20 mM glucose pH 7.4,4,10,0.453,T3,4-1B
2258,57,1,C,1C,rhtC,M9 20 mM glucose pH 7.4,4,10,0.419,T3,4-1C
2259,44,2,A,2A,dppB,M9 20 mM glucose pH 7.4,4,10,0.131,T3,4-2A
2260,44,2,B,2B,dppB,M9 20 mM glucose pH 7.4,4,10,0.136,T3,4-2B
2261,44,2,C,2C,dppB,M9 20 mM glucose pH 7.4,4,10,0.132,T3,4-2C
2262,45,3,A,3A,dctA,M9 20 mM glucose pH 7.4,4,10,0.817,T3,4-3A
2263,45,3,B,3B,dctA,M9 20 mM glucose pH 7.4,4,10,0.805,T3,4-3B
2264,45,3,C,3C,dctA,M9 20 mM glucose pH 7.4,4,10,0.789,T3,4-3C
2265,46,4,A,4A,gltS,M9 20 mM glucose pH 7.4,4,10,0.878,T3,4-4A
2266,46,4,B,4B,gltS,M9 20 mM glucose pH 7.4,4,10,0.884,T3,4-4B
2267,46,4,C,4C,gltS,M9 20 mM glucose pH 7.4,4,10,0.852,T3,4-4C
2268,47,5,A,5A,mtr,M9 20 mM glucose pH 7.4,4,10,0.85,T3,4-5A
2269,47,5,B,5B,mtr,M9 20 mM glucose pH 7.4,4,10,0.843,T3,4-5B
2270,47,5,C,5C,mtr,M9 20 mM glucose pH 7.4,4,10,0.816,T3,4-5C
2271,48,6,A,6A,ugpA,M9 20 mM glucose pH 7.4,4,10,0.893,T3,4-6A
2272,48,6,B,6B,ugpA,M9 20 mM glucose pH 7.4,4,10,0.904,T3,4-6B
2273,48,6,C,6C,ugpA,M9 20 mM glucose pH 7.4,4,10,0.864,T3,4-6C
2274,49,7,A,7A,uhpT,M9 20 mM glucose pH 7.4,4,10,0.893,T3,4-7A
2275,49,7,B,7B,uhpT,M9 20 mM glucose pH 7.4,4,10,0.868,T3,4-7B
2276,49,7,C,7C,uhpT,M9 20 mM glucose pH 7.4,4,10,0.859,T3,4-7C
2277,0,0,A,0A,WT,M9 20 mM glucose pH 7.4,4,10,0.903,T3,4-0A
2278,0,0,B,0B,WT,M9 20 mM glucose pH 7.4,4,10,0.874,T3,4-0B
2279,0,0,C,0C,WT,M9 20 mM glucose pH 7.4,4,10,0.928,T3,4-0C
2280,50,8,A,8A,cstA,M9 20 mM glucose pH 7.4,4,10,0.802,T3,4-8A
2281,50,8,B,8B,cstA,M9 20 mM glucose pH 7.4,4,10,0.793,T3,4-8B
2282,50,8,C,8C,cstA,M9 20 mM glucose pH 7.4,4,10,0.803,T3,4-8C
2283,51,9,A,9A,nupG,M9 20 mM glucose pH 7.4,4,10,0.827,T3,4-9A
2284,51,9,B,9B,nupG,M9 20 mM glucose pH 7.4,4,10,0.845,T3,4-9B
2285,51,9,C,9C,nupG,M9 20 mM glucose pH 7.4,4,10,0.824,T3,4-9C
2286,52,10,A,10A,emrB,M9 20 mM glucose pH 7.4,4,10,0.841,T3,4-10A
2287,52,10,B,10B,emrB,M9 20 mM glucose pH 7.4,4,10,0.828,T3,4-10B
2288,52,10,C,10C,emrB,M9 20 mM glucose pH 7.4,4,10,0.818,T3,4-10C
2289,53,11,A,11A,galP,M9 20 mM glucose pH 7.4,4,10,0.918,T3,4-11A
2290,53,11,B,11B,galP,M9 20 mM glucose pH 7.4,4,10,0.943,T3,4-11B
2291,53,11,C,11C,galP,M9 20 mM glucose pH 7.4,4,10,0.935,T3,4-11C
2292,54,12,A,12A,pheP,M9 20 mM glucose pH 7.4,4,10,0.854,T3,4-12A
2293,54,12,B,12B,pheP,M9 20 mM glucose pH 7.4,4,10,0.916,T3,4-12B
2294,54,12,C,12C,pheP,M9 20 mM glucose pH 7.4,4,10,0.893,T3,4-12C
2295,55,13,A,13A,tdcC,M9 20 mM glucose pH 7.4,4,10,1.149,T3,4-13A
2296,55,13,B,13B,tdcC,M9 20 mM glucose pH 7.4,4,10,1.107,T3,4-13B
2297,55,13,C,13C,tdcC,M9 20 mM glucose pH 7.4,4,10,1.052,T3,4-13C
2298,56,14,A,14A,dcuA,M9 20 mM glucose pH 7.4,4,10,0.783,T3,4-14A
2299,56,14,B,14B,dcuA,M9 20 mM glucose pH 7.4,4,10,0.816,T3,4-14B
2300,56,14,C,14C,dcuA,M9 20 mM glucose pH 7.4,4,10,0.799,T3,4-14C
2301,0,0,D,0D,WT,M9 20 mM glucose pH 7.4,4,10,1.024,T3,4-0D
2302,0,0,E,0E,WT,M9 20 mM glucose pH 7.4,4,10,0.865,T3,4-0E
2303,0,0,F,0F,WT,M9 20 mM glucose pH 7.4,4,10,0.965,T3,4-0F
2304,57,1,A,1A,rhtC,M9 20 mM glucose pH 7.4,4,11,0.614,T4,4-1A
2305,57,1,B,1B,rhtC,M9 20 mM glucose pH 7.4,4,11,0.629,T4,4-1B
2306,57,1,C,1C,rhtC,M9 20 mM glucose pH 7.4,4,11,0.575,T4,4-1C
2307,44,2,A,2A,dppB,M9 20 mM glucose pH 7.4,4,11,0.15,T4,4-2A
2308,44,2,B,2B,dppB,M9 20 mM glucose pH 7.4,4,11,0.152,T4,4-2B
2309,44,2,C,2C,dppB,M9 20 mM glucose pH 7.4,4,11,0.15,T4,4-2C
2310,45,3,A,3A,dctA,M9 20 mM glucose pH 7.4,4,11,1.078,T4,4-3A
2311,45,3,B,3B,dctA,M9 20 mM glucose pH 7.4,4,11,1.064,T4,4-3B
2312,45,3,C,3C,dctA,M9 20 mM glucose pH 7.4,4,11,1.04,T4,4-3C
2313,46,4,A,4A,gltS,M9 20 mM glucose pH 7.4,4,11,1.134,T4,4-4A
2314,46,4,B,4B,gltS,M9 20 mM glucose pH 7.4,4,11,1.138,T4,4-4B
2315,46,4,C,4C,gltS,M9 20 mM glucose pH 7.4,4,11,1.109,T4,4-4C
2316,47,5,A,5A,mtr,M9 20 mM glucose pH 7.4,4,11,1.11,T4,4-5A
2317,47,5,B,5B,mtr,M9 20 mM glucose pH 7.4,4,11,1.114,T4,4-5B
2318,47,5,C,5C,mtr,M9 20 mM glucose pH 7.4,4,11,1.071,T4,4-5C
2319,48,6,A,6A,ugpA,M9 20 mM glucose pH 7.4,4,11,1.168,T4,4-6A
2320,48,6,B,6B,ugpA,M9 20 mM glucose pH 7.4,4,11,1.186,T4,4-6B
2321,48,6,C,6C,ugpA,M9 20 mM glucose pH 7.4,4,11,1.122,T4,4-6C
2322,49,7,A,7A,uhpT,M9 20 mM glucose pH 7.4,4,11,1.149,T4,4-7A
2323,49,7,B,7B,uhpT,M9 20 mM glucose pH 7.4,4,11,1.137,T4,4-7B
2324,49,7,C,7C,uhpT,M9 20 mM glucose pH 7.4,4,11,1.126,T4,4-7C
2325,0,0,A,0A,WT,M9 20 mM glucose pH 7.4,4,11,1.161,T4,4-0A
2326,0,0,B,0B,WT,M9 20 mM glucose pH 7.4,4,11,1.138,T4,4-0B
2327,0,0,C,0C,WT,M9 20 mM glucose pH 7.4,4,11,1.189,T4,4-0C
2328,50,8,A,8A,cstA,M9 20 mM glucose pH 7.4,4,11,1.027,T4,4-8A
2329,50,8,B,8B,cstA,M9 20 mM glucose pH 7.4,4,11,1.026,T4,4-8B
2330,50,8,C,8C,cstA,M9 20 mM glucose pH 7.4,4,11,1.044,T4,4-8C
2331,51,9,A,9A,nupG,M9 20 mM glucose pH 7.4,4,11,1.079,T4,4-9A
2332,51,9,B,9B,nupG,M9 20 mM glucose pH 7.4,4,11,1.1,T4,4-9B
2333,51,9,C,9C,nupG,M9 20 mM glucose pH 7.4,4,11,1.067,T4,4-9C
2334,52,10,A,10A,emrB,M9 20 mM glucose pH 7.4,4,11,1.088,T4,4-10A
2335,52,10,B,10B,emrB,M9 20 mM glucose pH 7.4,4,11,1.079,T4,4-10B
2336,52,10,C,10C,emrB,M9 20 mM glucose pH 7.4,4,11,1.057,T4,4-10C
2337,53,11,A,11A,galP,M9 20 mM glucose pH 7.4,4,11,1.162,T4,4-11A
2338,53,11,B,11B,galP,M9 20 mM glucose pH 7.4,4,11,1.188,T4,4-11B
2339,53,11,C,11C,galP,M9 20 mM glucose pH 7.4,4,11,1.173,T4,4-11C
2340,54,12,A,12A,pheP,M9 20 mM glucose pH 7.4,4,11,1.098,T4,4-12A
2341,54,12,B,12B,pheP,M9 20 mM glucose pH 7.4,4,11,1.159,T4,4-12B
2342,54,12,C,12C,pheP,M9 20 mM glucose pH 7.4,4,11,1.133,T4,4-12C
2343,55,13,A,13A,tdcC,M9 20 mM glucose pH 7.4,4,11,1.327,T4,4-13A
2344,55,13,B,13B,tdcC,M9 20 mM glucose pH 7.4,4,11,1.31,T4,4-13B
2345,55,13,C,13C,tdcC,M9 20 mM glucose pH 7.4,4,11,1.276,T4,4-13C
2346,56,14,A,14A,dcuA,M9 20 mM glucose pH 7.4,4,11,1.02,T4,4-14A
2347,56,14,B,14B,dcuA,M9 20 mM glucose pH 7.4,4,11,1.048,T4,4-14B
2348,56,14,C,14C,dcuA,M9 20 mM glucose pH 7.4,4,11,1.029,T4,4-14C
2349,0,0,D,0D,WT,M9 20 mM glucose pH 7.4,4,11,1.248,T4,4-0D
2350,0,0,E,0E,WT,M9 20 mM glucose pH 7.4,4,11,1.1,T4,4-0E
2351,0,0,F,0F,WT,M9 20 mM glucose pH 7.4,4,11,1.186,T4,4-0F
2352,57,1,A,1A,rhtC,M9 20 mM glucose pH 7.4,4,12,0.879,T5,4-1A
2353,57,1,B,1B,rhtC,M9 20 mM glucose pH 7.4,4,12,0.898,T5,4-1B
2354,57,1,C,1C,rhtC,M9 20 mM glucose pH 7.4,4,12,0.827,T5,4-1C
2355,44,2,A,2A,dppB,M9 20 mM glucose pH 7.4,4,12,0.187,T5,4-2A
2356,44,2,B,2B,dppB,M9 20 mM glucose pH 7.4,4,12,0.188,T5,4-2B
2357,44,2,C,2C,dppB,M9 20 mM glucose pH 7.4,4,12,0.184,T5,4-2C
2358,45,3,A,3A,dctA,M9 20 mM glucose pH 7.4,4,12,1.35,T5,4-3A
2359,45,3,B,3B,dctA,M9 20 mM glucose pH 7.4,4,12,1.339,T5,4-3B
2360,45,3,C,3C,dctA,M9 20 mM glucose pH 7.4,4,12,1.317,T5,4-3C
2361,46,4,A,4A,gltS,M9 20 mM glucose pH 7.4,4,12,1.372,T5,4-4A
2362,46,4,B,4B,gltS,M9 20 mM glucose pH 7.4,4,12,1.384,T5,4-4B
2363,46,4,C,4C,gltS,M9 20 mM glucose pH 7.4,4,12,1.356,T5,4-4C
2364,47,5,A,5A,mtr,M9 20 mM glucose pH 7.4,4,12,1.373,T5,4-5A
2365,47,5,B,5B,mtr,M9 20 mM glucose pH 7.4,4,12,1.376,T5,4-5B
2366,47,5,C,5C,mtr,M9 20 mM glucose pH 7.4,4,12,1.354,T5,4-5C
2367,48,6,A,6A,ugpA,M9 20 mM glucose pH 7.4,4,12,1.403,T5,4-6A
2368,48,6,B,6B,ugpA,M9 20 mM glucose pH 7.4,4,12,1.374,T5,4-6B
2369,48,6,C,6C,ugpA,M9 20 mM glucose pH 7.4,4,12,1.397,T5,4-6C
2370,49,7,A,7A,uhpT,M9 20 mM glucose pH 7.4,4,12,1.395,T5,4-7A
2371,49,7,B,7B,uhpT,M9 20 mM glucose pH 7.4,4,12,1.386,T5,4-7B
2372,49,7,C,7C,uhpT,M9 20 mM glucose pH 7.4,4,12,1.369,T5,4-7C
2373,0,0,A,0A,WT,M9 20 mM glucose pH 7.4,4,12,1.393,T5,4-0A
2374,0,0,B,0B,WT,M9 20 mM glucose pH 7.4,4,12,1.385,T5,4-0B
2375,0,0,C,0C,WT,M9 20 mM glucose pH 7.4,4,12,1.397,T5,4-0C
2376,50,8,A,8A,cstA,M9 20 mM glucose pH 7.4,4,12,1.302,T5,4-8A
2377,50,8,B,8B,cstA,M9 20 mM glucose pH 7.4,4,12,1.296,T5,4-8B
2378,50,8,C,8C,cstA,M9 20 mM glucose pH 7.4,4,12,1.313,T5,4-8C
2379,51,9,A,9A,nupG,M9 20 mM glucose pH 7.4,4,12,1.363,T5,4-9A
2380,51,9,B,9B,nupG,M9 20 mM glucose pH 7.4,4,12,1.371,T5,4-9B
2381,51,9,C,9C,nupG,M9 20 mM glucose pH 7.4,4,12,1.356,T5,4-9C
2382,52,10,A,10A,emrB,M9 20 mM glucose pH 7.4,4,12,1.372,T5,4-10A
2383,52,10,B,10B,emrB,M9 20 mM glucose pH 7.4,4,12,1.367,T5,4-10B
2384,52,10,C,10C,emrB,M9 20 mM glucose pH 7.4,4,12,1.35,T5,4-10C
2385,53,11,A,11A,galP,M9 20 mM glucose pH 7.4,4,12,1.4,T5,4-11A
2386,53,11,B,11B,galP,M9 20 mM glucose pH 7.4,4,12,1.395,T5,4-11B
2387,53,11,C,11C,galP,M9 20 mM glucose pH 7.4,4,12,1.385,T5,4-11C
2388,54,12,A,12A,pheP,M9 20 mM glucose pH 7.4,4,12,1.355,T5,4-12A
2389,54,12,B,12B,pheP,M9 20 mM glucose pH 7.4,4,12,1.367,T5,4-12B
2390,54,12,C,12C,pheP,M9 20 mM glucose pH 7.4,4,12,1.357,T5,4-12C
2391,55,13,A,13A,tdcC,M9 20 mM glucose pH 7.4,4,12,1.438,T5,4-13A
2392,55,13,B,13B,tdcC,M9 20 mM glucose pH 7.4,4,12,1.422,T5,4-13B
2393,55,13,C,13C,tdcC,M9 20 mM glucose pH 7.4,4,12,1.413,T5,4-13C
2394,56,14,A,14A,dcuA,M9 20 mM glucose pH 7.4,4,12,1.272,T5,4-14A
2395,56,14,B,14B,dcuA,M9 20 mM glucose pH 7.4,4,12,1.302,T5,4-14B
2396,56,14,C,14C,dcuA,M9 20 mM glucose pH 7.4,4,12,1.295,T5,4-14C
2397,0,0,D,0D,WT,M9 20 mM glucose pH 7.4,4,12,1.522,T5,4-0D
2398,0,0,E,0E,WT,M9 20 mM glucose pH 7.4,4,12,1.398,T5,4-0E
2399,0,0,F,0F,WT,M9 20 mM glucose pH 7.4,4,12,1.48,T5,4-0F
2400,57,1,A,1A,rhtC,M9 20 mM glucose pH 7.4,4,13,1.12,T6,4-1A
2401,57,1,B,1B,rhtC,M9 20 mM glucose pH 7.4,4,13,1.128,T6,4-1B
2402,57,1,C,1C,rhtC,M9 20 mM glucose pH 7.4,4,13,1.048,T6,4-1C
2403,44,2,A,2A,dppB,M9 20 mM glucose pH 7.4,4,13,0.212,T6,4-2A
2404,44,2,B,2B,dppB,M9 20 mM glucose pH 7.4,4,13,0.214,T6,4-2B
2405,44,2,C,2C,dppB,M9 20 mM glucose pH 7.4,4,13,0.206,T6,4-2C
2406,45,3,A,3A,dctA,M9 20 mM glucose pH 7.4,4,13,1.439,T6,4-3A
2407,45,3,B,3B,dctA,M9 20 mM glucose pH 7.4,4,13,1.399,T6,4-3B
2408,45,3,C,3C,dctA,M9 20 mM glucose pH 7.4,4,13,1.417,T6,4-3C
2409,46,4,A,4A,gltS,M9 20 mM glucose pH 7.4,4,13,1.466,T6,4-4A
2410,46,4,B,4B,gltS,M9 20 mM glucose pH 7.4,4,13,1.45,T6,4-4B
2411,46,4,C,4C,gltS,M9 20 mM glucose pH 7.4,4,13,1.451,T6,4-4C
2412,47,5,A,5A,mtr,M9 20 mM glucose pH 7.4,4,13,1.464,T6,4-5A
2413,47,5,B,5B,mtr,M9 20 mM glucose pH 7.4,4,13,1.462,T6,4-5B
2414,47,5,C,5C,mtr,M9 20 mM glucose pH 7.4,4,13,1.452,T6,4-5C
2415,48,6,A,6A,ugpA,M9 20 mM glucose pH 7.4,4,13,1.498,T6,4-6A
2416,48,6,B,6B,ugpA,M9 20 mM glucose pH 7.4,4,13,1.492,T6,4-6B
2417,48,6,C,6C,ugpA,M9 20 mM glucose pH 7.4,4,13,1.48,T6,4-6C
2418,49,7,A,7A,uhpT,M9 20 mM glucose pH 7.4,4,13,1.497,T6,4-7A
2419,49,7,B,7B,uhpT,M9 20 mM glucose pH 7.4,4,13,1.484,T6,4-7B
2420,49,7,C,7C,uhpT,M9 20 mM glucose pH 7.4,4,13,1.462,T6,4-7C
2421,0,0,A,0A,WT,M9 20 mM glucose pH 7.4,4,13,1.487,T6,4-0A
2422,0,0,B,0B,WT,M9 20 mM glucose pH 7.4,4,13,1.482,T6,4-0B
2423,0,0,C,0C,WT,M9 20 mM glucose pH 7.4,4,13,1.488,T6,4-0C
2424,50,8,A,8A,cstA,M9 20 mM glucose pH 7.4,4,13,1.434,T6,4-8A
2425,50,8,B,8B,cstA,M9 20 mM glucose pH 7.4,4,13,1.418,T6,4-8B
2426,50,8,C,8C,cstA,M9 20 mM glucose pH 7.4,4,13,1.415,T6,4-8C
2427,51,9,A,9A,nupG,M9 20 mM glucose pH 7.4,4,13,1.483,T6,4-9A
2428,51,9,B,9B,nupG,M9 20 mM glucose pH 7.4,4,13,1.48,T6,4-9B
2429,51,9,C,9C,nupG,M9 20 mM glucose pH 7.4,4,13,1.465,T6,4-9C
2430,52,10,A,10A,emrB,M9 20 mM glucose pH 7.4,4,13,1.487,T6,4-10A
2431,52,10,B,10B,emrB,M9 20 mM glucose pH 7.4,4,13,1.483,T6,4-10B
2432,52,10,C,10C,emrB,M9 20 mM glucose pH 7.4,4,13,1.464,T6,4-10C
2433,53,11,A,11A,galP,M9 20 mM glucose pH 7.4,4,13,1.498,T6,4-11A
2434,53,11,B,11B,galP,M9 20 mM glucose pH 7.4,4,13,1.505,T6,4-11B
2435,53,11,C,11C,galP,M9 20 mM glucose pH 7.4,4,13,1.485,T6,4-11C
2436,54,12,A,12A,pheP,M9 20 mM glucose pH 7.4,4,13,1.461,T6,4-12A
2437,54,12,B,12B,pheP,M9 20 mM glucose pH 7.4,4,13,1.474,T6,4-12B
2438,54,12,C,12C,pheP,M9 20 mM glucose pH 7.4,4,13,1.464,T6,4-12C
2439,55,13,A,13A,tdcC,M9 20 mM glucose pH 7.4,4,13,1.506,T6,4-13A
2440,55,13,B,13B,tdcC,M9 20 mM glucose pH 7.4,4,13,1.504,T6,4-13B
2441,55,13,C,13C,tdcC,M9 20 mM glucose pH 7.4,4,13,1.487,T6,4-13C
2442,56,14,A,14A,dcuA,M9 20 mM glucose pH 7.4,4,13,1.405,T6,4-14A
2443,56,14,B,14B,dcuA,M9 20 mM glucose pH 7.4,4,13,1.402,T6,4-14B
2444,56,14,C,14C,dcuA,M9 20 mM glucose pH 7.4,4,13,1.443,T6,4-14C
2445,0,0,D,0D,WT,M9 20 mM glucose pH 7.4,4,13,1.628,T6,4-0D
2446,0,0,E,0E,WT,M9 20 mM glucose pH 7.4,4,13,1.54,T6,4-0E
2447,0,0,F,0F,WT,M9 20 mM glucose pH 7.4,4,13,1.602,T6,4-0F
2448,57,1,A,1A,rhtC,M9 20 mM glucose pH 7.4,4,14,1.361,T7,4-1A
2449,57,1,B,1B,rhtC,M9 20 mM glucose pH 7.4,4,14,1.353,T7,4-1B
2450,57,1,C,1C,rhtC,M9 20 mM glucose pH 7.4,4,14,1.292,T7,4-1C
2451,44,2,A,2A,dppB,M9 20 mM glucose pH 7.4,4,14,0.237,T7,4-2A
2452,44,2,B,2B,dppB,M9 20 mM glucose pH 7.4,4,14,0.246,T7,4-2B
2453,44,2,C,2C,dppB,M9 20 mM glucose pH 7.4,4,14,0.236,T7,4-2C
2454,45,3,A,3A,dctA,M9 20 mM glucose pH 7.4,4,14,1.534,T7,4-3A
2455,45,3,B,3B,dctA,M9 20 mM glucose pH 7.4,4,14,1.534,T7,4-3B
2456,45,3,C,3C,dctA,M9 20 mM glucose pH 7.4,4,14,1.504,T7,4-3C
2457,46,4,A,4A,gltS,M9 20 mM glucose pH 7.4,4,14,1.551,T7,4-4A
2458,46,4,B,4B,gltS,M9 20 mM glucose pH 7.4,4,14,1.556,T7,4-4B
2459,46,4,C,4C,gltS,M9 20 mM glucose pH 7.4,4,14,1.526,T7,4-4C
2460,47,5,A,5A,mtr,M9 20 mM glucose pH 7.4,4,14,1.554,T7,4-5A
2461,47,5,B,5B,mtr,M9 20 mM glucose pH 7.4,4,14,1.557,T7,4-5B
2462,47,5,C,5C,mtr,M9 20 mM glucose pH 7.4,4,14,1.532,T7,4-5C
2463,48,6,A,6A,ugpA,M9 20 mM glucose pH 7.4,4,14,1.591,T7,4-6A
2464,48,6,B,6B,ugpA,M9 20 mM glucose pH 7.4,4,14,1.587,T7,4-6B
2465,48,6,C,6C,ugpA,M9 20 mM glucose pH 7.4,4,14,1.569,T7,4-6C
2466,49,7,A,7A,uhpT,M9 20 mM glucose pH 7.4,4,14,1.58,T7,4-7A
2467,49,7,B,7B,uhpT,M9 20 mM glucose pH 7.4,4,14,1.566,T7,4-7B
2468,49,7,C,7C,uhpT,M9 20 mM glucose pH 7.4,4,14,1.55,T7,4-7C
2469,0,0,A,0A,WT,M9 20 mM glucose pH 7.4,4,14,1.537,T7,4-0A
2470,0,0,B,0B,WT,M9 20 mM glucose pH 7.4,4,14,1.55,T7,4-0B
2471,0,0,C,0C,WT,M9 20 mM glucose pH 7.4,4,14,1.558,T7,4-0C
2472,50,8,A,8A,cstA,M9 20 mM glucose pH 7.4,4,14,1.484,T7,4-8A
2473,50,8,B,8B,cstA,M9 20 mM glucose pH 7.4,4,14,1.467,T7,4-8B
2474,50,8,C,8C,cstA,M9 20 mM glucose pH 7.4,4,14,1.469,T7,4-8C
2475,51,9,A,9A,nupG,M9 20 mM glucose pH 7.4,4,14,1.551,T7,4-9A
2476,51,9,B,9B,nupG,M9 20 mM glucose pH 7.4,4,14,1.557,T7,4-9B
2477,51,9,C,9C,nupG,M9 20 mM glucose pH 7.4,4,14,1.542,T7,4-9C
2478,52,10,A,10A,emrB,M9 20 mM glucose pH 7.4,4,14,1.555,T7,4-10A
2479,52,10,B,10B,emrB,M9 20 mM glucose pH 7.4,4,14,1.558,T7,4-10B
2480,52,10,C,10C,emrB,M9 20 mM glucose pH 7.4,4,14,1.552,T7,4-10C
2481,53,11,A,11A,galP,M9 20 mM glucose pH 7.4,4,14,1.563,T7,4-11A
2482,53,11,B,11B,galP,M9 20 mM glucose pH 7.4,4,14,1.576,T7,4-11B
2483,53,11,C,11C,galP,M9 20 mM glucose pH 7.4,4,14,1.56,T7,4-11C
2484,54,12,A,12A,pheP,M9 20 mM glucose pH 7.4,4,14,1.537,T7,4-12A
2485,54,12,B,12B,pheP,M9 20 mM glucose pH 7.4,4,14,1.546,T7,4-12B
2486,54,12,C,12C,pheP,M9 20 mM glucose pH 7.4,4,14,1.539,T7,4-12C
2487,55,13,A,13A,tdcC,M9 20 mM glucose pH 7.4,4,14,1.572,T7,4-13A
2488,55,13,B,13B,tdcC,M9 20 mM glucose pH 7.4,4,14,1.55,T7,4-13B
2489,55,13,C,13C,tdcC,M9 20 mM glucose pH 7.4,4,14,1.544,T7,4-13C
2490,56,14,A,14A,dcuA,M9 20 mM glucose pH 7.4,4,14,1.475,T7,4-14A
2491,56,14,B,14B,dcuA,M9 20 mM glucose pH 7.4,4,14,1.461,T7,4-14B
2492,56,14,C,14C,dcuA,M9 20 mM glucose pH 7.4,4,14,1.431,T7,4-14C
2493,0,0,D,0D,WT,M9 20 mM glucose pH 7.4,4,14,1.611,T7,4-0D
2494,0,0,E,0E,WT,M9 20 mM glucose pH 7.4,4,14,1.545,T7,4-0E
2495,0,0,F,0F,WT,M9 20 mM glucose pH 7.4,4,14,1.598,T7,4-0F
2496,57,1,A,1A,rhtC,M9 20 mM glucose pH 7.4,4,15,1.483,T8,4-1A
2497,57,1,B,1B,rhtC,M9 20 mM glucose pH 7.4,4,15,1.475,T8,4-1B
2498,57,1,C,1C,rhtC,M9 20 mM glucose pH 7.4,4,15,1.429,T8,4-1C
2499,44,2,A,2A,dppB,M9 20 mM glucose pH 7.4,4,15,0.245,T8,4-2A
2500,44,2,B,2B,dppB,M9 20 mM glucose pH 7.4,4,15,0.255,T8,4-2B
2501,44,2,C,2C,dppB,M9 20 mM glucose pH 7.4,4,15,0.246,T8,4-2C
2502,45,3,A,3A,dctA,M9 20 mM glucose pH 7.4,4,15,1.551,T8,4-3A
2503,45,3,B,3B,dctA,M9 20 mM glucose pH 7.4,4,15,1.558,T8,4-3B
2504,45,3,C,3C,dctA,M9 20 mM glucose pH 7.4,4,15,1.554,T8,4-3C
2505,46,4,A,4A,gltS,M9 20 mM glucose pH 7.4,4,15,1.553,T8,4-4A
2506,46,4,B,4B,gltS,M9 20 mM glucose pH 7.4,4,15,1.564,T8,4-4B
2507,46,4,C,4C,gltS,M9 20 mM glucose pH 7.4,4,15,1.556,T8,4-4C
2508,47,5,A,5A,mtr,M9 20 mM glucose pH 7.4,4,15,1.557,T8,4-5A
2509,47,5,B,5B,mtr,M9 20 mM glucose pH 7.4,4,15,1.559,T8,4-5B
2510,47,5,C,5C,mtr,M9 20 mM glucose pH 7.4,4,15,1.561,T8,4-5C
2511,48,6,A,6A,ugpA,M9 20 mM glucose pH 7.4,4,15,1.569,T8,4-6A
2512,48,6,B,6B,ugpA,M9 20 mM glucose pH 7.4,4,15,1.572,T8,4-6B
2513,48,6,C,6C,ugpA,M9 20 mM glucose pH 7.4,4,15,1.575,T8,4-6C
2514,49,7,A,7A,uhpT,M9 20 mM glucose pH 7.4,4,15,1.548,T8,4-7A
2515,49,7,B,7B,uhpT,M9 20 mM glucose pH 7.4,4,15,1.551,T8,4-7B
2516,49,7,C,7C,uhpT,M9 20 mM glucose pH 7.4,4,15,1.543,T8,4-7C
2517,0,0,A,0A,WT,M9 20 mM glucose pH 7.4,4,15,1.509,T8,4-0A
2518,0,0,B,0B,WT,M9 20 mM glucose pH 7.4,4,15,1.521,T8,4-0B
2519,0,0,C,0C,WT,M9 20 mM glucose pH 7.4,4,15,1.523,T8,4-0C
2520,50,8,A,8A,cstA,M9 20 mM glucose pH 7.4,4,15,1.58,T8,4-8A
2521,50,8,B,8B,cstA,M9 20 mM glucose pH 7.4,4,15,1.468,T8,4-8B
2522,50,8,C,8C,cstA,M9 20 mM glucose pH 7.4,4,15,1.487,T8,4-8C
2523,51,9,A,9A,nupG,M9 20 mM glucose pH 7.4,4,15,1.528,T8,4-9A
2524,51,9,B,9B,nupG,M9 20 mM glucose pH 7.4,4,15,1.53,T8,4-9B
2525,51,9,C,9C,nupG,M9 20 mM glucose pH 7.4,4,15,1.534,T8,4-9C
2526,52,10,A,10A,emrB,M9 20 mM glucose pH 7.4,4,15,1.528,T8,4-10A
2527,52,10,B,10B,emrB,M9 20 mM glucose pH 7.4,4,15,1.535,T8,4-10B
2528,52,10,C,10C,emrB,M9 20 mM glucose pH 7.4,4,15,1.541,T8,4-10C
2529,53,11,A,11A,galP,M9 20 mM glucose pH 7.4,4,15,1.546,T8,4-11A
2530,53,11,B,11B,galP,M9 20 mM glucose pH 7.4,4,15,1.552,T8,4-11B
2531,53,11,C,11C,galP,M9 20 mM glucose pH 7.4,4,15,1.549,T8,4-11C
2532,54,12,A,12A,pheP,M9 20 mM glucose pH 7.4,4,15,1.528,T8,4-12A
2533,54,12,B,12B,pheP,M9 20 mM glucose pH 7.4,4,15,1.526,T8,4-12B
2534,54,12,C,12C,pheP,M9 20 mM glucose pH 7.4,4,15,1.526,T8,4-12C
2535,55,13,A,13A,tdcC,M9 20 mM glucose pH 7.4,4,15,1.54,T8,4-13A
2536,55,13,B,13B,tdcC,M9 20 mM glucose pH 7.4,4,15,1.529,T8,4-13B
2537,55,13,C,13C,tdcC,M9 20 mM glucose pH 7.4,4,15,1.534,T8,4-13C
2538,56,14,A,14A,dcuA,M9 20 mM glucose pH 7.4,4,15,1.451,T8,4-14A
2539,56,14,B,14B,dcuA,M9 20 mM glucose pH 7.4,4,15,1.495,T8,4-14B
2540,56,14,C,14C,dcuA,M9 20 mM glucose pH 7.4,4,15,1.466,T8,4-14C
2541,0,0,D,0D,WT,M9 20 mM glucose pH 7.4,4,15,1.583,T8,4-0D
2542,0,0,E,0E,WT,M9 20 mM glucose pH 7.4,4,15,1.532,T8,4-0E
2543,0,0,F,0F,WT,M9 20 mM glucose pH 7.4,4,15,1.586,T8,4-0F
2544,57,1,A,1A,rhtC,M9 20 mM glucose pH 7.4,4,16,1.509,T9,4-1A
2545,57,1,B,1B,rhtC,M9 20 mM glucose pH 7.4,4,16,1.51,T9,4-1B
2546,57,1,C,1C,rhtC,M9 20 mM glucose pH 7.4,4,16,1.513,T9,4-1C
2547,44,2,A,2A,dppB,M9 20 mM glucose pH 7.4,4,16,0.247,T9,4-2A
2548,44,2,B,2B,dppB,M9 20 mM glucose pH 7.4,4,16,0.262,T9,4-2B
2549,44,2,C,2C,dppB,M9 20 mM glucose pH 7.4,4,16,0.255,T9,4-2C
2550,45,3,A,3A,dctA,M9 20 mM glucose pH 7.4,4,16,1.524,T9,4-3A
2551,45,3,B,3B,dctA,M9 20 mM glucose pH 7.4,4,16,1.527,T9,4-3B
2552,45,3,C,3C,dctA,M9 20 mM glucose pH 7.4,4,16,1.523,T9,4-3C
2553,46,4,A,4A,gltS,M9 20 mM glucose pH 7.4,4,16,1.523,T9,4-4A
2554,46,4,B,4B,gltS,M9 20 mM glucose pH 7.4,4,16,1.534,T9,4-4B
2555,46,4,C,4C,gltS,M9 20 mM glucose pH 7.4,4,16,1.534,T9,4-4C
2556,47,5,A,5A,mtr,M9 20 mM glucose pH 7.4,4,16,1.54,T9,4-5A
2557,47,5,B,5B,mtr,M9 20 mM glucose pH 7.4,4,16,1.531,T9,4-5B
2558,47,5,C,5C,mtr,M9 20 mM glucose pH 7.4,4,16,1.538,T9,4-5C
2559,48,6,A,6A,ugpA,M9 20 mM glucose pH 7.4,4,16,1.539,T9,4-6A
2560,48,6,B,6B,ugpA,M9 20 mM glucose pH 7.4,4,16,1.533,T9,4-6B
2561,48,6,C,6C,ugpA,M9 20 mM glucose pH 7.4,4,16,1.547,T9,4-6C
2562,49,7,A,7A,uhpT,M9 20 mM glucose pH 7.4,4,16,1.519,T9,4-7A
2563,49,7,B,7B,uhpT,M9 20 mM glucose pH 7.4,4,16,1.515,T9,4-7B
2564,49,7,C,7C,uhpT,M9 20 mM glucose pH 7.4,4,16,1.508,T9,4-7C
2565,0,0,A,0A,WT,M9 20 mM glucose pH 7.4,4,16,1.484,T9,4-0A
2566,0,0,B,0B,WT,M9 20 mM glucose pH 7.4,4,16,1.489,T9,4-0B
2567,0,0,C,0C,WT,M9 20 mM glucose pH 7.4,4,16,1.492,T9,4-0C
2568,50,8,A,8A,cstA,M9 20 mM glucose pH 7.4,4,16,1.422,T9,4-8A
2569,50,8,B,8B,cstA,M9 20 mM glucose pH 7.4,4,16,1.471,T9,4-8B
2570,50,8,C,8C,cstA,M9 20 mM glucose pH 7.4,4,16,1.49,T9,4-8C
2571,51,9,A,9A,nupG,M9 20 mM glucose pH 7.4,4,16,1.506,T9,4-9A
2572,51,9,B,9B,nupG,M9 20 mM glucose pH 7.4,4,16,1.502,T9,4-9B
2573,51,9,C,9C,nupG,M9 20 mM glucose pH 7.4,4,16,1.509,T9,4-9C
2574,52,10,A,10A,emrB,M9 20 mM glucose pH 7.4,4,16,1.508,T9,4-10A
2575,52,10,B,10B,emrB,M9 20 mM glucose pH 7.4,4,16,1.509,T9,4-10B
2576,52,10,C,10C,emrB,M9 20 mM glucose pH 7.4,4,16,1.524,T9,4-10C
2577,53,11,A,11A,galP,M9 20 mM glucose pH 7.4,4,16,1.531,T9,4-11A
2578,53,11,B,11B,galP,M9 20 mM glucose pH 7.4,4,16,1.525,T9,4-11B
2579,53,11,C,11C,galP,M9 20 mM glucose pH 7.4,4,16,1.53,T9,4-11C
2580,54,12,A,12A,pheP,M9 20 mM glucose pH 7.4,4,16,1.505,T9,4-12A
2581,54,12,B,12B,pheP,M9 20 mM glucose pH 7.4,4,16,1.504,T9,4-12B
2582,54,12,C,12C,pheP,M9 20 mM glucose pH 7.4,4,16,1.505,T9,4-12C
2583,55,13,A,13A,tdcC,M9 20 mM glucose pH 7.4,4,16,1.512,T9,4-13A
2584,55,13,B,13B,tdcC,M9 20 mM glucose pH 7.4,4,16,1.506,T9,4-13B
2585,55,13,C,13C,tdcC,M9 20 mM glucose pH 7.4,4,16,1.505,T9,4-13C
2586,56,14,A,14A,dcuA,M9 20 mM glucose pH 7.4,4,16,1.465,T9,4-14A
2587,56,14,B,14B,dcuA,M9 20 mM glucose pH 7.4,4,16,1.468,T9,4-14B
2588,56,14,C,14C,dcuA,M9 20 mM glucose pH 7.4,4,16,1.475,T9,4-14C
2589,0,0,D,0D,WT,M9 20 mM glucose pH 7.4,4,16,1.568,T9,4-0D
2590,0,0,E,0E,WT,M9 20 mM glucose pH 7.4,4,16,1.497,T9,4-0E
2591,0,0,F,0F,WT,M9 20 mM glucose pH 7.4,4,16,1.564,T9,4-0F
2592,57,1,A,1A,rhtC,M9 20 mM glucose pH 7.4,4,20,1.432,T10,4-1A
2593,57,1,B,1B,rhtC,M9 20 mM glucose pH 7.4,4,20,1.423,T10,4-1B
2594,57,1,C,1C,rhtC,M9 20 mM glucose pH 7.4,4,20,1.418,T10,4-1C
2595,44,2,A,2A,dppB,M9 20 mM glucose pH 7.4,4,20,0.313,T10,4-2A
2596,44,2,B,2B,dppB,M9 20 mM glucose pH 7.4,4,20,0.35,T10,4-2B
2597,44,2,C,2C,dppB,M9 20 mM glucose pH 7.4,4,20,0.336,T10,4-2C
2598,45,3,A,3A,dctA,M9 20 mM glucose pH 7.4,4,20,1.452,T10,4-3A
2599,45,3,B,3B,dctA,M9 20 mM glucose pH 7.4,4,20,1.437,T10,4-3B
2600,45,3,C,3C,dctA,M9 20 mM glucose pH 7.4,4,20,1.431,T10,4-3C
2601,46,4,A,4A,gltS,M9 20 mM glucose pH 7.4,4,20,1.434,T10,4-4A
2602,46,4,B,4B,gltS,M9 20 mM glucose pH 7.4,4,20,1.41,T10,4-4B
2603,46,4,C,4C,gltS,M9 20 mM glucose pH 7.4,4,20,1.418,T10,4-4C
2604,47,5,A,5A,mtr,M9 20 mM glucose pH 7.4,4,20,1.464,T10,4-5A
2605,47,5,B,5B,mtr,M9 20 mM glucose pH 7.4,4,20,1.457,T10,4-5B
2606,47,5,C,5C,mtr,M9 20 mM glucose pH 7.4,4,20,1.45,T10,4-5C
2607,48,6,A,6A,ugpA,M9 20 mM glucose pH 7.4,4,20,1.453,T10,4-6A
2608,48,6,B,6B,ugpA,M9 20 mM glucose pH 7.4,4,20,1.451,T10,4-6B
2609,48,6,C,6C,ugpA,M9 20 mM glucose pH 7.4,4,20,1.453,T10,4-6C
2610,49,7,A,7A,uhpT,M9 20 mM glucose pH 7.4,4,20,1.444,T10,4-7A
2611,49,7,B,7B,uhpT,M9 20 mM glucose pH 7.4,4,20,1.444,T10,4-7B
2612,49,7,C,7C,uhpT,M9 20 mM glucose pH 7.4,4,20,1.436,T10,4-7C
2613,0,0,A,0A,WT,M9 20 mM glucose pH 7.4,4,20,1.406,T10,4-0A
2614,0,0,B,0B,WT,M9 20 mM glucose pH 7.4,4,20,1.411,T10,4-0B
2615,0,0,C,0C,WT,M9 20 mM glucose pH 7.4,4,20,1.414,T10,4-0C
2616,50,8,A,8A,cstA,M9 20 mM glucose pH 7.4,4,20,1.421,T10,4-8A
2617,50,8,B,8B,cstA,M9 20 mM glucose pH 7.4,4,20,1.327,T10,4-8B
2618,50,8,C,8C,cstA,M9 20 mM glucose pH 7.4,4,20,1.435,T10,4-8C
2619,51,9,A,9A,nupG,M9 20 mM glucose pH 7.4,4,20,1.433,T10,4-9A
2620,51,9,B,9B,nupG,M9 20 mM glucose pH 7.4,4,20,1.425,T10,4-9B
2621,51,9,C,9C,nupG,M9 20 mM glucose pH 7.4,4,20,1.415,T10,4-9C
2622,52,10,A,10A,emrB,M9 20 mM glucose pH 7.4,4,20,1.433,T10,4-10A
2623,52,10,B,10B,emrB,M9 20 mM glucose pH 7.4,4,20,1.449,T10,4-10B
2624,52,10,C,10C,emrB,M9 20 mM glucose pH 7.4,4,20,1.429,T10,4-10C
2625,53,11,A,11A,galP,M9 20 mM glucose pH 7.4,4,20,1.471,T10,4-11A
2626,53,11,B,11B,galP,M9 20 mM glucose pH 7.4,4,20,1.456,T10,4-11B
2627,53,11,C,11C,galP,M9 20 mM glucose pH 7.4,4,20,1.46,T10,4-11C
2628,54,12,A,12A,pheP,M9 20 mM glucose pH 7.4,4,20,1.444,T10,4-12A
2629,54,12,B,12B,pheP,M9 20 mM glucose pH 7.4,4,20,1.423,T10,4-12B
2630,54,12,C,12C,pheP,M9 20 mM glucose pH 7.4,4,20,1.394,T10,4-12C
2631,55,13,A,13A,tdcC,M9 20 mM glucose pH 7.4,4,20,1.59,T10,4-13A
2632,55,13,B,13B,tdcC,M9 20 mM glucose pH 7.4,4,20,1.457,T10,4-13B
2633,55,13,C,13C,tdcC,M9 20 mM glucose pH 7.4,4,20,1.458,T10,4-13C
2634,56,14,A,14A,dcuA,M9 20 mM glucose pH 7.4,4,20,1.401,T10,4-14A
2635,56,14,B,14B,dcuA,M9 20 mM glucose pH 7.4,4,20,1.388,T10,4-14B
2636,56,14,C,14C,dcuA,M9 20 mM glucose pH 7.4,4,20,1.342,T10,4-14C
2637,0,0,D,0D,WT,M9 20 mM glucose pH 7.4,4,20,1.582,T10,4-0D
2638,0,0,E,0E,WT,M9 20 mM glucose pH 7.4,4,20,1.467,T10,4-0E
2639,0,0,F,0F,WT,M9 20 mM glucose pH 7.4,4,20,1.553,T10,4-0F
2640,43,1,A,1A,livH,M9 20 mM glucose pH 7.4,5,0.33,0.011,,5-1A
2641,43,1,B,1B,livH,M9 20 mM glucose pH 7.4,5,0.33,0.011,,5-1B
2642,43,1,C,1C,livH,M9 20 mM glucose pH 7.4,5,0.33,0.016,,5-1C
2643,58,2,A,2A,rhtB,M9 20 mM glucose pH 7.4,5,0.33,0.012,,5-2A
2644,58,2,B,2B,rhtB,M9 20 mM glucose pH 7.4,5,0.33,0.011,,5-2B
2645,58,2,C,2C,rhtB,M9 20 mM glucose pH 7.4,5,0.33,0.013,,5-2C
2646,59,3,A,3A,eamA,M9 20 mM glucose pH 7.4,5,0.33,0.012,,5-3A
2647,59,3,B,3B,eamA,M9 20 mM glucose pH 7.4,5,0.33,0.012,,5-3B
2648,59,3,C,3C,eamA,M9 20 mM glucose pH 7.4,5,0.33,0.01,,5-3C
2649,60,4,A,4A,metI,M9 20 mM glucose pH 7.4,5,0.33,0.013,,5-4A
2650,60,4,B,4B,metI,M9 20 mM glucose pH 7.4,5,0.33,0.011,,5-4B
2651,60,4,C,4C,metI,M9 20 mM glucose pH 7.4,5,0.33,0.012,,5-4C
2652,61,5,A,5A,tolC,M9 20 mM glucose pH 7.4,5,0.33,0.012,,5-5A
2653,61,5,B,5B,tolC,M9 20 mM glucose pH 7.4,5,0.33,0.012,,5-5B
2654,61,5,C,5C,tolC,M9 20 mM glucose pH 7.4,5,0.33,0.012,,5-5C
2655,62,6,A,6A,yahN,M9 20 mM glucose pH 7.4,5,0.33,0.014,,5-6A
2656,62,6,B,6B,yahN,M9 20 mM glucose pH 7.4,5,0.33,0.014,,5-6B
2657,62,6,C,6C,yahN,M9 20 mM glucose pH 7.4,5,0.33,0.011,,5-6C
2658,63,7,A,7A,kgtP,M9 20 mM glucose pH 7.4,5,0.33,0.013,,5-7A
2659,63,7,B,7B,kgtP,M9 20 mM glucose pH 7.4,5,0.33,0.012,,5-7B
2660,63,7,C,7C,kgtP,M9 20 mM glucose pH 7.4,5,0.33,0.012,,5-7C
2661,0,0,A,0A,WT,M9 20 mM glucose pH 7.4,5,0.33,0.015,,5-0A
2662,0,0,B,0B,WT,M9 20 mM glucose pH 7.4,5,0.33,0.013,,5-0B
2663,0,0,C,0C,WT,M9 20 mM glucose pH 7.4,5,0.33,0.012,,5-0C
2664,64,8,A,8A,manY,M9 20 mM glucose pH 7.4,5,0.33,0.011,,5-8A
2665,64,8,B,8B,manY,M9 20 mM glucose pH 7.4,5,0.33,0.014,,5-8B
2666,64,8,C,8C,manY,M9 20 mM glucose pH 7.4,5,0.33,0.012,,5-8C
2667,65,9,A,9A,hisQ,M9 20 mM glucose pH 7.4,5,0.33,0.01,,5-9A
2668,65,9,B,9B,hisQ,M9 20 mM glucose pH 7.4,5,0.33,0.013,,5-9B
2669,65,9,C,9C,hisQ,M9 20 mM glucose pH 7.4,5,0.33,0.013,,5-9C
2670,66,10,A,10A,ansP,M9 20 mM glucose pH 7.4,5,0.33,0.011,,5-10A
2671,66,10,B,10B,ansP,M9 20 mM glucose pH 7.4,5,0.33,0.011,,5-10B
2672,66,10,C,10C,ansP,M9 20 mM glucose pH 7.4,5,0.33,0.015,,5-10C
2673,67,11,A,11A,glpT,M9 20 mM glucose pH 7.4,5,0.33,0.013,,5-11A
2674,67,11,B,11B,glpT,M9 20 mM glucose pH 7.4,5,0.33,0.011,,5-11B
2675,67,11,C,11C,glpT,M9 20 mM glucose pH 7.4,5,0.33,0.012,,5-11C
2676,e1,12,A,12A,WT+pEP35,M9 20 mM glucose pH 7.4 + 10 ng/mL aTc,5,0.33,0.012,,5-12A
2677,e1,12,B,12B,WT+pEP35,M9 20 mM glucose pH 7.4 + 10 ng/mL aTc,5,0.33,0.01,,5-12B
2678,e1,12,C,12C,WT+pEP35,M9 20 mM glucose pH 7.4 + 10 ng/mL aTc,5,0.33,0.014,,5-12C
2679,e2,13,A,13A,WT+pEP17,M9 20 mM glucose pH 7.4 + 10 ng/mL aTc,5,0.33,0.015,,5-13A
2680,e2,13,B,13B,WT+pEP17,M9 20 mM glucose pH 7.4 + 10 ng/mL aTc,5,0.33,0.02,,5-13B
2681,e2,13,C,13C,WT+pEP17,M9 20 mM glucose pH 7.4 + 10 ng/mL aTc,5,0.33,0.017,,5-13C
2682,e3,14,A,14A,ΔproC (mCherry) ΔtrpR + pEP28,M9 20 mM glucose pH 7.4 + 50 mg/L proline,5,0.33,0.012,,5-14A
2683,e3,14,B,14B,ΔproC (mCherry) ΔtrpR + pEP28,M9 20 mM glucose pH 7.4 + 50 mg/L proline,5,0.33,0.012,,5-14B
2684,e3,14,C,14C,ΔproC (mCherry) ΔtrpR + pEP28,M9 20 mM glucose pH 7.4 + 50 mg/L proline,5,0.33,0.016,,5-14C
2685,0,0,D,0D,WT,M9 20 mM glucose pH 7.4,5,0.33,0.012,,5-0D
2686,0,0,E,0E,WT,M9 20 mM glucose pH 7.4,5,0.33,0.012,,5-0E
2687,0,0,F,0F,WT,M9 20 mM glucose pH 7.4,5,0.33,0.011,,5-0F
2688,e4,15,A,15A,ΔtrpC (sfGFP) proB74 + pEP28,M9 20 mM glucose pH 7.4 + 20 mg/L tryptophan,5,0.33,0.011,,5-15A
2689,e4,15,B,15B,ΔtrpC (sfGFP) proB74 + pEP28,M9 20 mM glucose pH 7.4 + 20 mg/L tryptophan,5,0.33,0.014,,5-15B
2690,e4,15,C,15C,ΔtrpC (sfGFP) proB74 + pEP28,M9 20 mM glucose pH 7.4 + 20 mg/L tryptophan,5,0.33,0.013,,5-15C
2691,e5,16,A,16A,WT+pEP65,M9 20 mM glucose pH 7.4 + 10 ng/mL aTc,5,0.33,0.013,,5-16A
2692,e5,16,B,16B,WT+pEP65,M9 20 mM glucose pH 7.4 + 10 ng/mL aTc,5,0.33,0.013,,5-16B
2693,e5,16,C,16C,WT+pEP65,M9 20 mM glucose pH 7.4 + 10 ng/mL aTc,5,0.33,0.015,,5-16C
2694,e6,17,A,17A,WT+pEP66_5,M9 20 mM glucose pH 7.4 + 10 ng/mL aTc,5,0.33,0.015,,5-17A
2695,e6,17,B,17B,WT+pEP66_5,M9 20 mM glucose pH 7.4 + 10 ng/mL aTc,5,0.33,0.011,,5-17B
2696,e6,17,C,17C,WT+pEP66_5,M9 20 mM glucose pH 7.4 + 10 ng/mL aTc,5,0.33,0.015,,5-17C
2697,e0,18,A,18A,E. coli MG1655,M9 20 mM glucose pH 7.4,5,0.33,0.013,,5-18A
2698,e0,18,B,18B,E. coli MG1655,M9 20 mM glucose pH 7.4,5,0.33,0.015,,5-18B
2699,e0,18,C,18C,E. coli MG1655,M9 20 mM glucose pH 7.4,5,0.33,0.01,,5-18C
2700,e5,19,A,19A,WT+pEP65,M9 20 mM glucose pH 7.4 + 100 ng/mL aTc,5,0.33,0.019,,5-19A
2701,e5,19,B,19B,WT+pEP65,M9 20 mM glucose pH 7.4 + 100 ng/mL aTc,5,0.33,0.017,,5-19B
2702,e5,19,C,19C,WT+pEP65,M9 20 mM glucose pH 7.4 + 100 ng/mL aTc,5,0.33,0.014,,5-19C
2703,e6,20,A,20A,WT+pEP66_5,M9 20 mM glucose pH 7.4 + 100 ng/mL aTc,5,0.33,0.017,,5-20A
2704,e6,20,B,20B,WT+pEP66_5,M9 20 mM glucose pH 7.4 + 100 ng/mL aTc,5,0.33,0.014,,5-20B
2705,e6,20,C,20C,WT+pEP66_5,M9 20 mM glucose pH 7.4 + 100 ng/mL aTc,5,0.33,0.013,,5-20C
2706,43,1,A,1A,livH,M9 20 mM glucose pH 7.4,5,2,0.02,,5-1A
2707,43,1,B,1B,livH,M9 20 mM glucose pH 7.4,5,2,0.02,,5-1B
2708,43,1,C,1C,livH,M9 20 mM glucose pH 7.4,5,2,0.021,,5-1C
2709,58,2,A,2A,rhtB,M9 20 mM glucose pH 7.4,5,2,0.022,,5-2A
2710,58,2,B,2B,rhtB,M9 20 mM glucose pH 7.4,5,2,0.022,,5-2B
2711,58,2,C,2C,rhtB,M9 20 mM glucose pH 7.4,5,2,0.021,,5-2C
2712,59,3,A,3A,eamA,M9 20 mM glucose pH 7.4,5,2,0.02,,5-3A
2713,59,3,B,3B,eamA,M9 20 mM glucose pH 7.4,5,2,0.022,,5-3B
2714,59,3,C,3C,eamA,M9 20 mM glucose pH 7.4,5,2,0.02,,5-3C
2715,60,4,A,4A,metI,M9 20 mM glucose pH 7.4,5,2,0.021,,5-4A
2716,60,4,B,4B,metI,M9 20 mM glucose pH 7.4,5,2,0.021,,5-4B
2717,60,4,C,4C,metI,M9 20 mM glucose pH 7.4,5,2,0.022,,5-4C
2718,61,5,A,5A,tolC,M9 20 mM glucose pH 7.4,5,2,0.021,,5-5A
2719,61,5,B,5B,tolC,M9 20 mM glucose pH 7.4,5,2,0.018,,5-5B
2720,61,5,C,5C,tolC,M9 20 mM glucose pH 7.4,5,2,0.021,,5-5C
2721,62,6,A,6A,yahN,M9 20 mM glucose pH 7.4,5,2,0.023,,5-6A
2722,62,6,B,6B,yahN,M9 20 mM glucose pH 7.4,5,2,0.022,,5-6B
2723,62,6,C,6C,yahN,M9 20 mM glucose pH 7.4,5,2,0.023,,5-6C
2724,63,7,A,7A,kgtP,M9 20 mM glucose pH 7.4,5,2,0.022,,5-7A
2725,63,7,B,7B,kgtP,M9 20 mM glucose pH 7.4,5,2,0.022,,5-7B
2726,63,7,C,7C,kgtP,M9 20 mM glucose pH 7.4,5,2,0.021,,5-7C
2727,0,0,A,0A,WT,M9 20 mM glucose pH 7.4,5,2,0.022,,5-0A
2728,0,0,B,0B,WT,M9 20 mM glucose pH 7.4,5,2,0.021,,5-0B
2729,0,0,C,0C,WT,M9 20 mM glucose pH 7.4,5,2,0.023,,5-0C
2730,64,8,A,8A,manY,M9 20 mM glucose pH 7.4,5,2,0.021,,5-8A
2731,64,8,B,8B,manY,M9 20 mM glucose pH 7.4,5,2,0.02,,5-8B
2732,64,8,C,8C,manY,M9 20 mM glucose pH 7.4,5,2,0.02,,5-8C
2733,65,9,A,9A,hisQ,M9 20 mM glucose pH 7.4,5,2,0.021,,5-9A
2734,65,9,B,9B,hisQ,M9 20 mM glucose pH 7.4,5,2,0.022,,5-9B
2735,65,9,C,9C,hisQ,M9 20 mM glucose pH 7.4,5,2,0.021,,5-9C
2736,66,10,A,10A,ansP,M9 20 mM glucose pH 7.4,5,2,0.025,,5-10A
2737,66,10,B,10B,ansP,M9 20 mM glucose pH 7.4,5,2,0.026,,5-10B
2738,66,10,C,10C,ansP,M9 20 mM glucose pH 7.4,5,2,0.025,,5-10C
2739,67,11,A,11A,glpT,M9 20 mM glucose pH 7.4,5,2,0.021,,5-11A
2740,67,11,B,11B,glpT,M9 20 mM glucose pH 7.4,5,2,0.02,,5-11B
2741,67,11,C,11C,glpT,M9 20 mM glucose pH 7.4,5,2,0.02,,5-11C
2742,e1,12,A,12A,WT+pEP35,M9 20 mM glucose pH 7.4 + 10 ng/mL aTc,5,2,0.019,,5-12A
2743,e1,12,B,12B,WT+pEP35,M9 20 mM glucose pH 7.4 + 10 ng/mL aTc,5,2,0.019,,5-12B
2744,e1,12,C,12C,WT+pEP35,M9 20 mM glucose pH 7.4 + 10 ng/mL aTc,5,2,0.022,,5-12C
2745,e2,13,A,13A,WT+pEP17,M9 20 mM glucose pH 7.4 + 10 ng/mL aTc,5,2,0.024,,5-13A
2746,e2,13,B,13B,WT+pEP17,M9 20 mM glucose pH 7.4 + 10 ng/mL aTc,5,2,0.027,,5-13B
2747,e2,13,C,13C,WT+pEP17,M9 20 mM glucose pH 7.4 + 10 ng/mL aTc,5,2,0.024,,5-13C
2748,e3,14,A,14A,ΔproC (mCherry) ΔtrpR + pEP28,M9 20 mM glucose pH 7.4 + 50 mg/L proline,5,2,0.02,,5-14A
2749,e3,14,B,14B,ΔproC (mCherry) ΔtrpR + pEP28,M9 20 mM glucose pH 7.4 + 50 mg/L proline,5,2,0.02,,5-14B
2750,e3,14,C,14C,ΔproC (mCherry) ΔtrpR + pEP28,M9 20 mM glucose pH 7.4 + 50 mg/L proline,5,2,0.022,,5-14C
2751,0,0,D,0D,WT,M9 20 mM glucose pH 7.4,5,2,0.022,,5-0D
2752,0,0,E,0E,WT,M9 20 mM glucose pH 7.4,5,2,0.022,,5-0E
2753,0,0,F,0F,WT,M9 20 mM glucose pH 7.4,5,2,0.022,,5-0F
2754,e4,15,A,15A,ΔtrpC (sfGFP) proB74 + pEP28,M9 20 mM glucose pH 7.4 + 20 mg/L tryptophan,5,2,0.022,,5-15A
2755,e4,15,B,15B,ΔtrpC (sfGFP) proB74 + pEP28,M9 20 mM glucose pH 7.4 + 20 mg/L tryptophan,5,2,0.019,,5-15B
2756,e4,15,C,15C,ΔtrpC (sfGFP) proB74 + pEP28,M9 20 mM glucose pH 7.4 + 20 mg/L tryptophan,5,2,0.019,,5-15C
2757,e5,16,A,16A,WT+pEP65,M9 20 mM glucose pH 7.4 + 10 ng/mL aTc,5,2,0.023,,5-16A
2758,e5,16,B,16B,WT+pEP65,M9 20 mM glucose pH 7.4 + 10 ng/mL aTc,5,2,0.026,,5-16B
2759,e5,16,C,16C,WT+pEP65,M9 20 mM glucose pH 7.4 + 10 ng/mL aTc,5,2,0.029,,5-16C
2760,e6,17,A,17A,WT+pEP66_5,M9 20 mM glucose pH 7.4 + 10 ng/mL aTc,5,2,0.032,,5-17A
2761,e6,17,B,17B,WT+pEP66_5,M9 20 mM glucose pH 7.4 + 10 ng/mL aTc,5,2,0.024,,5-17B
2762,e6,17,C,17C,WT+pEP66_5,M9 20 mM glucose pH 7.4 + 10 ng/mL aTc,5,2,0.021,,5-17C
2763,e0,18,A,18A,E. coli MG1655,M9 20 mM glucose pH 7.4,5,2,0.023,,5-18A
2764,e0,18,B,18B,E. coli MG1655,M9 20 mM glucose pH 7.4,5,2,0.028,,5-18B
2765,e0,18,C,18C,E. coli MG1655,M9 20 mM glucose pH 7.4,5,2,0.025,,5-18C
2766,e5,19,A,19A,WT+pEP65,M9 20 mM glucose pH 7.4 + 100 ng/mL aTc,5,2,0.026,,5-19A
2767,e5,19,B,19B,WT+pEP65,M9 20 mM glucose pH 7.4 + 100 ng/mL aTc,5,2,0.028,,5-19B
2768,e5,19,C,19C,WT+pEP65,M9 20 mM glucose pH 7.4 + 100 ng/mL aTc,5,2,0.021,,5-19C
2772,43,1,A,1A,livH,M9 20 mM glucose pH 7.4,5,4,0.027,T1,5-1A
2773,43,1,B,1B,livH,M9 20 mM glucose pH 7.4,5,4,0.028,T1,5-1B
2774,43,1,C,1C,livH,M9 20 mM glucose pH 7.4,5,4,0.028,T1,5-1C
2775,58,2,A,2A,rhtB,M9 20 mM glucose pH 7.4,5,4,0.036,T1,5-2A
2776,58,2,B,2B,rhtB,M9 20 mM glucose pH 7.4,5,4,0.038,T1,5-2B
2777,58,2,C,2C,rhtB,M9 20 mM glucose pH 7.4,5,4,0.037,T1,5-2C
2778,59,3,A,3A,eamA,M9 20 mM glucose pH 7.4,5,4,0.035,T1,5-3A
2779,59,3,B,3B,eamA,M9 20 mM glucose pH 7.4,5,4,0.039,T1,5-3B
2780,59,3,C,3C,eamA,M9 20 mM glucose pH 7.4,5,4,0.035,T1,5-3C
2781,60,4,A,4A,metI,M9 20 mM glucose pH 7.4,5,4,0.033,T1,5-4A
2782,60,4,B,4B,metI,M9 20 mM glucose pH 7.4,5,4,0.036,T1,5-4B
2783,60,4,C,4C,metI,M9 20 mM glucose pH 7.4,5,4,0.034,T1,5-4C
2784,61,5,A,5A,tolC,M9 20 mM glucose pH 7.4,5,4,0.023,T1,5-5A
2785,61,5,B,5B,tolC,M9 20 mM glucose pH 7.4,5,4,0.023,T1,5-5B
2786,61,5,C,5C,tolC,M9 20 mM glucose pH 7.4,5,4,0.024,T1,5-5C
2787,62,6,A,6A,yahN,M9 20 mM glucose pH 7.4,5,4,0.035,T1,5-6A
2788,62,6,B,6B,yahN,M9 20 mM glucose pH 7.4,5,4,0.037,T1,5-6B
2789,62,6,C,6C,yahN,M9 20 mM glucose pH 7.4,5,4,0.038,T1,5-6C
2790,63,7,A,7A,kgtP,M9 20 mM glucose pH 7.4,5,4,0.038,T1,5-7A
2791,63,7,B,7B,kgtP,M9 20 mM glucose pH 7.4,5,4,0.039,T1,5-7B
2792,63,7,C,7C,kgtP,M9 20 mM glucose pH 7.4,5,4,0.039,T1,5-7C
2793,0,0,A,0A,WT,M9 20 mM glucose pH 7.4,5,4,0.038,T1,5-0A
2794,0,0,B,0B,WT,M9 20 mM glucose pH 7.4,5,4,0.037,T1,5-0B
2795,0,0,C,0C,WT,M9 20 mM glucose pH 7.4,5,4,0.039,T1,5-0C
2796,64,8,A,8A,manY,M9 20 mM glucose pH 7.4,5,4,0.037,T1,5-8A
2797,64,8,B,8B,manY,M9 20 mM glucose pH 7.4,5,4,0.036,T1,5-8B
2798,64,8,C,8C,manY,M9 20 mM glucose pH 7.4,5,4,0.034,T1,5-8C
2799,65,9,A,9A,hisQ,M9 20 mM glucose pH 7.4,5,4,0.035,T1,5-9A
2800,65,9,B,9B,hisQ,M9 20 mM glucose pH 7.4,5,4,0.036,T1,5-9B
2801,65,9,C,9C,hisQ,M9 20 mM glucose pH 7.4,5,4,0.035,T1,5-9C
2802,66,10,A,10A,ansP,M9 20 mM glucose pH 7.4,5,4,0.044,T1,5-10A
2803,66,10,B,10B,ansP,M9 20 mM glucose pH 7.4,5,4,0.04,T1,5-10B
2804,66,10,C,10C,ansP,M9 20 mM glucose pH 7.4,5,4,0.042,T1,5-10C
2805,67,11,A,11A,glpT,M9 20 mM glucose pH 7.4,5,4,0.035,T1,5-11A
2806,67,11,B,11B,glpT,M9 20 mM glucose pH 7.4,5,4,0.034,T1,5-11B
2807,67,11,C,11C,glpT,M9 20 mM glucose pH 7.4,5,4,0.035,T1,5-11C
2808,e1,12,A,12A,WT+pEP35,M9 20 mM glucose pH 7.4 + 10 ng/mL aTc,5,4,0.024,T1,5-12A
2809,e1,12,B,12B,WT+pEP35,M9 20 mM glucose pH 7.4 + 10 ng/mL aTc,5,4,0.024,T1,5-12B
2810,e1,12,C,12C,WT+pEP35,M9 20 mM glucose pH 7.4 + 10 ng/mL aTc,5,4,0.024,T1,5-12C
2811,e2,13,A,13A,WT+pEP17,M9 20 mM glucose pH 7.4 + 10 ng/mL aTc,5,4,0.032,T1,5-13A
2812,e2,13,B,13B,WT+pEP17,M9 20 mM glucose pH 7.4 + 10 ng/mL aTc,5,4,0.033,T1,5-13B
2813,e2,13,C,13C,WT+pEP17,M9 20 mM glucose pH 7.4 + 10 ng/mL aTc,5,4,0.035,T1,5-13C
2814,e3,14,A,14A,ΔproC (mCherry) ΔtrpR + pEP28,M9 20 mM glucose pH 7.4 + 50 mg/L proline,5,4,0.028,T1,5-14A
2815,e3,14,B,14B,ΔproC (mCherry) ΔtrpR + pEP28,M9 20 mM glucose pH 7.4 + 50 mg/L proline,5,4,0.027,T1,5-14B
2816,e3,14,C,14C,ΔproC (mCherry) ΔtrpR + pEP28,M9 20 mM glucose pH 7.4 + 50 mg/L proline,5,4,0.029,T1,5-14C
2817,0,0,D,0D,WT,M9 20 mM glucose pH 7.4,5,4,0.039,T1,5-0D
2818,0,0,E,0E,WT,M9 20 mM glucose pH 7.4,5,4,0.039,T1,5-0E
2819,0,0,F,0F,WT,M9 20 mM glucose pH 7.4,5,4,0.039,T1,5-0F
2820,e4,15,A,15A,ΔtrpC (sfGFP) proB74 + pEP28,M9 20 mM glucose pH 7.4 + 20 mg/L tryptophan,5,4,0.028,T1,5-15A
2821,e4,15,B,15B,ΔtrpC (sfGFP) proB74 + pEP28,M9 20 mM glucose pH 7.4 + 20 mg/L tryptophan,5,4,0.027,T1,5-15B
2822,e4,15,C,15C,ΔtrpC (sfGFP) proB74 + pEP28,M9 20 mM glucose pH 7.4 + 20 mg/L tryptophan,5,4,0.025,T1,5-15C
2823,e5,16,A,16A,WT+pEP65,M9 20 mM glucose pH 7.4 + 10 ng/mL aTc,5,4,0.035,T1,5-16A
2824,e5,16,B,16B,WT+pEP65,M9 20 mM glucose pH 7.4 + 10 ng/mL aTc,5,4,0.034,T1,5-16B
2825,e5,16,C,16C,WT+pEP65,M9 20 mM glucose pH 7.4 + 10 ng/mL aTc,5,4,0.034,T1,5-16C
2826,e6,17,A,17A,WT+pEP66_5,M9 20 mM glucose pH 7.4 + 10 ng/mL aTc,5,4,0.032,T1,5-17A
2827,e6,17,B,17B,WT+pEP66_5,M9 20 mM glucose pH 7.4 + 10 ng/mL aTc,5,4,0.036,T1,5-17B
2828,e6,17,C,17C,WT+pEP66_5,M9 20 mM glucose pH 7.4 + 10 ng/mL aTc,5,4,0.037,T1,5-17C
2829,e0,18,A,18A,E. coli MG1655,M9 20 mM glucose pH 7.4,5,4,0.038,T1,5-18A
2830,e0,18,B,18B,E. coli MG1655,M9 20 mM glucose pH 7.4,5,4,0.033,T1,5-18B
2831,e0,18,C,18C,E. coli MG1655,M9 20 mM glucose pH 7.4,5,4,0.032,T1,5-18C
2832,e5,19,A,19A,WT+pEP65,M9 20 mM glucose pH 7.4 + 100 ng/mL aTc,5,4,0.03,T1,5-19A
2833,e5,19,B,19B,WT+pEP65,M9 20 mM glucose pH 7.4 + 100 ng/mL aTc,5,4,0.03,T1,5-19B
2834,e5,19,C,19C,WT+pEP65,M9 20 mM glucose pH 7.4 + 100 ng/mL aTc,5,4,0.029,T1,5-19C
2835,e6,20,A,20A,WT+pEP66_5,M9 20 mM glucose pH 7.4 + 100 ng/mL aTc,5,4,0.029,T1,5-20A
2836,e6,20,B,20B,WT+pEP66_5,M9 20 mM glucose pH 7.4 + 100 ng/mL aTc,5,4,0.028,T1,5-20B
2837,e6,20,C,20C,WT+pEP66_5,M9 20 mM glucose pH 7.4 + 100 ng/mL aTc,5,4,0.031,T1,5-20C
2838,43,1,A,1A,livH,M9 20 mM glucose pH 7.4,5,6,0.052,,5-1A
2839,43,1,B,1B,livH,M9 20 mM glucose pH 7.4,5,6,0.053,,5-1B
2840,43,1,C,1C,livH,M9 20 mM glucose pH 7.4,5,6,0.052,,5-1C
2841,58,2,A,2A,rhtB,M9 20 mM glucose pH 7.4,5,6,0.096,,5-2A
2842,58,2,B,2B,rhtB,M9 20 mM glucose pH 7.4,5,6,0.098,,5-2B
2843,58,2,C,2C,rhtB,M9 20 mM glucose pH 7.4,5,6,0.094,,5-2C
2844,59,3,A,3A,eamA,M9 20 mM glucose pH 7.4,5,6,0.092,,5-3A
2845,59,3,B,3B,eamA,M9 20 mM glucose pH 7.4,5,6,0.092,,5-3B
2846,59,3,C,3C,eamA,M9 20 mM glucose pH 7.4,5,6,0.09,,5-3C
2847,60,4,A,4A,metI,M9 20 mM glucose pH 7.4,5,6,0.097,,5-4A
2848,60,4,B,4B,metI,M9 20 mM glucose pH 7.4,5,6,0.096,,5-4B
2849,60,4,C,4C,metI,M9 20 mM glucose pH 7.4,5,6,0.088,,5-4C
2850,61,5,A,5A,tolC,M9 20 mM glucose pH 7.4,5,6,0.026,,5-5A
2851,61,5,B,5B,tolC,M9 20 mM glucose pH 7.4,5,6,0.025,,5-5B
2852,61,5,C,5C,tolC,M9 20 mM glucose pH 7.4,5,6,0.025,,5-5C
2853,62,6,A,6A,yahN,M9 20 mM glucose pH 7.4,5,6,0.099,,5-6A
2854,62,6,B,6B,yahN,M9 20 mM glucose pH 7.4,5,6,0.095,,5-6B
2855,62,6,C,6C,yahN,M9 20 mM glucose pH 7.4,5,6,0.096,,5-6C
2856,63,7,A,7A,kgtP,M9 20 mM glucose pH 7.4,5,6,0.099,,5-7A
2857,63,7,B,7B,kgtP,M9 20 mM glucose pH 7.4,5,6,0.099,,5-7B
2858,63,7,C,7C,kgtP,M9 20 mM glucose pH 7.4,5,6,0.097,,5-7C
2859,0,0,A,0A,WT,M9 20 mM glucose pH 7.4,5,6,0.117,,5-0A
2860,0,0,B,0B,WT,M9 20 mM glucose pH 7.4,5,6,0.109,,5-0B
2861,0,0,C,0C,WT,M9 20 mM glucose pH 7.4,5,6,0.114,,5-0C
2862,64,8,A,8A,manY,M9 20 mM glucose pH 7.4,5,6,0.079,,5-8A
2863,64,8,B,8B,manY,M9 20 mM glucose pH 7.4,5,6,0.077,,5-8B
2864,64,8,C,8C,manY,M9 20 mM glucose pH 7.4,5,6,0.075,,5-8C
2865,65,9,A,9A,hisQ,M9 20 mM glucose pH 7.4,5,6,0.08,,5-9A
2866,65,9,B,9B,hisQ,M9 20 mM glucose pH 7.4,5,6,0.08,,5-9B
2867,65,9,C,9C,hisQ,M9 20 mM glucose pH 7.4,5,6,0.075,,5-9C
2868,66,10,A,10A,ansP,M9 20 mM glucose pH 7.4,5,6,0.096,,5-10A
2869,66,10,B,10B,ansP,M9 20 mM glucose pH 7.4,5,6,0.088,,5-10B
2870,66,10,C,10C,ansP,M9 20 mM glucose pH 7.4,5,6,0.092,,5-10C
2871,67,11,A,11A,glpT,M9 20 mM glucose pH 7.4,5,6,0.076,,5-11A
2872,67,11,B,11B,glpT,M9 20 mM glucose pH 7.4,5,6,0.075,,5-11B
2873,67,11,C,11C,glpT,M9 20 mM glucose pH 7.4,5,6,0.077,,5-11C
2874,e1,12,A,12A,WT+pEP35,M9 20 mM glucose pH 7.4 + 10 ng/mL aTc,5,6,0.023,,5-12A
2875,e1,12,B,12B,WT+pEP35,M9 20 mM glucose pH 7.4 + 10 ng/mL aTc,5,6,0.024,,5-12B
2876,e1,12,C,12C,WT+pEP35,M9 20 mM glucose pH 7.4 + 10 ng/mL aTc,5,6,0.024,,5-12C
2877,e2,13,A,13A,WT+pEP17,M9 20 mM glucose pH 7.4 + 10 ng/mL aTc,5,6,0.034,,5-13A
2878,e2,13,B,13B,WT+pEP17,M9 20 mM glucose pH 7.4 + 10 ng/mL aTc,5,6,0.038,,5-13B
2879,e2,13,C,13C,WT+pEP17,M9 20 mM glucose pH 7.4 + 10 ng/mL aTc,5,6,0.031,,5-13C
2880,e3,14,A,14A,ΔproC (mCherry) ΔtrpR + pEP28,M9 20 mM glucose pH 7.4 + 50 mg/L proline,5,6,0.05,,5-14A
2881,e3,14,B,14B,ΔproC (mCherry) ΔtrpR + pEP28,M9 20 mM glucose pH 7.4 + 50 mg/L proline,5,6,0.048,,5-14B
2882,e3,14,C,14C,ΔproC (mCherry) ΔtrpR + pEP28,M9 20 mM glucose pH 7.4 + 50 mg/L proline,5,6,0.048,,5-14C
2883,0,0,D,0D,WT,M9 20 mM glucose pH 7.4,5,6,0.1,,5-0D
2884,0,0,E,0E,WT,M9 20 mM glucose pH 7.4,5,6,0.097,,5-0E
2885,0,0,F,0F,WT,M9 20 mM glucose pH 7.4,5,6,0.096,,5-0F
2886,e4,15,A,15A,ΔtrpC (sfGFP) proB74 + pEP28,M9 20 mM glucose pH 7.4 + 20 mg/L tryptophan,5,6,0.048,,5-15A
2887,e4,15,B,15B,ΔtrpC (sfGFP) proB74 + pEP28,M9 20 mM glucose pH 7.4 + 20 mg/L tryptophan,5,6,0.044,,5-15B
2888,e4,15,C,15C,ΔtrpC (sfGFP) proB74 + pEP28,M9 20 mM glucose pH 7.4 + 20 mg/L tryptophan,5,6,0.045,,5-15C
2889,e5,16,A,16A,WT+pEP65,M9 20 mM glucose pH 7.4 + 10 ng/mL aTc,5,6,0.088,,5-16A
2890,e5,16,B,16B,WT+pEP65,M9 20 mM glucose pH 7.4 + 10 ng/mL aTc,5,6,0.087,,5-16B
2891,e5,16,C,16C,WT+pEP65,M9 20 mM glucose pH 7.4 + 10 ng/mL aTc,5,6,0.084,,5-16C
2892,e6,17,A,17A,WT+pEP66_5,M9 20 mM glucose pH 7.4 + 10 ng/mL aTc,5,6,0.068,,5-17A
2893,e6,17,B,17B,WT+pEP66_5,M9 20 mM glucose pH 7.4 + 10 ng/mL aTc,5,6,0.072,,5-17B
2894,e6,17,C,17C,WT+pEP66_5,M9 20 mM glucose pH 7.4 + 10 ng/mL aTc,5,6,0.069,,5-17C
2895,e0,18,A,18A,E. coli MG1655,M9 20 mM glucose pH 7.4,5,6,0.082,,5-18A
2896,e0,18,B,18B,E. coli MG1655,M9 20 mM glucose pH 7.4,5,6,0.084,,5-18B
2897,e0,18,C,18C,E. coli MG1655,M9 20 mM glucose pH 7.4,5,6,0.08,,5-18C
2898,e5,19,A,19A,WT+pEP65,M9 20 mM glucose pH 7.4 + 100 ng/mL aTc,5,6,0.041,,5-19A
2899,e5,19,B,19B,WT+pEP65,M9 20 mM glucose pH 7.4 + 100 ng/mL aTc,5,6,0.044,,5-19B
2900,e5,19,C,19C,WT+pEP65,M9 20 mM glucose pH 7.4 + 100 ng/mL aTc,5,6,0.04,,5-19C
2901,e6,20,A,20A,WT+pEP66_5,M9 20 mM glucose pH 7.4 + 100 ng/mL aTc,5,6,0.049,,5-20A
2902,e6,20,B,20B,WT+pEP66_5,M9 20 mM glucose pH 7.4 + 100 ng/mL aTc,5,6,0.041,,5-20B
2903,e6,20,C,20C,WT+pEP66_5,M9 20 mM glucose pH 7.4 + 100 ng/mL aTc,5,6,0.04,,5-20C
2904,43,1,A,1A,livH,M9 20 mM glucose pH 7.4,5,8,0.138,T2,5-1A
2905,43,1,B,1B,livH,M9 20 mM glucose pH 7.4,5,8,0.139,T2,5-1B
2906,43,1,C,1C,livH,M9 20 mM glucose pH 7.4,5,8,0.135,T2,5-1C
2907,58,2,A,2A,rhtB,M9 20 mM glucose pH 7.4,5,8,0.284,T2,5-2A
2908,58,2,B,2B,rhtB,M9 20 mM glucose pH 7.4,5,8,0.291,T2,5-2B
2909,58,2,C,2C,rhtB,M9 20 mM glucose pH 7.4,5,8,0.248,T2,5-2C
2910,59,3,A,3A,eamA,M9 20 mM glucose pH 7.4,5,8,0.233,T2,5-3A
2911,59,3,B,3B,eamA,M9 20 mM glucose pH 7.4,5,8,0.258,T2,5-3B
2912,59,3,C,3C,eamA,M9 20 mM glucose pH 7.4,5,8,0.252,T2,5-3C
2913,60,4,A,4A,metI,M9 20 mM glucose pH 7.4,5,8,0.292,T2,5-4A
2914,60,4,B,4B,metI,M9 20 mM glucose pH 7.4,5,8,0.287,T2,5-4B
2915,60,4,C,4C,metI,M9 20 mM glucose pH 7.4,5,8,0.245,T2,5-4C
2916,61,5,A,5A,tolC,M9 20 mM glucose pH 7.4,5,8,0.03,T2,5-5A
2917,61,5,B,5B,tolC,M9 20 mM glucose pH 7.4,5,8,0.029,T2,5-5B
2918,61,5,C,5C,tolC,M9 20 mM glucose pH 7.4,5,8,0.028,T2,5-5C
2919,62,6,A,6A,yahN,M9 20 mM glucose pH 7.4,5,8,0.248,T2,5-6A
2920,62,6,B,6B,yahN,M9 20 mM glucose pH 7.4,5,8,0.279,T2,5-6B
2921,62,6,C,6C,yahN,M9 20 mM glucose pH 7.4,5,8,0.27,T2,5-6C
2922,63,7,A,7A,kgtP,M9 20 mM glucose pH 7.4,5,8,0.283,T2,5-7A
2923,63,7,B,7B,kgtP,M9 20 mM glucose pH 7.4,5,8,0.265,T2,5-7B
2924,63,7,C,7C,kgtP,M9 20 mM glucose pH 7.4,5,8,0.264,T2,5-7C
2925,0,0,A,0A,WT,M9 20 mM glucose pH 7.4,5,8,0.344,T2,5-0A
2926,0,0,B,0B,WT,M9 20 mM glucose pH 7.4,5,8,0.292,T2,5-0B
2927,0,0,C,0C,WT,M9 20 mM glucose pH 7.4,5,8,0.321,T2,5-0C
2928,64,8,A,8A,manY,M9 20 mM glucose pH 7.4,5,8,0.232,T2,5-8A
2929,64,8,B,8B,manY,M9 20 mM glucose pH 7.4,5,8,0.243,T2,5-8B
2930,64,8,C,8C,manY,M9 20 mM glucose pH 7.4,5,8,0.232,T2,5-8C
2931,65,9,A,9A,hisQ,M9 20 mM glucose pH 7.4,5,8,0.23,T2,5-9A
2932,65,9,B,9B,hisQ,M9 20 mM glucose pH 7.4,5,8,0.237,T2,5-9B
2933,65,9,C,9C,hisQ,M9 20 mM glucose pH 7.4,5,8,0.24,T2,5-9C
2934,66,10,A,10A,ansP,M9 20 mM glucose pH 7.4,5,8,0.263,T2,5-10A
2935,66,10,B,10B,ansP,M9 20 mM glucose pH 7.4,5,8,0.266,T2,5-10B
2936,66,10,C,10C,ansP,M9 20 mM glucose pH 7.4,5,8,0.295,T2,5-10C
2937,67,11,A,11A,glpT,M9 20 mM glucose pH 7.4,5,8,0.206,T2,5-11A
2938,67,11,B,11B,glpT,M9 20 mM glucose pH 7.4,5,8,0.21,T2,5-11B
2939,67,11,C,11C,glpT,M9 20 mM glucose pH 7.4,5,8,0.206,T2,5-11C
2940,e1,12,A,12A,WT+pEP35,M9 20 mM glucose pH 7.4 + 10 ng/mL aTc,5,8,0.03,T2,5-12A
2941,e1,12,B,12B,WT+pEP35,M9 20 mM glucose pH 7.4 + 10 ng/mL aTc,5,8,0.029,T2,5-12B
2942,e1,12,C,12C,WT+pEP35,M9 20 mM glucose pH 7.4 + 10 ng/mL aTc,5,8,0.03,T2,5-12C
2943,e2,13,A,13A,WT+pEP17,M9 20 mM glucose pH 7.4 + 10 ng/mL aTc,5,8,0.042,T2,5-13A
2944,e2,13,B,13B,WT+pEP17,M9 20 mM glucose pH 7.4 + 10 ng/mL aTc,5,8,0.048,T2,5-13B
2945,e2,13,C,13C,WT+pEP17,M9 20 mM glucose pH 7.4 + 10 ng/mL aTc,5,8,0.044,T2,5-13C
2946,e3,14,A,14A,ΔproC (mCherry) ΔtrpR + pEP28,M9 20 mM glucose pH 7.4 + 50 mg/L proline,5,8,0.112,T2,5-14A
2947,e3,14,B,14B,ΔproC (mCherry) ΔtrpR + pEP28,M9 20 mM glucose pH 7.4 + 50 mg/L proline,5,8,0.109,T2,5-14B
2948,e3,14,C,14C,ΔproC (mCherry) ΔtrpR + pEP28,M9 20 mM glucose pH 7.4 + 50 mg/L proline,5,8,0.107,T2,5-14C
2949,0,0,D,0D,WT,M9 20 mM glucose pH 7.4,5,8,0.338,T2,5-0D
2950,0,0,E,0E,WT,M9 20 mM glucose pH 7.4,5,8,0.307,T2,5-0E
2951,0,0,F,0F,WT,M9 20 mM glucose pH 7.4,5,8,0.281,T2,5-0F
2952,e4,15,A,15A,ΔtrpC (sfGFP) proB74 + pEP28,M9 20 mM glucose pH 7.4 + 20 mg/L tryptophan,5,8,0.115,T2,5-15A
2953,e4,15,B,15B,ΔtrpC (sfGFP) proB74 + pEP28,M9 20 mM glucose pH 7.4 + 20 mg/L tryptophan,5,8,0.104,T2,5-15B
2954,e4,15,C,15C,ΔtrpC (sfGFP) proB74 + pEP28,M9 20 mM glucose pH 7.4 + 20 mg/L tryptophan,5,8,0.107,T2,5-15C
2955,e5,16,A,16A,WT+pEP65,M9 20 mM glucose pH 7.4 + 10 ng/mL aTc,5,8,0.272,T2,5-16A
2956,e5,16,B,16B,WT+pEP65,M9 20 mM glucose pH 7.4 + 10 ng/mL aTc,5,8,0.267,T2,5-16B
2957,e5,16,C,16C,WT+pEP65,M9 20 mM glucose pH 7.4 + 10 ng/mL aTc,5,8,0.262,T2,5-16C
2958,e6,17,A,17A,WT+pEP66_5,M9 20 mM glucose pH 7.4 + 10 ng/mL aTc,5,8,0.192,T2,5-17A
2959,e6,17,B,17B,WT+pEP66_5,M9 20 mM glucose pH 7.4 + 10 ng/mL aTc,5,8,0.194,T2,5-17B
2960,e6,17,C,17C,WT+pEP66_5,M9 20 mM glucose pH 7.4 + 10 ng/mL aTc,5,8,0.198,T2,5-17C
2961,e0,18,A,18A,E. coli MG1655,M9 20 mM glucose pH 7.4,5,8,0.265,T2,5-18A
2962,e0,18,B,18B,E. coli MG1655,M9 20 mM glucose pH 7.4,5,8,0.272,T2,5-18B
2963,e0,18,C,18C,E. coli MG1655,M9 20 mM glucose pH 7.4,5,8,0.256,T2,5-18C
2964,e5,19,A,19A,WT+pEP65,M9 20 mM glucose pH 7.4 + 100 ng/mL aTc,5,8,0.065,T2,5-19A
2965,e5,19,B,19B,WT+pEP65,M9 20 mM glucose pH 7.4 + 100 ng/mL aTc,5,8,0.065,T2,5-19B
2966,e5,19,C,19C,WT+pEP65,M9 20 mM glucose pH 7.4 + 100 ng/mL aTc,5,8,0.065,T2,5-19C
2967,e6,20,A,20A,WT+pEP66_5,M9 20 mM glucose pH 7.4 + 100 ng/mL aTc,5,8,0.082,T2,5-20A
2968,e6,20,B,20B,WT+pEP66_5,M9 20 mM glucose pH 7.4 + 100 ng/mL aTc,5,8,0.076,T2,5-20B
2969,e6,20,C,20C,WT+pEP66_5,M9 20 mM glucose pH 7.4 + 100 ng/mL aTc,5,8,0.072,T2,5-20C
2970,43,1,A,1A,livH,M9 20 mM glucose pH 7.4,5,10,0.308,T3,5-1A
2971,43,1,B,1B,livH,M9 20 mM glucose pH 7.4,5,10,0.306,T3,5-1B
2972,43,1,C,1C,livH,M9 20 mM glucose pH 7.4,5,10,0.284,T3,5-1C
2973,58,2,A,2A,rhtB,M9 20 mM glucose pH 7.4,5,10,0.677,T3,5-2A
2974,58,2,B,2B,rhtB,M9 20 mM glucose pH 7.4,5,10,0.694,T3,5-2B
2975,58,2,C,2C,rhtB,M9 20 mM glucose pH 7.4,5,10,0.618,T3,5-2C
2976,59,3,A,3A,eamA,M9 20 mM glucose pH 7.4,5,10,0.585,T3,5-3A
2977,59,3,B,3B,eamA,M9 20 mM glucose pH 7.4,5,10,0.61,T3,5-3B
2978,59,3,C,3C,eamA,M9 20 mM glucose pH 7.4,5,10,0.606,T3,5-3C
2979,60,4,A,4A,metI,M9 20 mM glucose pH 7.4,5,10,0.694,T3,5-4A
2980,60,4,B,4B,metI,M9 20 mM glucose pH 7.4,5,10,0.68,T3,5-4B
2981,60,4,C,4C,metI,M9 20 mM glucose pH 7.4,5,10,0.628,T3,5-4C
2982,61,5,A,5A,tolC,M9 20 mM glucose pH 7.4,5,10,0.036,T3,5-5A
2983,61,5,B,5B,tolC,M9 20 mM glucose pH 7.4,5,10,0.038,T3,5-5B
2984,61,5,C,5C,tolC,M9 20 mM glucose pH 7.4,5,10,0.033,T3,5-5C
2985,62,6,A,6A,yahN,M9 20 mM glucose pH 7.4,5,10,0.644,T3,5-6A
2986,62,6,B,6B,yahN,M9 20 mM glucose pH 7.4,5,10,0.684,T3,5-6B
2987,62,6,C,6C,yahN,M9 20 mM glucose pH 7.4,5,10,0.654,T3,5-6C
2988,63,7,A,7A,kgtP,M9 20 mM glucose pH 7.4,5,10,0.641,T3,5-7A
2989,63,7,B,7B,kgtP,M9 20 mM glucose pH 7.4,5,10,0.637,T3,5-7B
2990,63,7,C,7C,kgtP,M9 20 mM glucose pH 7.4,5,10,0.617,T3,5-7C
2991,0,0,A,0A,WT,M9 20 mM glucose pH 7.4,5,10,0.813,T3,5-0A
2992,0,0,B,0B,WT,M9 20 mM glucose pH 7.4,5,10,0.732,T3,5-0B
2993,0,0,C,0C,WT,M9 20 mM glucose pH 7.4,5,10,0.778,T3,5-0C
2994,64,8,A,8A,manY,M9 20 mM glucose pH 7.4,5,10,0.562,T3,5-8A
2995,64,8,B,8B,manY,M9 20 mM glucose pH 7.4,5,10,0.582,T3,5-8B
2996,64,8,C,8C,manY,M9 20 mM glucose pH 7.4,5,10,0.554,T3,5-8C
2997,65,9,A,9A,hisQ,M9 20 mM glucose pH 7.4,5,10,0.552,T3,5-9A
2998,65,9,B,9B,hisQ,M9 20 mM glucose pH 7.4,5,10,0.562,T3,5-9B
2999,65,9,C,9C,hisQ,M9 20 mM glucose pH 7.4,5,10,0.559,T3,5-9C
3000,66,10,A,10A,ansP,M9 20 mM glucose pH 7.4,5,10,0.61,T3,5-10A
3001,66,10,B,10B,ansP,M9 20 mM glucose pH 7.4,5,10,0.615,T3,5-10B
3002,66,10,C,10C,ansP,M9 20 mM glucose pH 7.4,5,10,0.645,T3,5-10C
3003,67,11,A,11A,glpT,M9 20 mM glucose pH 7.4,5,10,0.494,T3,5-11A
3004,67,11,B,11B,glpT,M9 20 mM glucose pH 7.4,5,10,0.487,T3,5-11B
3005,67,11,C,11C,glpT,M9 20 mM glucose pH 7.4,5,10,0.479,T3,5-11C
3006,e1,12,A,12A,WT+pEP35,M9 20 mM glucose pH 7.4 + 10 ng/mL aTc,5,10,0.036,T3,5-12A
3007,e1,12,B,12B,WT+pEP35,M9 20 mM glucose pH 7.4 + 10 ng/mL aTc,5,10,0.035,T3,5-12B
3008,e1,12,C,12C,WT+pEP35,M9 20 mM glucose pH 7.4 + 10 ng/mL aTc,5,10,0.035,T3,5-12C
3009,e2,13,A,13A,WT+pEP17,M9 20 mM glucose pH 7.4 + 10 ng/mL aTc,5,10,0.065,T3,5-13A
3010,e2,13,B,13B,WT+pEP17,M9 20 mM glucose pH 7.4 + 10 ng/mL aTc,5,10,0.062,T3,5-13B
3011,e2,13,C,13C,WT+pEP17,M9 20 mM glucose pH 7.4 + 10 ng/mL aTc,5,10,0.053,T3,5-13C
3012,e3,14,A,14A,ΔproC (mCherry) ΔtrpR + pEP28,M9 20 mM glucose pH 7.4 + 50 mg/L proline,5,10,0.226,T3,5-14A
3013,e3,14,B,14B,ΔproC (mCherry) ΔtrpR + pEP28,M9 20 mM glucose pH 7.4 + 50 mg/L proline,5,10,0.228,T3,5-14B
3014,e3,14,C,14C,ΔproC (mCherry) ΔtrpR + pEP28,M9 20 mM glucose pH 7.4 + 50 mg/L proline,5,10,0.208,T3,5-14C
3015,0,0,D,0D,WT,M9 20 mM glucose pH 7.4,5,10,0.733,T3,5-0D
3016,0,0,E,0E,WT,M9 20 mM glucose pH 7.4,5,10,0.69,T3,5-0E
3017,0,0,F,0F,WT,M9 20 mM glucose pH 7.4,5,10,0.644,T3,5-0F
3018,e4,15,A,15A,ΔtrpC (sfGFP) proB74 + pEP28,M9 20 mM glucose pH 7.4 + 20 mg/L tryptophan,5,10,0.263,T3,5-15A
3019,e4,15,B,15B,ΔtrpC (sfGFP) proB74 + pEP28,M9 20 mM glucose pH 7.4 + 20 mg/L tryptophan,5,10,0.24,T3,5-15B
3020,e4,15,C,15C,ΔtrpC (sfGFP) proB74 + pEP28,M9 20 mM glucose pH 7.4 + 20 mg/L tryptophan,5,10,0.232,T3,5-15C
3021,e5,16,A,16A,WT+pEP65,M9 20 mM glucose pH 7.4 + 10 ng/mL aTc,5,10,0.655,T3,5-16A
3022,e5,16,B,16B,WT+pEP65,M9 20 mM glucose pH 7.4 + 10 ng/mL aTc,5,10,0.66,T3,5-16B
3023,e5,16,C,16C,WT+pEP65,M9 20 mM glucose pH 7.4 + 10 ng/mL aTc,5,10,0.637,T3,5-16C
3024,e6,17,A,17A,WT+pEP66_5,M9 20 mM glucose pH 7.4 + 10 ng/mL aTc,5,10,0.463,T3,5-17A
3025,e6,17,B,17B,WT+pEP66_5,M9 20 mM glucose pH 7.4 + 10 ng/mL aTc,5,10,0.473,T3,5-17B
3026,e6,17,C,17C,WT+pEP66_5,M9 20 mM glucose pH 7.4 + 10 ng/mL aTc,5,10,0.469,T3,5-17C
3027,e0,18,A,18A,E. coli MG1655,M9 20 mM glucose pH 7.4,5,10,0.668,T3,5-18A
3028,e0,18,B,18B,E. coli MG1655,M9 20 mM glucose pH 7.4,5,10,0.693,T3,5-18B
3029,e0,18,C,18C,E. coli MG1655,M9 20 mM glucose pH 7.4,5,10,0.63,T3,5-18C
3030,e5,19,A,19A,WT+pEP65,M9 20 mM glucose pH 7.4 + 100 ng/mL aTc,5,10,0.113,T3,5-19A
3031,e5,19,B,19B,WT+pEP65,M9 20 mM glucose pH 7.4 + 100 ng/mL aTc,5,10,0.121,T3,5-19B
3032,e5,19,C,19C,WT+pEP65,M9 20 mM glucose pH 7.4 + 100 ng/mL aTc,5,10,0.109,T3,5-19C
3033,e6,20,A,20A,WT+pEP66_5,M9 20 mM glucose pH 7.4 + 100 ng/mL aTc,5,10,0.15,T3,5-20A
3034,e6,20,B,20B,WT+pEP66_5,M9 20 mM glucose pH 7.4 + 100 ng/mL aTc,5,10,0.14,T3,5-20B
3035,e6,20,C,20C,WT+pEP66_5,M9 20 mM glucose pH 7.4 + 100 ng/mL aTc,5,10,0.13,T3,5-20C
3036,43,1,A,1A,livH,M9 20 mM glucose pH 7.4,5,11,0.415,T4,5-1A
3037,43,1,B,1B,livH,M9 20 mM glucose pH 7.4,5,11,0.415,T4,5-1B
3038,43,1,C,1C,livH,M9 20 mM glucose pH 7.4,5,11,0.385,T4,5-1C
3039,58,2,A,2A,rhtB,M9 20 mM glucose pH 7.4,5,11,0.904,T4,5-2A
3040,58,2,B,2B,rhtB,M9 20 mM glucose pH 7.4,5,11,0.916,T4,5-2B
3041,58,2,C,2C,rhtB,M9 20 mM glucose pH 7.4,5,11,0.814,T4,5-2C
3042,59,3,A,3A,eamA,M9 20 mM glucose pH 7.4,5,11,0.776,T4,5-3A
3043,59,3,B,3B,eamA,M9 20 mM glucose pH 7.4,5,11,0.795,T4,5-3B
3044,59,3,C,3C,eamA,M9 20 mM glucose pH 7.4,5,11,0.783,T4,5-3C
3045,60,4,A,4A,metI,M9 20 mM glucose pH 7.4,5,11,0.891,T4,5-4A
3046,60,4,B,4B,metI,M9 20 mM glucose pH 7.4,5,11,0.893,T4,5-4B
3047,60,4,C,4C,metI,M9 20 mM glucose pH 7.4,5,11,0.825,T4,5-4C
3048,61,5,A,5A,tolC,M9 20 mM glucose pH 7.4,5,11,0.038,T4,5-5A
3049,61,5,B,5B,tolC,M9 20 mM glucose pH 7.4,5,11,0.038,T4,5-5B
3050,61,5,C,5C,tolC,M9 20 mM glucose pH 7.4,5,11,0.036,T4,5-5C
3051,62,6,A,6A,yahN,M9 20 mM glucose pH 7.4,5,11,0.853,T4,5-6A
3052,62,6,B,6B,yahN,M9 20 mM glucose pH 7.4,5,11,0.91,T4,5-6B
3053,62,6,C,6C,yahN,M9 20 mM glucose pH 7.4,5,11,0.86,T4,5-6C
3054,63,7,A,7A,kgtP,M9 20 mM glucose pH 7.4,5,11,0.846,T4,5-7A
3055,63,7,B,7B,kgtP,M9 20 mM glucose pH 7.4,5,11,0.841,T4,5-7B
3056,63,7,C,7C,kgtP,M9 20 mM glucose pH 7.4,5,11,0.815,T4,5-7C
3057,0,0,A,0A,WT,M9 20 mM glucose pH 7.4,5,11,1.039,T4,5-0A
3058,0,0,B,0B,WT,M9 20 mM glucose pH 7.4,5,11,0.95,T4,5-0B
3059,0,0,C,0C,WT,M9 20 mM glucose pH 7.4,5,11,0.995,T4,5-0C
3060,64,8,A,8A,manY,M9 20 mM glucose pH 7.4,5,11,0.774,T4,5-8A
3061,64,8,B,8B,manY,M9 20 mM glucose pH 7.4,5,11,0.814,T4,5-8B
3062,64,8,C,8C,manY,M9 20 mM glucose pH 7.4,5,11,0.763,T4,5-8C
3063,65,9,A,9A,hisQ,M9 20 mM glucose pH 7.4,5,11,0.758,T4,5-9A
3064,65,9,B,9B,hisQ,M9 20 mM glucose pH 7.4,5,11,0.773,T4,5-9B
3065,65,9,C,9C,hisQ,M9 20 mM glucose pH 7.4,5,11,0.767,T4,5-9C
3066,66,10,A,10A,ansP,M9 20 mM glucose pH 7.4,5,11,0.829,T4,5-10A
3067,66,10,B,10B,ansP,M9 20 mM glucose pH 7.4,5,11,0.838,T4,5-10B
3068,66,10,C,10C,ansP,M9 20 mM glucose pH 7.4,5,11,0.882,T4,5-10C
3069,67,11,A,11A,glpT,M9 20 mM glucose pH 7.4,5,11,0.679,T4,5-11A
3070,67,11,B,11B,glpT,M9 20 mM glucose pH 7.4,5,11,0.666,T4,5-11B
3071,67,11,C,11C,glpT,M9 20 mM glucose pH 7.4,5,11,0.648,T4,5-11C
3072,e1,12,A,12A,WT+pEP35,M9 20 mM glucose pH 7.4 + 10 ng/mL aTc,5,11,0.041,T4,5-12A
3073,e1,12,B,12B,WT+pEP35,M9 20 mM glucose pH 7.4 + 10 ng/mL aTc,5,11,0.041,T4,5-12B
3074,e1,12,C,12C,WT+pEP35,M9 20 mM glucose pH 7.4 + 10 ng/mL aTc,5,11,0.039,T4,5-12C
3075,e2,13,A,13A,WT+pEP17,M9 20 mM glucose pH 7.4 + 10 ng/mL aTc,5,11,0.076,T4,5-13A
3076,e2,13,B,13B,WT+pEP17,M9 20 mM glucose pH 7.4 + 10 ng/mL aTc,5,11,0.075,T4,5-13B
3077,e2,13,C,13C,WT+pEP17,M9 20 mM glucose pH 7.4 + 10 ng/mL aTc,5,11,0.057,T4,5-13C
3078,e3,14,A,14A,ΔproC (mCherry) ΔtrpR + pEP28,M9 20 mM glucose pH 7.4 + 50 mg/L proline,5,11,0.292,T4,5-14A
3079,e3,14,B,14B,ΔproC (mCherry) ΔtrpR + pEP28,M9 20 mM glucose pH 7.4 + 50 mg/L proline,5,11,0.298,T4,5-14B
3080,e3,14,C,14C,ΔproC (mCherry) ΔtrpR + pEP28,M9 20 mM glucose pH 7.4 + 50 mg/L proline,5,11,0.275,T4,5-14C
3081,0,0,D,0D,WT,M9 20 mM glucose pH 7.4,5,11,0.994,T4,5-0D
3082,0,0,E,0E,WT,M9 20 mM glucose pH 7.4,5,11,0.932,T4,5-0E
3083,0,0,F,0F,WT,M9 20 mM glucose pH 7.4,5,11,0.866,T4,5-0F
3084,e4,15,A,15A,ΔtrpC (sfGFP) proB74 + pEP28,M9 20 mM glucose pH 7.4 + 20 mg/L tryptophan,5,11,0.349,T4,5-15A
3085,e4,15,B,15B,ΔtrpC (sfGFP) proB74 + pEP28,M9 20 mM glucose pH 7.4 + 20 mg/L tryptophan,5,11,0.315,T4,5-15B
3086,e4,15,C,15C,ΔtrpC (sfGFP) proB74 + pEP28,M9 20 mM glucose pH 7.4 + 20 mg/L tryptophan,5,11,0.313,T4,5-15C
3087,e5,16,A,16A,WT+pEP65,M9 20 mM glucose pH 7.4 + 10 ng/mL aTc,5,11,0.886,T4,5-16A
3088,e5,16,B,16B,WT+pEP65,M9 20 mM glucose pH 7.4 + 10 ng/mL aTc,5,11,0.901,T4,5-16B
3089,e5,16,C,16C,WT+pEP65,M9 20 mM glucose pH 7.4 + 10 ng/mL aTc,5,11,0.869,T4,5-16C
3090,e6,17,A,17A,WT+pEP66_5,M9 20 mM glucose pH 7.4 + 10 ng/mL aTc,5,11,0.631,T4,5-17A
3091,e6,17,B,17B,WT+pEP66_5,M9 20 mM glucose pH 7.4 + 10 ng/mL aTc,5,11,0.637,T4,5-17B
3092,e6,17,C,17C,WT+pEP66_5,M9 20 mM glucose pH 7.4 + 10 ng/mL aTc,5,11,0.623,T4,5-17C
3093,e0,18,A,18A,E. coli MG1655,M9 20 mM glucose pH 7.4,5,11,0.903,T4,5-18A
3094,e0,18,B,18B,E. coli MG1655,M9 20 mM glucose pH 7.4,5,11,0.942,T4,5-18B
3095,e0,18,C,18C,E. coli MG1655,M9 20 mM glucose pH 7.4,5,11,0.869,T4,5-18C
3096,e5,19,A,19A,WT+pEP65,M9 20 mM glucose pH 7.4 + 100 ng/mL aTc,5,11,0.152,T4,5-19A
3097,e5,19,B,19B,WT+pEP65,M9 20 mM glucose pH 7.4 + 100 ng/mL aTc,5,11,0.162,T4,5-19B
3098,e5,19,C,19C,WT+pEP65,M9 20 mM glucose pH 7.4 + 100 ng/mL aTc,5,11,0.147,T4,5-19C
3099,e6,20,A,20A,WT+pEP66_5,M9 20 mM glucose pH 7.4 + 100 ng/mL aTc,5,11,0.205,T4,5-20A
3100,e6,20,B,20B,WT+pEP66_5,M9 20 mM glucose pH 7.4 + 100 ng/mL aTc,5,11,0.193,T4,5-20B
3101,e6,20,C,20C,WT+pEP66_5,M9 20 mM glucose pH 7.4 + 100 ng/mL aTc,5,11,0.178,T4,5-20C
3102,43,1,A,1A,livH,M9 20 mM glucose pH 7.4,5,12,0.586,T5,5-1A
3103,43,1,B,1B,livH,M9 20 mM glucose pH 7.4,5,12,0.579,T5,5-1B
3104,43,1,C,1C,livH,M9 20 mM glucose pH 7.4,5,12,0.542,T5,5-1C
3105,58,2,A,2A,rhtB,M9 20 mM glucose pH 7.4,5,12,1.158,T5,5-2A
3106,58,2,B,2B,rhtB,M9 20 mM glucose pH 7.4,5,12,1.172,T5,5-2B
3107,58,2,C,2C,rhtB,M9 20 mM glucose pH 7.4,5,12,1.069,T5,5-2C
3108,59,3,A,3A,eamA,M9 20 mM glucose pH 7.4,5,12,0.998,T5,5-3A
3109,59,3,B,3B,eamA,M9 20 mM glucose pH 7.4,5,12,1.019,T5,5-3B
3110,59,3,C,3C,eamA,M9 20 mM glucose pH 7.4,5,12,1.01,T5,5-3C
3111,60,4,A,4A,metI,M9 20 mM glucose pH 7.4,5,12,1.143,T5,5-4A
3112,60,4,B,4B,metI,M9 20 mM glucose pH 7.4,5,12,1.139,T5,5-4B
3113,60,4,C,4C,metI,M9 20 mM glucose pH 7.4,5,12,1.06,T5,5-4C
3114,61,5,A,5A,tolC,M9 20 mM glucose pH 7.4,5,12,0.043,T5,5-5A
3115,61,5,B,5B,tolC,M9 20 mM glucose pH 7.4,5,12,0.042,T5,5-5B
3116,61,5,C,5C,tolC,M9 20 mM glucose pH 7.4,5,12,0.039,T5,5-5C
3117,62,6,A,6A,yahN,M9 20 mM glucose pH 7.4,5,12,1.107,T5,5-6A
3118,62,6,B,6B,yahN,M9 20 mM glucose pH 7.4,5,12,1.166,T5,5-6B
3119,62,6,C,6C,yahN,M9 20 mM glucose pH 7.4,5,12,1.115,T5,5-6C
3120,63,7,A,7A,kgtP,M9 20 mM glucose pH 7.4,5,12,1.08,T5,5-7A
3121,63,7,B,7B,kgtP,M9 20 mM glucose pH 7.4,5,12,1.072,T5,5-7B
3122,63,7,C,7C,kgtP,M9 20 mM glucose pH 7.4,5,12,1.058,T5,5-7C
3123,0,0,A,0A,WT,M9 20 mM glucose pH 7.4,5,12,1.25,T5,5-0A
3124,0,0,B,0B,WT,M9 20 mM glucose pH 7.4,5,12,1.178,T5,5-0B
3125,0,0,C,0C,WT,M9 20 mM glucose pH 7.4,5,12,1.215,T5,5-0C
3126,64,8,A,8A,manY,M9 20 mM glucose pH 7.4,5,12,1.049,T5,5-8A
3127,64,8,B,8B,manY,M9 20 mM glucose pH 7.4,5,12,1.1,T5,5-8B
3128,64,8,C,8C,manY,M9 20 mM glucose pH 7.4,5,12,1.039,T5,5-8C
3129,65,9,A,9A,hisQ,M9 20 mM glucose pH 7.4,5,12,1.027,T5,5-9A
3130,65,9,B,9B,hisQ,M9 20 mM glucose pH 7.4,5,12,1.056,T5,5-9B
3131,65,9,C,9C,hisQ,M9 20 mM glucose pH 7.4,5,12,1.05,T5,5-9C
3132,66,10,A,10A,ansP,M9 20 mM glucose pH 7.4,5,12,1.094,T5,5-10A
3133,66,10,B,10B,ansP,M9 20 mM glucose pH 7.4,5,12,1.109,T5,5-10B
3134,66,10,C,10C,ansP,M9 20 mM glucose pH 7.4,5,12,1.163,T5,5-10C
3135,67,11,A,11A,glpT,M9 20 mM glucose pH 7.4,5,12,0.902,T5,5-11A
3136,67,11,B,11B,glpT,M9 20 mM glucose pH 7.4,5,12,0.881,T5,5-11B
3137,67,11,C,11C,glpT,M9 20 mM glucose pH 7.4,5,12,0.879,T5,5-11C
3138,e1,12,A,12A,WT+pEP35,M9 20 mM glucose pH 7.4 + 10 ng/mL aTc,5,12,0.048,T5,5-12A
3139,e1,12,B,12B,WT+pEP35,M9 20 mM glucose pH 7.4 + 10 ng/mL aTc,5,12,0.046,T5,5-12B
3140,e1,12,C,12C,WT+pEP35,M9 20 mM glucose pH 7.4 + 10 ng/mL aTc,5,12,0.047,T5,5-12C
3141,e2,13,A,13A,WT+pEP17,M9 20 mM glucose pH 7.4 + 10 ng/mL aTc,5,12,0.089,T5,5-13A
3142,e2,13,B,13B,WT+pEP17,M9 20 mM glucose pH 7.4 + 10 ng/mL aTc,5,12,0.08,T5,5-13B
3143,e2,13,C,13C,WT+pEP17,M9 20 mM glucose pH 7.4 + 10 ng/mL aTc,5,12,0.066,T5,5-13C
3144,e3,14,A,14A,ΔproC (mCherry) ΔtrpR + pEP28,M9 20 mM glucose pH 7.4 + 50 mg/L proline,5,12,0.399,T5,5-14A
3145,e3,14,B,14B,ΔproC (mCherry) ΔtrpR + pEP28,M9 20 mM glucose pH 7.4 + 50 mg/L proline,5,12,0.402,T5,5-14B
3146,e3,14,C,14C,ΔproC (mCherry) ΔtrpR + pEP28,M9 20 mM glucose pH 7.4 + 50 mg/L proline,5,12,0.375,T5,5-14C
3147,0,0,D,0D,WT,M9 20 mM glucose pH 7.4,5,12,1.226,T5,5-0D
3148,0,0,E,0E,WT,M9 20 mM glucose pH 7.4,5,12,1.176,T5,5-0E
3149,0,0,F,0F,WT,M9 20 mM glucose pH 7.4,5,12,1.119,T5,5-0F
3150,e4,15,A,15A,ΔtrpC (sfGFP) proB74 + pEP28,M9 20 mM glucose pH 7.4 + 20 mg/L tryptophan,5,12,0.453,T5,5-15A
3151,e4,15,B,15B,ΔtrpC (sfGFP) proB74 + pEP28,M9 20 mM glucose pH 7.4 + 20 mg/L tryptophan,5,12,0.423,T5,5-15B
3152,e4,15,C,15C,ΔtrpC (sfGFP) proB74 + pEP28,M9 20 mM glucose pH 7.4 + 20 mg/L tryptophan,5,12,0.424,T5,5-15C
3153,e5,16,A,16A,WT+pEP65,M9 20 mM glucose pH 7.4 + 10 ng/mL aTc,5,12,1.145,T5,5-16A
3154,e5,16,B,16B,WT+pEP65,M9 20 mM glucose pH 7.4 + 10 ng/mL aTc,5,12,1.141,T5,5-16B
3155,e5,16,C,16C,WT+pEP65,M9 20 mM glucose pH 7.4 + 10 ng/mL aTc,5,12,1.131,T5,5-16C
3156,e6,17,A,17A,WT+pEP66_5,M9 20 mM glucose pH 7.4 + 10 ng/mL aTc,5,12,0.848,T5,5-17A
3157,e6,17,B,17B,WT+pEP66_5,M9 20 mM glucose pH 7.4 + 10 ng/mL aTc,5,12,0.838,T5,5-17B
3158,e6,17,C,17C,WT+pEP66_5,M9 20 mM glucose pH 7.4 + 10 ng/mL aTc,5,12,0.835,T5,5-17C
3159,e0,18,A,18A,E. coli MG1655,M9 20 mM glucose pH 7.4,5,12,1.176,T5,5-18A
3160,e0,18,B,18B,E. coli MG1655,M9 20 mM glucose pH 7.4,5,12,1.2,T5,5-18B
3161,e0,18,C,18C,E. coli MG1655,M9 20 mM glucose pH 7.4,5,12,1.145,T5,5-18C
3162,e5,19,A,19A,WT+pEP65,M9 20 mM glucose pH 7.4 + 100 ng/mL aTc,5,12,0.205,T5,5-19A
3163,e5,19,B,19B,WT+pEP65,M9 20 mM glucose pH 7.4 + 100 ng/mL aTc,5,12,0.216,T5,5-19B
3164,e5,19,C,19C,WT+pEP65,M9 20 mM glucose pH 7.4 + 100 ng/mL aTc,5,12,0.194,T5,5-19C
3165,e6,20,A,20A,WT+pEP66_5,M9 20 mM glucose pH 7.4 + 100 ng/mL aTc,5,12,0.267,T5,5-20A
3166,e6,20,B,20B,WT+pEP66_5,M9 20 mM glucose pH 7.4 + 100 ng/mL aTc,5,12,0.252,T5,5-20B
3167,e6,20,C,20C,WT+pEP66_5,M9 20 mM glucose pH 7.4 + 100 ng/mL aTc,5,12,0.236,T5,5-20C
3168,43,1,A,1A,livH,M9 20 mM glucose pH 7.4,5,13,0.816,T6,5-1A
3169,43,1,B,1B,livH,M9 20 mM glucose pH 7.4,5,13,0.815,T6,5-1B
3170,43,1,C,1C,livH,M9 20 mM glucose pH 7.4,5,13,0.766,T6,5-1C
3171,58,2,A,2A,rhtB,M9 20 mM glucose pH 7.4,5,13,1.371,T6,5-2A
3172,58,2,B,2B,rhtB,M9 20 mM glucose pH 7.4,5,13,1.376,T6,5-2B
3173,58,2,C,2C,rhtB,M9 20 mM glucose pH 7.4,5,13,1.299,T6,5-2C
3174,59,3,A,3A,eamA,M9 20 mM glucose pH 7.4,5,13,1.195,T6,5-3A
3175,59,3,B,3B,eamA,M9 20 mM glucose pH 7.4,5,13,1.215,T6,5-3B
3176,59,3,C,3C,eamA,M9 20 mM glucose pH 7.4,5,13,1.208,T6,5-3C
3177,60,4,A,4A,metI,M9 20 mM glucose pH 7.4,5,13,1.299,T6,5-4A
3178,60,4,B,4B,metI,M9 20 mM glucose pH 7.4,5,13,1.293,T6,5-4B
3179,60,4,C,4C,metI,M9 20 mM glucose pH 7.4,5,13,1.25,T6,5-4C
3180,61,5,A,5A,tolC,M9 20 mM glucose pH 7.4,5,13,0.047,T6,5-5A
3181,61,5,B,5B,tolC,M9 20 mM glucose pH 7.4,5,13,0.048,T6,5-5B
3182,61,5,C,5C,tolC,M9 20 mM glucose pH 7.4,5,13,0.043,T6,5-5C
3183,62,6,A,6A,yahN,M9 20 mM glucose pH 7.4,5,13,1.319,T6,5-6A
3184,62,6,B,6B,yahN,M9 20 mM glucose pH 7.4,5,13,1.362,T6,5-6B
3185,62,6,C,6C,yahN,M9 20 mM glucose pH 7.4,5,13,1.332,T6,5-6C
3186,63,7,A,7A,kgtP,M9 20 mM glucose pH 7.4,5,13,1.245,T6,5-7A
3187,63,7,B,7B,kgtP,M9 20 mM glucose pH 7.4,5,13,1.249,T6,5-7B
3188,63,7,C,7C,kgtP,M9 20 mM glucose pH 7.4,5,13,1.263,T6,5-7C
3189,0,0,A,0A,WT,M9 20 mM glucose pH 7.4,5,13,1.372,T6,5-0A
3190,0,0,B,0B,WT,M9 20 mM glucose pH 7.4,5,13,1.328,T6,5-0B
3191,0,0,C,0C,WT,M9 20 mM glucose pH 7.4,5,13,1.375,T6,5-0C
3192,64,8,A,8A,manY,M9 20 mM glucose pH 7.4,5,13,1.197,T6,5-8A
3193,64,8,B,8B,manY,M9 20 mM glucose pH 7.4,5,13,1.251,T6,5-8B
3194,64,8,C,8C,manY,M9 20 mM glucose pH 7.4,5,13,1.208,T6,5-8C
3195,65,9,A,9A,hisQ,M9 20 mM glucose pH 7.4,5,13,1.203,T6,5-9A
3196,65,9,B,9B,hisQ,M9 20 mM glucose pH 7.4,5,13,1.217,T6,5-9B
3197,65,9,C,9C,hisQ,M9 20 mM glucose pH 7.4,5,13,1.221,T6,5-9C
3198,66,10,A,10A,ansP,M9 20 mM glucose pH 7.4,5,13,1.239,T6,5-10A
3199,66,10,B,10B,ansP,M9 20 mM glucose pH 7.4,5,13,1.247,T6,5-10B
3200,66,10,C,10C,ansP,M9 20 mM glucose pH 7.4,5,13,1.311,T6,5-10C
3201,67,11,A,11A,glpT,M9 20 mM glucose pH 7.4,5,13,1.043,T6,5-11A
3202,67,11,B,11B,glpT,M9 20 mM glucose pH 7.4,5,13,1.031,T6,5-11B
3203,67,11,C,11C,glpT,M9 20 mM glucose pH 7.4,5,13,1.053,T6,5-11C
3204,e1,12,A,12A,WT+pEP35,M9 20 mM glucose pH 7.4 + 10 ng/mL aTc,5,13,0.056,T6,5-12A
3205,e1,12,B,12B,WT+pEP35,M9 20 mM glucose pH 7.4 + 10 ng/mL aTc,5,13,0.058,T6,5-12B
3206,e1,12,C,12C,WT+pEP35,M9 20 mM glucose pH 7.4 + 10 ng/mL aTc,5,13,0.054,T6,5-12C
3207,e2,13,A,13A,WT+pEP17,M9 20 mM glucose pH 7.4 + 10 ng/mL aTc,5,13,0.103,T6,5-13A
3208,e2,13,B,13B,WT+pEP17,M9 20 mM glucose pH 7.4 + 10 ng/mL aTc,5,13,0.09,T6,5-13B
3209,e2,13,C,13C,WT+pEP17,M9 20 mM glucose pH 7.4 + 10 ng/mL aTc,5,13,0.073,T6,5-13C
3210,e3,14,A,14A,ΔproC (mCherry) ΔtrpR + pEP28,M9 20 mM glucose pH 7.4 + 50 mg/L proline,5,13,0.539,T6,5-14A
3211,e3,14,B,14B,ΔproC (mCherry) ΔtrpR + pEP28,M9 20 mM glucose pH 7.4 + 50 mg/L proline,5,13,0.538,T6,5-14B
3212,e3,14,C,14C,ΔproC (mCherry) ΔtrpR + pEP28,M9 20 mM glucose pH 7.4 + 50 mg/L proline,5,13,0.503,T6,5-14C
3213,0,0,D,0D,WT,M9 20 mM glucose pH 7.4,5,13,1.373,T6,5-0D
3214,0,0,E,0E,WT,M9 20 mM glucose pH 7.4,5,13,1.278,T6,5-0E
3215,0,0,F,0F,WT,M9 20 mM glucose pH 7.4,5,13,1.27,T6,5-0F
3216,e4,15,A,15A,ΔtrpC (sfGFP) proB74 + pEP28,M9 20 mM glucose pH 7.4 + 20 mg/L tryptophan,5,13,0.58,T6,5-15A
3217,e4,15,B,15B,ΔtrpC (sfGFP) proB74 + pEP28,M9 20 mM glucose pH 7.4 + 20 mg/L tryptophan,5,13,0.551,T6,5-15B
3218,e4,15,C,15C,ΔtrpC (sfGFP) proB74 + pEP28,M9 20 mM glucose pH 7.4 + 20 mg/L tryptophan,5,13,0.543,T6,5-15C
3219,e5,16,A,16A,WT+pEP65,M9 20 mM glucose pH 7.4 + 10 ng/mL aTc,5,13,1.283,T6,5-16A
3220,e5,16,B,16B,WT+pEP65,M9 20 mM glucose pH 7.4 + 10 ng/mL aTc,5,13,1.28,T6,5-16B
3221,e5,16,C,16C,WT+pEP65,M9 20 mM glucose pH 7.4 + 10 ng/mL aTc,5,13,1.271,T6,5-16C
3222,e6,17,A,17A,WT+pEP66_5,M9 20 mM glucose pH 7.4 + 10 ng/mL aTc,5,13,0.999,T6,5-17A
3223,e6,17,B,17B,WT+pEP66_5,M9 20 mM glucose pH 7.4 + 10 ng/mL aTc,5,13,0.993,T6,5-17B
3224,e6,17,C,17C,WT+pEP66_5,M9 20 mM glucose pH 7.4 + 10 ng/mL aTc,5,13,0.996,T6,5-17C
3225,e0,18,A,18A,E. coli MG1655,M9 20 mM glucose pH 7.4,5,13,1.302,T6,5-18A
3226,e0,18,B,18B,E. coli MG1655,M9 20 mM glucose pH 7.4,5,13,1.327,T6,5-18B
3227,e0,18,C,18C,E. coli MG1655,M9 20 mM glucose pH 7.4,5,13,1.286,T6,5-18C
3228,e5,19,A,19A,WT+pEP65,M9 20 mM glucose pH 7.4 + 100 ng/mL aTc,5,13,0.259,T6,5-19A
3229,e5,19,B,19B,WT+pEP65,M9 20 mM glucose pH 7.4 + 100 ng/mL aTc,5,13,0.275,T6,5-19B
3230,e5,19,C,19C,WT+pEP65,M9 20 mM glucose pH 7.4 + 100 ng/mL aTc,5,13,0.243,T6,5-19C
3231,e6,20,A,20A,WT+pEP66_5,M9 20 mM glucose pH 7.4 + 100 ng/mL aTc,5,13,0.334,T6,5-20A
3232,e6,20,B,20B,WT+pEP66_5,M9 20 mM glucose pH 7.4 + 100 ng/mL aTc,5,13,0.316,T6,5-20B
3233,e6,20,C,20C,WT+pEP66_5,M9 20 mM glucose pH 7.4 + 100 ng/mL aTc,5,13,0.293,T6,5-20C
3234,43,1,A,1A,livH,M9 20 mM glucose pH 7.4,5,14,1.04,T7,5-1A
3235,43,1,B,1B,livH,M9 20 mM glucose pH 7.4,5,14,1.028,T7,5-1B
3236,43,1,C,1C,livH,M9 20 mM glucose pH 7.4,5,14,0.969,T7,5-1C
3237,58,2,A,2A,rhtB,M9 20 mM glucose pH 7.4,5,14,1.4,T7,5-2A
3238,58,2,B,2B,rhtB,M9 20 mM glucose pH 7.4,5,14,1.411,T7,5-2B
3239,58,2,C,2C,rhtB,M9 20 mM glucose pH 7.4,5,14,1.384,T7,5-2C
3240,59,3,A,3A,eamA,M9 20 mM glucose pH 7.4,5,14,1.261,T7,5-3A
3241,59,3,B,3B,eamA,M9 20 mM glucose pH 7.4,5,14,1.309,T7,5-3B
3242,59,3,C,3C,eamA,M9 20 mM glucose pH 7.4,5,14,1.29,T7,5-3C
3243,60,4,A,4A,metI,M9 20 mM glucose pH 7.4,5,14,1.345,T7,5-4A
3244,60,4,B,4B,metI,M9 20 mM glucose pH 7.4,5,14,1.34,T7,5-4B
3245,60,4,C,4C,metI,M9 20 mM glucose pH 7.4,5,14,1.299,T7,5-4C
3246,61,5,A,5A,tolC,M9 20 mM glucose pH 7.4,5,14,0.055,T7,5-5A
3247,61,5,B,5B,tolC,M9 20 mM glucose pH 7.4,5,14,0.054,T7,5-5B
3248,61,5,C,5C,tolC,M9 20 mM glucose pH 7.4,5,14,0.049,T7,5-5C
3249,62,6,A,6A,yahN,M9 20 mM glucose pH 7.4,5,14,1.386,T7,5-6A
3250,62,6,B,6B,yahN,M9 20 mM glucose pH 7.4,5,14,1.407,T7,5-6B
3251,62,6,C,6C,yahN,M9 20 mM glucose pH 7.4,5,14,1.398,T7,5-6C
3252,63,7,A,7A,kgtP,M9 20 mM glucose pH 7.4,5,14,1.306,T7,5-7A
3253,63,7,B,7B,kgtP,M9 20 mM glucose pH 7.4,5,14,1.311,T7,5-7B
3254,63,7,C,7C,kgtP,M9 20 mM glucose pH 7.4,5,14,1.351,T7,5-7C
3255,0,0,A,0A,WT,M9 20 mM glucose pH 7.4,5,14,1.393,T7,5-0A
3256,0,0,B,0B,WT,M9 20 mM glucose pH 7.4,5,14,1.36,T7,5-0B
3257,0,0,C,0C,WT,M9 20 mM glucose pH 7.4,5,14,1.394,T7,5-0C
3258,64,8,A,8A,manY,M9 20 mM glucose pH 7.4,5,14,1.263,T7,5-8A
3259,64,8,B,8B,manY,M9 20 mM glucose pH 7.4,5,14,1.338,T7,5-8B
3260,64,8,C,8C,manY,M9 20 mM glucose pH 7.4,5,14,1.28,T7,5-8C
3261,65,9,A,9A,hisQ,M9 20 mM glucose pH 7.4,5,14,1.261,T7,5-9A
3262,65,9,B,9B,hisQ,M9 20 mM glucose pH 7.4,5,14,1.283,T7,5-9B
3263,65,9,C,9C,hisQ,M9 20 mM glucose pH 7.4,5,14,1.306,T7,5-9C
3264,66,10,A,10A,ansP,M9 20 mM glucose pH 7.4,5,14,1.293,T7,5-10A
3265,66,10,B,10B,ansP,M9 20 mM glucose pH 7.4,5,14,1.308,T7,5-10B
3266,66,10,C,10C,ansP,M9 20 mM glucose pH 7.4,5,14,1.379,T7,5-10C
3267,67,11,A,11A,glpT,M9 20 mM glucose pH 7.4,5,14,1.144,T7,5-11A
3268,67,11,B,11B,glpT,M9 20 mM glucose pH 7.4,5,14,1.164,T7,5-11B
3269,67,11,C,11C,glpT,M9 20 mM glucose pH 7.4,5,14,1.158,T7,5-11C
3270,e1,12,A,12A,WT+pEP35,M9 20 mM glucose pH 7.4 + 10 ng/mL aTc,5,14,0.072,T7,5-12A
3271,e1,12,B,12B,WT+pEP35,M9 20 mM glucose pH 7.4 + 10 ng/mL aTc,5,14,0.071,T7,5-12B
3272,e1,12,C,12C,WT+pEP35,M9 20 mM glucose pH 7.4 + 10 ng/mL aTc,5,14,0.067,T7,5-12C
3273,e2,13,A,13A,WT+pEP17,M9 20 mM glucose pH 7.4 + 10 ng/mL aTc,5,14,0.125,T7,5-13A
3274,e2,13,B,13B,WT+pEP17,M9 20 mM glucose pH 7.4 + 10 ng/mL aTc,5,14,0.104,T7,5-13B
3275,e2,13,C,13C,WT+pEP17,M9 20 mM glucose pH 7.4 + 10 ng/mL aTc,5,14,0.094,T7,5-13C
3276,e3,14,A,14A,ΔproC (mCherry) ΔtrpR + pEP28,M9 20 mM glucose pH 7.4 + 50 mg/L proline,5,14,0.714,T7,5-14A
3277,e3,14,B,14B,ΔproC (mCherry) ΔtrpR + pEP28,M9 20 mM glucose pH 7.4 + 50 mg/L proline,5,14,0.714,T7,5-14B
3278,e3,14,C,14C,ΔproC (mCherry) ΔtrpR + pEP28,M9 20 mM glucose pH 7.4 + 50 mg/L proline,5,14,0.68,T7,5-14C
3279,0,0,D,0D,WT,M9 20 mM glucose pH 7.4,5,14,1.401,T7,5-0D
3280,0,0,E,0E,WT,M9 20 mM glucose pH 7.4,5,14,1.342,T7,5-0E
3281,0,0,F,0F,WT,M9 20 mM glucose pH 7.4,5,14,1.325,T7,5-0F
3282,e4,15,A,15A,ΔtrpC (sfGFP) proB74 + pEP28,M9 20 mM glucose pH 7.4 + 20 mg/L tryptophan,5,14,0.774,T7,5-15A
3283,e4,15,B,15B,ΔtrpC (sfGFP) proB74 + pEP28,M9 20 mM glucose pH 7.4 + 20 mg/L tryptophan,5,14,0.737,T7,5-15B
3284,e4,15,C,15C,ΔtrpC (sfGFP) proB74 + pEP28,M9 20 mM glucose pH 7.4 + 20 mg/L tryptophan,5,14,0.736,T7,5-15C
3285,e5,16,A,16A,WT+pEP65,M9 20 mM glucose pH 7.4 + 10 ng/mL aTc,5,14,1.33,T7,5-16A
3286,e5,16,B,16B,WT+pEP65,M9 20 mM glucose pH 7.4 + 10 ng/mL aTc,5,14,1.316,T7,5-16B
3287,e5,16,C,16C,WT+pEP65,M9 20 mM glucose pH 7.4 + 10 ng/mL aTc,5,14,1.344,T7,5-16C
3288,e6,17,A,17A,WT+pEP66_5,M9 20 mM glucose pH 7.4 + 10 ng/mL aTc,5,14,1.162,T7,5-17A
3289,e6,17,B,17B,WT+pEP66_5,M9 20 mM glucose pH 7.4 + 10 ng/mL aTc,5,14,1.146,T7,5-17B
3290,e6,17,C,17C,WT+pEP66_5,M9 20 mM glucose pH 7.4 + 10 ng/mL aTc,5,14,1.146,T7,5-17C
3291,e0,18,A,18A,E. coli MG1655,M9 20 mM glucose pH 7.4,5,14,1.339,T7,5-18A
3292,e0,18,B,18B,E. coli MG1655,M9 20 mM glucose pH 7.4,5,14,1.371,T7,5-18B
3293,e0,18,C,18C,E. coli MG1655,M9 20 mM glucose pH 7.4,5,14,1.333,T7,5-18C
3294,e5,19,A,19A,WT+pEP65,M9 20 mM glucose pH 7.4 + 100 ng/mL aTc,5,14,0.356,T7,5-19A
3295,e5,19,B,19B,WT+pEP65,M9 20 mM glucose pH 7.4 + 100 ng/mL aTc,5,14,0.375,T7,5-19B
3296,e5,19,C,19C,WT+pEP65,M9 20 mM glucose pH 7.4 + 100 ng/mL aTc,5,14,0.327,T7,5-19C
3297,e6,20,A,20A,WT+pEP66_5,M9 20 mM glucose pH 7.4 + 100 ng/mL aTc,5,14,0.448,T7,5-20A
3298,e6,20,B,20B,WT+pEP66_5,M9 20 mM glucose pH 7.4 + 100 ng/mL aTc,5,14,0.43,T7,5-20B
3299,e6,20,C,20C,WT+pEP66_5,M9 20 mM glucose pH 7.4 + 100 ng/mL aTc,5,14,0.397,T7,5-20C
3300,43,1,A,1A,livH,M9 20 mM glucose pH 7.4,5,15,1.207,T8,5-1A
3301,43,1,B,1B,livH,M9 20 mM glucose pH 7.4,5,15,1.198,T8,5-1B
3302,43,1,C,1C,livH,M9 20 mM glucose pH 7.4,5,15,1.159,T8,5-1C
3303,58,2,A,2A,rhtB,M9 20 mM glucose pH 7.4,5,15,1.388,T8,5-2A
3304,58,2,B,2B,rhtB,M9 20 mM glucose pH 7.4,5,15,1.409,T8,5-2B
3305,58,2,C,2C,rhtB,M9 20 mM glucose pH 7.4,5,15,1.395,T8,5-2C
3306,59,3,A,3A,eamA,M9 20 mM glucose pH 7.4,5,15,1.276,T8,5-3A
3307,59,3,B,3B,eamA,M9 20 mM glucose pH 7.4,5,15,1.287,T8,5-3B
3308,59,3,C,3C,eamA,M9 20 mM glucose pH 7.4,5,15,1.302,T8,5-3C
3309,60,4,A,4A,metI,M9 20 mM glucose pH 7.4,5,15,1.341,T8,5-4A
3310,60,4,B,4B,metI,M9 20 mM glucose pH 7.4,5,15,1.341,T8,5-4B
3311,60,4,C,4C,metI,M9 20 mM glucose pH 7.4,5,15,1.316,T8,5-4C
3312,61,5,A,5A,tolC,M9 20 mM glucose pH 7.4,5,15,0.066,T8,5-5A
3313,61,5,B,5B,tolC,M9 20 mM glucose pH 7.4,5,15,0.064,T8,5-5B
3314,61,5,C,5C,tolC,M9 20 mM glucose pH 7.4,5,15,0.056,T8,5-5C
3315,62,6,A,6A,yahN,M9 20 mM glucose pH 7.4,5,15,1.395,T8,5-6A
3316,62,6,B,6B,yahN,M9 20 mM glucose pH 7.4,5,15,1.413,T8,5-6B
3317,62,6,C,6C,yahN,M9 20 mM glucose pH 7.4,5,15,1.405,T8,5-6C
3318,63,7,A,7A,kgtP,M9 20 mM glucose pH 7.4,5,15,1.314,T8,5-7A
3319,63,7,B,7B,kgtP,M9 20 mM glucose pH 7.4,5,15,1.311,T8,5-7B
3320,63,7,C,7C,kgtP,M9 20 mM glucose pH 7.4,5,15,1.375,T8,5-7C
3321,0,0,A,0A,WT,M9 20 mM glucose pH 7.4,5,15,1.382,T8,5-0A
3322,0,0,B,0B,WT,M9 20 mM glucose pH 7.4,5,15,1.35,T8,5-0B
3323,0,0,C,0C,WT,M9 20 mM glucose pH 7.4,5,15,1.385,T8,5-0C
3324,64,8,A,8A,manY,M9 20 mM glucose pH 7.4,5,15,1.259,T8,5-8A
3325,64,8,B,8B,manY,M9 20 mM glucose pH 7.4,5,15,1.342,T8,5-8B
3326,64,8,C,8C,manY,M9 20 mM glucose pH 7.4,5,15,1.282,T8,5-8C
3327,65,9,A,9A,hisQ,M9 20 mM glucose pH 7.4,5,15,1.265,T8,5-9A
3328,65,9,B,9B,hisQ,M9 20 mM glucose pH 7.4,5,15,1.279,T8,5-9B
3329,65,9,C,9C,hisQ,M9 20 mM glucose pH 7.4,5,15,1.308,T8,5-9C
3330,66,10,A,10A,ansP,M9 20 mM glucose pH 7.4,5,15,1.287,T8,5-10A
3331,66,10,B,10B,ansP,M9 20 mM glucose pH 7.4,5,15,1.302,T8,5-10B
3332,66,10,C,10C,ansP,M9 20 mM glucose pH 7.4,5,15,1.381,T8,5-10C
3333,67,11,A,11A,glpT,M9 20 mM glucose pH 7.4,5,15,1.163,T8,5-11A
3334,67,11,B,11B,glpT,M9 20 mM glucose pH 7.4,5,15,1.161,T8,5-11B
3335,67,11,C,11C,glpT,M9 20 mM glucose pH 7.4,5,15,1.167,T8,5-11C
3336,e1,12,A,12A,WT+pEP35,M9 20 mM glucose pH 7.4 + 10 ng/mL aTc,5,15,0.098,T8,5-12A
3337,e1,12,B,12B,WT+pEP35,M9 20 mM glucose pH 7.4 + 10 ng/mL aTc,5,15,0.095,T8,5-12B
3338,e1,12,C,12C,WT+pEP35,M9 20 mM glucose pH 7.4 + 10 ng/mL aTc,5,15,0.085,T8,5-12C
3339,e2,13,A,13A,WT+pEP17,M9 20 mM glucose pH 7.4 + 10 ng/mL aTc,5,15,0.148,T8,5-13A
3340,e2,13,B,13B,WT+pEP17,M9 20 mM glucose pH 7.4 + 10 ng/mL aTc,5,15,0.153,T8,5-13B
3341,e2,13,C,13C,WT+pEP17,M9 20 mM glucose pH 7.4 + 10 ng/mL aTc,5,15,0.106,T8,5-13C
3342,e3,14,A,14A,ΔproC (mCherry) ΔtrpR + pEP28,M9 20 mM glucose pH 7.4 + 50 mg/L proline,5,15,0.883,T8,5-14A
3343,e3,14,B,14B,ΔproC (mCherry) ΔtrpR + pEP28,M9 20 mM glucose pH 7.4 + 50 mg/L proline,5,15,0.881,T8,5-14B
3344,e3,14,C,14C,ΔproC (mCherry) ΔtrpR + pEP28,M9 20 mM glucose pH 7.4 + 50 mg/L proline,5,15,0.846,T8,5-14C
3345,0,0,D,0D,WT,M9 20 mM glucose pH 7.4,5,15,1.399,T8,5-0D
3346,0,0,E,0E,WT,M9 20 mM glucose pH 7.4,5,15,1.322,T8,5-0E
3347,0,0,F,0F,WT,M9 20 mM glucose pH 7.4,5,15,1.32,T8,5-0F
3348,e4,15,A,15A,ΔtrpC (sfGFP) proB74 + pEP28,M9 20 mM glucose pH 7.4 + 20 mg/L tryptophan,5,15,0.974,T8,5-15A
3349,e4,15,B,15B,ΔtrpC (sfGFP) proB74 + pEP28,M9 20 mM glucose pH 7.4 + 20 mg/L tryptophan,5,15,0.905,T8,5-15B
3350,e4,15,C,15C,ΔtrpC (sfGFP) proB74 + pEP28,M9 20 mM glucose pH 7.4 + 20 mg/L tryptophan,5,15,0.903,T8,5-15C
3351,e5,16,A,16A,WT+pEP65,M9 20 mM glucose pH 7.4 + 10 ng/mL aTc,5,15,1.335,T8,5-16A
3352,e5,16,B,16B,WT+pEP65,M9 20 mM glucose pH 7.4 + 10 ng/mL aTc,5,15,1.32,T8,5-16B
3353,e5,16,C,16C,WT+pEP65,M9 20 mM glucose pH 7.4 + 10 ng/mL aTc,5,15,1.348,T8,5-16C
3354,e6,17,A,17A,WT+pEP66_5,M9 20 mM glucose pH 7.4 + 10 ng/mL aTc,5,15,1.228,T8,5-17A
3355,e6,17,B,17B,WT+pEP66_5,M9 20 mM glucose pH 7.4 + 10 ng/mL aTc,5,15,1.218,T8,5-17B
3356,e6,17,C,17C,WT+pEP66_5,M9 20 mM glucose pH 7.4 + 10 ng/mL aTc,5,15,1.214,T8,5-17C
3357,e0,18,A,18A,E. coli MG1655,M9 20 mM glucose pH 7.4,5,15,1.331,T8,5-18A
3358,e0,18,B,18B,E. coli MG1655,M9 20 mM glucose pH 7.4,5,15,1.341,T8,5-18B
3359,e0,18,C,18C,E. coli MG1655,M9 20 mM glucose pH 7.4,5,15,1.325,T8,5-18C
3360,e5,19,A,19A,WT+pEP65,M9 20 mM glucose pH 7.4 + 100 ng/mL aTc,5,15,0.449,T8,5-19A
3361,e5,19,B,19B,WT+pEP65,M9 20 mM glucose pH 7.4 + 100 ng/mL aTc,5,15,0.474,T8,5-19B
3362,e5,19,C,19C,WT+pEP65,M9 20 mM glucose pH 7.4 + 100 ng/mL aTc,5,15,0.421,T8,5-19C
3363,e6,20,A,20A,WT+pEP66_5,M9 20 mM glucose pH 7.4 + 100 ng/mL aTc,5,15,0.573,T8,5-20A
3364,e6,20,B,20B,WT+pEP66_5,M9 20 mM glucose pH 7.4 + 100 ng/mL aTc,5,15,0.563,T8,5-20B
3365,e6,20,C,20C,WT+pEP66_5,M9 20 mM glucose pH 7.4 + 100 ng/mL aTc,5,15,0.497,T8,5-20C
3366,43,1,A,1A,livH,M9 20 mM glucose pH 7.4,5,16,1.271,T9,5-1A
3367,43,1,B,1B,livH,M9 20 mM glucose pH 7.4,5,16,1.282,T9,5-1B
3368,43,1,C,1C,livH,M9 20 mM glucose pH 7.4,5,16,1.261,T9,5-1C
3369,58,2,A,2A,rhtB,M9 20 mM glucose pH 7.4,5,16,1.378,T9,5-2A
3370,58,2,B,2B,rhtB,M9 20 mM glucose pH 7.4,5,16,1.394,T9,5-2B
3371,58,2,C,2C,rhtB,M9 20 mM glucose pH 7.4,5,16,1.385,T9,5-2C
3372,59,3,A,3A,eamA,M9 20 mM glucose pH 7.4,5,16,1.265,T9,5-3A
3373,59,3,B,3B,eamA,M9 20 mM glucose pH 7.4,5,16,1.282,T9,5-3B
3374,59,3,C,3C,eamA,M9 20 mM glucose pH 7.4,5,16,1.292,T9,5-3C
3375,60,4,A,4A,metI,M9 20 mM glucose pH 7.4,5,16,1.319,T9,5-4A
3376,60,4,B,4B,metI,M9 20 mM glucose pH 7.4,5,16,1.333,T9,5-4B
3377,60,4,C,4C,metI,M9 20 mM glucose pH 7.4,5,16,1.305,T9,5-4C
3378,61,5,A,5A,tolC,M9 20 mM glucose pH 7.4,5,16,0.08,T9,5-5A
3379,61,5,B,5B,tolC,M9 20 mM glucose pH 7.4,5,16,0.078,T9,5-5B
3380,61,5,C,5C,tolC,M9 20 mM glucose pH 7.4,5,16,0.069,T9,5-5C
3381,62,6,A,6A,yahN,M9 20 mM glucose pH 7.4,5,16,1.382,T9,5-6A
3382,62,6,B,6B,yahN,M9 20 mM glucose pH 7.4,5,16,1.397,T9,5-6B
3383,62,6,C,6C,yahN,M9 20 mM glucose pH 7.4,5,16,1.389,T9,5-6C
3384,63,7,A,7A,kgtP,M9 20 mM glucose pH 7.4,5,16,1.297,T9,5-7A
3385,63,7,B,7B,kgtP,M9 20 mM glucose pH 7.4,5,16,1.302,T9,5-7B
3386,63,7,C,7C,kgtP,M9 20 mM glucose pH 7.4,5,16,1.358,T9,5-7C
3387,0,0,A,0A,WT,M9 20 mM glucose pH 7.4,5,16,1.361,T9,5-0A
3388,0,0,B,0B,WT,M9 20 mM glucose pH 7.4,5,16,1.305,T9,5-0B
3389,0,0,C,0C,WT,M9 20 mM glucose pH 7.4,5,16,1.386,T9,5-0C
3390,64,8,A,8A,manY,M9 20 mM glucose pH 7.4,5,16,1.25,T9,5-8A
3391,64,8,B,8B,manY,M9 20 mM glucose pH 7.4,5,16,1.326,T9,5-8B
3392,64,8,C,8C,manY,M9 20 mM glucose pH 7.4,5,16,1.27,T9,5-8C
3393,65,9,A,9A,hisQ,M9 20 mM glucose pH 7.4,5,16,1.251,T9,5-9A
3394,65,9,B,9B,hisQ,M9 20 mM glucose pH 7.4,5,16,1.273,T9,5-9B
3395,65,9,C,9C,hisQ,M9 20 mM glucose pH 7.4,5,16,1.294,T9,5-9C
3396,66,10,A,10A,ansP,M9 20 mM glucose pH 7.4,5,16,1.264,T9,5-10A
3397,66,10,B,10B,ansP,M9 20 mM glucose pH 7.4,5,16,1.283,T9,5-10B
3398,66,10,C,10C,ansP,M9 20 mM glucose pH 7.4,5,16,1.373,T9,5-10C
3399,67,11,A,11A,glpT,M9 20 mM glucose pH 7.4,5,16,1.155,T9,5-11A
3400,67,11,B,11B,glpT,M9 20 mM glucose pH 7.4,5,16,1.158,T9,5-11B
3401,67,11,C,11C,glpT,M9 20 mM glucose pH 7.4,5,16,1.17,T9,5-11C
3402,e1,12,A,12A,WT+pEP35,M9 20 mM glucose pH 7.4 + 10 ng/mL aTc,5,16,0.137,T9,5-12A
3403,e1,12,B,12B,WT+pEP35,M9 20 mM glucose pH 7.4 + 10 ng/mL aTc,5,16,0.138,T9,5-12B
3404,e1,12,C,12C,WT+pEP35,M9 20 mM glucose pH 7.4 + 10 ng/mL aTc,5,16,0.12,T9,5-12C
3405,e2,13,A,13A,WT+pEP17,M9 20 mM glucose pH 7.4 + 10 ng/mL aTc,5,16,0.192,T9,5-13A
3406,e2,13,B,13B,WT+pEP17,M9 20 mM glucose pH 7.4 + 10 ng/mL aTc,5,16,0.168,T9,5-13B
3407,e2,13,C,13C,WT+pEP17,M9 20 mM glucose pH 7.4 + 10 ng/mL aTc,5,16,0.132,T9,5-13C
3408,e3,14,A,14A,ΔproC (mCherry) ΔtrpR + pEP28,M9 20 mM glucose pH 7.4 + 50 mg/L proline,5,16,1.062,T9,5-14A
3409,e3,14,B,14B,ΔproC (mCherry) ΔtrpR + pEP28,M9 20 mM glucose pH 7.4 + 50 mg/L proline,5,16,1.07,T9,5-14B
3410,e3,14,C,14C,ΔproC (mCherry) ΔtrpR + pEP28,M9 20 mM glucose pH 7.4 + 50 mg/L proline,5,16,1.052,T9,5-14C
3411,0,0,D,0D,WT,M9 20 mM glucose pH 7.4,5,16,1.377,T9,5-0D
3412,0,0,E,0E,WT,M9 20 mM glucose pH 7.4,5,16,1.3,T9,5-0E
3413,0,0,F,0F,WT,M9 20 mM glucose pH 7.4,5,16,1.305,T9,5-0F
3414,e4,15,A,15A,ΔtrpC (sfGFP) proB74 + pEP28,M9 20 mM glucose pH 7.4 + 20 mg/L tryptophan,5,16,1.099,T9,5-15A
3415,e4,15,B,15B,ΔtrpC (sfGFP) proB74 + pEP28,M9 20 mM glucose pH 7.4 + 20 mg/L tryptophan,5,16,1.066,T9,5-15B
3416,e4,15,C,15C,ΔtrpC (sfGFP) proB74 + pEP28,M9 20 mM glucose pH 7.4 + 20 mg/L tryptophan,5,16,1.07,T9,5-15C
3417,e5,16,A,16A,WT+pEP65,M9 20 mM glucose pH 7.4 + 10 ng/mL aTc,5,16,1.314,T9,5-16A
3418,e5,16,B,16B,WT+pEP65,M9 20 mM glucose pH 7.4 + 10 ng/mL aTc,5,16,1.315,T9,5-16B
3419,e5,16,C,16C,WT+pEP65,M9 20 mM glucose pH 7.4 + 10 ng/mL aTc,5,16,1.346,T9,5-16C
3420,e6,17,A,17A,WT+pEP66_5,M9 20 mM glucose pH 7.4 + 10 ng/mL aTc,5,16,1.275,T9,5-17A
3421,e6,17,B,17B,WT+pEP66_5,M9 20 mM glucose pH 7.4 + 10 ng/mL aTc,5,16,1.263,T9,5-17B
3422,e6,17,C,17C,WT+pEP66_5,M9 20 mM glucose pH 7.4 + 10 ng/mL aTc,5,16,1.266,T9,5-17C
3423,e0,18,A,18A,E. coli MG1655,M9 20 mM glucose pH 7.4,5,16,1.315,T9,5-18A
3424,e0,18,B,18B,E. coli MG1655,M9 20 mM glucose pH 7.4,5,16,1.321,T9,5-18B
3425,e0,18,C,18C,E. coli MG1655,M9 20 mM glucose pH 7.4,5,16,1.306,T9,5-18C
3426,e5,19,A,19A,WT+pEP65,M9 20 mM glucose pH 7.4 + 100 ng/mL aTc,5,16,0.62,T9,5-19A
3427,e5,19,B,19B,WT+pEP65,M9 20 mM glucose pH 7.4 + 100 ng/mL aTc,5,16,0.645,T9,5-19B
3428,e5,19,C,19C,WT+pEP65,M9 20 mM glucose pH 7.4 + 100 ng/mL aTc,5,16,0.57,T9,5-19C
3429,e6,20,A,20A,WT+pEP66_5,M9 20 mM glucose pH 7.4 + 100 ng/mL aTc,5,16,0.769,T9,5-20A
3430,e6,20,B,20B,WT+pEP66_5,M9 20 mM glucose pH 7.4 + 100 ng/mL aTc,5,16,0.722,T9,5-20B
3431,e6,20,C,20C,WT+pEP66_5,M9 20 mM glucose pH 7.4 + 100 ng/mL aTc,5,16,0.676,T9,5-20C
3432,43,1,A,1A,livH,M9 20 mM glucose pH 7.4,5,20,1.234,T10,5-1A
3433,43,1,B,1B,livH,M9 20 mM glucose pH 7.4,5,20,1.237,T10,5-1B
3434,43,1,C,1C,livH,M9 20 mM glucose pH 7.4,5,20,1.258,T10,5-1C
3435,58,2,A,2A,rhtB,M9 20 mM glucose pH 7.4,5,20,1.276,T10,5-2A
3436,58,2,B,2B,rhtB,M9 20 mM glucose pH 7.4,5,20,1.302,T10,5-2B
3437,58,2,C,2C,rhtB,M9 20 mM glucose pH 7.4,5,20,1.279,T10,5-2C
3438,59,3,A,3A,eamA,M9 20 mM glucose pH 7.4,5,20,1.173,T10,5-3A
3439,59,3,B,3B,eamA,M9 20 mM glucose pH 7.4,5,20,1.179,T10,5-3B
3440,59,3,C,3C,eamA,M9 20 mM glucose pH 7.4,5,20,1.201,T10,5-3C
3441,60,4,A,4A,metI,M9 20 mM glucose pH 7.4,5,20,1.213,T10,5-4A
3442,60,4,B,4B,metI,M9 20 mM glucose pH 7.4,5,20,1.222,T10,5-4B
3443,60,4,C,4C,metI,M9 20 mM glucose pH 7.4,5,20,1.184,T10,5-4C
3444,61,5,A,5A,tolC,M9 20 mM glucose pH 7.4,5,20,0.404,T10,5-5A
3445,61,5,B,5B,tolC,M9 20 mM glucose pH 7.4,5,20,0.391,T10,5-5B
3446,61,5,C,5C,tolC,M9 20 mM glucose pH 7.4,5,20,0.319,T10,5-5C
3447,62,6,A,6A,yahN,M9 20 mM glucose pH 7.4,5,20,1.277,T10,5-6A
3448,62,6,B,6B,yahN,M9 20 mM glucose pH 7.4,5,20,1.284,T10,5-6B
3449,62,6,C,6C,yahN,M9 20 mM glucose pH 7.4,5,20,1.277,T10,5-6C
3450,63,7,A,7A,kgtP,M9 20 mM glucose pH 7.4,5,20,1.194,T10,5-7A
3451,63,7,B,7B,kgtP,M9 20 mM glucose pH 7.4,5,20,1.191,T10,5-7B
3452,63,7,C,7C,kgtP,M9 20 mM glucose pH 7.4,5,20,1.291,T10,5-7C
3453,0,0,A,0A,WT,M9 20 mM glucose pH 7.4,5,20,1.259,T10,5-0A
3454,0,0,B,0B,WT,M9 20 mM glucose pH 7.4,5,20,1.222,T10,5-0B
3455,0,0,C,0C,WT,M9 20 mM glucose pH 7.4,5,20,1.271,T10,5-0C
3456,64,8,A,8A,manY,M9 20 mM glucose pH 7.4,5,20,1.119,T10,5-8A
3457,64,8,B,8B,manY,M9 20 mM glucose pH 7.4,5,20,1.27,T10,5-8B
3458,64,8,C,8C,manY,M9 20 mM glucose pH 7.4,5,20,1.149,T10,5-8C
3459,65,9,A,9A,hisQ,M9 20 mM glucose pH 7.4,5,20,1.128,T10,5-9A
3460,65,9,B,9B,hisQ,M9 20 mM glucose pH 7.4,5,20,1.166,T10,5-9B
3461,65,9,C,9C,hisQ,M9 20 mM glucose pH 7.4,5,20,1.202,T10,5-9C
3462,66,10,A,10A,ansP,M9 20 mM glucose pH 7.4,5,20,1.14,T10,5-10A
3463,66,10,B,10B,ansP,M9 20 mM glucose pH 7.4,5,20,1.167,T10,5-10B
3464,66,10,C,10C,ansP,M9 20 mM glucose pH 7.4,5,20,1.369,T10,5-10C
3465,67,11,A,11A,glpT,M9 20 mM glucose pH 7.4,5,20,1.072,T10,5-11A
3466,67,11,B,11B,glpT,M9 20 mM glucose pH 7.4,5,20,1.07,T10,5-11B
3467,67,11,C,11C,glpT,M9 20 mM glucose pH 7.4,5,20,1.08,T10,5-11C
3468,e1,12,A,12A,WT+pEP35,M9 20 mM glucose pH 7.4 + 10 ng/mL aTc,5,20,0.654,T10,5-12A
3469,e1,12,B,12B,WT+pEP35,M9 20 mM glucose pH 7.4 + 10 ng/mL aTc,5,20,0.743,T10,5-12B
3470,e1,12,C,12C,WT+pEP35,M9 20 mM glucose pH 7.4 + 10 ng/mL aTc,5,20,0.587,T10,5-12C
3471,e2,13,A,13A,WT+pEP17,M9 20 mM glucose pH 7.4 + 10 ng/mL aTc,5,20,0.66,T10,5-13A
3472,e2,13,B,13B,WT+pEP17,M9 20 mM glucose pH 7.4 + 10 ng/mL aTc,5,20,0.668,T10,5-13B
3473,e2,13,C,13C,WT+pEP17,M9 20 mM glucose pH 7.4 + 10 ng/mL aTc,5,20,0.587,T10,5-13C
3474,e3,14,A,14A,ΔproC (mCherry) ΔtrpR + pEP28,M9 20 mM glucose pH 7.4 + 50 mg/L proline,5,20,1.184,T10,5-14A
3475,e3,14,B,14B,ΔproC (mCherry) ΔtrpR + pEP28,M9 20 mM glucose pH 7.4 + 50 mg/L proline,5,20,1.26,T10,5-14B
3476,e3,14,C,14C,ΔproC (mCherry) ΔtrpR + pEP28,M9 20 mM glucose pH 7.4 + 50 mg/L proline,5,20,1.207,T10,5-14C
3477,0,0,D,0D,WT,M9 20 mM glucose pH 7.4,5,20,1.378,T10,5-0D
3478,0,0,E,0E,WT,M9 20 mM glucose pH 7.4,5,20,1.276,T10,5-0E
3479,0,0,F,0F,WT,M9 20 mM glucose pH 7.4,5,20,1.206,T10,5-0F
3480,e4,15,A,15A,ΔtrpC (sfGFP) proB74 + pEP28,M9 20 mM glucose pH 7.4 + 20 mg/L tryptophan,5,20,1.093,T10,5-15A
3481,e4,15,B,15B,ΔtrpC (sfGFP) proB74 + pEP28,M9 20 mM glucose pH 7.4 + 20 mg/L tryptophan,5,20,1.087,T10,5-15B
3482,e4,15,C,15C,ΔtrpC (sfGFP) proB74 + pEP28,M9 20 mM glucose pH 7.4 + 20 mg/L tryptophan,5,20,1.128,T10,5-15C
3483,e5,16,A,16A,WT+pEP65,M9 20 mM glucose pH 7.4 + 10 ng/mL aTc,5,20,1.228,T10,5-16A
3484,e5,16,B,16B,WT+pEP65,M9 20 mM glucose pH 7.4 + 10 ng/mL aTc,5,20,1.196,T10,5-16B
3485,e5,16,C,16C,WT+pEP65,M9 20 mM glucose pH 7.4 + 10 ng/mL aTc,5,20,1.223,T10,5-16C
3486,e6,17,A,17A,WT+pEP66_5,M9 20 mM glucose pH 7.4 + 10 ng/mL aTc,5,20,1.264,T10,5-17A
3487,e6,17,B,17B,WT+pEP66_5,M9 20 mM glucose pH 7.4 + 10 ng/mL aTc,5,20,1.265,T10,5-17B
3488,e6,17,C,17C,WT+pEP66_5,M9 20 mM glucose pH 7.4 + 10 ng/mL aTc,5,20,1.271,T10,5-17C
3489,e0,18,A,18A,E. coli MG1655,M9 20 mM glucose pH 7.4,5,20,1.198,T10,5-18A
3490,e0,18,B,18B,E. coli MG1655,M9 20 mM glucose pH 7.4,5,20,1.218,T10,5-18B
3491,e0,18,C,18C,E. coli MG1655,M9 20 mM glucose pH 7.4,5,20,1.184,T10,5-18C
3492,e5,19,A,19A,WT+pEP65,M9 20 mM glucose pH 7.4 + 100 ng/mL aTc,5,20,1.395,T10,5-19A
3493,e5,19,B,19B,WT+pEP65,M9 20 mM glucose pH 7.4 + 100 ng/mL aTc,5,20,1.33,T10,5-19B
3494,e5,19,C,19C,WT+pEP65,M9 20 mM glucose pH 7.4 + 100 ng/mL aTc,5,20,1.345,T10,5-19C
3495,e6,20,A,20A,WT+pEP66_5,M9 20 mM glucose pH 7.4 + 100 ng/mL aTc,5,20,1.396,T10,5-20A
3496,e6,20,B,20B,WT+pEP66_5,M9 20 mM glucose pH 7.4 + 100 ng/mL aTc,5,20,1.433,T10,5-20B
3497,e6,20,C,20C,WT+pEP66_5,M9 20 mM glucose pH 7.4 + 100 ng/mL aTc,5,20,1.422,T10,5-20C
3510,61,5,A,5A,tolC,M9 20 mM glucose pH 7.4,5,21,0.459,,5-5A
3511,61,5,B,5B,tolC,M9 20 mM glucose pH 7.4,5,21,0.437,,5-5B
3512,61,5,C,5C,tolC,M9 20 mM glucose pH 7.4,5,21,0.36,,5-5C
3534,e1,12,A,12A,WT+pEP35,M9 20 mM glucose pH 7.4 + 10 ng/mL aTc,5,21,0.811,,5-12A
3535,e1,12,B,12B,WT+pEP35,M9 20 mM glucose pH 7.4 + 10 ng/mL aTc,5,21,0.867,,5-12B
3536,e1,12,C,12C,WT+pEP35,M9 20 mM glucose pH 7.4 + 10 ng/mL aTc,5,21,0.691,,5-12C
3537,e2,13,A,13A,WT+pEP17,M9 20 mM glucose pH 7.4 + 10 ng/mL aTc,5,21,0.77,,5-13A
3538,e2,13,B,13B,WT+pEP17,M9 20 mM glucose pH 7.4 + 10 ng/mL aTc,5,21,0.809,,5-13B
3539,e2,13,C,13C,WT+pEP17,M9 20 mM glucose pH 7.4 + 10 ng/mL aTc,5,21,0.678,,5-13C
3540,e3,14,A,14A,ΔproC (mCherry) ΔtrpR + pEP28,M9 20 mM glucose pH 7.4 + 50 mg/L proline,5,21,1.15,,5-14A
3541,e3,14,B,14B,ΔproC (mCherry) ΔtrpR + pEP28,M9 20 mM glucose pH 7.4 + 50 mg/L proline,5,21,1.192,,5-14B
3542,e3,14,C,14C,ΔproC (mCherry) ΔtrpR + pEP28,M9 20 mM glucose pH 7.4 + 50 mg/L proline,5,21,1.205,,5-14C
3546,e4,15,A,15A,ΔtrpC (sfGFP) proB74 + pEP28,M9 20 mM glucose pH 7.4 + 20 mg/L tryptophan,5,21,1.085,,5-15A
3547,e4,15,B,15B,ΔtrpC (sfGFP) proB74 + pEP28,M9 20 mM glucose pH 7.4 + 20 mg/L tryptophan,5,21,1.078,,5-15B
3548,e4,15,C,15C,ΔtrpC (sfGFP) proB74 + pEP28,M9 20 mM glucose pH 7.4 + 20 mg/L tryptophan,5,21,1.064,,5-15C
3576,61,5,A,5A,tolC,M9 20 mM glucose pH 7.4,5,23,1.032,T11,5-5A
3577,61,5,B,5B,tolC,M9 20 mM glucose pH 7.4,5,23,1.057,T11,5-5B
3578,61,5,C,5C,tolC,M9 20 mM glucose pH 7.4,5,23,0.938,T11,5-5C
3600,e1,12,A,12A,WT+pEP35,M9 20 mM glucose pH 7.4 + 10 ng/mL aTc,5,23,1.3,T11,5-12A
3601,e1,12,B,12B,WT+pEP35,M9 20 mM glucose pH 7.4 + 10 ng/mL aTc,5,23,1.369,T11,5-12B
3602,e1,12,C,12C,WT+pEP35,M9 20 mM glucose pH 7.4 + 10 ng/mL aTc,5,23,1.238,T11,5-12C
3603,e2,13,A,13A,WT+pEP17,M9 20 mM glucose pH 7.4 + 10 ng/mL aTc,5,23,1.262,T11,5-13A
3604,e2,13,B,13B,WT+pEP17,M9 20 mM glucose pH 7.4 + 10 ng/mL aTc,5,23,1.35,T11,5-13B
3605,e2,13,C,13C,WT+pEP17,M9 20 mM glucose pH 7.4 + 10 ng/mL aTc,5,23,1.258,T11,5-13C
3642,61,5,A,5A,tolC,M9 20 mM glucose pH 7.4,5,24,1.197,T12,5-5A
3643,61,5,B,5B,tolC,M9 20 mM glucose pH 7.4,5,24,1.192,T12,5-5B
3644,61,5,C,5C,tolC,M9 20 mM glucose pH 7.4,5,24,1.076,T12,5-5C
3666,e1,12,A,12A,WT+pEP35,M9 20 mM glucose pH 7.4 + 10 ng/mL aTc,5,24,1.377,T12,5-12A
3667,e1,12,B,12B,WT+pEP35,M9 20 mM glucose pH 7.4 + 10 ng/mL aTc,5,24,1.473,T12,5-12B
3668,e1,12,C,12C,WT+pEP35,M9 20 mM glucose pH 7.4 + 10 ng/mL aTc,5,24,1.305,T12,5-12C
3669,e2,13,A,13A,WT+pEP17,M9 20 mM glucose pH 7.4 + 10 ng/mL aTc,5,24,1.359,T12,5-13A
3670,e2,13,B,13B,WT+pEP17,M9 20 mM glucose pH 7.4 + 10 ng/mL aTc,5,24,1.46,T12,5-13B
3671,e2,13,C,13C,WT+pEP17,M9 20 mM glucose pH 7.4 + 10 ng/mL aTc,5,24,1.383,T12,5-13C