,Strain #,Tube #,Parallel,Tube,Strain,Medium,Batch,Hours,OD,Timepoint,Batch-Tube,Exp. phase time limit,AUC OD
0,18,4,B,4B,actP,M9 20 mM glucose pH 7.4,2,0.0,0.01,,2-4B,13.0,0.0
1,22,8,B,8B,setA,M9 20 mM glucose pH 7.4,2,0.0,0.01,,2-8B,13.0,0.0
2,32,4,A,4A,focA,M9 20 mM glucose pH 7.4,3,0.0,0.01,,3-4A,14.0,0.0
3,29,1,A,1A,gadC,M9 20 mM glucose pH 7.4,3,0.0,0.01,,3-1A,14.0,0.0
4,39,11,C,11C,fruA,M9 20 mM glucose pH 7.4,3,0.0,0.01,,3-11C,13.0,0.0
5,39,11,B,11B,fruA,M9 20 mM glucose pH 7.4,3,0.0,0.01,,3-11B,13.0,0.0
6,39,11,A,11A,fruA,M9 20 mM glucose pH 7.4,3,0.0,0.01,,3-11A,13.0,0.0
7,31,3,A,3A,glnP,M9 20 mM glucose pH 7.4,3,0.0,0.01,,3-3A,13.0,0.0
8,31,3,B,3B,glnP,M9 20 mM glucose pH 7.4,3,0.0,0.01,,3-3B,13.0,0.0
9,31,3,C,3C,glnP,M9 20 mM glucose pH 7.4,3,0.0,0.01,,3-3C,13.0,0.0
10,32,4,C,4C,focA,M9 20 mM glucose pH 7.4,3,0.0,0.01,,3-4C,14.0,0.0
11,22,8,A,8A,setA,M9 20 mM glucose pH 7.4,2,0.0,0.01,,2-8A,13.0,0.0
12,33,5,B,5B,artQ,M9 20 mM glucose pH 7.4,3,0.0,0.01,,3-5B,14.0,0.0
13,35,7,B,7B,glpF,M9 20 mM glucose pH 7.4,3,0.0,0.01,,3-7B,12.0,0.0
14,35,7,C,7C,glpF,M9 20 mM glucose pH 7.4,3,0.0,0.01,,3-7C,12.0,0.0
15,37,9,C,9C,cycA,M9 20 mM glucose pH 7.4,3,0.0,0.01,,3-9C,14.0,0.0
16,37,9,B,9B,cycA,M9 20 mM glucose pH 7.4,3,0.0,0.01,,3-9B,14.0,0.0
17,37,9,A,9A,cycA,M9 20 mM glucose pH 7.4,3,0.0,0.01,,3-9A,14.0,0.0
18,41,13,A,13A,gltP,M9 20 mM glucose pH 7.4,3,0.0,0.01,,3-13A,13.0,0.0
19,41,13,B,13B,gltP,M9 20 mM glucose pH 7.4,3,0.0,0.01,,3-13B,13.0,0.0
20,41,13,C,13C,gltP,M9 20 mM glucose pH 7.4,3,0.0,0.01,,3-13C,13.0,0.0
21,35,7,A,7A,glpF,M9 20 mM glucose pH 7.4,3,0.0,0.01,,3-7A,12.0,0.0
22,33,5,A,5A,artQ,M9 20 mM glucose pH 7.4,3,0.0,0.01,,3-5A,14.0,0.0
23,32,4,B,4B,focA,M9 20 mM glucose pH 7.4,3,0.0,0.01,,3-4B,14.0,0.0
24,22,8,C,8C,setA,M9 20 mM glucose pH 7.4,2,0.0,0.01,,2-8C,13.0,0.0
25,29,1,C,1C,gadC,M9 20 mM glucose pH 7.4,3,0.0,0.01,,3-1C,14.0,0.0
26,0,0,A,0A,WT,M9 20 mM glucose pH 7.4,2,0.0,0.01,,2-0A,13.0,0.0
27,0,0,A,0A,WT,M9 20 mM glucose pH 7.4,3,0.0,0.01,,3-0A,13.0,0.0
28,42,14,C,14C,mscL,M9 20 mM glucose pH 7.4,3,0.0,0.01,,3-14C,14.0,0.0
29,38,10,A,10A,nupC,M9 20 mM glucose pH 7.4,3,0.0,0.01,,3-10A,13.0,0.0
30,38,10,B,10B,nupC,M9 20 mM glucose pH 7.4,3,0.0,0.01,,3-10B,13.0,0.0
31,38,10,C,10C,nupC,M9 20 mM glucose pH 7.4,3,0.0,0.01,,3-10C,13.0,0.0
32,0,0,F,0F,WT,M9 20 mM glucose pH 7.4,3,0.0,0.01,,3-0F,13.0,0.0
33,0,0,E,0E,WT,M9 20 mM glucose pH 7.4,3,0.0,0.01,,3-0E,13.0,0.0
34,0,0,D,0D,WT,M9 20 mM glucose pH 7.4,3,0.0,0.01,,3-0D,13.0,0.0
35,36,8,B,8B,proP,M9 20 mM glucose pH 7.4,3,0.0,0.01,,3-8B,13.0,0.0
36,0,0,C,0C,WT,M9 20 mM glucose pH 7.4,3,0.0,0.01,,3-0C,13.0,0.0
37,0,0,B,0B,WT,M9 20 mM glucose pH 7.4,3,0.0,0.01,,3-0B,13.0,0.0
38,36,8,A,8A,proP,M9 20 mM glucose pH 7.4,3,0.0,0.01,,3-8A,13.0,0.0
39,42,14,A,14A,mscL,M9 20 mM glucose pH 7.4,3,0.0,0.01,,3-14A,14.0,0.0
40,36,8,C,8C,proP,M9 20 mM glucose pH 7.4,3,0.0,0.01,,3-8C,13.0,0.0
41,16,2,C,2C,yhjE,M9 20 mM glucose pH 7.4,2,0.0,0.01,,2-2C,13.0,0.0
42,16,2,B,2B,yhjE,M9 20 mM glucose pH 7.4,2,0.0,0.01,,2-2B,13.0,0.0
43,16,2,A,2A,yhjE,M9 20 mM glucose pH 7.4,2,0.0,0.01,,2-2A,13.0,0.0
44,34,6,A,6A,rbsC,M9 20 mM glucose pH 7.4,3,0.0,0.01,,3-6A,13.0,0.0
45,34,6,C,6C,rbsC,M9 20 mM glucose pH 7.4,3,0.0,0.01,,3-6C,13.0,0.0
46,33,5,C,5C,artQ,M9 20 mM glucose pH 7.4,3,0.0,0.01,,3-5C,14.0,0.0
47,19,5,A,5A,codB,M9 20 mM glucose pH 7.4,2,0.0,0.01,,2-5A,13.0,0.0
48,42,14,B,14B,mscL,M9 20 mM glucose pH 7.4,3,0.0,0.01,,3-14B,14.0,0.0
49,0,0,B,0B,WT,M9 20 mM glucose pH 7.4,2,0.0,0.01,,2-0B,13.0,0.0
50,28,14,A,14A,putP,M9 20 mM glucose pH 7.4,2,0.0,0.01,,2-14A,12.0,0.0
51,40,12,A,12A,sdaC,M9 20 mM glucose pH 7.4,3,0.0,0.01,,3-12A,13.0,0.0
52,40,12,B,12B,sdaC,M9 20 mM glucose pH 7.4,3,0.0,0.01,,3-12B,13.0,0.0
53,40,12,C,12C,sdaC,M9 20 mM glucose pH 7.4,3,0.0,0.01,,3-12C,13.0,0.0
54,26,12,C,12C,ptsG,M9 20 mM glucose pH 7.4,2,0.0,0.01,,2-12C,20.0,0.0
55,26,12,B,12B,ptsG,M9 20 mM glucose pH 7.4,2,0.0,0.01,,2-12B,20.0,0.0
56,26,12,A,12A,ptsG,M9 20 mM glucose pH 7.4,2,0.0,0.01,,2-12A,20.0,0.0
57,30,2,A,2A,znuB,M9 20 mM glucose pH 7.4,3,0.0,0.01,,3-2A,14.0,0.0
58,30,2,B,2B,znuB,M9 20 mM glucose pH 7.4,3,0.0,0.01,,3-2B,14.0,0.0
59,30,2,C,2C,znuB,M9 20 mM glucose pH 7.4,3,0.0,0.01,,3-2C,14.0,0.0
60,24,10,B,10B,nagE,M9 20 mM glucose pH 7.4,2,0.0,0.01,,2-10B,13.0,0.0
61,27,13,C,13C,lysP,M9 20 mM glucose pH 7.4,2,0.0,0.01,,2-13C,13.0,0.0
62,27,13,B,13B,lysP,M9 20 mM glucose pH 7.4,2,0.0,0.01,,2-13B,13.0,0.0
63,27,13,A,13A,lysP,M9 20 mM glucose pH 7.4,2,0.0,0.01,,2-13A,13.0,0.0
64,25,11,C,11C,gltJ,M9 20 mM glucose pH 7.4,2,0.0,0.01,,2-11C,12.0,0.0
65,25,11,B,11B,gltJ,M9 20 mM glucose pH 7.4,2,0.0,0.01,,2-11B,12.0,0.0
66,25,11,A,11A,gltJ,M9 20 mM glucose pH 7.4,2,0.0,0.01,,2-11A,12.0,0.0
67,19,5,C,5C,codB,M9 20 mM glucose pH 7.4,2,0.0,0.01,,2-5C,13.0,0.0
68,28,14,C,14C,putP,M9 20 mM glucose pH 7.4,2,0.0,0.01,,2-14C,12.0,0.0
69,34,6,B,6B,rbsC,M9 20 mM glucose pH 7.4,3,0.0,0.01,,3-6B,13.0,0.0
70,24,10,A,10A,nagE,M9 20 mM glucose pH 7.4,2,0.0,0.01,,2-10A,13.0,0.0
71,28,14,B,14B,putP,M9 20 mM glucose pH 7.4,2,0.0,0.01,,2-14B,12.0,0.0
72,19,5,B,5B,codB,M9 20 mM glucose pH 7.4,2,0.0,0.01,,2-5B,13.0,0.0
73,21,7,B,7B,brnQ,M9 20 mM glucose pH 7.4,2,0.0,0.01,,2-7B,13.0,0.0
74,17,3,A,3A,adeP,M9 20 mM glucose pH 7.4,2,0.0,0.01,,2-3A,14.0,0.0
75,24,10,C,10C,nagE,M9 20 mM glucose pH 7.4,2,0.0,0.01,,2-10C,13.0,0.0
76,21,7,A,7A,brnQ,M9 20 mM glucose pH 7.4,2,0.0,0.01,,2-7A,13.0,0.0
77,20,6,C,6C,aroP,M9 20 mM glucose pH 7.4,2,0.0,0.01,,2-6C,13.0,0.0
78,20,6,B,6B,aroP,M9 20 mM glucose pH 7.4,2,0.0,0.01,,2-6B,13.0,0.0
79,20,6,A,6A,aroP,M9 20 mM glucose pH 7.4,2,0.0,0.01,,2-6A,13.0,0.0
80,15,1,C,1C,argO,M9 20 mM glucose pH 7.4,2,0.0,0.01,,2-1C,13.0,0.0
81,17,3,C,3C,adeP,M9 20 mM glucose pH 7.4,2,0.0,0.01,,2-3C,14.0,0.0
82,17,3,B,3B,adeP,M9 20 mM glucose pH 7.4,2,0.0,0.01,,2-3B,14.0,0.0
83,18,4,C,4C,actP,M9 20 mM glucose pH 7.4,2,0.0,0.01,,2-4C,13.0,0.0
84,15,1,B,1B,argO,M9 20 mM glucose pH 7.4,2,0.0,0.01,,2-1B,13.0,0.0
85,15,1,A,1A,argO,M9 20 mM glucose pH 7.4,2,0.0,0.01,,2-1A,13.0,0.0
86,21,7,C,7C,brnQ,M9 20 mM glucose pH 7.4,2,0.0,0.01,,2-7C,13.0,0.0
87,29,1,B,1B,gadC,M9 20 mM glucose pH 7.4,3,0.0,0.01,,3-1B,14.0,0.0
88,18,4,A,4A,actP,M9 20 mM glucose pH 7.4,2,0.0,0.01,,2-4A,13.0,0.0
89,23,9,C,9C,acrB,M9 20 mM glucose pH 7.4,2,0.0,0.01,,2-9C,12.0,0.0
90,23,9,B,9B,acrB,M9 20 mM glucose pH 7.4,2,0.0,0.01,,2-9B,12.0,0.0
91,23,9,A,9A,acrB,M9 20 mM glucose pH 7.4,2,0.0,0.01,,2-9A,12.0,0.0
92,0,0,F,0F,WT,M9 20 mM glucose pH 7.4,2,0.0,0.01,,2-0F,13.0,0.0
93,0,0,E,0E,WT,M9 20 mM glucose pH 7.4,2,0.0,0.01,,2-0E,13.0,0.0
94,0,0,D,0D,WT,M9 20 mM glucose pH 7.4,2,0.0,0.01,,2-0D,13.0,0.0
95,0,0,C,0C,WT,M9 20 mM glucose pH 7.4,2,0.0,0.01,,2-0C,13.0,0.0
96,60,4,A,4A,metI,M9 20 mM glucose pH 7.4,5,0.33,0.013,,5-4A,13.0,0.0
97,26,12,B,12B,ptsG,M9 20 mM glucose pH 7.4,2,0.33,0.018,,2-12B,20.0,0.00462
98,26,12,C,12C,ptsG,M9 20 mM glucose pH 7.4,2,0.33,0.017,,2-12C,20.0,0.004455000000000001
99,12,12,C,12C,rhtA,M9 20 mM glucose pH 7.4,1,0.33,0.01,,1-12C,14.0,0.0
100,60,4,B,4B,metI,M9 20 mM glucose pH 7.4,5,0.33,0.011,,5-4B,13.0,0.0
101,33,5,B,5B,artQ,M9 20 mM glucose pH 7.4,3,0.33,0.015,,3-5B,14.0,0.004125
102,33,5,C,5C,artQ,M9 20 mM glucose pH 7.4,3,0.33,0.017,,3-5C,14.0,0.004455000000000001
103,42,14,A,14A,mscL,M9 20 mM glucose pH 7.4,3,0.33,0.017,,3-14A,14.0,0.004455000000000001
104,33,5,A,5A,artQ,M9 20 mM glucose pH 7.4,3,0.33,0.015,,3-5A,14.0,0.004125
105,4,4,A,4A,ompF,M9 20 mM glucose pH 7.4,1,0.33,0.01,,1-4A,14.0,0.0
106,60,4,C,4C,metI,M9 20 mM glucose pH 7.4,5,0.33,0.012,,5-4C,13.0,0.0
107,36,8,A,8A,proP,M9 20 mM glucose pH 7.4,3,0.33,0.017,,3-8A,13.0,0.004455000000000001
108,26,12,A,12A,ptsG,M9 20 mM glucose pH 7.4,2,0.33,0.015,,2-12A,20.0,0.004125
109,38,10,A,10A,nupC,M9 20 mM glucose pH 7.4,3,0.33,0.017,,3-10A,13.0,0.004455000000000001
110,41,13,C,13C,gltP,M9 20 mM glucose pH 7.4,3,0.33,0.017,,3-13C,13.0,0.004455000000000001
111,38,10,B,10B,nupC,M9 20 mM glucose pH 7.4,3,0.33,0.014,,3-10B,13.0,0.00396
112,0,0,F,0F,WT,M9 20 mM glucose pH 7.4,3,0.33,0.016,,3-0F,13.0,0.00429
113,0,0,E,0E,WT,M9 20 mM glucose pH 7.4,3,0.33,0.015,,3-0E,13.0,0.004125
114,0,0,D,0D,WT,M9 20 mM glucose pH 7.4,3,0.33,0.016,,3-0D,13.0,0.00429
115,0,0,C,0C,WT,M9 20 mM glucose pH 7.4,3,0.33,0.023,,3-0C,13.0,0.005445
116,0,0,B,0B,WT,M9 20 mM glucose pH 7.4,3,0.33,0.017,,3-0B,13.0,0.004455000000000001
117,64,8,C,8C,manY,M9 20 mM glucose pH 7.4,5,0.33,0.012,,5-8C,13.0,0.0
118,64,8,B,8B,manY,M9 20 mM glucose pH 7.4,5,0.33,0.014,,5-8B,13.0,0.0
119,13,13,B,13B,mscS,M9 20 mM glucose pH 7.4,1,0.33,0.01,,1-13B,16.0,0.0
120,4,4,B,4B,ompF,M9 20 mM glucose pH 7.4,1,0.33,0.01,,1-4B,14.0,0.0
121,0,0,A,0A,WT,M9 20 mM glucose pH 7.4,3,0.33,0.016,,3-0A,13.0,0.00429
122,0,0,B,0B,WT,M9 20 mM glucose pH 7.4,2,0.33,0.017,,2-0B,13.0,0.004455000000000001
123,14,14,A,14A,sstT,M9 20 mM glucose pH 7.4,1,0.33,0.01,,1-14A,14.0,0.0
124,47,5,B,5B,mtr,M9 20 mM glucose pH 7.4,4,0.33,0.012,,4-5B,13.0,0.0
125,4,4,C,4C,ompF,M9 20 mM glucose pH 7.4,1,0.33,0.01,,1-4C,14.0,0.0
126,18,4,A,4A,actP,M9 20 mM glucose pH 7.4,2,0.33,0.025,,2-4A,13.0,0.005775000000000001
127,23,9,C,9C,acrB,M9 20 mM glucose pH 7.4,2,0.33,0.017,,2-9C,12.0,0.004455000000000001
128,18,4,B,4B,actP,M9 20 mM glucose pH 7.4,2,0.33,0.016,,2-4B,13.0,0.00429
129,14,14,C,14C,sstT,M9 20 mM glucose pH 7.4,1,0.33,0.01,,1-14C,14.0,0.0
130,53,11,C,11C,galP,M9 20 mM glucose pH 7.4,4,0.33,0.014,,4-11C,12.0,0.0
131,59,3,A,3A,eamA,M9 20 mM glucose pH 7.4,5,0.33,0.012,,5-3A,13.0,0.0
132,23,9,B,9B,acrB,M9 20 mM glucose pH 7.4,2,0.33,0.021,,2-9B,12.0,0.005115000000000001
133,23,9,A,9A,acrB,M9 20 mM glucose pH 7.4,2,0.33,0.015,,2-9A,12.0,0.004125
134,13,13,C,13C,mscS,M9 20 mM glucose pH 7.4,1,0.33,0.01,,1-13C,16.0,0.0
135,0,0,D,0D,WT,M9 20 mM glucose pH 7.4,2,0.33,0.026,,2-0D,13.0,0.00594
136,0,0,E,0E,WT,M9 20 mM glucose pH 7.4,2,0.33,0.018,,2-0E,13.0,0.00462
137,0,0,F,0F,WT,M9 20 mM glucose pH 7.4,2,0.33,0.017,,2-0F,13.0,0.004455000000000001
138,1,1,C,1C,tsx,M9 20 mM glucose pH 7.4,1,0.33,0.01,,1-1C,14.0,0.0
139,1,1,B,1B,tsx,M9 20 mM glucose pH 7.4,1,0.33,0.01,,1-1B,14.0,0.0
140,1,1,A,1A,tsx,M9 20 mM glucose pH 7.4,1,0.33,0.01,,1-1A,14.0,0.0
141,51,9,C,9C,nupG,M9 20 mM glucose pH 7.4,4,0.33,0.011,,4-9C,12.0,0.0
142,51,9,B,9B,nupG,M9 20 mM glucose pH 7.4,4,0.33,0.011,,4-9B,12.0,0.0
143,51,9,A,9A,nupG,M9 20 mM glucose pH 7.4,4,0.33,0.013,,4-9A,12.0,0.0
144,66,10,A,10A,ansP,M9 20 mM glucose pH 7.4,5,0.33,0.011,,5-10A,13.0,0.0
145,66,10,B,10B,ansP,M9 20 mM glucose pH 7.4,5,0.33,0.011,,5-10B,13.0,0.0
146,66,10,C,10C,ansP,M9 20 mM glucose pH 7.4,5,0.33,0.015,,5-10C,13.0,0.0
147,47,5,C,5C,mtr,M9 20 mM glucose pH 7.4,4,0.33,0.014,,4-5C,13.0,0.0
148,47,5,A,5A,mtr,M9 20 mM glucose pH 7.4,4,0.33,0.012,,4-5A,13.0,0.0
149,64,8,A,8A,manY,M9 20 mM glucose pH 7.4,5,0.33,0.011,,5-8A,13.0,0.0
150,14,14,B,14B,sstT,M9 20 mM glucose pH 7.4,1,0.33,0.01,,1-14B,14.0,0.0
151,43,1,C,1C,livH,M9 20 mM glucose pH 7.4,5,0.33,0.016,,5-1C,15.0,0.0
152,40,12,C,12C,sdaC,M9 20 mM glucose pH 7.4,3,0.33,0.018,,3-12C,13.0,0.00462
153,35,7,C,7C,glpF,M9 20 mM glucose pH 7.4,3,0.33,0.019,,3-7C,12.0,0.004785
154,37,9,B,9B,cycA,M9 20 mM glucose pH 7.4,3,0.33,0.022,,3-9B,14.0,0.00528
155,31,3,A,3A,glnP,M9 20 mM glucose pH 7.4,3,0.33,0.016,,3-3A,13.0,0.00429
156,16,2,A,2A,yhjE,M9 20 mM glucose pH 7.4,2,0.33,0.016,,2-2A,13.0,0.00429
157,42,14,C,14C,mscL,M9 20 mM glucose pH 7.4,3,0.33,0.016,,3-14C,14.0,0.00429
158,5,5,A,5A,yddG,M9 20 mM glucose pH 7.4,1,0.33,0.01,,1-5A,14.0,0.0
159,2,2,A,2A,oppA,M9 20 mM glucose pH 7.4,1,0.33,0.01,,1-2A,14.0,0.0
160,37,9,C,9C,cycA,M9 20 mM glucose pH 7.4,3,0.33,0.017,,3-9C,14.0,0.004455000000000001
161,2,2,C,2C,oppA,M9 20 mM glucose pH 7.4,1,0.33,0.01,,1-2C,14.0,0.0
162,22,8,C,8C,setA,M9 20 mM glucose pH 7.4,2,0.33,0.021,,2-8C,13.0,0.005115000000000001
163,43,1,A,1A,livH,M9 20 mM glucose pH 7.4,5,0.33,0.011,,5-1A,15.0,0.0
164,43,1,B,1B,livH,M9 20 mM glucose pH 7.4,5,0.33,0.011,,5-1B,15.0,0.0
165,2,2,B,2B,oppA,M9 20 mM glucose pH 7.4,1,0.33,0.01,,1-2B,14.0,0.0
166,34,6,A,6A,rbsC,M9 20 mM glucose pH 7.4,3,0.33,0.016,,3-6A,13.0,0.00429
167,35,7,B,7B,glpF,M9 20 mM glucose pH 7.4,3,0.33,0.023,,3-7B,12.0,0.005445
168,22,8,A,8A,setA,M9 20 mM glucose pH 7.4,2,0.33,0.014,,2-8A,13.0,0.00396
169,0,0,D,0D,WT,M9 20 mM glucose pH 7.4,1,0.33,0.01,,1-0D,14.0,0.0
170,40,12,B,12B,sdaC,M9 20 mM glucose pH 7.4,3,0.33,0.017,,3-12B,13.0,0.004455000000000001
171,28,14,C,14C,putP,M9 20 mM glucose pH 7.4,2,0.33,0.023,,2-14C,12.0,0.005445
172,28,14,B,14B,putP,M9 20 mM glucose pH 7.4,2,0.33,0.016,,2-14B,12.0,0.00429
173,22,8,B,8B,setA,M9 20 mM glucose pH 7.4,2,0.33,0.016,,2-8B,13.0,0.00429
174,34,6,C,6C,rbsC,M9 20 mM glucose pH 7.4,3,0.33,0.019,,3-6C,13.0,0.004785
175,40,12,A,12A,sdaC,M9 20 mM glucose pH 7.4,3,0.33,0.017,,3-12A,13.0,0.004455000000000001
176,34,6,B,6B,rbsC,M9 20 mM glucose pH 7.4,3,0.33,0.015,,3-6B,13.0,0.004125
177,13,13,A,13A,mscS,M9 20 mM glucose pH 7.4,1,0.33,0.01,,1-13A,16.0,0.0
178,28,14,A,14A,putP,M9 20 mM glucose pH 7.4,2,0.33,0.015,,2-14A,12.0,0.004125
179,32,4,A,4A,focA,M9 20 mM glucose pH 7.4,3,0.33,0.017,,3-4A,14.0,0.004455000000000001
180,35,7,A,7A,glpF,M9 20 mM glucose pH 7.4,3,0.33,0.018,,3-7A,12.0,0.00462
181,32,4,C,4C,focA,M9 20 mM glucose pH 7.4,3,0.33,0.018,,3-4C,14.0,0.00462
182,32,4,B,4B,focA,M9 20 mM glucose pH 7.4,3,0.33,0.02,,3-4B,14.0,0.00495
183,38,10,C,10C,nupC,M9 20 mM glucose pH 7.4,3,0.33,0.015,,3-10C,13.0,0.004125
184,16,2,B,2B,yhjE,M9 20 mM glucose pH 7.4,2,0.33,0.017,,2-2B,13.0,0.004455000000000001
185,41,13,B,13B,gltP,M9 20 mM glucose pH 7.4,3,0.33,0.016,,3-13B,13.0,0.00429
186,37,9,A,9A,cycA,M9 20 mM glucose pH 7.4,3,0.33,0.019,,3-9A,14.0,0.004785
187,0,0,B,0B,WT,M9 20 mM glucose pH 7.4,1,0.33,0.01,,1-0B,14.0,0.0
188,29,1,A,1A,gadC,M9 20 mM glucose pH 7.4,3,0.33,0.016,,3-1A,14.0,0.00429
189,29,1,B,1B,gadC,M9 20 mM glucose pH 7.4,3,0.33,0.02,,3-1B,14.0,0.00495
190,29,1,C,1C,gadC,M9 20 mM glucose pH 7.4,3,0.33,0.021,,3-1C,14.0,0.005115000000000001
191,39,11,C,11C,fruA,M9 20 mM glucose pH 7.4,3,0.33,0.018,,3-11C,13.0,0.00462
192,39,11,B,11B,fruA,M9 20 mM glucose pH 7.4,3,0.33,0.017,,3-11B,13.0,0.004455000000000001
193,39,11,A,11A,fruA,M9 20 mM glucose pH 7.4,3,0.33,0.014,,3-11A,13.0,0.00396
194,36,8,B,8B,proP,M9 20 mM glucose pH 7.4,3,0.33,0.017,,3-8B,13.0,0.004455000000000001
195,42,14,B,14B,mscL,M9 20 mM glucose pH 7.4,3,0.33,0.016,,3-14B,14.0,0.00429
196,0,0,C,0C,WT,M9 20 mM glucose pH 7.4,1,0.33,0.01,,1-0C,14.0,0.0
197,0,0,F,0F,WT,M9 20 mM glucose pH 7.4,1,0.33,0.01,,1-0F,14.0,0.0
198,58,2,C,2C,rhtB,M9 20 mM glucose pH 7.4,5,0.33,0.013,,5-2C,12.0,0.0
199,58,2,B,2B,rhtB,M9 20 mM glucose pH 7.4,5,0.33,0.011,,5-2B,12.0,0.0
200,41,13,A,13A,gltP,M9 20 mM glucose pH 7.4,3,0.33,0.017,,3-13A,13.0,0.004455000000000001
201,58,2,A,2A,rhtB,M9 20 mM glucose pH 7.4,5,0.33,0.012,,5-2A,12.0,0.0
202,31,3,B,3B,glnP,M9 20 mM glucose pH 7.4,3,0.33,0.017,,3-3B,13.0,0.004455000000000001
203,31,3,C,3C,glnP,M9 20 mM glucose pH 7.4,3,0.33,0.018,,3-3C,13.0,0.00462
204,3,3,A,3A,ompC,M9 20 mM glucose pH 7.4,1,0.33,0.01,,1-3A,14.0,0.0
205,3,3,B,3B,ompC,M9 20 mM glucose pH 7.4,1,0.33,0.01,,1-3B,14.0,0.0
206,3,3,C,3C,ompC,M9 20 mM glucose pH 7.4,1,0.33,0.01,,1-3C,14.0,0.0
207,36,8,C,8C,proP,M9 20 mM glucose pH 7.4,3,0.33,0.016,,3-8C,13.0,0.00429
208,16,2,C,2C,yhjE,M9 20 mM glucose pH 7.4,2,0.33,0.014,,2-2C,13.0,0.00396
209,0,0,E,0E,WT,M9 20 mM glucose pH 7.4,1,0.33,0.01,,1-0E,14.0,0.0
210,50,8,B,8B,cstA,M9 20 mM glucose pH 7.4,4,0.33,0.014,,4-8B,13.0,0.0
211,18,4,C,4C,actP,M9 20 mM glucose pH 7.4,2,0.33,0.017,,2-4C,13.0,0.004455000000000001
212,49,7,B,7B,uhpT,M9 20 mM glucose pH 7.4,4,0.33,0.014,,4-7B,13.0,0.0
213,44,2,A,2A,dppB,M9 20 mM glucose pH 7.4,4,0.33,0.018,,4-2A,20.0,0.0
214,61,5,B,5B,tolC,M9 20 mM glucose pH 7.4,5,0.33,0.012,,5-5B,24.0,0.0
215,61,5,C,5C,tolC,M9 20 mM glucose pH 7.4,5,0.33,0.012,,5-5C,24.0,0.0
216,20,6,A,6A,aroP,M9 20 mM glucose pH 7.4,2,0.33,0.019,,2-6A,13.0,0.004785
217,17,3,A,3A,adeP,M9 20 mM glucose pH 7.4,2,0.33,0.012,,2-3A,14.0,0.00363
218,19,5,C,5C,codB,M9 20 mM glucose pH 7.4,2,0.33,0.023,,2-5C,13.0,0.005445
219,0,0,C,0C,WT,M9 20 mM glucose pH 7.4,4,0.33,0.017,,4-0C,12.0,0.0
220,0,0,B,0B,WT,M9 20 mM glucose pH 7.4,4,0.33,0.015,,4-0B,12.0,0.0
221,0,0,A,0A,WT,M9 20 mM glucose pH 7.4,4,0.33,0.019,,4-0A,12.0,0.0
222,24,10,A,10A,nagE,M9 20 mM glucose pH 7.4,2,0.33,0.014,,2-10A,13.0,0.00396
223,24,10,B,10B,nagE,M9 20 mM glucose pH 7.4,2,0.33,0.015,,2-10B,13.0,0.004125
224,24,10,C,10C,nagE,M9 20 mM glucose pH 7.4,2,0.33,0.015,,2-10C,13.0,0.004125
225,0,0,D,0D,WT,M9 20 mM glucose pH 7.4,4,0.33,0.016,,4-0D,12.0,0.0
226,11,11,C,11C,punC,M9 20 mM glucose pH 7.4,1,0.33,0.01,,1-11C,15.0,0.0
227,11,11,A,11A,punC,M9 20 mM glucose pH 7.4,1,0.33,0.01,,1-11A,15.0,0.0
228,30,2,C,2C,znuB,M9 20 mM glucose pH 7.4,3,0.33,0.023,,3-2C,14.0,0.005445
229,30,2,B,2B,znuB,M9 20 mM glucose pH 7.4,3,0.33,0.023,,3-2B,14.0,0.005445
230,30,2,A,2A,znuB,M9 20 mM glucose pH 7.4,3,0.33,0.018,,3-2A,14.0,0.00462
231,62,6,A,6A,yahN,M9 20 mM glucose pH 7.4,5,0.33,0.014,,5-6A,13.0,0.0
232,62,6,B,6B,yahN,M9 20 mM glucose pH 7.4,5,0.33,0.014,,5-6B,13.0,0.0
233,11,11,B,11B,punC,M9 20 mM glucose pH 7.4,1,0.33,0.01,,1-11B,15.0,0.0
234,0,0,E,0E,WT,M9 20 mM glucose pH 7.4,4,0.33,0.014,,4-0E,12.0,0.0
235,0,0,F,0F,WT,M9 20 mM glucose pH 7.4,4,0.33,0.019,,4-0F,12.0,0.0
236,44,2,B,2B,dppB,M9 20 mM glucose pH 7.4,4,0.33,0.012,,4-2B,20.0,0.0
237,15,1,C,1C,argO,M9 20 mM glucose pH 7.4,2,0.33,0.02,,2-1C,13.0,0.00495
238,45,3,A,3A,dctA,M9 20 mM glucose pH 7.4,4,0.33,0.011,,4-3A,13.0,0.0
239,44,2,C,2C,dppB,M9 20 mM glucose pH 7.4,4,0.33,0.014,,4-2C,20.0,0.0
240,19,5,B,5B,codB,M9 20 mM glucose pH 7.4,2,0.33,0.022,,2-5B,13.0,0.00528
241,15,1,B,1B,argO,M9 20 mM glucose pH 7.4,2,0.33,0.016,,2-1B,13.0,0.00429
242,53,11,B,11B,galP,M9 20 mM glucose pH 7.4,4,0.33,0.013,,4-11B,12.0,0.0
243,21,7,B,7B,brnQ,M9 20 mM glucose pH 7.4,2,0.33,0.015,,2-7B,13.0,0.004125
244,56,14,A,14A,dcuA,M9 20 mM glucose pH 7.4,4,0.33,0.018,,4-14A,12.0,0.0
245,7,7,A,7A,satP,M9 20 mM glucose pH 7.4,1,0.33,0.01,,1-7A,14.0,0.0
246,56,14,B,14B,dcuA,M9 20 mM glucose pH 7.4,4,0.33,0.016,,4-14B,12.0,0.0
247,67,11,B,11B,glpT,M9 20 mM glucose pH 7.4,5,0.33,0.011,,5-11B,13.0,0.0
248,67,11,C,11C,glpT,M9 20 mM glucose pH 7.4,5,0.33,0.012,,5-11C,13.0,0.0
249,20,6,C,6C,aroP,M9 20 mM glucose pH 7.4,2,0.33,0.018,,2-6C,13.0,0.00462
250,67,11,A,11A,glpT,M9 20 mM glucose pH 7.4,5,0.33,0.013,,5-11A,13.0,0.0
251,45,3,C,3C,dctA,M9 20 mM glucose pH 7.4,4,0.33,0.013,,4-3C,13.0,0.0
252,56,14,C,14C,dcuA,M9 20 mM glucose pH 7.4,4,0.33,0.019,,4-14C,12.0,0.0
253,63,7,C,7C,kgtP,M9 20 mM glucose pH 7.4,5,0.33,0.012,,5-7C,12.0,0.0
254,50,8,A,8A,cstA,M9 20 mM glucose pH 7.4,4,0.33,0.017,,4-8A,13.0,0.0
255,52,10,A,10A,emrB,M9 20 mM glucose pH 7.4,4,0.33,0.015,,4-10A,12.0,0.0
256,21,7,A,7A,brnQ,M9 20 mM glucose pH 7.4,2,0.33,0.026,,2-7A,13.0,0.00594
257,7,7,B,7B,satP,M9 20 mM glucose pH 7.4,1,0.33,0.01,,1-7B,14.0,0.0
258,7,7,C,7C,satP,M9 20 mM glucose pH 7.4,1,0.33,0.01,,1-7C,14.0,0.0
259,20,6,B,6B,aroP,M9 20 mM glucose pH 7.4,2,0.33,0.022,,2-6B,13.0,0.00528
260,17,3,B,3B,adeP,M9 20 mM glucose pH 7.4,2,0.33,0.01,,2-3B,14.0,0.0033000000000000004
261,17,3,C,3C,adeP,M9 20 mM glucose pH 7.4,2,0.33,0.02,,2-3C,14.0,0.00495
262,52,10,C,10C,emrB,M9 20 mM glucose pH 7.4,4,0.33,0.018,,4-10C,12.0,0.0
263,52,10,B,10B,emrB,M9 20 mM glucose pH 7.4,4,0.33,0.011,,4-10B,12.0,0.0
264,61,5,A,5A,tolC,M9 20 mM glucose pH 7.4,5,0.33,0.012,,5-5A,24.0,0.0
265,46,4,A,4A,gltS,M9 20 mM glucose pH 7.4,4,0.33,0.012,,4-4A,13.0,0.0
266,15,1,A,1A,argO,M9 20 mM glucose pH 7.4,2,0.33,0.02,,2-1A,13.0,0.00495
267,45,3,B,3B,dctA,M9 20 mM glucose pH 7.4,4,0.33,0.015,,4-3B,13.0,0.0
268,19,5,A,5A,codB,M9 20 mM glucose pH 7.4,2,0.33,0.016,,2-5A,13.0,0.00429
269,6,6,A,6A,ybjE,M9 20 mM glucose pH 7.4,1,0.33,0.01,,1-6A,14.0,0.0
270,21,7,C,7C,brnQ,M9 20 mM glucose pH 7.4,2,0.33,0.017,,2-7C,13.0,0.004455000000000001
271,65,9,A,9A,hisQ,M9 20 mM glucose pH 7.4,5,0.33,0.01,,5-9A,13.0,0.0
272,57,1,B,1B,rhtC,M9 20 mM glucose pH 7.4,4,0.33,0.016,,4-1B,15.0,0.0
273,6,6,B,6B,ybjE,M9 20 mM glucose pH 7.4,1,0.33,0.01,,1-6B,14.0,0.0
274,6,6,C,6C,ybjE,M9 20 mM glucose pH 7.4,1,0.33,0.01,,1-6C,14.0,0.0
275,48,6,A,6A,ugpA,M9 20 mM glucose pH 7.4,4,0.33,0.012,,4-6A,13.0,0.0
276,5,5,C,5C,yddG,M9 20 mM glucose pH 7.4,1,0.33,0.01,,1-5C,14.0,0.0
277,0,0,A,0A,WT,M9 20 mM glucose pH 7.4,5,0.33,0.015,,5-0A,12.0,0.0
278,0,0,B,0B,WT,M9 20 mM glucose pH 7.4,5,0.33,0.013,,5-0B,12.0,0.0
279,0,0,C,0C,WT,M9 20 mM glucose pH 7.4,5,0.33,0.012,,5-0C,12.0,0.0
280,0,0,D,0D,WT,M9 20 mM glucose pH 7.4,5,0.33,0.012,,5-0D,12.0,0.0
281,0,0,E,0E,WT,M9 20 mM glucose pH 7.4,5,0.33,0.012,,5-0E,12.0,0.0
282,0,0,F,0F,WT,M9 20 mM glucose pH 7.4,5,0.33,0.011,,5-0F,12.0,0.0
283,0,0,A,0A,WT,M9 20 mM glucose pH 7.4,1,0.33,0.01,,1-0A,14.0,0.0
284,49,7,C,7C,uhpT,M9 20 mM glucose pH 7.4,4,0.33,0.014,,4-7C,13.0,0.0
285,49,7,A,7A,uhpT,M9 20 mM glucose pH 7.4,4,0.33,0.02,,4-7A,13.0,0.0
286,10,10,A,10A,yeaS,M9 20 mM glucose pH 7.4,1,0.33,0.01,,1-10A,14.0,0.0
287,10,10,B,10B,yeaS,M9 20 mM glucose pH 7.4,1,0.33,0.01,,1-10B,14.0,0.0
288,10,10,C,10C,yeaS,M9 20 mM glucose pH 7.4,1,0.33,0.01,,1-10C,14.0,0.0
289,48,6,C,6C,ugpA,M9 20 mM glucose pH 7.4,4,0.33,0.014,,4-6C,13.0,0.0
290,48,6,B,6B,ugpA,M9 20 mM glucose pH 7.4,4,0.33,0.012,,4-6B,13.0,0.0
291,54,12,A,12A,pheP,M9 20 mM glucose pH 7.4,4,0.33,0.015,,4-12A,12.0,0.0
292,59,3,C,3C,eamA,M9 20 mM glucose pH 7.4,5,0.33,0.01,,5-3C,13.0,0.0
293,0,0,A,0A,WT,M9 20 mM glucose pH 7.4,2,0.33,0.018,,2-0A,13.0,0.00462
294,0,0,C,0C,WT,M9 20 mM glucose pH 7.4,2,0.33,0.024,,2-0C,13.0,0.00561
295,5,5,B,5B,yddG,M9 20 mM glucose pH 7.4,1,0.33,0.01,,1-5B,14.0,0.0
296,12,12,B,12B,rhtA,M9 20 mM glucose pH 7.4,1,0.33,0.01,,1-12B,14.0,0.0
297,54,12,B,12B,pheP,M9 20 mM glucose pH 7.4,4,0.33,0.012,,4-12B,12.0,0.0
298,9,9,C,9C,ygaZ,M9 20 mM glucose pH 7.4,1,0.33,0.01,,1-9C,14.0,0.0
299,54,12,C,12C,pheP,M9 20 mM glucose pH 7.4,4,0.33,0.014,,4-12C,12.0,0.0
300,9,9,A,9A,ygaZ,M9 20 mM glucose pH 7.4,1,0.33,0.01,,1-9A,14.0,0.0
301,46,4,C,4C,gltS,M9 20 mM glucose pH 7.4,4,0.33,0.016,,4-4C,13.0,0.0
302,65,9,C,9C,hisQ,M9 20 mM glucose pH 7.4,5,0.33,0.013,,5-9C,13.0,0.0
303,25,11,A,11A,gltJ,M9 20 mM glucose pH 7.4,2,0.33,0.015,,2-11A,12.0,0.004125
304,25,11,B,11B,gltJ,M9 20 mM glucose pH 7.4,2,0.33,0.018,,2-11B,12.0,0.00462
305,25,11,C,11C,gltJ,M9 20 mM glucose pH 7.4,2,0.33,0.017,,2-11C,12.0,0.004455000000000001
306,12,12,A,12A,rhtA,M9 20 mM glucose pH 7.4,1,0.33,0.01,,1-12A,14.0,0.0
307,27,13,B,13B,lysP,M9 20 mM glucose pH 7.4,2,0.33,0.017,,2-13B,13.0,0.004455000000000001
308,65,9,B,9B,hisQ,M9 20 mM glucose pH 7.4,5,0.33,0.013,,5-9B,13.0,0.0
309,63,7,A,7A,kgtP,M9 20 mM glucose pH 7.4,5,0.33,0.013,,5-7A,12.0,0.0
310,63,7,B,7B,kgtP,M9 20 mM glucose pH 7.4,5,0.33,0.012,,5-7B,12.0,0.0
311,27,13,A,13A,lysP,M9 20 mM glucose pH 7.4,2,0.33,0.016,,2-13A,13.0,0.00429
312,62,6,C,6C,yahN,M9 20 mM glucose pH 7.4,5,0.33,0.011,,5-6C,13.0,0.0
313,27,13,C,13C,lysP,M9 20 mM glucose pH 7.4,2,0.33,0.019,,2-13C,13.0,0.004785
314,50,8,C,8C,cstA,M9 20 mM glucose pH 7.4,4,0.33,0.012,,4-8C,13.0,0.0
315,9,9,B,9B,ygaZ,M9 20 mM glucose pH 7.4,1,0.33,0.01,,1-9B,14.0,0.0
316,57,1,A,1A,rhtC,M9 20 mM glucose pH 7.4,4,0.33,0.015,,4-1A,15.0,0.0
317,53,11,A,11A,galP,M9 20 mM glucose pH 7.4,4,0.33,0.013,,4-11A,12.0,0.0
318,59,3,B,3B,eamA,M9 20 mM glucose pH 7.4,5,0.33,0.012,,5-3B,13.0,0.0
319,55,13,C,13C,tdcC,M9 20 mM glucose pH 7.4,4,0.33,0.013,,4-13C,13.0,0.0
320,55,13,B,13B,tdcC,M9 20 mM glucose pH 7.4,4,0.33,0.017,,4-13B,13.0,0.0
321,55,13,A,13A,tdcC,M9 20 mM glucose pH 7.4,4,0.33,0.011,,4-13A,13.0,0.0
322,8,8,A,8A,yedA,M9 20 mM glucose pH 7.4,1,0.33,0.01,,1-8A,14.0,0.0
323,8,8,B,8B,yedA,M9 20 mM glucose pH 7.4,1,0.33,0.01,,1-8B,14.0,0.0
324,8,8,C,8C,yedA,M9 20 mM glucose pH 7.4,1,0.33,0.01,,1-8C,14.0,0.0
325,46,4,B,4B,gltS,M9 20 mM glucose pH 7.4,4,0.33,0.012,,4-4B,13.0,0.0
326,57,1,C,1C,rhtC,M9 20 mM glucose pH 7.4,4,0.33,0.012,,4-1C,15.0,0.0
327,53,11,A,11A,galP,M9 20 mM glucose pH 7.4,4,2.0,0.02,,4-11A,12.0,0.027555
328,52,10,C,10C,emrB,M9 20 mM glucose pH 7.4,4,2.0,0.024,,4-10C,12.0,0.03507
329,17,3,C,3C,adeP,M9 20 mM glucose pH 7.4,2,2.0,0.028,,2-3C,14.0,0.05500840742756911
330,17,3,A,3A,adeP,M9 20 mM glucose pH 7.4,2,2.0,0.02,,2-3A,14.0,0.030846791265952946
331,42,14,B,14B,mscL,M9 20 mM glucose pH 7.4,3,2.0,0.022,,3-14B,14.0,0.04172600254037379
332,42,14,A,14A,mscL,M9 20 mM glucose pH 7.4,3,2.0,0.022,,3-14A,14.0,0.0441454061573822
333,25,11,A,11A,gltJ,M9 20 mM glucose pH 7.4,2,2.0,0.024,,2-11A,12.0,0.040508195729752616
334,25,11,B,11B,gltJ,M9 20 mM glucose pH 7.4,2,2.0,0.021,,2-11B,12.0,0.045964011371197
335,34,6,A,6A,rbsC,M9 20 mM glucose pH 7.4,3,2.0,0.023,,3-6A,13.0,0.0423268009435674
336,17,3,B,3B,adeP,M9 20 mM glucose pH 7.4,2,2.0,0.022,,2-3B,14.0,0.027209580838323356
337,53,11,B,11B,galP,M9 20 mM glucose pH 7.4,4,2.0,0.025,,4-11B,12.0,0.03173
338,47,5,A,5A,mtr,M9 20 mM glucose pH 7.4,4,2.0,0.023,,4-5A,13.0,0.029225
339,18,4,C,4C,actP,M9 20 mM glucose pH 7.4,2,2.0,0.021,,2-4C,13.0,0.04354460775418859
340,27,13,A,13A,lysP,M9 20 mM glucose pH 7.4,2,2.0,0.022,,2-13A,13.0,0.04172600254037379
341,27,13,B,13B,lysP,M9 20 mM glucose pH 7.4,2,2.0,0.021,,2-13B,13.0,0.04354460775418859
342,33,5,A,5A,artQ,M9 20 mM glucose pH 7.4,3,2.0,0.02,,3-5A,14.0,0.03810500211697816
343,18,4,B,4B,actP,M9 20 mM glucose pH 7.4,2,2.0,0.021,,2-4B,13.0,0.04112520413718018
344,33,5,B,5B,artQ,M9 20 mM glucose pH 7.4,3,2.0,0.02,,3-5B,14.0,0.03810500211697816
345,13,13,B,13B,mscS,M9 20 mM glucose pH 7.4,1,2.0,0.016,,1-13B,16.0,0.02171
346,33,5,C,5C,artQ,M9 20 mM glucose pH 7.4,3,2.0,0.02,,3-5C,14.0,0.04294380935099498
347,59,3,B,3B,eamA,M9 20 mM glucose pH 7.4,5,2.0,0.022,,5-3B,13.0,0.028390000000000002
348,34,6,B,6B,rbsC,M9 20 mM glucose pH 7.4,3,2.0,0.023,,3-6B,13.0,0.039907397326559
349,52,10,B,10B,emrB,M9 20 mM glucose pH 7.4,4,2.0,0.024,,4-10B,12.0,0.029225
350,28,14,C,14C,putP,M9 20 mM glucose pH 7.4,2,2.0,0.029,,2-14C,12.0,0.06286741668178793
351,53,11,C,11C,galP,M9 20 mM glucose pH 7.4,4,2.0,0.024,,4-11C,12.0,0.03173
352,18,4,A,4A,actP,M9 20 mM glucose pH 7.4,2,2.0,0.034,,2-4A,13.0,0.0707102159317728
353,23,9,A,9A,acrB,M9 20 mM glucose pH 7.4,2,2.0,0.023,,2-9A,12.0,0.039907397326559
354,50,8,C,8C,cstA,M9 20 mM glucose pH 7.4,4,2.0,0.021,,4-8C,13.0,0.027555
355,50,8,B,8B,cstA,M9 20 mM glucose pH 7.4,4,2.0,0.021,,4-8B,13.0,0.029225
356,7,7,B,7B,satP,M9 20 mM glucose pH 7.4,1,2.0,0.017,,1-7B,14.0,0.022545000000000003
357,50,8,A,8A,cstA,M9 20 mM glucose pH 7.4,4,2.0,0.023,,4-8A,13.0,0.0334
358,56,14,A,14A,dcuA,M9 20 mM glucose pH 7.4,4,2.0,0.022,,4-14A,12.0,0.03339999999999999
359,56,14,B,14B,dcuA,M9 20 mM glucose pH 7.4,4,2.0,0.021,,4-14B,12.0,0.030895000000000002
360,38,10,B,10B,nupC,M9 20 mM glucose pH 7.4,3,2.0,0.022,,3-10B,13.0,0.03688719530635698
361,38,10,A,10A,nupC,M9 20 mM glucose pH 7.4,3,2.0,0.022,,3-10A,13.0,0.0441454061573822
362,52,10,A,10A,emrB,M9 20 mM glucose pH 7.4,4,2.0,0.023,,4-10A,12.0,0.03173
363,41,13,A,13A,gltP,M9 20 mM glucose pH 7.4,3,2.0,0.022,,3-13A,13.0,0.0441454061573822
364,27,13,C,13C,lysP,M9 20 mM glucose pH 7.4,2,2.0,0.024,,2-13C,13.0,0.05018581019778624
365,41,13,C,13C,gltP,M9 20 mM glucose pH 7.4,3,2.0,0.023,,3-13C,13.0,0.04474620456057582
366,0,0,F,0F,WT,M9 20 mM glucose pH 7.4,4,2.0,0.023,,4-0F,12.0,0.03507
367,46,4,C,4C,gltS,M9 20 mM glucose pH 7.4,4,2.0,0.021,,4-4C,13.0,0.030895000000000002
368,46,4,A,4A,gltS,M9 20 mM glucose pH 7.4,4,2.0,0.022,,4-4A,13.0,0.028390000000000002
369,23,9,C,9C,acrB,M9 20 mM glucose pH 7.4,2,2.0,0.022,,2-9C,12.0,0.0441454061573822
370,23,9,B,9B,acrB,M9 20 mM glucose pH 7.4,2,2.0,0.025,,2-9B,12.0,0.055625415834996673
371,0,0,D,0D,WT,M9 20 mM glucose pH 7.4,4,2.0,0.021,,4-0D,12.0,0.030895000000000002
372,0,0,C,0C,WT,M9 20 mM glucose pH 7.4,4,2.0,0.026,,4-0C,12.0,0.03590499999999999
373,0,0,B,0B,WT,M9 20 mM glucose pH 7.4,4,2.0,0.022,,4-0B,12.0,0.030895
374,0,0,A,0A,WT,M9 20 mM glucose pH 7.4,4,2.0,0.023,,4-0A,12.0,0.03507
375,13,13,A,13A,mscS,M9 20 mM glucose pH 7.4,1,2.0,0.017,,1-13A,16.0,0.022545000000000003
376,36,8,A,8A,proP,M9 20 mM glucose pH 7.4,3,2.0,0.027,,3-8A,13.0,0.04714939817335027
377,34,6,C,6C,rbsC,M9 20 mM glucose pH 7.4,3,2.0,0.023,,3-6C,13.0,0.049585011794592626
378,0,0,E,0E,WT,M9 20 mM glucose pH 7.4,4,2.0,0.022,,4-0E,12.0,0.030059999999999996
379,14,14,B,14B,sstT,M9 20 mM glucose pH 7.4,1,2.0,0.013,,1-14B,14.0,0.019205
380,59,3,C,3C,eamA,M9 20 mM glucose pH 7.4,5,2.0,0.02,,5-3C,13.0,0.02505
381,46,4,B,4B,gltS,M9 20 mM glucose pH 7.4,4,2.0,0.024,,4-4B,13.0,0.030060000000000003
382,25,11,C,11C,gltJ,M9 20 mM glucose pH 7.4,2,2.0,0.023,,2-11C,12.0,0.04474620456057582
383,12,12,A,12A,rhtA,M9 20 mM glucose pH 7.4,1,2.0,0.016,,1-12A,14.0,0.02171
384,65,9,B,9B,hisQ,M9 20 mM glucose pH 7.4,5,2.0,0.022,,5-9B,13.0,0.029224999999999994
385,4,4,B,4B,ompF,M9 20 mM glucose pH 7.4,1,2.0,0.014,,1-4B,14.0,0.02004
386,4,4,A,4A,ompF,M9 20 mM glucose pH 7.4,1,2.0,0.017,,1-4A,14.0,0.022545000000000003
387,66,10,C,10C,ansP,M9 20 mM glucose pH 7.4,5,2.0,0.025,,5-10C,13.0,0.0334
388,66,10,B,10B,ansP,M9 20 mM glucose pH 7.4,5,2.0,0.026,,5-10B,13.0,0.030895
389,66,10,A,10A,ansP,M9 20 mM glucose pH 7.4,5,2.0,0.025,,5-10A,13.0,0.030060000000000003
390,60,4,A,4A,metI,M9 20 mM glucose pH 7.4,5,2.0,0.021,,5-4A,13.0,0.028390000000000002
391,60,4,B,4B,metI,M9 20 mM glucose pH 7.4,5,2.0,0.021,,5-4B,13.0,0.02672
392,60,4,C,4C,metI,M9 20 mM glucose pH 7.4,5,2.0,0.022,,5-4C,13.0,0.028390000000000002
393,43,1,C,1C,livH,M9 20 mM glucose pH 7.4,5,2.0,0.021,,5-1C,15.0,0.030895000000000002
394,43,1,B,1B,livH,M9 20 mM glucose pH 7.4,5,2.0,0.02,,5-1B,15.0,0.025885
395,67,11,C,11C,glpT,M9 20 mM glucose pH 7.4,5,2.0,0.02,,5-11C,13.0,0.02672
396,59,3,A,3A,eamA,M9 20 mM glucose pH 7.4,5,2.0,0.02,,5-3A,13.0,0.02672
397,1,1,A,1A,tsx,M9 20 mM glucose pH 7.4,1,2.0,0.019,,1-1A,14.0,0.024214999999999997
398,1,1,B,1B,tsx,M9 20 mM glucose pH 7.4,1,2.0,0.015,,1-1B,14.0,0.020875
399,58,2,B,2B,rhtB,M9 20 mM glucose pH 7.4,5,2.0,0.022,,5-2B,12.0,0.027555
400,67,11,A,11A,glpT,M9 20 mM glucose pH 7.4,5,2.0,0.021,,5-11A,13.0,0.028390000000000002
401,58,2,C,2C,rhtB,M9 20 mM glucose pH 7.4,5,2.0,0.021,,5-2C,12.0,0.028390000000000002
402,14,14,A,14A,sstT,M9 20 mM glucose pH 7.4,1,2.0,0.016,,1-14A,14.0,0.02171
403,0,0,B,0B,WT,M9 20 mM glucose pH 7.4,5,2.0,0.021,,5-0B,12.0,0.028390000000000002
404,0,0,C,0C,WT,M9 20 mM glucose pH 7.4,5,2.0,0.023,,5-0C,12.0,0.029225
405,0,0,A,0A,WT,M9 20 mM glucose pH 7.4,5,2.0,0.022,,5-0A,12.0,0.030895
406,61,5,B,5B,tolC,M9 20 mM glucose pH 7.4,5,2.0,0.018,,5-5B,24.0,0.02505
407,7,7,C,7C,satP,M9 20 mM glucose pH 7.4,1,2.0,0.017,,1-7C,14.0,0.022545000000000003
408,43,1,A,1A,livH,M9 20 mM glucose pH 7.4,5,2.0,0.02,,5-1A,15.0,0.025885
409,63,7,B,7B,kgtP,M9 20 mM glucose pH 7.4,5,2.0,0.022,,5-7B,12.0,0.028390000000000002
410,4,4,C,4C,ompF,M9 20 mM glucose pH 7.4,1,2.0,0.019,,1-4C,14.0,0.024214999999999997
411,2,2,B,2B,oppA,M9 20 mM glucose pH 7.4,1,2.0,0.017,,1-2B,14.0,0.022545000000000003
412,67,11,B,11B,glpT,M9 20 mM glucose pH 7.4,5,2.0,0.02,,5-11B,13.0,0.025885
413,2,2,C,2C,oppA,M9 20 mM glucose pH 7.4,1,2.0,0.018,,1-2C,14.0,0.023379999999999998
414,65,9,C,9C,hisQ,M9 20 mM glucose pH 7.4,5,2.0,0.021,,5-9C,13.0,0.028390000000000002
415,3,3,C,3C,ompC,M9 20 mM glucose pH 7.4,1,2.0,0.021,,1-3C,14.0,0.025885
416,3,3,B,3B,ompC,M9 20 mM glucose pH 7.4,1,2.0,0.017,,1-3B,14.0,0.022545000000000003
417,3,3,A,3A,ompC,M9 20 mM glucose pH 7.4,1,2.0,0.02,,1-3A,14.0,0.02505
418,64,8,A,8A,manY,M9 20 mM glucose pH 7.4,5,2.0,0.021,,5-8A,13.0,0.02672
419,0,0,F,0F,WT,M9 20 mM glucose pH 7.4,5,2.0,0.022,,5-0F,12.0,0.027555
420,0,0,D,0D,WT,M9 20 mM glucose pH 7.4,5,2.0,0.022,,5-0D,12.0,0.028390000000000002
421,6,6,A,6A,ybjE,M9 20 mM glucose pH 7.4,1,2.0,0.016,,1-6A,14.0,0.02171
422,6,6,B,6B,ybjE,M9 20 mM glucose pH 7.4,1,2.0,0.012,,1-6B,14.0,0.018369999999999997
423,12,12,C,12C,rhtA,M9 20 mM glucose pH 7.4,1,2.0,0.016,,1-12C,14.0,0.02171
424,63,7,C,7C,kgtP,M9 20 mM glucose pH 7.4,5,2.0,0.021,,5-7C,12.0,0.027555
425,63,7,A,7A,kgtP,M9 20 mM glucose pH 7.4,5,2.0,0.022,,5-7A,12.0,0.029224999999999994
426,2,2,A,2A,oppA,M9 20 mM glucose pH 7.4,1,2.0,0.017,,1-2A,14.0,0.022545000000000003
427,11,11,A,11A,punC,M9 20 mM glucose pH 7.4,1,2.0,0.016,,1-11A,15.0,0.02171
428,11,11,C,11C,punC,M9 20 mM glucose pH 7.4,1,2.0,0.016,,1-11C,15.0,0.02171
429,6,6,C,6C,ybjE,M9 20 mM glucose pH 7.4,1,2.0,0.017,,1-6C,14.0,0.022545000000000003
430,58,2,A,2A,rhtB,M9 20 mM glucose pH 7.4,5,2.0,0.022,,5-2A,12.0,0.028390000000000002
431,0,0,E,0E,WT,M9 20 mM glucose pH 7.4,5,2.0,0.022,,5-0E,12.0,0.028390000000000002
432,64,8,B,8B,manY,M9 20 mM glucose pH 7.4,5,2.0,0.02,,5-8B,13.0,0.028390000000000002
433,64,8,C,8C,manY,M9 20 mM glucose pH 7.4,5,2.0,0.02,,5-8C,13.0,0.02672
434,1,1,C,1C,tsx,M9 20 mM glucose pH 7.4,1,2.0,0.015,,1-1C,14.0,0.020875
435,14,14,C,14C,sstT,M9 20 mM glucose pH 7.4,1,2.0,0.014,,1-14C,14.0,0.02004
436,7,7,A,7A,satP,M9 20 mM glucose pH 7.4,1,2.0,0.017,,1-7A,14.0,0.022545000000000003
437,12,12,B,12B,rhtA,M9 20 mM glucose pH 7.4,1,2.0,0.016,,1-12B,14.0,0.02171
438,65,9,A,9A,hisQ,M9 20 mM glucose pH 7.4,5,2.0,0.021,,5-9A,13.0,0.025885
439,61,5,C,5C,tolC,M9 20 mM glucose pH 7.4,5,2.0,0.021,,5-5C,24.0,0.027555
440,11,11,B,11B,punC,M9 20 mM glucose pH 7.4,1,2.0,0.017,,1-11B,15.0,0.022545000000000003
441,51,9,C,9C,nupG,M9 20 mM glucose pH 7.4,4,2.0,0.022,,4-9C,12.0,0.027555
442,41,13,B,13B,gltP,M9 20 mM glucose pH 7.4,3,2.0,0.024,,3-13B,13.0,0.042927599346761026
443,19,5,A,5A,codB,M9 20 mM glucose pH 7.4,2,2.0,0.022,,2-5A,13.0,0.04172600254037379
444,0,0,E,0E,WT,M9 20 mM glucose pH 7.4,2,2.0,0.022,,2-0E,13.0,0.046564809774390606
445,28,14,A,14A,putP,M9 20 mM glucose pH 7.4,2,2.0,0.021,,2-14A,12.0,0.03870580052017178
446,62,6,A,6A,yahN,M9 20 mM glucose pH 7.4,5,2.0,0.023,,5-6A,13.0,0.030895
447,0,0,F,0F,WT,M9 20 mM glucose pH 7.4,1,2.0,0.018,,1-0F,14.0,0.023379999999999998
448,0,0,D,0D,WT,M9 20 mM glucose pH 7.4,2,2.0,0.025,,2-0D,13.0,0.0677224339200387
449,0,0,C,0C,WT,M9 20 mM glucose pH 7.4,2,2.0,0.029,,2-0C,13.0,0.06528682029879634
450,48,6,B,6B,ugpA,M9 20 mM glucose pH 7.4,4,2.0,0.022,,4-6B,13.0,0.028390000000000002
451,26,12,A,12A,ptsG,M9 20 mM glucose pH 7.4,2,2.0,0.021,,2-12A,20.0,0.03870580052017178
452,31,3,C,3C,glnP,M9 20 mM glucose pH 7.4,3,2.0,0.026,,3-3C,13.0,0.04896800338716506
453,30,2,A,2A,znuB,M9 20 mM glucose pH 7.4,3,2.0,0.027,,3-2A,14.0,0.04956880179035868
454,28,14,B,14B,putP,M9 20 mM glucose pH 7.4,2,2.0,0.021,,2-14B,12.0,0.04112520413718018
455,55,13,B,13B,tdcC,M9 20 mM glucose pH 7.4,4,2.0,0.023,,4-13B,13.0,0.0334
456,29,1,B,1B,gadC,M9 20 mM glucose pH 7.4,3,2.0,0.026,,3-1B,14.0,0.05380681062118188
457,29,1,C,1C,gadC,M9 20 mM glucose pH 7.4,3,2.0,0.022,,3-1C,14.0,0.053823020625415836
458,39,11,C,11C,fruA,M9 20 mM glucose pH 7.4,3,2.0,0.023,,3-11C,13.0,0.04716560817758423
459,30,2,B,2B,znuB,M9 20 mM glucose pH 7.4,3,2.0,0.022,,3-2B,14.0,0.05866182785943264
460,39,11,B,11B,fruA,M9 20 mM glucose pH 7.4,3,2.0,0.022,,3-11B,13.0,0.0441454061573822
461,48,6,C,6C,ugpA,M9 20 mM glucose pH 7.4,4,2.0,0.022,,4-6C,13.0,0.030059999999999996
462,10,10,C,10C,yeaS,M9 20 mM glucose pH 7.4,1,2.0,0.017,,1-10C,14.0,0.022545000000000003
463,10,10,B,10B,yeaS,M9 20 mM glucose pH 7.4,1,2.0,0.017,,1-10B,14.0,0.022545000000000003
464,10,10,A,10A,yeaS,M9 20 mM glucose pH 7.4,1,2.0,0.016,,1-10A,14.0,0.02171
465,40,12,A,12A,sdaC,M9 20 mM glucose pH 7.4,3,2.0,0.023,,3-12A,13.0,0.04474620456057582
466,51,9,B,9B,nupG,M9 20 mM glucose pH 7.4,4,2.0,0.021,,4-9B,12.0,0.02672
467,40,12,B,12B,sdaC,M9 20 mM glucose pH 7.4,3,2.0,0.021,,3-12B,13.0,0.04354460775418859
468,55,13,C,13C,tdcC,M9 20 mM glucose pH 7.4,4,2.0,0.022,,4-13C,13.0,0.029224999999999994
469,40,12,C,12C,sdaC,M9 20 mM glucose pH 7.4,3,2.0,0.025,,3-12C,13.0,0.04836720498397146
470,48,6,A,6A,ugpA,M9 20 mM glucose pH 7.4,4,2.0,0.026,,4-6A,13.0,0.03173
471,0,0,F,0F,WT,M9 20 mM glucose pH 7.4,2,2.0,0.022,,2-0F,13.0,0.0441454061573822
472,49,7,A,7A,uhpT,M9 20 mM glucose pH 7.4,4,2.0,0.022,,4-7A,13.0,0.03507
473,5,5,B,5B,yddG,M9 20 mM glucose pH 7.4,1,2.0,0.014,,1-5B,14.0,0.02004
474,62,6,C,6C,yahN,M9 20 mM glucose pH 7.4,5,2.0,0.023,,5-6C,13.0,0.028390000000000002
475,13,13,C,13C,mscS,M9 20 mM glucose pH 7.4,1,2.0,0.016,,1-13C,16.0,0.02171
476,32,4,A,4A,focA,M9 20 mM glucose pH 7.4,3,2.0,0.023,,3-4A,14.0,0.04474620456057582
477,32,4,B,4B,focA,M9 20 mM glucose pH 7.4,3,2.0,0.022,,3-4B,14.0,0.051403617008407426
478,0,0,D,0D,WT,M9 20 mM glucose pH 7.4,1,2.0,0.019,,1-0D,14.0,0.024214999999999997
479,62,6,B,6B,yahN,M9 20 mM glucose pH 7.4,5,2.0,0.022,,5-6B,13.0,0.030059999999999996
480,54,12,B,12B,pheP,M9 20 mM glucose pH 7.4,4,2.0,0.022,,4-12B,12.0,0.028390000000000002
481,54,12,C,12C,pheP,M9 20 mM glucose pH 7.4,4,2.0,0.02,,4-12C,12.0,0.028390000000000002
482,5,5,C,5C,yddG,M9 20 mM glucose pH 7.4,1,2.0,0.019,,1-5C,14.0,0.024214999999999997
483,35,7,A,7A,glpF,M9 20 mM glucose pH 7.4,3,2.0,0.025,,3-7A,12.0,0.04836720498397146
484,9,9,A,9A,ygaZ,M9 20 mM glucose pH 7.4,1,2.0,0.015,,1-9A,14.0,0.020875
485,49,7,C,7C,uhpT,M9 20 mM glucose pH 7.4,4,2.0,0.021,,4-7C,13.0,0.029225
486,54,12,A,12A,pheP,M9 20 mM glucose pH 7.4,4,2.0,0.02,,4-12A,12.0,0.029225
487,49,7,B,7B,uhpT,M9 20 mM glucose pH 7.4,4,2.0,0.022,,4-7B,13.0,0.030059999999999996
488,0,0,E,0E,WT,M9 20 mM glucose pH 7.4,1,2.0,0.018,,1-0E,14.0,0.023379999999999998
489,0,0,B,0B,WT,M9 20 mM glucose pH 7.4,2,2.0,0.022,,2-0B,13.0,0.0441454061573822
490,37,9,C,9C,cycA,M9 20 mM glucose pH 7.4,3,2.0,0.021,,3-9C,14.0,0.04354460775418859
491,35,7,C,7C,glpF,M9 20 mM glucose pH 7.4,3,2.0,0.024,,3-7C,12.0,0.05018581019778624
492,47,5,C,5C,mtr,M9 20 mM glucose pH 7.4,4,2.0,0.023,,4-5C,13.0,0.030895
493,35,7,B,7B,glpF,M9 20 mM glucose pH 7.4,3,2.0,0.025,,3-7B,12.0,0.06046422306901348
494,5,5,A,5A,yddG,M9 20 mM glucose pH 7.4,1,2.0,0.017,,1-5A,14.0,0.022545000000000003
495,51,9,A,9A,nupG,M9 20 mM glucose pH 7.4,4,2.0,0.023,,4-9A,12.0,0.030059999999999996
496,9,9,B,9B,ygaZ,M9 20 mM glucose pH 7.4,1,2.0,0.016,,1-9B,14.0,0.02171
497,0,0,C,0C,WT,M9 20 mM glucose pH 7.4,1,2.0,0.017,,1-0C,14.0,0.022545000000000003
498,0,0,A,0A,WT,M9 20 mM glucose pH 7.4,2,2.0,0.024,,2-0A,13.0,0.04776640658077783
499,0,0,B,0B,WT,M9 20 mM glucose pH 7.4,3,2.0,0.024,,3-0B,13.0,0.04534700296376944
500,9,9,C,9C,ygaZ,M9 20 mM glucose pH 7.4,1,2.0,0.015,,1-9C,14.0,0.020875
501,31,3,A,3A,glnP,M9 20 mM glucose pH 7.4,3,2.0,0.025,,3-3A,13.0,0.04352839774995463
502,44,2,A,2A,dppB,M9 20 mM glucose pH 7.4,4,2.0,0.021,,4-2A,20.0,0.032565
503,44,2,B,2B,dppB,M9 20 mM glucose pH 7.4,4,2.0,0.02,,4-2B,20.0,0.02672
504,44,2,C,2C,dppB,M9 20 mM glucose pH 7.4,4,2.0,0.02,,4-2C,20.0,0.028390000000000002
505,15,1,C,1C,argO,M9 20 mM glucose pH 7.4,2,2.0,0.026,,2-1C,13.0,0.05380681062118188
506,15,1,B,1B,argO,M9 20 mM glucose pH 7.4,2,2.0,0.021,,2-1B,13.0,0.04112520413718018
507,15,1,A,1A,argO,M9 20 mM glucose pH 7.4,2,2.0,0.024,,2-1A,13.0,0.05260521381479466
508,38,10,C,10C,nupC,M9 20 mM glucose pH 7.4,3,2.0,0.023,,3-10C,13.0,0.039907397326559
509,0,0,E,0E,WT,M9 20 mM glucose pH 7.4,3,2.0,0.024,,3-0E,13.0,0.040508195729752616
510,36,8,C,8C,proP,M9 20 mM glucose pH 7.4,3,2.0,0.023,,3-8C,13.0,0.0423268009435674
511,20,6,C,6C,aroP,M9 20 mM glucose pH 7.4,2,2.0,0.023,,2-6C,13.0,0.04716560817758423
512,32,4,C,4C,focA,M9 20 mM glucose pH 7.4,3,2.0,0.023,,3-4C,14.0,0.04716560817758423
513,56,14,C,14C,dcuA,M9 20 mM glucose pH 7.4,4,2.0,0.025,,4-14C,12.0,0.036739999999999995
514,19,5,B,5B,codB,M9 20 mM glucose pH 7.4,2,2.0,0.029,,2-5B,13.0,0.06044801306477952
515,16,2,A,2A,yhjE,M9 20 mM glucose pH 7.4,2,2.0,0.022,,2-2A,13.0,0.04172600254037379
516,45,3,A,3A,dctA,M9 20 mM glucose pH 7.4,4,2.0,0.021,,4-3A,13.0,0.02672
517,45,3,B,3B,dctA,M9 20 mM glucose pH 7.4,4,2.0,0.024,,4-3B,13.0,0.032565
518,45,3,C,3C,dctA,M9 20 mM glucose pH 7.4,4,2.0,0.023,,4-3C,13.0,0.030059999999999996
519,21,7,C,7C,brnQ,M9 20 mM glucose pH 7.4,2,2.0,0.02,,2-7C,13.0,0.04294380935099498
520,21,7,B,7B,brnQ,M9 20 mM glucose pH 7.4,2,2.0,0.019,,2-7B,13.0,0.03750420371378455
521,21,7,A,7A,brnQ,M9 20 mM glucose pH 7.4,2,2.0,0.037,,2-7A,13.0,0.07493201475836204
522,16,2,B,2B,yhjE,M9 20 mM glucose pH 7.4,2,2.0,0.024,,2-2B,13.0,0.04534700296376944
523,39,11,A,11A,fruA,M9 20 mM glucose pH 7.4,3,2.0,0.025,,3-11A,13.0,0.038689590515937816
524,0,0,C,0C,WT,M9 20 mM glucose pH 7.4,3,2.0,0.026,,3-0C,13.0,0.06106502147220709
525,19,5,C,5C,codB,M9 20 mM glucose pH 7.4,2,2.0,0.031,,2-5C,13.0,0.06406901348817515
526,22,8,C,8C,setA,M9 20 mM glucose pH 7.4,2,2.0,0.024,,2-8C,13.0,0.05502461743180307
527,0,0,F,0F,WT,M9 20 mM glucose pH 7.4,3,2.0,0.024,,3-0F,13.0,0.042927599346761026
528,0,0,D,0D,WT,M9 20 mM glucose pH 7.4,3,2.0,0.024,,3-0D,13.0,0.042927599346761026
529,42,14,C,14C,mscL,M9 20 mM glucose pH 7.4,3,2.0,0.022,,3-14C,14.0,0.04172600254037379
530,30,2,C,2C,znuB,M9 20 mM glucose pH 7.4,3,2.0,0.023,,3-2C,14.0,0.05926262626262625
531,57,1,A,1A,rhtC,M9 20 mM glucose pH 7.4,4,2.0,0.02,,4-1A,15.0,0.029225
532,0,0,A,0A,WT,M9 20 mM glucose pH 7.4,3,2.0,0.023,,3-0A,13.0,0.0423268009435674
533,57,1,C,1C,rhtC,M9 20 mM glucose pH 7.4,4,2.0,0.022,,4-1C,15.0,0.028390000000000002
534,26,12,B,12B,ptsG,M9 20 mM glucose pH 7.4,2,2.0,0.021,,2-12B,20.0,0.045964011371197
535,26,12,C,12C,ptsG,M9 20 mM glucose pH 7.4,2,2.0,0.021,,2-12C,20.0,0.04354460775418859
536,55,13,A,13A,tdcC,M9 20 mM glucose pH 7.4,4,2.0,0.023,,4-13A,13.0,0.028390000000000002
537,37,9,B,9B,cycA,M9 20 mM glucose pH 7.4,3,2.0,0.029,,3-9B,14.0,0.06044801306477952
538,8,8,B,8B,yedA,M9 20 mM glucose pH 7.4,1,2.0,0.018,,1-8B,14.0,0.023379999999999998
539,8,8,A,8A,yedA,M9 20 mM glucose pH 7.4,1,2.0,0.016,,1-8A,14.0,0.02171
540,24,10,C,10C,nagE,M9 20 mM glucose pH 7.4,2,2.0,0.02,,2-10C,13.0,0.03810500211697816
541,24,10,A,10A,nagE,M9 20 mM glucose pH 7.4,2,2.0,0.018,,2-10A,13.0,0.034484001693582525
542,24,10,B,10B,nagE,M9 20 mM glucose pH 7.4,2,2.0,0.02,,2-10B,13.0,0.03810500211697816
543,0,0,B,0B,WT,M9 20 mM glucose pH 7.4,1,2.0,0.02,,1-0B,14.0,0.02505
544,57,1,B,1B,rhtC,M9 20 mM glucose pH 7.4,4,2.0,0.022,,4-1B,15.0,0.03173
545,22,8,A,8A,setA,M9 20 mM glucose pH 7.4,2,2.0,0.028,,2-8A,13.0,0.04049198572551866
546,8,8,C,8C,yedA,M9 20 mM glucose pH 7.4,1,2.0,0.02,,1-8C,14.0,0.02505
547,47,5,B,5B,mtr,M9 20 mM glucose pH 7.4,4,2.0,0.023,,4-5B,13.0,0.029225
548,36,8,B,8B,proP,M9 20 mM glucose pH 7.4,3,2.0,0.027,,3-8B,13.0,0.04714939817335027
549,61,5,A,5A,tolC,M9 20 mM glucose pH 7.4,5,2.0,0.021,,5-5A,24.0,0.027555
550,37,9,A,9A,cycA,M9 20 mM glucose pH 7.4,3,2.0,0.023,,3-9A,14.0,0.049585011794592626
551,22,8,B,8B,setA,M9 20 mM glucose pH 7.4,2,2.0,0.025,,2-8B,13.0,0.04352839774995463
552,20,6,B,6B,aroP,M9 20 mM glucose pH 7.4,2,2.0,0.024,,2-6B,13.0,0.05744402104881145
553,20,6,A,6A,aroP,M9 20 mM glucose pH 7.4,2,2.0,0.026,,2-6A,13.0,0.05138740700417347
554,29,1,A,1A,gadC,M9 20 mM glucose pH 7.4,3,2.0,0.023,,3-1A,14.0,0.0423268009435674
555,16,2,C,2C,yhjE,M9 20 mM glucose pH 7.4,2,2.0,0.022,,2-2C,13.0,0.03688719530635698
556,31,3,B,3B,glnP,M9 20 mM glucose pH 7.4,3,2.0,0.024,,3-3B,13.0,0.04534700296376944
557,0,0,A,0A,WT,M9 20 mM glucose pH 7.4,1,2.0,0.019,,1-0A,14.0,0.024214999999999997
558,6,6,A,6A,ybjE,M9 20 mM glucose pH 7.4,1,4.0,0.02,T1,1-6A,14.0,0.058625576247504994
559,57,1,A,1A,rhtC,M9 20 mM glucose pH 7.4,4,4.0,0.028,T1,4-1A,15.0,0.07664674131736528
560,0,0,B,0B,WT,M9 20 mM glucose pH 7.4,5,4.0,0.037,T1,5-0B,12.0,0.08454507944111778
561,6,6,B,6B,ybjE,M9 20 mM glucose pH 7.4,1,4.0,0.023,T1,1-6B,14.0,0.050896911526946115
562,10,10,B,10B,yeaS,M9 20 mM glucose pH 7.4,1,4.0,0.023,T1,1-10B,14.0,0.06322996117764472
563,0,0,C,0C,WT,M9 20 mM glucose pH 7.4,5,4.0,0.039,T1,5-0C,12.0,0.09041268423153692
564,6,6,C,6C,ybjE,M9 20 mM glucose pH 7.4,1,4.0,0.023,T1,1-6C,14.0,0.06322996117764472
565,31,3,A,3A,glnP,M9 20 mM glucose pH 7.4,3,4.0,0.035,T1,3-3A,13.0,0.10366980431013129
566,10,10,A,10A,yeaS,M9 20 mM glucose pH 7.4,1,4.0,0.022,T1,1-10A,14.0,0.060050759580838324
567,0,0,E,0E,WT,M9 20 mM glucose pH 7.4,4,4.0,0.037,T1,4-0E,12.0,0.0875024877744511
568,15,1,C,1C,argO,M9 20 mM glucose pH 7.4,2,4.0,0.033,T1,2-1C,13.0,0.11284053064707016
569,15,1,B,1B,argO,M9 20 mM glucose pH 7.4,2,4.0,0.031,T1,2-1B,13.0,0.09239641648088515
570,31,3,C,3C,glnP,M9 20 mM glucose pH 7.4,3,4.0,0.037,T1,3-3C,13.0,0.11171020835053531
571,30,2,C,2C,znuB,M9 20 mM glucose pH 7.4,3,4.0,0.031,T1,3-2C,14.0,0.11180940192111853
572,30,2,B,2B,znuB,M9 20 mM glucose pH 7.4,3,4.0,0.03,T1,3-2B,14.0,0.10899105496380701
573,15,1,A,1A,argO,M9 20 mM glucose pH 7.4,2,4.0,0.036,T1,2-1A,13.0,0.11129557151900477
574,58,2,A,2A,rhtB,M9 20 mM glucose pH 7.4,5,4.0,0.036,T1,5-2A,12.0,0.08580829930139722
575,58,2,B,2B,rhtB,M9 20 mM glucose pH 7.4,5,4.0,0.038,T1,5-2B,12.0,0.08674268423153694
576,58,2,C,2C,rhtB,M9 20 mM glucose pH 7.4,5,4.0,0.037,T1,5-2C,12.0,0.08454507944111778
577,63,7,A,7A,kgtP,M9 20 mM glucose pH 7.4,5,4.0,0.038,T1,5-7A,12.0,0.08772428103792416
578,55,13,C,13C,tdcC,M9 20 mM glucose pH 7.4,4,4.0,0.043,T1,4-13C,13.0,0.09128723937125749
579,57,1,B,1B,rhtC,M9 20 mM glucose pH 7.4,4,4.0,0.03,T1,4-1B,15.0,0.08349594291417167
580,60,4,A,4A,metI,M9 20 mM glucose pH 7.4,5,4.0,0.033,T1,5-4A,13.0,0.0816947127744511
581,55,13,B,13B,tdcC,M9 20 mM glucose pH 7.4,4,4.0,0.043,T1,4-13B,13.0,0.09571704291417167
582,30,2,A,2A,znuB,M9 20 mM glucose pH 7.4,3,4.0,0.033,T1,3-2A,14.0,0.11043682052128918
583,31,3,B,3B,glnP,M9 20 mM glucose pH 7.4,3,4.0,0.036,T1,3-3B,13.0,0.10469000633033332
584,65,9,B,9B,hisQ,M9 20 mM glucose pH 7.4,5,4.0,0.036,T1,5-9B,13.0,0.08629909770459084
585,25,11,B,11B,gltJ,M9 20 mM glucose pH 7.4,2,4.0,0.034,T1,2-11B,12.0,0.09925516747860072
586,34,6,A,6A,rbsC,M9 20 mM glucose pH 7.4,3,4.0,0.034,T1,3-6A,13.0,0.09885145735281975
587,61,5,C,5C,tolC,M9 20 mM glucose pH 7.4,5,4.0,0.024,T1,5-5C,24.0,0.0747905893712575
588,18,4,C,4C,actP,M9 20 mM glucose pH 7.4,2,4.0,0.033,T1,2-4C,13.0,0.0962349654583987
589,0,0,E,0E,WT,M9 20 mM glucose pH 7.4,1,4.0,0.024,T1,1-0E,14.0,0.06640916277445111
590,0,0,D,0D,WT,M9 20 mM glucose pH 7.4,5,4.0,0.039,T1,5-0D,12.0,0.08794607430139723
591,0,0,E,0E,WT,M9 20 mM glucose pH 7.4,5,4.0,0.039,T1,5-0E,12.0,0.08794607430139723
592,0,0,F,0F,WT,M9 20 mM glucose pH 7.4,5,4.0,0.039,T1,5-0F,12.0,0.08745527589820361
593,63,7,B,7B,kgtP,M9 20 mM glucose pH 7.4,5,4.0,0.039,T1,5-7B,12.0,0.08794607430139723
594,8,8,A,8A,yedA,M9 20 mM glucose pH 7.4,1,4.0,0.021,T1,1-8A,14.0,0.05933816791417166
595,8,8,B,8B,yedA,M9 20 mM glucose pH 7.4,1,4.0,0.026,T1,1-8B,14.0,0.06783434610778444
596,8,8,C,8C,yedA,M9 20 mM glucose pH 7.4,1,4.0,0.028,T1,1-8C,14.0,0.07419274930139722
597,39,11,B,11B,fruA,M9 20 mM glucose pH 7.4,3,4.0,0.03,T1,3-11B,13.0,0.09577992458646409
598,65,9,C,9C,hisQ,M9 20 mM glucose pH 7.4,5,4.0,0.035,T1,5-9C,13.0,0.08311989610778445
599,25,11,C,11C,gltJ,M9 20 mM glucose pH 7.4,2,4.0,0.034,T1,2-11C,12.0,0.10105331241571024
600,55,13,A,13A,tdcC,M9 20 mM glucose pH 7.4,4,4.0,0.042,T1,4-13A,13.0,0.09205966082834331
601,57,1,C,1C,rhtC,M9 20 mM glucose pH 7.4,4,4.0,0.029,T1,4-1C,15.0,0.08082015763473055
602,32,4,C,4C,focA,M9 20 mM glucose pH 7.4,3,4.0,0.035,T1,3-4C,14.0,0.10407351443591226
603,32,4,B,4B,focA,M9 20 mM glucose pH 7.4,3,4.0,0.035,T1,3-4B,14.0,0.10647722456169323
604,32,4,A,4A,focA,M9 20 mM glucose pH 7.4,3,4.0,0.037,T1,3-4A,14.0,0.10350835328764485
605,65,9,A,9A,hisQ,M9 20 mM glucose pH 7.4,5,4.0,0.035,T1,5-9A,13.0,0.0816475008982036
606,0,0,D,0D,WT,M9 20 mM glucose pH 7.4,4,4.0,0.038,T1,4-0D,12.0,0.08673006631736527
607,3,3,A,3A,ompC,M9 20 mM glucose pH 7.4,1,4.0,0.023,T1,1-3A,14.0,0.07062979096806388
608,3,3,B,3B,ompC,M9 20 mM glucose pH 7.4,1,4.0,0.022,T1,1-3B,14.0,0.06251736951097805
609,3,3,C,3C,ompC,M9 20 mM glucose pH 7.4,1,4.0,0.022,T1,1-3C,14.0,0.07238380923153694
610,52,10,C,10C,emrB,M9 20 mM glucose pH 7.4,4,4.0,0.035,T1,4-10C,12.0,0.09297371791417168
611,0,0,F,0F,WT,M9 20 mM glucose pH 7.4,1,4.0,0.022,T1,1-0F,14.0,0.06498397944111778
612,25,11,A,11A,gltJ,M9 20 mM glucose pH 7.4,2,4.0,0.036,T1,2-11A,12.0,0.10028629620455234
613,0,0,F,0F,WT,M9 20 mM glucose pH 7.4,4,4.0,0.036,T1,4-0F,12.0,0.09171049805389223
614,38,10,B,10B,nupC,M9 20 mM glucose pH 7.4,3,4.0,0.035,T1,3-10B,13.0,0.09326609418435032
615,48,6,B,6B,ugpA,M9 20 mM glucose pH 7.4,4,4.0,0.037,T1,4-6B,13.0,0.08652089096806388
616,26,12,B,12B,ptsG,M9 20 mM glucose pH 7.4,2,4.0,0.028,T1,2-12B,20.0,0.09434508573473152
617,50,8,C,8C,cstA,M9 20 mM glucose pH 7.4,4,4.0,0.034,T1,4-8C,13.0,0.08191650603792416
618,17,3,B,3B,adeP,M9 20 mM glucose pH 7.4,2,4.0,0.028,T1,2-3B,14.0,0.07873024523160763
619,17,3,A,3A,adeP,M9 20 mM glucose pH 7.4,2,4.0,0.025,T1,2-3A,14.0,0.076678914485454
620,59,3,C,3C,eamA,M9 20 mM glucose pH 7.4,5,4.0,0.035,T1,5-3C,13.0,0.07918089096806388
621,52,10,B,10B,emrB,M9 20 mM glucose pH 7.4,4,4.0,0.035,T1,4-10B,12.0,0.08953812909181638
622,0,0,A,0A,WT,M9 20 mM glucose pH 7.4,1,4.0,0.023,T1,1-0A,14.0,0.06816318103792417
623,0,0,B,0B,WT,M9 20 mM glucose pH 7.4,1,4.0,0.024,T1,1-0B,14.0,0.07134238263473054
624,52,10,A,10A,emrB,M9 20 mM glucose pH 7.4,4,4.0,0.035,T1,4-10A,12.0,0.08903471277445112
625,44,2,B,2B,dppB,M9 20 mM glucose pH 7.4,4,4.0,0.029,T1,4-2B,20.0,0.0758869377744511
626,39,11,C,11C,fruA,M9 20 mM glucose pH 7.4,3,4.0,0.033,T1,3-11C,13.0,0.10243682052128919
627,35,7,A,7A,glpF,M9 20 mM glucose pH 7.4,3,4.0,0.037,T1,3-7A,12.0,0.10971020835053533
628,12,12,B,12B,rhtA,M9 20 mM glucose pH 7.4,1,4.0,0.021,T1,1-12B,14.0,0.05933816791417166
629,50,8,A,8A,cstA,M9 20 mM glucose pH 7.4,4,4.0,0.032,T1,4-8A,13.0,0.08787853458083834
630,0,0,F,0F,WT,M9 20 mM glucose pH 7.4,3,4.0,0.038,T1,3-0F,13.0,0.10412484518206588
631,9,9,A,9A,ygaZ,M9 20 mM glucose pH 7.4,1,4.0,0.02,T1,1-9A,14.0,0.05615896631736528
632,35,7,C,7C,glpF,M9 20 mM glucose pH 7.4,3,4.0,0.036,T1,3-7C,12.0,0.10909371645611428
633,50,8,B,8B,cstA,M9 20 mM glucose pH 7.4,4,4.0,0.031,T1,4-8B,13.0,0.08076032784431139
634,13,13,A,13A,mscS,M9 20 mM glucose pH 7.4,1,4.0,0.023,T1,1-13A,16.0,0.06322996117764472
635,9,9,C,9C,ygaZ,M9 20 mM glucose pH 7.4,1,4.0,0.022,T1,1-9C,14.0,0.05758414965069861
636,9,9,B,9B,ygaZ,M9 20 mM glucose pH 7.4,1,4.0,0.021,T1,1-9B,14.0,0.05933816791417166
637,12,12,A,12A,rhtA,M9 20 mM glucose pH 7.4,1,4.0,0.024,T1,1-12A,14.0,0.061475942914171654
638,35,7,B,7B,glpF,M9 20 mM glucose pH 7.4,3,4.0,0.037,T1,3-7B,12.0,0.12071948366498775
639,19,5,C,5C,codB,M9 20 mM glucose pH 7.4,2,4.0,0.044,T1,2-5C,13.0,0.1384479123661685
640,12,12,C,12C,rhtA,M9 20 mM glucose pH 7.4,1,4.0,0.021,T1,1-12C,14.0,0.05933816791417166
641,59,3,B,3B,eamA,M9 20 mM glucose pH 7.4,5,4.0,0.039,T1,5-3B,13.0,0.08794607430139723
642,13,13,B,13B,mscS,M9 20 mM glucose pH 7.4,1,4.0,0.021,T1,1-13B,16.0,0.05933816791417166
643,59,3,A,3A,eamA,M9 20 mM glucose pH 7.4,5,4.0,0.035,T1,5-3A,13.0,0.08016248777445112
644,0,0,C,0C,WT,M9 20 mM glucose pH 7.4,1,4.0,0.023,T1,1-0C,14.0,0.06322996117764472
645,48,6,C,6C,ugpA,M9 20 mM glucose pH 7.4,4,4.0,0.036,T1,4-6C,13.0,0.08678989610778444
646,0,0,A,0A,WT,M9 20 mM glucose pH 7.4,5,4.0,0.038,T1,5-0A,12.0,0.08870587784431139
647,63,7,C,7C,kgtP,M9 20 mM glucose pH 7.4,5,4.0,0.039,T1,5-7C,12.0,0.08547946437125752
648,39,11,A,11A,fruA,M9 20 mM glucose pH 7.4,3,4.0,0.035,T1,3-11A,13.0,0.09926609418435031
649,17,3,C,3C,adeP,M9 20 mM glucose pH 7.4,2,4.0,0.03,T1,2-3C,14.0,0.11438548977513555
650,26,12,A,12A,ptsG,M9 20 mM glucose pH 7.4,2,4.0,0.028,T1,2-12A,20.0,0.08773952054606006
651,44,2,C,2C,dppB,M9 20 mM glucose pH 7.4,4,4.0,0.03,T1,4-2C,20.0,0.07758112624750499
652,26,12,C,12C,ptsG,M9 20 mM glucose pH 7.4,2,4.0,0.028,T1,2-12C,20.0,0.09214323067184102
653,36,8,C,8C,proP,M9 20 mM glucose pH 7.4,3,4.0,0.035,T1,3-8C,13.0,0.09966980431013128
654,24,10,C,10C,nagE,M9 20 mM glucose pH 7.4,2,4.0,0.029,T1,2-10C,13.0,0.08655786750337159
655,44,2,A,2A,dppB,M9 20 mM glucose pH 7.4,4,4.0,0.032,T1,4-2A,20.0,0.08343611312375251
656,0,0,D,0D,WT,M9 20 mM glucose pH 7.4,1,4.0,0.021,T1,1-0D,14.0,0.06673799770459084
657,22,8,A,8A,setA,M9 20 mM glucose pH 7.4,2,4.0,0.04,T1,2-8A,13.0,0.10935782897090798
658,48,6,A,6A,ugpA,M9 20 mM glucose pH 7.4,4,4.0,0.039,T1,4-6A,13.0,0.0978125140219561
659,54,12,B,12B,pheP,M9 20 mM glucose pH 7.4,4,4.0,0.033,T1,4-12B,12.0,0.08367052430139722
660,54,12,A,12A,pheP,M9 20 mM glucose pH 7.4,4,4.0,0.032,T1,4-12A,12.0,0.07949710798403194
661,19,5,B,5B,codB,M9 20 mM glucose pH 7.4,2,4.0,0.04,T1,2-5B,13.0,0.12897266947403185
662,37,9,C,9C,cycA,M9 20 mM glucose pH 7.4,3,4.0,0.034,T1,3-9C,14.0,0.09705331241571025
663,37,9,B,9B,cycA,M9 20 mM glucose pH 7.4,3,4.0,0.03,T1,3-9B,14.0,0.12078919990091651
664,37,9,A,9A,cycA,M9 20 mM glucose pH 7.4,3,4.0,0.034,T1,3-9A,14.0,0.1054570225414912
665,19,5,A,5A,codB,M9 20 mM glucose pH 7.4,2,4.0,0.034,T1,2-5A,13.0,0.09685145735281975
666,27,13,A,13A,lysP,M9 20 mM glucose pH 7.4,2,4.0,0.034,T1,2-13A,13.0,0.09685145735281975
667,60,4,C,4C,metI,M9 20 mM glucose pH 7.4,5,4.0,0.034,T1,5-4C,13.0,0.08438311596806389
668,60,4,B,4B,metI,M9 20 mM glucose pH 7.4,5,4.0,0.036,T1,5-4B,13.0,0.08285089096806389
669,38,10,C,10C,nupC,M9 20 mM glucose pH 7.4,3,4.0,0.035,T1,3-10C,13.0,0.09746794924724081
670,13,13,C,13C,mscS,M9 20 mM glucose pH 7.4,1,4.0,0.02,T1,1-13C,16.0,0.058625576247504994
671,54,12,C,12C,pheP,M9 20 mM glucose pH 7.4,4,4.0,0.034,T1,4-12C,12.0,0.08043149291417166
672,38,10,A,10A,nupC,M9 20 mM glucose pH 7.4,3,4.0,0.036,T1,3-10A,13.0,0.1006900063303333
673,56,14,C,14C,dcuA,M9 20 mM glucose pH 7.4,4,4.0,0.04,T1,4-14C,12.0,0.09949408458083835
674,42,14,A,14A,mscL,M9 20 mM glucose pH 7.4,3,4.0,0.037,T1,3-14A,14.0,0.10150835328764485
675,64,8,A,8A,manY,M9 20 mM glucose pH 7.4,5,4.0,0.037,T1,5-8A,13.0,0.08356348263473055
676,1,1,C,1C,tsx,M9 20 mM glucose pH 7.4,1,4.0,0.022,T1,1-1C,14.0,0.05758414965069861
677,1,1,B,1B,tsx,M9 20 mM glucose pH 7.4,1,4.0,0.024,T1,1-1B,14.0,0.05900933298403194
678,1,1,A,1A,tsx,M9 20 mM glucose pH 7.4,1,4.0,0.026,T1,1-1A,14.0,0.07030095603792416
679,27,13,B,13B,lysP,M9 20 mM glucose pH 7.4,2,4.0,0.033,T1,2-13B,13.0,0.0962349654583987
680,27,13,C,13C,lysP,M9 20 mM glucose pH 7.4,2,4.0,0.038,T1,2-13C,13.0,0.11073041037073734
681,16,2,A,2A,yhjE,M9 20 mM glucose pH 7.4,2,4.0,0.034,T1,2-2A,13.0,0.09685145735281975
682,36,8,B,8B,proP,M9 20 mM glucose pH 7.4,3,4.0,0.035,T1,3-8B,13.0,0.10987165937302179
683,0,0,A,0A,WT,M9 20 mM glucose pH 7.4,2,4.0,0.034,T1,2-0A,13.0,0.10525516747860073
684,0,0,B,0B,WT,M9 20 mM glucose pH 7.4,2,4.0,0.033,T1,2-0B,13.0,0.09823496545839869
685,0,0,C,0C,WT,M9 20 mM glucose pH 7.4,2,4.0,0.038,T1,2-0C,13.0,0.13173968568518976
686,28,14,C,14C,putP,M9 20 mM glucose pH 7.4,2,4.0,0.037,T1,2-14C,12.0,0.12871948366498775
687,0,0,D,0D,WT,M9 20 mM glucose pH 7.4,2,4.0,0.035,T1,2-0D,13.0,0.12568835493903613
688,0,0,E,0E,WT,M9 20 mM glucose pH 7.4,2,4.0,0.033,T1,2-0E,13.0,0.10043682052128917
689,0,0,C,0C,WT,M9 20 mM glucose pH 7.4,3,4.0,0.041,T1,3-0C,13.0,0.12599287149423388
690,40,12,B,12B,sdaC,M9 20 mM glucose pH 7.4,3,4.0,0.043,T1,3-12B,13.0,0.10441843503151405
691,40,12,A,12A,sdaC,M9 20 mM glucose pH 7.4,3,4.0,0.037,T1,3-12A,13.0,0.10350835328764485
692,36,8,A,8A,proP,M9 20 mM glucose pH 7.4,3,4.0,0.037,T1,3-8A,13.0,0.11150835328764486
693,24,10,B,10B,nagE,M9 20 mM glucose pH 7.4,2,4.0,0.029,T1,2-10B,13.0,0.08655786750337159
694,24,10,A,10A,nagE,M9 20 mM glucose pH 7.4,2,4.0,0.028,T1,2-10A,13.0,0.07953766548316957
695,29,1,C,1C,gadC,M9 20 mM glucose pH 7.4,3,4.0,0.034,T1,3-1C,14.0,0.10786073266727218
696,11,11,A,11A,punC,M9 20 mM glucose pH 7.4,1,4.0,0.021,T1,1-11A,15.0,0.05933816791417166
697,41,13,A,13A,gltP,M9 20 mM glucose pH 7.4,3,4.0,0.036,T1,3-13A,13.0,0.1006900063303333
698,41,13,B,13B,gltP,M9 20 mM glucose pH 7.4,3,4.0,0.038,T1,3-13B,13.0,0.10412484518206588
699,45,3,A,3A,dctA,M9 20 mM glucose pH 7.4,4,4.0,0.034,T1,4-3A,13.0,0.08142570763473055
700,41,13,C,13C,gltP,M9 20 mM glucose pH 7.4,3,4.0,0.036,T1,3-13C,13.0,0.1026900063303333
701,62,6,C,6C,yahN,M9 20 mM glucose pH 7.4,5,4.0,0.038,T1,5-6C,13.0,0.08920929416167665
702,40,12,C,12C,sdaC,M9 20 mM glucose pH 7.4,3,4.0,0.039,T1,3-12C,13.0,0.11134690226515839
703,33,5,B,5B,artQ,M9 20 mM glucose pH 7.4,3,4.0,0.03,T1,3-5B,14.0,0.08737621446068312
704,29,1,B,1B,gadC,M9 20 mM glucose pH 7.4,3,4.0,0.04,T1,3-1B,14.0,0.1185689593482509
705,51,9,B,9B,nupG,M9 20 mM glucose pH 7.4,4,4.0,0.033,T1,4-9B,12.0,0.08071311596806388
706,51,9,C,9C,nupG,M9 20 mM glucose pH 7.4,4,4.0,0.041,T1,4-9C,12.0,0.08888045923153694
707,28,14,B,14B,putP,M9 20 mM glucose pH 7.4,2,4.0,0.034,T1,2-14B,12.0,0.09485145735281975
708,61,5,B,5B,tolC,M9 20 mM glucose pH 7.4,5,4.0,0.023,T1,5-5B,24.0,0.06667816791417167
709,22,8,C,8C,setA,M9 20 mM glucose pH 7.4,2,4.0,0.036,T1,2-8C,13.0,0.11349742658189527
710,64,8,C,8C,manY,M9 20 mM glucose pH 7.4,5,4.0,0.034,T1,5-8C,13.0,0.07944989610778444
711,64,8,B,8B,manY,M9 20 mM glucose pH 7.4,5,4.0,0.036,T1,5-8B,13.0,0.08185667624750499
712,45,3,C,3C,dctA,M9 20 mM glucose pH 7.4,4,4.0,0.033,T1,4-3C,13.0,0.08662793263473054
713,51,9,A,9A,nupG,M9 20 mM glucose pH 7.4,4,4.0,0.037,T1,4-9A,12.0,0.08947829930139721
714,28,14,A,14A,putP,M9 20 mM glucose pH 7.4,2,4.0,0.033,T1,2-14A,12.0,0.09183125533261774
715,33,5,C,5C,artQ,M9 20 mM glucose pH 7.4,3,4.0,0.031,T1,3-5C,14.0,0.09259827154377565
716,53,11,B,11B,galP,M9 20 mM glucose pH 7.4,4,4.0,0.035,T1,4-11B,12.0,0.09298633582834334
717,33,5,A,5A,artQ,M9 20 mM glucose pH 7.4,3,4.0,0.031,T1,3-5A,14.0,0.08819456141799467
718,53,11,A,11A,galP,M9 20 mM glucose pH 7.4,4,4.0,0.033,T1,4-11A,12.0,0.07922810284431138
719,45,3,B,3B,dctA,M9 20 mM glucose pH 7.4,4,4.0,0.035,T1,4-3B,13.0,0.09150132270459084
720,53,11,C,11C,galP,M9 20 mM glucose pH 7.4,4,4.0,0.038,T1,4-11C,12.0,0.09314829930139722
721,21,7,C,7C,brnQ,M9 20 mM glucose pH 7.4,2,4.0,0.029,T1,2-7C,13.0,0.09096157762915257
722,21,7,B,7B,brnQ,M9 20 mM glucose pH 7.4,2,4.0,0.028,T1,2-7B,13.0,0.08373952054606006
723,21,7,A,7A,brnQ,M9 20 mM glucose pH 7.4,2,4.0,0.049,T1,2-7A,13.0,0.16114521234139761
724,7,7,C,7C,satP,M9 20 mM glucose pH 7.4,1,4.0,0.024,T1,1-7C,14.0,0.06394255284431138
725,61,5,A,5A,tolC,M9 20 mM glucose pH 7.4,5,4.0,0.023,T1,5-5A,24.0,0.07407799770459084
726,22,8,B,8B,setA,M9 20 mM glucose pH 7.4,2,4.0,0.034,T1,2-8B,13.0,0.10285145735281975
727,56,14,B,14B,dcuA,M9 20 mM glucose pH 7.4,4,4.0,0.03,T1,4-14B,12.0,0.08102933298403195
728,0,0,A,0A,WT,M9 20 mM glucose pH 7.4,3,4.0,0.035,T1,3-0A,13.0,0.09966980431013128
729,0,0,B,0B,WT,M9 20 mM glucose pH 7.4,3,4.0,0.035,T1,3-0B,13.0,0.10387165937302179
730,62,6,A,6A,yahN,M9 20 mM glucose pH 7.4,5,4.0,0.035,T1,5-6A,13.0,0.08854391437125748
731,47,5,C,5C,mtr,M9 20 mM glucose pH 7.4,4,4.0,0.034,T1,4-5C,13.0,0.08783132270459083
732,10,10,C,10C,yeaS,M9 20 mM glucose pH 7.4,1,4.0,0.024,T1,1-10C,14.0,0.06394255284431138
733,43,1,A,1A,livH,M9 20 mM glucose pH 7.4,5,4.0,0.027,T1,5-1A,15.0,0.07397095603792415
734,47,5,A,5A,mtr,M9 20 mM glucose pH 7.4,4,4.0,0.035,T1,4-5A,13.0,0.08756231756487026
735,43,1,B,1B,livH,M9 20 mM glucose pH 7.4,5,4.0,0.028,T1,5-1B,15.0,0.07468354770459083
736,43,1,C,1C,livH,M9 20 mM glucose pH 7.4,5,4.0,0.028,T1,5-1C,15.0,0.0796041496506986
737,11,11,B,11B,punC,M9 20 mM glucose pH 7.4,1,4.0,0.02,T1,1-11B,15.0,0.06109218617764472
738,11,11,C,11C,punC,M9 20 mM glucose pH 7.4,1,4.0,0.02,T1,1-11C,15.0,0.058625576247504994
739,5,5,C,5C,yddG,M9 20 mM glucose pH 7.4,1,4.0,0.024,T1,1-5C,14.0,0.06887577270459083
740,66,10,A,10A,ansP,M9 20 mM glucose pH 7.4,5,4.0,0.044,T1,5-10A,13.0,0.0984180640219561
741,66,10,B,10B,ansP,M9 20 mM glucose pH 7.4,5,4.0,0.04,T1,5-10B,13.0,0.09803430728542915
742,34,6,C,6C,rbsC,M9 20 mM glucose pH 7.4,3,4.0,0.036,T1,3-6C,13.0,0.10709371645611426
743,34,6,B,6B,rbsC,M9 20 mM glucose pH 7.4,3,4.0,0.034,T1,3-6B,13.0,0.09664960228992926
744,16,2,B,2B,yhjE,M9 20 mM glucose pH 7.4,2,4.0,0.035,T1,2-2B,13.0,0.10387165937302179
745,23,9,C,9C,acrB,M9 20 mM glucose pH 7.4,2,4.0,0.037,T1,2-9C,12.0,0.10150835328764485
746,62,6,B,6B,yahN,M9 20 mM glucose pH 7.4,5,4.0,0.037,T1,5-6B,13.0,0.0875024877744511
747,66,10,C,10C,ansP,M9 20 mM glucose pH 7.4,5,4.0,0.042,T1,5-10C,13.0,0.09895607430139722
748,0,0,E,0E,WT,M9 20 mM glucose pH 7.4,3,4.0,0.039,T1,3-0E,13.0,0.10274133707648694
749,67,11,C,11C,glpT,M9 20 mM glucose pH 7.4,5,4.0,0.035,T1,5-11C,13.0,0.08016248777445112
750,67,11,B,11B,glpT,M9 20 mM glucose pH 7.4,5,4.0,0.034,T1,5-11B,13.0,0.07895909770459082
751,42,14,B,14B,mscL,M9 20 mM glucose pH 7.4,3,4.0,0.034,T1,3-14B,14.0,0.09685145735281975
752,42,14,C,14C,mscL,M9 20 mM glucose pH 7.4,3,4.0,0.037,T1,3-14C,14.0,0.09930649822475435
753,67,11,A,11A,glpT,M9 20 mM glucose pH 7.4,5,4.0,0.035,T1,5-11A,13.0,0.08311989610778445
754,29,1,A,1A,gadC,M9 20 mM glucose pH 7.4,3,4.0,0.034,T1,3-1A,14.0,0.09885145735281975
755,23,9,A,9A,acrB,M9 20 mM glucose pH 7.4,2,4.0,0.036,T1,2-9A,12.0,0.09828629620455233
756,23,9,B,9B,acrB,M9 20 mM glucose pH 7.4,2,4.0,0.043,T1,2-9B,12.0,0.121225855283076
757,0,0,F,0F,WT,M9 20 mM glucose pH 7.4,2,4.0,0.033,T1,2-0F,13.0,0.09823496545839869
758,5,5,B,5B,yddG,M9 20 mM glucose pH 7.4,1,4.0,0.023,T1,1-5B,14.0,0.055830131387225555
759,5,5,A,5A,yddG,M9 20 mM glucose pH 7.4,1,4.0,0.022,T1,1-5A,14.0,0.06251736951097805
760,47,5,B,5B,mtr,M9 20 mM glucose pH 7.4,4,4.0,0.035,T1,4-5B,13.0,0.08756231756487026
761,14,14,A,14A,sstT,M9 20 mM glucose pH 7.4,1,4.0,0.02,T1,1-14A,14.0,0.058625576247504994
762,4,4,A,4A,ompF,M9 20 mM glucose pH 7.4,1,4.0,0.02,T1,1-4A,14.0,0.06109218617764472
763,14,14,B,14B,sstT,M9 20 mM glucose pH 7.4,1,4.0,0.018,T1,1-14B,14.0,0.0498005631237525
764,4,4,B,4B,ompF,M9 20 mM glucose pH 7.4,1,4.0,0.021,T1,1-4B,14.0,0.054404948053892226
765,4,4,C,4C,ompF,M9 20 mM glucose pH 7.4,1,4.0,0.025,T1,1-4C,14.0,0.0695883643712575
766,0,0,C,0C,WT,M9 20 mM glucose pH 7.4,4,4.0,0.036,T1,4-0C,12.0,0.09812873103792416
767,2,2,C,2C,oppA,M9 20 mM glucose pH 7.4,1,4.0,0.024,T1,1-2C,14.0,0.06640916277445111
768,46,4,C,4C,gltS,M9 20 mM glucose pH 7.4,4,4.0,0.033,T1,4-4C,13.0,0.08316710798403194
769,46,4,B,4B,gltS,M9 20 mM glucose pH 7.4,4,4.0,0.037,T1,4-4B,13.0,0.09145411082834332
770,2,2,A,2A,oppA,M9 20 mM glucose pH 7.4,1,4.0,0.024,T1,1-2A,14.0,0.06394255284431138
771,7,7,B,7B,satP,M9 20 mM glucose pH 7.4,1,4.0,0.023,T1,1-7B,14.0,0.06322996117764472
772,2,2,B,2B,oppA,M9 20 mM glucose pH 7.4,1,4.0,0.023,T1,1-2B,14.0,0.06322996117764472
773,18,4,B,4B,actP,M9 20 mM glucose pH 7.4,2,4.0,0.032,T1,2-4B,13.0,0.09321476343819668
774,7,7,A,7A,satP,M9 20 mM glucose pH 7.4,1,4.0,0.025,T1,1-7A,14.0,0.06465514451097805
775,46,4,A,4A,gltS,M9 20 mM glucose pH 7.4,4,4.0,0.036,T1,4-4A,13.0,0.08580829930139722
776,49,7,C,7C,uhpT,M9 20 mM glucose pH 7.4,4,4.0,0.033,T1,4-7C,13.0,0.08218551117764472
777,14,14,C,14C,sstT,M9 20 mM glucose pH 7.4,1,4.0,0.019,T1,1-14C,14.0,0.05297976472055889
778,20,6,A,6A,aroP,M9 20 mM glucose pH 7.4,2,4.0,0.036,T1,2-6A,13.0,0.11309371645611427
779,56,14,A,14A,dcuA,M9 20 mM glucose pH 7.4,4,4.0,0.031,T1,4-14A,12.0,0.08519013138722556
780,18,4,A,4A,actP,M9 20 mM glucose pH 7.4,2,4.0,0.044,T1,2-4A,13.0,0.14885162249194944
781,20,6,C,6C,aroP,M9 20 mM glucose pH 7.4,2,4.0,0.037,T1,2-6C,13.0,0.10571020835053532
782,0,0,B,0B,WT,M9 20 mM glucose pH 7.4,4,4.0,0.035,T1,4-0B,12.0,0.08656810284431139
783,0,0,D,0D,WT,M9 20 mM glucose pH 7.4,3,4.0,0.039,T1,3-0D,13.0,0.10494319213937744
784,16,2,C,2C,yhjE,M9 20 mM glucose pH 7.4,2,4.0,0.034,T1,2-2C,13.0,0.09244774722703877
785,49,7,A,7A,uhpT,M9 20 mM glucose pH 7.4,4,4.0,0.036,T1,4-7A,13.0,0.0897346865269461
786,0,0,A,0A,WT,M9 20 mM glucose pH 7.4,4,4.0,0.038,T1,4-0A,12.0,0.09313568138722556
787,49,7,B,7B,uhpT,M9 20 mM glucose pH 7.4,4,4.0,0.037,T1,4-7B,13.0,0.0875024877744511
788,20,6,B,6B,aroP,M9 20 mM glucose pH 7.4,2,4.0,0.036,T1,2-6B,13.0,0.11569928164478571
789,8,8,A,8A,yedA,M9 20 mM glucose pH 7.4,1,6.0,0.036,,1-8A,14.0,0.114671501247505
790,13,13,C,13C,mscS,M9 20 mM glucose pH 7.4,1,6.0,0.03,,1-13C,16.0,0.10762557624750499
791,60,4,C,4C,metI,M9 20 mM glucose pH 7.4,5,6.0,0.088,,5-4C,13.0,0.1993831159680639
792,44,2,A,2A,dppB,M9 20 mM glucose pH 7.4,4,6.0,0.048,,4-2A,20.0,0.16260277979041918
793,8,8,B,8B,yedA,M9 20 mM glucose pH 7.4,1,6.0,0.04,,1-8B,14.0,0.13283434610778444
794,1,1,B,1B,tsx,M9 20 mM glucose pH 7.4,1,6.0,0.041,,1-1B,14.0,0.12267599965069861
795,1,1,C,1C,tsx,M9 20 mM glucose pH 7.4,1,6.0,0.041,,1-1C,14.0,0.1185841496506986
796,13,13,A,13A,mscS,M9 20 mM glucose pH 7.4,1,6.0,0.032,,1-13A,16.0,0.11772996117764473
797,32,4,C,4C,focA,M9 20 mM glucose pH 7.4,3,6.0,0.095,,3-4C,14.0,0.2191656081775842
798,54,12,A,12A,pheP,M9 20 mM glucose pH 7.4,4,6.0,0.09,,4-12A,12.0,0.19383044131736527
799,1,1,A,1A,tsx,M9 20 mM glucose pH 7.4,1,6.0,0.04,,1-1A,14.0,0.1351342893712575
800,54,12,B,12B,pheP,M9 20 mM glucose pH 7.4,4,6.0,0.096,,4-12B,12.0,0.20400385763473056
801,6,6,A,6A,ybjE,M9 20 mM glucose pH 7.4,1,6.0,0.035,,1-6A,14.0,0.11179224291417167
802,37,9,B,9B,cycA,M9 20 mM glucose pH 7.4,3,6.0,0.075,,3-9B,14.0,0.20978134639811283
803,60,4,A,4A,metI,M9 20 mM glucose pH 7.4,5,6.0,0.097,,5-4A,13.0,0.20302804610778444
804,66,10,C,10C,ansP,M9 20 mM glucose pH 7.4,5,6.0,0.092,,5-10C,13.0,0.22745607430139722
805,47,5,A,5A,mtr,M9 20 mM glucose pH 7.4,4,6.0,0.088,,4-5A,13.0,0.20372898423153693
806,42,14,B,14B,mscL,M9 20 mM glucose pH 7.4,3,6.0,0.097,,3-14B,14.0,0.21172600254037377
807,17,3,C,3C,adeP,M9 20 mM glucose pH 7.4,2,6.0,0.06,,2-3C,14.0,0.19367507409423576
808,17,3,B,3B,adeP,M9 20 mM glucose pH 7.4,2,6.0,0.055,,2-3B,14.0,0.15320958083832337
809,17,3,A,3A,adeP,M9 20 mM glucose pH 7.4,2,6.0,0.05,,2-3A,14.0,0.14418012459928628
810,37,9,C,9C,cycA,M9 20 mM glucose pH 7.4,3,6.0,0.075,,3-9C,14.0,0.19821127442085523
811,37,9,A,9A,cycA,M9 20 mM glucose pH 7.4,3,6.0,0.077,,3-9A,14.0,0.20691834512792595
812,57,1,A,1A,rhtC,M9 20 mM glucose pH 7.4,4,6.0,0.061,,4-1A,15.0,0.16148007465069864
813,66,10,B,10B,ansP,M9 20 mM glucose pH 7.4,5,6.0,0.088,,5-10B,13.0,0.22036764061876246
814,54,12,C,12C,pheP,M9 20 mM glucose pH 7.4,4,6.0,0.094,,4-12C,12.0,0.20076482624750502
815,13,13,B,13B,mscS,M9 20 mM glucose pH 7.4,1,6.0,0.028,,1-13B,16.0,0.10800483458083833
816,35,7,A,7A,glpF,M9 20 mM glucose pH 7.4,3,6.0,0.108,,3-7A,12.0,0.23570053831730475
817,0,0,E,0E,WT,M9 20 mM glucose pH 7.4,5,6.0,0.097,,5-0E,12.0,0.21711274096806388
818,10,10,B,10B,yeaS,M9 20 mM glucose pH 7.4,1,6.0,0.044,,1-10B,14.0,0.12772996117764474
819,10,10,C,10C,yeaS,M9 20 mM glucose pH 7.4,1,6.0,0.045,,1-10C,14.0,0.13060921951097806
820,0,0,F,0F,WT,M9 20 mM glucose pH 7.4,1,6.0,0.035,,1-0F,14.0,0.12048397944111777
821,31,3,A,3A,glnP,M9 20 mM glucose pH 7.4,3,6.0,0.098,,3-3A,13.0,0.21886173108328796
822,0,0,E,0E,WT,M9 20 mM glucose pH 7.4,1,6.0,0.038,,1-0E,14.0,0.12707582944111778
823,0,0,D,0D,WT,M9 20 mM glucose pH 7.4,1,6.0,0.036,,1-0D,14.0,0.12157133103792417
824,31,3,B,3B,glnP,M9 20 mM glucose pH 7.4,3,6.0,0.103,,3-3B,13.0,0.22601366963043606
825,0,0,A,0A,WT,M9 20 mM glucose pH 7.4,2,6.0,0.097,,2-0A,13.0,0.21909973991411116
826,0,0,B,0B,WT,M9 20 mM glucose pH 7.4,1,6.0,0.038,,1-0B,14.0,0.13167571596806388
827,0,0,A,0A,WT,M9 20 mM glucose pH 7.4,1,6.0,0.038,,1-0A,14.0,0.12732984770459083
828,57,1,C,1C,rhtC,M9 20 mM glucose pH 7.4,4,6.0,0.059,,4-1C,15.0,0.16498682430139722
829,57,1,B,1B,rhtC,M9 20 mM glucose pH 7.4,4,6.0,0.066,,4-1B,15.0,0.174829276247505
830,35,7,C,7C,glpF,M9 20 mM glucose pH 7.4,3,6.0,0.104,,3-7C,12.0,0.23151914353111952
831,35,7,B,7B,glpF,M9 20 mM glucose pH 7.4,3,6.0,0.105,,3-7B,12.0,0.24579755640234677
832,9,9,C,9C,ygaZ,M9 20 mM glucose pH 7.4,1,6.0,0.031,,1-9C,14.0,0.11025081631736527
833,9,9,B,9B,ygaZ,M9 20 mM glucose pH 7.4,1,6.0,0.031,,1-9B,14.0,0.11050483458083832
834,9,9,A,9A,ygaZ,M9 20 mM glucose pH 7.4,1,6.0,0.03,,1-9A,14.0,0.10532563298403194
835,0,0,B,0B,WT,M9 20 mM glucose pH 7.4,5,6.0,0.109,,5-0B,12.0,0.22121174610778443
836,0,0,C,0C,WT,M9 20 mM glucose pH 7.4,5,6.0,0.114,,5-0C,12.0,0.23357935089820359
837,0,0,D,0D,WT,M9 20 mM glucose pH 7.4,5,6.0,0.1,,5-0D,12.0,0.21961274096806388
838,3,3,C,3C,ompC,M9 20 mM glucose pH 7.4,1,6.0,0.037,,1-3C,14.0,0.1290504758982036
839,3,3,B,3B,ompC,M9 20 mM glucose pH 7.4,1,6.0,0.036,,1-3B,14.0,0.11901736951097805
840,32,4,A,4A,focA,M9 20 mM glucose pH 7.4,3,6.0,0.095,,3-4A,14.0,0.22207953789390916
841,47,5,C,5C,mtr,M9 20 mM glucose pH 7.4,4,6.0,0.089,,4-5C,13.0,0.20349798937125751
842,38,10,A,10A,nupC,M9 20 mM glucose pH 7.4,3,6.0,0.099,,3-10A,13.0,0.22081207282404886
843,32,4,B,4B,focA,M9 20 mM glucose pH 7.4,3,6.0,0.099,,3-4B,14.0,0.22540361700840741
844,8,8,C,8C,yedA,M9 20 mM glucose pH 7.4,1,6.0,0.049,,1-8C,14.0,0.14902608263473055
845,10,10,A,10A,yeaS,M9 20 mM glucose pH 7.4,1,6.0,0.043,,1-10A,14.0,0.12255075958083833
846,0,0,B,0B,WT,M9 20 mM glucose pH 7.4,3,6.0,0.101,,3-0B,13.0,0.22201366963043612
847,46,4,B,4B,gltS,M9 20 mM glucose pH 7.4,4,6.0,0.094,,4-4B,13.0,0.21512077749500996
848,46,4,C,4C,gltS,M9 20 mM glucose pH 7.4,4,6.0,0.089,,4-4C,13.0,0.19783377465069862
849,48,6,B,6B,ugpA,M9 20 mM glucose pH 7.4,4,6.0,0.1,,4-6B,13.0,0.21552089096806387
850,48,6,A,6A,ugpA,M9 20 mM glucose pH 7.4,4,6.0,0.099,,4-6A,13.0,0.22797918068862277
851,4,4,B,4B,ompF,M9 20 mM glucose pH 7.4,1,6.0,0.036,,1-4B,14.0,0.11007161472055889
852,58,2,B,2B,rhtB,M9 20 mM glucose pH 7.4,5,6.0,0.098,,5-2B,12.0,0.21540935089820362
853,6,6,C,6C,ybjE,M9 20 mM glucose pH 7.4,1,6.0,0.04,,1-6C,14.0,0.12439662784431138
854,6,6,B,6B,ybjE,M9 20 mM glucose pH 7.4,1,6.0,0.039,,1-6B,14.0,0.11206357819361278
855,23,9,C,9C,acrB,M9 20 mM glucose pH 7.4,2,6.0,0.118,,2-9C,12.0,0.23614540615738217
856,23,9,B,9B,acrB,M9 20 mM glucose pH 7.4,2,6.0,0.124,,2-9B,12.0,0.26962541583499666
857,23,9,A,9A,acrB,M9 20 mM glucose pH 7.4,2,6.0,0.119,,2-9A,12.0,0.23057406399322566
858,4,4,A,4A,ompF,M9 20 mM glucose pH 7.4,1,6.0,0.034,,1-4A,14.0,0.11325885284431139
859,58,2,A,2A,rhtB,M9 20 mM glucose pH 7.4,5,6.0,0.096,,5-2A,12.0,0.21014163263473057
860,0,0,E,0E,WT,M9 20 mM glucose pH 7.4,3,6.0,0.107,,3-0E,13.0,0.23184152906308592
861,0,0,C,0C,WT,M9 20 mM glucose pH 7.4,3,6.0,0.122,,3-0C,13.0,0.26906502147220707
862,3,3,A,3A,ompC,M9 20 mM glucose pH 7.4,1,6.0,0.038,,1-3A,14.0,0.12962979096806387
863,42,14,C,14C,mscL,M9 20 mM glucose pH 7.4,3,6.0,0.098,,3-14C,14.0,0.22039266920704045
864,48,6,C,6C,ugpA,M9 20 mM glucose pH 7.4,4,6.0,0.099,,4-6C,13.0,0.21362322944111778
865,14,14,B,14B,sstT,M9 20 mM glucose pH 7.4,1,6.0,0.031,,1-14B,14.0,0.09746722979041916
866,39,11,A,11A,fruA,M9 20 mM glucose pH 7.4,3,6.0,0.093,,3-11A,13.0,0.2106895905159378
867,39,11,B,11B,fruA,M9 20 mM glucose pH 7.4,3,6.0,0.08,,3-11B,13.0,0.19214540615738218
868,14,14,C,14C,sstT,M9 20 mM glucose pH 7.4,1,6.0,0.032,,1-14C,14.0,0.10264643138722557
869,46,4,A,4A,gltS,M9 20 mM glucose pH 7.4,4,6.0,0.095,,4-4A,13.0,0.20930829930139722
870,4,4,C,4C,ompF,M9 20 mM glucose pH 7.4,1,6.0,0.039,,1-4C,14.0,0.13225503103792416
871,58,2,C,2C,rhtB,M9 20 mM glucose pH 7.4,5,6.0,0.094,,5-2C,12.0,0.20871174610778442
872,14,14,A,14A,sstT,M9 20 mM glucose pH 7.4,1,6.0,0.031,,1-14A,14.0,0.10845890958083833
873,29,1,A,1A,gadC,M9 20 mM glucose pH 7.4,3,6.0,0.093,,3-1A,14.0,0.21032680094356737
874,29,1,C,1C,gadC,M9 20 mM glucose pH 7.4,3,6.0,0.092,,3-1C,14.0,0.2204896872920825
875,53,11,A,11A,galP,M9 20 mM glucose pH 7.4,4,6.0,0.097,,4-11A,12.0,0.2007281028443114
876,42,14,A,14A,mscL,M9 20 mM glucose pH 7.4,3,6.0,0.097,,3-14A,14.0,0.2221454061573822
877,18,4,C,4C,actP,M9 20 mM glucose pH 7.4,2,6.0,0.083,,2-4C,13.0,0.2008779410875219
878,18,4,B,4B,actP,M9 20 mM glucose pH 7.4,2,6.0,0.088,,2-4B,13.0,0.19912520413718016
879,18,4,A,4A,actP,M9 20 mM glucose pH 7.4,2,6.0,0.105,,2-4A,13.0,0.2807102159317728
880,39,11,C,11C,fruA,M9 20 mM glucose pH 7.4,3,6.0,0.085,,3-11C,13.0,0.2071656081775842
881,38,10,B,10B,nupC,M9 20 mM glucose pH 7.4,3,6.0,0.098,,3-10B,13.0,0.21022052863969032
882,0,0,D,0D,WT,M9 20 mM glucose pH 7.4,3,6.0,0.108,,3-0D,13.0,0.234927599346761
883,38,10,C,10C,nupC,M9 20 mM glucose pH 7.4,3,6.0,0.098,,3-10C,13.0,0.213907397326559
884,29,1,B,1B,gadC,M9 20 mM glucose pH 7.4,3,6.0,0.101,,3-1B,14.0,0.24514014395451522
885,53,11,B,11B,galP,M9 20 mM glucose pH 7.4,4,6.0,0.099,,4-11B,12.0,0.21798633582834334
886,16,2,A,2A,yhjE,M9 20 mM glucose pH 7.4,2,6.0,0.091,,2-2A,13.0,0.20772600254037377
887,59,3,C,3C,eamA,M9 20 mM glucose pH 7.4,5,6.0,0.09,,5-3C,13.0,0.19751422430139723
888,0,0,F,0F,WT,M9 20 mM glucose pH 7.4,3,6.0,0.103,,3-0F,13.0,0.228927599346761
889,59,3,B,3B,eamA,M9 20 mM glucose pH 7.4,5,6.0,0.092,,5-3B,13.0,0.21294607430139723
890,52,10,A,10A,emrB,M9 20 mM glucose pH 7.4,4,6.0,0.093,,4-10A,12.0,0.20936804610778448
891,52,10,B,10B,emrB,M9 20 mM glucose pH 7.4,4,6.0,0.092,,4-10B,12.0,0.20887146242514973
892,52,10,C,10C,emrB,M9 20 mM glucose pH 7.4,4,6.0,0.09,,4-10C,12.0,0.21064038458083834
893,49,7,B,7B,uhpT,M9 20 mM glucose pH 7.4,4,6.0,0.098,,4-7B,13.0,0.21483582110778443
894,16,2,C,2C,yhjE,M9 20 mM glucose pH 7.4,2,6.0,0.093,,2-2C,13.0,0.2042205286396903
895,49,7,A,7A,uhpT,M9 20 mM glucose pH 7.4,4,6.0,0.104,,4-7A,13.0,0.22073468652694608
896,5,5,A,5A,yddG,M9 20 mM glucose pH 7.4,1,6.0,0.035,,1-5A,14.0,0.11818403617764472
897,5,5,B,5B,yddG,M9 20 mM glucose pH 7.4,1,6.0,0.038,,1-5B,14.0,0.11583013138722556
898,5,5,C,5C,yddG,M9 20 mM glucose pH 7.4,1,6.0,0.042,,1-5C,14.0,0.13270910603792418
899,16,2,B,2B,yhjE,M9 20 mM glucose pH 7.4,2,6.0,0.096,,2-2B,13.0,0.21868033629710276
900,0,0,A,0A,WT,M9 20 mM glucose pH 7.4,3,6.0,0.104,,3-0A,13.0,0.22032680094356738
901,53,11,C,11C,galP,M9 20 mM glucose pH 7.4,4,6.0,0.101,,4-11C,12.0,0.2239816326347306
902,59,3,A,3A,eamA,M9 20 mM glucose pH 7.4,5,6.0,0.092,,5-3A,13.0,0.20016248777445114
903,47,5,B,5B,mtr,M9 20 mM glucose pH 7.4,4,6.0,0.09,,4-5B,13.0,0.2053956508982036
904,7,7,C,7C,satP,M9 20 mM glucose pH 7.4,1,6.0,0.044,,1-7C,14.0,0.1297758861776447
905,64,8,C,8C,manY,M9 20 mM glucose pH 7.4,5,6.0,0.075,,5-8C,13.0,0.18394989610778445
906,50,8,C,8C,cstA,M9 20 mM glucose pH 7.4,4,6.0,0.087,,4-8C,13.0,0.1962498393712575
907,61,5,B,5B,tolC,M9 20 mM glucose pH 7.4,5,6.0,0.025,,5-5B,24.0,0.11517816791417167
908,26,12,A,12A,ptsG,M9 20 mM glucose pH 7.4,2,6.0,0.04,,2-12A,20.0,0.15403913385350512
909,0,0,E,0E,WT,M9 20 mM glucose pH 7.4,4,6.0,0.104,,4-0E,12.0,0.21983582110778443
910,0,0,C,0C,WT,M9 20 mM glucose pH 7.4,4,6.0,0.111,,4-0C,12.0,0.23429539770459082
911,11,11,C,11C,punC,M9 20 mM glucose pH 7.4,1,6.0,0.027,,1-11C,15.0,0.10512557624750499
912,11,11,B,11B,punC,M9 20 mM glucose pH 7.4,1,6.0,0.029,,1-11B,15.0,0.10909218617764471
913,11,11,A,11A,punC,M9 20 mM glucose pH 7.4,1,6.0,0.028,,1-11A,15.0,0.10800483458083833
914,27,13,C,13C,lysP,M9 20 mM glucose pH 7.4,2,6.0,0.107,,2-13C,13.0,0.23885247686445288
915,27,13,B,13B,lysP,M9 20 mM glucose pH 7.4,2,6.0,0.104,,2-13B,13.0,0.21487794108752192
916,27,13,A,13A,lysP,M9 20 mM glucose pH 7.4,2,6.0,0.105,,2-13A,13.0,0.21705933587370713
917,0,0,D,0D,WT,M9 20 mM glucose pH 7.4,4,6.0,0.109,,4-0D,12.0,0.22473006631736528
918,24,10,A,10A,nagE,M9 20 mM glucose pH 7.4,2,6.0,0.074,,2-10A,13.0,0.17048400169358252
919,65,9,B,9B,hisQ,M9 20 mM glucose pH 7.4,5,6.0,0.08,,5-9B,13.0,0.19729909770459084
920,65,9,A,9A,hisQ,M9 20 mM glucose pH 7.4,5,6.0,0.08,,5-9A,13.0,0.19148083423153694
921,24,10,C,10C,nagE,M9 20 mM glucose pH 7.4,2,6.0,0.076,,2-10C,13.0,0.17943833545031151
922,0,0,A,0A,WT,M9 20 mM glucose pH 7.4,4,6.0,0.11,,4-0A,12.0,0.23163568138722557
923,0,0,B,0B,WT,M9 20 mM glucose pH 7.4,4,6.0,0.106,,4-0B,12.0,0.21790143617764474
924,24,10,B,10B,nagE,M9 20 mM glucose pH 7.4,2,6.0,0.078,,2-10B,13.0,0.1807716687836448
925,26,12,B,12B,ptsG,M9 20 mM glucose pH 7.4,2,6.0,0.039,,2-12B,20.0,0.16063067803786368
926,26,12,C,12C,ptsG,M9 20 mM glucose pH 7.4,2,6.0,0.04,,2-12C,20.0,0.15887794108752193
927,19,5,C,5C,codB,M9 20 mM glucose pH 7.4,2,6.0,0.114,,2-5C,13.0,0.27806901348817514
928,63,7,C,7C,kgtP,M9 20 mM glucose pH 7.4,5,6.0,0.097,,5-7C,12.0,0.21481279770459083
929,67,11,B,11B,glpT,M9 20 mM glucose pH 7.4,5,6.0,0.075,,5-11B,13.0,0.18345909770459085
930,61,5,C,5C,tolC,M9 20 mM glucose pH 7.4,5,6.0,0.025,,5-5C,24.0,0.12412392270459083
931,50,8,B,8B,cstA,M9 20 mM glucose pH 7.4,4,6.0,0.086,,4-8B,13.0,0.1902603278443114
932,36,8,C,8C,proP,M9 20 mM glucose pH 7.4,3,6.0,0.097,,3-8C,13.0,0.21566013427690073
933,63,7,B,7B,kgtP,M9 20 mM glucose pH 7.4,5,6.0,0.099,,5-7B,12.0,0.21877940763473055
934,15,1,B,1B,argO,M9 20 mM glucose pH 7.4,2,6.0,0.067,,2-1B,13.0,0.1824585374705135
935,36,8,B,8B,proP,M9 20 mM glucose pH 7.4,3,6.0,0.098,,3-8B,13.0,0.22381606484001693
936,36,8,A,8A,proP,M9 20 mM glucose pH 7.4,3,6.0,0.107,,3-8A,13.0,0.23514939817335023
937,0,0,F,0F,WT,M9 20 mM glucose pH 7.4,5,6.0,0.096,,5-0F,12.0,0.21578860923153692
938,43,1,B,1B,livH,M9 20 mM glucose pH 7.4,5,6.0,0.053,,5-1B,15.0,0.1528502143712575
939,44,2,B,2B,dppB,M9 20 mM glucose pH 7.4,4,6.0,0.048,,4-2B,20.0,0.15122027110778444
940,7,7,A,7A,satP,M9 20 mM glucose pH 7.4,1,6.0,0.043,,1-7A,14.0,0.1309884778443114
941,22,8,B,8B,setA,M9 20 mM glucose pH 7.4,2,6.0,0.101,,2-8B,13.0,0.2181950644166213
942,22,8,C,8C,setA,M9 20 mM glucose pH 7.4,2,6.0,0.103,,2-8C,13.0,0.2356912840984697
943,60,4,B,4B,metI,M9 20 mM glucose pH 7.4,5,6.0,0.096,,5-4B,13.0,0.2073508909680639
944,7,7,B,7B,satP,M9 20 mM glucose pH 7.4,1,6.0,0.042,,1-7B,14.0,0.12606329451097803
945,43,1,A,1A,livH,M9 20 mM glucose pH 7.4,5,6.0,0.052,,5-1A,15.0,0.14997095603792415
946,34,6,C,6C,rbsC,M9 20 mM glucose pH 7.4,3,6.0,0.089,,3-6C,13.0,0.2202516784612593
947,15,1,A,1A,argO,M9 20 mM glucose pH 7.4,2,6.0,0.07,,2-1A,13.0,0.2112718804814613
948,40,12,B,12B,sdaC,M9 20 mM glucose pH 7.4,3,6.0,0.109,,3-12B,13.0,0.2448779410875219
949,20,6,B,6B,aroP,M9 20 mM glucose pH 7.4,2,6.0,0.1,,2-6B,13.0,0.2361106877154781
950,30,2,C,2C,znuB,M9 20 mM glucose pH 7.4,3,6.0,0.079,,3-2C,14.0,0.2099292929292929
951,30,2,B,2B,znuB,M9 20 mM glucose pH 7.4,3,6.0,0.074,,3-2B,14.0,0.2026618278594326
952,30,2,A,2A,znuB,M9 20 mM glucose pH 7.4,3,6.0,0.076,,3-2A,14.0,0.20623546845702534
953,25,11,C,11C,gltJ,M9 20 mM glucose pH 7.4,2,6.0,0.099,,2-11C,12.0,0.2167462045605758
954,25,11,B,11B,gltJ,M9 20 mM glucose pH 7.4,2,6.0,0.105,,2-11B,12.0,0.22063067803786368
955,25,11,A,11A,gltJ,M9 20 mM glucose pH 7.4,2,6.0,0.107,,2-11A,12.0,0.2238415290630859
956,0,0,F,0F,WT,M9 20 mM glucose pH 7.4,4,6.0,0.104,,4-0F,12.0,0.22254383138722555
957,63,7,A,7A,kgtP,M9 20 mM glucose pH 7.4,5,6.0,0.099,,5-7A,12.0,0.21722428103792413
958,15,1,C,1C,argO,M9 20 mM glucose pH 7.4,2,6.0,0.067,,2-1C,13.0,0.2038068106211819
959,44,2,C,2C,dppB,M9 20 mM glucose pH 7.4,4,6.0,0.049,,4-2C,20.0,0.155081126247505
960,65,9,C,9C,hisQ,M9 20 mM glucose pH 7.4,5,6.0,0.075,,5-9C,13.0,0.1887865627744511
961,50,8,A,8A,cstA,M9 20 mM glucose pH 7.4,4,6.0,0.086,,4-8A,13.0,0.19837853458083837
962,22,8,A,8A,setA,M9 20 mM glucose pH 7.4,2,6.0,0.121,,2-8A,13.0,0.24649198572551864
963,67,11,C,11C,glpT,M9 20 mM glucose pH 7.4,5,6.0,0.077,,5-11C,13.0,0.18766248777445113
964,51,9,B,9B,nupG,M9 20 mM glucose pH 7.4,4,6.0,0.093,,4-9B,12.0,0.19871311596806387
965,51,9,C,9C,nupG,M9 20 mM glucose pH 7.4,4,6.0,0.088,,4-9C,12.0,0.21321379256487027
966,33,5,A,5A,artQ,M9 20 mM glucose pH 7.4,3,6.0,0.072,,3-5A,14.0,0.1821050021169781
967,33,5,B,5B,artQ,M9 20 mM glucose pH 7.4,3,6.0,0.073,,3-5B,14.0,0.1801050021169781
968,33,5,C,5C,artQ,M9 20 mM glucose pH 7.4,3,6.0,0.073,,3-5C,14.0,0.18761047601766162
969,55,13,C,13C,tdcC,M9 20 mM glucose pH 7.4,4,6.0,0.125,,4-13C,13.0,0.24912057270459081
970,55,13,B,13B,tdcC,M9 20 mM glucose pH 7.4,4,6.0,0.132,,4-13B,13.0,0.2592170429141717
971,34,6,B,6B,rbsC,M9 20 mM glucose pH 7.4,3,6.0,0.09,,3-6B,13.0,0.205907397326559
972,41,13,C,13C,gltP,M9 20 mM glucose pH 7.4,3,6.0,0.1,,3-13C,13.0,0.2227462045605758
973,41,13,B,13B,gltP,M9 20 mM glucose pH 7.4,3,6.0,0.105,,3-13B,13.0,0.23026093268009432
974,43,1,C,1C,livH,M9 20 mM glucose pH 7.4,5,6.0,0.052,,5-1C,15.0,0.15677081631736528
975,41,13,A,13A,gltP,M9 20 mM glucose pH 7.4,3,6.0,0.098,,3-13A,13.0,0.2201454061573822
976,0,0,A,0A,WT,M9 20 mM glucose pH 7.4,5,6.0,0.117,,5-0A,12.0,0.23320587784431138
977,0,0,D,0D,WT,M9 20 mM glucose pH 7.4,2,6.0,0.105,,2-0D,13.0,0.24772243392003868
978,0,0,C,0C,WT,M9 20 mM glucose pH 7.4,2,6.0,0.102,,2-0C,13.0,0.253953486965463
979,51,9,A,9A,nupG,M9 20 mM glucose pH 7.4,4,6.0,0.092,,4-9A,12.0,0.21164496596806387
980,0,0,B,0B,WT,M9 20 mM glucose pH 7.4,2,6.0,0.096,,2-0B,13.0,0.21081207282404885
981,31,3,C,3C,glnP,M9 20 mM glucose pH 7.4,3,6.0,0.105,,3-3C,13.0,0.23496800338716503
982,0,0,C,0C,WT,M9 20 mM glucose pH 7.4,1,6.0,0.038,,1-0C,14.0,0.12272996117764473
983,66,10,A,10A,ansP,M9 20 mM glucose pH 7.4,5,6.0,0.096,,5-10A,13.0,0.23291806402195608
984,64,8,A,8A,manY,M9 20 mM glucose pH 7.4,5,6.0,0.079,,5-8A,13.0,0.1952301493013972
985,64,8,B,8B,manY,M9 20 mM glucose pH 7.4,5,6.0,0.077,,5-8B,13.0,0.19069000958083832
986,20,6,A,6A,aroP,M9 20 mM glucose pH 7.4,2,6.0,0.097,,2-6A,13.0,0.22938740700417345
987,21,7,C,7C,brnQ,M9 20 mM glucose pH 7.4,2,6.0,0.063,,2-7C,13.0,0.17561047601766164
988,0,0,F,0F,WT,M9 20 mM glucose pH 7.4,2,6.0,0.092,,2-0F,13.0,0.2081454061573822
989,0,0,E,0E,WT,M9 20 mM glucose pH 7.4,2,6.0,0.095,,2-0E,13.0,0.21256480977439057
990,49,7,C,7C,uhpT,M9 20 mM glucose pH 7.4,4,6.0,0.095,,4-7C,13.0,0.2018521778443114
991,34,6,A,6A,rbsC,M9 20 mM glucose pH 7.4,3,6.0,0.093,,3-6A,13.0,0.21032680094356737
992,28,14,A,14A,putP,M9 20 mM glucose pH 7.4,2,6.0,0.093,,2-14A,12.0,0.20270580052017176
993,55,13,A,13A,tdcC,M9 20 mM glucose pH 7.4,4,6.0,0.13,,4-13A,13.0,0.2525596608283433
994,2,2,C,2C,oppA,M9 20 mM glucose pH 7.4,1,6.0,0.044,,1-2C,14.0,0.1320758294411178
995,2,2,B,2B,oppA,M9 20 mM glucose pH 7.4,1,6.0,0.044,,1-2B,14.0,0.12772996117764474
996,2,2,A,2A,oppA,M9 20 mM glucose pH 7.4,1,6.0,0.044,,1-2A,14.0,0.1297758861776447
997,62,6,B,6B,yahN,M9 20 mM glucose pH 7.4,5,6.0,0.095,,5-6B,13.0,0.21233582110778443
998,62,6,C,6C,yahN,M9 20 mM glucose pH 7.4,5,6.0,0.096,,5-6C,13.0,0.21604262749500996
999,20,6,C,6C,aroP,M9 20 mM glucose pH 7.4,2,6.0,0.101,,2-6C,13.0,0.22849894151091757
1000,56,14,C,14C,dcuA,M9 20 mM glucose pH 7.4,4,6.0,0.097,,4-14C,12.0,0.2294940845808383
1001,28,14,C,14C,putP,M9 20 mM glucose pH 7.4,2,6.0,0.097,,2-14C,12.0,0.2455340833484546
1002,21,7,A,7A,brnQ,M9 20 mM glucose pH 7.4,2,6.0,0.114,,2-7A,13.0,0.30626534809169537
1003,67,11,A,11A,glpT,M9 20 mM glucose pH 7.4,5,6.0,0.076,,5-11A,13.0,0.18961989610778446
1004,19,5,B,5B,codB,M9 20 mM glucose pH 7.4,2,6.0,0.101,,2-5B,13.0,0.2537813463981129
1005,62,6,A,6A,yahN,M9 20 mM glucose pH 7.4,5,6.0,0.099,,5-6A,13.0,0.21387724770459082
1006,56,14,B,14B,dcuA,M9 20 mM glucose pH 7.4,4,6.0,0.091,,4-14B,12.0,0.19336266631736526
1007,45,3,B,3B,dctA,M9 20 mM glucose pH 7.4,4,6.0,0.09,,4-3B,13.0,0.20916798937125752
1008,28,14,B,14B,putP,M9 20 mM glucose pH 7.4,2,6.0,0.094,,2-14B,12.0,0.20845853747051352
1009,56,14,A,14A,dcuA,M9 20 mM glucose pH 7.4,4,6.0,0.089,,4-14A,12.0,0.1970234647205589
1010,40,12,C,12C,sdaC,M9 20 mM glucose pH 7.4,3,6.0,0.104,,3-12C,13.0,0.23836720498397143
1011,45,3,C,3C,dctA,M9 20 mM glucose pH 7.4,4,6.0,0.089,,4-3C,13.0,0.20096126596806388
1012,12,12,A,12A,rhtA,M9 20 mM glucose pH 7.4,1,6.0,0.034,,1-12A,14.0,0.11914260958083833
1013,19,5,A,5A,codB,M9 20 mM glucose pH 7.4,2,6.0,0.097,,2-5A,13.0,0.21172600254037377
1014,12,12,C,12C,rhtA,M9 20 mM glucose pH 7.4,1,6.0,0.036,,1-12C,14.0,0.114671501247505
1015,61,5,A,5A,tolC,M9 20 mM glucose pH 7.4,5,6.0,0.026,,5-5A,24.0,0.12291133103792416
1016,45,3,A,3A,dctA,M9 20 mM glucose pH 7.4,4,6.0,0.089,,4-3A,13.0,0.19742570763473055
1017,40,12,A,12A,sdaC,M9 20 mM glucose pH 7.4,3,6.0,0.114,,3-12A,13.0,0.2347462045605758
1018,21,7,B,7B,brnQ,M9 20 mM glucose pH 7.4,2,6.0,0.061,,2-7B,13.0,0.16550420371378455
1019,12,12,B,12B,rhtA,M9 20 mM glucose pH 7.4,1,6.0,0.035,,1-12B,14.0,0.11383816791417167
1020,51,9,A,9A,nupG,M9 20 mM glucose pH 7.4,4,8.0,0.311,T2,4-9A,12.0,0.5668116326347304
1021,0,0,A,0A,WT,M9 20 mM glucose pH 7.4,2,8.0,0.37,T2,2-0A,13.0,0.6510997399141112
1022,0,0,C,0C,WT,M9 20 mM glucose pH 7.4,2,8.0,0.347,T2,2-0C,13.0,0.6727868202987963
1023,0,0,D,0D,WT,M9 20 mM glucose pH 7.4,2,8.0,0.326,T2,2-0D,13.0,0.6535557672533719
1024,1,1,A,1A,tsx,M9 20 mM glucose pH 7.4,1,8.0,0.104,T2,1-1A,14.0,0.26363428937125744
1025,51,9,B,9B,nupG,M9 20 mM glucose pH 7.4,4,8.0,0.321,T2,4-9B,12.0,0.5647131159680638
1026,0,0,F,0F,WT,M9 20 mM glucose pH 7.4,2,8.0,0.311,T2,2-0F,13.0,0.5844787394907155
1027,7,7,C,7C,satP,M9 20 mM glucose pH 7.4,1,8.0,0.114,T2,1-7C,14.0,0.2732758861776447
1028,0,0,B,0B,WT,M9 20 mM glucose pH 7.4,2,8.0,0.372,T2,2-0B,13.0,0.6433120728240489
1029,15,1,C,1C,argO,M9 20 mM glucose pH 7.4,2,8.0,0.235,T2,2-1C,13.0,0.48347347728784856
1030,0,0,E,0E,WT,M9 20 mM glucose pH 7.4,2,8.0,0.331,T2,2-0E,13.0,0.6095648097743906
1031,1,1,B,1B,tsx,M9 20 mM glucose pH 7.4,1,8.0,0.104,T2,1-1B,14.0,0.2536759996506986
1032,54,12,B,12B,pheP,M9 20 mM glucose pH 7.4,4,8.0,0.361,T2,4-12B,12.0,0.6023371909680638
1033,53,11,B,11B,galP,M9 20 mM glucose pH 7.4,4,8.0,0.368,T2,4-11B,12.0,0.62565300249501
1034,47,5,C,5C,mtr,M9 20 mM glucose pH 7.4,4,8.0,0.333,T2,4-5C,13.0,0.5698313227045909
1035,67,11,B,11B,glpT,M9 20 mM glucose pH 7.4,5,8.0,0.21,T2,5-11B,13.0,0.4416257643712574
1036,67,11,A,11A,glpT,M9 20 mM glucose pH 7.4,5,8.0,0.206,T2,5-11A,13.0,0.44645322944111776
1037,54,12,A,12A,pheP,M9 20 mM glucose pH 7.4,4,8.0,0.309,T2,4-12A,12.0,0.5468304413173654
1038,56,14,A,14A,dcuA,M9 20 mM glucose pH 7.4,4,8.0,0.304,T2,4-14A,12.0,0.5458567980538922
1039,56,14,B,14B,dcuA,M9 20 mM glucose pH 7.4,4,8.0,0.316,T2,4-14B,12.0,0.5543626663173652
1040,56,14,C,14C,dcuA,M9 20 mM glucose pH 7.4,4,8.0,0.332,T2,4-14C,12.0,0.6061607512475049
1041,1,1,C,1C,tsx,M9 20 mM glucose pH 7.4,1,8.0,0.098,T2,1-1C,14.0,0.24691748298403196
1042,20,6,C,6C,aroP,M9 20 mM glucose pH 7.4,2,8.0,0.385,T2,2-6C,13.0,0.6778322748442509
1043,47,5,B,5B,mtr,M9 20 mM glucose pH 7.4,4,8.0,0.335,T2,4-5B,13.0,0.5742289842315369
1044,54,12,C,12C,pheP,M9 20 mM glucose pH 7.4,4,8.0,0.354,T2,4-12C,12.0,0.5897648262475049
1045,51,9,C,9C,nupG,M9 20 mM glucose pH 7.4,4,8.0,0.317,T2,4-9C,12.0,0.5622137925648703
1046,0,0,D,0D,WT,M9 20 mM glucose pH 7.4,5,8.0,0.338,T2,5-0D,12.0,0.6059460743013972
1047,66,10,B,10B,ansP,M9 20 mM glucose pH 7.4,5,8.0,0.266,T2,5-10B,13.0,0.5367009739520957
1048,21,7,B,7B,brnQ,M9 20 mM glucose pH 7.4,2,8.0,0.187,T2,2-7B,13.0,0.3980042037137846
1049,0,0,C,0C,WT,M9 20 mM glucose pH 7.4,5,8.0,0.321,T2,5-0C,12.0,0.634412684231537
1050,0,0,B,0B,WT,M9 20 mM glucose pH 7.4,5,8.0,0.292,T2,5-0B,12.0,0.5945450794411177
1051,12,12,A,12A,rhtA,M9 20 mM glucose pH 7.4,1,8.0,0.085,T2,1-12A,14.0,0.224809276247505
1052,12,12,B,12B,rhtA,M9 20 mM glucose pH 7.4,1,8.0,0.092,T2,1-12B,14.0,0.2280048345808383
1053,12,12,C,12C,rhtA,M9 20 mM glucose pH 7.4,1,8.0,0.091,T2,1-12C,14.0,0.2300048345808383
1054,55,13,A,13A,tdcC,M9 20 mM glucose pH 7.4,4,8.0,0.442,T2,4-13A,13.0,0.7613929941616766
1055,8,8,A,8A,yedA,M9 20 mM glucose pH 7.4,1,8.0,0.101,T2,1-8A,14.0,0.236671501247505
1056,15,1,A,1A,argO,M9 20 mM glucose pH 7.4,2,8.0,0.261,T2,2-1A,13.0,0.5161052138147947
1057,8,8,C,8C,yedA,M9 20 mM glucose pH 7.4,1,8.0,0.129,T2,1-8C,14.0,0.3095260826347305
1058,23,9,A,9A,acrB,M9 20 mM glucose pH 7.4,2,8.0,0.415,T2,2-9A,12.0,0.7290740639932256
1059,44,2,C,2C,dppB,M9 20 mM glucose pH 7.4,4,8.0,0.097,T2,4-2C,20.0,0.2929144595808383
1060,44,2,B,2B,dppB,M9 20 mM glucose pH 7.4,4,8.0,0.093,T2,4-2B,20.0,0.2852202711077844
1061,66,10,C,10C,ansP,M9 20 mM glucose pH 7.4,5,8.0,0.295,T2,5-10C,13.0,0.5689560743013972
1062,57,1,C,1C,rhtC,M9 20 mM glucose pH 7.4,4,8.0,0.183,T2,4-1C,15.0,0.3794868243013972
1063,57,1,B,1B,rhtC,M9 20 mM glucose pH 7.4,4,8.0,0.199,T2,4-1B,15.0,0.41216260958083833
1064,57,1,A,1A,rhtC,M9 20 mM glucose pH 7.4,4,8.0,0.184,T2,4-1A,15.0,0.38064674131736526
1065,0,0,A,0A,WT,M9 20 mM glucose pH 7.4,5,8.0,0.344,T2,5-0A,12.0,0.655372544510978
1066,59,3,A,3A,eamA,M9 20 mM glucose pH 7.4,5,8.0,0.233,T2,5-3A,13.0,0.504162487774451
1067,23,9,B,9B,acrB,M9 20 mM glucose pH 7.4,2,8.0,0.407,T2,2-9B,12.0,0.76695874916833
1068,59,3,B,3B,eamA,M9 20 mM glucose pH 7.4,5,8.0,0.258,T2,5-3B,13.0,0.5312794076347306
1069,47,5,A,5A,mtr,M9 20 mM glucose pH 7.4,4,8.0,0.345,T2,4-5A,13.0,0.5755623175648703
1070,7,7,A,7A,satP,M9 20 mM glucose pH 7.4,1,8.0,0.12,T2,1-7A,14.0,0.27598847784431135
1071,7,7,B,7B,satP,M9 20 mM glucose pH 7.4,1,8.0,0.117,T2,1-7B,14.0,0.26856329451097805
1072,44,2,A,2A,dppB,M9 20 mM glucose pH 7.4,4,8.0,0.097,T2,4-2A,20.0,0.2974361131237525
1073,20,6,B,6B,aroP,M9 20 mM glucose pH 7.4,2,8.0,0.39,T2,2-6B,13.0,0.6884440210488114
1074,66,10,A,10A,ansP,M9 20 mM glucose pH 7.4,5,8.0,0.263,T2,5-10A,13.0,0.5590847306886227
1075,20,6,A,6A,aroP,M9 20 mM glucose pH 7.4,2,8.0,0.384,T2,2-6A,13.0,0.6727207403375068
1076,18,4,C,4C,actP,M9 20 mM glucose pH 7.4,2,8.0,0.279,T2,2-4C,13.0,0.5385446077541887
1077,23,9,C,9C,acrB,M9 20 mM glucose pH 7.4,2,8.0,0.409,T2,2-9C,12.0,0.7281454061573822
1078,15,1,B,1B,argO,M9 20 mM glucose pH 7.4,2,8.0,0.241,T2,2-1B,13.0,0.4674585374705135
1079,10,10,A,10A,yeaS,M9 20 mM glucose pH 7.4,1,8.0,0.117,T2,1-10A,14.0,0.26738409291417164
1080,50,8,A,8A,cstA,M9 20 mM glucose pH 7.4,4,8.0,0.306,T2,4-8A,13.0,0.5425452012475049
1081,25,11,C,11C,gltJ,M9 20 mM glucose pH 7.4,2,8.0,0.307,T2,2-11C,12.0,0.5989128712272425
1082,50,8,C,8C,cstA,M9 20 mM glucose pH 7.4,4,8.0,0.31,T2,4-8C,13.0,0.5432498393712575
1083,46,4,C,4C,gltS,M9 20 mM glucose pH 7.4,4,8.0,0.344,T2,4-4C,13.0,0.5718337746506986
1084,46,4,B,4B,gltS,M9 20 mM glucose pH 7.4,4,8.0,0.364,T2,4-4B,13.0,0.6094541108283432
1085,55,13,C,13C,tdcC,M9 20 mM glucose pH 7.4,4,8.0,0.419,T2,4-13C,13.0,0.7326205727045908
1086,55,13,B,13B,tdcC,M9 20 mM glucose pH 7.4,4,8.0,0.441,T2,4-13B,13.0,0.7703837095808383
1087,19,5,C,5C,codB,M9 20 mM glucose pH 7.4,2,8.0,0.347,T2,2-5C,13.0,0.7119023468215084
1088,19,5,B,5B,codB,M9 20 mM glucose pH 7.4,2,8.0,0.361,T2,2-5B,13.0,0.6826146797314463
1089,6,6,B,6B,ybjE,M9 20 mM glucose pH 7.4,1,8.0,0.105,T2,1-6B,14.0,0.2402302448602794
1090,49,7,A,7A,uhpT,M9 20 mM glucose pH 7.4,4,8.0,0.331,T2,4-7A,13.0,0.611734686526946
1091,49,7,B,7B,uhpT,M9 20 mM glucose pH 7.4,4,8.0,0.337,T2,4-7B,13.0,0.5981691544411177
1092,52,10,A,10A,emrB,M9 20 mM glucose pH 7.4,4,8.0,0.313,T2,4-10A,12.0,0.5690347127744511
1093,10,10,C,10C,yeaS,M9 20 mM glucose pH 7.4,1,8.0,0.124,T2,1-10C,14.0,0.282609219510978
1094,17,3,C,3C,adeP,M9 20 mM glucose pH 7.4,2,8.0,0.181,T2,2-3C,14.0,0.4195084074275691
1095,46,4,A,4A,gltS,M9 20 mM glucose pH 7.4,4,8.0,0.373,T2,4-4A,13.0,0.6118082993013971
1096,25,11,B,11B,gltJ,M9 20 mM glucose pH 7.4,2,8.0,0.358,T2,2-11B,12.0,0.6532973447045304
1097,61,5,A,5A,tolC,M9 20 mM glucose pH 7.4,5,8.0,0.03,T2,5-5A,24.0,0.1787446643712575
1098,10,10,B,10B,yeaS,M9 20 mM glucose pH 7.4,1,8.0,0.123,T2,1-10B,14.0,0.27789662784431135
1099,50,8,B,8B,cstA,M9 20 mM glucose pH 7.4,4,8.0,0.295,T2,4-8B,13.0,0.527426994510978
1100,17,3,B,3B,adeP,M9 20 mM glucose pH 7.4,2,8.0,0.177,T2,2-3B,14.0,0.36937624750499004
1101,19,5,A,5A,codB,M9 20 mM glucose pH 7.4,2,8.0,0.363,T2,2-5A,13.0,0.6378926692070404
1102,61,5,B,5B,tolC,M9 20 mM glucose pH 7.4,5,8.0,0.029,T2,5-5B,24.0,0.168011501247505
1103,6,6,A,6A,ybjE,M9 20 mM glucose pH 7.4,1,8.0,0.096,T2,1-6A,14.0,0.22929224291417166
1104,53,11,A,11A,galP,M9 20 mM glucose pH 7.4,4,8.0,0.341,T2,4-11A,12.0,0.5872281028443114
1105,49,7,C,7C,uhpT,M9 20 mM glucose pH 7.4,4,8.0,0.33,T2,4-7C,13.0,0.5775188445109781
1106,0,0,C,0C,WT,M9 20 mM glucose pH 7.4,4,8.0,0.379,T2,4-0C,12.0,0.6707953977045908
1107,0,0,B,0B,WT,M9 20 mM glucose pH 7.4,4,8.0,0.341,T2,4-0B,12.0,0.6199014361776447
1108,6,6,C,6C,ybjE,M9 20 mM glucose pH 7.4,1,8.0,0.099,T2,1-6C,14.0,0.25122996117764473
1109,14,14,C,14C,sstT,M9 20 mM glucose pH 7.4,1,8.0,0.084,T2,1-14C,14.0,0.20697976472055885
1110,14,14,B,14B,sstT,M9 20 mM glucose pH 7.4,1,8.0,0.083,T2,1-14B,14.0,0.19980056312375247
1111,48,6,A,6A,ugpA,M9 20 mM glucose pH 7.4,4,8.0,0.37,T2,4-6A,13.0,0.6344791806886227
1112,48,6,B,6B,ugpA,M9 20 mM glucose pH 7.4,4,8.0,0.356,T2,4-6B,13.0,0.6151875576347305
1113,48,6,C,6C,ugpA,M9 20 mM glucose pH 7.4,4,8.0,0.335,T2,4-6C,13.0,0.5981232294411177
1114,0,0,F,0F,WT,M9 20 mM glucose pH 7.4,4,8.0,0.354,T2,4-0F,12.0,0.6290438313872254
1115,0,0,E,0E,WT,M9 20 mM glucose pH 7.4,4,8.0,0.335,T2,4-0E,12.0,0.6128358211077845
1116,0,0,D,0D,WT,M9 20 mM glucose pH 7.4,4,8.0,0.375,T2,4-0D,12.0,0.6527300663173652
1117,18,4,B,4B,actP,M9 20 mM glucose pH 7.4,2,8.0,0.311,T2,2-4B,13.0,0.5702918708038467
1118,59,3,C,3C,eamA,M9 20 mM glucose pH 7.4,5,8.0,0.252,T2,5-3C,13.0,0.5105142243013973
1119,67,11,C,11C,glpT,M9 20 mM glucose pH 7.4,5,8.0,0.206,T2,5-11C,13.0,0.44616248777445106
1120,0,0,A,0A,WT,M9 20 mM glucose pH 7.4,4,8.0,0.361,T2,4-0A,12.0,0.6524690147205587
1121,65,9,A,9A,hisQ,M9 20 mM glucose pH 7.4,5,8.0,0.23,T2,5-9A,13.0,0.47164750089820356
1122,65,9,B,9B,hisQ,M9 20 mM glucose pH 7.4,5,8.0,0.237,T2,5-9B,13.0,0.48163243103792414
1123,65,9,C,9C,hisQ,M9 20 mM glucose pH 7.4,5,8.0,0.24,T2,5-9C,13.0,0.4664532294411178
1124,27,13,A,13A,lysP,M9 20 mM glucose pH 7.4,2,8.0,0.33,T2,2-13A,13.0,0.6263926692070405
1125,27,13,B,13B,lysP,M9 20 mM glucose pH 7.4,2,8.0,0.363,T2,2-13B,13.0,0.6505446077541885
1126,27,13,C,13C,lysP,M9 20 mM glucose pH 7.4,2,8.0,0.347,T2,2-13C,13.0,0.6643524768644529
1127,14,14,A,14A,sstT,M9 20 mM glucose pH 7.4,1,8.0,0.084,T2,1-14A,14.0,0.21062557624750497
1128,18,4,A,4A,actP,M9 20 mM glucose pH 7.4,2,8.0,0.328,T2,2-4A,13.0,0.6867102159317728
1129,5,5,C,5C,yddG,M9 20 mM glucose pH 7.4,1,8.0,0.108,T2,1-5C,14.0,0.26887577270459084
1130,5,5,B,5B,yddG,M9 20 mM glucose pH 7.4,1,8.0,0.107,T2,1-5B,14.0,0.24383013138722553
1131,5,5,A,5A,yddG,M9 20 mM glucose pH 7.4,1,8.0,0.102,T2,1-5A,14.0,0.23851736951097804
1132,8,8,B,8B,yedA,M9 20 mM glucose pH 7.4,1,8.0,0.112,T2,1-8B,14.0,0.2665010127744511
1133,61,5,C,5C,tolC,M9 20 mM glucose pH 7.4,5,8.0,0.028,T2,5-5C,24.0,0.17612392270459082
1134,3,3,A,3A,ompC,M9 20 mM glucose pH 7.4,1,8.0,0.101,T2,1-3A,14.0,0.2546297909680639
1135,25,11,A,11A,gltJ,M9 20 mM glucose pH 7.4,2,8.0,0.364,T2,2-11A,12.0,0.6638415290630859
1136,13,13,A,13A,mscS,M9 20 mM glucose pH 7.4,1,8.0,0.062,T2,1-13A,16.0,0.2052299611776447
1137,0,0,A,0A,WT,M9 20 mM glucose pH 7.4,3,8.0,0.331,T2,3-0A,13.0,0.628993467610234
1138,62,6,A,6A,yahN,M9 20 mM glucose pH 7.4,5,8.0,0.248,T2,5-6A,13.0,0.5412105810379242
1139,0,0,B,0B,WT,M9 20 mM glucose pH 7.4,3,8.0,0.329,T2,3-0B,13.0,0.625013669630436
1140,0,0,C,0C,WT,M9 20 mM glucose pH 7.4,3,8.0,0.397,T2,3-0C,13.0,0.7557316881388738
1141,0,0,D,0D,WT,M9 20 mM glucose pH 7.4,3,8.0,0.347,T2,3-0D,13.0,0.6615942660134277
1142,4,4,A,4A,ompF,M9 20 mM glucose pH 7.4,1,8.0,0.087,T2,1-4A,14.0,0.2230921861776447
1143,0,0,E,0E,WT,M9 20 mM glucose pH 7.4,3,8.0,0.33,T2,3-0E,13.0,0.6430081957297527
1144,0,0,E,0E,WT,M9 20 mM glucose pH 7.4,1,8.0,0.105,T2,1-0E,14.0,0.25374249610778443
1145,0,0,D,0D,WT,M9 20 mM glucose pH 7.4,1,8.0,0.101,T2,1-0D,14.0,0.24407133103792417
1146,0,0,C,0C,WT,M9 20 mM glucose pH 7.4,1,8.0,0.1,T2,1-0C,14.0,0.24656329451097808
1147,42,14,C,14C,mscL,M9 20 mM glucose pH 7.4,3,8.0,0.276,T2,3-14C,14.0,0.5748926692070405
1148,43,1,A,1A,livH,M9 20 mM glucose pH 7.4,5,8.0,0.138,T2,5-1A,15.0,0.3226376227045908
1149,42,14,B,14B,mscL,M9 20 mM glucose pH 7.4,3,8.0,0.276,T2,3-14B,14.0,0.5653926692070406
1150,0,0,F,0F,WT,M9 20 mM glucose pH 7.4,3,8.0,0.328,T2,3-0F,13.0,0.6332609326800943
1151,4,4,B,4B,ompF,M9 20 mM glucose pH 7.4,1,8.0,0.094,T2,1-4B,14.0,0.2270716147205589
1152,4,4,C,4C,ompF,M9 20 mM glucose pH 7.4,1,8.0,0.089,T2,1-4C,14.0,0.24958836437125748
1153,0,0,F,0F,WT,M9 20 mM glucose pH 7.4,1,8.0,0.096,T2,1-0F,14.0,0.23698397944111776
1154,43,1,C,1C,livH,M9 20 mM glucose pH 7.4,5,8.0,0.135,T2,5-1C,15.0,0.3269374829840319
1155,36,8,A,8A,proP,M9 20 mM glucose pH 7.4,3,8.0,0.335,T2,3-8A,13.0,0.650816064840017
1156,16,2,A,2A,yhjE,M9 20 mM glucose pH 7.4,2,8.0,0.335,T2,2-2A,13.0,0.6025593358737071
1157,16,2,B,2B,yhjE,M9 20 mM glucose pH 7.4,2,8.0,0.341,T2,2-2B,13.0,0.625013669630436
1158,16,2,C,2C,yhjE,M9 20 mM glucose pH 7.4,2,8.0,0.344,T2,2-2C,13.0,0.6092205286396903
1159,38,10,C,10C,nupC,M9 20 mM glucose pH 7.4,3,8.0,0.341,T2,3-10C,13.0,0.622907397326559
1160,38,10,B,10B,nupC,M9 20 mM glucose pH 7.4,3,8.0,0.321,T2,3-10B,13.0,0.6025538619730236
1161,63,7,B,7B,kgtP,M9 20 mM glucose pH 7.4,5,8.0,0.265,T2,5-7B,12.0,0.5546127409680639
1162,60,4,A,4A,metI,M9 20 mM glucose pH 7.4,5,8.0,0.292,T2,5-4A,13.0,0.5570280461077844
1163,42,14,A,14A,mscL,M9 20 mM glucose pH 7.4,3,8.0,0.299,T2,3-14A,14.0,0.5944787394907156
1164,36,8,B,8B,proP,M9 20 mM glucose pH 7.4,3,8.0,0.344,T2,3-8B,13.0,0.6353160648400169
1165,13,13,B,13B,mscS,M9 20 mM glucose pH 7.4,1,8.0,0.059,T2,1-13B,16.0,0.18733816791417165
1166,60,4,C,4C,metI,M9 20 mM glucose pH 7.4,5,8.0,0.245,T2,5-4C,13.0,0.5050497826347305
1167,31,3,B,3B,glnP,M9 20 mM glucose pH 7.4,3,8.0,0.304,T2,3-3B,13.0,0.6106803362971027
1168,31,3,C,3C,glnP,M9 20 mM glucose pH 7.4,3,8.0,0.336,T2,3-3C,13.0,0.6488013367204984
1169,32,4,C,4C,focA,M9 20 mM glucose pH 7.4,3,8.0,0.338,T2,3-4C,14.0,0.6216656081775842
1170,39,11,B,11B,fruA,M9 20 mM glucose pH 7.4,3,8.0,0.266,T2,3-11B,13.0,0.5154787394907155
1171,58,2,A,2A,rhtB,M9 20 mM glucose pH 7.4,5,8.0,0.284,T2,5-2A,12.0,0.5551416326347305
1172,39,11,C,11C,fruA,M9 20 mM glucose pH 7.4,3,8.0,0.283,T2,3-11C,13.0,0.5508322748442508
1173,29,1,C,1C,gadC,M9 20 mM glucose pH 7.4,3,8.0,0.281,T2,3-1C,14.0,0.5716563539587491
1174,11,11,A,11A,punC,M9 20 mM glucose pH 7.4,1,8.0,0.058,T2,1-11A,15.0,0.18667150124750498
1175,24,10,A,10A,nagE,M9 20 mM glucose pH 7.4,2,8.0,0.234,T2,2-10A,13.0,0.4594840016935825
1176,60,4,B,4B,metI,M9 20 mM glucose pH 7.4,5,8.0,0.287,T2,5-4B,13.0,0.5541842243013971
1177,31,3,A,3A,glnP,M9 20 mM glucose pH 7.4,3,8.0,0.292,T2,3-3A,13.0,0.5870283977499546
1178,58,2,B,2B,rhtB,M9 20 mM glucose pH 7.4,5,8.0,0.291,T2,5-2B,12.0,0.5674093508982035
1179,29,1,B,1B,gadC,M9 20 mM glucose pH 7.4,3,8.0,0.366,T2,3-1B,14.0,0.6781401439545152
1180,13,13,C,13C,mscS,M9 20 mM glucose pH 7.4,1,8.0,0.059,T2,1-13C,16.0,0.19129224291417166
1181,58,2,C,2C,rhtB,M9 20 mM glucose pH 7.4,5,8.0,0.248,T2,5-2C,12.0,0.5252117461077844
1182,24,10,B,10B,nagE,M9 20 mM glucose pH 7.4,2,8.0,0.261,T2,2-10B,13.0,0.49743833545031146
1183,24,10,C,10C,nagE,M9 20 mM glucose pH 7.4,2,8.0,0.247,T2,2-10C,13.0,0.48177166878364486
1184,30,2,C,2C,znuB,M9 20 mM glucose pH 7.4,3,8.0,0.238,T2,3-2C,14.0,0.5084292929292928
1185,30,2,B,2B,znuB,M9 20 mM glucose pH 7.4,3,8.0,0.219,T2,3-2B,14.0,0.47882849452609927
1186,32,4,A,4A,focA,M9 20 mM glucose pH 7.4,3,8.0,0.31,T2,3-4A,14.0,0.6009128712272425
1187,32,4,B,4B,focA,M9 20 mM glucose pH 7.4,3,8.0,0.312,T2,3-4B,14.0,0.611570283675074
1188,30,2,A,2A,znuB,M9 20 mM glucose pH 7.4,3,8.0,0.238,T2,3-2A,14.0,0.500402135123692
1189,39,11,A,11A,fruA,M9 20 mM glucose pH 7.4,3,8.0,0.3,T2,3-11A,13.0,0.5788562571826045
1190,29,1,A,1A,gadC,M9 20 mM glucose pH 7.4,3,8.0,0.318,T2,3-1A,14.0,0.5936601342769008
1191,11,11,B,11B,punC,M9 20 mM glucose pH 7.4,1,8.0,0.059,T2,1-11B,15.0,0.19109218617764473
1192,36,8,C,8C,proP,M9 20 mM glucose pH 7.4,3,8.0,0.345,T2,3-8C,13.0,0.6266601342769007
1193,17,3,A,3A,adeP,M9 20 mM glucose pH 7.4,2,8.0,0.168,T2,2-3A,14.0,0.34668012459928627
1194,62,6,B,6B,yahN,M9 20 mM glucose pH 7.4,5,8.0,0.279,T2,5-6B,13.0,0.5515024877744511
1195,41,13,B,13B,gltP,M9 20 mM glucose pH 7.4,3,8.0,0.372,T2,3-13B,13.0,0.6739275993467609
1196,41,13,A,13A,gltP,M9 20 mM glucose pH 7.4,3,8.0,0.324,T2,3-13A,13.0,0.6148120728240489
1197,64,8,A,8A,manY,M9 20 mM glucose pH 7.4,5,8.0,0.232,T2,5-8A,13.0,0.4735634826347305
1198,64,8,B,8B,manY,M9 20 mM glucose pH 7.4,5,8.0,0.243,T2,5-8B,13.0,0.4731900095808383
1199,64,8,C,8C,manY,M9 20 mM glucose pH 7.4,5,8.0,0.232,T2,5-8C,13.0,0.4567832294411177
1200,2,2,A,2A,oppA,M9 20 mM glucose pH 7.4,1,8.0,0.113,T2,1-2A,14.0,0.27260921951097805
1201,2,2,B,2B,oppA,M9 20 mM glucose pH 7.4,1,8.0,0.115,T2,1-2B,14.0,0.27256329451097805
1202,2,2,C,2C,oppA,M9 20 mM glucose pH 7.4,1,8.0,0.108,T2,1-2C,14.0,0.27174249610778445
1203,33,5,A,5A,artQ,M9 20 mM glucose pH 7.4,3,8.0,0.211,T2,3-5A,14.0,0.4487716687836448
1204,62,6,C,6C,yahN,M9 20 mM glucose pH 7.4,5,8.0,0.27,T2,5-6C,13.0,0.5505426274950099
1205,28,14,B,14B,putP,M9 20 mM glucose pH 7.4,2,8.0,0.32,T2,2-14B,12.0,0.5947918708038469
1206,9,9,C,9C,ygaZ,M9 20 mM glucose pH 7.4,1,8.0,0.072,T2,1-9C,14.0,0.20291748298403192
1207,11,11,C,11C,punC,M9 20 mM glucose pH 7.4,1,8.0,0.055,T2,1-11C,15.0,0.180625576247505
1208,53,11,C,11C,galP,M9 20 mM glucose pH 7.4,4,8.0,0.351,T2,4-11C,12.0,0.6218149659680638
1209,0,0,E,0E,WT,M9 20 mM glucose pH 7.4,5,8.0,0.307,T2,5-0E,12.0,0.5772794076347305
1210,45,3,B,3B,dctA,M9 20 mM glucose pH 7.4,4,8.0,0.316,T2,4-3B,13.0,0.5655013227045909
1211,45,3,C,3C,dctA,M9 20 mM glucose pH 7.4,4,8.0,0.332,T2,4-3C,13.0,0.5672945993013973
1212,52,10,C,10C,emrB,M9 20 mM glucose pH 7.4,4,8.0,0.311,T2,4-10C,12.0,0.5636403845808383
1213,0,0,F,0F,WT,M9 20 mM glucose pH 7.4,5,8.0,0.281,T2,5-0F,12.0,0.5567886092315368
1214,52,10,B,10B,emrB,M9 20 mM glucose pH 7.4,4,8.0,0.307,T2,4-10B,12.0,0.5628714624251496
1215,45,3,A,3A,dctA,M9 20 mM glucose pH 7.4,4,8.0,0.323,T2,4-3A,13.0,0.556759040968064
1216,21,7,C,7C,brnQ,M9 20 mM glucose pH 7.4,2,8.0,0.181,T2,2-7C,13.0,0.40561047601766165
1217,21,7,A,7A,brnQ,M9 20 mM glucose pH 7.4,2,8.0,0.365,T2,2-7A,13.0,0.7542653480916954
1218,9,9,A,9A,ygaZ,M9 20 mM glucose pH 7.4,1,8.0,0.072,T2,1-9A,14.0,0.1974922996506986
1219,28,14,A,14A,putP,M9 20 mM glucose pH 7.4,2,8.0,0.319,T2,2-14A,12.0,0.5870391338535051
1220,41,13,C,13C,gltP,M9 20 mM glucose pH 7.4,3,8.0,0.369,T2,3-13C,13.0,0.6575795378939091
1221,33,5,B,5B,artQ,M9 20 mM glucose pH 7.4,3,8.0,0.213,T2,3-5B,14.0,0.4499383354503114
1222,0,0,A,0A,WT,M9 20 mM glucose pH 7.4,1,8.0,0.102,T2,1-0A,14.0,0.2528298477045908
1223,28,14,C,14C,putP,M9 20 mM glucose pH 7.4,2,8.0,0.316,T2,2-14C,12.0,0.6320340833484547
1224,34,6,C,6C,rbsC,M9 20 mM glucose pH 7.4,3,8.0,0.263,T2,3-6C,13.0,0.5520850117945926
1225,38,10,A,10A,nupC,M9 20 mM glucose pH 7.4,3,8.0,0.339,T2,3-10A,13.0,0.6293120728240489
1226,34,6,A,6A,rbsC,M9 20 mM glucose pH 7.4,3,8.0,0.305,T2,3-6A,13.0,0.5828268009435673
1227,63,7,A,7A,kgtP,M9 20 mM glucose pH 7.4,5,8.0,0.283,T2,5-7A,12.0,0.5657242810379242
1228,0,0,B,0B,WT,M9 20 mM glucose pH 7.4,1,8.0,0.105,T2,1-0B,14.0,0.2586757159680638
1229,34,6,B,6B,rbsC,M9 20 mM glucose pH 7.4,3,8.0,0.311,T2,3-6B,13.0,0.579407397326559
1230,40,12,C,12C,sdaC,M9 20 mM glucose pH 7.4,3,8.0,0.321,T2,3-12C,13.0,0.6380338716506381
1231,26,12,C,12C,ptsG,M9 20 mM glucose pH 7.4,2,8.0,0.059,T2,2-12C,20.0,0.2567112744208553
1232,26,12,B,12B,ptsG,M9 20 mM glucose pH 7.4,2,8.0,0.058,T2,2-12B,20.0,0.25629734470453036
1233,26,12,A,12A,ptsG,M9 20 mM glucose pH 7.4,2,8.0,0.059,T2,2-12A,20.0,0.2518724671868384
1234,37,9,A,9A,cycA,M9 20 mM glucose pH 7.4,3,8.0,0.237,T2,3-9A,14.0,0.5014183451279259
1235,22,8,C,8C,setA,M9 20 mM glucose pH 7.4,2,8.0,0.385,T2,2-8C,13.0,0.6878579507651363
1236,40,12,B,12B,sdaC,M9 20 mM glucose pH 7.4,3,8.0,0.308,T2,3-12B,13.0,0.6397112744208552
1237,22,8,A,8A,setA,M9 20 mM glucose pH 7.4,2,8.0,0.451,T2,2-8A,13.0,0.7769919857255186
1238,43,1,B,1B,livH,M9 20 mM glucose pH 7.4,5,8.0,0.139,T2,5-1B,15.0,0.3273502143712575
1239,22,8,B,8B,setA,M9 20 mM glucose pH 7.4,2,8.0,0.377,T2,2-8B,13.0,0.661361731083288
1240,9,9,B,9B,ygaZ,M9 20 mM glucose pH 7.4,1,8.0,0.071,T2,1-9B,14.0,0.2033381679141716
1241,37,9,C,9C,cycA,M9 20 mM glucose pH 7.4,3,8.0,0.22,T2,3-9C,14.0,0.4758779410875219
1242,33,5,C,5C,artQ,M9 20 mM glucose pH 7.4,3,8.0,0.21,T2,3-5C,14.0,0.4547771426843283
1243,35,7,A,7A,glpF,M9 20 mM glucose pH 7.4,3,8.0,0.343,T2,3-7A,12.0,0.6593672049839715
1244,35,7,B,7B,glpF,M9 20 mM glucose pH 7.4,3,8.0,0.35,T2,3-7B,12.0,0.6712975564023468
1245,3,3,B,3B,ompC,M9 20 mM glucose pH 7.4,1,8.0,0.093,T2,1-3B,14.0,0.23518403617764472
1246,35,7,C,7C,glpF,M9 20 mM glucose pH 7.4,3,8.0,0.302,T2,3-7C,12.0,0.6158524768644529
1247,63,7,C,7C,kgtP,M9 20 mM glucose pH 7.4,5,8.0,0.264,T2,5-7C,12.0,0.5461461310379242
1248,37,9,B,9B,cycA,M9 20 mM glucose pH 7.4,3,8.0,0.223,T2,3-9B,14.0,0.4906146797314461
1249,40,12,A,12A,sdaC,M9 20 mM glucose pH 7.4,3,8.0,0.317,T2,3-12A,13.0,0.6447462045605759
1250,3,3,C,3C,ompC,M9 20 mM glucose pH 7.4,1,8.0,0.092,T2,1-3C,14.0,0.24705047589820361
1251,26,12,A,12A,ptsG,M9 20 mM glucose pH 7.4,2,10.0,0.092,T3,2-12A,20.0,0.39937246718683844
1252,45,3,C,3C,dctA,M9 20 mM glucose pH 7.4,4,10.0,0.789,T3,4-3C,13.0,1.6526279326347306
1253,12,12,A,12A,rhtA,M9 20 mM glucose pH 7.4,1,10.0,0.279,T3,1-12A,14.0,0.5649759429141717
1254,12,12,B,12B,rhtA,M9 20 mM glucose pH 7.4,1,10.0,0.318,T3,1-12B,14.0,0.6098381679141716
1255,24,10,A,10A,nagE,M9 20 mM glucose pH 7.4,2,10.0,0.616,T3,2-10A,13.0,1.2544840016935823
1256,63,7,B,7B,kgtP,M9 20 mM glucose pH 7.4,5,10.0,0.637,T3,5-7B,12.0,1.4222794076347307
1257,50,8,C,8C,cstA,M9 20 mM glucose pH 7.4,4,10.0,0.803,T3,4-8C,13.0,1.6112498393712575
1258,50,8,B,8B,cstA,M9 20 mM glucose pH 7.4,4,10.0,0.793,T3,4-8B,13.0,1.5672603278443114
1259,50,8,A,8A,cstA,M9 20 mM glucose pH 7.4,4,10.0,0.802,T3,4-8A,13.0,1.604545201247505
1260,40,12,A,12A,sdaC,M9 20 mM glucose pH 7.4,3,10.0,0.843,T3,3-12A,13.0,1.718079537893909
1261,0,0,F,0F,WT,M9 20 mM glucose pH 7.4,4,10.0,0.965,T3,4-0F,12.0,1.8878771647205586
1262,12,12,C,12C,rhtA,M9 20 mM glucose pH 7.4,1,10.0,0.302,T3,1-12C,14.0,0.5970048345808383
1263,21,7,B,7B,brnQ,M9 20 mM glucose pH 7.4,2,10.0,0.52,T3,2-7B,13.0,1.0515042037137845
1264,21,7,A,7A,brnQ,M9 20 mM glucose pH 7.4,2,10.0,0.812,T3,2-7A,13.0,1.8969320147583622
1265,2,2,B,2B,oppA,M9 20 mM glucose pH 7.4,1,10.0,0.319,T3,1-2B,14.0,0.6843966278443114
1266,2,2,A,2A,oppA,M9 20 mM glucose pH 7.4,1,10.0,0.297,T3,1-2A,14.0,0.6634425528443113
1267,21,7,C,7C,brnQ,M9 20 mM glucose pH 7.4,2,10.0,0.507,T3,2-7C,13.0,1.0382771426843282
1268,67,11,C,11C,glpT,M9 20 mM glucose pH 7.4,5,10.0,0.479,T3,5-11C,13.0,1.107162487774451
1269,67,11,B,11B,glpT,M9 20 mM glucose pH 7.4,5,10.0,0.487,T3,5-11B,13.0,1.1149590977045907
1270,67,11,A,11A,glpT,M9 20 mM glucose pH 7.4,5,10.0,0.494,T3,5-11A,13.0,1.1201198961077843
1271,28,14,A,14A,putP,M9 20 mM glucose pH 7.4,2,10.0,0.748,T3,2-14A,12.0,1.6140391338535052
1272,28,14,B,14B,putP,M9 20 mM glucose pH 7.4,2,10.0,0.752,T3,2-14B,12.0,1.625791870803847
1273,28,14,C,14C,putP,M9 20 mM glucose pH 7.4,2,10.0,0.776,T3,2-14C,12.0,1.670200750015121
1274,40,12,C,12C,sdaC,M9 20 mM glucose pH 7.4,3,10.0,0.828,T3,3-12C,13.0,1.7157005383173047
1275,40,12,B,12B,sdaC,M9 20 mM glucose pH 7.4,3,10.0,0.819,T3,3-12B,13.0,1.6848779410875219
1276,2,2,C,2C,oppA,M9 20 mM glucose pH 7.4,1,10.0,0.298,T3,1-2C,14.0,0.6567424961077843
1277,20,6,A,6A,aroP,M9 20 mM glucose pH 7.4,2,10.0,0.947,T3,2-6A,13.0,1.9493874070041735
1278,15,1,A,1A,argO,M9 20 mM glucose pH 7.4,2,10.0,0.69,T3,2-1A,13.0,1.4139385471481278
1279,19,5,A,5A,codB,M9 20 mM glucose pH 7.4,2,10.0,0.842,T3,2-5A,13.0,1.8057260025403736
1280,19,5,B,5B,codB,M9 20 mM glucose pH 7.4,2,10.0,0.858,T3,2-5B,13.0,1.8557813463981128
1281,19,5,C,5C,codB,M9 20 mM glucose pH 7.4,2,10.0,0.822,T3,2-5C,13.0,1.8274023468215084
1282,63,7,A,7A,kgtP,M9 20 mM glucose pH 7.4,5,10.0,0.641,T3,5-7A,12.0,1.4607242810379242
1283,56,14,A,14A,dcuA,M9 20 mM glucose pH 7.4,4,10.0,0.783,T3,4-14A,12.0,1.5888567980538923
1284,56,14,B,14B,dcuA,M9 20 mM glucose pH 7.4,4,10.0,0.816,T3,4-14B,12.0,1.6405293329840318
1285,56,14,C,14C,dcuA,M9 20 mM glucose pH 7.4,4,10.0,0.799,T3,4-14C,12.0,1.6984940845808383
1286,15,1,C,1C,argO,M9 20 mM glucose pH 7.4,2,10.0,0.614,T3,2-1C,13.0,1.2844734772878486
1287,15,1,B,1B,argO,M9 20 mM glucose pH 7.4,2,10.0,0.615,T3,2-1B,13.0,1.2797918708038467
1288,22,8,A,8A,setA,M9 20 mM glucose pH 7.4,2,10.0,1.029,T3,2-8A,13.0,2.215825319058852
1289,22,8,B,8B,setA,M9 20 mM glucose pH 7.4,2,10.0,0.933,T3,2-8B,13.0,1.9128617310832878
1290,62,6,B,6B,yahN,M9 20 mM glucose pH 7.4,5,10.0,0.684,T3,5-6B,13.0,1.4776691544411178
1291,20,6,B,6B,aroP,M9 20 mM glucose pH 7.4,2,10.0,0.96,T3,2-6B,13.0,1.9827773543821448
1292,22,8,C,8C,setA,M9 20 mM glucose pH 7.4,2,10.0,0.92,T3,2-8C,13.0,1.9443579507651365
1293,36,8,C,8C,proP,M9 20 mM glucose pH 7.4,3,10.0,0.896,T3,3-8C,13.0,1.7976601342769005
1294,36,8,B,8B,proP,M9 20 mM glucose pH 7.4,3,10.0,0.882,T3,3-8B,13.0,1.7944827315066834
1295,36,8,A,8A,proP,M9 20 mM glucose pH 7.4,3,10.0,0.885,T3,3-8A,13.0,1.7898160648400165
1296,7,7,A,7A,satP,M9 20 mM glucose pH 7.4,1,10.0,0.34,T3,1-7A,14.0,0.712155144510978
1297,7,7,B,7B,satP,M9 20 mM glucose pH 7.4,1,10.0,0.334,T3,1-7B,14.0,0.6958966278443114
1298,7,7,C,7C,satP,M9 20 mM glucose pH 7.4,1,10.0,0.318,T3,1-7C,14.0,0.6829425528443114
1299,59,3,B,3B,eamA,M9 20 mM glucose pH 7.4,5,10.0,0.61,T3,5-3B,13.0,1.3682794076347307
1300,59,3,A,3A,eamA,M9 20 mM glucose pH 7.4,5,10.0,0.585,T3,5-3A,13.0,1.2869958211077845
1301,25,11,A,11A,gltJ,M9 20 mM glucose pH 7.4,2,10.0,0.826,T3,2-11A,12.0,1.8165081957297524
1302,25,11,B,11B,gltJ,M9 20 mM glucose pH 7.4,2,10.0,0.832,T3,2-11B,12.0,1.7999640113711968
1303,25,11,C,11C,gltJ,M9 20 mM glucose pH 7.4,2,10.0,0.737,T3,2-11C,12.0,1.5927462045605756
1304,44,2,A,2A,dppB,M9 20 mM glucose pH 7.4,4,10.0,0.131,T3,4-2A,20.0,0.5279361131237525
1305,62,6,A,6A,yahN,M9 20 mM glucose pH 7.4,5,10.0,0.644,T3,5-6A,13.0,1.3920439143712575
1306,26,12,B,12B,ptsG,M9 20 mM glucose pH 7.4,2,10.0,0.094,T3,2-12B,20.0,0.403964011371197
1307,61,5,B,5B,tolC,M9 20 mM glucose pH 7.4,5,10.0,0.038,T3,5-5B,24.0,0.23417816791417168
1308,34,6,B,6B,rbsC,M9 20 mM glucose pH 7.4,3,10.0,0.694,T3,3-6B,13.0,1.557907397326559
1309,11,11,A,11A,punC,M9 20 mM glucose pH 7.4,1,10.0,0.186,T3,1-11A,15.0,0.41433816791417166
1310,4,4,C,4C,ompF,M9 20 mM glucose pH 7.4,1,10.0,0.263,T3,1-4C,14.0,0.5809216977045908
1311,4,4,B,4B,ompF,M9 20 mM glucose pH 7.4,1,10.0,0.271,T3,1-4B,14.0,0.5722382813872255
1312,4,4,A,4A,ompF,M9 20 mM glucose pH 7.4,1,10.0,0.264,T3,1-4A,14.0,0.5534255195109781
1313,11,11,B,11B,punC,M9 20 mM glucose pH 7.4,1,10.0,0.188,T3,1-11B,15.0,0.4215921861776447
1314,58,2,B,2B,rhtB,M9 20 mM glucose pH 7.4,5,10.0,0.694,T3,5-2B,12.0,1.5174093508982036
1315,27,13,C,13C,lysP,M9 20 mM glucose pH 7.4,2,10.0,0.808,T3,2-13C,13.0,1.774185810197786
1316,43,1,C,1C,livH,M9 20 mM glucose pH 7.4,5,10.0,0.284,T3,5-1C,15.0,0.7349374829840318
1317,44,2,C,2C,dppB,M9 20 mM glucose pH 7.4,4,10.0,0.132,T3,4-2C,20.0,0.5240811262475049
1318,27,13,B,13B,lysP,M9 20 mM glucose pH 7.4,2,10.0,0.842,T3,2-13B,13.0,1.8135446077541886
1319,44,2,B,2B,dppB,M9 20 mM glucose pH 7.4,4,10.0,0.136,T3,4-2B,20.0,0.5145536044411178
1320,16,2,B,2B,yhjE,M9 20 mM glucose pH 7.4,2,10.0,0.86,T3,2-2B,13.0,1.7653470029637697
1321,16,2,A,2A,yhjE,M9 20 mM glucose pH 7.4,2,10.0,0.799,T3,2-2A,13.0,1.6943926692070403
1322,17,3,C,3C,adeP,M9 20 mM glucose pH 7.4,2,10.0,0.455,T3,2-3C,14.0,1.0196750740942357
1323,20,6,C,6C,aroP,M9 20 mM glucose pH 7.4,2,10.0,0.926,T3,2-6C,13.0,1.939832274844251
1324,43,1,B,1B,livH,M9 20 mM glucose pH 7.4,5,10.0,0.306,T3,5-1B,15.0,0.7588502143712574
1325,43,1,A,1A,livH,M9 20 mM glucose pH 7.4,5,10.0,0.308,T3,5-1A,15.0,0.7546376227045908
1326,0,0,A,0A,WT,M9 20 mM glucose pH 7.4,4,10.0,0.903,T3,4-0A,12.0,1.8679690147205588
1327,0,0,B,0B,WT,M9 20 mM glucose pH 7.4,4,10.0,0.874,T3,4-0B,12.0,1.785234769510978
1328,52,10,C,10C,emrB,M9 20 mM glucose pH 7.4,4,10.0,0.818,T3,4-10C,12.0,1.644973717914172
1329,24,10,C,10C,nagE,M9 20 mM glucose pH 7.4,2,10.0,0.665,T3,2-10C,13.0,1.3321050021169782
1330,27,13,A,13A,lysP,M9 20 mM glucose pH 7.4,2,10.0,0.8,T3,2-13A,13.0,1.7003926692070406
1331,24,10,B,10B,nagE,M9 20 mM glucose pH 7.4,2,10.0,0.693,T3,2-10B,13.0,1.3907716687836449
1332,61,5,A,5A,tolC,M9 20 mM glucose pH 7.4,5,10.0,0.036,T3,5-5A,24.0,0.24441133103792417
1333,30,2,A,2A,znuB,M9 20 mM glucose pH 7.4,3,10.0,0.533,T3,3-2A,14.0,1.246902135123692
1334,52,10,B,10B,emrB,M9 20 mM glucose pH 7.4,4,10.0,0.828,T3,4-10B,12.0,1.6468714624251495
1335,65,9,C,9C,hisQ,M9 20 mM glucose pH 7.4,5,10.0,0.559,T3,5-9C,13.0,1.239786562774451
1336,0,0,D,0D,WT,M9 20 mM glucose pH 7.4,1,10.0,0.323,T3,1-0D,14.0,0.6419046643712575
1337,0,0,A,0A,WT,M9 20 mM glucose pH 7.4,1,10.0,0.342,T3,1-0A,14.0,0.6674965143712575
1338,34,6,A,6A,rbsC,M9 20 mM glucose pH 7.4,3,10.0,0.677,T3,3-6A,13.0,1.536993467610234
1339,45,3,A,3A,dctA,M9 20 mM glucose pH 7.4,4,10.0,0.817,T3,4-3A,13.0,1.6534257076347307
1340,45,3,B,3B,dctA,M9 20 mM glucose pH 7.4,4,10.0,0.805,T3,4-3B,13.0,1.6426679893712577
1341,66,10,B,10B,ansP,M9 20 mM glucose pH 7.4,5,10.0,0.615,T3,5-10B,13.0,1.3892009739520956
1342,0,0,E,0E,WT,M9 20 mM glucose pH 7.4,4,10.0,0.865,T3,4-0E,12.0,1.763002487774451
1343,63,7,C,7C,kgtP,M9 20 mM glucose pH 7.4,5,10.0,0.617,T3,5-7C,12.0,1.3961461310379242
1344,0,0,C,0C,WT,M9 20 mM glucose pH 7.4,4,10.0,0.928,T3,4-0C,12.0,1.9309620643712575
1345,0,0,D,0D,WT,M9 20 mM glucose pH 7.4,4,10.0,1.024,T3,4-0D,12.0,1.987896732984032
1346,65,9,A,9A,hisQ,M9 20 mM glucose pH 7.4,5,10.0,0.552,T3,5-9A,13.0,1.224980834231537
1347,65,9,B,9B,hisQ,M9 20 mM glucose pH 7.4,5,10.0,0.562,T3,5-9B,13.0,1.2526324310379242
1348,0,0,F,0F,WT,M9 20 mM glucose pH 7.4,1,10.0,0.312,T3,1-0F,14.0,0.6191506461077845
1349,61,5,C,5C,tolC,M9 20 mM glucose pH 7.4,5,10.0,0.033,T3,5-5C,24.0,0.23679058937125746
1350,26,12,C,12C,ptsG,M9 20 mM glucose pH 7.4,2,10.0,0.089,T3,2-12C,20.0,0.40221127442085525
1351,0,0,B,0B,WT,M9 20 mM glucose pH 7.4,1,10.0,0.332,T3,1-0B,14.0,0.6690090493013972
1352,30,2,B,2B,znuB,M9 20 mM glucose pH 7.4,3,10.0,0.523,T3,3-2B,14.0,1.1846618278594325
1353,38,10,C,10C,nupC,M9 20 mM glucose pH 7.4,3,10.0,0.896,T3,3-10C,13.0,1.7859073973265591
1354,38,10,B,10B,nupC,M9 20 mM glucose pH 7.4,3,10.0,0.838,T3,3-10B,13.0,1.6902205286396903
1355,38,10,A,10A,nupC,M9 20 mM glucose pH 7.4,3,10.0,0.94,T3,3-10A,13.0,1.8174787394907155
1356,17,3,B,3B,adeP,M9 20 mM glucose pH 7.4,2,10.0,0.467,T3,2-3B,14.0,0.9732095808383233
1357,17,3,A,3A,adeP,M9 20 mM glucose pH 7.4,2,10.0,0.489,T3,2-3A,14.0,0.9515134579326197
1358,30,2,C,2C,znuB,M9 20 mM glucose pH 7.4,3,10.0,0.552,T3,3-2C,14.0,1.265262626262626
1359,16,2,C,2C,yhjE,M9 20 mM glucose pH 7.4,2,10.0,0.848,T3,2-2C,13.0,1.7488871953063567
1360,58,2,C,2C,rhtB,M9 20 mM glucose pH 7.4,5,10.0,0.618,T3,5-2C,12.0,1.3552117461077844
1361,52,10,A,10A,emrB,M9 20 mM glucose pH 7.4,4,10.0,0.841,T3,4-10A,12.0,1.6717013794411177
1362,0,0,E,0E,WT,M9 20 mM glucose pH 7.4,1,10.0,0.346,T3,1-0E,14.0,0.6757424961077845
1363,0,0,C,0C,WT,M9 20 mM glucose pH 7.4,1,10.0,0.349,T3,1-0C,14.0,0.6643966278443114
1364,34,6,C,6C,rbsC,M9 20 mM glucose pH 7.4,3,10.0,0.606,T3,3-6C,13.0,1.3849183451279259
1365,62,6,C,6C,yahN,M9 20 mM glucose pH 7.4,5,10.0,0.654,T3,5-6C,13.0,1.43954262749501
1366,59,3,C,3C,eamA,M9 20 mM glucose pH 7.4,5,10.0,0.606,T3,5-3C,13.0,1.3365142243013972
1367,57,1,C,1C,rhtC,M9 20 mM glucose pH 7.4,4,10.0,0.419,T3,4-1C,15.0,0.9628201576347304
1368,23,9,C,9C,acrB,M9 20 mM glucose pH 7.4,2,10.0,0.943,T3,2-9C,12.0,2.034145406157382
1369,47,5,A,5A,mtr,M9 20 mM glucose pH 7.4,4,10.0,0.85,T3,4-5A,13.0,1.7292289842315371
1370,47,5,B,5B,mtr,M9 20 mM glucose pH 7.4,4,10.0,0.843,T3,4-5B,13.0,1.7083956508982037
1371,14,14,C,14C,sstT,M9 20 mM glucose pH 7.4,1,10.0,0.296,T3,1-14C,14.0,0.5603130980538922
1372,0,0,A,0A,WT,M9 20 mM glucose pH 7.4,3,10.0,0.787,T3,3-0A,13.0,1.696993467610234
1373,47,5,C,5C,mtr,M9 20 mM glucose pH 7.4,4,10.0,0.816,T3,4-5C,13.0,1.6789979893712577
1374,64,8,A,8A,manY,M9 20 mM glucose pH 7.4,5,10.0,0.562,T3,5-8A,13.0,1.2380634826347305
1375,41,13,C,13C,gltP,M9 20 mM glucose pH 7.4,3,10.0,0.927,T3,3-13C,13.0,1.8914128712272427
1376,42,14,B,14B,mscL,M9 20 mM glucose pH 7.4,3,10.0,0.685,T3,3-14B,14.0,1.4690593358737072
1377,11,11,C,11C,punC,M9 20 mM glucose pH 7.4,1,10.0,0.179,T3,1-11C,15.0,0.398625576247505
1378,33,5,B,5B,artQ,M9 20 mM glucose pH 7.4,3,10.0,0.522,T3,3-5B,14.0,1.144771668783645
1379,64,8,C,8C,manY,M9 20 mM glucose pH 7.4,5,10.0,0.554,T3,5-8C,13.0,1.215283229441118
1380,6,6,B,6B,ybjE,M9 20 mM glucose pH 7.4,1,10.0,0.3,T3,1-6B,14.0,0.6237302448602794
1381,60,4,C,4C,metI,M9 20 mM glucose pH 7.4,5,10.0,0.628,T3,5-4C,13.0,1.3403831159680637
1382,60,4,B,4B,metI,M9 20 mM glucose pH 7.4,5,10.0,0.68,T3,5-4B,13.0,1.4875175576347304
1383,60,4,A,4A,metI,M9 20 mM glucose pH 7.4,5,10.0,0.694,T3,5-4A,13.0,1.5085280461077843
1384,10,10,A,10A,yeaS,M9 20 mM glucose pH 7.4,1,10.0,0.367,T3,1-10A,14.0,0.7220507595808383
1385,48,6,A,6A,ugpA,M9 20 mM glucose pH 7.4,4,10.0,0.893,T3,4-6A,13.0,1.8554791806886228
1386,10,10,B,10B,yeaS,M9 20 mM glucose pH 7.4,1,10.0,0.373,T3,1-10B,14.0,0.7453966278443114
1387,55,13,C,13C,tdcC,M9 20 mM glucose pH 7.4,4,10.0,1.052,T3,4-13C,13.0,2.147120572704591
1388,55,13,B,13B,tdcC,M9 20 mM glucose pH 7.4,4,10.0,1.107,T3,4-13B,13.0,2.2588837095808385
1389,55,13,A,13A,tdcC,M9 20 mM glucose pH 7.4,4,10.0,1.149,T3,4-13A,13.0,2.286559660828343
1390,31,3,A,3A,glnP,M9 20 mM glucose pH 7.4,3,10.0,0.652,T3,3-3A,13.0,1.4975283977499545
1391,31,3,B,3B,glnP,M9 20 mM glucose pH 7.4,3,10.0,0.686,T3,3-3B,13.0,1.5626803362971025
1392,0,0,B,0B,WT,M9 20 mM glucose pH 7.4,3,10.0,0.79,T3,3-0B,13.0,1.6933470029637694
1393,31,3,C,3C,glnP,M9 20 mM glucose pH 7.4,3,10.0,0.711,T3,3-3C,13.0,1.674968003387165
1394,6,6,A,6A,ybjE,M9 20 mM glucose pH 7.4,1,10.0,0.272,T3,1-6A,14.0,0.578125576247505
1395,41,13,A,13A,gltP,M9 20 mM glucose pH 7.4,3,10.0,0.857,T3,3-13A,13.0,1.720812072824049
1396,18,4,A,4A,actP,M9 20 mM glucose pH 7.4,2,10.0,0.716,T3,2-4A,13.0,1.7027102159317726
1397,8,8,A,8A,yedA,M9 20 mM glucose pH 7.4,1,10.0,0.294,T3,1-8A,14.0,0.6103381679141716
1398,0,0,F,0F,WT,M9 20 mM glucose pH 7.4,2,10.0,0.739,T3,2-0F,13.0,1.5914787394907155
1399,0,0,E,0E,WT,M9 20 mM glucose pH 7.4,2,10.0,0.782,T3,2-0E,13.0,1.679898143107724
1400,23,9,B,9B,acrB,M9 20 mM glucose pH 7.4,2,10.0,0.953,T3,2-9B,12.0,2.07295874916833
1401,18,4,C,4C,actP,M9 20 mM glucose pH 7.4,2,10.0,0.655,T3,2-4C,13.0,1.4368779410875219
1402,66,10,C,10C,ansP,M9 20 mM glucose pH 7.4,5,10.0,0.645,T3,5-10C,13.0,1.4844560743013973
1403,58,2,A,2A,rhtB,M9 20 mM glucose pH 7.4,5,10.0,0.677,T3,5-2A,12.0,1.4819749659680639
1404,53,11,A,11A,galP,M9 20 mM glucose pH 7.4,4,10.0,0.918,T3,4-11A,12.0,1.7907281028443114
1405,53,11,B,11B,galP,M9 20 mM glucose pH 7.4,4,10.0,0.943,T3,4-11B,12.0,1.88565300249501
1406,53,11,C,11C,galP,M9 20 mM glucose pH 7.4,4,10.0,0.935,T3,4-11C,12.0,1.8521482993013973
1407,0,0,F,0F,WT,M9 20 mM glucose pH 7.4,5,10.0,0.644,T3,5-0F,12.0,1.4521219425648701
1408,66,10,A,10A,ansP,M9 20 mM glucose pH 7.4,5,10.0,0.61,T3,5-10A,13.0,1.4020847306886228
1409,23,9,A,9A,acrB,M9 20 mM glucose pH 7.4,2,10.0,0.926,T3,2-9A,12.0,2.033907397326559
1410,64,8,B,8B,manY,M9 20 mM glucose pH 7.4,5,10.0,0.582,T3,5-8B,13.0,1.2693566762475048
1411,18,4,B,4B,actP,M9 20 mM glucose pH 7.4,2,10.0,0.709,T3,2-4B,13.0,1.5597918708038465
1412,42,14,A,14A,mscL,M9 20 mM glucose pH 7.4,3,10.0,0.703,T3,3-14A,14.0,1.5528120728240489
1413,0,0,D,0D,WT,M9 20 mM glucose pH 7.4,2,10.0,0.792,T3,2-0D,13.0,1.715055767253372
1414,14,14,B,14B,sstT,M9 20 mM glucose pH 7.4,1,10.0,0.299,T3,1-14B,14.0,0.5544672297904192
1415,46,4,B,4B,gltS,M9 20 mM glucose pH 7.4,4,10.0,0.884,T3,4-4B,13.0,1.8157874441616766
1416,46,4,A,4A,gltS,M9 20 mM glucose pH 7.4,4,10.0,0.878,T3,4-4A,13.0,1.8249749659680639
1417,14,14,A,14A,sstT,M9 20 mM glucose pH 7.4,1,10.0,0.303,T3,1-14A,14.0,0.5699589095808383
1418,0,0,F,0F,WT,M9 20 mM glucose pH 7.4,3,10.0,0.837,T3,3-0F,13.0,1.7302609326800942
1419,46,4,C,4C,gltS,M9 20 mM glucose pH 7.4,4,10.0,0.852,T3,4-4C,13.0,1.725667107984032
1420,42,14,C,14C,mscL,M9 20 mM glucose pH 7.4,3,10.0,0.685,T3,3-14C,14.0,1.4783926692070404
1421,0,0,E,0E,WT,M9 20 mM glucose pH 7.4,3,10.0,0.838,T3,3-0E,13.0,1.741841529063086
1422,0,0,D,0D,WT,M9 20 mM glucose pH 7.4,3,10.0,0.864,T3,3-0D,13.0,1.8082609326800942
1423,10,10,C,10C,yeaS,M9 20 mM glucose pH 7.4,1,10.0,0.378,T3,1-10C,14.0,0.7554425528443114
1424,0,0,C,0C,WT,M9 20 mM glucose pH 7.4,3,10.0,0.888,T3,3-0C,13.0,2.0010650214722068
1425,48,6,C,6C,ugpA,M9 20 mM glucose pH 7.4,4,10.0,0.864,T3,4-6C,13.0,1.7482898961077842
1426,0,0,D,0D,WT,M9 20 mM glucose pH 7.4,5,10.0,0.733,T3,5-0D,12.0,1.6507794076347309
1427,0,0,E,0E,WT,M9 20 mM glucose pH 7.4,5,10.0,0.69,T3,5-0E,12.0,1.5454460743013971
1428,0,0,A,0A,WT,M9 20 mM glucose pH 7.4,2,10.0,0.884,T3,2-0A,13.0,1.8597664065807777
1429,0,0,B,0B,WT,M9 20 mM glucose pH 7.4,2,10.0,0.938,T3,2-0B,13.0,1.8921454061573821
1430,0,0,C,0C,WT,M9 20 mM glucose pH 7.4,2,10.0,0.911,T3,2-0C,13.0,1.8546201536321294
1431,33,5,C,5C,artQ,M9 20 mM glucose pH 7.4,3,10.0,0.505,T3,3-5C,14.0,1.132943809350995
1432,0,0,C,0C,WT,M9 20 mM glucose pH 7.4,5,10.0,0.778,T3,5-0C,12.0,1.6917460175648704
1433,33,5,A,5A,artQ,M9 20 mM glucose pH 7.4,3,10.0,0.506,T3,3-5A,14.0,1.130105002116978
1434,0,0,B,0B,WT,M9 20 mM glucose pH 7.4,5,10.0,0.732,T3,5-0B,12.0,1.5757117461077843
1435,37,9,A,9A,cycA,M9 20 mM glucose pH 7.4,3,10.0,0.615,T3,3-9A,14.0,1.3002516784612592
1436,8,8,B,8B,yedA,M9 20 mM glucose pH 7.4,1,10.0,0.288,T3,1-8B,14.0,0.6491676794411178
1437,8,8,C,8C,yedA,M9 20 mM glucose pH 7.4,1,10.0,0.356,T3,1-8C,14.0,0.7700260826347305
1438,35,7,B,7B,glpF,M9 20 mM glucose pH 7.4,3,10.0,0.823,T3,3-7B,12.0,1.7977975564023465
1439,41,13,B,13B,gltP,M9 20 mM glucose pH 7.4,3,10.0,0.933,T3,3-13B,13.0,1.9142609326800941
1440,57,1,A,1A,rhtC,M9 20 mM glucose pH 7.4,4,10.0,0.441,T3,4-1A,15.0,0.983313407984032
1441,3,3,A,3A,ompC,M9 20 mM glucose pH 7.4,1,10.0,0.303,T3,1-3A,14.0,0.6354631243013972
1442,3,3,B,3B,ompC,M9 20 mM glucose pH 7.4,1,10.0,0.289,T3,1-3B,14.0,0.594017369510978
1443,3,3,C,3C,ompC,M9 20 mM glucose pH 7.4,1,10.0,0.293,T3,1-3C,14.0,0.6077171425648703
1444,0,0,A,0A,WT,M9 20 mM glucose pH 7.4,5,10.0,0.813,T3,5-0A,12.0,1.7720392111776446
1445,9,9,A,9A,ygaZ,M9 20 mM glucose pH 7.4,1,10.0,0.234,T3,1-9A,14.0,0.48349229965069856
1446,9,9,B,9B,ygaZ,M9 20 mM glucose pH 7.4,1,10.0,0.242,T3,1-9B,14.0,0.49450483458083827
1447,9,9,C,9C,ygaZ,M9 20 mM glucose pH 7.4,1,10.0,0.26,T3,1-9C,14.0,0.5104174829840319
1448,54,12,C,12C,pheP,M9 20 mM glucose pH 7.4,4,10.0,0.893,T3,4-12C,12.0,1.7902648262475047
1449,37,9,C,9C,cycA,M9 20 mM glucose pH 7.4,3,10.0,0.575,T3,3-9C,14.0,1.218211274420855
1450,37,9,B,9B,cycA,M9 20 mM glucose pH 7.4,3,10.0,0.581,T3,3-9B,14.0,1.2417813463981129
1451,57,1,B,1B,rhtC,M9 20 mM glucose pH 7.4,4,10.0,0.453,T3,4-1B,15.0,1.0439959429141716
1452,35,7,C,7C,glpF,M9 20 mM glucose pH 7.4,3,10.0,0.724,T3,3-7C,12.0,1.5888524768644527
1453,54,12,A,12A,pheP,M9 20 mM glucose pH 7.4,4,10.0,0.854,T3,4-12A,12.0,1.655497107984032
1454,48,6,B,6B,ugpA,M9 20 mM glucose pH 7.4,4,10.0,0.904,T3,4-6B,13.0,1.826520890968064
1455,13,13,A,13A,mscS,M9 20 mM glucose pH 7.4,1,10.0,0.2,T3,1-13A,16.0,0.4492299611776447
1456,6,6,C,6C,ybjE,M9 20 mM glucose pH 7.4,1,10.0,0.276,T3,1-6C,14.0,0.6065632945109781
1457,13,13,B,13B,mscS,M9 20 mM glucose pH 7.4,1,10.0,0.191,T3,1-13B,16.0,0.4205048345808383
1458,13,13,C,13C,mscS,M9 20 mM glucose pH 7.4,1,10.0,0.192,T3,1-13C,16.0,0.4249589095808383
1459,49,7,A,7A,uhpT,M9 20 mM glucose pH 7.4,4,10.0,0.893,T3,4-7A,13.0,1.7799013531936128
1460,49,7,B,7B,uhpT,M9 20 mM glucose pH 7.4,4,10.0,0.868,T3,4-7B,13.0,1.754502487774451
1461,49,7,C,7C,uhpT,M9 20 mM glucose pH 7.4,4,10.0,0.859,T3,4-7C,13.0,1.7175188445109781
1462,5,5,B,5B,yddG,M9 20 mM glucose pH 7.4,1,10.0,0.33,T3,1-5B,14.0,0.6551634647205589
1463,29,1,A,1A,gadC,M9 20 mM glucose pH 7.4,3,10.0,0.739,T3,3-1A,14.0,1.612993467610234
1464,29,1,B,1B,gadC,M9 20 mM glucose pH 7.4,3,10.0,0.854,T3,3-1B,14.0,1.8578068106211818
1465,29,1,C,1C,gadC,M9 20 mM glucose pH 7.4,3,10.0,0.677,T3,3-1C,14.0,1.4824896872920825
1466,5,5,A,5A,yddG,M9 20 mM glucose pH 7.4,1,10.0,0.314,T3,1-5A,14.0,0.6303507028443113
1467,39,11,B,11B,fruA,M9 20 mM glucose pH 7.4,3,10.0,0.705,T3,3-11B,13.0,1.424812072824049
1468,5,5,C,5C,yddG,M9 20 mM glucose pH 7.4,1,10.0,0.343,T3,1-5C,14.0,0.6917091060379242
1469,51,9,B,9B,nupG,M9 20 mM glucose pH 7.4,4,10.0,0.845,T3,4-9B,12.0,1.6813797826347305
1470,39,11,C,11C,fruA,M9 20 mM glucose pH 7.4,3,10.0,0.712,T3,3-11C,13.0,1.493165608177584
1471,54,12,B,12B,pheP,M9 20 mM glucose pH 7.4,4,10.0,0.916,T3,4-12B,12.0,1.8310038576347307
1472,39,11,A,11A,fruA,M9 20 mM glucose pH 7.4,3,10.0,0.766,T3,3-11A,13.0,1.5833562571826045
1473,32,4,C,4C,focA,M9 20 mM glucose pH 7.4,3,10.0,0.718,T3,3-4C,14.0,1.6624989415109175
1474,32,4,A,4A,focA,M9 20 mM glucose pH 7.4,3,10.0,0.688,T3,3-4A,14.0,1.5707462045605756
1475,32,4,B,4B,focA,M9 20 mM glucose pH 7.4,3,10.0,0.685,T3,3-4B,14.0,1.5800702836750742
1476,35,7,A,7A,glpF,M9 20 mM glucose pH 7.4,3,10.0,0.805,T3,3-7A,12.0,1.7590338716506382
1477,1,1,B,1B,tsx,M9 20 mM glucose pH 7.4,1,10.0,0.291,T3,1-1B,14.0,0.6280093329840319
1478,1,1,C,1C,tsx,M9 20 mM glucose pH 7.4,1,10.0,0.269,T3,1-1C,14.0,0.5949174829840319
1479,1,1,A,1A,tsx,M9 20 mM glucose pH 7.4,1,10.0,0.295,T3,1-1A,14.0,0.6414676227045908
1480,51,9,C,9C,nupG,M9 20 mM glucose pH 7.4,4,10.0,0.824,T3,4-9C,12.0,1.656880459231537
1481,51,9,A,9A,nupG,M9 20 mM glucose pH 7.4,4,10.0,0.827,T3,4-9A,12.0,1.6553116326347301
1482,18,4,A,4A,actP,M9 20 mM glucose pH 7.4,2,11.0,0.959,T4,2-4A,13.0,2.5374879937095507
1483,4,4,B,4B,ompF,M9 20 mM glucose pH 7.4,1,11.0,0.639,T4,1-4B,14.0,0.9073216147205589
1484,16,2,C,2C,yhjE,M9 20 mM glucose pH 7.4,2,11.0,1.104,T4,2-2C,13.0,2.724664973084135
1485,16,2,B,2B,yhjE,M9 20 mM glucose pH 7.4,2,11.0,1.136,T4,2-2B,13.0,2.7624303362971028
1486,37,9,C,9C,cycA,M9 20 mM glucose pH 7.4,3,11.0,0.769,T4,3-9C,14.0,1.8892946077541883
1487,1,1,C,1C,tsx,M9 20 mM glucose pH 7.4,1,11.0,0.623,T4,1-1C,14.0,0.925667482984032
1488,7,7,C,7C,satP,M9 20 mM glucose pH 7.4,1,11.0,0.746,T4,1-7C,14.0,1.0742758861776447
1489,7,7,B,7B,satP,M9 20 mM glucose pH 7.4,1,11.0,0.791,T4,1-7B,14.0,1.107813294510978
1490,37,9,A,9A,cycA,M9 20 mM glucose pH 7.4,3,11.0,0.837,T4,3-9A,14.0,2.024418345127926
1491,9,9,C,9C,ygaZ,M9 20 mM glucose pH 7.4,1,11.0,0.588,T4,1-9C,14.0,0.8419174829840319
1492,0,0,A,0A,WT,M9 20 mM glucose pH 7.4,1,11.0,0.743,T4,1-0A,14.0,1.0988298477045908
1493,0,0,F,0F,WT,M9 20 mM glucose pH 7.4,3,11.0,1.051,T4,3-0F,13.0,2.6765109326800944
1494,39,11,C,11C,fruA,M9 20 mM glucose pH 7.4,3,11.0,0.927,T4,3-11C,13.0,2.3126378303998063
1495,0,0,D,0D,WT,M9 20 mM glucose pH 7.4,3,11.0,1.08,T4,3-0D,13.0,2.7826220437912053
1496,16,2,A,2A,yhjE,M9 20 mM glucose pH 7.4,2,11.0,1.066,T4,2-2A,13.0,2.624948224762596
1497,0,0,C,0C,WT,M9 20 mM glucose pH 7.4,3,11.0,1.155,T4,3-0C,13.0,3.0213705770277626
1498,0,0,A,0A,WT,M9 20 mM glucose pH 7.4,3,11.0,1.054,T4,3-0A,13.0,2.6153268009435675
1499,15,1,A,1A,argO,M9 20 mM glucose pH 7.4,2,11.0,0.965,T4,2-1A,13.0,2.238077436037017
1500,15,1,B,1B,argO,M9 20 mM glucose pH 7.4,2,11.0,0.876,T4,2-1B,13.0,2.0211807596927356
1501,9,9,B,9B,ygaZ,M9 20 mM glucose pH 7.4,1,11.0,0.566,T4,1-9B,14.0,0.8010881679141716
1502,4,4,C,4C,ompF,M9 20 mM glucose pH 7.4,1,11.0,0.612,T4,1-4C,14.0,0.9080883643712574
1503,37,9,B,9B,cycA,M9 20 mM glucose pH 7.4,3,11.0,0.802,T4,3-9B,14.0,1.9309480130647796
1504,9,9,A,9A,ygaZ,M9 20 mM glucose pH 7.4,1,11.0,0.565,T4,1-9A,14.0,0.7779922996506986
1505,28,14,B,14B,putP,M9 20 mM glucose pH 7.4,2,11.0,1.013,T4,2-14B,12.0,2.505791870803847
1506,6,6,C,6C,ybjE,M9 20 mM glucose pH 7.4,1,11.0,0.64,T4,1-6C,14.0,0.9464799611776448
1507,0,0,E,0E,WT,M9 20 mM glucose pH 7.4,3,11.0,1.064,T4,3-0E,13.0,2.6943970846186414
1508,22,8,A,8A,setA,M9 20 mM glucose pH 7.4,2,11.0,1.316,T4,2-8A,13.0,3.388436430169963
1509,11,11,A,11A,punC,M9 20 mM glucose pH 7.4,1,11.0,0.402,T4,1-11A,15.0,0.648671501247505
1510,26,12,B,12B,ptsG,M9 20 mM glucose pH 7.4,2,11.0,0.115,T4,2-12B,20.0,0.5082973447045304
1511,0,0,C,0C,WT,M9 20 mM glucose pH 7.4,1,11.0,0.737,T4,1-0C,14.0,1.106813294510978
1512,0,0,D,0D,WT,M9 20 mM glucose pH 7.4,1,11.0,0.69,T4,1-0D,14.0,1.046571331037924
1513,11,11,C,11C,punC,M9 20 mM glucose pH 7.4,1,11.0,0.391,T4,1-11C,15.0,0.624625576247505
1514,21,7,C,7C,brnQ,M9 20 mM glucose pH 7.4,2,11.0,0.749,T4,2-7C,13.0,1.6618882537954394
1515,21,7,B,7B,brnQ,M9 20 mM glucose pH 7.4,2,11.0,0.777,T4,2-7B,13.0,1.694976425936007
1516,21,7,A,7A,brnQ,M9 20 mM glucose pH 7.4,2,11.0,1.189,T4,2-7A,13.0,2.8889042369805846
1517,33,5,C,5C,artQ,M9 20 mM glucose pH 7.4,3,11.0,0.732,T4,3-5C,14.0,1.7470271426843282
1518,33,5,B,5B,artQ,M9 20 mM glucose pH 7.4,3,11.0,0.764,T4,3-5B,14.0,1.7829105576725337
1519,33,5,A,5A,artQ,M9 20 mM glucose pH 7.4,3,11.0,0.745,T4,3-5A,14.0,1.7505216687836447
1520,0,0,E,0E,WT,M9 20 mM glucose pH 7.4,1,11.0,0.725,T4,1-0E,14.0,1.1109924961077844
1521,0,0,F,0F,WT,M9 20 mM glucose pH 7.4,1,11.0,0.656,T4,1-0F,14.0,1.0109839794411177
1522,28,14,A,14A,putP,M9 20 mM glucose pH 7.4,2,11.0,1.023,T4,2-14A,12.0,2.496178022742394
1523,28,14,C,14C,putP,M9 20 mM glucose pH 7.4,2,11.0,1.045,T4,2-14C,12.0,2.5785340833484542
1524,11,11,B,11B,punC,M9 20 mM glucose pH 7.4,1,11.0,0.459,T4,1-11B,15.0,0.6583421861776447
1525,7,7,A,7A,satP,M9 20 mM glucose pH 7.4,1,11.0,0.813,T4,1-7A,14.0,1.1309884778443113
1526,18,4,B,4B,actP,M9 20 mM glucose pH 7.4,2,11.0,0.964,T4,2-4B,13.0,2.3931807596927355
1527,10,10,A,10A,yeaS,M9 20 mM glucose pH 7.4,1,11.0,0.77,T4,1-10A,14.0,1.1808840929141717
1528,1,1,B,1B,tsx,M9 20 mM glucose pH 7.4,1,11.0,0.678,T4,1-1B,14.0,0.9864259996506985
1529,0,0,E,0E,WT,M9 20 mM glucose pH 7.4,2,11.0,1.053,T4,2-0E,13.0,2.594870365329946
1530,0,0,D,0D,WT,M9 20 mM glucose pH 7.4,2,11.0,1.069,T4,2-0D,13.0,2.6431113228089274
1531,0,0,C,0C,WT,M9 20 mM glucose pH 7.4,2,11.0,1.19,T4,2-0C,13.0,2.9052868202987963
1532,26,12,A,12A,ptsG,M9 20 mM glucose pH 7.4,2,11.0,0.116,T4,2-12A,20.0,0.5029558005201717
1533,6,6,A,6A,ybjE,M9 20 mM glucose pH 7.4,1,11.0,0.629,T4,1-6A,14.0,0.9132922429141719
1534,4,4,A,4A,ompF,M9 20 mM glucose pH 7.4,1,11.0,0.612,T4,1-4A,14.0,0.8823421861776448
1535,15,1,C,1C,argO,M9 20 mM glucose pH 7.4,2,11.0,0.882,T4,2-1C,13.0,2.0281123661767375
1536,26,12,C,12C,ptsG,M9 20 mM glucose pH 7.4,2,11.0,0.114,T4,2-12C,20.0,0.5031557188652998
1537,6,6,B,6B,ybjE,M9 20 mM glucose pH 7.4,1,11.0,0.693,T4,1-6B,14.0,0.9939802448602794
1538,0,0,B,0B,WT,M9 20 mM glucose pH 7.4,1,11.0,0.721,T4,1-0B,14.0,1.084425715968064
1539,22,8,B,8B,setA,M9 20 mM glucose pH 7.4,2,11.0,1.229,T4,2-8B,13.0,2.9928617310832877
1540,14,14,C,14C,sstT,M9 20 mM glucose pH 7.4,1,11.0,0.653,T4,1-14C,14.0,0.9359797647205588
1541,14,14,B,14B,sstT,M9 20 mM glucose pH 7.4,1,11.0,0.659,T4,1-14B,14.0,0.9348005631237525
1542,14,14,A,14A,sstT,M9 20 mM glucose pH 7.4,1,11.0,0.654,T4,1-14A,14.0,0.955375576247505
1543,2,2,C,2C,oppA,M9 20 mM glucose pH 7.4,1,11.0,0.677,T4,1-2C,14.0,1.0232424961077844
1544,10,10,C,10C,yeaS,M9 20 mM glucose pH 7.4,1,11.0,0.792,T4,1-10C,14.0,1.226109219510978
1545,2,2,A,2A,oppA,M9 20 mM glucose pH 7.4,1,11.0,0.692,T4,1-2A,14.0,1.025609219510978
1546,27,13,A,13A,lysP,M9 20 mM glucose pH 7.4,2,11.0,1.113,T4,2-13A,13.0,2.652559335873707
1547,8,8,B,8B,yedA,M9 20 mM glucose pH 7.4,1,11.0,0.719,T4,1-8B,14.0,0.9985010127744509
1548,8,8,C,8C,yedA,M9 20 mM glucose pH 7.4,1,11.0,0.801,T4,1-8C,14.0,1.2072760826347304
1549,19,5,A,5A,codB,M9 20 mM glucose pH 7.4,2,11.0,1.126,T4,2-5A,13.0,2.787253780318151
1550,23,9,C,9C,acrB,M9 20 mM glucose pH 7.4,2,11.0,1.217,T4,2-9C,12.0,3.1137565172684933
1551,24,10,B,10B,nagE,M9 20 mM glucose pH 7.4,2,11.0,0.986,T4,2-10B,13.0,2.225993891005867
1552,23,9,B,9B,acrB,M9 20 mM glucose pH 7.4,2,11.0,1.252,T4,2-9B,12.0,3.174014304723886
1553,39,11,B,11B,fruA,M9 20 mM glucose pH 7.4,3,11.0,0.927,T4,3-11B,13.0,2.24067318393516
1554,39,11,A,11A,fruA,M9 20 mM glucose pH 7.4,3,11.0,0.985,T4,3-11A,13.0,2.4596340349603825
1555,25,11,C,11C,gltJ,M9 20 mM glucose pH 7.4,2,11.0,1.03,T4,2-11C,12.0,2.471912871227242
1556,3,3,B,3B,ompC,M9 20 mM glucose pH 7.4,1,11.0,0.683,T4,1-3B,14.0,0.9551840361776447
1557,8,8,A,8A,yedA,M9 20 mM glucose pH 7.4,1,11.0,0.711,T4,1-8A,14.0,0.973921501247505
1558,3,3,A,3A,ompC,M9 20 mM glucose pH 7.4,1,11.0,0.69,T4,1-3A,14.0,1.0121297909680638
1559,3,3,C,3C,ompC,M9 20 mM glucose pH 7.4,1,11.0,0.663,T4,1-3C,14.0,0.9753004758982037
1560,19,5,B,5B,codB,M9 20 mM glucose pH 7.4,2,11.0,1.141,T4,2-5B,13.0,2.8533646797314463
1561,25,11,B,11B,gltJ,M9 20 mM glucose pH 7.4,2,11.0,1.119,T4,2-11B,12.0,2.772686233593419
1562,19,5,C,5C,codB,M9 20 mM glucose pH 7.4,2,11.0,1.088,T4,2-5C,13.0,2.780819013488175
1563,23,9,A,9A,acrB,M9 20 mM glucose pH 7.4,2,11.0,1.223,T4,2-9A,12.0,3.1061018417710033
1564,25,11,A,11A,gltJ,M9 20 mM glucose pH 7.4,2,11.0,1.124,T4,2-11A,12.0,2.78778597350753
1565,24,10,A,10A,nagE,M9 20 mM glucose pH 7.4,2,11.0,0.909,T4,2-10A,13.0,2.0113173350269156
1566,32,4,B,4B,focA,M9 20 mM glucose pH 7.4,3,11.0,0.911,T4,3-4B,14.0,2.3758758392306296
1567,32,4,C,4C,focA,M9 20 mM glucose pH 7.4,3,11.0,0.96,T4,3-4C,14.0,2.4986100526220287
1568,0,0,B,0B,WT,M9 20 mM glucose pH 7.4,3,11.0,1.058,T4,3-0B,13.0,2.615263669630436
1569,22,8,C,8C,setA,M9 20 mM glucose pH 7.4,2,11.0,1.195,T4,2-8C,13.0,3.00144128409847
1570,0,0,B,0B,WT,M9 20 mM glucose pH 7.4,2,11.0,1.216,T4,2-0B,13.0,2.96942318393516
1571,20,6,C,6C,aroP,M9 20 mM glucose pH 7.4,2,11.0,1.204,T4,2-6C,13.0,3.0044156081775846
1572,20,6,B,6B,aroP,M9 20 mM glucose pH 7.4,2,11.0,1.257,T4,2-6B,13.0,3.090610687715478
1573,20,6,A,6A,aroP,M9 20 mM glucose pH 7.4,2,11.0,1.233,T4,2-6A,13.0,3.0391374070041737
1574,67,11,C,11C,glpT,M9 20 mM glucose pH 7.4,5,11.0,0.648,T4,5-11C,13.0,1.678412487774451
1575,5,5,B,5B,yddG,M9 20 mM glucose pH 7.4,1,11.0,0.74,T4,1-5B,14.0,1.0665801313872256
1576,13,13,B,13B,mscS,M9 20 mM glucose pH 7.4,1,11.0,0.396,T4,1-13B,16.0,0.6613381679141717
1577,17,3,B,3B,adeP,M9 20 mM glucose pH 7.4,2,11.0,0.652,T4,2-3B,14.0,1.5304873586161012
1578,1,1,A,1A,tsx,M9 20 mM glucose pH 7.4,1,11.0,0.687,T4,1-1A,14.0,1.0053842893712575
1579,17,3,C,3C,adeP,M9 20 mM glucose pH 7.4,2,11.0,0.63,T4,2-3C,14.0,1.5600639629831248
1580,13,13,A,13A,mscS,M9 20 mM glucose pH 7.4,1,11.0,0.412,T4,1-13A,16.0,0.7017299611776446
1581,24,10,C,10C,nagE,M9 20 mM glucose pH 7.4,2,11.0,0.942,T4,2-10C,13.0,2.1318272243392005
1582,12,12,C,12C,rhtA,M9 20 mM glucose pH 7.4,1,11.0,0.665,T4,1-12C,14.0,0.9777548345808383
1583,12,12,A,12A,rhtA,M9 20 mM glucose pH 7.4,1,11.0,0.621,T4,1-12A,14.0,0.916309276247505
1584,17,3,A,3A,adeP,M9 20 mM glucose pH 7.4,2,11.0,0.671,T4,2-3A,14.0,1.530319013488175
1585,10,10,B,10B,yeaS,M9 20 mM glucose pH 7.4,1,11.0,0.806,T4,1-10B,14.0,1.2093966278443113
1586,18,4,C,4C,actP,M9 20 mM glucose pH 7.4,2,11.0,0.901,T4,2-4C,13.0,2.2116557188652997
1587,2,2,B,2B,oppA,M9 20 mM glucose pH 7.4,1,11.0,0.732,T4,1-2B,14.0,1.076563294510978
1588,0,0,F,0F,WT,M9 20 mM glucose pH 7.4,2,11.0,1.018,T4,2-0F,13.0,2.4663676283796043
1589,27,13,B,13B,lysP,M9 20 mM glucose pH 7.4,2,11.0,1.029,T4,2-13B,13.0,2.751961274420855
1590,32,4,A,4A,focA,M9 20 mM glucose pH 7.4,3,11.0,0.924,T4,3-4A,14.0,2.3741350934494645
1591,27,13,C,13C,lysP,M9 20 mM glucose pH 7.4,2,11.0,1.064,T4,2-13C,13.0,2.7087691435311196
1592,0,0,A,0A,WT,M9 20 mM glucose pH 7.4,2,11.0,1.172,T4,2-0A,13.0,2.8860441843585556
1593,5,5,C,5C,yddG,M9 20 mM glucose pH 7.4,1,11.0,0.749,T4,1-5C,14.0,1.1216257727045909
1594,5,5,A,5A,yddG,M9 20 mM glucose pH 7.4,1,11.0,0.709,T4,1-5A,14.0,1.021517369510978
1595,12,12,B,12B,rhtA,M9 20 mM glucose pH 7.4,1,11.0,0.695,T4,1-12B,14.0,1.0125048345808383
1596,0,0,B,0B,WT,M9 20 mM glucose pH 7.4,4,11.0,1.138,T4,4-0B,12.0,2.8421514361776445
1597,59,3,B,3B,eamA,M9 20 mM glucose pH 7.4,5,11.0,0.795,T4,5-3B,13.0,2.0972794076347308
1598,59,3,A,3A,eamA,M9 20 mM glucose pH 7.4,5,11.0,0.776,T4,5-3A,13.0,1.995162487774451
1599,60,4,C,4C,metI,M9 20 mM glucose pH 7.4,5,11.0,0.825,T4,5-4C,13.0,2.1017997826347306
1600,40,12,C,12C,sdaC,M9 20 mM glucose pH 7.4,3,11.0,1.065,T4,3-12C,13.0,2.6631172049839713
1601,61,5,C,5C,tolC,M9 20 mM glucose pH 7.4,5,11.0,0.036,T4,5-5C,24.0,0.2713739227045908
1602,0,0,D,0D,WT,M9 20 mM glucose pH 7.4,4,11.0,1.248,T4,4-0D,12.0,3.2379800663173652
1603,49,7,B,7B,uhpT,M9 20 mM glucose pH 7.4,4,11.0,1.137,T4,4-7B,13.0,2.8039191544411177
1604,65,9,C,9C,hisQ,M9 20 mM glucose pH 7.4,5,11.0,0.767,T4,5-9C,13.0,1.904203229441118
1605,45,3,A,3A,dctA,M9 20 mM glucose pH 7.4,4,11.0,1.078,T4,4-3A,13.0,2.637259040968064
1606,63,7,B,7B,kgtP,M9 20 mM glucose pH 7.4,5,11.0,0.841,T4,5-7B,12.0,2.186612740968064
1607,43,1,A,1A,livH,M9 20 mM glucose pH 7.4,5,11.0,0.415,T4,5-1A,15.0,1.1191376227045908
1608,44,2,C,2C,dppB,M9 20 mM glucose pH 7.4,4,11.0,0.15,T4,4-2C,20.0,0.6626644595808383
1609,46,4,A,4A,gltS,M9 20 mM glucose pH 7.4,4,11.0,1.134,T4,4-4A,13.0,2.867058299301397
1610,46,4,B,4B,gltS,M9 20 mM glucose pH 7.4,4,11.0,1.138,T4,4-4B,13.0,2.8714541108283433
1611,46,4,C,4C,gltS,M9 20 mM glucose pH 7.4,4,11.0,1.109,T4,4-4C,13.0,2.7468337746506983
1612,44,2,B,2B,dppB,M9 20 mM glucose pH 7.4,4,11.0,0.152,T4,4-2B,20.0,0.6609702711077845
1613,41,13,C,13C,gltP,M9 20 mM glucose pH 7.4,3,11.0,1.164,T4,3-13C,13.0,2.939246204560576
1614,41,13,B,13B,gltP,M9 20 mM glucose pH 7.4,3,11.0,1.176,T4,3-13B,13.0,2.9708442660134278
1615,41,13,A,13A,gltP,M9 20 mM glucose pH 7.4,3,11.0,1.103,T4,3-13A,13.0,2.701950961712938
1616,44,2,A,2A,dppB,M9 20 mM glucose pH 7.4,4,11.0,0.15,T4,4-2A,20.0,0.6649361131237526
1617,62,6,A,6A,yahN,M9 20 mM glucose pH 7.4,5,11.0,0.853,T4,5-6A,13.0,2.176210581037924
1618,47,5,A,5A,mtr,M9 20 mM glucose pH 7.4,4,11.0,1.11,T4,4-5A,13.0,2.7468123175648698
1619,47,5,B,5B,mtr,M9 20 mM glucose pH 7.4,4,11.0,1.114,T4,4-5B,13.0,2.722228984231537
1620,47,5,C,5C,mtr,M9 20 mM glucose pH 7.4,4,11.0,1.071,T4,4-5C,13.0,2.655581322704591
1621,60,4,A,4A,metI,M9 20 mM glucose pH 7.4,5,11.0,0.891,T4,5-4A,13.0,2.3375280461077845
1622,43,1,B,1B,livH,M9 20 mM glucose pH 7.4,5,11.0,0.415,T4,5-1B,15.0,1.1201002143712575
1623,29,1,C,1C,gadC,M9 20 mM glucose pH 7.4,3,11.0,0.922,T4,3-1C,14.0,2.2793785761809717
1624,49,7,C,7C,uhpT,M9 20 mM glucose pH 7.4,4,11.0,1.126,T4,4-7C,13.0,2.757768844510978
1625,49,7,A,7A,uhpT,M9 20 mM glucose pH 7.4,4,11.0,1.149,T4,4-7A,13.0,2.869234686526946
1626,40,12,B,12B,sdaC,M9 20 mM glucose pH 7.4,3,11.0,1.059,T4,3-12B,13.0,2.624739052198633
1627,30,2,A,2A,znuB,M9 20 mM glucose pH 7.4,3,11.0,0.746,T4,3-2A,14.0,1.8827632462348032
1628,30,2,B,2B,znuB,M9 20 mM glucose pH 7.4,3,11.0,0.743,T4,3-2B,14.0,1.8138840500816547
1629,57,1,B,1B,rhtC,M9 20 mM glucose pH 7.4,4,11.0,0.629,T4,4-1B,15.0,1.5806626095808383
1630,50,8,C,8C,cstA,M9 20 mM glucose pH 7.4,4,11.0,1.044,T4,4-8C,13.0,2.5824998393712573
1631,65,9,A,9A,hisQ,M9 20 mM glucose pH 7.4,5,11.0,0.758,T4,5-9A,13.0,1.8861475008982036
1632,50,8,A,8A,cstA,M9 20 mM glucose pH 7.4,4,11.0,1.027,T4,4-8A,13.0,2.5765452012475047
1633,65,9,B,9B,hisQ,M9 20 mM glucose pH 7.4,5,11.0,0.773,T4,5-9B,13.0,1.9238824310379243
1634,57,1,A,1A,rhtC,M9 20 mM glucose pH 7.4,4,11.0,0.614,T4,4-1A,15.0,1.5108967413173653
1635,30,2,C,2C,znuB,M9 20 mM glucose pH 7.4,3,11.0,0.764,T4,3-2C,14.0,1.9202070707070706
1636,48,6,A,6A,ugpA,M9 20 mM glucose pH 7.4,4,11.0,1.168,T4,4-6A,13.0,2.9212291806886226
1637,50,8,B,8B,cstA,M9 20 mM glucose pH 7.4,4,11.0,1.026,T4,4-8B,13.0,2.5329269945109782
1638,0,0,E,0E,WT,M9 20 mM glucose pH 7.4,4,11.0,1.1,T4,4-0E,12.0,2.8103358211077847
1639,43,1,C,1C,livH,M9 20 mM glucose pH 7.4,5,11.0,0.385,T4,5-1C,15.0,1.0671874829840318
1640,55,13,C,13C,tdcC,M9 20 mM glucose pH 7.4,4,11.0,1.276,T4,4-13C,13.0,3.4138705727045906
1641,0,0,C,0C,WT,M9 20 mM glucose pH 7.4,4,11.0,1.189,T4,4-0C,12.0,3.0430453977045913
1642,0,0,A,0A,WT,M9 20 mM glucose pH 7.4,4,11.0,1.161,T4,4-0A,12.0,2.954969014720559
1643,29,1,B,1B,gadC,M9 20 mM glucose pH 7.4,3,11.0,1.125,T4,3-1B,14.0,2.845806810621182
1644,55,13,B,13B,tdcC,M9 20 mM glucose pH 7.4,4,11.0,1.31,T4,4-13B,13.0,3.5918837095808382
1645,55,13,A,13A,tdcC,M9 20 mM glucose pH 7.4,4,11.0,1.327,T4,4-13A,13.0,3.678142994161677
1646,0,0,F,0F,WT,M9 20 mM glucose pH 7.4,4,11.0,1.186,T4,4-0F,12.0,3.0657938313872255
1647,29,1,A,1A,gadC,M9 20 mM glucose pH 7.4,3,11.0,0.999,T4,3-1A,14.0,2.479243467610234
1648,40,12,A,12A,sdaC,M9 20 mM glucose pH 7.4,3,11.0,1.075,T4,3-12A,13.0,2.6788017601161314
1649,48,6,B,6B,ugpA,M9 20 mM glucose pH 7.4,4,11.0,1.186,T4,4-6B,13.0,2.9161875576347307
1650,61,5,A,5A,tolC,M9 20 mM glucose pH 7.4,5,11.0,0.038,T4,5-5A,24.0,0.2822446643712575
1651,61,5,B,5B,tolC,M9 20 mM glucose pH 7.4,5,11.0,0.038,T4,5-5B,24.0,0.275261501247505
1652,48,6,C,6C,ugpA,M9 20 mM glucose pH 7.4,4,11.0,1.122,T4,4-6C,13.0,2.793373229441118
1653,0,0,F,0F,WT,M9 20 mM glucose pH 7.4,5,11.0,0.866,T4,5-0F,12.0,2.216538609231537
1654,60,4,B,4B,metI,M9 20 mM glucose pH 7.4,5,11.0,0.893,T4,5-4B,13.0,2.299434224301397
1655,57,1,C,1C,rhtC,M9 20 mM glucose pH 7.4,4,11.0,0.575,T4,4-1C,15.0,1.4594868243013972
1656,66,10,C,10C,ansP,M9 20 mM glucose pH 7.4,5,11.0,0.882,T4,5-10C,13.0,2.241456074301397
1657,31,3,A,3A,glnP,M9 20 mM glucose pH 7.4,3,11.0,0.861,T4,3-3A,13.0,2.2524172866388437
1658,54,12,C,12C,pheP,M9 20 mM glucose pH 7.4,4,11.0,1.133,T4,4-12C,12.0,2.864514826247505
1659,63,7,C,7C,kgtP,M9 20 mM glucose pH 7.4,5,11.0,0.815,T4,5-7C,12.0,2.132396131037924
1660,64,8,C,8C,manY,M9 20 mM glucose pH 7.4,5,11.0,0.763,T4,5-8C,13.0,1.877283229441118
1661,63,7,A,7A,kgtP,M9 20 mM glucose pH 7.4,5,11.0,0.846,T4,5-7A,12.0,2.2202242810379245
1662,51,9,A,9A,nupG,M9 20 mM glucose pH 7.4,4,11.0,1.079,T4,4-9A,12.0,2.66081163263473
1663,13,13,C,13C,mscS,M9 20 mM glucose pH 7.4,1,11.0,0.401,T4,1-13C,16.0,0.6675422429141716
1664,62,6,B,6B,yahN,M9 20 mM glucose pH 7.4,5,11.0,0.91,T4,5-6B,13.0,2.2997524877744513
1665,0,0,A,0A,WT,M9 20 mM glucose pH 7.4,5,11.0,1.039,T4,5-0A,12.0,2.742622544510978
1666,58,2,C,2C,rhtB,M9 20 mM glucose pH 7.4,5,11.0,0.814,T4,5-2C,12.0,2.1017117461077843
1667,54,12,B,12B,pheP,M9 20 mM glucose pH 7.4,4,11.0,1.159,T4,4-12B,12.0,2.934087190968064
1668,36,8,A,8A,proP,M9 20 mM glucose pH 7.4,3,11.0,1.141,T4,3-8A,13.0,2.8038716203955723
1669,36,8,C,8C,proP,M9 20 mM glucose pH 7.4,3,11.0,1.132,T4,3-8C,13.0,2.813854578721345
1670,64,8,A,8A,manY,M9 20 mM glucose pH 7.4,5,11.0,0.774,T4,5-8A,13.0,1.9120634826347307
1671,59,3,C,3C,eamA,M9 20 mM glucose pH 7.4,5,11.0,0.783,T4,5-3C,13.0,2.0630142243013974
1672,64,8,B,8B,manY,M9 20 mM glucose pH 7.4,5,11.0,0.814,T4,5-8B,13.0,1.9649400095808383
1673,56,14,C,14C,dcuA,M9 20 mM glucose pH 7.4,4,11.0,1.029,T4,4-14C,12.0,2.6529107512475054
1674,56,14,B,14B,dcuA,M9 20 mM glucose pH 7.4,4,11.0,1.048,T4,4-14B,12.0,2.627362666317365
1675,35,7,C,7C,glpF,M9 20 mM glucose pH 7.4,3,11.0,0.975,T4,3-7C,12.0,2.4361302546422303
1676,35,7,B,7B,glpF,M9 20 mM glucose pH 7.4,3,11.0,1.1,T4,3-7B,12.0,2.7570475564023464
1677,35,7,A,7A,glpF,M9 20 mM glucose pH 7.4,3,11.0,1.083,T4,3-7A,12.0,2.700422760539527
1678,56,14,A,14A,dcuA,M9 20 mM glucose pH 7.4,4,11.0,1.02,T4,4-14A,12.0,2.5356067980538923
1679,54,12,A,12A,pheP,M9 20 mM glucose pH 7.4,4,11.0,1.098,T4,4-12A,12.0,2.700080441317365
1680,67,11,B,11B,glpT,M9 20 mM glucose pH 7.4,5,11.0,0.666,T4,5-11B,13.0,1.6948757643712573
1681,36,8,B,8B,proP,M9 20 mM glucose pH 7.4,3,11.0,1.123,T4,3-8B,13.0,2.7985382870622386
1682,31,3,B,3B,glnP,M9 20 mM glucose pH 7.4,3,11.0,0.898,T4,3-3B,13.0,2.353513669630436
1683,31,3,C,3C,glnP,M9 20 mM glucose pH 7.4,3,11.0,0.919,T4,3-3C,13.0,2.488829114498276
1684,62,6,C,6C,yahN,M9 20 mM glucose pH 7.4,5,11.0,0.86,T4,5-6C,13.0,2.2245426274950098
1685,67,11,A,11A,glpT,M9 20 mM glucose pH 7.4,5,11.0,0.679,T4,5-11A,13.0,1.7124532294411177
1686,0,0,B,0B,WT,M9 20 mM glucose pH 7.4,5,11.0,0.95,T4,5-0B,12.0,2.460545079441118
1687,52,10,B,10B,emrB,M9 20 mM glucose pH 7.4,4,11.0,1.079,T4,4-10B,12.0,2.6561214624251495
1688,52,10,A,10A,emrB,M9 20 mM glucose pH 7.4,4,11.0,1.088,T4,4-10A,12.0,2.696034712774451
1689,53,11,A,11A,galP,M9 20 mM glucose pH 7.4,4,11.0,1.162,T4,4-11A,12.0,2.9084781028443114
1690,0,0,E,0E,WT,M9 20 mM glucose pH 7.4,5,11.0,0.932,T4,5-0E,12.0,2.3600294076347303
1691,53,11,B,11B,galP,M9 20 mM glucose pH 7.4,4,11.0,1.188,T4,4-11B,12.0,3.0234030024950105
1692,58,2,A,2A,rhtB,M9 20 mM glucose pH 7.4,5,11.0,0.904,T4,5-2A,12.0,2.2913916326347303
1693,42,14,C,14C,mscL,M9 20 mM glucose pH 7.4,3,11.0,0.87,T4,3-14C,14.0,2.256976002540374
1694,42,14,B,14B,mscL,M9 20 mM glucose pH 7.4,3,11.0,0.893,T4,3-14B,14.0,2.2578648914292625
1695,42,14,A,14A,mscL,M9 20 mM glucose pH 7.4,3,11.0,0.888,T4,3-14A,14.0,2.3492565172684934
1696,66,10,A,10A,ansP,M9 20 mM glucose pH 7.4,5,11.0,0.829,T4,5-10A,13.0,2.128834730688623
1697,38,10,B,10B,nupC,M9 20 mM glucose pH 7.4,3,11.0,1.071,T4,3-10B,13.0,2.646137195306357
1698,34,6,C,6C,rbsC,M9 20 mM glucose pH 7.4,3,11.0,0.838,T4,3-6C,13.0,2.1035572340168147
1699,52,10,C,10C,emrB,M9 20 mM glucose pH 7.4,4,11.0,1.057,T4,4-10C,12.0,2.637390384580838
1700,34,6,A,6A,rbsC,M9 20 mM glucose pH 7.4,3,11.0,0.929,T4,3-6A,13.0,2.336326800943567
1701,51,9,B,9B,nupG,M9 20 mM glucose pH 7.4,4,11.0,1.1,T4,4-9B,12.0,2.7067131159680637
1702,66,10,B,10B,ansP,M9 20 mM glucose pH 7.4,5,11.0,0.838,T4,5-10B,13.0,2.1199509739520956
1703,51,9,C,9C,nupG,M9 20 mM glucose pH 7.4,4,11.0,1.067,T4,4-9C,12.0,2.65396379256487
1704,34,6,B,6B,rbsC,M9 20 mM glucose pH 7.4,3,11.0,0.946,T4,3-6B,13.0,2.374546286215448
1705,53,11,C,11C,galP,M9 20 mM glucose pH 7.4,4,11.0,1.173,T4,4-11C,12.0,2.988814965968064
1706,38,10,C,10C,nupC,M9 20 mM glucose pH 7.4,3,11.0,1.118,T4,3-10C,13.0,2.7959907306598923
1707,0,0,C,0C,WT,M9 20 mM glucose pH 7.4,5,11.0,0.995,T4,5-0C,12.0,2.6256626842315374
1708,58,2,B,2B,rhtB,M9 20 mM glucose pH 7.4,5,11.0,0.916,T4,5-2B,12.0,2.3471593508982034
1709,45,3,B,3B,dctA,M9 20 mM glucose pH 7.4,4,11.0,1.064,T4,4-3B,13.0,2.6137513227045908
1710,45,3,C,3C,dctA,M9 20 mM glucose pH 7.4,4,11.0,1.04,T4,4-3C,13.0,2.5915445993013972
1711,38,10,A,10A,nupC,M9 20 mM glucose pH 7.4,3,11.0,1.167,T4,3-10A,13.0,2.875062072824049
1712,0,0,D,0D,WT,M9 20 mM glucose pH 7.4,5,11.0,0.994,T4,5-0D,12.0,2.508696074301397
1713,23,9,C,9C,acrB,M9 20 mM glucose pH 7.4,2,12.0,1.354,T5,2-9C,12.0,4.422478739490716
1714,53,11,A,11A,galP,M9 20 mM glucose pH 7.4,4,12.0,1.4,T5,4-11A,12.0,4.189978102844312
1715,31,3,A,3A,glnP,M9 20 mM glucose pH 7.4,3,12.0,1.112,T5,3-3A,13.0,3.2335283977499545
1716,32,4,A,4A,focA,M9 20 mM glucose pH 7.4,3,12.0,1.204,T5,3-4A,14.0,3.433412871227242
1717,23,9,B,9B,acrB,M9 20 mM glucose pH 7.4,2,12.0,1.41,T5,2-9B,12.0,4.52995874916833
1718,15,1,C,1C,argO,M9 20 mM glucose pH 7.4,2,12.0,1.132,T5,2-1C,13.0,3.0424734772878486
1719,3,3,A,3A,ompC,M9 20 mM glucose pH 7.4,1,12.0,0.944,T5,1-3A,14.0,1.840213124301397
1720,3,3,B,3B,ompC,M9 20 mM glucose pH 7.4,1,12.0,0.931,T5,1-3B,14.0,1.7743507028443113
1721,23,9,A,9A,acrB,M9 20 mM glucose pH 7.4,2,12.0,1.379,T5,2-9A,12.0,4.432907397326559
1722,31,3,C,3C,glnP,M9 20 mM glucose pH 7.4,3,12.0,1.161,T5,3-3C,13.0,3.524301336720498
1723,31,3,B,3B,glnP,M9 20 mM glucose pH 7.4,3,12.0,1.149,T5,3-3B,13.0,3.3716803362971026
1724,32,4,B,4B,focA,M9 20 mM glucose pH 7.4,3,12.0,1.198,T5,3-4B,14.0,3.422403617008408
1725,3,3,C,3C,ompC,M9 20 mM glucose pH 7.4,1,12.0,0.903,T5,1-3C,14.0,1.769133809231537
1726,63,7,C,7C,kgtP,M9 20 mM glucose pH 7.4,5,12.0,1.058,T5,5-7C,12.0,3.065146131037924
1727,32,4,C,4C,focA,M9 20 mM glucose pH 7.4,3,12.0,1.219,T5,3-4C,14.0,3.588165608177584
1728,46,4,A,4A,gltS,M9 20 mM glucose pH 7.4,4,12.0,1.372,T5,4-4A,13.0,4.121558299301397
1729,63,7,B,7B,kgtP,M9 20 mM glucose pH 7.4,5,12.0,1.072,T5,5-7B,12.0,3.140862740968064
1730,46,4,B,4B,gltS,M9 20 mM glucose pH 7.4,4,12.0,1.384,T5,4-4B,13.0,4.1331207774950105
1731,46,4,C,4C,gltS,M9 20 mM glucose pH 7.4,4,12.0,1.356,T5,4-4C,13.0,3.9801671079840317
1732,37,9,C,9C,cycA,M9 20 mM glucose pH 7.4,3,12.0,1.065,T5,3-9C,14.0,2.7902112744208547
1733,37,9,B,9B,cycA,M9 20 mM glucose pH 7.4,3,12.0,1.104,T5,3-9B,14.0,2.872781346398113
1734,37,9,A,9A,cycA,M9 20 mM glucose pH 7.4,3,12.0,1.148,T5,3-9A,14.0,3.003918345127926
1735,62,6,B,6B,yahN,M9 20 mM glucose pH 7.4,5,12.0,1.166,T5,5-6B,13.0,3.3352524877744516
1736,62,6,C,6C,yahN,M9 20 mM glucose pH 7.4,5,12.0,1.115,T5,5-6C,13.0,3.207959294161676
1737,63,7,A,7A,kgtP,M9 20 mM glucose pH 7.4,5,12.0,1.08,T5,5-7A,12.0,3.1808076143712576
1738,54,12,C,12C,pheP,M9 20 mM glucose pH 7.4,4,12.0,1.357,T5,4-12C,12.0,4.110848159580838
1739,18,4,C,4C,actP,M9 20 mM glucose pH 7.4,2,12.0,1.155,T5,2-4C,13.0,3.2415446077541885
1740,0,0,C,0C,WT,M9 20 mM glucose pH 7.4,1,12.0,0.997,T5,1-0C,14.0,1.9844799611776447
1741,18,4,B,4B,actP,M9 20 mM glucose pH 7.4,2,12.0,1.214,T5,2-4B,13.0,3.4861252041371795
1742,2,2,C,2C,oppA,M9 20 mM glucose pH 7.4,1,12.0,0.926,T5,1-2C,14.0,1.8355758294411177
1743,2,2,B,2B,oppA,M9 20 mM glucose pH 7.4,1,12.0,0.99,T5,1-2B,14.0,1.9504799611776447
1744,2,2,A,2A,oppA,M9 20 mM glucose pH 7.4,1,12.0,0.946,T5,1-2A,14.0,1.856359219510978
1745,55,13,C,13C,tdcC,M9 20 mM glucose pH 7.4,4,12.0,1.413,T5,4-13C,13.0,4.765620572704591
1746,48,6,A,6A,ugpA,M9 20 mM glucose pH 7.4,4,12.0,1.403,T5,4-6A,13.0,4.210062514021956
1747,33,5,C,5C,artQ,M9 20 mM glucose pH 7.4,3,12.0,1.028,T5,3-5C,14.0,2.6199438093509952
1748,33,5,B,5B,artQ,M9 20 mM glucose pH 7.4,3,12.0,1.065,T5,3-5B,14.0,2.6924383354503116
1749,33,5,A,5A,artQ,M9 20 mM glucose pH 7.4,3,12.0,1.057,T5,3-5A,14.0,2.644438335450311
1750,0,0,A,0A,WT,M9 20 mM glucose pH 7.4,1,12.0,1.012,T5,1-0A,14.0,1.9873298477045909
1751,0,0,B,0B,WT,M9 20 mM glucose pH 7.4,1,12.0,0.972,T5,1-0B,14.0,1.942425715968064
1752,0,0,D,0D,WT,M9 20 mM glucose pH 7.4,1,12.0,0.943,T5,1-0D,14.0,1.872571331037924
1753,48,6,C,6C,ugpA,M9 20 mM glucose pH 7.4,4,12.0,1.397,T5,4-6C,13.0,4.051456562774451
1754,54,12,B,12B,pheP,M9 20 mM glucose pH 7.4,4,12.0,1.367,T5,4-12B,12.0,4.20000385763473
1755,54,12,A,12A,pheP,M9 20 mM glucose pH 7.4,4,12.0,1.355,T5,4-12A,12.0,3.925497107984032
1756,55,13,B,13B,tdcC,M9 20 mM glucose pH 7.4,4,12.0,1.422,T5,4-13B,13.0,4.965467042914172
1757,41,13,A,13A,gltP,M9 20 mM glucose pH 7.4,3,12.0,1.318,T5,3-13A,13.0,3.9164787394907155
1758,41,13,B,13B,gltP,M9 20 mM glucose pH 7.4,3,12.0,1.357,T5,3-13B,13.0,4.245594266013427
1759,41,13,C,13C,gltP,M9 20 mM glucose pH 7.4,3,12.0,1.342,T5,3-13C,13.0,4.199746204560576
1760,13,13,C,13C,mscS,M9 20 mM glucose pH 7.4,1,12.0,0.563,T5,1-13C,16.0,1.1534589095808383
1761,0,0,A,0A,WT,M9 20 mM glucose pH 7.4,2,12.0,1.385,T5,2-0A,13.0,4.1787664065807775
1762,10,10,A,10A,yeaS,M9 20 mM glucose pH 7.4,1,12.0,1.021,T5,1-10A,14.0,2.0890507595808385
1763,10,10,B,10B,yeaS,M9 20 mM glucose pH 7.4,1,12.0,1.055,T5,1-10B,14.0,2.1552299611776444
1764,13,13,B,13B,mscS,M9 20 mM glucose pH 7.4,1,12.0,0.568,T5,1-13B,16.0,1.1460881679141717
1765,48,6,B,6B,ugpA,M9 20 mM glucose pH 7.4,4,12.0,1.374,T5,4-6B,13.0,4.2040208909680645
1766,62,6,A,6A,yahN,M9 20 mM glucose pH 7.4,5,12.0,1.107,T5,5-6A,13.0,3.152460581037924
1767,4,4,C,4C,ompF,M9 20 mM glucose pH 7.4,1,12.0,0.864,T5,1-4C,14.0,1.6541716977045908
1768,53,11,C,11C,galP,M9 20 mM glucose pH 7.4,4,12.0,1.385,T5,4-11C,12.0,4.269981632634731
1769,0,0,A,0A,WT,M9 20 mM glucose pH 7.4,3,12.0,1.28,T5,3-0A,13.0,3.791326800943567
1770,35,7,A,7A,glpF,M9 20 mM glucose pH 7.4,3,12.0,1.359,T5,3-7A,12.0,3.9243672049839713
1771,15,1,B,1B,argO,M9 20 mM glucose pH 7.4,2,12.0,1.145,T5,2-1B,13.0,3.0344585374705133
1772,60,4,A,4A,metI,M9 20 mM glucose pH 7.4,5,12.0,1.143,T5,5-4A,13.0,3.349944712774451
1773,39,11,A,11A,fruA,M9 20 mM glucose pH 7.4,3,12.0,1.254,T5,3-11A,13.0,3.5700229238492707
1774,0,0,D,0D,WT,M9 20 mM glucose pH 7.4,3,12.0,1.283,T5,3-0D,13.0,3.963927599346761
1775,29,1,A,1A,gadC,M9 20 mM glucose pH 7.4,3,12.0,1.258,T5,3-1A,14.0,3.610660134276901
1776,52,10,C,10C,emrB,M9 20 mM glucose pH 7.4,4,12.0,1.35,T5,4-10C,12.0,3.836390384580838
1777,52,10,B,10B,emrB,M9 20 mM glucose pH 7.4,4,12.0,1.367,T5,4-10B,12.0,3.876038129091816
1778,0,0,E,0E,WT,M9 20 mM glucose pH 7.4,1,12.0,0.984,T5,1-0E,14.0,1.9754924961077842
1779,0,0,F,0F,WT,M9 20 mM glucose pH 7.4,1,12.0,0.897,T5,1-0F,14.0,1.796067312774451
1780,43,1,A,1A,livH,M9 20 mM glucose pH 7.4,5,12.0,0.586,T5,5-1A,15.0,1.6143042893712574
1781,65,9,C,9C,hisQ,M9 20 mM glucose pH 7.4,5,12.0,1.05,T5,5-9C,13.0,2.806453229441118
1782,25,11,B,11B,gltJ,M9 20 mM glucose pH 7.4,2,12.0,1.307,T5,2-11B,12.0,4.004964011371197
1783,65,9,A,9A,hisQ,M9 20 mM glucose pH 7.4,5,12.0,1.027,T5,5-9A,13.0,2.7733975008982035
1784,4,4,A,4A,ompF,M9 20 mM glucose pH 7.4,1,12.0,0.858,T5,1-4A,14.0,1.6258421861776449
1785,18,4,A,4A,actP,M9 20 mM glucose pH 7.4,2,12.0,1.228,T5,2-4A,13.0,3.629376882598439
1786,17,3,C,3C,adeP,M9 20 mM glucose pH 7.4,2,12.0,0.832,T5,2-3C,14.0,2.2886750740942357
1787,65,9,B,9B,hisQ,M9 20 mM glucose pH 7.4,5,12.0,1.056,T5,5-9B,13.0,2.8323824310379244
1788,17,3,B,3B,adeP,M9 20 mM glucose pH 7.4,2,12.0,0.868,T5,2-3B,14.0,2.287542914171657
1789,29,1,B,1B,gadC,M9 20 mM glucose pH 7.4,3,12.0,1.317,T5,3-1B,14.0,4.081473477287848
1790,17,3,A,3A,adeP,M9 20 mM glucose pH 7.4,2,12.0,0.896,T5,2-3A,14.0,2.307846791265953
1791,11,11,C,11C,punC,M9 20 mM glucose pH 7.4,1,12.0,0.553,T5,1-11C,15.0,1.1007922429141717
1792,11,11,B,11B,punC,M9 20 mM glucose pH 7.4,1,12.0,0.647,T5,1-11B,15.0,1.2182588528443112
1793,29,1,C,1C,gadC,M9 20 mM glucose pH 7.4,3,12.0,1.219,T5,3-1C,14.0,3.343823020625416
1794,11,11,A,11A,punC,M9 20 mM glucose pH 7.4,1,12.0,0.57,T5,1-11A,15.0,1.138671501247505
1795,42,14,C,14C,mscL,M9 20 mM glucose pH 7.4,3,12.0,1.134,T5,3-14C,14.0,3.2447260025403732
1796,15,1,A,1A,argO,M9 20 mM glucose pH 7.4,2,12.0,1.232,T5,2-1A,13.0,3.341271880481461
1797,0,0,F,0F,WT,M9 20 mM glucose pH 7.4,2,12.0,1.189,T5,2-0F,13.0,3.5914787394907153
1798,4,4,B,4B,ompF,M9 20 mM glucose pH 7.4,1,12.0,0.894,T5,1-4B,14.0,1.6832382813872258
1799,42,14,A,14A,mscL,M9 20 mM glucose pH 7.4,3,12.0,1.169,T5,3-14A,14.0,3.3608120728240487
1800,35,7,C,7C,glpF,M9 20 mM glucose pH 7.4,3,12.0,1.28,T5,3-7C,12.0,3.556852476864453
1801,10,10,C,10C,yeaS,M9 20 mM glucose pH 7.4,1,12.0,1.04,T5,1-10C,14.0,2.1559425528443112
1802,0,0,C,0C,WT,M9 20 mM glucose pH 7.4,2,12.0,1.378,T5,2-0C,13.0,4.204286820298796
1803,55,13,A,13A,tdcC,M9 20 mM glucose pH 7.4,4,12.0,1.438,T5,4-13A,13.0,5.06622632749501
1804,0,0,E,0E,WT,M9 20 mM glucose pH 7.4,2,12.0,1.232,T5,2-0E,13.0,3.755231476441057
1805,39,11,C,11C,fruA,M9 20 mM glucose pH 7.4,3,12.0,1.217,T5,3-11C,13.0,3.3721656081775837
1806,47,5,A,5A,mtr,M9 20 mM glucose pH 7.4,4,12.0,1.373,T5,4-5A,13.0,3.9880623175648697
1807,0,0,F,0F,WT,M9 20 mM glucose pH 7.4,3,12.0,1.264,T5,3-0F,13.0,3.831927599346761
1808,0,0,E,0E,WT,M9 20 mM glucose pH 7.4,3,12.0,1.267,T5,3-0E,13.0,3.8621748623964196
1809,0,0,D,0D,WT,M9 20 mM glucose pH 7.4,2,12.0,1.256,T5,2-0D,13.0,3.8230557672533716
1810,0,0,B,0B,WT,M9 20 mM glucose pH 7.4,3,12.0,1.277,T5,3-0B,13.0,3.793013669630436
1811,53,11,B,11B,galP,M9 20 mM glucose pH 7.4,4,12.0,1.395,T5,4-11B,12.0,4.318069669161678
1812,25,11,C,11C,gltJ,M9 20 mM glucose pH 7.4,2,12.0,1.234,T5,2-11C,12.0,3.6230795378939087
1813,42,14,B,14B,mscL,M9 20 mM glucose pH 7.4,3,12.0,1.17,T5,3-14B,14.0,3.278059335873707
1814,5,5,B,5B,yddG,M9 20 mM glucose pH 7.4,1,12.0,0.99,T5,1-5B,14.0,1.944913464720559
1815,5,5,A,5A,yddG,M9 20 mM glucose pH 7.4,1,12.0,0.959,T5,1-5A,14.0,1.8676007028443113
1816,47,5,B,5B,mtr,M9 20 mM glucose pH 7.4,4,12.0,1.376,T5,4-5B,13.0,3.967978984231537
1817,47,5,C,5C,mtr,M9 20 mM glucose pH 7.4,4,12.0,1.354,T5,4-5C,13.0,3.8657479893712576
1818,39,11,B,11B,fruA,M9 20 mM glucose pH 7.4,3,12.0,1.221,T5,3-11B,13.0,3.3028120728240493
1819,44,2,C,2C,dppB,M9 20 mM glucose pH 7.4,4,12.0,0.184,T5,4-2C,20.0,0.8283311262475049
1820,44,2,B,2B,dppB,M9 20 mM glucose pH 7.4,4,12.0,0.188,T5,4-2B,20.0,0.8293036044411178
1821,43,1,B,1B,livH,M9 20 mM glucose pH 7.4,5,12.0,0.579,T5,5-1B,15.0,1.612516881037924
1822,44,2,A,2A,dppB,M9 20 mM glucose pH 7.4,4,12.0,0.187,T5,4-2A,20.0,0.8319361131237526
1823,43,1,C,1C,livH,M9 20 mM glucose pH 7.4,5,12.0,0.542,T5,5-1C,15.0,1.5260208163173652
1824,0,0,C,0C,WT,M9 20 mM glucose pH 7.4,3,12.0,1.317,T5,3-0C,13.0,4.276065021472206
1825,35,7,B,7B,glpF,M9 20 mM glucose pH 7.4,3,12.0,1.368,T5,3-7B,12.0,3.9947975564023466
1826,5,5,C,5C,yddG,M9 20 mM glucose pH 7.4,1,12.0,1.005,T5,1-5C,14.0,2.011125772704591
1827,50,8,C,8C,cstA,M9 20 mM glucose pH 7.4,4,12.0,1.313,T5,4-8C,13.0,3.758666506037924
1828,13,13,A,13A,mscS,M9 20 mM glucose pH 7.4,1,12.0,0.591,T5,1-13A,16.0,1.2059799611776445
1829,30,2,B,2B,znuB,M9 20 mM glucose pH 7.4,3,12.0,1.046,T5,3-2B,14.0,2.6983284945260992
1830,16,2,C,2C,yhjE,M9 20 mM glucose pH 7.4,2,12.0,1.325,T5,2-2C,13.0,3.94522052863969
1831,64,8,B,8B,manY,M9 20 mM glucose pH 7.4,5,12.0,1.1,T5,5-8B,13.0,2.9174400095808384
1832,16,2,B,2B,yhjE,M9 20 mM glucose pH 7.4,2,12.0,1.389,T5,2-2B,13.0,4.029680336297103
1833,16,2,A,2A,yhjE,M9 20 mM glucose pH 7.4,2,12.0,1.34,T5,2-2A,13.0,3.8287260025403738
1834,27,13,A,13A,lysP,M9 20 mM glucose pH 7.4,2,12.0,1.158,T5,2-13A,13.0,3.8370593358737075
1835,49,7,C,7C,uhpT,M9 20 mM glucose pH 7.4,4,12.0,1.369,T5,4-7C,13.0,4.007268844510978
1836,66,10,A,10A,ansP,M9 20 mM glucose pH 7.4,5,12.0,1.094,T5,5-10A,13.0,3.0865013973552893
1837,27,13,B,13B,lysP,M9 20 mM glucose pH 7.4,2,12.0,1.167,T5,2-13B,13.0,3.8552112744208547
1838,56,14,C,14C,dcuA,M9 20 mM glucose pH 7.4,4,12.0,1.295,T5,4-14C,12.0,3.8119107512475052
1839,56,14,B,14B,dcuA,M9 20 mM glucose pH 7.4,4,12.0,1.302,T5,4-14B,12.0,3.8005293329840315
1840,67,11,C,11C,glpT,M9 20 mM glucose pH 7.4,5,12.0,0.879,T5,5-11C,13.0,2.4367458211077846
1841,0,0,C,0C,WT,M9 20 mM glucose pH 7.4,4,12.0,1.397,T5,4-0C,12.0,4.340462064371258
1842,67,11,B,11B,glpT,M9 20 mM glucose pH 7.4,5,12.0,0.881,T5,5-11B,13.0,2.4653757643712573
1843,27,13,C,13C,lysP,M9 20 mM glucose pH 7.4,2,12.0,1.245,T5,2-13C,13.0,3.877185810197786
1844,0,0,D,0D,WT,M9 20 mM glucose pH 7.4,4,12.0,1.522,T5,4-0D,12.0,4.618813399650699
1845,12,12,A,12A,rhtA,M9 20 mM glucose pH 7.4,1,12.0,0.879,T5,1-12A,14.0,1.673309276247505
1846,56,14,A,14A,dcuA,M9 20 mM glucose pH 7.4,4,12.0,1.272,T5,4-14A,12.0,3.680356798053892
1847,12,12,B,12B,rhtA,M9 20 mM glucose pH 7.4,1,12.0,0.966,T5,1-12B,14.0,1.8518381679141716
1848,50,8,B,8B,cstA,M9 20 mM glucose pH 7.4,4,12.0,1.296,T5,4-8B,13.0,3.690843661177645
1849,20,6,C,6C,aroP,M9 20 mM glucose pH 7.4,2,12.0,1.365,T5,2-6C,13.0,4.308832274844251
1850,0,0,D,0D,WT,M9 20 mM glucose pH 7.4,5,12.0,1.226,T5,5-0D,12.0,3.621112740968064
1851,21,7,C,7C,brnQ,M9 20 mM glucose pH 7.4,2,12.0,1.006,T5,2-7C,13.0,2.5412771426843284
1852,61,5,C,5C,tolC,M9 20 mM glucose pH 7.4,5,12.0,0.039,T5,5-5C,24.0,0.3088739227045908
1853,38,10,B,10B,nupC,M9 20 mM glucose pH 7.4,3,12.0,1.288,T5,3-10B,13.0,3.826887195306357
1854,9,9,A,9A,ygaZ,M9 20 mM glucose pH 7.4,1,12.0,0.845,T5,1-9A,14.0,1.4872422996506987
1855,58,2,B,2B,rhtB,M9 20 mM glucose pH 7.4,5,12.0,1.172,T5,5-2B,12.0,3.3883260175648697
1856,67,11,A,11A,glpT,M9 20 mM glucose pH 7.4,5,12.0,0.902,T5,5-11A,13.0,2.499786562774451
1857,8,8,A,8A,yedA,M9 20 mM glucose pH 7.4,1,12.0,0.991,T5,1-8A,14.0,1.8363381679141715
1858,58,2,A,2A,rhtB,M9 20 mM glucose pH 7.4,5,12.0,1.158,T5,5-2A,12.0,3.3201416326347304
1859,49,7,B,7B,uhpT,M9 20 mM glucose pH 7.4,4,12.0,1.386,T5,4-7B,13.0,4.067085821107785
1860,64,8,C,8C,manY,M9 20 mM glucose pH 7.4,5,12.0,1.039,T5,5-8C,13.0,2.7726998961077847
1861,22,8,A,8A,setA,M9 20 mM glucose pH 7.4,2,12.0,1.436,T5,2-8A,13.0,4.792158652392185
1862,14,14,B,14B,sstT,M9 20 mM glucose pH 7.4,1,12.0,0.924,T5,1-14B,14.0,1.7342172297904193
1863,22,8,B,8B,setA,M9 20 mM glucose pH 7.4,2,12.0,1.378,T5,2-8B,13.0,4.321861731083287
1864,51,9,A,9A,nupG,M9 20 mM glucose pH 7.4,4,12.0,1.363,T5,4-9A,12.0,3.8791449659680635
1865,58,2,C,2C,rhtB,M9 20 mM glucose pH 7.4,5,12.0,1.069,T5,5-2C,12.0,3.0382950794411174
1866,22,8,C,8C,setA,M9 20 mM glucose pH 7.4,2,12.0,1.353,T5,2-8C,13.0,4.295357950765137
1867,36,8,A,8A,proP,M9 20 mM glucose pH 7.4,3,12.0,1.374,T5,3-8A,13.0,4.06414939817335
1868,36,8,B,8B,proP,M9 20 mM glucose pH 7.4,3,12.0,1.33,T5,3-8B,13.0,4.02914939817335
1869,14,14,C,14C,sstT,M9 20 mM glucose pH 7.4,1,12.0,0.905,T5,1-14C,14.0,1.723729764720559
1870,36,8,C,8C,proP,M9 20 mM glucose pH 7.4,3,12.0,1.333,T5,3-8C,13.0,4.049993467610234
1871,20,6,A,6A,aroP,M9 20 mM glucose pH 7.4,2,12.0,1.384,T5,2-6A,13.0,4.3703874070041735
1872,64,8,A,8A,manY,M9 20 mM glucose pH 7.4,5,12.0,1.049,T5,5-8A,13.0,2.8183134826347307
1873,60,4,C,4C,metI,M9 20 mM glucose pH 7.4,5,12.0,1.06,T5,5-4C,13.0,3.041133115968064
1874,60,4,B,4B,metI,M9 20 mM glucose pH 7.4,5,12.0,1.139,T5,5-4B,13.0,3.312684224301397
1875,25,11,A,11A,gltJ,M9 20 mM glucose pH 7.4,2,12.0,1.305,T5,2-11A,12.0,4.025508195729752
1876,20,6,B,6B,aroP,M9 20 mM glucose pH 7.4,2,12.0,1.411,T5,2-6B,13.0,4.449110687715478
1877,14,14,A,14A,sstT,M9 20 mM glucose pH 7.4,1,12.0,0.909,T5,1-14A,14.0,1.7448755762475052
1878,49,7,A,7A,uhpT,M9 20 mM glucose pH 7.4,4,12.0,1.395,T5,4-7A,13.0,4.14206801986028
1879,0,0,E,0E,WT,M9 20 mM glucose pH 7.4,4,12.0,1.398,T5,4-0E,12.0,4.054085821107785
1880,0,0,F,0F,WT,M9 20 mM glucose pH 7.4,4,12.0,1.48,T5,4-0F,12.0,4.3927104980538925
1881,0,0,A,0A,WT,M9 20 mM glucose pH 7.4,4,12.0,1.393,T5,4-0A,12.0,4.234135681387226
1882,0,0,B,0B,WT,M9 20 mM glucose pH 7.4,4,12.0,1.385,T5,4-0B,12.0,4.105068102844311
1883,38,10,C,10C,nupC,M9 20 mM glucose pH 7.4,3,12.0,1.307,T5,3-10C,13.0,4.010907397326559
1884,9,9,B,9B,ygaZ,M9 20 mM glucose pH 7.4,1,12.0,0.846,T5,1-9B,14.0,1.5107548345808381
1885,8,8,B,8B,yedA,M9 20 mM glucose pH 7.4,1,12.0,1.005,T5,1-8B,14.0,1.872584346107784
1886,0,0,B,0B,WT,M9 20 mM glucose pH 7.4,2,12.0,1.395,T5,2-0B,13.0,4.291145406157382
1887,7,7,A,7A,satP,M9 20 mM glucose pH 7.4,1,12.0,1.091,T5,1-7A,14.0,2.0992384778443114
1888,57,1,A,1A,rhtC,M9 20 mM glucose pH 7.4,4,12.0,0.879,T5,4-1A,15.0,2.2497300746506985
1889,45,3,C,3C,dctA,M9 20 mM glucose pH 7.4,4,12.0,1.317,T5,4-3C,13.0,3.7678779326347307
1890,45,3,B,3B,dctA,M9 20 mM glucose pH 7.4,4,12.0,1.339,T5,4-3B,13.0,3.813917989371258
1891,45,3,A,3A,dctA,M9 20 mM glucose pH 7.4,4,12.0,1.35,T5,4-3A,13.0,3.8503423743013974
1892,51,9,B,9B,nupG,M9 20 mM glucose pH 7.4,4,12.0,1.371,T5,4-9B,12.0,3.9408797826347306
1893,28,14,C,14C,putP,M9 20 mM glucose pH 7.4,2,12.0,1.23,T5,2-14C,12.0,3.732200750015121
1894,28,14,B,14B,putP,M9 20 mM glucose pH 7.4,2,12.0,1.198,T5,2-14B,12.0,3.626458537470513
1895,28,14,A,14A,putP,M9 20 mM glucose pH 7.4,2,12.0,1.206,T5,2-14A,12.0,3.629372467186838
1896,57,1,B,1B,rhtC,M9 20 mM glucose pH 7.4,4,12.0,0.898,T5,4-1B,15.0,2.3364126095808384
1897,8,8,C,8C,yedA,M9 20 mM glucose pH 7.4,1,12.0,1.076,T5,1-8C,14.0,2.159942749301397
1898,6,6,C,6C,ybjE,M9 20 mM glucose pH 7.4,1,12.0,0.885,T5,1-6C,14.0,1.7188966278443114
1899,52,10,A,10A,emrB,M9 20 mM glucose pH 7.4,4,12.0,1.372,T5,4-10A,12.0,3.922951379441118
1900,34,6,A,6A,rbsC,M9 20 mM glucose pH 7.4,3,12.0,1.221,T5,3-6A,13.0,3.408326800943567
1901,30,2,A,2A,znuB,M9 20 mM glucose pH 7.4,3,12.0,1.044,T5,3-2A,14.0,2.7672354684570255
1902,34,6,B,6B,rbsC,M9 20 mM glucose pH 7.4,3,12.0,1.236,T5,3-6B,13.0,3.4625740639932254
1903,34,6,C,6C,rbsC,M9 20 mM glucose pH 7.4,3,12.0,1.134,T5,3-6C,13.0,3.082251678461259
1904,51,9,C,9C,nupG,M9 20 mM glucose pH 7.4,4,12.0,1.356,T5,4-9C,12.0,3.8616304592315362
1905,24,10,A,10A,nagE,M9 20 mM glucose pH 7.4,2,12.0,1.143,T5,2-10A,13.0,3.0528173350269157
1906,24,10,B,10B,nagE,M9 20 mM glucose pH 7.4,2,12.0,1.218,T5,2-10B,13.0,3.3424383354503115
1907,24,10,C,10C,nagE,M9 20 mM glucose pH 7.4,2,12.0,1.17,T5,2-10C,13.0,3.1997716687836446
1908,21,7,A,7A,brnQ,M9 20 mM glucose pH 7.4,2,12.0,1.391,T5,2-7A,13.0,4.216598681425029
1909,21,7,B,7B,brnQ,M9 20 mM glucose pH 7.4,2,12.0,1.046,T5,2-7B,13.0,2.6095042037137848
1910,59,3,C,3C,eamA,M9 20 mM glucose pH 7.4,5,12.0,1.01,T5,5-3C,13.0,2.955347557634731
1911,59,3,A,3A,eamA,M9 20 mM glucose pH 7.4,5,12.0,0.998,T5,5-3A,13.0,2.879579154441118
1912,6,6,B,6B,ybjE,M9 20 mM glucose pH 7.4,1,12.0,0.953,T5,1-6B,14.0,1.8280635781936128
1913,6,6,A,6A,ybjE,M9 20 mM glucose pH 7.4,1,12.0,0.889,T5,1-6A,14.0,1.6803755762475052
1914,57,1,C,1C,rhtC,M9 20 mM glucose pH 7.4,4,12.0,0.827,T5,4-1C,15.0,2.152486824301397
1915,30,2,C,2C,znuB,M9 20 mM glucose pH 7.4,3,12.0,1.055,T5,3-2C,14.0,2.8195959595959597
1916,66,10,C,10C,ansP,M9 20 mM glucose pH 7.4,5,12.0,1.163,T5,5-10C,13.0,3.26028940763473
1917,66,10,B,10B,ansP,M9 20 mM glucose pH 7.4,5,12.0,1.109,T5,5-10B,13.0,3.0894509739520957
1918,1,1,B,1B,tsx,M9 20 mM glucose pH 7.4,1,12.0,0.932,T5,1-1B,14.0,1.802509332984032
1919,1,1,A,1A,tsx,M9 20 mM glucose pH 7.4,1,12.0,0.951,T5,1-1A,14.0,1.8350509560379242
1920,19,5,C,5C,codB,M9 20 mM glucose pH 7.4,2,12.0,1.326,T5,2-5C,13.0,3.9940690134881747
1921,26,12,C,12C,ptsG,M9 20 mM glucose pH 7.4,2,12.0,0.135,T5,2-12C,20.0,0.6288779410875219
1922,19,5,B,5B,codB,M9 20 mM glucose pH 7.4,2,12.0,1.36,T5,2-5B,13.0,4.11644801306478
1923,26,12,B,12B,ptsG,M9 20 mM glucose pH 7.4,2,12.0,0.14,T5,2-12B,20.0,0.6352973447045303
1924,26,12,A,12A,ptsG,M9 20 mM glucose pH 7.4,2,12.0,0.139,T5,2-12A,20.0,0.6310391338535051
1925,19,5,A,5A,codB,M9 20 mM glucose pH 7.4,2,12.0,1.358,T5,2-5A,13.0,4.04039266920704
1926,61,5,B,5B,tolC,M9 20 mM glucose pH 7.4,5,12.0,0.042,T5,5-5B,24.0,0.31492816791417166
1927,61,5,A,5A,tolC,M9 20 mM glucose pH 7.4,5,12.0,0.043,T5,5-5A,24.0,0.3224946643712575
1928,7,7,B,7B,satP,M9 20 mM glucose pH 7.4,1,12.0,1.071,T5,1-7B,14.0,2.053563294510978
1929,0,0,B,0B,WT,M9 20 mM glucose pH 7.4,5,12.0,1.178,T5,5-0B,12.0,3.5237117461077845
1930,1,1,C,1C,tsx,M9 20 mM glucose pH 7.4,1,12.0,0.866,T5,1-1C,14.0,1.679417482984032
1931,59,3,B,3B,eamA,M9 20 mM glucose pH 7.4,5,12.0,1.019,T5,5-3B,13.0,3.001029407634731
1932,7,7,C,7C,satP,M9 20 mM glucose pH 7.4,1,12.0,1.014,T5,1-7C,14.0,1.967609219510978
1933,38,10,A,10A,nupC,M9 20 mM glucose pH 7.4,3,12.0,1.349,T5,3-10A,13.0,4.136478739490715
1934,40,12,A,12A,sdaC,M9 20 mM glucose pH 7.4,3,12.0,1.291,T5,3-12A,13.0,3.862746204560575
1935,9,9,C,9C,ygaZ,M9 20 mM glucose pH 7.4,1,12.0,0.853,T5,1-9C,14.0,1.5676674829840318
1936,0,0,A,0A,WT,M9 20 mM glucose pH 7.4,5,12.0,1.25,T5,5-0A,12.0,3.888372544510978
1937,40,12,B,12B,sdaC,M9 20 mM glucose pH 7.4,3,12.0,1.28,T5,3-12B,13.0,3.7965446077541882
1938,50,8,A,8A,cstA,M9 20 mM glucose pH 7.4,4,12.0,1.302,T5,4-8A,13.0,3.736878534580838
1939,12,12,C,12C,rhtA,M9 20 mM glucose pH 7.4,1,12.0,0.924,T5,1-12C,14.0,1.780921501247505
1940,0,0,E,0E,WT,M9 20 mM glucose pH 7.4,5,12.0,1.176,T5,5-0E,12.0,3.4138627409680637
1941,0,0,C,0C,WT,M9 20 mM glucose pH 7.4,5,12.0,1.215,T5,5-0C,12.0,3.7304126842315375
1942,0,0,F,0F,WT,M9 20 mM glucose pH 7.4,5,12.0,1.119,T5,5-0F,12.0,3.206455275898204
1943,40,12,C,12C,sdaC,M9 20 mM glucose pH 7.4,3,12.0,1.277,T5,3-12C,13.0,3.8373672049839715
1944,67,11,A,11A,glpT,M9 20 mM glucose pH 7.4,5,13.0,1.043,T6,5-11A,13.0,3.489119896107784
1945,67,11,B,11B,glpT,M9 20 mM glucose pH 7.4,5,13.0,1.031,T6,5-11B,13.0,3.4352090977045906
1946,12,12,B,12B,rhtA,M9 20 mM glucose pH 7.4,1,13.0,1.118,T6,1-12B,14.0,2.9048381679141717
1947,59,3,C,3C,eamA,M9 20 mM glucose pH 7.4,5,13.0,1.208,T6,5-3C,13.0,4.073347557634731
1948,59,3,A,3A,eamA,M9 20 mM glucose pH 7.4,5,13.0,1.195,T6,5-3A,13.0,3.9828291544411174
1949,65,9,B,9B,hisQ,M9 20 mM glucose pH 7.4,5,13.0,1.217,T6,5-9B,13.0,3.995215764371258
1950,63,7,B,7B,kgtP,M9 20 mM glucose pH 7.4,5,13.0,1.249,T6,5-7B,12.0,4.3126127409680635
1951,63,7,C,7C,kgtP,M9 20 mM glucose pH 7.4,5,13.0,1.263,T6,5-7C,12.0,4.235729464371257
1952,31,3,C,3C,glnP,M9 20 mM glucose pH 7.4,3,13.0,1.312,T6,3-3C,13.0,4.768384670053832
1953,31,3,B,3B,glnP,M9 20 mM glucose pH 7.4,3,13.0,1.305,T6,3-3B,13.0,4.6065970029637695
1954,22,8,C,8C,setA,M9 20 mM glucose pH 7.4,2,13.0,1.478,T6,2-8C,13.0,5.713607950765137
1955,65,9,A,9A,hisQ,M9 20 mM glucose pH 7.4,5,13.0,1.203,T6,5-9A,13.0,3.9091475008982033
1956,63,7,A,7A,kgtP,M9 20 mM glucose pH 7.4,5,13.0,1.245,T6,5-7A,12.0,4.357224281037924
1957,54,12,B,12B,pheP,M9 20 mM glucose pH 7.4,4,13.0,1.474,T6,4-12B,12.0,5.634420524301397
1958,32,4,A,4A,focA,M9 20 mM glucose pH 7.4,3,13.0,1.338,T6,3-4A,14.0,4.716579537893908
1959,32,4,B,4B,focA,M9 20 mM glucose pH 7.4,3,13.0,1.321,T6,3-4B,14.0,4.695570283675075
1960,32,4,C,4C,focA,M9 20 mM glucose pH 7.4,3,13.0,1.342,T6,3-4C,14.0,4.879998941510918
1961,29,1,C,1C,gadC,M9 20 mM glucose pH 7.4,3,13.0,1.363,T6,3-1C,14.0,4.647573020625416
1962,29,1,B,1B,gadC,M9 20 mM glucose pH 7.4,3,13.0,1.406,T6,3-1B,14.0,5.451556810621181
1963,29,1,A,1A,gadC,M9 20 mM glucose pH 7.4,3,13.0,1.38,T6,3-1A,14.0,4.941076800943567
1964,39,11,A,11A,fruA,M9 20 mM glucose pH 7.4,3,13.0,1.367,T6,3-11A,13.0,4.893522923849271
1965,39,11,B,11B,fruA,M9 20 mM glucose pH 7.4,3,13.0,1.36,T6,3-11B,13.0,4.606228739490716
1966,39,11,C,11C,fruA,M9 20 mM glucose pH 7.4,3,13.0,1.334,T6,3-11C,13.0,4.66208227484425
1967,43,1,A,1A,livH,M9 20 mM glucose pH 7.4,5,13.0,0.816,T6,5-1A,15.0,2.3108042893712573
1968,31,3,A,3A,glnP,M9 20 mM glucose pH 7.4,3,13.0,1.279,T6,3-3A,13.0,4.436028397749954
1969,62,6,C,6C,yahN,M9 20 mM glucose pH 7.4,5,13.0,1.332,T6,5-6C,13.0,4.441875960828343
1970,0,0,A,0A,WT,M9 20 mM glucose pH 7.4,3,13.0,1.386,T6,3-0A,13.0,5.134326800943567
1971,34,6,B,6B,rbsC,M9 20 mM glucose pH 7.4,3,13.0,1.343,T6,3-6B,13.0,4.767324063993225
1972,22,8,B,8B,setA,M9 20 mM glucose pH 7.4,2,13.0,1.508,T6,2-8B,13.0,5.7664450644166205
1973,0,0,B,0B,WT,M9 20 mM glucose pH 7.4,3,13.0,1.398,T6,3-0B,13.0,5.138680336297103
1974,0,0,C,0C,WT,M9 20 mM glucose pH 7.4,3,13.0,1.392,T6,3-0C,13.0,5.637815021472206
1975,0,0,D,0D,WT,M9 20 mM glucose pH 7.4,3,13.0,1.388,T6,3-0D,13.0,5.307594266013428
1976,0,0,E,0E,WT,M9 20 mM glucose pH 7.4,3,13.0,1.383,T6,3-0E,13.0,5.19442486239642
1977,0,0,F,0F,WT,M9 20 mM glucose pH 7.4,3,13.0,1.38,T6,3-0F,13.0,5.1620109326800945
1978,11,11,B,11B,punC,M9 20 mM glucose pH 7.4,1,13.0,0.856,T6,1-11B,15.0,1.9593421861776448
1979,42,14,C,14C,mscL,M9 20 mM glucose pH 7.4,3,13.0,1.247,T6,3-14C,14.0,4.447809335873707
1980,11,11,A,11A,punC,M9 20 mM glucose pH 7.4,1,13.0,0.764,T6,1-11A,15.0,1.7973381679141713
1981,38,10,B,10B,nupC,M9 20 mM glucose pH 7.4,3,13.0,1.411,T6,3-10B,13.0,5.18422052863969
1982,67,11,C,11C,glpT,M9 20 mM glucose pH 7.4,5,13.0,1.053,T6,5-11C,13.0,3.4174124877744507
1983,22,8,A,8A,setA,M9 20 mM glucose pH 7.4,2,13.0,1.545,T6,2-8A,13.0,6.283575319058852
1984,42,14,A,14A,mscL,M9 20 mM glucose pH 7.4,3,13.0,1.292,T6,3-14A,14.0,4.604478739490715
1985,34,6,C,6C,rbsC,M9 20 mM glucose pH 7.4,3,13.0,1.299,T6,3-6C,13.0,4.309668345127926
1986,28,14,A,14A,putP,M9 20 mM glucose pH 7.4,2,13.0,1.365,T6,2-14A,12.0,4.916872467186838
1987,28,14,B,14B,putP,M9 20 mM glucose pH 7.4,2,13.0,1.353,T6,2-14B,12.0,4.9044585374705125
1988,28,14,C,14C,putP,M9 20 mM glucose pH 7.4,2,13.0,1.377,T6,2-14C,12.0,5.0388674166817875
1989,9,9,C,9C,ygaZ,M9 20 mM glucose pH 7.4,1,13.0,1.081,T6,1-9C,14.0,2.535584149650698
1990,9,9,B,9B,ygaZ,M9 20 mM glucose pH 7.4,1,13.0,1.084,T6,1-9B,14.0,2.4790881679141714
1991,9,9,A,9A,ygaZ,M9 20 mM glucose pH 7.4,1,13.0,1.092,T6,1-9A,14.0,2.4569922996506985
1992,38,10,C,10C,nupC,M9 20 mM glucose pH 7.4,3,13.0,1.407,T6,3-10C,13.0,5.375324063993226
1993,12,12,C,12C,rhtA,M9 20 mM glucose pH 7.4,1,13.0,1.134,T6,1-12C,14.0,2.8094215012475052
1994,12,12,A,12A,rhtA,M9 20 mM glucose pH 7.4,1,13.0,1.115,T6,1-12A,14.0,2.666975942914172
1995,36,8,C,8C,proP,M9 20 mM glucose pH 7.4,3,13.0,1.446,T6,3-8C,13.0,5.446826800943567
1996,36,8,B,8B,proP,M9 20 mM glucose pH 7.4,3,13.0,1.437,T6,3-8B,13.0,5.420982731506683
1997,36,8,A,8A,proP,M9 20 mM glucose pH 7.4,3,13.0,1.486,T6,3-8A,13.0,5.504232731506683
1998,34,6,A,6A,rbsC,M9 20 mM glucose pH 7.4,3,13.0,1.345,T6,3-6A,13.0,4.705326800943567
1999,43,1,C,1C,livH,M9 20 mM glucose pH 7.4,5,13.0,0.766,T6,5-1C,15.0,2.1735208163173647
2000,4,4,B,4B,ompF,M9 20 mM glucose pH 7.4,1,13.0,1.169,T6,1-4B,14.0,2.7019882813872256
2001,0,0,A,0A,WT,M9 20 mM glucose pH 7.4,1,13.0,1.225,T6,1-0A,14.0,3.104163181037924
2002,30,2,A,2A,znuB,M9 20 mM glucose pH 7.4,3,13.0,1.263,T6,3-2A,14.0,3.9273188017903586
2003,8,8,A,8A,yedA,M9 20 mM glucose pH 7.4,1,13.0,1.275,T6,1-8A,14.0,2.957254834580838
2004,8,8,B,8B,yedA,M9 20 mM glucose pH 7.4,1,13.0,1.28,T6,1-8B,14.0,3.004834346107784
2005,40,12,B,12B,sdaC,M9 20 mM glucose pH 7.4,3,13.0,1.408,T6,3-12B,13.0,5.148294607754188
2006,30,2,B,2B,znuB,M9 20 mM glucose pH 7.4,3,13.0,1.264,T6,3-2B,14.0,3.8604118278594326
2007,26,12,C,12C,ptsG,M9 20 mM glucose pH 7.4,2,13.0,0.167,T6,2-12C,20.0,0.7789612744208553
2008,26,12,A,12A,ptsG,M9 20 mM glucose pH 7.4,2,13.0,0.174,T6,2-12A,20.0,0.786539133853505
2009,40,12,A,12A,sdaC,M9 20 mM glucose pH 7.4,3,13.0,1.412,T6,3-12A,13.0,5.222162871227241
2010,40,12,C,12C,sdaC,M9 20 mM glucose pH 7.4,3,13.0,1.401,T6,3-12C,13.0,5.183700538317305
2011,60,4,A,4A,metI,M9 20 mM glucose pH 7.4,5,13.0,1.299,T6,5-4A,13.0,4.5915280461077845
2012,14,14,C,14C,sstT,M9 20 mM glucose pH 7.4,1,13.0,1.124,T6,1-14C,14.0,2.734979764720559
2013,26,12,B,12B,ptsG,M9 20 mM glucose pH 7.4,2,13.0,0.175,T6,2-12B,20.0,0.791964011371197
2014,7,7,C,7C,satP,M9 20 mM glucose pH 7.4,1,13.0,1.271,T6,1-7C,14.0,3.0986092195109776
2015,24,10,B,10B,nagE,M9 20 mM glucose pH 7.4,2,13.0,1.422,T6,2-10B,13.0,4.664771668783645
2016,42,14,B,14B,mscL,M9 20 mM glucose pH 7.4,3,13.0,1.247,T6,3-14B,14.0,4.503226002540374
2017,24,10,C,10C,nagE,M9 20 mM glucose pH 7.4,2,13.0,1.391,T6,2-10C,13.0,4.480855002116978
2018,25,11,C,11C,gltJ,M9 20 mM glucose pH 7.4,2,13.0,1.414,T6,2-11C,12.0,4.949079537893908
2019,61,5,C,5C,tolC,M9 20 mM glucose pH 7.4,5,13.0,0.043,T6,5-5C,24.0,0.34970725603792413
2020,61,5,B,5B,tolC,M9 20 mM glucose pH 7.4,5,13.0,0.048,T6,5-5B,24.0,0.35992816791417165
2021,61,5,A,5A,tolC,M9 20 mM glucose pH 7.4,5,13.0,0.047,T6,5-5A,24.0,0.36791133103792417
2022,24,10,A,10A,nagE,M9 20 mM glucose pH 7.4,2,13.0,1.38,T6,2-10A,13.0,4.314067335026916
2023,66,10,B,10B,ansP,M9 20 mM glucose pH 7.4,5,13.0,1.247,T6,5-10B,13.0,4.293617640618763
2024,7,7,B,7B,satP,M9 20 mM glucose pH 7.4,1,13.0,1.319,T6,1-7B,14.0,3.239146627844311
2025,66,10,C,10C,ansP,M9 20 mM glucose pH 7.4,5,13.0,1.311,T6,5-10C,13.0,4.523122740968063
2026,54,12,A,12A,pheP,M9 20 mM glucose pH 7.4,4,13.0,1.461,T6,4-12A,12.0,5.359747107984031
2027,14,14,A,14A,sstT,M9 20 mM glucose pH 7.4,1,13.0,1.139,T6,1-14A,14.0,2.7650422429141717
2028,66,10,A,10A,ansP,M9 20 mM glucose pH 7.4,5,13.0,1.239,T6,5-10A,13.0,4.2768347306886225
2029,27,13,B,13B,lysP,M9 20 mM glucose pH 7.4,2,13.0,1.308,T6,2-13B,13.0,5.092461274420854
2030,27,13,A,13A,lysP,M9 20 mM glucose pH 7.4,2,13.0,1.332,T6,2-13A,13.0,5.071309335873707
2031,62,6,B,6B,yahN,M9 20 mM glucose pH 7.4,5,13.0,1.362,T6,5-6B,13.0,4.611752487774451
2032,2,2,A,2A,oppA,M9 20 mM glucose pH 7.4,1,13.0,1.215,T6,1-2A,14.0,2.922609219510978
2033,65,9,C,9C,hisQ,M9 20 mM glucose pH 7.4,5,13.0,1.221,T6,5-9C,13.0,3.966869896107785
2034,8,8,C,8C,yedA,M9 20 mM glucose pH 7.4,1,13.0,1.328,T6,1-8C,14.0,3.351609415968064
2035,41,13,C,13C,gltP,M9 20 mM glucose pH 7.4,3,13.0,1.446,T6,3-13C,13.0,5.599912871227243
2036,41,13,B,13B,gltP,M9 20 mM glucose pH 7.4,3,13.0,1.456,T6,3-13B,13.0,5.65892759934676
2037,41,13,A,13A,gltP,M9 20 mM glucose pH 7.4,3,13.0,1.445,T6,3-13A,13.0,5.305312072824049
2038,33,5,A,5A,artQ,M9 20 mM glucose pH 7.4,3,13.0,1.276,T6,3-5A,14.0,3.818688335450311
2039,33,5,B,5B,artQ,M9 20 mM glucose pH 7.4,3,13.0,1.271,T6,3-5B,14.0,3.868355002116978
2040,33,5,C,5C,artQ,M9 20 mM glucose pH 7.4,3,13.0,1.257,T6,3-5C,14.0,3.7680271426843284
2041,4,4,A,4A,ompF,M9 20 mM glucose pH 7.4,1,13.0,1.137,T6,1-4A,14.0,2.6093421861776447
2042,62,6,A,6A,yahN,M9 20 mM glucose pH 7.4,5,13.0,1.319,T6,5-6A,13.0,4.376210581037924
2043,43,1,B,1B,livH,M9 20 mM glucose pH 7.4,5,13.0,0.815,T6,5-1B,15.0,2.3021002143712574
2044,14,14,B,14B,sstT,M9 20 mM glucose pH 7.4,1,13.0,1.147,T6,1-14B,14.0,2.7688005631237527
2045,35,7,C,7C,glpF,M9 20 mM glucose pH 7.4,3,13.0,1.42,T6,3-7C,12.0,4.9206024768644525
2046,35,7,B,7B,glpF,M9 20 mM glucose pH 7.4,3,13.0,1.501,T6,3-7B,12.0,5.440547556402347
2047,35,7,A,7A,glpF,M9 20 mM glucose pH 7.4,3,13.0,1.491,T6,3-7A,12.0,5.361367204983972
2048,37,9,A,9A,cycA,M9 20 mM glucose pH 7.4,3,13.0,1.322,T6,3-9A,14.0,4.250335011794593
2049,37,9,B,9B,cycA,M9 20 mM glucose pH 7.4,3,13.0,1.275,T6,3-9B,14.0,4.07319801306478
2050,37,9,C,9C,cycA,M9 20 mM glucose pH 7.4,3,13.0,1.272,T6,3-9C,14.0,3.9661279410875214
2051,2,2,C,2C,oppA,M9 20 mM glucose pH 7.4,1,13.0,1.179,T6,1-2C,14.0,2.876575829441118
2052,2,2,B,2B,oppA,M9 20 mM glucose pH 7.4,1,13.0,1.25,T6,1-2B,14.0,3.0572299611776446
2053,4,4,C,4C,ompF,M9 20 mM glucose pH 7.4,1,13.0,1.127,T6,1-4C,14.0,2.639755031037924
2054,59,3,B,3B,eamA,M9 20 mM glucose pH 7.4,5,13.0,1.215,T6,5-3B,13.0,4.125946074301397
2055,0,0,C,0C,WT,M9 20 mM glucose pH 7.4,2,13.0,1.504,T6,2-0C,13.0,5.650453486965462
2056,27,13,C,13C,lysP,M9 20 mM glucose pH 7.4,2,13.0,1.368,T6,2-13C,13.0,5.18851914353112
2057,54,12,C,12C,pheP,M9 20 mM glucose pH 7.4,4,13.0,1.464,T6,4-12C,12.0,5.539514826247505
2058,7,7,A,7A,satP,M9 20 mM glucose pH 7.4,1,13.0,1.342,T6,1-7A,14.0,3.303988477844311
2059,11,11,C,11C,punC,M9 20 mM glucose pH 7.4,1,13.0,0.725,T6,1-11C,15.0,1.7339589095808383
2060,45,3,B,3B,dctA,M9 20 mM glucose pH 7.4,4,13.0,1.399,T6,4-3B,13.0,5.220084656037924
2061,64,8,A,8A,manY,M9 20 mM glucose pH 7.4,5,13.0,1.197,T6,5-8A,13.0,3.967730149301397
2062,47,5,A,5A,mtr,M9 20 mM glucose pH 7.4,4,13.0,1.464,T6,4-5A,13.0,5.435478984231537
2063,47,5,B,5B,mtr,M9 20 mM glucose pH 7.4,4,13.0,1.462,T6,4-5B,13.0,5.41556231756487
2064,0,0,E,0E,WT,M9 20 mM glucose pH 7.4,4,13.0,1.54,T6,4-0E,12.0,5.5543358211077845
2065,47,5,C,5C,mtr,M9 20 mM glucose pH 7.4,4,13.0,1.452,T6,4-5C,13.0,5.3019146560379244
2066,15,1,A,1A,argO,M9 20 mM glucose pH 7.4,2,13.0,1.429,T6,2-1A,13.0,4.677605213814794
2067,23,9,A,9A,acrB,M9 20 mM glucose pH 7.4,2,13.0,1.519,T6,2-9A,12.0,5.883240730659892
2068,6,6,A,6A,ybjE,M9 20 mM glucose pH 7.4,1,13.0,1.171,T6,1-6A,14.0,2.6986255762475055
2069,52,10,C,10C,emrB,M9 20 mM glucose pH 7.4,4,13.0,1.464,T6,4-10C,12.0,5.277723717914172
2070,52,10,B,10B,emrB,M9 20 mM glucose pH 7.4,4,13.0,1.483,T6,4-10B,12.0,5.332788129091815
2071,52,10,A,10A,emrB,M9 20 mM glucose pH 7.4,4,13.0,1.487,T6,4-10A,12.0,5.383701379441118
2072,55,13,B,13B,tdcC,M9 20 mM glucose pH 7.4,4,13.0,1.504,T6,4-13B,13.0,6.425883709580837
2073,6,6,B,6B,ybjE,M9 20 mM glucose pH 7.4,1,13.0,1.222,T6,1-6B,14.0,2.9029802448602795
2074,20,6,C,6C,aroP,M9 20 mM glucose pH 7.4,2,13.0,1.476,T6,2-6C,13.0,5.733498941510918
2075,20,6,B,6B,aroP,M9 20 mM glucose pH 7.4,2,13.0,1.494,T6,2-6B,13.0,5.907527354382144
2076,20,6,A,6A,aroP,M9 20 mM glucose pH 7.4,2,13.0,1.497,T6,2-6A,13.0,5.814054073670841
2077,58,2,B,2B,rhtB,M9 20 mM glucose pH 7.4,5,13.0,1.376,T6,5-2B,12.0,4.6738260175648705
2078,17,3,A,3A,adeP,M9 20 mM glucose pH 7.4,2,13.0,1.151,T6,2-3A,14.0,3.3288467912659527
2079,58,2,A,2A,rhtB,M9 20 mM glucose pH 7.4,5,13.0,1.371,T6,5-2A,12.0,4.593724965968064
2080,17,3,B,3B,adeP,M9 20 mM glucose pH 7.4,2,13.0,1.122,T6,2-3B,14.0,3.27937624750499
2081,17,3,C,3C,adeP,M9 20 mM glucose pH 7.4,2,13.0,1.104,T6,2-3C,14.0,3.2508417407609027
2082,58,2,C,2C,rhtB,M9 20 mM glucose pH 7.4,5,13.0,1.299,T6,5-2C,12.0,4.2313784127744505
2083,57,1,B,1B,rhtC,M9 20 mM glucose pH 7.4,4,13.0,1.128,T6,4-1B,15.0,3.363662609580838
2084,3,3,C,3C,ompC,M9 20 mM glucose pH 7.4,1,13.0,1.146,T6,1-3C,14.0,2.7823004758982037
2085,46,4,B,4B,gltS,M9 20 mM glucose pH 7.4,4,13.0,1.45,T6,4-4B,13.0,5.579454110828342
2086,44,2,C,2C,dppB,M9 20 mM glucose pH 7.4,4,13.0,0.206,T6,4-2C,20.0,1.0266644595808383
2087,6,6,C,6C,ybjE,M9 20 mM glucose pH 7.4,1,13.0,1.155,T6,1-6C,14.0,2.724813294510978
2088,64,8,B,8B,manY,M9 20 mM glucose pH 7.4,5,13.0,1.251,T6,5-8B,13.0,4.119940009580838
2089,10,10,A,10A,yeaS,M9 20 mM glucose pH 7.4,1,13.0,1.213,T6,1-10A,14.0,3.203217426247505
2090,3,3,B,3B,ompC,M9 20 mM glucose pH 7.4,1,13.0,1.187,T6,1-3B,14.0,2.8198507028443114
2091,0,0,C,0C,WT,M9 20 mM glucose pH 7.4,4,13.0,1.488,T6,4-0C,12.0,5.798045397704591
2092,0,0,B,0B,WT,M9 20 mM glucose pH 7.4,5,13.0,1.328,T6,5-0B,12.0,4.790545079441118
2093,0,0,B,0B,WT,M9 20 mM glucose pH 7.4,4,13.0,1.482,T6,4-0B,12.0,5.562151436177644
2094,19,5,B,5B,codB,M9 20 mM glucose pH 7.4,2,13.0,1.49,T6,2-5B,13.0,5.548864679731446
2095,38,10,A,10A,nupC,M9 20 mM glucose pH 7.4,3,13.0,1.428,T6,3-10A,13.0,5.533562072824049
2096,0,0,A,0A,WT,M9 20 mM glucose pH 7.4,4,13.0,1.487,T6,4-0A,12.0,5.694969014720559
2097,0,0,E,0E,WT,M9 20 mM glucose pH 7.4,2,13.0,1.378,T6,2-0E,13.0,5.062981476441057
2098,0,0,D,0D,WT,M9 20 mM glucose pH 7.4,2,13.0,1.406,T6,2-0D,13.0,5.157139100586704
2099,55,13,C,13C,tdcC,M9 20 mM glucose pH 7.4,4,13.0,1.487,T6,4-13C,13.0,6.21887057270459
2100,0,0,F,0F,WT,M9 20 mM glucose pH 7.4,2,13.0,1.355,T6,2-0F,13.0,4.863895406157382
2101,19,5,C,5C,codB,M9 20 mM glucose pH 7.4,2,13.0,1.465,T6,2-5C,13.0,5.397819013488174
2102,0,0,A,0A,WT,M9 20 mM glucose pH 7.4,2,13.0,1.515,T6,2-0A,13.0,5.635683073247444
2103,0,0,D,0D,WT,M9 20 mM glucose pH 7.4,5,13.0,1.373,T6,5-0D,12.0,4.932362740968063
2104,10,10,B,10B,yeaS,M9 20 mM glucose pH 7.4,1,13.0,1.24,T6,1-10B,14.0,3.2980632945109782
2105,10,10,C,10C,yeaS,M9 20 mM glucose pH 7.4,1,13.0,1.213,T6,1-10C,14.0,3.2811092195109777
2106,0,0,B,0B,WT,M9 20 mM glucose pH 7.4,2,13.0,1.534,T6,2-0B,13.0,5.758978739490715
2107,55,13,A,13A,tdcC,M9 20 mM glucose pH 7.4,4,13.0,1.506,T6,4-13A,13.0,6.539809660828343
2108,0,0,F,0F,WT,M9 20 mM glucose pH 7.4,4,13.0,1.602,T6,4-0F,12.0,5.968460498053892
2109,0,0,C,0C,WT,M9 20 mM glucose pH 7.4,5,13.0,1.375,T6,5-0C,12.0,5.0356626842315375
2110,0,0,D,0D,WT,M9 20 mM glucose pH 7.4,4,13.0,1.628,T6,4-0D,12.0,6.225980066317366
2111,0,0,E,0E,WT,M9 20 mM glucose pH 7.4,5,13.0,1.278,T6,5-0E,12.0,4.664696074301396
2112,46,4,C,4C,gltS,M9 20 mM glucose pH 7.4,4,13.0,1.451,T6,4-4C,13.0,5.408167107984031
2113,0,0,F,0F,WT,M9 20 mM glucose pH 7.4,5,13.0,1.27,T6,5-0F,12.0,4.420538609231537
2114,64,8,C,8C,manY,M9 20 mM glucose pH 7.4,5,13.0,1.208,T6,5-8C,13.0,3.919616562774451
2115,57,1,A,1A,rhtC,M9 20 mM glucose pH 7.4,4,13.0,1.12,T6,4-1A,15.0,3.2608967413173655
2116,44,2,B,2B,dppB,M9 20 mM glucose pH 7.4,4,13.0,0.214,T6,4-2B,20.0,1.0336369377744512
2117,0,0,A,0A,WT,M9 20 mM glucose pH 7.4,5,13.0,1.372,T6,5-0A,12.0,5.212955877844311
2118,56,14,A,14A,dcuA,M9 20 mM glucose pH 7.4,4,13.0,1.405,T6,4-14A,12.0,5.039940131387226
2119,21,7,B,7B,brnQ,M9 20 mM glucose pH 7.4,2,13.0,1.339,T6,2-7B,13.0,3.800004203713785
2120,21,7,A,7A,brnQ,M9 20 mM glucose pH 7.4,2,13.0,1.52,T6,2-7A,13.0,5.678182014758362
2121,18,4,A,4A,actP,M9 20 mM glucose pH 7.4,2,13.0,1.432,T6,2-4A,13.0,4.964793549265106
2122,18,4,B,4B,actP,M9 20 mM glucose pH 7.4,2,13.0,1.379,T6,2-4B,13.0,4.789708537470513
2123,18,4,C,4C,actP,M9 20 mM glucose pH 7.4,2,13.0,1.388,T6,2-4C,13.0,4.5147946077541885
2124,5,5,B,5B,yddG,M9 20 mM glucose pH 7.4,1,13.0,1.234,T6,1-5B,14.0,3.0445801313872254
2125,5,5,A,5A,yddG,M9 20 mM glucose pH 7.4,1,13.0,1.202,T6,1-5A,14.0,2.9371840361776447
2126,51,9,C,9C,nupG,M9 20 mM glucose pH 7.4,4,13.0,1.465,T6,4-9C,12.0,5.30596379256487
2127,51,9,B,9B,nupG,M9 20 mM glucose pH 7.4,4,13.0,1.48,T6,4-9B,12.0,5.394713115968063
2128,51,9,A,9A,nupG,M9 20 mM glucose pH 7.4,4,13.0,1.483,T6,4-9A,12.0,5.332144965968063
2129,13,13,A,13A,mscS,M9 20 mM glucose pH 7.4,1,13.0,0.783,T6,1-13A,16.0,1.8880632945109779
2130,45,3,A,3A,dctA,M9 20 mM glucose pH 7.4,4,13.0,1.439,T6,4-3A,13.0,5.276259040968064
2131,48,6,B,6B,ugpA,M9 20 mM glucose pH 7.4,4,13.0,1.492,T6,4-6B,13.0,5.640854224301397
2132,46,4,A,4A,gltS,M9 20 mM glucose pH 7.4,4,13.0,1.466,T6,4-4A,13.0,5.563058299301397
2133,21,7,C,7C,brnQ,M9 20 mM glucose pH 7.4,2,13.0,1.304,T6,2-7C,13.0,3.6928604760176618
2134,13,13,C,13C,mscS,M9 20 mM glucose pH 7.4,1,13.0,0.737,T6,1-13C,16.0,1.7975422429141714
2135,30,2,C,2C,znuB,M9 20 mM glucose pH 7.4,3,13.0,1.271,T6,3-2C,14.0,3.9888459595959596
2136,25,11,B,11B,gltJ,M9 20 mM glucose pH 7.4,2,13.0,1.461,T6,2-11B,12.0,5.39179734470453
2137,16,2,A,2A,yhjE,M9 20 mM glucose pH 7.4,2,13.0,1.495,T6,2-2A,13.0,5.2561426692070405
2138,16,2,B,2B,yhjE,M9 20 mM glucose pH 7.4,2,13.0,1.554,T6,2-2B,13.0,5.508513669630436
2139,16,2,C,2C,yhjE,M9 20 mM glucose pH 7.4,2,13.0,1.457,T6,2-2C,13.0,5.343637195306357
2140,0,0,F,0F,WT,M9 20 mM glucose pH 7.4,1,13.0,1.108,T6,1-0F,14.0,2.7949839794411178
2141,25,11,A,11A,gltJ,M9 20 mM glucose pH 7.4,2,13.0,1.456,T6,2-11A,12.0,5.408508195729752
2142,0,0,E,0E,WT,M9 20 mM glucose pH 7.4,1,13.0,1.187,T6,1-0E,14.0,3.0603258294411173
2143,0,0,D,0D,WT,M9 20 mM glucose pH 7.4,1,13.0,1.16,T6,1-0D,14.0,2.920571331037924
2144,45,3,C,3C,dctA,M9 20 mM glucose pH 7.4,4,13.0,1.417,T6,4-3C,13.0,5.166544599301397
2145,1,1,C,1C,tsx,M9 20 mM glucose pH 7.4,1,13.0,1.126,T6,1-1C,14.0,2.6633341496506984
2146,0,0,C,0C,WT,M9 20 mM glucose pH 7.4,1,13.0,1.196,T6,1-0C,14.0,3.0804799611776446
2147,44,2,A,2A,dppB,M9 20 mM glucose pH 7.4,4,13.0,0.212,T6,4-2A,20.0,1.0349361131237527
2148,56,14,C,14C,dcuA,M9 20 mM glucose pH 7.4,4,13.0,1.443,T6,4-14C,12.0,5.203577417914172
2149,56,14,B,14B,dcuA,M9 20 mM glucose pH 7.4,4,13.0,1.402,T6,4-14B,12.0,5.180029332984032
2150,49,7,C,7C,uhpT,M9 20 mM glucose pH 7.4,4,13.0,1.462,T6,4-7C,13.0,5.445768844510978
2151,49,7,B,7B,uhpT,M9 20 mM glucose pH 7.4,4,13.0,1.484,T6,4-7B,13.0,5.525585821107784
2152,49,7,A,7A,uhpT,M9 20 mM glucose pH 7.4,4,13.0,1.497,T6,4-7A,13.0,5.611234686526946
2153,60,4,C,4C,metI,M9 20 mM glucose pH 7.4,5,13.0,1.25,T6,5-4C,13.0,4.2067997826347305
2154,60,4,B,4B,metI,M9 20 mM glucose pH 7.4,5,13.0,1.293,T6,5-4B,13.0,4.54676755763473
2155,15,1,B,1B,argO,M9 20 mM glucose pH 7.4,2,13.0,1.377,T6,2-1B,13.0,4.298541870803847
2156,19,5,A,5A,codB,M9 20 mM glucose pH 7.4,2,13.0,1.493,T6,2-5A,13.0,5.473976002540374
2157,48,6,C,6C,ugpA,M9 20 mM glucose pH 7.4,4,13.0,1.48,T6,4-6C,13.0,5.523373229441118
2158,48,6,A,6A,ugpA,M9 20 mM glucose pH 7.4,4,13.0,1.498,T6,4-6A,13.0,5.680562514021956
2159,15,1,C,1C,argO,M9 20 mM glucose pH 7.4,2,13.0,1.395,T6,2-1C,13.0,4.304890143954515
2160,23,9,C,9C,acrB,M9 20 mM glucose pH 7.4,2,13.0,1.485,T6,2-9C,12.0,5.842478739490716
2161,57,1,C,1C,rhtC,M9 20 mM glucose pH 7.4,4,13.0,1.048,T6,4-1C,15.0,3.103153490968064
2162,1,1,B,1B,tsx,M9 20 mM glucose pH 7.4,1,13.0,1.208,T6,1-1B,14.0,2.857759332984032
2163,23,9,B,9B,acrB,M9 20 mM glucose pH 7.4,2,13.0,1.544,T6,2-9B,12.0,6.00895874916833
2164,0,0,B,0B,WT,M9 20 mM glucose pH 7.4,1,13.0,1.176,T6,1-0B,14.0,3.012759049301397
2165,50,8,A,8A,cstA,M9 20 mM glucose pH 7.4,4,13.0,1.434,T6,4-8A,13.0,5.132878534580838
2166,50,8,B,8B,cstA,M9 20 mM glucose pH 7.4,4,13.0,1.418,T6,4-8B,13.0,5.075593661177645
2167,3,3,A,3A,ompC,M9 20 mM glucose pH 7.4,1,13.0,1.202,T6,1-3A,14.0,2.901463124301397
2168,50,8,C,8C,cstA,M9 20 mM glucose pH 7.4,4,13.0,1.415,T6,4-8C,13.0,5.15283317270459
2169,13,13,B,13B,mscS,M9 20 mM glucose pH 7.4,1,13.0,0.755,T6,1-13B,16.0,1.8023381679141715
2170,53,11,B,11B,galP,M9 20 mM glucose pH 7.4,4,13.0,1.505,T6,4-11B,12.0,5.781069669161677
2171,53,11,C,11C,galP,M9 20 mM glucose pH 7.4,4,13.0,1.485,T6,4-11C,12.0,5.721481632634731
2172,53,11,A,11A,galP,M9 20 mM glucose pH 7.4,4,13.0,1.498,T6,4-11A,12.0,5.661811436177644
2173,1,1,A,1A,tsx,M9 20 mM glucose pH 7.4,1,13.0,1.227,T6,1-1A,14.0,2.9113842893712576
2174,5,5,C,5C,yddG,M9 20 mM glucose pH 7.4,1,13.0,1.236,T6,1-5C,14.0,3.123292439371257
2175,1,1,C,1C,tsx,M9 20 mM glucose pH 7.4,1,14.0,1.349,T7,1-1C,14.0,3.9039174829840313
2176,59,3,A,3A,eamA,M9 20 mM glucose pH 7.4,5,14.0,1.261,T7,5-3A,13.0,5.221745821107784
2177,59,3,C,3C,eamA,M9 20 mM glucose pH 7.4,5,14.0,1.29,T7,5-3C,13.0,5.332014224301398
2178,28,14,A,14A,putP,M9 20 mM glucose pH 7.4,2,14.0,1.449,T7,2-14A,12.0,6.334372467186839
2179,59,3,B,3B,eamA,M9 20 mM glucose pH 7.4,5,14.0,1.309,T7,5-3B,13.0,5.396446074301397
2180,28,14,C,14C,putP,M9 20 mM glucose pH 7.4,2,14.0,1.477,T7,2-14C,12.0,6.470534083348454
2181,21,7,C,7C,brnQ,M9 20 mM glucose pH 7.4,2,14.0,1.595,T7,2-7C,13.0,5.146943809350995
2182,45,3,A,3A,dctA,M9 20 mM glucose pH 7.4,4,14.0,1.534,T7,4-3A,13.0,6.762259040968064
2183,45,3,C,3C,dctA,M9 20 mM glucose pH 7.4,4,14.0,1.504,T7,4-3C,13.0,6.62812793263473
2184,9,9,B,9B,ygaZ,M9 20 mM glucose pH 7.4,1,14.0,1.359,T7,1-9B,14.0,3.697504834580838
2185,28,14,B,14B,putP,M9 20 mM glucose pH 7.4,2,14.0,1.4,T7,2-14B,12.0,6.296458537470513
2186,60,4,A,4A,metI,M9 20 mM glucose pH 7.4,5,14.0,1.345,T7,5-4A,13.0,5.922694712774451
2187,21,7,A,7A,brnQ,M9 20 mM glucose pH 7.4,2,14.0,1.599,T7,2-7A,13.0,7.239932014758362
2188,61,5,C,5C,tolC,M9 20 mM glucose pH 7.4,5,14.0,0.049,T7,5-5C,24.0,0.39554058937125747
2189,58,2,B,2B,rhtB,M9 20 mM glucose pH 7.4,5,14.0,1.411,T7,5-2B,12.0,6.081409350898204
2190,58,2,A,2A,rhtB,M9 20 mM glucose pH 7.4,5,14.0,1.4,T7,5-2A,12.0,5.994558299301397
2191,1,1,A,1A,tsx,M9 20 mM glucose pH 7.4,1,14.0,1.389,T7,1-1A,14.0,4.2288842893712575
2192,12,12,C,12C,rhtA,M9 20 mM glucose pH 7.4,1,14.0,1.341,T7,1-12C,14.0,4.047171501247505
2193,12,12,B,12B,rhtA,M9 20 mM glucose pH 7.4,1,14.0,1.399,T7,1-12B,14.0,4.152588167914172
2194,38,10,A,10A,nupC,M9 20 mM glucose pH 7.4,3,14.0,1.519,T7,3-10A,13.0,6.9964787394907155
2195,41,13,B,13B,gltP,M9 20 mM glucose pH 7.4,3,14.0,1.537,T7,3-13B,13.0,7.151594266013427
2196,40,12,A,12A,sdaC,M9 20 mM glucose pH 7.4,3,14.0,1.489,T7,3-12A,13.0,6.672079537893909
2197,15,1,C,1C,argO,M9 20 mM glucose pH 7.4,2,14.0,1.497,T7,2-1C,13.0,5.778806810621182
2198,21,7,B,7B,brnQ,M9 20 mM glucose pH 7.4,2,14.0,1.597,T7,2-7B,13.0,5.275837537047118
2199,45,3,B,3B,dctA,M9 20 mM glucose pH 7.4,4,14.0,1.534,T7,4-3B,13.0,6.680334656037925
2200,1,1,B,1B,tsx,M9 20 mM glucose pH 7.4,1,14.0,1.396,T7,1-1B,14.0,4.167092666317366
2201,9,9,A,9A,ygaZ,M9 20 mM glucose pH 7.4,1,14.0,1.345,T7,1-9A,14.0,3.6749922996506985
2202,67,11,B,11B,glpT,M9 20 mM glucose pH 7.4,5,14.0,1.164,T7,5-11B,13.0,4.534125764371257
2203,58,2,C,2C,rhtB,M9 20 mM glucose pH 7.4,5,14.0,1.384,T7,5-2C,12.0,5.584961746107783
2204,50,8,C,8C,cstA,M9 20 mM glucose pH 7.4,4,14.0,1.469,T7,4-8C,13.0,6.598833172704591
2205,22,8,A,8A,setA,M9 20 mM glucose pH 7.4,2,14.0,1.557,T7,2-8A,13.0,7.849825319058851
2206,22,8,B,8B,setA,M9 20 mM glucose pH 7.4,2,14.0,1.61,T7,2-8B,13.0,7.328528397749954
2207,22,8,C,8C,setA,M9 20 mM glucose pH 7.4,2,14.0,1.55,T7,2-8C,13.0,7.2336912840984695
2208,50,8,B,8B,cstA,M9 20 mM glucose pH 7.4,4,14.0,1.467,T7,4-8B,13.0,6.524176994510977
2209,12,12,A,12A,rhtA,M9 20 mM glucose pH 7.4,1,14.0,1.353,T7,1-12A,14.0,3.9008092762475055
2210,50,8,A,8A,cstA,M9 20 mM glucose pH 7.4,4,14.0,1.484,T7,4-8A,13.0,6.598711867914171
2211,0,0,B,0B,WT,M9 20 mM glucose pH 7.4,1,14.0,1.388,T7,1-0B,14.0,4.29409238263473
2212,56,14,A,14A,dcuA,M9 20 mM glucose pH 7.4,4,14.0,1.475,T7,4-14A,12.0,6.485190131387226
2213,56,14,B,14B,dcuA,M9 20 mM glucose pH 7.4,4,14.0,1.461,T7,4-14B,12.0,6.614945999650698
2214,56,14,C,14C,dcuA,M9 20 mM glucose pH 7.4,4,14.0,1.431,T7,4-14C,12.0,6.653910751247505
2215,49,7,C,7C,uhpT,M9 20 mM glucose pH 7.4,4,14.0,1.55,T7,4-7C,13.0,6.952185511177644
2216,49,7,B,7B,uhpT,M9 20 mM glucose pH 7.4,4,14.0,1.566,T7,4-7B,13.0,7.0519191544411175
2217,49,7,A,7A,uhpT,M9 20 mM glucose pH 7.4,4,14.0,1.58,T7,4-7A,13.0,7.1513180198602795
2218,67,11,C,11C,glpT,M9 20 mM glucose pH 7.4,5,14.0,1.158,T7,5-11C,13.0,4.528662487774451
2219,38,10,C,10C,nupC,M9 20 mM glucose pH 7.4,3,14.0,1.508,T7,3-10C,13.0,6.825240730659893
2220,38,10,B,10B,nupC,M9 20 mM glucose pH 7.4,3,14.0,1.489,T7,3-10B,13.0,6.633887195306357
2221,0,0,C,0C,WT,M9 20 mM glucose pH 7.4,1,14.0,1.381,T7,1-0C,14.0,4.370146627844311
2222,20,6,A,6A,aroP,M9 20 mM glucose pH 7.4,2,14.0,1.598,T7,2-6A,13.0,7.360387407004174
2223,20,6,B,6B,aroP,M9 20 mM glucose pH 7.4,2,14.0,1.467,T7,2-6B,13.0,7.400444021048811
2224,20,6,C,6C,aroP,M9 20 mM glucose pH 7.4,2,14.0,1.447,T7,2-6C,13.0,7.214165608177584
2225,61,5,A,5A,tolC,M9 20 mM glucose pH 7.4,5,14.0,0.055,T7,5-5A,24.0,0.4185779977045908
2226,34,6,C,6C,rbsC,M9 20 mM glucose pH 7.4,3,14.0,1.402,T7,3-6C,13.0,5.659585011794592
2227,34,6,B,6B,rbsC,M9 20 mM glucose pH 7.4,3,14.0,1.432,T7,3-6B,13.0,6.142574063993225
2228,34,6,A,6A,rbsC,M9 20 mM glucose pH 7.4,3,14.0,1.443,T7,3-6A,13.0,6.089660134276901
2229,67,11,A,11A,glpT,M9 20 mM glucose pH 7.4,5,14.0,1.144,T7,5-11A,13.0,4.585953229441118
2230,24,10,C,10C,nagE,M9 20 mM glucose pH 7.4,2,14.0,1.505,T7,2-10C,13.0,5.946105002116978
2231,48,6,B,6B,ugpA,M9 20 mM glucose pH 7.4,4,14.0,1.587,T7,4-6B,13.0,7.182270890968064
2232,17,3,B,3B,adeP,M9 20 mM glucose pH 7.4,2,14.0,1.34,T7,2-3B,14.0,4.519542914171657
2233,51,9,A,9A,nupG,M9 20 mM glucose pH 7.4,4,14.0,1.551,T7,4-9A,12.0,6.853478299301397
2234,16,2,A,2A,yhjE,M9 20 mM glucose pH 7.4,2,14.0,1.632,T7,2-2A,13.0,6.812726002540374
2235,16,2,B,2B,yhjE,M9 20 mM glucose pH 7.4,2,14.0,1.654,T7,2-2B,13.0,7.116013669630436
2236,16,2,C,2C,yhjE,M9 20 mM glucose pH 7.4,2,14.0,1.535,T7,2-2C,13.0,6.84122052863969
2237,0,0,A,0A,WT,M9 20 mM glucose pH 7.4,1,14.0,1.411,T7,1-0A,14.0,4.424413181037924
2238,64,8,C,8C,manY,M9 20 mM glucose pH 7.4,5,14.0,1.28,T7,5-8C,13.0,5.171699896107785
2239,6,6,B,6B,ybjE,M9 20 mM glucose pH 7.4,1,14.0,1.412,T7,1-6B,14.0,4.226563578193613
2240,64,8,B,8B,manY,M9 20 mM glucose pH 7.4,5,14.0,1.338,T7,5-8B,13.0,5.419773342914171
2241,57,1,A,1A,rhtC,M9 20 mM glucose pH 7.4,4,14.0,1.361,T7,4-1A,15.0,4.5013967413173654
2242,6,6,A,6A,ybjE,M9 20 mM glucose pH 7.4,1,14.0,1.367,T7,1-6A,14.0,3.974792242914172
2243,3,3,C,3C,ompC,M9 20 mM glucose pH 7.4,1,14.0,1.313,T7,1-3C,14.0,4.0181338092315375
2244,7,7,B,7B,satP,M9 20 mM glucose pH 7.4,1,14.0,1.446,T7,1-7B,14.0,4.631729961177644
2245,40,12,C,12C,sdaC,M9 20 mM glucose pH 7.4,3,14.0,1.48,T7,3-12C,13.0,6.6243672049839715
2246,11,11,B,11B,punC,M9 20 mM glucose pH 7.4,1,14.0,1.134,T7,1-11B,15.0,2.9485921861776445
2247,40,12,B,12B,sdaC,M9 20 mM glucose pH 7.4,3,14.0,1.486,T7,3-12B,13.0,6.5958779410875215
2248,7,7,A,7A,satP,M9 20 mM glucose pH 7.4,1,14.0,1.494,T7,1-7A,14.0,4.730238477844312
2249,0,0,E,0E,WT,M9 20 mM glucose pH 7.4,1,14.0,1.389,T7,1-0E,14.0,4.34840916277445
2250,11,11,C,11C,punC,M9 20 mM glucose pH 7.4,1,14.0,0.988,T7,1-11C,15.0,2.582875576247505
2251,42,14,B,14B,mscL,M9 20 mM glucose pH 7.4,3,14.0,1.303,T7,3-14B,14.0,5.765059335873707
2252,42,14,A,14A,mscL,M9 20 mM glucose pH 7.4,3,14.0,1.313,T7,3-14A,14.0,5.910812072824049
2253,44,2,C,2C,dppB,M9 20 mM glucose pH 7.4,4,14.0,0.236,T7,4-2C,20.0,1.2469977929141716
2254,44,2,B,2B,dppB,M9 20 mM glucose pH 7.4,4,14.0,0.246,T7,4-2B,20.0,1.2631369377744512
2255,44,2,A,2A,dppB,M9 20 mM glucose pH 7.4,4,14.0,0.237,T7,4-2A,20.0,1.2594361131237526
2256,7,7,C,7C,satP,M9 20 mM glucose pH 7.4,1,14.0,1.428,T7,1-7C,14.0,4.456442552844311
2257,11,11,A,11A,punC,M9 20 mM glucose pH 7.4,1,14.0,1.037,T7,1-11A,15.0,2.691254834580838
2258,15,1,B,1B,argO,M9 20 mM glucose pH 7.4,2,14.0,1.493,T7,2-1B,13.0,5.749791870803847
2259,15,1,A,1A,argO,M9 20 mM glucose pH 7.4,2,14.0,1.544,T7,2-1A,13.0,6.171938547148128
2260,24,10,A,10A,nagE,M9 20 mM glucose pH 7.4,2,14.0,1.511,T7,2-10A,13.0,5.777484001693582
2261,42,14,C,14C,mscL,M9 20 mM glucose pH 7.4,3,14.0,1.301,T7,3-14C,14.0,5.719059335873706
2262,24,10,B,10B,nagE,M9 20 mM glucose pH 7.4,2,14.0,1.521,T7,2-10B,13.0,6.151438335450312
2263,19,5,A,5A,codB,M9 20 mM glucose pH 7.4,2,14.0,1.573,T7,2-5A,13.0,7.008059335873707
2264,19,5,B,5B,codB,M9 20 mM glucose pH 7.4,2,14.0,1.611,T7,2-5B,13.0,7.09344801306478
2265,0,0,A,0A,WT,M9 20 mM glucose pH 7.4,3,14.0,1.459,T7,3-0A,13.0,6.5523268009435665
2266,0,0,B,0B,WT,M9 20 mM glucose pH 7.4,3,14.0,1.483,T7,3-0B,13.0,6.5770136696304355
2267,0,0,C,0C,WT,M9 20 mM glucose pH 7.4,3,14.0,1.447,T7,3-0C,13.0,7.053398354805539
2268,0,0,D,0D,WT,M9 20 mM glucose pH 7.4,3,14.0,1.469,T7,3-0D,13.0,6.73192759934676
2269,0,0,E,0E,WT,M9 20 mM glucose pH 7.4,3,14.0,1.471,T7,3-0E,13.0,6.618841529063086
2270,0,0,F,0F,WT,M9 20 mM glucose pH 7.4,3,14.0,1.449,T7,3-0F,13.0,6.5762609326800945
2271,19,5,C,5C,codB,M9 20 mM glucose pH 7.4,2,14.0,1.57,T7,2-5C,13.0,6.912735680154841
2272,0,0,D,0D,WT,M9 20 mM glucose pH 7.4,1,14.0,1.374,T7,1-0D,14.0,4.187821331037924
2273,17,3,C,3C,adeP,M9 20 mM glucose pH 7.4,2,14.0,1.33,T7,2-3C,14.0,4.481341740760902
2274,36,8,A,8A,proP,M9 20 mM glucose pH 7.4,3,14.0,1.554,T7,3-8A,13.0,7.0214827315066835
2275,48,6,C,6C,ugpA,M9 20 mM glucose pH 7.4,4,14.0,1.569,T7,4-6C,13.0,7.047373229441118
2276,66,10,C,10C,ansP,M9 20 mM glucose pH 7.4,5,14.0,1.379,T7,5-10C,13.0,5.874789407634729
2277,65,9,A,9A,hisQ,M9 20 mM glucose pH 7.4,5,14.0,1.261,T7,5-9A,13.0,5.150980834231537
2278,65,9,C,9C,hisQ,M9 20 mM glucose pH 7.4,5,14.0,1.306,T7,5-9C,13.0,5.2375365627744515
2279,52,10,A,10A,emrB,M9 20 mM glucose pH 7.4,4,14.0,1.555,T7,4-10A,12.0,6.908618046107785
2280,52,10,B,10B,emrB,M9 20 mM glucose pH 7.4,4,14.0,1.558,T7,4-10B,12.0,6.856704795758482
2281,52,10,C,10C,emrB,M9 20 mM glucose pH 7.4,4,14.0,1.552,T7,4-10C,12.0,6.787890384580838
2282,48,6,A,6A,ugpA,M9 20 mM glucose pH 7.4,4,14.0,1.591,T7,4-6A,13.0,7.225229180688622
2283,66,10,B,10B,ansP,M9 20 mM glucose pH 7.4,5,14.0,1.308,T7,5-10B,13.0,5.577534307285429
2284,3,3,A,3A,ompC,M9 20 mM glucose pH 7.4,1,14.0,1.367,T7,1-3A,14.0,4.1937131243013965
2285,3,3,B,3B,ompC,M9 20 mM glucose pH 7.4,1,14.0,1.351,T7,1-3B,14.0,4.096517369510978
2286,9,9,C,9C,ygaZ,M9 20 mM glucose pH 7.4,1,14.0,1.349,T7,1-9C,14.0,3.747250816317365
2287,17,3,A,3A,adeP,M9 20 mM glucose pH 7.4,2,14.0,1.359,T7,2-3A,14.0,4.594180124599286
2288,43,1,C,1C,livH,M9 20 mM glucose pH 7.4,5,14.0,0.969,T7,5-1C,15.0,3.042770816317365
2289,62,6,A,6A,yahN,M9 20 mM glucose pH 7.4,5,14.0,1.386,T7,5-6A,13.0,5.740793914371258
2290,6,6,C,6C,ybjE,M9 20 mM glucose pH 7.4,1,14.0,1.353,T7,1-6C,14.0,3.984813294510978
2291,8,8,B,8B,yedA,M9 20 mM glucose pH 7.4,1,14.0,1.444,T7,1-8B,14.0,4.376084346107784
2292,0,0,D,0D,WT,M9 20 mM glucose pH 7.4,5,14.0,1.401,T7,5-0D,12.0,6.32927940763473
2293,0,0,E,0E,WT,M9 20 mM glucose pH 7.4,5,14.0,1.342,T7,5-0E,12.0,5.977862740968063
2294,53,11,C,11C,galP,M9 20 mM glucose pH 7.4,4,14.0,1.56,T7,4-11C,12.0,7.246064965968064
2295,0,0,F,0F,WT,M9 20 mM glucose pH 7.4,5,14.0,1.325,T7,5-0F,12.0,5.726038609231537
2296,35,7,C,7C,glpF,M9 20 mM glucose pH 7.4,3,14.0,1.532,T7,3-7C,12.0,6.38751914353112
2297,35,7,B,7B,glpF,M9 20 mM glucose pH 7.4,3,14.0,1.572,T7,3-7B,12.0,6.976130889735679
2298,35,7,A,7A,glpF,M9 20 mM glucose pH 7.4,3,14.0,1.559,T7,3-7A,12.0,6.885033871650638
2299,51,9,C,9C,nupG,M9 20 mM glucose pH 7.4,4,14.0,1.542,T7,4-9C,12.0,6.812130459231536
2300,13,13,A,13A,mscS,M9 20 mM glucose pH 7.4,1,14.0,1.068,T7,1-13A,16.0,2.805813294510978
2301,5,5,A,5A,yddG,M9 20 mM glucose pH 7.4,1,14.0,1.364,T7,1-5A,14.0,4.226934036177645
2302,5,5,B,5B,yddG,M9 20 mM glucose pH 7.4,1,14.0,1.378,T7,1-5B,14.0,4.358913464720558
2303,2,2,C,2C,oppA,M9 20 mM glucose pH 7.4,1,14.0,1.363,T7,1-2C,14.0,4.153325829441118
2304,30,2,B,2B,znuB,M9 20 mM glucose pH 7.4,3,14.0,1.376,T7,3-2B,14.0,5.190995161192766
2305,2,2,A,2A,oppA,M9 20 mM glucose pH 7.4,1,14.0,1.428,T7,1-2A,14.0,4.248775886177644
2306,53,11,A,11A,galP,M9 20 mM glucose pH 7.4,4,14.0,1.563,T7,4-11A,12.0,7.195061436177644
2307,51,9,B,9B,nupG,M9 20 mM glucose pH 7.4,4,14.0,1.557,T7,4-9B,12.0,6.91587978263473
2308,30,2,C,2C,znuB,M9 20 mM glucose pH 7.4,3,14.0,1.371,T7,3-2C,14.0,5.322929292929293
2309,27,13,B,13B,lysP,M9 20 mM glucose pH 7.4,2,14.0,1.54,T7,2-13B,13.0,6.501544607754187
2310,63,7,B,7B,kgtP,M9 20 mM glucose pH 7.4,5,14.0,1.311,T7,5-7B,12.0,5.602196074301396
2311,29,1,B,1B,gadC,M9 20 mM glucose pH 7.4,3,14.0,1.477,T7,3-1B,14.0,6.887473477287848
2312,29,1,A,1A,gadC,M9 20 mM glucose pH 7.4,3,14.0,1.469,T7,3-1A,14.0,6.359660134276901
2313,0,0,F,0F,WT,M9 20 mM glucose pH 7.4,2,14.0,1.438,T7,2-0F,13.0,6.2738120728240485
2314,0,0,E,0E,WT,M9 20 mM glucose pH 7.4,2,14.0,1.456,T7,2-0E,13.0,6.48856480977439
2315,0,0,D,0D,WT,M9 20 mM glucose pH 7.4,2,14.0,1.483,T7,2-0D,13.0,6.6107224339200386
2316,33,5,C,5C,artQ,M9 20 mM glucose pH 7.4,3,14.0,1.353,T7,3-5C,14.0,5.089610476017661
2317,0,0,C,0C,WT,M9 20 mM glucose pH 7.4,2,14.0,1.55,T7,2-0C,13.0,7.185620153632129
2318,33,5,B,5B,artQ,M9 20 mM glucose pH 7.4,3,14.0,1.361,T7,3-5B,14.0,5.195771668783644
2319,60,4,B,4B,metI,M9 20 mM glucose pH 7.4,5,14.0,1.34,T7,5-4B,13.0,5.872184224301397
2320,0,0,C,0C,WT,M9 20 mM glucose pH 7.4,4,14.0,1.558,T7,4-0C,12.0,7.322795397704591
2321,13,13,B,13B,mscS,M9 20 mM glucose pH 7.4,1,14.0,1.029,T7,1-13B,16.0,2.6870881679141716
2322,13,13,C,13C,mscS,M9 20 mM glucose pH 7.4,1,14.0,0.997,T7,1-13C,16.0,2.657375576247505
2323,23,9,C,9C,acrB,M9 20 mM glucose pH 7.4,2,14.0,1.559,T7,2-9C,12.0,7.373478739490715
2324,0,0,E,0E,WT,M9 20 mM glucose pH 7.4,4,14.0,1.545,T7,4-0E,12.0,7.108252487774451
2325,30,2,A,2A,znuB,M9 20 mM glucose pH 7.4,3,14.0,1.362,T7,3-2A,14.0,5.253235468457025
2326,37,9,C,9C,cycA,M9 20 mM glucose pH 7.4,3,14.0,1.379,T7,3-9C,14.0,5.300877941087521
2327,37,9,B,9B,cycA,M9 20 mM glucose pH 7.4,3,14.0,1.389,T7,3-9B,14.0,5.403781346398112
2328,0,0,F,0F,WT,M9 20 mM glucose pH 7.4,4,14.0,1.598,T7,4-0F,12.0,7.578960498053892
2329,23,9,A,9A,acrB,M9 20 mM glucose pH 7.4,2,14.0,1.561,T7,2-9A,12.0,7.438240730659892
2330,0,0,D,0D,WT,M9 20 mM glucose pH 7.4,4,14.0,1.611,T7,4-0D,12.0,7.855730066317365
2331,23,9,B,9B,acrB,M9 20 mM glucose pH 7.4,2,14.0,1.604,T7,2-9B,12.0,7.593292082501663
2332,0,0,A,0A,WT,M9 20 mM glucose pH 7.4,4,14.0,1.537,T7,4-0A,12.0,7.210635681387226
2333,33,5,A,5A,artQ,M9 20 mM glucose pH 7.4,3,14.0,1.37,T7,3-5A,14.0,5.154771668783644
2334,0,0,B,0B,WT,M9 20 mM glucose pH 7.4,4,14.0,1.55,T7,4-0B,12.0,7.080568102844311
2335,37,9,A,9A,cycA,M9 20 mM glucose pH 7.4,3,14.0,1.415,T7,3-9A,14.0,5.620918345127926
2336,61,5,B,5B,tolC,M9 20 mM glucose pH 7.4,5,14.0,0.054,T7,5-5B,24.0,0.41092816791417164
2337,2,2,B,2B,oppA,M9 20 mM glucose pH 7.4,1,14.0,1.438,T7,1-2B,14.0,4.407229961177644
2338,53,11,B,11B,galP,M9 20 mM glucose pH 7.4,4,14.0,1.576,T7,4-11B,12.0,7.324819669161677
2339,8,8,A,8A,yedA,M9 20 mM glucose pH 7.4,1,14.0,1.407,T7,1-8A,14.0,4.310921501247504
2340,0,0,A,0A,WT,M9 20 mM glucose pH 7.4,5,14.0,1.393,T7,5-0A,12.0,6.603872544510978
2341,0,0,B,0B,WT,M9 20 mM glucose pH 7.4,5,14.0,1.36,T7,5-0B,12.0,6.144378412774452
2342,0,0,C,0C,WT,M9 20 mM glucose pH 7.4,5,14.0,1.394,T7,5-0C,12.0,6.431912684231538
2343,18,4,C,4C,actP,M9 20 mM glucose pH 7.4,2,14.0,1.561,T7,2-4C,13.0,5.997544607754189
2344,18,4,B,4B,actP,M9 20 mM glucose pH 7.4,2,14.0,1.574,T7,2-4B,13.0,6.254125204137179
2345,5,5,C,5C,yddG,M9 20 mM glucose pH 7.4,1,14.0,1.353,T7,1-5C,14.0,4.427292439371257
2346,18,4,A,4A,actP,M9 20 mM glucose pH 7.4,2,14.0,1.581,T7,2-4A,13.0,6.475043549265106
2347,0,0,B,0B,WT,M9 20 mM glucose pH 7.4,2,14.0,1.563,T7,2-0B,13.0,7.322478739490715
2348,0,0,F,0F,WT,M9 20 mM glucose pH 7.4,1,14.0,1.317,T7,1-0F,14.0,4.007650646107784
2349,64,8,A,8A,manY,M9 20 mM glucose pH 7.4,5,14.0,1.263,T7,5-8A,13.0,5.204563482634731
2350,32,4,B,4B,focA,M9 20 mM glucose pH 7.4,3,14.0,1.383,T7,3-4B,14.0,6.044070283675074
2351,32,4,C,4C,focA,M9 20 mM glucose pH 7.4,3,14.0,1.396,T7,3-4C,14.0,6.249165608177584
2352,46,4,A,4A,gltS,M9 20 mM glucose pH 7.4,4,14.0,1.551,T7,4-4A,13.0,7.072308299301397
2353,46,4,B,4B,gltS,M9 20 mM glucose pH 7.4,4,14.0,1.556,T7,4-4B,13.0,7.0791207774950085
2354,46,4,C,4C,gltS,M9 20 mM glucose pH 7.4,4,14.0,1.526,T7,4-4C,13.0,6.898333774650698
2355,55,13,C,13C,tdcC,M9 20 mM glucose pH 7.4,4,14.0,1.544,T7,4-13C,13.0,7.735787239371257
2356,55,13,B,13B,tdcC,M9 20 mM glucose pH 7.4,4,14.0,1.55,T7,4-13B,13.0,7.955883709580837
2357,55,13,A,13A,tdcC,M9 20 mM glucose pH 7.4,4,14.0,1.572,T7,4-13A,13.0,8.07897632749501
2358,54,12,A,12A,pheP,M9 20 mM glucose pH 7.4,4,14.0,1.537,T7,4-12A,12.0,6.861247107984031
2359,0,0,A,0A,WT,M9 20 mM glucose pH 7.4,2,14.0,1.584,T7,2-0A,13.0,7.1884330732474435
2360,36,8,C,8C,proP,M9 20 mM glucose pH 7.4,3,14.0,1.519,T7,3-8C,13.0,6.9286601342769
2361,36,8,B,8B,proP,M9 20 mM glucose pH 7.4,3,14.0,1.529,T7,3-8B,13.0,6.8981493981733495
2362,54,12,C,12C,pheP,M9 20 mM glucose pH 7.4,4,14.0,1.539,T7,4-12C,12.0,7.043681492914171
2363,8,8,C,8C,yedA,M9 20 mM glucose pH 7.4,1,14.0,1.454,T7,1-8C,14.0,4.753109415968064
2364,4,4,C,4C,ompF,M9 20 mM glucose pH 7.4,1,14.0,1.351,T7,1-4C,14.0,3.8820050310379237
2365,4,4,B,4B,ompF,M9 20 mM glucose pH 7.4,1,14.0,1.368,T7,1-4B,14.0,3.976821614720559
2366,4,4,A,4A,ompF,M9 20 mM glucose pH 7.4,1,14.0,1.349,T7,1-4A,14.0,3.857925519510978
2367,63,7,A,7A,kgtP,M9 20 mM glucose pH 7.4,5,14.0,1.306,T7,5-7A,12.0,5.641390947704591
2368,41,13,A,13A,gltP,M9 20 mM glucose pH 7.4,3,14.0,1.537,T7,3-13A,13.0,6.794812072824049
2369,65,9,B,9B,hisQ,M9 20 mM glucose pH 7.4,5,14.0,1.283,T7,5-9B,13.0,5.253132431037924
2370,41,13,C,13C,gltP,M9 20 mM glucose pH 7.4,3,14.0,1.538,T7,3-13C,13.0,7.087746204560576
2371,26,12,C,12C,ptsG,M9 20 mM glucose pH 7.4,2,14.0,0.204,T7,2-12C,20.0,0.9645446077541886
2372,26,12,B,12B,ptsG,M9 20 mM glucose pH 7.4,2,14.0,0.213,T7,2-12B,20.0,0.9862973447045302
2373,26,12,A,12A,ptsG,M9 20 mM glucose pH 7.4,2,14.0,0.209,T7,2-12A,20.0,0.979039133853505
2374,62,6,B,6B,yahN,M9 20 mM glucose pH 7.4,5,14.0,1.407,T7,5-6B,13.0,6.008835821107785
2375,32,4,A,4A,focA,M9 20 mM glucose pH 7.4,3,14.0,1.395,T7,3-4A,14.0,6.083746204560575
2376,10,10,A,10A,yeaS,M9 20 mM glucose pH 7.4,1,14.0,1.42,T7,1-10A,14.0,4.518467426247504
2377,54,12,B,12B,pheP,M9 20 mM glucose pH 7.4,4,14.0,1.546,T7,4-12B,12.0,7.147337190968064
2378,66,10,A,10A,ansP,M9 20 mM glucose pH 7.4,5,14.0,1.293,T7,5-10A,13.0,5.550418064021956
2379,62,6,C,6C,yahN,M9 20 mM glucose pH 7.4,5,14.0,1.398,T7,5-6C,13.0,5.819459294161676
2380,14,14,C,14C,sstT,M9 20 mM glucose pH 7.4,1,14.0,1.352,T7,1-14C,14.0,3.9722297647205593
2381,29,1,C,1C,gadC,M9 20 mM glucose pH 7.4,3,14.0,1.444,T7,3-1C,14.0,6.0488230206254165
2382,25,11,C,11C,gltJ,M9 20 mM glucose pH 7.4,2,14.0,1.502,T7,2-11C,12.0,6.420412871227242
2383,39,11,B,11B,fruA,M9 20 mM glucose pH 7.4,3,14.0,1.454,T7,3-11B,13.0,6.007812072824049
2384,39,11,C,11C,fruA,M9 20 mM glucose pH 7.4,3,14.0,1.423,T7,3-11C,13.0,6.030832274844251
2385,47,5,A,5A,mtr,M9 20 mM glucose pH 7.4,4,14.0,1.554,T7,4-5A,13.0,6.94456231756487
2386,47,5,B,5B,mtr,M9 20 mM glucose pH 7.4,4,14.0,1.557,T7,4-5B,13.0,6.92431231756487
2387,47,5,C,5C,mtr,M9 20 mM glucose pH 7.4,4,14.0,1.532,T7,4-5C,13.0,6.7954146560379245
2388,25,11,B,11B,gltJ,M9 20 mM glucose pH 7.4,2,14.0,1.531,T7,2-11B,12.0,6.898964011371197
2389,25,11,A,11A,gltJ,M9 20 mM glucose pH 7.4,2,14.0,1.532,T7,2-11A,12.0,6.912508195729751
2390,43,1,A,1A,livH,M9 20 mM glucose pH 7.4,5,14.0,1.04,T7,5-1A,15.0,3.2393042893712574
2391,14,14,A,14A,sstT,M9 20 mM glucose pH 7.4,1,14.0,1.387,T7,1-14A,14.0,4.0265422429141715
2392,14,14,B,14B,sstT,M9 20 mM glucose pH 7.4,1,14.0,1.395,T7,1-14B,14.0,4.037717229790419
2393,27,13,C,13C,lysP,M9 20 mM glucose pH 7.4,2,14.0,1.476,T7,2-13C,13.0,6.608185810197787
2394,27,13,A,13A,lysP,M9 20 mM glucose pH 7.4,2,14.0,1.457,T7,2-13A,13.0,6.484726002540374
2395,57,1,B,1B,rhtC,M9 20 mM glucose pH 7.4,4,14.0,1.353,T7,4-1B,15.0,4.604579276247504
2396,60,4,C,4C,metI,M9 20 mM glucose pH 7.4,5,14.0,1.299,T7,5-4C,13.0,5.49304978263473
2397,57,1,C,1C,rhtC,M9 20 mM glucose pH 7.4,4,14.0,1.292,T7,4-1C,15.0,4.271236824301397
2398,10,10,C,10C,yeaS,M9 20 mM glucose pH 7.4,1,14.0,1.377,T7,1-10C,14.0,4.576859219510977
2399,39,11,A,11A,fruA,M9 20 mM glucose pH 7.4,3,14.0,1.454,T7,3-11A,13.0,6.295356257182604
2400,31,3,C,3C,glnP,M9 20 mM glucose pH 7.4,3,14.0,1.42,T7,3-3C,13.0,6.133968003387165
2401,63,7,C,7C,kgtP,M9 20 mM glucose pH 7.4,5,14.0,1.351,T7,5-7C,12.0,5.552479464371257
2402,43,1,B,1B,livH,M9 20 mM glucose pH 7.4,5,14.0,1.028,T7,5-1B,15.0,3.225516881037924
2403,31,3,B,3B,glnP,M9 20 mM glucose pH 7.4,3,14.0,1.42,T7,3-3B,13.0,5.968013669630436
2404,31,3,A,3A,glnP,M9 20 mM glucose pH 7.4,3,14.0,1.395,T7,3-3A,13.0,5.774528397749954
2405,10,10,B,10B,yeaS,M9 20 mM glucose pH 7.4,1,14.0,1.432,T7,1-10B,14.0,4.633479961177645
2406,50,8,B,8B,cstA,M9 20 mM glucose pH 7.4,4,15.0,1.468,T8,4-8B,13.0,7.993593661177645
2407,21,7,B,7B,brnQ,M9 20 mM glucose pH 7.4,2,15.0,1.551,T8,2-7B,13.0,6.875170870380451
2408,50,8,C,8C,cstA,M9 20 mM glucose pH 7.4,4,15.0,1.487,T8,4-8C,13.0,8.078833172704591
2409,58,2,A,2A,rhtB,M9 20 mM glucose pH 7.4,5,15.0,1.388,T8,5-2A,12.0,7.380058299301397
2410,58,2,C,2C,rhtB,M9 20 mM glucose pH 7.4,5,15.0,1.395,T8,5-2C,12.0,6.974711746107783
2411,40,12,A,12A,sdaC,M9 20 mM glucose pH 7.4,3,15.0,1.488,T8,3-12A,13.0,8.167079537893908
2412,21,7,A,7A,brnQ,M9 20 mM glucose pH 7.4,2,15.0,1.581,T8,2-7A,13.0,8.838015348091695
2413,0,0,E,0E,WT,M9 20 mM glucose pH 7.4,4,15.0,1.532,T8,4-0E,12.0,8.638335821107784
2414,21,7,C,7C,brnQ,M9 20 mM glucose pH 7.4,2,15.0,1.53,T8,2-7C,13.0,6.739110476017662
2415,34,6,B,6B,rbsC,M9 20 mM glucose pH 7.4,3,15.0,1.477,T8,3-6B,13.0,7.600740730659892
2416,0,0,F,0F,WT,M9 20 mM glucose pH 7.4,4,15.0,1.586,T8,4-0F,12.0,9.161793831387225
2417,28,14,C,14C,putP,M9 20 mM glucose pH 7.4,2,15.0,1.549,T8,2-14C,12.0,7.985867416681788
2418,19,5,B,5B,codB,M9 20 mM glucose pH 7.4,2,15.0,1.563,T8,2-5B,13.0,8.694531346398113
2419,28,14,A,14A,putP,M9 20 mM glucose pH 7.4,2,15.0,1.522,T8,2-14A,12.0,7.820789133853506
2420,34,6,A,6A,rbsC,M9 20 mM glucose pH 7.4,3,15.0,1.511,T8,3-6A,13.0,7.569160134276901
2421,34,6,C,6C,rbsC,M9 20 mM glucose pH 7.4,3,15.0,1.465,T8,3-6C,13.0,7.096418345127925
2422,19,5,A,5A,codB,M9 20 mM glucose pH 7.4,2,15.0,1.574,T8,2-5A,13.0,8.58814266920704
2423,19,5,C,5C,codB,M9 20 mM glucose pH 7.4,2,15.0,1.577,T8,2-5C,13.0,8.494402346821508
2424,26,12,C,12C,ptsG,M9 20 mM glucose pH 7.4,2,15.0,0.237,T8,2-12C,20.0,1.185377941087522
2425,26,12,B,12B,ptsG,M9 20 mM glucose pH 7.4,2,15.0,0.248,T8,2-12B,20.0,1.2170473447045302
2426,26,12,A,12A,ptsG,M9 20 mM glucose pH 7.4,2,15.0,0.245,T8,2-12A,20.0,1.2059558005201718
2427,50,8,A,8A,cstA,M9 20 mM glucose pH 7.4,4,15.0,1.58,T8,4-8A,13.0,8.11621186791417
2428,30,2,C,2C,znuB,M9 20 mM glucose pH 7.4,3,15.0,1.459,T8,3-2C,14.0,6.738929292929293
2429,0,0,C,0C,WT,M9 20 mM glucose pH 7.4,1,15.0,1.476,T8,1-0C,14.0,5.812479961177644
2430,28,14,B,14B,putP,M9 20 mM glucose pH 7.4,2,15.0,1.516,T8,2-14B,12.0,7.748708537470513
2431,61,5,B,5B,tolC,M9 20 mM glucose pH 7.4,5,15.0,0.064,T8,5-5B,24.0,0.469261501247505
2432,42,14,B,14B,mscL,M9 20 mM glucose pH 7.4,3,15.0,1.549,T8,3-14B,14.0,7.175226002540374
2433,40,12,B,12B,sdaC,M9 20 mM glucose pH 7.4,3,15.0,1.48,T8,3-12B,13.0,8.08587794108752
2434,62,6,B,6B,yahN,M9 20 mM glucose pH 7.4,5,15.0,1.413,T8,5-6B,13.0,7.412752487774451
2435,30,2,B,2B,znuB,M9 20 mM glucose pH 7.4,3,15.0,1.458,T8,3-2B,14.0,6.610495161192766
2436,18,4,A,4A,actP,M9 20 mM glucose pH 7.4,2,15.0,1.556,T8,2-4A,13.0,8.058043549265106
2437,61,5,C,5C,tolC,M9 20 mM glucose pH 7.4,5,15.0,0.056,T8,5-5C,24.0,0.44804058937125746
2438,58,2,B,2B,rhtB,M9 20 mM glucose pH 7.4,5,15.0,1.409,T8,5-2B,12.0,7.483492684231537
2439,0,0,D,0D,WT,M9 20 mM glucose pH 7.4,4,15.0,1.583,T8,4-0D,12.0,9.4443133996507
2440,0,0,C,0C,WT,M9 20 mM glucose pH 7.4,4,15.0,1.523,T8,4-0C,12.0,8.87904539770459
2441,0,0,B,0B,WT,M9 20 mM glucose pH 7.4,4,15.0,1.521,T8,4-0B,12.0,8.629818102844311
2442,0,0,A,0A,WT,M9 20 mM glucose pH 7.4,4,15.0,1.509,T8,4-0A,12.0,8.74296901472056
2443,0,0,D,0D,WT,M9 20 mM glucose pH 7.4,1,15.0,1.505,T8,1-0D,14.0,5.6409046643712575
2444,40,12,C,12C,sdaC,M9 20 mM glucose pH 7.4,3,15.0,1.499,T8,3-12C,13.0,8.118867204983971
2445,25,11,A,11A,gltJ,M9 20 mM glucose pH 7.4,2,15.0,1.529,T8,2-11A,12.0,8.449591529063085
2446,44,2,B,2B,dppB,M9 20 mM glucose pH 7.4,4,15.0,0.255,T8,4-2B,20.0,1.5179702711077845
2447,25,11,B,11B,gltJ,M9 20 mM glucose pH 7.4,2,15.0,1.534,T8,2-11B,12.0,8.43704734470453
2448,24,10,C,10C,nagE,M9 20 mM glucose pH 7.4,2,15.0,1.57,T8,2-10C,13.0,7.487688335450311
2449,24,10,B,10B,nagE,M9 20 mM glucose pH 7.4,2,15.0,1.561,T8,2-10B,13.0,7.6973550021169785
2450,27,13,A,13A,lysP,M9 20 mM glucose pH 7.4,2,15.0,1.512,T8,2-13A,13.0,7.975059335873707
2451,27,13,B,13B,lysP,M9 20 mM glucose pH 7.4,2,15.0,1.416,T8,2-13B,13.0,8.009211274420855
2452,27,13,C,13C,lysP,M9 20 mM glucose pH 7.4,2,15.0,1.524,T8,2-13C,13.0,8.113185810197788
2453,24,10,A,10A,nagE,M9 20 mM glucose pH 7.4,2,15.0,1.55,T8,2-10A,13.0,7.315650668360248
2454,0,0,F,0F,WT,M9 20 mM glucose pH 7.4,1,15.0,1.46,T8,1-0F,14.0,5.406983979441117
2455,0,0,E,0E,WT,M9 20 mM glucose pH 7.4,1,15.0,1.493,T8,1-0E,14.0,5.80565916277445
2456,0,0,B,0B,WT,M9 20 mM glucose pH 7.4,1,15.0,1.491,T8,1-0B,14.0,5.752425715968064
2457,0,0,A,0A,WT,M9 20 mM glucose pH 7.4,1,15.0,1.47,T8,1-0A,14.0,5.8838298477045905
2458,44,2,A,2A,dppB,M9 20 mM glucose pH 7.4,4,15.0,0.245,T8,4-2A,20.0,1.503269446457086
2459,41,13,A,13A,gltP,M9 20 mM glucose pH 7.4,3,15.0,1.563,T8,3-13A,13.0,8.35031207282405
2460,25,11,C,11C,gltJ,M9 20 mM glucose pH 7.4,2,15.0,1.53,T8,2-11C,12.0,7.941412871227242
2461,61,5,A,5A,tolC,M9 20 mM glucose pH 7.4,5,15.0,0.066,T8,5-5A,24.0,0.47891133103792416
2462,30,2,A,2A,znuB,M9 20 mM glucose pH 7.4,3,15.0,1.46,T8,3-2A,14.0,6.664318801790358
2463,46,4,C,4C,gltS,M9 20 mM glucose pH 7.4,4,15.0,1.556,T8,4-4C,13.0,8.44516710798403
2464,29,1,A,1A,gadC,M9 20 mM glucose pH 7.4,3,15.0,1.546,T8,3-1A,14.0,7.8681601342769
2465,29,1,B,1B,gadC,M9 20 mM glucose pH 7.4,3,15.0,1.578,T8,3-1B,14.0,8.412473477287849
2466,13,13,A,13A,mscS,M9 20 mM glucose pH 7.4,1,15.0,1.31,T8,1-13A,16.0,4.009729961177644
2467,54,12,A,12A,pheP,M9 20 mM glucose pH 7.4,4,15.0,1.528,T8,4-12A,12.0,8.405413774650697
2468,23,9,B,9B,acrB,M9 20 mM glucose pH 7.4,2,15.0,1.59,T8,2-9B,12.0,9.196458749168329
2469,33,5,A,5A,artQ,M9 20 mM glucose pH 7.4,3,15.0,1.466,T8,3-5A,14.0,6.572605002116977
2470,39,11,B,11B,fruA,M9 20 mM glucose pH 7.4,3,15.0,1.507,T8,3-11B,13.0,7.491728739490716
2471,23,9,A,9A,acrB,M9 20 mM glucose pH 7.4,2,15.0,1.535,T8,2-9A,12.0,8.991907397326559
2472,13,13,B,13B,mscS,M9 20 mM glucose pH 7.4,1,15.0,1.273,T8,1-13B,16.0,3.8503381679141713
2473,39,11,C,11C,fruA,M9 20 mM glucose pH 7.4,3,15.0,1.488,T8,3-11C,13.0,7.48833227484425
2474,9,9,A,9A,ygaZ,M9 20 mM glucose pH 7.4,1,15.0,1.515,T8,1-9A,14.0,5.119325632984031
2475,29,1,C,1C,gadC,M9 20 mM glucose pH 7.4,3,15.0,1.514,T8,3-1C,14.0,7.528739687292083
2476,47,5,C,5C,mtr,M9 20 mM glucose pH 7.4,4,15.0,1.561,T8,4-5C,13.0,8.348914656037923
2477,0,0,A,0A,WT,M9 20 mM glucose pH 7.4,2,15.0,1.591,T8,2-0A,13.0,8.78109973991411
2478,44,2,C,2C,dppB,M9 20 mM glucose pH 7.4,4,15.0,0.246,T8,4-2C,20.0,1.4919977929141717
2479,33,5,B,5B,artQ,M9 20 mM glucose pH 7.4,3,15.0,1.458,T8,3-5B,14.0,6.6046883354503105
2480,35,7,C,7C,glpF,M9 20 mM glucose pH 7.4,3,15.0,1.535,T8,3-7C,12.0,7.930102476864453
2481,54,12,B,12B,pheP,M9 20 mM glucose pH 7.4,4,15.0,1.526,T8,4-12B,12.0,8.695753857634731
2482,53,11,B,11B,galP,M9 20 mM glucose pH 7.4,4,15.0,1.552,T8,4-11B,12.0,8.90140300249501
2483,53,11,A,11A,galP,M9 20 mM glucose pH 7.4,4,15.0,1.546,T8,4-11A,12.0,8.76047810284431
2484,39,11,A,11A,fruA,M9 20 mM glucose pH 7.4,3,15.0,1.503,T8,3-11A,13.0,7.7770229238492705
2485,13,13,C,13C,mscS,M9 20 mM glucose pH 7.4,1,15.0,1.246,T8,1-13C,16.0,3.7878755762475045
2486,54,12,C,12C,pheP,M9 20 mM glucose pH 7.4,4,15.0,1.526,T8,4-12C,12.0,8.58818149291417
2487,53,11,C,11C,galP,M9 20 mM glucose pH 7.4,4,15.0,1.549,T8,4-11C,12.0,8.812814965968064
2488,42,14,A,14A,mscL,M9 20 mM glucose pH 7.4,3,15.0,1.446,T8,3-14A,14.0,7.280978739490716
2489,33,5,C,5C,artQ,M9 20 mM glucose pH 7.4,3,15.0,1.448,T8,3-5C,14.0,6.490193809350995
2490,23,9,C,9C,acrB,M9 20 mM glucose pH 7.4,2,15.0,1.567,T8,2-9C,12.0,8.941978739490715
2491,60,4,A,4A,metI,M9 20 mM glucose pH 7.4,5,15.0,1.341,T8,5-4A,13.0,7.264861379441117
2492,62,6,A,6A,yahN,M9 20 mM glucose pH 7.4,5,15.0,1.395,T8,5-6A,13.0,7.12887724770459
2493,37,9,A,9A,cycA,M9 20 mM glucose pH 7.4,3,15.0,1.508,T8,3-9A,14.0,7.082418345127926
2494,37,9,B,9B,cycA,M9 20 mM glucose pH 7.4,3,15.0,1.479,T8,3-9B,14.0,6.839781346398112
2495,60,4,C,4C,metI,M9 20 mM glucose pH 7.4,5,15.0,1.316,T8,5-4C,13.0,6.794133115968064
2496,37,9,C,9C,cycA,M9 20 mM glucose pH 7.4,3,15.0,1.478,T8,3-9C,14.0,6.730044607754187
2497,9,9,B,9B,ygaZ,M9 20 mM glucose pH 7.4,1,15.0,1.507,T8,1-9B,14.0,5.154754834580838
2498,9,9,C,9C,ygaZ,M9 20 mM glucose pH 7.4,1,15.0,1.506,T8,1-9C,14.0,5.196584149650699
2499,51,9,C,9C,nupG,M9 20 mM glucose pH 7.4,4,15.0,1.534,T8,4-9C,12.0,8.361630459231536
2500,0,0,F,0F,WT,M9 20 mM glucose pH 7.4,2,15.0,1.507,T8,2-0F,13.0,7.747478739490715
2501,0,0,E,0E,WT,M9 20 mM glucose pH 7.4,2,15.0,1.532,T8,2-0E,13.0,7.982731476441057
2502,32,4,A,4A,focA,M9 20 mM glucose pH 7.4,3,15.0,1.469,T8,3-4A,14.0,7.514329537893909
2503,0,0,D,0D,WT,M9 20 mM glucose pH 7.4,2,15.0,1.558,T8,2-0D,13.0,8.131389100586706
2504,35,7,A,7A,glpF,M9 20 mM glucose pH 7.4,3,15.0,1.539,T8,3-7A,12.0,8.44136720498397
2505,35,7,B,7B,glpF,M9 20 mM glucose pH 7.4,3,15.0,1.549,T8,3-7B,12.0,8.544464223069014
2506,60,4,B,4B,metI,M9 20 mM glucose pH 7.4,5,15.0,1.341,T8,5-4B,13.0,7.211434224301398
2507,51,9,A,9A,nupG,M9 20 mM glucose pH 7.4,4,15.0,1.528,T8,4-9A,12.0,8.40381163263473
2508,31,3,C,3C,glnP,M9 20 mM glucose pH 7.4,3,15.0,1.477,T8,3-3C,13.0,7.586718003387165
2509,31,3,B,3B,glnP,M9 20 mM glucose pH 7.4,3,15.0,1.487,T8,3-3B,13.0,7.425513669630435
2510,31,3,A,3A,glnP,M9 20 mM glucose pH 7.4,3,15.0,1.452,T8,3-3A,13.0,7.202945064416621
2511,32,4,B,4B,focA,M9 20 mM glucose pH 7.4,3,15.0,1.455,T8,3-4B,14.0,7.46223695034174
2512,47,5,A,5A,mtr,M9 20 mM glucose pH 7.4,4,15.0,1.557,T8,4-5A,13.0,8.514478984231538
2513,47,5,B,5B,mtr,M9 20 mM glucose pH 7.4,4,15.0,1.559,T8,4-5B,13.0,8.498562317564868
2514,32,4,C,4C,focA,M9 20 mM glucose pH 7.4,3,15.0,1.466,T8,3-4C,14.0,7.67883227484425
2515,62,6,C,6C,yahN,M9 20 mM glucose pH 7.4,5,15.0,1.405,T8,5-6C,13.0,7.218209294161675
2516,0,0,C,0C,WT,M9 20 mM glucose pH 7.4,2,15.0,1.585,T8,2-0C,13.0,8.754036820298795
2517,46,4,B,4B,gltS,M9 20 mM glucose pH 7.4,4,15.0,1.564,T8,4-4B,13.0,8.658787444161675
2518,46,4,A,4A,gltS,M9 20 mM glucose pH 7.4,4,15.0,1.553,T8,4-4A,13.0,8.63739163263473
2519,51,9,B,9B,nupG,M9 20 mM glucose pH 7.4,4,15.0,1.53,T8,4-9B,12.0,8.474046449301396
2520,0,0,A,0A,WT,M9 20 mM glucose pH 7.4,3,15.0,1.478,T8,3-0A,13.0,8.025326800943567
2521,0,0,B,0B,WT,M9 20 mM glucose pH 7.4,3,15.0,1.477,T8,3-0B,13.0,8.064597002963769
2522,0,0,C,0C,WT,M9 20 mM glucose pH 7.4,3,15.0,1.443,T8,3-0C,13.0,8.503315021472206
2523,65,9,B,9B,hisQ,M9 20 mM glucose pH 7.4,5,15.0,1.279,T8,5-9B,13.0,6.537882431037924
2524,65,9,A,9A,hisQ,M9 20 mM glucose pH 7.4,5,15.0,1.265,T8,5-9A,13.0,6.413147500898203
2525,63,7,A,7A,kgtP,M9 20 mM glucose pH 7.4,5,15.0,1.314,T8,5-7A,12.0,6.951557614371257
2526,3,3,B,3B,ompC,M9 20 mM glucose pH 7.4,1,15.0,1.461,T8,1-3B,14.0,5.503850702844311
2527,3,3,A,3A,ompC,M9 20 mM glucose pH 7.4,1,15.0,1.433,T8,1-3A,14.0,5.602463124301396
2528,14,14,A,14A,sstT,M9 20 mM glucose pH 7.4,1,15.0,1.487,T8,1-14A,14.0,5.489708909580838
2529,6,6,C,6C,ybjE,M9 20 mM glucose pH 7.4,1,15.0,1.493,T8,1-6C,14.0,5.411479961177644
2530,48,6,C,6C,ugpA,M9 20 mM glucose pH 7.4,4,15.0,1.575,T8,4-6C,13.0,8.633706562774451
2531,48,6,B,6B,ugpA,M9 20 mM glucose pH 7.4,4,15.0,1.572,T8,4-6B,13.0,8.77818755763473
2532,48,6,A,6A,ugpA,M9 20 mM glucose pH 7.4,4,15.0,1.569,T8,4-6A,13.0,8.824229180688622
2533,63,7,C,7C,kgtP,M9 20 mM glucose pH 7.4,5,15.0,1.375,T8,5-7C,12.0,6.916396131037923
2534,5,5,A,5A,yddG,M9 20 mM glucose pH 7.4,1,15.0,1.439,T8,1-5A,14.0,5.636184036177645
2535,6,6,B,6B,ybjE,M9 20 mM glucose pH 7.4,1,15.0,1.525,T8,1-6B,14.0,5.701313578193613
2536,5,5,C,5C,yddG,M9 20 mM glucose pH 7.4,1,15.0,1.453,T8,1-5C,14.0,5.82362577270459
2537,55,13,B,13B,tdcC,M9 20 mM glucose pH 7.4,4,15.0,1.529,T8,4-13B,13.0,9.503550376247503
2538,55,13,A,13A,tdcC,M9 20 mM glucose pH 7.4,4,15.0,1.54,T8,4-13A,13.0,9.651142994161676
2539,10,10,A,10A,yeaS,M9 20 mM glucose pH 7.4,1,15.0,1.522,T8,1-10A,14.0,6.008217426247505
2540,10,10,B,10B,yeaS,M9 20 mM glucose pH 7.4,1,15.0,1.548,T8,1-10B,14.0,6.136729961177645
2541,10,10,C,10C,yeaS,M9 20 mM glucose pH 7.4,1,15.0,1.522,T8,1-10C,14.0,6.028775886177645
2542,57,1,C,1C,rhtC,M9 20 mM glucose pH 7.4,4,15.0,1.429,T8,4-1C,15.0,5.651486824301397
2543,55,13,C,13C,tdcC,M9 20 mM glucose pH 7.4,4,15.0,1.534,T8,4-13C,13.0,9.284537239371257
2544,6,6,A,6A,ybjE,M9 20 mM glucose pH 7.4,1,15.0,1.474,T8,1-6A,14.0,5.402958909580839
2545,2,2,A,2A,oppA,M9 20 mM glucose pH 7.4,1,15.0,1.539,T8,1-2A,14.0,5.744609219510977
2546,49,7,A,7A,uhpT,M9 20 mM glucose pH 7.4,4,15.0,1.548,T8,4-7A,13.0,8.732901353193613
2547,5,5,B,5B,yddG,M9 20 mM glucose pH 7.4,1,15.0,1.454,T8,1-5B,14.0,5.777913464720559
2548,65,9,C,9C,hisQ,M9 20 mM glucose pH 7.4,5,15.0,1.308,T8,5-9C,13.0,6.551203229441118
2549,8,8,A,8A,yedA,M9 20 mM glucose pH 7.4,1,15.0,1.527,T8,1-8A,14.0,5.767254834580838
2550,49,7,B,7B,uhpT,M9 20 mM glucose pH 7.4,4,15.0,1.551,T8,4-7B,13.0,8.62525248777445
2551,2,2,C,2C,oppA,M9 20 mM glucose pH 7.4,1,15.0,1.494,T8,1-2C,14.0,5.584909162774451
2552,59,3,B,3B,eamA,M9 20 mM glucose pH 7.4,5,15.0,1.287,T8,5-3B,13.0,6.70527940763473
2553,67,11,C,11C,glpT,M9 20 mM glucose pH 7.4,5,15.0,1.167,T8,5-11C,13.0,5.7014124877744505
2554,59,3,C,3C,eamA,M9 20 mM glucose pH 7.4,5,15.0,1.302,T8,5-3C,13.0,6.630014224301398
2555,57,1,B,1B,rhtC,M9 20 mM glucose pH 7.4,4,15.0,1.475,T8,4-1B,15.0,6.035329276247505
2556,12,12,B,12B,rhtA,M9 20 mM glucose pH 7.4,1,15.0,1.491,T8,1-12B,14.0,5.639838167914172
2557,12,12,A,12A,rhtA,M9 20 mM glucose pH 7.4,1,15.0,1.482,T8,1-12A,14.0,5.336642609580839
2558,67,11,A,11A,glpT,M9 20 mM glucose pH 7.4,5,15.0,1.163,T8,5-11A,13.0,5.74978656277445
2559,67,11,B,11B,glpT,M9 20 mM glucose pH 7.4,5,15.0,1.161,T8,5-11B,13.0,5.717875764371257
2560,7,7,B,7B,satP,M9 20 mM glucose pH 7.4,1,15.0,1.566,T8,1-7B,14.0,6.128813294510978
2561,12,12,C,12C,rhtA,M9 20 mM glucose pH 7.4,1,15.0,1.466,T8,1-12C,14.0,5.464088167914172
2562,7,7,C,7C,satP,M9 20 mM glucose pH 7.4,1,15.0,1.535,T8,1-7C,14.0,5.93794255284431
2563,11,11,C,11C,punC,M9 20 mM glucose pH 7.4,1,15.0,1.243,T8,1-11C,15.0,3.7072922429141713
2564,66,10,C,10C,ansP,M9 20 mM glucose pH 7.4,5,15.0,1.381,T8,5-10C,13.0,7.2591227409680625
2565,66,10,B,10B,ansP,M9 20 mM glucose pH 7.4,5,15.0,1.302,T8,5-10B,13.0,6.887284307285429
2566,59,3,A,3A,eamA,M9 20 mM glucose pH 7.4,5,15.0,1.276,T8,5-3A,13.0,6.487829154441117
2567,66,10,A,10A,ansP,M9 20 mM glucose pH 7.4,5,15.0,1.287,T8,5-10A,13.0,6.842834730688622
2568,11,11,A,11A,punC,M9 20 mM glucose pH 7.4,1,15.0,1.3,T8,1-11A,15.0,3.8680048345808378
2569,4,4,A,4A,ompF,M9 20 mM glucose pH 7.4,1,15.0,1.502,T8,1-4A,14.0,5.287675519510978
2570,4,4,B,4B,ompF,M9 20 mM glucose pH 7.4,1,15.0,1.502,T8,1-4B,14.0,5.416321614720559
2571,4,4,C,4C,ompF,M9 20 mM glucose pH 7.4,1,15.0,1.481,T8,1-4C,14.0,5.310421697704591
2572,43,1,B,1B,livH,M9 20 mM glucose pH 7.4,5,15.0,1.198,T8,5-1B,15.0,4.343766881037924
2573,43,1,C,1C,livH,M9 20 mM glucose pH 7.4,5,15.0,1.159,T8,5-1C,15.0,4.107187482984031
2574,11,11,B,11B,punC,M9 20 mM glucose pH 7.4,1,15.0,1.397,T8,1-11B,15.0,4.222342186177645
2575,3,3,C,3C,ompC,M9 20 mM glucose pH 7.4,1,15.0,1.41,T8,1-3C,14.0,5.38496714256487
2576,14,14,C,14C,sstT,M9 20 mM glucose pH 7.4,1,15.0,1.473,T8,1-14C,14.0,5.403313098053893
2577,63,7,B,7B,kgtP,M9 20 mM glucose pH 7.4,5,15.0,1.311,T8,5-7B,12.0,6.913946074301396
2578,16,2,C,2C,yhjE,M9 20 mM glucose pH 7.4,2,15.0,1.563,T8,2-2C,13.0,8.394387195306356
2579,7,7,A,7A,satP,M9 20 mM glucose pH 7.4,1,15.0,1.567,T8,1-7A,14.0,6.265655144510978
2580,0,0,C,0C,WT,M9 20 mM glucose pH 7.4,5,15.0,1.385,T8,5-0C,12.0,7.814329350898204
2581,45,3,B,3B,dctA,M9 20 mM glucose pH 7.4,4,15.0,1.558,T8,4-3B,13.0,8.251084656037925
2582,45,3,A,3A,dctA,M9 20 mM glucose pH 7.4,4,15.0,1.551,T8,4-3A,13.0,8.318259040968064
2583,22,8,A,8A,setA,M9 20 mM glucose pH 7.4,2,15.0,1.559,T8,2-8A,13.0,9.408658652392184
2584,36,8,A,8A,proP,M9 20 mM glucose pH 7.4,3,15.0,1.552,T8,3-8A,13.0,8.580316064840018
2585,36,8,B,8B,proP,M9 20 mM glucose pH 7.4,3,15.0,1.552,T8,3-8B,13.0,8.44439939817335
2586,16,2,B,2B,yhjE,M9 20 mM glucose pH 7.4,2,15.0,1.64,T8,2-2B,13.0,8.772513669630436
2587,36,8,C,8C,proP,M9 20 mM glucose pH 7.4,3,15.0,1.563,T8,3-8C,13.0,8.472076800943567
2588,14,14,B,14B,sstT,M9 20 mM glucose pH 7.4,1,15.0,1.508,T8,1-14B,14.0,5.513800563123752
2589,42,14,C,14C,mscL,M9 20 mM glucose pH 7.4,3,15.0,1.423,T8,3-14C,14.0,7.07539266920704
2590,18,4,B,4B,actP,M9 20 mM glucose pH 7.4,2,15.0,1.505,T8,2-4B,13.0,7.815625204137179
2591,22,8,C,8C,setA,M9 20 mM glucose pH 7.4,2,15.0,1.571,T8,2-8C,13.0,8.79844128409847
2592,18,4,C,4C,actP,M9 20 mM glucose pH 7.4,2,15.0,1.555,T8,2-4C,13.0,7.570461274420856
2593,41,13,C,13C,gltP,M9 20 mM glucose pH 7.4,3,15.0,1.568,T8,3-13C,13.0,8.645912871227242
2594,52,10,C,10C,emrB,M9 20 mM glucose pH 7.4,4,15.0,1.541,T8,4-10C,12.0,8.348723717914172
2595,52,10,B,10B,emrB,M9 20 mM glucose pH 7.4,4,15.0,1.535,T8,4-10B,12.0,8.41612146242515
2596,52,10,A,10A,emrB,M9 20 mM glucose pH 7.4,4,15.0,1.528,T8,4-10A,12.0,8.46203471277445
2597,17,3,A,3A,adeP,M9 20 mM glucose pH 7.4,2,15.0,1.461,T8,2-3A,14.0,6.013013457932619
2598,17,3,B,3B,adeP,M9 20 mM glucose pH 7.4,2,15.0,1.452,T8,2-3B,14.0,5.92437624750499
2599,0,0,F,0F,WT,M9 20 mM glucose pH 7.4,3,15.0,1.521,T8,3-0F,13.0,8.061010932680094
2600,17,3,C,3C,adeP,M9 20 mM glucose pH 7.4,2,15.0,1.457,T8,2-3C,14.0,5.883091740760902
2601,0,0,E,0E,WT,M9 20 mM glucose pH 7.4,3,15.0,1.504,T8,3-0E,13.0,8.11092486239642
2602,0,0,D,0D,WT,M9 20 mM glucose pH 7.4,3,15.0,1.473,T8,3-0D,13.0,8.209344266013428
2603,20,6,C,6C,aroP,M9 20 mM glucose pH 7.4,2,15.0,1.559,T8,2-6C,13.0,8.705415608177585
2604,20,6,B,6B,aroP,M9 20 mM glucose pH 7.4,2,15.0,1.613,T8,2-6B,13.0,8.926027354382144
2605,41,13,B,13B,gltP,M9 20 mM glucose pH 7.4,3,15.0,1.562,T8,3-13B,13.0,8.705760932680093
2606,45,3,C,3C,dctA,M9 20 mM glucose pH 7.4,4,15.0,1.554,T8,4-3C,13.0,8.162211265968065
2607,22,8,B,8B,setA,M9 20 mM glucose pH 7.4,2,15.0,1.57,T8,2-8B,13.0,8.930361731083288
2608,8,8,B,8B,yedA,M9 20 mM glucose pH 7.4,1,15.0,1.553,T8,1-8B,14.0,5.87450101277445
2609,20,6,A,6A,aroP,M9 20 mM glucose pH 7.4,2,15.0,1.564,T8,2-6A,13.0,8.952637407004174
2610,38,10,C,10C,nupC,M9 20 mM glucose pH 7.4,3,15.0,1.512,T8,3-10C,13.0,8.343324063993226
2611,0,0,A,0A,WT,M9 20 mM glucose pH 7.4,5,15.0,1.382,T8,5-0A,12.0,7.988289211177644
2612,64,8,A,8A,manY,M9 20 mM glucose pH 7.4,5,15.0,1.259,T8,5-8A,13.0,6.470396815968064
2613,1,1,A,1A,tsx,M9 20 mM glucose pH 7.4,1,15.0,1.493,T8,1-1A,14.0,5.670050956037924
2614,1,1,B,1B,tsx,M9 20 mM glucose pH 7.4,1,15.0,1.505,T8,1-1B,14.0,5.623425999650699
2615,1,1,C,1C,tsx,M9 20 mM glucose pH 7.4,1,15.0,1.481,T8,1-1C,14.0,5.331000816317365
2616,64,8,B,8B,manY,M9 20 mM glucose pH 7.4,5,15.0,1.342,T8,5-8B,13.0,6.7682733429141715
2617,64,8,C,8C,manY,M9 20 mM glucose pH 7.4,5,15.0,1.282,T8,5-8C,13.0,6.456283229441118
2618,49,7,C,7C,uhpT,M9 20 mM glucose pH 7.4,4,15.0,1.543,T8,4-7C,13.0,8.514102177844311
2619,0,0,F,0F,WT,M9 20 mM glucose pH 7.4,5,15.0,1.32,T8,5-0F,12.0,7.050538609231537
2620,8,8,C,8C,yedA,M9 20 mM glucose pH 7.4,1,15.0,1.555,T8,1-8C,14.0,6.25127608263473
2621,38,10,B,10B,nupC,M9 20 mM glucose pH 7.4,3,15.0,1.491,T8,3-10B,13.0,8.130220528639692
2622,38,10,A,10A,nupC,M9 20 mM glucose pH 7.4,3,15.0,1.517,T8,3-10A,13.0,8.522228739490716
2623,0,0,B,0B,WT,M9 20 mM glucose pH 7.4,5,15.0,1.35,T8,5-0B,12.0,7.496545079441118
2624,57,1,A,1A,rhtC,M9 20 mM glucose pH 7.4,4,15.0,1.483,T8,4-1A,15.0,5.943230074650699
2625,0,0,E,0E,WT,M9 20 mM glucose pH 7.4,5,15.0,1.322,T8,5-0E,12.0,7.320696074301397
2626,0,0,D,0D,WT,M9 20 mM glucose pH 7.4,5,15.0,1.399,T8,5-0D,12.0,7.724362740968063
2627,2,2,B,2B,oppA,M9 20 mM glucose pH 7.4,1,15.0,1.547,T8,1-2B,14.0,5.906896627844311
2628,56,14,A,14A,dcuA,M9 20 mM glucose pH 7.4,4,15.0,1.451,T8,4-14A,12.0,7.958606798053893
2629,0,0,B,0B,WT,M9 20 mM glucose pH 7.4,2,15.0,1.56,T8,2-0B,13.0,8.886645406157381
2630,16,2,A,2A,yhjE,M9 20 mM glucose pH 7.4,2,15.0,1.619,T8,2-2A,13.0,8.450726002540375
2631,15,1,A,1A,argO,M9 20 mM glucose pH 7.4,2,15.0,1.603,T8,2-1A,13.0,7.750105213814794
2632,15,1,B,1B,argO,M9 20 mM glucose pH 7.4,2,15.0,1.552,T8,2-1B,13.0,7.277041870803847
2633,15,1,C,1C,argO,M9 20 mM glucose pH 7.4,2,15.0,1.566,T8,2-1C,13.0,7.313056810621182
2634,56,14,B,14B,dcuA,M9 20 mM glucose pH 7.4,4,15.0,1.495,T8,4-14B,12.0,8.093695999650699
2635,56,14,C,14C,dcuA,M9 20 mM glucose pH 7.4,4,15.0,1.466,T8,4-14C,12.0,8.081244084580838
2636,43,1,A,1A,livH,M9 20 mM glucose pH 7.4,5,15.0,1.207,T8,5-1A,15.0,4.371804289371257
2637,51,9,B,9B,nupG,M9 20 mM glucose pH 7.4,4,16.0,1.502,T9,4-9B,12.0,9.990129782634728
2638,51,9,C,9C,nupG,M9 20 mM glucose pH 7.4,4,16.0,1.509,T9,4-9C,12.0,9.884547125898203
2639,9,9,C,9C,ygaZ,M9 20 mM glucose pH 7.4,1,16.0,1.577,T9,1-9C,14.0,6.745250816317365
2640,9,9,B,9B,ygaZ,M9 20 mM glucose pH 7.4,1,16.0,1.575,T9,1-9B,14.0,6.702421501247504
2641,0,0,D,0D,WT,M9 20 mM glucose pH 7.4,3,16.0,1.495,T9,3-0D,13.0,9.683927599346761
2642,13,13,A,13A,mscS,M9 20 mM glucose pH 7.4,1,16.0,1.464,T9,1-13A,16.0,5.404063294510978
2643,13,13,B,13B,mscS,M9 20 mM glucose pH 7.4,1,16.0,1.443,T9,1-13B,16.0,5.214504834580838
2644,54,12,A,12A,pheP,M9 20 mM glucose pH 7.4,4,16.0,1.505,T9,4-12A,12.0,9.923080441317364
2645,54,12,B,12B,pheP,M9 20 mM glucose pH 7.4,4,16.0,1.504,T9,4-12B,12.0,10.210920524301397
2646,8,8,A,8A,yedA,M9 20 mM glucose pH 7.4,1,16.0,1.533,T9,1-8A,14.0,7.306754834580837
2647,51,9,A,9A,nupG,M9 20 mM glucose pH 7.4,4,16.0,1.506,T9,4-9A,12.0,9.920728299301397
2648,9,9,A,9A,ygaZ,M9 20 mM glucose pH 7.4,1,16.0,1.571,T9,1-9A,14.0,6.6718256329840315
2649,57,1,C,1C,rhtC,M9 20 mM glucose pH 7.4,4,16.0,1.513,T9,4-1C,15.0,7.126903490968064
2650,60,4,C,4C,metI,M9 20 mM glucose pH 7.4,5,16.0,1.305,T9,5-4C,13.0,8.106966449301398
2651,47,5,A,5A,mtr,M9 20 mM glucose pH 7.4,4,16.0,1.54,T9,4-5A,13.0,10.064645650898203
2652,49,7,C,7C,uhpT,M9 20 mM glucose pH 7.4,4,16.0,1.508,T9,4-7C,13.0,10.041935511177645
2653,57,1,A,1A,rhtC,M9 20 mM glucose pH 7.4,4,16.0,1.509,T9,4-1A,15.0,7.447230074650699
2654,46,4,A,4A,gltS,M9 20 mM glucose pH 7.4,4,16.0,1.523,T9,4-4A,13.0,10.178058299301396
2655,46,4,B,4B,gltS,M9 20 mM glucose pH 7.4,4,16.0,1.534,T9,4-4B,13.0,10.210954110828341
2656,46,4,C,4C,gltS,M9 20 mM glucose pH 7.4,4,16.0,1.534,T9,4-4C,13.0,9.994500441317363
2657,60,4,B,4B,metI,M9 20 mM glucose pH 7.4,5,16.0,1.333,T9,5-4B,13.0,8.549184224301397
2658,60,4,A,4A,metI,M9 20 mM glucose pH 7.4,5,16.0,1.319,T9,5-4A,13.0,8.596361379441117
2659,0,0,F,0F,WT,M9 20 mM glucose pH 7.4,2,16.0,1.514,T9,2-0F,13.0,9.26714540615738
2660,0,0,E,0E,WT,M9 20 mM glucose pH 7.4,2,16.0,1.517,T9,2-0E,13.0,9.522231476441057
2661,8,8,B,8B,yedA,M9 20 mM glucose pH 7.4,1,16.0,1.544,T9,1-8B,14.0,7.432834346107784
2662,8,8,C,8C,yedA,M9 20 mM glucose pH 7.4,1,16.0,1.538,T9,1-8C,14.0,7.807609415968063
2663,5,5,C,5C,yddG,M9 20 mM glucose pH 7.4,1,16.0,1.494,T9,1-5C,14.0,7.302042439371257
2664,0,0,D,0D,WT,M9 20 mM glucose pH 7.4,1,16.0,1.528,T9,1-0D,14.0,7.166404664371258
2665,47,5,C,5C,mtr,M9 20 mM glucose pH 7.4,4,16.0,1.538,T9,4-5C,13.0,9.902747989371257
2666,53,11,B,11B,galP,M9 20 mM glucose pH 7.4,4,16.0,1.525,T9,4-11B,12.0,10.44015300249501
2667,23,9,B,9B,acrB,M9 20 mM glucose pH 7.4,2,16.0,1.567,T9,2-9B,12.0,10.770292082501664
2668,48,6,B,6B,ugpA,M9 20 mM glucose pH 7.4,4,16.0,1.533,T9,4-6B,13.0,10.332687557634731
2669,48,6,C,6C,ugpA,M9 20 mM glucose pH 7.4,4,16.0,1.547,T9,4-6C,13.0,10.197539896107784
2670,44,2,C,2C,dppB,M9 20 mM glucose pH 7.4,4,16.0,0.255,T9,4-2C,20.0,1.742581126247505
2671,49,7,B,7B,uhpT,M9 20 mM glucose pH 7.4,4,16.0,1.515,T9,4-7B,13.0,10.160002487774449
2672,49,7,A,7A,uhpT,M9 20 mM glucose pH 7.4,4,16.0,1.519,T9,4-7A,13.0,10.266151353193614
2673,15,1,C,1C,argO,M9 20 mM glucose pH 7.4,2,16.0,1.603,T9,2-1C,13.0,8.900140143954516
2674,15,1,B,1B,argO,M9 20 mM glucose pH 7.4,2,16.0,1.535,T9,2-1B,13.0,8.828458537470514
2675,15,1,A,1A,argO,M9 20 mM glucose pH 7.4,2,16.0,1.589,T9,2-1A,13.0,9.353605213814795
2676,47,5,B,5B,mtr,M9 20 mM glucose pH 7.4,4,16.0,1.531,T9,4-5B,13.0,10.046062317564868
2677,5,5,B,5B,yddG,M9 20 mM glucose pH 7.4,1,16.0,1.503,T9,1-5B,14.0,7.258663464720559
2678,56,14,A,14A,dcuA,M9 20 mM glucose pH 7.4,4,16.0,1.465,T9,4-14A,12.0,9.413440131387226
2679,17,3,C,3C,adeP,M9 20 mM glucose pH 7.4,2,16.0,1.549,T9,2-3C,14.0,7.383675074094235
2680,6,6,A,6A,ybjE,M9 20 mM glucose pH 7.4,1,16.0,1.509,T9,1-6A,14.0,6.900458909580839
2681,6,6,C,6C,ybjE,M9 20 mM glucose pH 7.4,1,16.0,1.537,T9,1-6C,14.0,6.934479961177644
2682,17,3,A,3A,adeP,M9 20 mM glucose pH 7.4,2,16.0,1.469,T9,2-3A,14.0,7.484846791265953
2683,44,2,A,2A,dppB,M9 20 mM glucose pH 7.4,4,16.0,0.247,T9,4-2A,20.0,1.7497694464570859
2684,44,2,B,2B,dppB,M9 20 mM glucose pH 7.4,4,16.0,0.262,T9,4-2B,20.0,1.776636937774451
2685,53,11,C,11C,galP,M9 20 mM glucose pH 7.4,4,16.0,1.53,T9,4-11C,12.0,10.35298163263473
2686,55,13,C,13C,tdcC,M9 20 mM glucose pH 7.4,4,16.0,1.505,T9,4-13C,13.0,10.80562057270459
2687,55,13,B,13B,tdcC,M9 20 mM glucose pH 7.4,4,16.0,1.506,T9,4-13B,13.0,11.02121704291417
2688,55,13,A,13A,tdcC,M9 20 mM glucose pH 7.4,4,16.0,1.512,T9,4-13A,13.0,11.176809660828342
2689,25,11,C,11C,gltJ,M9 20 mM glucose pH 7.4,2,16.0,1.502,T9,2-11C,12.0,9.461746204560576
2690,56,14,B,14B,dcuA,M9 20 mM glucose pH 7.4,4,16.0,1.468,T9,4-14B,12.0,9.580279332984032
2691,56,14,C,14C,dcuA,M9 20 mM glucose pH 7.4,4,16.0,1.475,T9,4-14C,12.0,9.553910751247505
2692,0,0,C,0C,WT,M9 20 mM glucose pH 7.4,2,16.0,1.559,T9,2-0C,13.0,10.335286820298796
2693,21,7,A,7A,brnQ,M9 20 mM glucose pH 7.4,2,16.0,1.551,T9,2-7A,13.0,10.397932014758362
2694,0,0,A,0A,WT,M9 20 mM glucose pH 7.4,2,16.0,1.553,T9,2-0A,13.0,10.355433073247443
2695,0,0,C,0C,WT,M9 20 mM glucose pH 7.4,4,16.0,1.492,T9,4-0C,12.0,10.386212064371257
2696,14,14,A,14A,sstT,M9 20 mM glucose pH 7.4,1,16.0,1.535,T9,1-14A,14.0,7.005042242914171
2697,0,0,E,0E,WT,M9 20 mM glucose pH 7.4,1,16.0,1.558,T9,1-0E,14.0,7.334409162774451
2698,50,8,A,8A,cstA,M9 20 mM glucose pH 7.4,4,16.0,1.422,T9,4-8A,13.0,9.638378534580838
2699,30,2,C,2C,znuB,M9 20 mM glucose pH 7.4,3,16.0,1.509,T9,3-2C,14.0,8.228262626262627
2700,20,6,A,6A,aroP,M9 20 mM glucose pH 7.4,2,16.0,1.526,T9,2-6A,13.0,10.48705407367084
2701,30,2,A,2A,znuB,M9 20 mM glucose pH 7.4,3,16.0,1.502,T9,3-2A,14.0,8.154568801790358
2702,1,1,C,1C,tsx,M9 20 mM glucose pH 7.4,1,16.0,1.548,T9,1-1C,14.0,6.850917482984032
2703,30,2,B,2B,znuB,M9 20 mM glucose pH 7.4,3,16.0,1.505,T9,3-2B,14.0,8.0953284945261
2704,64,8,A,8A,manY,M9 20 mM glucose pH 7.4,5,16.0,1.25,T9,5-8A,13.0,7.72531348263473
2705,45,3,A,3A,dctA,M9 20 mM glucose pH 7.4,4,16.0,1.524,T9,4-3A,13.0,9.859425707634731
2706,0,0,F,0F,WT,M9 20 mM glucose pH 7.4,4,16.0,1.564,T9,4-0F,12.0,10.737627164720559
2707,0,0,A,0A,WT,M9 20 mM glucose pH 7.4,1,16.0,1.546,T9,1-0A,14.0,7.390413181037924
2708,45,3,B,3B,dctA,M9 20 mM glucose pH 7.4,4,16.0,1.527,T9,4-3B,13.0,9.798167989371258
2709,5,5,A,5A,yddG,M9 20 mM glucose pH 7.4,1,16.0,1.483,T9,1-5A,14.0,7.099767369510978
2710,25,11,A,11A,gltJ,M9 20 mM glucose pH 7.4,2,16.0,1.509,T9,2-11A,12.0,9.964841529063085
2711,20,6,C,6C,aroP,M9 20 mM glucose pH 7.4,2,16.0,1.531,T9,2-6C,13.0,10.285498941510918
2712,1,1,A,1A,tsx,M9 20 mM glucose pH 7.4,1,16.0,1.549,T9,1-1A,14.0,7.1950509560379245
2713,25,11,B,11B,gltJ,M9 20 mM glucose pH 7.4,2,16.0,1.516,T9,2-11B,12.0,9.959964011371197
2714,58,2,A,2A,rhtB,M9 20 mM glucose pH 7.4,5,16.0,1.378,T9,5-2A,12.0,8.76289163263473
2715,20,6,B,6B,aroP,M9 20 mM glucose pH 7.4,2,16.0,1.576,T9,2-6B,13.0,10.565444021048812
2716,1,1,B,1B,tsx,M9 20 mM glucose pH 7.4,1,16.0,1.558,T9,1-1B,14.0,7.159592666317366
2717,0,0,C,0C,WT,M9 20 mM glucose pH 7.4,1,16.0,1.513,T9,1-0C,14.0,7.311813294510977
2718,0,0,B,0B,WT,M9 20 mM glucose pH 7.4,1,16.0,1.539,T9,1-0B,14.0,7.272009049301397
2719,0,0,D,0D,WT,M9 20 mM glucose pH 7.4,2,16.0,1.56,T9,2-0D,13.0,9.702389100586705
2720,0,0,E,0E,WT,M9 20 mM glucose pH 7.4,4,16.0,1.497,T9,4-0E,12.0,10.154669154441118
2721,0,0,D,0D,WT,M9 20 mM glucose pH 7.4,4,16.0,1.568,T9,4-0D,12.0,11.018730066317366
2722,19,5,C,5C,codB,M9 20 mM glucose pH 7.4,2,16.0,1.507,T9,2-5C,13.0,10.041069013488174
2723,64,8,B,8B,manY,M9 20 mM glucose pH 7.4,5,16.0,1.326,T9,5-8B,13.0,8.103940009580839
2724,10,10,B,10B,yeaS,M9 20 mM glucose pH 7.4,1,16.0,1.561,T9,1-10B,14.0,7.699813294510978
2725,10,10,C,10C,yeaS,M9 20 mM glucose pH 7.4,1,16.0,1.563,T9,1-10C,14.0,7.579942552844312
2726,57,1,B,1B,rhtC,M9 20 mM glucose pH 7.4,4,16.0,1.51,T9,4-1B,15.0,7.5350792762475045
2727,64,8,C,8C,manY,M9 20 mM glucose pH 7.4,5,16.0,1.27,T9,5-8C,13.0,7.733449896107785
2728,19,5,A,5A,codB,M9 20 mM glucose pH 7.4,2,16.0,1.535,T9,2-5A,13.0,10.142726002540373
2729,45,3,C,3C,dctA,M9 20 mM glucose pH 7.4,4,16.0,1.523,T9,4-3C,13.0,9.707461265968064
2730,58,2,B,2B,rhtB,M9 20 mM glucose pH 7.4,5,16.0,1.394,T9,5-2B,12.0,8.886076017564871
2731,50,8,C,8C,cstA,M9 20 mM glucose pH 7.4,4,16.0,1.49,T9,4-8C,13.0,9.568583172704592
2732,50,8,B,8B,cstA,M9 20 mM glucose pH 7.4,4,16.0,1.471,T9,4-8B,13.0,9.462926994510978
2733,0,0,A,0A,WT,M9 20 mM glucose pH 7.4,4,16.0,1.484,T9,4-0A,12.0,10.23921901472056
2734,19,5,B,5B,codB,M9 20 mM glucose pH 7.4,2,16.0,1.529,T9,2-5B,13.0,10.224114679731446
2735,0,0,B,0B,WT,M9 20 mM glucose pH 7.4,2,16.0,1.523,T9,2-0B,13.0,10.431145406157382
2736,17,3,B,3B,adeP,M9 20 mM glucose pH 7.4,2,16.0,1.495,T9,2-3B,14.0,7.400542914171657
2737,10,10,A,10A,yeaS,M9 20 mM glucose pH 7.4,1,16.0,1.549,T9,1-10A,14.0,7.5499674262475045
2738,21,7,B,7B,brnQ,M9 20 mM glucose pH 7.4,2,16.0,1.562,T9,2-7B,13.0,8.396837537047118
2739,21,7,C,7C,brnQ,M9 20 mM glucose pH 7.4,2,16.0,1.507,T9,2-7C,13.0,8.220943809350995
2740,0,0,E,0E,WT,M9 20 mM glucose pH 7.4,5,16.0,1.3,T9,5-0E,12.0,8.631862740968064
2741,14,14,C,14C,sstT,M9 20 mM glucose pH 7.4,1,16.0,1.511,T9,1-14C,14.0,6.902229764720559
2742,0,0,F,0F,WT,M9 20 mM glucose pH 7.4,1,16.0,1.537,T9,1-0F,14.0,6.9109839794411165
2743,14,14,B,14B,sstT,M9 20 mM glucose pH 7.4,1,16.0,1.538,T9,1-14B,14.0,7.043717229790419
2744,58,2,C,2C,rhtB,M9 20 mM glucose pH 7.4,5,16.0,1.385,T9,5-2C,12.0,8.366461746107783
2745,0,0,D,0D,WT,M9 20 mM glucose pH 7.4,5,16.0,1.377,T9,5-0D,12.0,9.11402940763473
2746,0,0,C,0C,WT,M9 20 mM glucose pH 7.4,5,16.0,1.386,T9,5-0C,12.0,9.19899601756487
2747,0,0,B,0B,WT,M9 20 mM glucose pH 7.4,5,16.0,1.305,T9,5-0B,12.0,8.826961746107784
2748,0,0,A,0A,WT,M9 20 mM glucose pH 7.4,5,16.0,1.361,T9,5-0A,12.0,9.360622544510978
2749,0,0,F,0F,WT,M9 20 mM glucose pH 7.4,5,16.0,1.305,T9,5-0F,12.0,8.36387194256487
2750,54,12,C,12C,pheP,M9 20 mM glucose pH 7.4,4,16.0,1.505,T9,4-12C,12.0,10.104348159580837
2751,53,11,A,11A,galP,M9 20 mM glucose pH 7.4,4,16.0,1.531,T9,4-11A,12.0,10.298811436177644
2752,63,7,A,7A,kgtP,M9 20 mM glucose pH 7.4,5,16.0,1.297,T9,5-7A,12.0,8.25914094770459
2753,23,9,C,9C,acrB,M9 20 mM glucose pH 7.4,2,16.0,1.531,T9,2-9C,12.0,10.492812072824048
2754,7,7,C,7C,satP,M9 20 mM glucose pH 7.4,1,16.0,1.553,T9,1-7C,14.0,7.489359219510977
2755,32,4,A,4A,focA,M9 20 mM glucose pH 7.4,3,16.0,1.49,T9,3-4A,14.0,9.004079537893908
2756,40,12,C,12C,sdaC,M9 20 mM glucose pH 7.4,3,16.0,1.476,T9,3-12C,13.0,9.608367204983972
2757,40,12,B,12B,sdaC,M9 20 mM glucose pH 7.4,3,16.0,1.46,T9,3-12B,13.0,9.551211274420854
2758,40,12,A,12A,sdaC,M9 20 mM glucose pH 7.4,3,16.0,1.461,T9,3-12A,13.0,9.639412871227242
2759,29,1,C,1C,gadC,M9 20 mM glucose pH 7.4,3,16.0,1.513,T9,3-1C,14.0,9.05315635395875
2760,4,4,A,4A,ompF,M9 20 mM glucose pH 7.4,1,16.0,1.547,T9,1-4A,14.0,6.8211755195109784
2761,4,4,B,4B,ompF,M9 20 mM glucose pH 7.4,1,16.0,1.544,T9,1-4B,14.0,6.946988281387226
2762,4,4,C,4C,ompF,M9 20 mM glucose pH 7.4,1,16.0,1.534,T9,1-4C,14.0,6.824338364371258
2763,62,6,B,6B,yahN,M9 20 mM glucose pH 7.4,5,16.0,1.397,T9,5-6B,13.0,8.819585821107784
2764,62,6,C,6C,yahN,M9 20 mM glucose pH 7.4,5,16.0,1.389,T9,5-6C,13.0,8.617125960828343
2765,43,1,B,1B,livH,M9 20 mM glucose pH 7.4,5,16.0,1.282,T9,5-1B,15.0,5.590933547704591
2766,7,7,B,7B,satP,M9 20 mM glucose pH 7.4,1,16.0,1.56,T9,1-7B,14.0,7.7023132945109785
2767,0,0,E,0E,WT,M9 20 mM glucose pH 7.4,3,16.0,1.494,T9,3-0E,13.0,9.612508195729752
2768,67,11,A,11A,glpT,M9 20 mM glucose pH 7.4,5,16.0,1.155,T9,5-11A,13.0,6.91103656277445
2769,67,11,C,11C,glpT,M9 20 mM glucose pH 7.4,5,16.0,1.17,T9,5-11C,13.0,6.87041248777445
2770,16,2,A,2A,yhjE,M9 20 mM glucose pH 7.4,2,16.0,1.591,T9,2-2A,13.0,10.045726002540373
2771,16,2,B,2B,yhjE,M9 20 mM glucose pH 7.4,2,16.0,1.611,T9,2-2B,13.0,10.391013669630436
2772,11,11,C,11C,punC,M9 20 mM glucose pH 7.4,1,16.0,1.403,T9,1-11C,15.0,5.038208909580838
2773,11,11,B,11B,punC,M9 20 mM glucose pH 7.4,1,16.0,1.53,T9,1-11B,15.0,5.696675519510979
2774,11,11,A,11A,punC,M9 20 mM glucose pH 7.4,1,16.0,1.463,T9,1-11A,15.0,5.257838167914171
2775,16,2,C,2C,yhjE,M9 20 mM glucose pH 7.4,2,16.0,1.528,T9,2-2C,13.0,9.946220528639689
2776,42,14,C,14C,mscL,M9 20 mM glucose pH 7.4,3,16.0,1.394,T9,3-14C,14.0,8.514726002540373
2777,7,7,A,7A,satP,M9 20 mM glucose pH 7.4,1,16.0,1.543,T9,1-7A,14.0,7.828738477844311
2778,42,14,A,14A,mscL,M9 20 mM glucose pH 7.4,3,16.0,1.37,T9,3-14A,14.0,8.733145406157382
2779,59,3,A,3A,eamA,M9 20 mM glucose pH 7.4,5,16.0,1.265,T9,5-3A,13.0,7.760495821107784
2780,28,14,B,14B,putP,M9 20 mM glucose pH 7.4,2,16.0,1.498,T9,2-14B,12.0,9.283791870803846
2781,24,10,C,10C,nagE,M9 20 mM glucose pH 7.4,2,16.0,1.546,T9,2-10C,13.0,9.056438335450311
2782,39,11,A,11A,fruA,M9 20 mM glucose pH 7.4,3,16.0,1.483,T9,3-11A,13.0,9.278356257182605
2783,0,0,B,0B,WT,M9 20 mM glucose pH 7.4,4,16.0,1.489,T9,4-0B,12.0,10.135068102844311
2784,34,6,B,6B,rbsC,M9 20 mM glucose pH 7.4,3,16.0,1.47,T9,3-6B,13.0,9.07924073065989
2785,34,6,A,6A,rbsC,M9 20 mM glucose pH 7.4,3,16.0,1.48,T9,3-6A,13.0,9.078660134276902
2786,27,13,A,13A,lysP,M9 20 mM glucose pH 7.4,2,16.0,1.467,T9,2-13A,13.0,9.475392669207041
2787,39,11,B,11B,fruA,M9 20 mM glucose pH 7.4,3,16.0,1.49,T9,3-11B,13.0,8.998478739490716
2788,23,9,A,9A,acrB,M9 20 mM glucose pH 7.4,2,16.0,1.507,T9,2-9A,12.0,10.507574063993225
2789,26,12,A,12A,ptsG,M9 20 mM glucose pH 7.4,2,16.0,0.28,T9,2-12A,20.0,1.4687058005201719
2790,43,1,A,1A,livH,M9 20 mM glucose pH 7.4,5,16.0,1.271,T9,5-1A,15.0,5.61938762270459
2791,32,4,C,4C,focA,M9 20 mM glucose pH 7.4,3,16.0,1.498,T9,3-4C,14.0,9.168498941510917
2792,32,4,B,4B,focA,M9 20 mM glucose pH 7.4,3,16.0,1.482,T9,3-4B,14.0,8.939070283675074
2793,34,6,C,6C,rbsC,M9 20 mM glucose pH 7.4,3,16.0,1.481,T9,3-6C,13.0,8.573918345127925
2794,26,12,B,12B,ptsG,M9 20 mM glucose pH 7.4,2,16.0,0.288,T9,2-12B,20.0,1.483964011371197
2795,3,3,C,3C,ompC,M9 20 mM glucose pH 7.4,1,16.0,1.468,T9,1-3C,14.0,6.827217142564869
2796,29,1,A,1A,gadC,M9 20 mM glucose pH 7.4,3,16.0,1.493,T9,3-1A,14.0,9.408326800943566
2797,27,13,B,13B,lysP,M9 20 mM glucose pH 7.4,2,16.0,1.456,T9,2-13B,13.0,9.388211274420854
2798,27,13,C,13C,lysP,M9 20 mM glucose pH 7.4,2,16.0,1.528,T9,2-13C,13.0,9.64151914353112
2799,39,11,C,11C,fruA,M9 20 mM glucose pH 7.4,3,16.0,1.487,T9,3-11C,13.0,8.984832274844251
2800,26,12,C,12C,ptsG,M9 20 mM glucose pH 7.4,2,16.0,0.278,T9,2-12C,20.0,1.4412112744208552
2801,62,6,A,6A,yahN,M9 20 mM glucose pH 7.4,5,16.0,1.382,T9,5-6A,13.0,8.519210581037925
2802,29,1,B,1B,gadC,M9 20 mM glucose pH 7.4,3,16.0,1.571,T9,3-1B,14.0,10.00747347728785
2803,3,3,A,3A,ompC,M9 20 mM glucose pH 7.4,1,16.0,1.478,T9,1-3A,14.0,7.059713124301396
2804,3,3,B,3B,ompC,M9 20 mM glucose pH 7.4,1,16.0,1.476,T9,1-3B,14.0,6.980267369510978
2805,24,10,A,10A,nagE,M9 20 mM glucose pH 7.4,2,16.0,1.523,T9,2-10A,13.0,8.855484001693581
2806,66,10,C,10C,ansP,M9 20 mM glucose pH 7.4,5,16.0,1.373,T9,5-10C,13.0,8.636956074301395
2807,66,10,B,10B,ansP,M9 20 mM glucose pH 7.4,5,16.0,1.283,T9,5-10B,13.0,8.180867640618763
2808,66,10,A,10A,ansP,M9 20 mM glucose pH 7.4,5,16.0,1.264,T9,5-10A,13.0,8.119751397355289
2809,2,2,A,2A,oppA,M9 20 mM glucose pH 7.4,1,16.0,1.545,T9,1-2A,14.0,7.295359219510977
2810,33,5,A,5A,artQ,M9 20 mM glucose pH 7.4,3,16.0,1.477,T9,3-5A,14.0,8.05843833545031
2811,2,2,B,2B,oppA,M9 20 mM glucose pH 7.4,1,16.0,1.569,T9,1-2B,14.0,7.472146627844311
2812,61,5,B,5B,tolC,M9 20 mM glucose pH 7.4,5,16.0,0.078,T9,5-5B,24.0,0.5399281679141716
2813,36,8,B,8B,proP,M9 20 mM glucose pH 7.4,3,16.0,1.529,T9,3-8B,13.0,9.986816064840017
2814,36,8,A,8A,proP,M9 20 mM glucose pH 7.4,3,16.0,1.522,T9,3-8A,13.0,10.11614939817335
2815,31,3,A,3A,glnP,M9 20 mM glucose pH 7.4,3,16.0,1.457,T9,3-3A,13.0,8.66119506441662
2816,31,3,B,3B,glnP,M9 20 mM glucose pH 7.4,3,16.0,1.468,T9,3-3B,13.0,8.913347002963768
2817,31,3,C,3C,glnP,M9 20 mM glucose pH 7.4,3,16.0,1.48,T9,3-3C,13.0,9.069968003387164
2818,22,8,A,8A,setA,M9 20 mM glucose pH 7.4,2,16.0,1.53,T9,2-8A,13.0,10.957491985725518
2819,37,9,C,9C,cycA,M9 20 mM glucose pH 7.4,3,16.0,1.49,T9,3-9C,14.0,8.22787794108752
2820,33,5,B,5B,artQ,M9 20 mM glucose pH 7.4,3,16.0,1.473,T9,3-5B,14.0,8.084438335450312
2821,61,5,C,5C,tolC,M9 20 mM glucose pH 7.4,5,16.0,0.069,T9,5-5C,24.0,0.5100405893712574
2822,22,8,B,8B,setA,M9 20 mM glucose pH 7.4,2,16.0,1.544,T9,2-8B,13.0,10.473195064416622
2823,67,11,B,11B,glpT,M9 20 mM glucose pH 7.4,5,16.0,1.158,T9,5-11B,13.0,6.877375764371257
2824,38,10,A,10A,nupC,M9 20 mM glucose pH 7.4,3,16.0,1.484,T9,3-10A,13.0,10.020145406157383
2825,61,5,A,5A,tolC,M9 20 mM glucose pH 7.4,5,16.0,0.08,T9,5-5A,24.0,0.5516613310379241
2826,36,8,C,8C,proP,M9 20 mM glucose pH 7.4,3,16.0,1.542,T9,3-8C,13.0,10.032993467610233
2827,42,14,B,14B,mscL,M9 20 mM glucose pH 7.4,3,16.0,1.369,T9,3-14B,14.0,8.721059335873706
2828,13,13,C,13C,mscS,M9 20 mM glucose pH 7.4,1,16.0,1.411,T9,1-13C,16.0,5.123375576247504
2829,6,6,B,6B,ybjE,M9 20 mM glucose pH 7.4,1,16.0,1.517,T9,1-6B,14.0,7.232396911526946
2830,18,4,C,4C,actP,M9 20 mM glucose pH 7.4,2,16.0,1.537,T9,2-4C,13.0,9.103544607754188
2831,18,4,B,4B,actP,M9 20 mM glucose pH 7.4,2,16.0,1.475,T9,2-4B,13.0,9.277125204137178
2832,18,4,A,4A,actP,M9 20 mM glucose pH 7.4,2,16.0,1.529,T9,2-4A,13.0,9.586376882598438
2833,52,10,A,10A,emrB,M9 20 mM glucose pH 7.4,4,16.0,1.508,T9,4-10A,12.0,9.979451379441116
2834,52,10,B,10B,emrB,M9 20 mM glucose pH 7.4,4,16.0,1.509,T9,4-10B,12.0,9.938371462425149
2835,52,10,C,10C,emrB,M9 20 mM glucose pH 7.4,4,16.0,1.524,T9,4-10C,12.0,9.881723717914172
2836,48,6,A,6A,ugpA,M9 20 mM glucose pH 7.4,4,16.0,1.539,T9,4-6A,13.0,10.378895847355288
2837,22,8,C,8C,setA,M9 20 mM glucose pH 7.4,2,16.0,1.542,T9,2-8C,13.0,10.359024617431803
2838,38,10,C,10C,nupC,M9 20 mM glucose pH 7.4,3,16.0,1.486,T9,3-10C,13.0,9.839240730659892
2839,37,9,B,9B,cycA,M9 20 mM glucose pH 7.4,3,16.0,1.485,T9,3-9B,14.0,8.333781346398112
2840,37,9,A,9A,cycA,M9 20 mM glucose pH 7.4,3,16.0,1.516,T9,3-9A,14.0,8.608585011794592
2841,35,7,A,7A,glpF,M9 20 mM glucose pH 7.4,3,16.0,1.507,T9,3-7A,12.0,9.959033871650638
2842,12,12,A,12A,rhtA,M9 20 mM glucose pH 7.4,1,16.0,1.534,T9,1-12A,14.0,6.851059276247505
2843,12,12,B,12B,rhtA,M9 20 mM glucose pH 7.4,1,16.0,1.556,T9,1-12B,14.0,7.165588167914172
2844,0,0,A,0A,WT,M9 20 mM glucose pH 7.4,3,16.0,1.457,T9,3-0A,13.0,9.494993467610232
2845,0,0,B,0B,WT,M9 20 mM glucose pH 7.4,3,16.0,1.46,T9,3-0B,13.0,9.527347002963769
2846,0,0,C,0C,WT,M9 20 mM glucose pH 7.4,3,16.0,1.42,T9,3-0C,13.0,9.933065021472206
2847,41,13,C,13C,gltP,M9 20 mM glucose pH 7.4,3,16.0,1.545,T9,3-13C,13.0,10.20607953789391
2848,41,13,B,13B,gltP,M9 20 mM glucose pH 7.4,3,16.0,1.537,T9,3-13B,13.0,10.258927599346759
2849,0,0,F,0F,WT,M9 20 mM glucose pH 7.4,3,16.0,1.497,T9,3-0F,13.0,9.586260932680094
2850,65,9,C,9C,hisQ,M9 20 mM glucose pH 7.4,5,16.0,1.294,T9,5-9C,13.0,7.853536562774451
2851,65,9,B,9B,hisQ,M9 20 mM glucose pH 7.4,5,16.0,1.273,T9,5-9B,13.0,7.814049097704591
2852,41,13,A,13A,gltP,M9 20 mM glucose pH 7.4,3,16.0,1.542,T9,3-13A,13.0,9.905145406157382
2853,35,7,B,7B,glpF,M9 20 mM glucose pH 7.4,3,16.0,1.514,T9,3-7B,12.0,10.07013088973568
2854,35,7,C,7C,glpF,M9 20 mM glucose pH 7.4,3,16.0,1.512,T9,3-7C,12.0,9.448852476864452
2855,65,9,A,9A,hisQ,M9 20 mM glucose pH 7.4,5,16.0,1.251,T9,5-9A,13.0,7.672647500898203
2856,2,2,C,2C,oppA,M9 20 mM glucose pH 7.4,1,16.0,1.555,T9,1-2C,14.0,7.1152424961077845
2857,24,10,B,10B,nagE,M9 20 mM glucose pH 7.4,2,16.0,1.534,T9,2-10B,13.0,9.251105002116978
2858,33,5,C,5C,artQ,M9 20 mM glucose pH 7.4,3,16.0,1.478,T9,3-5C,14.0,7.963943809350994
2859,38,10,B,10B,nupC,M9 20 mM glucose pH 7.4,3,16.0,1.469,T9,3-10B,13.0,9.607887195306358
2860,28,14,C,14C,putP,M9 20 mM glucose pH 7.4,2,16.0,1.546,T9,2-14C,12.0,9.543534083348455
2861,63,7,B,7B,kgtP,M9 20 mM glucose pH 7.4,5,16.0,1.302,T9,5-7B,12.0,8.221196074301396
2862,28,14,A,14A,putP,M9 20 mM glucose pH 7.4,2,16.0,1.487,T9,2-14A,12.0,9.342372467186838
2863,59,3,C,3C,eamA,M9 20 mM glucose pH 7.4,5,16.0,1.292,T9,5-3C,13.0,7.9288475576347315
2864,43,1,C,1C,livH,M9 20 mM glucose pH 7.4,5,16.0,1.261,T9,5-1C,15.0,5.3245208163173645
2865,63,7,C,7C,kgtP,M9 20 mM glucose pH 7.4,5,16.0,1.358,T9,5-7C,12.0,8.28631279770459
2866,12,12,C,12C,rhtA,M9 20 mM glucose pH 7.4,1,16.0,1.532,T9,1-12C,14.0,6.968004834580839
2867,59,3,B,3B,eamA,M9 20 mM glucose pH 7.4,5,16.0,1.282,T9,5-3B,13.0,7.988362740968063
2868,1,1,C,1C,tsx,M9 20 mM glucose pH 7.4,1,17.0,1.502,,1-1C,14.0,8.389334149650699
2869,1,1,B,1B,tsx,M9 20 mM glucose pH 7.4,1,17.0,1.544,,1-1B,14.0,8.717092666317367
2870,12,12,A,12A,rhtA,M9 20 mM glucose pH 7.4,1,17.0,1.552,,1-12A,14.0,8.393309276247505
2871,6,6,C,6C,ybjE,M9 20 mM glucose pH 7.4,1,17.0,1.505,,1-6C,14.0,8.46014662784431
2872,6,6,B,6B,ybjE,M9 20 mM glucose pH 7.4,1,17.0,1.49,,1-6B,14.0,8.72898024486028
2873,14,14,C,14C,sstT,M9 20 mM glucose pH 7.4,1,17.0,1.512,,1-14C,14.0,8.412979764720559
2874,11,11,A,11A,punC,M9 20 mM glucose pH 7.4,1,17.0,1.556,,1-11A,15.0,6.770671501247504
2875,11,11,B,11B,punC,M9 20 mM glucose pH 7.4,1,17.0,1.581,,1-11B,15.0,7.255008852844312
2876,11,11,C,11C,punC,M9 20 mM glucose pH 7.4,1,17.0,1.54,,1-11C,15.0,6.505625576247504
2877,1,1,A,1A,tsx,M9 20 mM glucose pH 7.4,1,17.0,1.536,,1-1A,14.0,8.745050956037923
2878,6,6,A,6A,ybjE,M9 20 mM glucose pH 7.4,1,17.0,1.481,,1-6A,14.0,8.399958909580839
2879,5,5,C,5C,yddG,M9 20 mM glucose pH 7.4,1,17.0,1.464,,1-5C,14.0,8.787959106037924
2880,7,7,B,7B,satP,M9 20 mM glucose pH 7.4,1,17.0,1.511,,1-7B,14.0,9.234479961177644
2881,2,2,A,2A,oppA,M9 20 mM glucose pH 7.4,1,17.0,1.512,,1-2A,14.0,8.821609219510977
2882,14,14,A,14A,sstT,M9 20 mM glucose pH 7.4,1,17.0,1.509,,1-14A,14.0,8.53504224291417
2883,5,5,B,5B,yddG,M9 20 mM glucose pH 7.4,1,17.0,1.459,,1-5B,14.0,8.752913464720558
2884,2,2,B,2B,oppA,M9 20 mM glucose pH 7.4,1,17.0,1.506,,1-2B,14.0,9.016563294510977
2885,0,0,E,0E,WT,M9 20 mM glucose pH 7.4,1,17.0,1.511,,1-0E,14.0,8.884325829441117
2886,0,0,F,0F,WT,M9 20 mM glucose pH 7.4,1,17.0,1.518,,1-0F,14.0,8.448983979441117
2887,3,3,B,3B,ompC,M9 20 mM glucose pH 7.4,1,17.0,1.429,,1-3B,14.0,8.435184036177644
2888,5,5,A,5A,yddG,M9 20 mM glucose pH 7.4,1,17.0,1.452,,1-5A,14.0,8.577184036177645
2889,7,7,A,7A,satP,M9 20 mM glucose pH 7.4,1,17.0,1.514,,1-7A,14.0,9.349988477844311
2890,14,14,B,14B,sstT,M9 20 mM glucose pH 7.4,1,17.0,1.514,,1-14B,14.0,8.571800563123752
2891,12,12,C,12C,rhtA,M9 20 mM glucose pH 7.4,1,17.0,1.523,,1-12C,14.0,8.503088167914171
2892,3,3,C,3C,ompC,M9 20 mM glucose pH 7.4,1,17.0,1.438,,1-3C,14.0,8.291633809231536
2893,13,13,C,13C,mscS,M9 20 mM glucose pH 7.4,1,17.0,1.522,,1-13C,16.0,6.591875576247505
2894,4,4,C,4C,ompF,M9 20 mM glucose pH 7.4,1,17.0,1.541,,1-4C,14.0,8.363088364371258
2895,8,8,B,8B,yedA,M9 20 mM glucose pH 7.4,1,17.0,1.515,,1-8B,14.0,8.955834346107784
2896,8,8,C,8C,yedA,M9 20 mM glucose pH 7.4,1,17.0,1.507,,1-8C,14.0,9.322609415968063
2897,13,13,B,13B,mscS,M9 20 mM glucose pH 7.4,1,17.0,1.538,,1-13B,16.0,6.711338167914171
2898,13,13,A,13A,mscS,M9 20 mM glucose pH 7.4,1,17.0,1.553,,1-13A,16.0,6.916063294510978
2899,8,8,A,8A,yedA,M9 20 mM glucose pH 7.4,1,17.0,1.515,,1-8A,14.0,8.825254834580837
2900,4,4,B,4B,ompF,M9 20 mM glucose pH 7.4,1,17.0,1.525,,1-4B,14.0,8.483988281387225
2901,10,10,A,10A,yeaS,M9 20 mM glucose pH 7.4,1,17.0,1.51,,1-10A,14.0,9.084217426247506
2902,10,10,B,10B,yeaS,M9 20 mM glucose pH 7.4,1,17.0,1.537,,1-10B,14.0,9.246396627844312
2903,0,0,C,0C,WT,M9 20 mM glucose pH 7.4,1,17.0,1.511,,1-0C,14.0,8.825479961177644
2904,0,0,B,0B,WT,M9 20 mM glucose pH 7.4,1,17.0,1.506,,1-0B,14.0,8.803425715968064
2905,0,0,A,0A,WT,M9 20 mM glucose pH 7.4,1,17.0,1.517,,1-0A,14.0,8.94082984770459
2906,9,9,C,9C,ygaZ,M9 20 mM glucose pH 7.4,1,17.0,1.57,,1-9C,14.0,8.324584149650699
2907,9,9,B,9B,ygaZ,M9 20 mM glucose pH 7.4,1,17.0,1.551,,1-9B,14.0,8.27408816791417
2908,9,9,A,9A,ygaZ,M9 20 mM glucose pH 7.4,1,17.0,1.553,,1-9A,14.0,8.236658966317364
2909,4,4,A,4A,ompF,M9 20 mM glucose pH 7.4,1,17.0,1.526,,1-4A,14.0,8.359675519510978
2910,7,7,C,7C,satP,M9 20 mM glucose pH 7.4,1,17.0,1.511,,1-7C,14.0,9.02394255284431
2911,3,3,A,3A,ompC,M9 20 mM glucose pH 7.4,1,17.0,1.419,,1-3A,14.0,8.52379645763473
2912,2,2,C,2C,oppA,M9 20 mM glucose pH 7.4,1,17.0,1.539,,1-2C,14.0,8.669242496107785
2913,10,10,C,10C,yeaS,M9 20 mM glucose pH 7.4,1,17.0,1.54,,1-10C,14.0,9.133442552844311
2914,12,12,B,12B,rhtA,M9 20 mM glucose pH 7.4,1,17.0,1.536,,1-12B,14.0,8.723504834580838
2915,0,0,D,0D,WT,M9 20 mM glucose pH 7.4,1,17.0,1.501,,1-0D,14.0,8.680237997704591
2916,48,6,C,6C,ugpA,M9 20 mM glucose pH 7.4,4,20.0,1.453,T10,4-6C,13.0,16.184956562774452
2917,63,7,C,7C,kgtP,M9 20 mM glucose pH 7.4,5,20.0,1.291,T10,5-7C,12.0,13.580354464371258
2918,6,6,A,6A,ybjE,M9 20 mM glucose pH 7.4,1,20.0,1.452,T10,1-6A,14.0,12.77883390958084
2919,44,2,B,2B,dppB,M9 20 mM glucose pH 7.4,4,20.0,0.35,T10,4-2B,20.0,2.9679702711077844
2920,6,6,C,6C,ybjE,M9 20 mM glucose pH 7.4,1,20.0,1.476,T10,1-6C,14.0,12.90652162784431
2921,66,10,C,10C,ansP,M9 20 mM glucose pH 7.4,5,20.0,1.369,T10,5-10C,13.0,14.104956074301395
2922,7,7,A,7A,satP,M9 20 mM glucose pH 7.4,1,20.0,1.489,T10,1-7A,14.0,13.831238477844312
2923,66,10,A,10A,ansP,M9 20 mM glucose pH 7.4,5,20.0,1.14,T10,5-10A,13.0,12.943668064021956
2924,66,10,B,10B,ansP,M9 20 mM glucose pH 7.4,5,20.0,1.167,T10,5-10B,13.0,13.101450973952096
2925,63,7,B,7B,kgtP,M9 20 mM glucose pH 7.4,5,20.0,1.191,T10,5-7B,12.0,13.247071074301397
2926,49,7,A,7A,uhpT,M9 20 mM glucose pH 7.4,4,20.0,1.444,T10,4-7A,13.0,16.170193019860278
2927,67,11,B,11B,glpT,M9 20 mM glucose pH 7.4,5,20.0,1.07,T10,5-11B,13.0,11.374542431037924
2928,67,11,A,11A,glpT,M9 20 mM glucose pH 7.4,5,20.0,1.072,T10,5-11A,13.0,11.39041156277445
2929,2,2,B,2B,oppA,M9 20 mM glucose pH 7.4,1,20.0,1.514,T10,1-2B,14.0,13.472688294510977
2930,2,2,C,2C,oppA,M9 20 mM glucose pH 7.4,1,20.0,1.509,T10,1-2C,14.0,13.234492496107784
2931,65,9,C,9C,hisQ,M9 20 mM glucose pH 7.4,5,20.0,1.202,T10,5-9C,13.0,12.863703229441118
2932,65,9,B,9B,hisQ,M9 20 mM glucose pH 7.4,5,20.0,1.166,T10,5-9B,13.0,12.736840764371259
2933,65,9,A,9A,hisQ,M9 20 mM glucose pH 7.4,5,20.0,1.128,T10,5-9A,13.0,12.46543916756487
2934,48,6,B,6B,ugpA,M9 20 mM glucose pH 7.4,4,20.0,1.451,T10,4-6B,13.0,16.258604224301394
2935,11,11,A,11A,punC,M9 20 mM glucose pH 7.4,1,20.0,1.532,T10,1-11A,15.0,11.516296501247504
2936,11,11,C,11C,punC,M9 20 mM glucose pH 7.4,1,20.0,1.548,T10,1-11C,15.0,11.288750576247505
2937,67,11,C,11C,glpT,M9 20 mM glucose pH 7.4,5,20.0,1.08,T10,5-11C,13.0,11.42516248777445
2938,49,7,B,7B,uhpT,M9 20 mM glucose pH 7.4,4,20.0,1.444,T10,4-7B,13.0,16.036710821107782
2939,4,4,C,4C,ompF,M9 20 mM glucose pH 7.4,1,20.0,1.514,T10,1-4C,14.0,12.963588364371256
2940,49,7,C,7C,uhpT,M9 20 mM glucose pH 7.4,4,20.0,1.436,T10,4-7C,13.0,15.890768844510978
2941,2,2,A,2A,oppA,M9 20 mM glucose pH 7.4,1,20.0,1.499,T10,1-2A,14.0,13.305859219510976
2942,63,7,A,7A,kgtP,M9 20 mM glucose pH 7.4,5,20.0,1.194,T10,5-7A,12.0,13.258015947704589
2943,0,0,C,0C,WT,M9 20 mM glucose pH 7.4,5,20.0,1.271,T10,5-0C,12.0,14.578287684231537
2944,59,3,B,3B,eamA,M9 20 mM glucose pH 7.4,5,20.0,1.179,T10,5-3B,13.0,12.956737740968062
2945,16,2,C,2C,yhjE,M9 20 mM glucose pH 7.4,2,20.0,1.568,T10,2-2C,13.0,16.04222052863969
2946,42,14,C,14C,mscL,M9 20 mM glucose pH 7.4,3,20.0,1.365,T10,3-14C,14.0,13.986326002540373
2947,42,14,B,14B,mscL,M9 20 mM glucose pH 7.4,3,20.0,1.146,T10,3-14B,14.0,13.48599266920704
2948,42,14,A,14A,mscL,M9 20 mM glucose pH 7.4,3,20.0,1.235,T10,3-14A,14.0,13.85301207282405
2949,41,13,C,13C,gltP,M9 20 mM glucose pH 7.4,3,20.0,1.404,T10,3-13C,13.0,16.130212871227243
2950,41,13,B,13B,gltP,M9 20 mM glucose pH 7.4,3,20.0,1.42,T10,3-13B,13.0,16.181994266013426
2951,41,13,A,13A,gltP,M9 20 mM glucose pH 7.4,3,20.0,1.417,T10,3-13A,13.0,15.84501207282405
2952,0,0,A,0A,WT,M9 20 mM glucose pH 7.4,3,20.0,1.385,T10,3-0A,13.0,15.172593467610234
2953,44,2,A,2A,dppB,M9 20 mM glucose pH 7.4,4,20.0,0.313,T10,4-2A,20.0,2.837852779790419
2954,56,14,C,14C,dcuA,M9 20 mM glucose pH 7.4,4,20.0,1.342,T10,4-14C,12.0,15.277285751247504
2955,44,2,C,2C,dppB,M9 20 mM glucose pH 7.4,4,20.0,0.336,T10,4-2C,20.0,2.9001227929141717
2956,7,7,B,7B,satP,M9 20 mM glucose pH 7.4,1,20.0,1.485,T10,1-7B,14.0,13.683104961177644
2957,7,7,C,7C,satP,M9 20 mM glucose pH 7.4,1,20.0,1.485,T10,1-7C,14.0,13.48044255284431
2958,0,0,F,0F,WT,M9 20 mM glucose pH 7.4,5,20.0,1.206,T10,5-0F,12.0,13.406163609231537
2959,59,3,C,3C,eamA,M9 20 mM glucose pH 7.4,5,20.0,1.201,T10,5-3C,13.0,12.9406392243014
2960,0,0,D,0D,WT,M9 20 mM glucose pH 7.4,5,20.0,1.378,T10,5-0D,12.0,14.57415440763473
2961,47,5,A,5A,mtr,M9 20 mM glucose pH 7.4,4,20.0,1.464,T10,4-5A,13.0,16.075312317564872
2962,0,0,B,0B,WT,M9 20 mM glucose pH 7.4,5,20.0,1.222,T10,5-0B,12.0,13.825503412774452
2963,0,0,A,0A,WT,M9 20 mM glucose pH 7.4,5,20.0,1.259,T10,5-0A,12.0,14.609539211177644
2964,14,14,A,14A,sstT,M9 20 mM glucose pH 7.4,1,20.0,1.48,T10,1-14A,14.0,13.00016724291417
2965,14,14,B,14B,sstT,M9 20 mM glucose pH 7.4,1,20.0,1.483,T10,1-14B,14.0,13.051925563123753
2966,14,14,C,14C,sstT,M9 20 mM glucose pH 7.4,1,20.0,1.482,T10,1-14C,14.0,12.916354764720559
2967,30,2,B,2B,znuB,M9 20 mM glucose pH 7.4,3,20.0,1.411,T10,3-2B,14.0,14.0777284945261
2968,1,1,C,1C,tsx,M9 20 mM glucose pH 7.4,1,20.0,1.524,T10,1-1C,14.0,12.8683341496507
2969,1,1,B,1B,tsx,M9 20 mM glucose pH 7.4,1,20.0,1.514,T10,1-1B,14.0,13.299592666317366
2970,0,0,E,0E,WT,M9 20 mM glucose pH 7.4,5,20.0,1.276,T10,5-0E,12.0,13.74902940763473
2971,1,1,A,1A,tsx,M9 20 mM glucose pH 7.4,1,20.0,1.509,T10,1-1A,14.0,13.308050956037924
2972,59,3,A,3A,eamA,M9 20 mM glucose pH 7.4,5,20.0,1.173,T10,5-3A,13.0,12.660329154441115
2973,11,11,B,11B,punC,M9 20 mM glucose pH 7.4,1,20.0,1.558,T10,1-11B,15.0,12.029508852844312
2974,18,4,C,4C,actP,M9 20 mM glucose pH 7.4,2,20.0,1.445,T10,2-4C,13.0,15.078211274420855
2975,0,0,F,0F,WT,M9 20 mM glucose pH 7.4,2,20.0,1.395,T10,2-0F,13.0,15.163545406157382
2976,5,5,A,5A,yddG,M9 20 mM glucose pH 7.4,1,20.0,1.429,T10,1-5A,14.0,12.872434036177644
2977,9,9,A,9A,ygaZ,M9 20 mM glucose pH 7.4,1,20.0,1.514,T10,1-9A,14.0,12.831533966317364
2978,51,9,B,9B,nupG,M9 20 mM glucose pH 7.4,4,20.0,1.425,T10,4-9B,12.0,15.825088115968061
2979,5,5,C,5C,yddG,M9 20 mM glucose pH 7.4,1,20.0,1.442,T10,1-5C,14.0,13.121459106037925
2980,55,13,C,13C,tdcC,M9 20 mM glucose pH 7.4,4,20.0,1.458,T10,4-13C,13.0,16.69266223937126
2981,23,9,C,9C,acrB,M9 20 mM glucose pH 7.4,2,20.0,1.477,T10,2-9C,12.0,16.460812072824048
2982,55,13,A,13A,tdcC,M9 20 mM glucose pH 7.4,4,20.0,1.59,T10,4-13A,13.0,17.27822632749501
2983,10,10,A,10A,yeaS,M9 20 mM glucose pH 7.4,1,20.0,1.474,T10,1-10A,14.0,13.529842426247505
2984,10,10,B,10B,yeaS,M9 20 mM glucose pH 7.4,1,20.0,1.497,T10,1-10B,14.0,13.785396627844312
2985,10,10,C,10C,yeaS,M9 20 mM glucose pH 7.4,1,20.0,1.505,T10,1-10C,14.0,13.68819255284431
2986,55,13,B,13B,tdcC,M9 20 mM glucose pH 7.4,4,20.0,1.457,T10,4-13B,13.0,16.923758709580838
2987,57,1,B,1B,rhtC,M9 20 mM glucose pH 7.4,4,20.0,1.423,T10,4-1B,15.0,13.516787609580838
2988,52,10,B,10B,emrB,M9 20 mM glucose pH 7.4,4,20.0,1.449,T10,4-10B,12.0,15.830288129091816
2989,57,1,C,1C,rhtC,M9 20 mM glucose pH 7.4,4,20.0,1.418,T10,4-1C,15.0,13.21794515763473
2990,8,8,C,8C,yedA,M9 20 mM glucose pH 7.4,1,20.0,1.476,T10,1-8C,14.0,13.773859415968063
2991,8,8,B,8B,yedA,M9 20 mM glucose pH 7.4,1,20.0,1.487,T10,1-8B,14.0,13.436709346107783
2992,8,8,A,8A,yedA,M9 20 mM glucose pH 7.4,1,20.0,1.484,T10,1-8A,14.0,13.315129834580837
2993,52,10,A,10A,emrB,M9 20 mM glucose pH 7.4,4,20.0,1.433,T10,4-10A,12.0,15.859326379441118
2994,54,12,B,12B,pheP,M9 20 mM glucose pH 7.4,4,20.0,1.423,T10,4-12B,12.0,16.060962190968066
2995,54,12,C,12C,pheP,M9 20 mM glucose pH 7.4,4,20.0,1.394,T10,4-12C,12.0,15.91630649291417
2996,62,6,C,6C,yahN,M9 20 mM glucose pH 7.4,5,20.0,1.277,T10,5-6C,13.0,13.973209294161675
2997,51,9,A,9A,nupG,M9 20 mM glucose pH 7.4,4,20.0,1.433,T10,4-9A,12.0,15.790686632634731
2998,57,1,A,1A,rhtC,M9 20 mM glucose pH 7.4,4,20.0,1.432,T10,4-1A,15.0,13.419271741317363
2999,18,4,B,4B,actP,M9 20 mM glucose pH 7.4,2,20.0,1.404,T10,2-4B,13.0,15.008991870803845
3000,52,10,C,10C,emrB,M9 20 mM glucose pH 7.4,4,20.0,1.429,T10,4-10C,12.0,15.801848717914174
3001,48,6,A,6A,ugpA,M9 20 mM glucose pH 7.4,4,20.0,1.453,T10,4-6A,13.0,16.343812514021955
3002,12,12,B,12B,rhtA,M9 20 mM glucose pH 7.4,1,20.0,1.492,T10,1-12B,14.0,13.259504834580838
3003,12,12,A,12A,rhtA,M9 20 mM glucose pH 7.4,1,20.0,1.483,T10,1-12A,14.0,12.991934276247505
3004,6,6,B,6B,ybjE,M9 20 mM glucose pH 7.4,1,20.0,1.459,T10,1-6B,14.0,13.13373024486028
3005,5,5,B,5B,yddG,M9 20 mM glucose pH 7.4,1,20.0,1.431,T10,1-5B,14.0,13.04891346472056
3006,9,9,C,9C,ygaZ,M9 20 mM glucose pH 7.4,1,20.0,1.543,T10,1-9C,14.0,12.9963341496507
3007,47,5,C,5C,mtr,M9 20 mM glucose pH 7.4,4,20.0,1.45,T10,4-5C,13.0,15.872247989371257
3008,47,5,B,5B,mtr,M9 20 mM glucose pH 7.4,4,20.0,1.457,T10,4-5B,13.0,15.998978984231535
3009,16,2,A,2A,yhjE,M9 20 mM glucose pH 7.4,2,20.0,1.564,T10,2-2A,13.0,16.31039266920704
3010,39,11,C,11C,fruA,M9 20 mM glucose pH 7.4,3,20.0,1.363,T10,3-11C,13.0,14.74883227484425
3011,46,4,C,4C,gltS,M9 20 mM glucose pH 7.4,4,20.0,1.418,T10,4-4C,13.0,15.909333774650698
3012,16,2,B,2B,yhjE,M9 20 mM glucose pH 7.4,2,20.0,1.574,T10,2-2B,13.0,16.718880336297104
3013,46,4,B,4B,gltS,M9 20 mM glucose pH 7.4,4,20.0,1.41,T10,4-4B,13.0,16.09795411082834
3014,0,0,A,0A,WT,M9 20 mM glucose pH 7.4,2,20.0,1.464,T10,2-0A,13.0,16.355833073247446
3015,18,4,A,4A,actP,M9 20 mM glucose pH 7.4,2,20.0,1.448,T10,2-4A,13.0,15.525976882598437
3016,0,0,B,0B,WT,M9 20 mM glucose pH 7.4,2,20.0,1.46,T10,2-0B,13.0,16.35181207282405
3017,0,0,C,0C,WT,M9 20 mM glucose pH 7.4,2,20.0,1.577,T10,2-0C,13.0,16.54222015363213
3018,0,0,D,0D,WT,M9 20 mM glucose pH 7.4,2,20.0,1.426,T10,2-0D,13.0,15.750122433920039
3019,54,12,A,12A,pheP,M9 20 mM glucose pH 7.4,4,20.0,1.444,T10,4-12A,12.0,15.80312210798403
3020,9,9,B,9B,ygaZ,M9 20 mM glucose pH 7.4,1,20.0,1.519,T10,1-9B,14.0,12.86408816791417
3021,0,0,E,0E,WT,M9 20 mM glucose pH 7.4,2,20.0,1.437,T10,2-0E,13.0,15.440898143107724
3022,53,11,C,11C,galP,M9 20 mM glucose pH 7.4,4,20.0,1.46,T10,4-11C,12.0,16.329064965968065
3023,53,11,B,11B,galP,M9 20 mM glucose pH 7.4,4,20.0,1.456,T10,4-11B,12.0,16.38077800249501
3024,53,11,A,11A,galP,M9 20 mM glucose pH 7.4,4,20.0,1.471,T10,4-11A,12.0,16.302978102844307
3025,23,9,A,9A,acrB,M9 20 mM glucose pH 7.4,2,20.0,1.465,T10,2-9A,12.0,16.41424073065989
3026,23,9,B,9B,acrB,M9 20 mM glucose pH 7.4,2,20.0,1.483,T10,2-9B,12.0,16.866025415834997
3027,46,4,A,4A,gltS,M9 20 mM glucose pH 7.4,4,20.0,1.434,T10,4-4A,13.0,16.07259996596806
3028,12,12,C,12C,rhtA,M9 20 mM glucose pH 7.4,1,20.0,1.493,T10,1-12C,14.0,13.028213167914172
3029,51,9,C,9C,nupG,M9 20 mM glucose pH 7.4,4,20.0,1.415,T10,4-9C,12.0,15.727880459231535
3030,38,10,B,10B,nupC,M9 20 mM glucose pH 7.4,3,20.0,1.367,T10,3-10B,13.0,15.287353861973026
3031,27,13,A,13A,lysP,M9 20 mM glucose pH 7.4,2,20.0,1.451,T10,2-13A,13.0,15.223926002540376
3032,38,10,C,10C,nupC,M9 20 mM glucose pH 7.4,3,20.0,1.371,T10,3-10C,13.0,15.559107397326558
3033,0,0,A,0A,WT,M9 20 mM glucose pH 7.4,4,20.0,1.406,T10,4-0A,12.0,16.007552348053892
3034,19,5,A,5A,codB,M9 20 mM glucose pH 7.4,2,20.0,1.445,T10,2-5A,13.0,16.067526002540372
3035,19,5,B,5B,codB,M9 20 mM glucose pH 7.4,2,20.0,1.442,T10,2-5B,13.0,16.139981346398113
3036,19,5,C,5C,codB,M9 20 mM glucose pH 7.4,2,20.0,1.441,T10,2-5C,13.0,15.822935680154842
3037,25,11,A,11A,gltJ,M9 20 mM glucose pH 7.4,2,20.0,1.433,T10,2-11A,12.0,15.846708195729752
3038,25,11,B,11B,gltJ,M9 20 mM glucose pH 7.4,2,20.0,1.42,T10,2-11B,12.0,15.844764011371197
3039,25,11,C,11C,gltJ,M9 20 mM glucose pH 7.4,2,20.0,1.396,T10,2-11C,12.0,15.254546204560578
3040,30,2,C,2C,znuB,M9 20 mM glucose pH 7.4,3,20.0,1.404,T10,3-2C,14.0,14.216929292929292
3041,30,2,A,2A,znuB,M9 20 mM glucose pH 7.4,3,20.0,1.409,T10,3-2A,14.0,14.115768801790358
3042,27,13,B,13B,lysP,M9 20 mM glucose pH 7.4,2,20.0,1.504,T10,2-13B,13.0,15.367944607754188
3043,27,13,C,13C,lysP,M9 20 mM glucose pH 7.4,2,20.0,1.464,T10,2-13C,13.0,15.668185810197787
3044,40,12,C,12C,sdaC,M9 20 mM glucose pH 7.4,3,20.0,1.366,T10,3-12C,13.0,15.30196720498397
3045,40,12,B,12B,sdaC,M9 20 mM glucose pH 7.4,3,20.0,1.364,T10,3-12B,13.0,15.207744607754186
3046,40,12,A,12A,sdaC,M9 20 mM glucose pH 7.4,3,20.0,1.388,T10,3-12A,13.0,15.318746204560576
3047,24,10,A,10A,nagE,M9 20 mM glucose pH 7.4,2,20.0,1.416,T10,2-10A,13.0,14.732950668360246
3048,17,3,C,3C,adeP,M9 20 mM glucose pH 7.4,2,20.0,1.426,T10,2-3C,14.0,13.595541740760902
3049,24,10,C,10C,nagE,M9 20 mM glucose pH 7.4,2,20.0,1.442,T10,2-10C,13.0,15.036705002116976
3050,26,12,A,12A,ptsG,M9 20 mM glucose pH 7.4,2,20.0,0.697,T10,2-12A,20.0,3.2749724671868385
3051,26,12,B,12B,ptsG,M9 20 mM glucose pH 7.4,2,20.0,0.667,T10,2-12B,20.0,3.2771640113711973
3052,0,0,B,0B,WT,M9 20 mM glucose pH 7.4,4,20.0,1.411,T10,4-0B,12.0,15.907734769510979
3053,26,12,C,12C,ptsG,M9 20 mM glucose pH 7.4,2,20.0,0.661,T10,2-12C,20.0,3.2024112744208555
3054,17,3,A,3A,adeP,M9 20 mM glucose pH 7.4,2,20.0,1.381,T10,2-3A,14.0,13.248846791265954
3055,0,0,E,0E,WT,M9 20 mM glucose pH 7.4,4,20.0,1.467,T10,4-0E,12.0,16.02125248777445
3056,38,10,A,10A,nupC,M9 20 mM glucose pH 7.4,3,20.0,1.462,T10,3-10A,13.0,15.853478739490715
3057,60,4,A,4A,metI,M9 20 mM glucose pH 7.4,5,20.0,1.213,T10,5-4A,13.0,13.668611379441117
3058,17,3,B,3B,adeP,M9 20 mM glucose pH 7.4,2,20.0,1.417,T10,2-3B,14.0,13.357876247504992
3059,0,0,C,0C,WT,M9 20 mM glucose pH 7.4,4,20.0,1.414,T10,4-0C,12.0,16.173628731037923
3060,24,10,B,10B,nagE,M9 20 mM glucose pH 7.4,2,20.0,1.433,T10,2-10B,13.0,15.181371668783646
3061,13,13,B,13B,mscS,M9 20 mM glucose pH 7.4,1,20.0,1.52,T10,1-13B,16.0,11.41196316791417
3062,60,4,B,4B,metI,M9 20 mM glucose pH 7.4,5,20.0,1.222,T10,5-4B,13.0,13.701225890968065
3063,62,6,A,6A,yahN,M9 20 mM glucose pH 7.4,5,20.0,1.277,T10,5-6A,13.0,13.864085581037923
3064,64,8,A,8A,manY,M9 20 mM glucose pH 7.4,5,20.0,1.119,T10,5-8A,13.0,12.514355149301398
3065,61,5,A,5A,tolC,M9 20 mM glucose pH 7.4,5,20.0,0.404,T10,5-5A,24.0,1.3747446643712578
3066,61,5,B,5B,tolC,M9 20 mM glucose pH 7.4,5,20.0,0.391,T10,5-5B,24.0,1.3390531679141717
3067,0,0,C,0C,WT,M9 20 mM glucose pH 7.4,1,20.0,1.484,T10,1-0C,14.0,13.325854961177644
3068,3,3,C,3C,ompC,M9 20 mM glucose pH 7.4,1,20.0,1.394,T10,1-3C,14.0,12.522383809231536
3069,0,0,A,0A,WT,M9 20 mM glucose pH 7.4,1,20.0,1.484,T10,1-0A,14.0,13.422079847704591
3070,0,0,B,0B,WT,M9 20 mM glucose pH 7.4,1,20.0,1.476,T10,1-0B,14.0,13.250550715968064
3071,61,5,C,5C,tolC,M9 20 mM glucose pH 7.4,5,20.0,0.319,T10,5-5C,24.0,1.1792905893712575
3072,13,13,A,13A,mscS,M9 20 mM glucose pH 7.4,1,20.0,1.525,T10,1-13A,16.0,11.643688294510977
3073,43,1,B,1B,livH,M9 20 mM glucose pH 7.4,5,20.0,1.237,T10,5-1B,15.0,10.828141881037924
3074,43,1,A,1A,livH,M9 20 mM glucose pH 7.4,5,20.0,1.234,T10,5-1A,15.0,10.77951262270459
3075,43,1,C,1C,livH,M9 20 mM glucose pH 7.4,5,20.0,1.258,T10,5-1C,15.0,10.577812482984031
3076,60,4,C,4C,metI,M9 20 mM glucose pH 7.4,5,20.0,1.184,T10,5-4C,13.0,13.124341449301397
3077,58,2,B,2B,rhtB,M9 20 mM glucose pH 7.4,5,20.0,1.302,T10,5-2B,12.0,14.29432601756487
3078,64,8,B,8B,manY,M9 20 mM glucose pH 7.4,5,20.0,1.27,T10,5-8B,13.0,13.289940009580839
3079,64,8,C,8C,manY,M9 20 mM glucose pH 7.4,5,20.0,1.149,T10,5-8C,13.0,12.609824896107785
3080,0,0,E,0E,WT,M9 20 mM glucose pH 7.4,1,20.0,1.486,T10,1-0E,14.0,13.336325829441117
3081,0,0,F,0F,WT,M9 20 mM glucose pH 7.4,1,20.0,1.474,T10,1-0F,14.0,12.932108979441118
3082,58,2,A,2A,rhtB,M9 20 mM glucose pH 7.4,5,20.0,1.276,T10,5-2A,12.0,14.104641632634731
3083,3,3,B,3B,ompC,M9 20 mM glucose pH 7.4,1,20.0,1.385,T10,1-3B,14.0,12.619809036177642
3084,3,3,A,3A,ompC,M9 20 mM glucose pH 7.4,1,20.0,1.385,T10,1-3A,14.0,12.67617145763473
3085,0,0,D,0D,WT,M9 20 mM glucose pH 7.4,1,20.0,1.463,T10,1-0D,14.0,13.11011299770459
3086,58,2,C,2C,rhtB,M9 20 mM glucose pH 7.4,5,20.0,1.279,T10,5-2C,12.0,13.728461746107783
3087,13,13,C,13C,mscS,M9 20 mM glucose pH 7.4,1,20.0,1.529,T10,1-13C,16.0,11.290625576247505
3088,62,6,B,6B,yahN,M9 20 mM glucose pH 7.4,5,20.0,1.284,T10,5-6B,13.0,14.206294154441117
3089,39,11,B,11B,fruA,M9 20 mM glucose pH 7.4,3,20.0,1.356,T10,3-11B,13.0,14.725678739490718
3090,15,1,A,1A,argO,M9 20 mM glucose pH 7.4,2,20.0,1.482,T10,2-1A,13.0,15.522805213814795
3091,37,9,C,9C,cycA,M9 20 mM glucose pH 7.4,3,20.0,1.365,T10,3-9C,14.0,14.030144607754188
3092,31,3,A,3A,glnP,M9 20 mM glucose pH 7.4,3,20.0,1.395,T10,3-3A,13.0,14.408928397749955
3093,32,4,B,4B,focA,M9 20 mM glucose pH 7.4,3,20.0,1.396,T10,3-4B,14.0,14.798536950341742
3094,32,4,C,4C,focA,M9 20 mM glucose pH 7.4,3,20.0,1.417,T10,3-4C,14.0,15.109965608177584
3095,29,1,C,1C,gadC,M9 20 mM glucose pH 7.4,3,20.0,1.425,T10,3-1C,14.0,14.97395635395875
3096,29,1,B,1B,gadC,M9 20 mM glucose pH 7.4,3,20.0,1.425,T10,3-1B,14.0,16.062406810621184
3097,29,1,A,1A,gadC,M9 20 mM glucose pH 7.4,3,20.0,1.445,T10,3-1A,14.0,15.1968601342769
3098,4,4,B,4B,ompF,M9 20 mM glucose pH 7.4,1,20.0,1.503,T10,1-4B,14.0,13.012863281387224
3099,39,11,A,11A,fruA,M9 20 mM glucose pH 7.4,3,20.0,1.361,T10,3-11A,13.0,14.988756257182605
3100,0,0,E,0E,WT,M9 20 mM glucose pH 7.4,3,20.0,1.364,T10,3-0E,13.0,15.376508195729754
3101,56,14,B,14B,dcuA,M9 20 mM glucose pH 7.4,4,20.0,1.388,T10,4-14B,12.0,15.272029332984033
3102,0,0,D,0D,WT,M9 20 mM glucose pH 7.4,3,20.0,1.381,T10,3-0D,13.0,15.543660932680094
3103,0,0,B,0B,WT,M9 20 mM glucose pH 7.4,3,20.0,1.347,T10,3-0B,13.0,15.165347002963767
3104,28,14,A,14A,putP,M9 20 mM glucose pH 7.4,2,20.0,1.377,T10,2-14A,12.0,15.05437246718684
3105,34,6,A,6A,rbsC,M9 20 mM glucose pH 7.4,3,20.0,1.404,T10,3-6A,13.0,14.821060134276902
3106,28,14,B,14B,putP,M9 20 mM glucose pH 7.4,2,20.0,1.374,T10,2-14B,12.0,15.05552520413718
3107,28,14,C,14C,putP,M9 20 mM glucose pH 7.4,2,20.0,1.428,T10,2-14C,12.0,15.548067416681787
3108,36,8,C,8C,proP,M9 20 mM glucose pH 7.4,3,20.0,1.439,T10,3-8C,13.0,16.005126800943565
3109,36,8,B,8B,proP,M9 20 mM glucose pH 7.4,3,20.0,1.417,T10,3-8B,13.0,15.889482731506684
3110,36,8,A,8A,proP,M9 20 mM glucose pH 7.4,3,20.0,1.43,T10,3-8A,13.0,16.005216064840017
3111,22,8,A,8A,setA,M9 20 mM glucose pH 7.4,2,20.0,1.431,T10,2-8A,13.0,16.870425319058853
3112,22,8,B,8B,setA,M9 20 mM glucose pH 7.4,2,20.0,1.453,T10,2-8B,13.0,16.46026173108329
3113,22,8,C,8C,setA,M9 20 mM glucose pH 7.4,2,20.0,1.467,T10,2-8C,13.0,16.355157950765136
3114,31,3,B,3B,glnP,M9 20 mM glucose pH 7.4,3,20.0,1.425,T10,3-3B,13.0,14.681747002963768
3115,0,0,C,0C,WT,M9 20 mM glucose pH 7.4,3,20.0,1.489,T10,3-0C,13.0,15.66519835480554
3116,37,9,B,9B,cycA,M9 20 mM glucose pH 7.4,3,20.0,1.385,T10,3-9B,14.0,14.139914679731445
3117,4,4,A,4A,ompF,M9 20 mM glucose pH 7.4,1,20.0,1.501,T10,1-4A,14.0,12.885925519510977
3118,32,4,A,4A,focA,M9 20 mM glucose pH 7.4,3,20.0,1.421,T10,3-4A,14.0,14.907679537893909
3119,37,9,A,9A,cycA,M9 20 mM glucose pH 7.4,3,20.0,1.428,T10,3-9A,14.0,14.560585011794593
3120,15,1,B,1B,argO,M9 20 mM glucose pH 7.4,2,20.0,1.417,T10,2-1B,13.0,14.759125204137181
3121,15,1,C,1C,argO,M9 20 mM glucose pH 7.4,2,20.0,1.524,T10,2-1C,13.0,15.275206810621183
3122,45,3,C,3C,dctA,M9 20 mM glucose pH 7.4,4,20.0,1.431,T10,4-3C,13.0,15.591377932634732
3123,45,3,B,3B,dctA,M9 20 mM glucose pH 7.4,4,20.0,1.437,T10,4-3B,13.0,15.703167989371257
3124,45,3,A,3A,dctA,M9 20 mM glucose pH 7.4,4,20.0,1.452,T10,4-3A,13.0,15.788259040968065
3125,20,6,A,6A,aroP,M9 20 mM glucose pH 7.4,2,20.0,1.445,T10,2-6A,13.0,16.391187407004175
3126,33,5,C,5C,artQ,M9 20 mM glucose pH 7.4,3,20.0,1.409,T10,3-5C,14.0,13.838743809350994
3127,20,6,C,6C,aroP,M9 20 mM glucose pH 7.4,2,20.0,1.445,T10,2-6C,13.0,16.22363227484425
3128,31,3,C,3C,glnP,M9 20 mM glucose pH 7.4,3,20.0,1.431,T10,3-3C,13.0,14.924501336720496
3129,50,8,B,8B,cstA,M9 20 mM glucose pH 7.4,4,20.0,1.327,T10,4-8B,13.0,15.143593661177647
3130,50,8,A,8A,cstA,M9 20 mM glucose pH 7.4,4,20.0,1.421,T10,4-8A,13.0,14.961420201247504
3131,20,6,B,6B,aroP,M9 20 mM glucose pH 7.4,2,20.0,1.457,T10,2-6B,13.0,16.615977354382146
3132,21,7,B,7B,brnQ,M9 20 mM glucose pH 7.4,2,20.0,1.457,T10,2-7B,13.0,14.514304203713785
3133,50,8,C,8C,cstA,M9 20 mM glucose pH 7.4,4,20.0,1.435,T10,4-8C,13.0,15.453624839371258
3134,21,7,A,7A,brnQ,M9 20 mM glucose pH 7.4,2,20.0,1.47,T10,2-7A,13.0,16.41913201475836
3135,33,5,B,5B,artQ,M9 20 mM glucose pH 7.4,3,20.0,1.405,T10,3-5B,14.0,13.908705002116978
3136,33,5,A,5A,artQ,M9 20 mM glucose pH 7.4,3,20.0,1.428,T10,3-5A,14.0,13.91803833545031
3137,21,7,C,7C,brnQ,M9 20 mM glucose pH 7.4,2,20.0,1.458,T10,2-7C,13.0,14.128010476017662
3138,0,0,F,0F,WT,M9 20 mM glucose pH 7.4,4,20.0,1.553,T10,4-0F,12.0,16.929085498053894
3139,0,0,D,0D,WT,M9 20 mM glucose pH 7.4,4,20.0,1.582,T10,4-0D,12.0,17.279730066317367
3140,56,14,A,14A,dcuA,M9 20 mM glucose pH 7.4,4,20.0,1.401,T10,4-14A,12.0,15.213606798053892
3141,34,6,B,6B,rbsC,M9 20 mM glucose pH 7.4,3,20.0,1.35,T10,3-6B,13.0,14.768307397326556
3142,35,7,A,7A,glpF,M9 20 mM glucose pH 7.4,3,20.0,1.421,T10,3-7A,12.0,15.792633871650636
3143,0,0,F,0F,WT,M9 20 mM glucose pH 7.4,3,20.0,1.354,T10,3-0F,13.0,15.313327599346762
3144,35,7,C,7C,glpF,M9 20 mM glucose pH 7.4,3,20.0,1.406,T10,3-7C,12.0,15.29231914353112
3145,35,7,B,7B,glpF,M9 20 mM glucose pH 7.4,3,20.0,1.428,T10,3-7B,12.0,15.92533088973568
3146,34,6,C,6C,rbsC,M9 20 mM glucose pH 7.4,3,20.0,1.361,T10,3-6C,13.0,14.35605167846126
3147,61,5,B,5B,tolC,M9 20 mM glucose pH 7.4,5,21.0,0.437,,5-5B,24.0,1.7541281679141718
3148,61,5,A,5A,tolC,M9 20 mM glucose pH 7.4,5,21.0,0.459,,5-5A,24.0,1.8071113310379245
3149,61,5,C,5C,tolC,M9 20 mM glucose pH 7.4,5,21.0,0.36,,5-5C,24.0,1.5195072560379241
3150,61,5,A,5A,tolC,M9 20 mM glucose pH 7.4,5,23.0,1.032,T11,5-5A,24.0,3.181494664371258
3151,61,5,C,5C,tolC,M9 20 mM glucose pH 7.4,5,23.0,0.938,T11,5-5C,24.0,2.6927905893712576
3152,61,5,B,5B,tolC,M9 20 mM glucose pH 7.4,5,23.0,1.057,T11,5-5B,24.0,3.1150531679141715
3153,61,5,B,5B,tolC,M9 20 mM glucose pH 7.4,5,24.0,1.192,T12,5-5B,24.0,4.249275390136393
3154,61,5,A,5A,tolC,M9 20 mM glucose pH 7.4,5,24.0,1.197,T12,5-5A,24.0,4.302744664371258
3155,61,5,C,5C,tolC,M9 20 mM glucose pH 7.4,5,24.0,1.076,T12,5-5C,24.0,3.7081794782601465
