Batch-Tube,Timepoint,Medium,OD,AUC OD,Hours,Strain,Parallel,Batch,#,Exp. phase time limit,Tube,Well
1-0A,1.0,M9 20 mM glucose pH 7.4,0.023,0.0681631810379241,4.0,WT,A,1.0,201,14.0,0A,
1-0A,2.0,M9 20 mM glucose pH 7.4,0.102,0.2528298477045908,8.0,WT,A,1.0,133,14.0,0A,
1-0A,3.0,M9 20 mM glucose pH 7.4,0.342,0.6674965143712575,10.0,WT,A,1.0,461,14.0,0A,
1-0A,4.0,M9 20 mM glucose pH 7.4,0.743,1.0988298477045908,11.0,WT,A,1.0,545,14.0,0A,
1-0A,5.0,M9 20 mM glucose pH 7.4,1.012,1.9873298477045909,12.0,WT,A,1.0,809,14.0,0A,
1-0A,6.0,M9 20 mM glucose pH 7.4,1.225,3.104163181037924,13.0,WT,A,1.0,777,14.0,0A,
1-0A,7.0,M9 20 mM glucose pH 7.4,1.411,4.424413181037924,14.0,WT,A,1.0,1513,14.0,0A,
1-0A,8.0,M9 20 mM glucose pH 7.4,1.47,5.8838298477045905,15.0,WT,A,1.0,1393,14.0,0A,
1-0A,9.0,M9 20 mM glucose pH 7.4,1.546,7.390413181037924,16.0,WT,A,1.0,1601,14.0,0A,
1-0A,10.0,M9 20 mM glucose pH 7.4,1.484,13.422079847704593,20.0,WT,A,1.0,1689,14.0,0A,
1-0B,1.0,M9 20 mM glucose pH 7.4,0.024,0.0713423826347305,4.0,WT,B,1.0,353,14.0,0B,
1-0B,2.0,M9 20 mM glucose pH 7.4,0.105,0.2586757159680638,8.0,WT,B,1.0,121,14.0,0B,
1-0B,3.0,M9 20 mM glucose pH 7.4,0.332,0.6690090493013972,10.0,WT,B,1.0,433,14.0,0B,
1-0B,4.0,M9 20 mM glucose pH 7.4,0.721,1.084425715968064,11.0,WT,B,1.0,589,14.0,0B,
1-0B,5.0,M9 20 mM glucose pH 7.4,0.972,1.942425715968064,12.0,WT,B,1.0,877,14.0,0B,
1-0B,6.0,M9 20 mM glucose pH 7.4,1.176,3.012759049301397,13.0,WT,B,1.0,853,14.0,0B,
1-0B,7.0,M9 20 mM glucose pH 7.4,1.388,4.29409238263473,14.0,WT,B,1.0,1249,14.0,0B,
1-0B,8.0,M9 20 mM glucose pH 7.4,1.491,5.752425715968064,15.0,WT,B,1.0,1341,14.0,0B,
1-0B,9.0,M9 20 mM glucose pH 7.4,1.539,7.272009049301397,16.0,WT,B,1.0,1565,14.0,0B,
1-0B,10.0,M9 20 mM glucose pH 7.4,1.476,13.250550715968064,20.0,WT,B,1.0,1921,14.0,0B,
1-0C,1.0,M9 20 mM glucose pH 7.4,0.023,0.0632299611776447,4.0,WT,C,1.0,297,14.0,0C,
1-0C,2.0,M9 20 mM glucose pH 7.4,0.1,0.246563294510978,8.0,WT,C,1.0,281,14.0,0C,
1-0C,3.0,M9 20 mM glucose pH 7.4,0.349,0.6643966278443114,10.0,WT,C,1.0,757,14.0,0C,
1-0C,4.0,M9 20 mM glucose pH 7.4,0.737,1.106813294510978,11.0,WT,C,1.0,397,14.0,0C,
1-0C,5.0,M9 20 mM glucose pH 7.4,0.997,1.9844799611776447,12.0,WT,C,1.0,933,14.0,0C,
1-0C,6.0,M9 20 mM glucose pH 7.4,1.196,3.080479961177645,13.0,WT,C,1.0,989,14.0,0C,
1-0C,7.0,M9 20 mM glucose pH 7.4,1.381,4.370146627844311,14.0,WT,C,1.0,1281,14.0,0C,
1-0C,8.0,M9 20 mM glucose pH 7.4,1.476,5.812479961177644,15.0,WT,C,1.0,1521,14.0,0C,
1-0C,9.0,M9 20 mM glucose pH 7.4,1.513,7.311813294510977,16.0,WT,C,1.0,1793,14.0,0C,
1-0C,10.0,M9 20 mM glucose pH 7.4,1.484,13.325854961177644,20.0,WT,C,1.0,1873,14.0,0C,
1-0D,1.0,M9 20 mM glucose pH 7.4,0.021,0.0667379977045908,4.0,WT,D,1.0,53,14.0,0D,
1-0D,2.0,M9 20 mM glucose pH 7.4,0.101,0.2440713310379241,8.0,WT,D,1.0,313,14.0,0D,
1-0D,3.0,M9 20 mM glucose pH 7.4,0.323,0.6419046643712575,10.0,WT,D,1.0,549,14.0,0D,
1-0D,4.0,M9 20 mM glucose pH 7.4,0.69,1.046571331037924,11.0,WT,D,1.0,745,14.0,0D,
1-0D,5.0,M9 20 mM glucose pH 7.4,0.943,1.872571331037924,12.0,WT,D,1.0,957,14.0,0D,
1-0D,6.0,M9 20 mM glucose pH 7.4,1.16,2.920571331037924,13.0,WT,D,1.0,793,14.0,0D,
1-0D,7.0,M9 20 mM glucose pH 7.4,1.374,4.187821331037924,14.0,WT,D,1.0,1345,14.0,0D,
1-0D,8.0,M9 20 mM glucose pH 7.4,1.505,5.6409046643712575,15.0,WT,D,1.0,1437,14.0,0D,
1-0D,9.0,M9 20 mM glucose pH 7.4,1.528,7.166404664371258,16.0,WT,D,1.0,1817,14.0,0D,
1-0D,10.0,M9 20 mM glucose pH 7.4,1.463,13.11011299770459,20.0,WT,D,1.0,1821,14.0,0D,
1-0E,1.0,M9 20 mM glucose pH 7.4,0.024,0.0664091627744511,4.0,WT,E,1.0,389,14.0,0E,
1-0E,2.0,M9 20 mM glucose pH 7.4,0.105,0.2537424961077844,8.0,WT,E,1.0,337,14.0,0E,
1-0E,3.0,M9 20 mM glucose pH 7.4,0.346,0.6757424961077845,10.0,WT,E,1.0,649,14.0,0E,
1-0E,4.0,M9 20 mM glucose pH 7.4,0.725,1.1109924961077844,11.0,WT,E,1.0,733,14.0,0E,
1-0E,5.0,M9 20 mM glucose pH 7.4,0.984,1.975492496107784,12.0,WT,E,1.0,833,14.0,0E,
1-0E,6.0,M9 20 mM glucose pH 7.4,1.187,3.0603258294411173,13.0,WT,E,1.0,1013,14.0,0E,
1-0E,7.0,M9 20 mM glucose pH 7.4,1.389,4.34840916277445,14.0,WT,E,1.0,1541,14.0,0E,
1-0E,8.0,M9 20 mM glucose pH 7.4,1.493,5.80565916277445,15.0,WT,E,1.0,1493,14.0,0E,
1-0E,9.0,M9 20 mM glucose pH 7.4,1.558,7.334409162774451,16.0,WT,E,1.0,1673,14.0,0E,
1-0E,10.0,M9 20 mM glucose pH 7.4,1.486,13.336325829441115,20.0,WT,E,1.0,1641,14.0,0E,
1-0F,1.0,M9 20 mM glucose pH 7.4,0.022,0.0649839794411177,4.0,WT,F,1.0,293,14.0,0F,
1-0F,2.0,M9 20 mM glucose pH 7.4,0.096,0.2369839794411177,8.0,WT,F,1.0,325,14.0,0F,
1-0F,3.0,M9 20 mM glucose pH 7.4,0.312,0.6191506461077845,10.0,WT,F,1.0,641,14.0,0F,
1-0F,4.0,M9 20 mM glucose pH 7.4,0.656,1.0109839794411175,11.0,WT,F,1.0,709,14.0,0F,
1-0F,5.0,M9 20 mM glucose pH 7.4,0.897,1.796067312774451,12.0,WT,F,1.0,921,14.0,0F,
1-0F,6.0,M9 20 mM glucose pH 7.4,1.108,2.7949839794411178,13.0,WT,F,1.0,897,14.0,0F,
1-0F,7.0,M9 20 mM glucose pH 7.4,1.317,4.007650646107784,14.0,WT,F,1.0,1325,14.0,0F,
1-0F,8.0,M9 20 mM glucose pH 7.4,1.46,5.406983979441117,15.0,WT,F,1.0,1397,14.0,0F,
1-0F,9.0,M9 20 mM glucose pH 7.4,1.537,6.9109839794411165,16.0,WT,F,1.0,1721,14.0,0F,
1-0F,10.0,M9 20 mM glucose pH 7.4,1.474,12.932108979441118,20.0,WT,F,1.0,1549,14.0,0F,
1-10A,1.0,M9 20 mM glucose pH 7.4,0.022,0.0600507595808383,4.0,yeaS,A,1.0,73,14.0,10A,
1-10A,2.0,M9 20 mM glucose pH 7.4,0.117,0.2673840929141716,8.0,yeaS,A,1.0,365,14.0,10A,
1-10A,3.0,M9 20 mM glucose pH 7.4,0.367,0.7220507595808383,10.0,yeaS,A,1.0,401,14.0,10A,
1-10A,4.0,M9 20 mM glucose pH 7.4,0.77,1.1808840929141715,11.0,yeaS,A,1.0,665,14.0,10A,
1-10A,5.0,M9 20 mM glucose pH 7.4,1.021,2.0890507595808385,12.0,yeaS,A,1.0,781,14.0,10A,
1-10A,6.0,M9 20 mM glucose pH 7.4,1.213,3.203217426247505,13.0,yeaS,A,1.0,913,14.0,10A,
1-10A,7.0,M9 20 mM glucose pH 7.4,1.42,4.518467426247504,14.0,yeaS,A,1.0,1241,14.0,10A,
1-10A,8.0,M9 20 mM glucose pH 7.4,1.522,6.008217426247505,15.0,yeaS,A,1.0,1277,14.0,10A,
1-10A,9.0,M9 20 mM glucose pH 7.4,1.549,7.549967426247504,16.0,yeaS,A,1.0,1857,14.0,10A,
1-10A,10.0,M9 20 mM glucose pH 7.4,1.474,13.529842426247503,20.0,yeaS,A,1.0,1653,14.0,10A,
1-10B,1.0,M9 20 mM glucose pH 7.4,0.023,0.0632299611776447,4.0,yeaS,B,1.0,269,14.0,10B,
1-10B,2.0,M9 20 mM glucose pH 7.4,0.123,0.2778966278443113,8.0,yeaS,B,1.0,229,14.0,10B,
1-10B,3.0,M9 20 mM glucose pH 7.4,0.373,0.7453966278443114,10.0,yeaS,B,1.0,705,14.0,10B,
1-10B,4.0,M9 20 mM glucose pH 7.4,0.806,1.2093966278443111,11.0,yeaS,B,1.0,621,14.0,10B,
1-10B,5.0,M9 20 mM glucose pH 7.4,1.055,2.1552299611776444,12.0,yeaS,B,1.0,797,14.0,10B,
1-10B,6.0,M9 20 mM glucose pH 7.4,1.24,3.2980632945109782,13.0,yeaS,B,1.0,1065,14.0,10B,
1-10B,7.0,M9 20 mM glucose pH 7.4,1.432,4.633479961177645,14.0,yeaS,B,1.0,1533,14.0,10B,
1-10B,8.0,M9 20 mM glucose pH 7.4,1.548,6.136729961177645,15.0,yeaS,B,1.0,1505,14.0,10B,
1-10B,9.0,M9 20 mM glucose pH 7.4,1.561,7.699813294510978,16.0,yeaS,B,1.0,1693,14.0,10B,
1-10B,10.0,M9 20 mM glucose pH 7.4,1.497,13.785396627844312,20.0,yeaS,B,1.0,1633,14.0,10B,
1-10C,1.0,M9 20 mM glucose pH 7.4,0.024,0.0639425528443113,4.0,yeaS,C,1.0,301,14.0,10C,
1-10C,2.0,M9 20 mM glucose pH 7.4,0.124,0.282609219510978,8.0,yeaS,C,1.0,21,14.0,10C,
1-10C,3.0,M9 20 mM glucose pH 7.4,0.378,0.7554425528443114,10.0,yeaS,C,1.0,585,14.0,10C,
1-10C,4.0,M9 20 mM glucose pH 7.4,0.792,1.226109219510978,11.0,yeaS,C,1.0,441,14.0,10C,
1-10C,5.0,M9 20 mM glucose pH 7.4,1.04,2.1559425528443112,12.0,yeaS,C,1.0,849,14.0,10C,
1-10C,6.0,M9 20 mM glucose pH 7.4,1.213,3.2811092195109777,13.0,yeaS,C,1.0,993,14.0,10C,
1-10C,7.0,M9 20 mM glucose pH 7.4,1.377,4.576859219510977,14.0,yeaS,C,1.0,1213,14.0,10C,
1-10C,8.0,M9 20 mM glucose pH 7.4,1.522,6.028775886177645,15.0,yeaS,C,1.0,1293,14.0,10C,
1-10C,9.0,M9 20 mM glucose pH 7.4,1.563,7.579942552844312,16.0,yeaS,C,1.0,1741,14.0,10C,
1-10C,10.0,M9 20 mM glucose pH 7.4,1.505,13.68819255284431,20.0,yeaS,C,1.0,1585,14.0,10C,
1-11A,1.0,M9 20 mM glucose pH 7.4,0.021,0.0593381679141716,4.0,punC,A,1.0,17,15.0,11A,
1-11A,2.0,M9 20 mM glucose pH 7.4,0.058,0.1866715012475049,8.0,punC,A,1.0,85,15.0,11A,
1-11A,3.0,M9 20 mM glucose pH 7.4,0.186,0.4143381679141716,10.0,punC,A,1.0,633,15.0,11A,
1-11A,4.0,M9 20 mM glucose pH 7.4,0.402,0.648671501247505,11.0,punC,A,1.0,533,15.0,11A,
1-11A,5.0,M9 20 mM glucose pH 7.4,0.57,1.138671501247505,12.0,punC,A,1.0,857,15.0,11A,
1-11A,6.0,M9 20 mM glucose pH 7.4,0.764,1.7973381679141711,13.0,punC,A,1.0,1125,15.0,11A,
1-11A,7.0,M9 20 mM glucose pH 7.4,1.037,2.691254834580838,14.0,punC,A,1.0,1197,15.0,11A,
1-11A,8.0,M9 20 mM glucose pH 7.4,1.3,3.8680048345808378,15.0,punC,A,1.0,1357,15.0,11A,
1-11A,9.0,M9 20 mM glucose pH 7.4,1.463,5.257838167914171,16.0,punC,A,1.0,1665,15.0,11A,
1-11A,10.0,M9 20 mM glucose pH 7.4,1.532,11.516296501247504,20.0,punC,A,1.0,1905,15.0,11A,
1-11B,1.0,M9 20 mM glucose pH 7.4,0.02,0.0610921861776447,4.0,punC,B,1.0,69,15.0,11B,
1-11B,2.0,M9 20 mM glucose pH 7.4,0.059,0.1910921861776447,8.0,punC,B,1.0,29,15.0,11B,
1-11B,3.0,M9 20 mM glucose pH 7.4,0.188,0.4215921861776447,10.0,punC,B,1.0,609,15.0,11B,
1-11B,4.0,M9 20 mM glucose pH 7.4,0.459,0.6583421861776447,11.0,punC,B,1.0,581,15.0,11B,
1-11B,5.0,M9 20 mM glucose pH 7.4,0.647,1.2182588528443112,12.0,punC,B,1.0,1061,15.0,11B,
1-11B,6.0,M9 20 mM glucose pH 7.4,0.856,1.9593421861776448,13.0,punC,B,1.0,1149,15.0,11B,
1-11B,7.0,M9 20 mM glucose pH 7.4,1.134,2.9485921861776445,14.0,punC,B,1.0,1425,15.0,11B,
1-11B,8.0,M9 20 mM glucose pH 7.4,1.397,4.222342186177645,15.0,punC,B,1.0,1193,15.0,11B,
1-11B,9.0,M9 20 mM glucose pH 7.4,1.53,5.696675519510979,16.0,punC,B,1.0,1749,15.0,11B,
1-11B,10.0,M9 20 mM glucose pH 7.4,1.558,12.029508852844312,20.0,punC,B,1.0,1637,15.0,11B,
1-11C,1.0,M9 20 mM glucose pH 7.4,0.02,0.0586255762475049,4.0,punC,C,1.0,33,15.0,11C,
1-11C,2.0,M9 20 mM glucose pH 7.4,0.055,0.180625576247505,8.0,punC,C,1.0,377,15.0,11C,
1-11C,3.0,M9 20 mM glucose pH 7.4,0.179,0.398625576247505,10.0,punC,C,1.0,693,15.0,11C,
1-11C,4.0,M9 20 mM glucose pH 7.4,0.391,0.624625576247505,11.0,punC,C,1.0,729,15.0,11C,
1-11C,5.0,M9 20 mM glucose pH 7.4,0.553,1.1007922429141717,12.0,punC,C,1.0,977,15.0,11C,
1-11C,6.0,M9 20 mM glucose pH 7.4,0.725,1.7339589095808383,13.0,punC,C,1.0,925,15.0,11C,
1-11C,7.0,M9 20 mM glucose pH 7.4,0.988,2.582875576247505,14.0,punC,C,1.0,1333,15.0,11C,
1-11C,8.0,M9 20 mM glucose pH 7.4,1.243,3.7072922429141713,15.0,punC,C,1.0,1181,15.0,11C,
1-11C,9.0,M9 20 mM glucose pH 7.4,1.403,5.038208909580838,16.0,punC,C,1.0,1581,15.0,11C,
1-11C,10.0,M9 20 mM glucose pH 7.4,1.548,11.288750576247503,20.0,punC,C,1.0,1913,15.0,11C,
1-12A,1.0,M9 20 mM glucose pH 7.4,0.024,0.0614759429141716,4.0,rhtA,A,1.0,329,14.0,12A,
1-12A,2.0,M9 20 mM glucose pH 7.4,0.085,0.224809276247505,8.0,rhtA,A,1.0,177,14.0,12A,
1-12A,3.0,M9 20 mM glucose pH 7.4,0.279,0.5649759429141717,10.0,rhtA,A,1.0,741,14.0,12A,
1-12A,4.0,M9 20 mM glucose pH 7.4,0.621,0.916309276247505,11.0,rhtA,A,1.0,457,14.0,12A,
1-12A,5.0,M9 20 mM glucose pH 7.4,0.879,1.673309276247505,12.0,rhtA,A,1.0,1117,14.0,12A,
1-12A,6.0,M9 20 mM glucose pH 7.4,1.115,2.666975942914172,13.0,rhtA,A,1.0,865,14.0,12A,
1-12A,7.0,M9 20 mM glucose pH 7.4,1.353,3.9008092762475055,14.0,rhtA,A,1.0,1245,14.0,12A,
1-12A,8.0,M9 20 mM glucose pH 7.4,1.482,5.336642609580839,15.0,rhtA,A,1.0,1261,14.0,12A,
1-12A,9.0,M9 20 mM glucose pH 7.4,1.534,6.851059276247505,16.0,rhtA,A,1.0,1557,14.0,12A,
1-12A,10.0,M9 20 mM glucose pH 7.4,1.483,12.991934276247504,20.0,rhtA,A,1.0,1677,14.0,12A,
1-12B,1.0,M9 20 mM glucose pH 7.4,0.021,0.0593381679141716,4.0,rhtA,B,1.0,45,14.0,12B,
1-12B,2.0,M9 20 mM glucose pH 7.4,0.092,0.2280048345808383,8.0,rhtA,B,1.0,317,14.0,12B,
1-12B,3.0,M9 20 mM glucose pH 7.4,0.318,0.6098381679141716,10.0,rhtA,B,1.0,637,14.0,12B,
1-12B,4.0,M9 20 mM glucose pH 7.4,0.695,1.0125048345808385,11.0,rhtA,B,1.0,557,14.0,12B,
1-12B,5.0,M9 20 mM glucose pH 7.4,0.966,1.8518381679141716,12.0,rhtA,B,1.0,965,14.0,12B,
1-12B,6.0,M9 20 mM glucose pH 7.4,1.118,2.9048381679141717,13.0,rhtA,B,1.0,997,14.0,12B,
1-12B,7.0,M9 20 mM glucose pH 7.4,1.399,4.152588167914172,14.0,rhtA,B,1.0,1413,14.0,12B,
1-12B,8.0,M9 20 mM glucose pH 7.4,1.491,5.639838167914172,15.0,rhtA,B,1.0,1289,14.0,12B,
1-12B,9.0,M9 20 mM glucose pH 7.4,1.556,7.165588167914172,16.0,rhtA,B,1.0,1797,14.0,12B,
1-12B,10.0,M9 20 mM glucose pH 7.4,1.492,13.259504834580838,20.0,rhtA,B,1.0,1917,14.0,12B,
1-12C,1.0,M9 20 mM glucose pH 7.4,0.021,0.0593381679141716,4.0,rhtA,C,1.0,249,14.0,12C,
1-12C,2.0,M9 20 mM glucose pH 7.4,0.091,0.2300048345808383,8.0,rhtA,C,1.0,169,14.0,12C,
1-12C,3.0,M9 20 mM glucose pH 7.4,0.302,0.5970048345808383,10.0,rhtA,C,1.0,425,14.0,12C,
1-12C,4.0,M9 20 mM glucose pH 7.4,0.665,0.9777548345808385,11.0,rhtA,C,1.0,721,14.0,12C,
1-12C,5.0,M9 20 mM glucose pH 7.4,0.924,1.780921501247505,12.0,rhtA,C,1.0,1105,14.0,12C,
1-12C,6.0,M9 20 mM glucose pH 7.4,1.134,2.8094215012475052,13.0,rhtA,C,1.0,949,14.0,12C,
1-12C,7.0,M9 20 mM glucose pH 7.4,1.341,4.047171501247505,14.0,rhtA,C,1.0,1441,14.0,12C,
1-12C,8.0,M9 20 mM glucose pH 7.4,1.466,5.464088167914172,15.0,rhtA,C,1.0,1205,14.0,12C,
1-12C,9.0,M9 20 mM glucose pH 7.4,1.532,6.968004834580839,16.0,rhtA,C,1.0,1789,14.0,12C,
1-12C,10.0,M9 20 mM glucose pH 7.4,1.493,13.028213167914172,20.0,rhtA,C,1.0,1681,14.0,12C,
1-14A,1.0,M9 20 mM glucose pH 7.4,0.02,0.0586255762475049,4.0,sstT,A,1.0,25,14.0,14A,
1-14A,2.0,M9 20 mM glucose pH 7.4,0.084,0.2106255762475049,8.0,sstT,A,1.0,357,14.0,14A,
1-14A,3.0,M9 20 mM glucose pH 7.4,0.303,0.5699589095808383,10.0,sstT,A,1.0,629,14.0,14A,
1-14A,4.0,M9 20 mM glucose pH 7.4,0.654,0.955375576247505,11.0,sstT,A,1.0,453,14.0,14A,
1-14A,5.0,M9 20 mM glucose pH 7.4,0.909,1.7448755762475052,12.0,sstT,A,1.0,1001,14.0,14A,
1-14A,6.0,M9 20 mM glucose pH 7.4,1.139,2.7650422429141717,13.0,sstT,A,1.0,1017,14.0,14A,
1-14A,7.0,M9 20 mM glucose pH 7.4,1.387,4.0265422429141715,14.0,sstT,A,1.0,1353,14.0,14A,
1-14A,8.0,M9 20 mM glucose pH 7.4,1.487,5.489708909580838,15.0,sstT,A,1.0,1217,14.0,14A,
1-14A,9.0,M9 20 mM glucose pH 7.4,1.535,7.005042242914171,16.0,sstT,A,1.0,1885,14.0,14A,
1-14A,10.0,M9 20 mM glucose pH 7.4,1.48,13.00016724291417,20.0,sstT,A,1.0,1901,14.0,14A,
1-14B,1.0,M9 20 mM glucose pH 7.4,0.018,0.0498005631237525,4.0,sstT,B,1.0,109,14.0,14B,
1-14B,2.0,M9 20 mM glucose pH 7.4,0.083,0.1998005631237524,8.0,sstT,B,1.0,233,14.0,14B,
1-14B,3.0,M9 20 mM glucose pH 7.4,0.299,0.5544672297904192,10.0,sstT,B,1.0,657,14.0,14B,
1-14B,4.0,M9 20 mM glucose pH 7.4,0.659,0.9348005631237524,11.0,sstT,B,1.0,561,14.0,14B,
1-14B,5.0,M9 20 mM glucose pH 7.4,0.924,1.7342172297904193,12.0,sstT,B,1.0,981,14.0,14B,
1-14B,6.0,M9 20 mM glucose pH 7.4,1.147,2.7688005631237527,13.0,sstT,B,1.0,1097,14.0,14B,
1-14B,7.0,M9 20 mM glucose pH 7.4,1.395,4.037717229790419,14.0,sstT,B,1.0,1401,14.0,14B,
1-14B,8.0,M9 20 mM glucose pH 7.4,1.508,5.513800563123752,15.0,sstT,B,1.0,1445,14.0,14B,
1-14B,9.0,M9 20 mM glucose pH 7.4,1.538,7.043717229790419,16.0,sstT,B,1.0,1801,14.0,14B,
1-14B,10.0,M9 20 mM glucose pH 7.4,1.483,13.051925563123753,20.0,sstT,B,1.0,1589,14.0,14B,
1-14C,1.0,M9 20 mM glucose pH 7.4,0.019,0.0529797647205588,4.0,sstT,C,1.0,285,14.0,14C,
1-14C,2.0,M9 20 mM glucose pH 7.4,0.084,0.2069797647205588,8.0,sstT,C,1.0,137,14.0,14C,
1-14C,3.0,M9 20 mM glucose pH 7.4,0.296,0.5603130980538922,10.0,sstT,C,1.0,413,14.0,14C,
1-14C,4.0,M9 20 mM glucose pH 7.4,0.653,0.9359797647205588,11.0,sstT,C,1.0,393,14.0,14C,
1-14C,5.0,M9 20 mM glucose pH 7.4,0.905,1.723729764720559,12.0,sstT,C,1.0,961,14.0,14C,
1-14C,6.0,M9 20 mM glucose pH 7.4,1.124,2.734979764720559,13.0,sstT,C,1.0,941,14.0,14C,
1-14C,7.0,M9 20 mM glucose pH 7.4,1.352,3.9722297647205593,14.0,sstT,C,1.0,1453,14.0,14C,
1-14C,8.0,M9 20 mM glucose pH 7.4,1.473,5.403313098053893,15.0,sstT,C,1.0,1305,14.0,14C,
1-14C,9.0,M9 20 mM glucose pH 7.4,1.511,6.902229764720559,16.0,sstT,C,1.0,1669,14.0,14C,
1-14C,10.0,M9 20 mM glucose pH 7.4,1.482,12.91635476472056,20.0,sstT,C,1.0,1853,14.0,14C,
1-1A,1.0,M9 20 mM glucose pH 7.4,0.026,0.0703009560379241,4.0,tsx,A,1.0,93,14.0,1A,
1-1A,2.0,M9 20 mM glucose pH 7.4,0.104,0.2636342893712574,8.0,tsx,A,1.0,13,14.0,1A,
1-1A,3.0,M9 20 mM glucose pH 7.4,0.295,0.6414676227045908,10.0,tsx,A,1.0,481,14.0,1A,
1-1A,4.0,M9 20 mM glucose pH 7.4,0.687,1.0053842893712577,11.0,tsx,A,1.0,417,14.0,1A,
1-1A,5.0,M9 20 mM glucose pH 7.4,0.951,1.835050956037924,12.0,tsx,A,1.0,1093,14.0,1A,
1-1A,6.0,M9 20 mM glucose pH 7.4,1.227,2.9113842893712576,13.0,tsx,A,1.0,901,14.0,1A,
1-1A,7.0,M9 20 mM glucose pH 7.4,1.389,4.2288842893712575,14.0,tsx,A,1.0,1429,14.0,1A,
1-1A,8.0,M9 20 mM glucose pH 7.4,1.493,5.670050956037924,15.0,tsx,A,1.0,1497,14.0,1A,
1-1A,9.0,M9 20 mM glucose pH 7.4,1.549,7.1950509560379245,16.0,tsx,A,1.0,1813,14.0,1A,
1-1A,10.0,M9 20 mM glucose pH 7.4,1.509,13.308050956037924,20.0,tsx,A,1.0,1701,14.0,1A,
1-1B,1.0,M9 20 mM glucose pH 7.4,0.024,0.0590093329840319,4.0,tsx,B,1.0,253,14.0,1B,
1-1B,2.0,M9 20 mM glucose pH 7.4,0.104,0.2536759996506986,8.0,tsx,B,1.0,265,14.0,1B,
1-1B,3.0,M9 20 mM glucose pH 7.4,0.291,0.6280093329840319,10.0,tsx,B,1.0,713,14.0,1B,
1-1B,4.0,M9 20 mM glucose pH 7.4,0.678,0.9864259996506984,11.0,tsx,B,1.0,465,14.0,1B,
1-1B,5.0,M9 20 mM glucose pH 7.4,0.932,1.802509332984032,12.0,tsx,B,1.0,953,14.0,1B,
1-1B,6.0,M9 20 mM glucose pH 7.4,1.208,2.857759332984032,13.0,tsx,B,1.0,1101,14.0,1B,
1-1B,7.0,M9 20 mM glucose pH 7.4,1.396,4.167092666317366,14.0,tsx,B,1.0,1489,14.0,1B,
1-1B,8.0,M9 20 mM glucose pH 7.4,1.505,5.623425999650699,15.0,tsx,B,1.0,1273,14.0,1B,
1-1B,9.0,M9 20 mM glucose pH 7.4,1.558,7.159592666317366,16.0,tsx,B,1.0,1709,14.0,1B,
1-1B,10.0,M9 20 mM glucose pH 7.4,1.514,13.299592666317366,20.0,tsx,B,1.0,1597,14.0,1B,
1-1C,1.0,M9 20 mM glucose pH 7.4,0.022,0.0575841496506986,4.0,tsx,C,1.0,289,14.0,1C,
1-1C,2.0,M9 20 mM glucose pH 7.4,0.098,0.2469174829840319,8.0,tsx,C,1.0,181,14.0,1C,
1-1C,3.0,M9 20 mM glucose pH 7.4,0.269,0.5949174829840319,10.0,tsx,C,1.0,605,14.0,1C,
1-1C,4.0,M9 20 mM glucose pH 7.4,0.623,0.925667482984032,11.0,tsx,C,1.0,485,14.0,1C,
1-1C,5.0,M9 20 mM glucose pH 7.4,0.866,1.679417482984032,12.0,tsx,C,1.0,837,14.0,1C,
1-1C,6.0,M9 20 mM glucose pH 7.4,1.126,2.6633341496506984,13.0,tsx,C,1.0,937,14.0,1C,
1-1C,7.0,M9 20 mM glucose pH 7.4,1.349,3.9039174829840313,14.0,tsx,C,1.0,1169,14.0,1C,
1-1C,8.0,M9 20 mM glucose pH 7.4,1.481,5.331000816317365,15.0,tsx,C,1.0,1265,14.0,1C,
1-1C,9.0,M9 20 mM glucose pH 7.4,1.548,6.850917482984032,16.0,tsx,C,1.0,1649,14.0,1C,
1-1C,10.0,M9 20 mM glucose pH 7.4,1.524,12.8683341496507,20.0,tsx,C,1.0,1573,14.0,1C,
1-2A,1.0,M9 20 mM glucose pH 7.4,0.024,0.0639425528443113,4.0,oppA,A,1.0,225,14.0,2A,
1-2A,2.0,M9 20 mM glucose pH 7.4,0.113,0.272609219510978,8.0,oppA,A,1.0,37,14.0,2A,
1-2A,3.0,M9 20 mM glucose pH 7.4,0.297,0.6634425528443113,10.0,oppA,A,1.0,473,14.0,2A,
1-2A,4.0,M9 20 mM glucose pH 7.4,0.692,1.025609219510978,11.0,oppA,A,1.0,749,14.0,2A,
1-2A,5.0,M9 20 mM glucose pH 7.4,0.946,1.856359219510978,12.0,oppA,A,1.0,945,14.0,2A,
1-2A,6.0,M9 20 mM glucose pH 7.4,1.215,2.922609219510978,13.0,oppA,A,1.0,1129,14.0,2A,
1-2A,7.0,M9 20 mM glucose pH 7.4,1.428,4.248775886177644,14.0,oppA,A,1.0,1329,14.0,2A,
1-2A,8.0,M9 20 mM glucose pH 7.4,1.539,5.744609219510977,15.0,oppA,A,1.0,1537,14.0,2A,
1-2A,9.0,M9 20 mM glucose pH 7.4,1.545,7.295359219510977,16.0,oppA,A,1.0,1609,14.0,2A,
1-2A,10.0,M9 20 mM glucose pH 7.4,1.499,13.305859219510976,20.0,oppA,A,1.0,1605,14.0,2A,
1-2B,1.0,M9 20 mM glucose pH 7.4,0.023,0.0632299611776447,4.0,oppA,B,1.0,173,14.0,2B,
1-2B,2.0,M9 20 mM glucose pH 7.4,0.115,0.272563294510978,8.0,oppA,B,1.0,57,14.0,2B,
1-2B,2.0,M9 20 mM glucose pH 7.4,0.115,0.272563294510978,8.0,oppA,B,1.0,59,14.0,2B,
1-2B,3.0,M9 20 mM glucose pH 7.4,0.319,0.6843966278443114,10.0,oppA,B,1.0,509,14.0,2B,
1-2B,4.0,M9 20 mM glucose pH 7.4,0.732,1.076563294510978,11.0,oppA,B,1.0,469,14.0,2B,
1-2B,5.0,M9 20 mM glucose pH 7.4,0.99,1.9504799611776449,12.0,oppA,B,1.0,1045,14.0,2B,
1-2B,6.0,M9 20 mM glucose pH 7.4,1.25,3.057229961177645,13.0,oppA,B,1.0,885,14.0,2B,
1-2B,7.0,M9 20 mM glucose pH 7.4,1.438,4.407229961177644,14.0,oppA,B,1.0,1361,14.0,2B,
1-2B,8.0,M9 20 mM glucose pH 7.4,1.547,5.906896627844311,15.0,oppA,B,1.0,1517,14.0,2B,
1-2B,9.0,M9 20 mM glucose pH 7.4,1.569,7.472146627844311,16.0,oppA,B,1.0,1625,14.0,2B,
1-2B,10.0,M9 20 mM glucose pH 7.4,1.514,13.472688294510975,20.0,oppA,B,1.0,1809,14.0,2B,
1-2C,1.0,M9 20 mM glucose pH 7.4,0.024,0.0664091627744511,4.0,oppA,C,1.0,145,14.0,2C,
1-2C,2.0,M9 20 mM glucose pH 7.4,0.108,0.2717424961077844,8.0,oppA,C,1.0,49,14.0,2C,
1-2C,3.0,M9 20 mM glucose pH 7.4,0.298,0.6567424961077843,10.0,oppA,C,1.0,521,14.0,2C,
1-2C,4.0,M9 20 mM glucose pH 7.4,0.677,1.0232424961077844,11.0,oppA,C,1.0,477,14.0,2C,
1-2C,5.0,M9 20 mM glucose pH 7.4,0.926,1.8355758294411175,12.0,oppA,C,1.0,1141,14.0,2C,
1-2C,6.0,M9 20 mM glucose pH 7.4,1.179,2.876575829441118,13.0,oppA,C,1.0,1085,14.0,2C,
1-2C,7.0,M9 20 mM glucose pH 7.4,1.363,4.153325829441118,14.0,oppA,C,1.0,1229,14.0,2C,
1-2C,8.0,M9 20 mM glucose pH 7.4,1.494,5.584909162774451,15.0,oppA,C,1.0,1417,14.0,2C,
1-2C,9.0,M9 20 mM glucose pH 7.4,1.555,7.1152424961077845,16.0,oppA,C,1.0,1909,14.0,2C,
1-2C,9.0,M9 20 mM glucose pH 7.4,1.555,7.1152424961077845,16.0,oppA,C,1.0,1910,14.0,2C,
1-2C,9.0,M9 20 mM glucose pH 7.4,1.555,7.1152424961077845,16.0,oppA,C,1.0,1911,14.0,2C,
1-2C,10.0,M9 20 mM glucose pH 7.4,1.509,13.234492496107784,20.0,oppA,C,1.0,1645,14.0,2C,
1-3A,1.0,M9 20 mM glucose pH 7.4,0.023,0.0706297909680638,4.0,ompC,A,1.0,237,14.0,3A,
1-3A,2.0,M9 20 mM glucose pH 7.4,0.101,0.2546297909680639,8.0,ompC,A,1.0,217,14.0,3A,
1-3A,3.0,M9 20 mM glucose pH 7.4,0.303,0.6354631243013972,10.0,ompC,A,1.0,537,14.0,3A,
1-3A,4.0,M9 20 mM glucose pH 7.4,0.69,1.0121297909680638,11.0,ompC,A,1.0,653,14.0,3A,
1-3A,5.0,M9 20 mM glucose pH 7.4,0.944,1.840213124301397,12.0,ompC,A,1.0,813,14.0,3A,
1-3A,6.0,M9 20 mM glucose pH 7.4,1.202,2.901463124301397,13.0,ompC,A,1.0,1033,14.0,3A,
1-3A,7.0,M9 20 mM glucose pH 7.4,1.367,4.1937131243013965,14.0,ompC,A,1.0,1225,14.0,3A,
1-3A,8.0,M9 20 mM glucose pH 7.4,1.433,5.602463124301396,15.0,ompC,A,1.0,1373,14.0,3A,
1-3A,9.0,M9 20 mM glucose pH 7.4,1.478,7.059713124301396,16.0,ompC,A,1.0,1553,14.0,3A,
1-3A,10.0,M9 20 mM glucose pH 7.4,1.385,12.67617145763473,20.0,ompC,A,1.0,1657,14.0,3A,
1-3B,1.0,M9 20 mM glucose pH 7.4,0.022,0.062517369510978,4.0,ompC,B,1.0,205,14.0,3B,
1-3B,2.0,M9 20 mM glucose pH 7.4,0.093,0.2351840361776447,8.0,ompC,B,1.0,113,14.0,3B,
1-3B,3.0,M9 20 mM glucose pH 7.4,0.289,0.594017369510978,10.0,ompC,B,1.0,565,14.0,3B,
1-3B,4.0,M9 20 mM glucose pH 7.4,0.683,0.9551840361776448,11.0,ompC,B,1.0,625,14.0,3B,
1-3B,5.0,M9 20 mM glucose pH 7.4,0.931,1.7743507028443113,12.0,ompC,B,1.0,1069,14.0,3B,
1-3B,6.0,M9 20 mM glucose pH 7.4,1.187,2.8198507028443114,13.0,ompC,B,1.0,789,14.0,3B,
1-3B,7.0,M9 20 mM glucose pH 7.4,1.351,4.096517369510978,14.0,ompC,B,1.0,1221,14.0,3B,
1-3B,8.0,M9 20 mM glucose pH 7.4,1.461,5.503850702844311,15.0,ompC,B,1.0,1337,14.0,3B,
1-3B,9.0,M9 20 mM glucose pH 7.4,1.476,6.980267369510978,16.0,ompC,B,1.0,1893,14.0,3B,
1-3B,10.0,M9 20 mM glucose pH 7.4,1.385,12.619809036177642,20.0,ompC,B,1.0,1545,14.0,3B,
1-3C,1.0,M9 20 mM glucose pH 7.4,0.022,0.0723838092315369,4.0,ompC,C,1.0,245,14.0,3C,
1-3C,2.0,M9 20 mM glucose pH 7.4,0.092,0.2470504758982036,8.0,ompC,C,1.0,65,14.0,3C,
1-3C,3.0,M9 20 mM glucose pH 7.4,0.293,0.6077171425648703,10.0,ompC,C,1.0,497,14.0,3C,
1-3C,4.0,M9 20 mM glucose pH 7.4,0.663,0.9753004758982036,11.0,ompC,C,1.0,673,14.0,3C,
1-3C,5.0,M9 20 mM glucose pH 7.4,0.903,1.769133809231537,12.0,ompC,C,1.0,805,14.0,3C,
1-3C,6.0,M9 20 mM glucose pH 7.4,1.146,2.7823004758982037,13.0,ompC,C,1.0,1057,14.0,3C,
1-3C,7.0,M9 20 mM glucose pH 7.4,1.313,4.0181338092315375,14.0,ompC,C,1.0,1501,14.0,3C,
1-3C,8.0,M9 20 mM glucose pH 7.4,1.41,5.38496714256487,15.0,ompC,C,1.0,1449,14.0,3C,
1-3C,9.0,M9 20 mM glucose pH 7.4,1.468,6.827217142564869,16.0,ompC,C,1.0,1753,14.0,3C,
1-3C,10.0,M9 20 mM glucose pH 7.4,1.394,12.522383809231536,20.0,ompC,C,1.0,1829,14.0,3C,
1-4A,1.0,M9 20 mM glucose pH 7.4,0.02,0.0610921861776447,4.0,ompF,A,1.0,61,14.0,4A,
1-4A,2.0,M9 20 mM glucose pH 7.4,0.087,0.2230921861776447,8.0,ompF,A,1.0,197,14.0,4A,
1-4A,3.0,M9 20 mM glucose pH 7.4,0.264,0.5534255195109781,10.0,ompF,A,1.0,489,14.0,4A,
1-4A,4.0,M9 20 mM glucose pH 7.4,0.612,0.8823421861776448,11.0,ompF,A,1.0,737,14.0,4A,
1-4A,5.0,M9 20 mM glucose pH 7.4,0.858,1.6258421861776449,12.0,ompF,A,1.0,1077,14.0,4A,
1-4A,6.0,M9 20 mM glucose pH 7.4,1.137,2.6093421861776447,13.0,ompF,A,1.0,785,14.0,4A,
1-4A,7.0,M9 20 mM glucose pH 7.4,1.349,3.857925519510978,14.0,ompF,A,1.0,1525,14.0,4A,
1-4A,8.0,M9 20 mM glucose pH 7.4,1.502,5.287675519510978,15.0,ompF,A,1.0,1457,14.0,4A,
1-4A,9.0,M9 20 mM glucose pH 7.4,1.547,6.8211755195109784,16.0,ompF,A,1.0,1861,14.0,4A,
1-4A,10.0,M9 20 mM glucose pH 7.4,1.501,12.885925519510977,20.0,ompF,A,1.0,1773,14.0,4A,
1-4B,1.0,M9 20 mM glucose pH 7.4,0.021,0.0544049480538922,4.0,ompF,B,1.0,257,14.0,4B,
1-4B,2.0,M9 20 mM glucose pH 7.4,0.094,0.2270716147205589,8.0,ompF,B,1.0,373,14.0,4B,
1-4B,3.0,M9 20 mM glucose pH 7.4,0.271,0.5722382813872255,10.0,ompF,B,1.0,669,14.0,4B,
1-4B,4.0,M9 20 mM glucose pH 7.4,0.639,0.9073216147205588,11.0,ompF,B,1.0,689,14.0,4B,
1-4B,5.0,M9 20 mM glucose pH 7.4,0.894,1.6832382813872258,12.0,ompF,B,1.0,985,14.0,4B,
1-4B,6.0,M9 20 mM glucose pH 7.4,1.169,2.7019882813872256,13.0,ompF,B,1.0,1053,14.0,4B,
1-4B,7.0,M9 20 mM glucose pH 7.4,1.368,3.976821614720559,14.0,ompF,B,1.0,1349,14.0,4B,
1-4B,8.0,M9 20 mM glucose pH 7.4,1.502,5.416321614720559,15.0,ompF,B,1.0,1173,14.0,4B,
1-4B,9.0,M9 20 mM glucose pH 7.4,1.544,6.946988281387226,16.0,ompF,B,1.0,1729,14.0,4B,
1-4B,10.0,M9 20 mM glucose pH 7.4,1.503,13.012863281387224,20.0,ompF,B,1.0,1761,14.0,4B,
1-4C,1.0,M9 20 mM glucose pH 7.4,0.025,0.0695883643712575,4.0,ompF,C,1.0,273,14.0,4C,
1-4C,2.0,M9 20 mM glucose pH 7.4,0.089,0.2495883643712574,8.0,ompF,C,1.0,221,14.0,4C,
1-4C,3.0,M9 20 mM glucose pH 7.4,0.263,0.5809216977045908,10.0,ompF,C,1.0,769,14.0,4C,
1-4C,4.0,M9 20 mM glucose pH 7.4,0.612,0.9080883643712574,11.0,ompF,C,1.0,405,14.0,4C,
1-4C,5.0,M9 20 mM glucose pH 7.4,0.864,1.6541716977045908,12.0,ompF,C,1.0,801,14.0,4C,
1-4C,6.0,M9 20 mM glucose pH 7.4,1.127,2.639755031037924,13.0,ompF,C,1.0,1133,14.0,4C,
1-4C,7.0,M9 20 mM glucose pH 7.4,1.351,3.882005031037924,14.0,ompF,C,1.0,1309,14.0,4C,
1-4C,8.0,M9 20 mM glucose pH 7.4,1.481,5.310421697704591,15.0,ompF,C,1.0,1189,14.0,4C,
1-4C,9.0,M9 20 mM glucose pH 7.4,1.534,6.824338364371258,16.0,ompF,C,1.0,1685,14.0,4C,
1-4C,10.0,M9 20 mM glucose pH 7.4,1.514,12.963588364371256,20.0,ompF,C,1.0,1833,14.0,4C,
1-5A,1.0,M9 20 mM glucose pH 7.4,0.022,0.062517369510978,4.0,yddG,A,1.0,369,14.0,5A,
1-5A,2.0,M9 20 mM glucose pH 7.4,0.102,0.238517369510978,8.0,yddG,A,1.0,277,14.0,5A,
1-5A,3.0,M9 20 mM glucose pH 7.4,0.314,0.6303507028443113,10.0,yddG,A,1.0,601,14.0,5A,
1-5A,4.0,M9 20 mM glucose pH 7.4,0.709,1.021517369510978,11.0,yddG,A,1.0,593,14.0,5A,
1-5A,5.0,M9 20 mM glucose pH 7.4,0.959,1.8676007028443111,12.0,yddG,A,1.0,1109,14.0,5A,
1-5A,6.0,M9 20 mM glucose pH 7.4,1.202,2.9371840361776447,13.0,yddG,A,1.0,973,14.0,5A,
1-5A,7.0,M9 20 mM glucose pH 7.4,1.364,4.226934036177645,14.0,yddG,A,1.0,1385,14.0,5A,
1-5A,8.0,M9 20 mM glucose pH 7.4,1.439,5.636184036177645,15.0,yddG,A,1.0,1313,14.0,5A,
1-5A,9.0,M9 20 mM glucose pH 7.4,1.483,7.099767369510978,16.0,yddG,A,1.0,1837,14.0,5A,
1-5A,10.0,M9 20 mM glucose pH 7.4,1.429,12.872434036177644,20.0,yddG,A,1.0,1865,14.0,5A,
1-5B,1.0,M9 20 mM glucose pH 7.4,0.023,0.0558301313872255,4.0,yddG,B,1.0,341,14.0,5B,
1-5B,2.0,M9 20 mM glucose pH 7.4,0.107,0.2438301313872255,8.0,yddG,B,1.0,117,14.0,5B,
1-5B,3.0,M9 20 mM glucose pH 7.4,0.33,0.6551634647205589,10.0,yddG,B,1.0,597,14.0,5B,
1-5B,4.0,M9 20 mM glucose pH 7.4,0.74,1.0665801313872256,11.0,yddG,B,1.0,753,14.0,5B,
1-5B,5.0,M9 20 mM glucose pH 7.4,0.99,1.944913464720559,12.0,yddG,B,1.0,845,14.0,5B,
1-5B,6.0,M9 20 mM glucose pH 7.4,1.234,3.0445801313872254,13.0,yddG,B,1.0,1041,14.0,5B,
1-5B,7.0,M9 20 mM glucose pH 7.4,1.378,4.358913464720558,14.0,yddG,B,1.0,1461,14.0,5B,
1-5B,8.0,M9 20 mM glucose pH 7.4,1.454,5.777913464720559,15.0,yddG,B,1.0,1473,14.0,5B,
1-5B,9.0,M9 20 mM glucose pH 7.4,1.503,7.258663464720559,16.0,yddG,B,1.0,1697,14.0,5B,
1-5B,10.0,M9 20 mM glucose pH 7.4,1.431,13.04891346472056,20.0,yddG,B,1.0,1713,14.0,5B,
1-5C,1.0,M9 20 mM glucose pH 7.4,0.024,0.0688757727045908,4.0,yddG,C,1.0,81,14.0,5C,
1-5C,2.0,M9 20 mM glucose pH 7.4,0.108,0.2688757727045908,8.0,yddG,C,1.0,101,14.0,5C,
1-5C,3.0,M9 20 mM glucose pH 7.4,0.343,0.6917091060379242,10.0,yddG,C,1.0,697,14.0,5C,
1-5C,4.0,M9 20 mM glucose pH 7.4,0.749,1.1216257727045909,11.0,yddG,C,1.0,421,14.0,5C,
1-5C,5.0,M9 20 mM glucose pH 7.4,1.005,2.011125772704591,12.0,yddG,C,1.0,825,14.0,5C,
1-5C,6.0,M9 20 mM glucose pH 7.4,1.236,3.123292439371257,13.0,yddG,C,1.0,1025,14.0,5C,
1-5C,7.0,M9 20 mM glucose pH 7.4,1.353,4.427292439371257,14.0,yddG,C,1.0,1469,14.0,5C,
1-5C,8.0,M9 20 mM glucose pH 7.4,1.453,5.82362577270459,15.0,yddG,C,1.0,1409,14.0,5C,
1-5C,9.0,M9 20 mM glucose pH 7.4,1.494,7.302042439371257,16.0,yddG,C,1.0,1769,14.0,5C,
1-5C,10.0,M9 20 mM glucose pH 7.4,1.442,13.121459106037925,20.0,yddG,C,1.0,1613,14.0,5C,
1-6A,1.0,M9 20 mM glucose pH 7.4,0.02,0.0586255762475049,4.0,ybjE,A,1.0,381,14.0,6A,
1-6A,2.0,M9 20 mM glucose pH 7.4,0.096,0.2292922429141716,8.0,ybjE,A,1.0,41,14.0,6A,
1-6A,3.0,M9 20 mM glucose pH 7.4,0.272,0.578125576247505,10.0,ybjE,A,1.0,505,14.0,6A,
1-6A,4.0,M9 20 mM glucose pH 7.4,0.629,0.913292242914172,11.0,ybjE,A,1.0,577,14.0,6A,
1-6A,5.0,M9 20 mM glucose pH 7.4,0.889,1.6803755762475052,12.0,ybjE,A,1.0,889,14.0,6A,
1-6A,6.0,M9 20 mM glucose pH 7.4,1.171,2.6986255762475055,13.0,ybjE,A,1.0,869,14.0,6A,
1-6A,7.0,M9 20 mM glucose pH 7.4,1.367,3.974792242914172,14.0,ybjE,A,1.0,1481,14.0,6A,
1-6A,8.0,M9 20 mM glucose pH 7.4,1.474,5.402958909580839,15.0,ybjE,A,1.0,1529,14.0,6A,
1-6A,9.0,M9 20 mM glucose pH 7.4,1.509,6.900458909580839,16.0,ybjE,A,1.0,1897,14.0,6A,
1-6A,10.0,M9 20 mM glucose pH 7.4,1.452,12.77883390958084,20.0,ybjE,A,1.0,1629,14.0,6A,
1-6B,1.0,M9 20 mM glucose pH 7.4,0.023,0.0508969115269461,4.0,ybjE,B,1.0,97,14.0,6B,
1-6B,2.0,M9 20 mM glucose pH 7.4,0.105,0.2402302448602794,8.0,ybjE,B,1.0,241,14.0,6B,
1-6B,3.0,M9 20 mM glucose pH 7.4,0.3,0.6237302448602794,10.0,ybjE,B,1.0,525,14.0,6B,
1-6B,4.0,M9 20 mM glucose pH 7.4,0.693,0.9939802448602794,11.0,ybjE,B,1.0,765,14.0,6B,
1-6B,5.0,M9 20 mM glucose pH 7.4,0.953,1.8280635781936128,12.0,ybjE,B,1.0,917,14.0,6B,
1-6B,6.0,M9 20 mM glucose pH 7.4,1.222,2.9029802448602795,13.0,ybjE,B,1.0,1089,14.0,6B,
1-6B,7.0,M9 20 mM glucose pH 7.4,1.412,4.226563578193613,14.0,ybjE,B,1.0,1465,14.0,6B,
1-6B,8.0,M9 20 mM glucose pH 7.4,1.525,5.701313578193613,15.0,ybjE,B,1.0,1253,14.0,6B,
1-6B,9.0,M9 20 mM glucose pH 7.4,1.517,7.232396911526946,16.0,ybjE,B,1.0,1877,14.0,6B,
1-6B,10.0,M9 20 mM glucose pH 7.4,1.459,13.13373024486028,20.0,ybjE,B,1.0,1825,14.0,6B,
1-6C,1.0,M9 20 mM glucose pH 7.4,0.023,0.0632299611776447,4.0,ybjE,C,1.0,105,14.0,6C,
1-6C,2.0,M9 20 mM glucose pH 7.4,0.099,0.2512299611776447,8.0,ybjE,C,1.0,193,14.0,6C,
1-6C,3.0,M9 20 mM glucose pH 7.4,0.276,0.6065632945109781,10.0,ybjE,C,1.0,541,14.0,6C,
1-6C,4.0,M9 20 mM glucose pH 7.4,0.64,0.9464799611776448,11.0,ybjE,C,1.0,445,14.0,6C,
1-6C,5.0,M9 20 mM glucose pH 7.4,0.885,1.7188966278443114,12.0,ybjE,C,1.0,1029,14.0,6C,
1-6C,6.0,M9 20 mM glucose pH 7.4,1.155,2.724813294510978,13.0,ybjE,C,1.0,905,14.0,6C,
1-6C,7.0,M9 20 mM glucose pH 7.4,1.353,3.984813294510978,14.0,ybjE,C,1.0,1161,14.0,6C,
1-6C,8.0,M9 20 mM glucose pH 7.4,1.493,5.411479961177644,15.0,ybjE,C,1.0,1405,14.0,6C,
1-6C,9.0,M9 20 mM glucose pH 7.4,1.537,6.934479961177644,16.0,ybjE,C,1.0,1661,14.0,6C,
1-6C,10.0,M9 20 mM glucose pH 7.4,1.476,12.90652162784431,20.0,ybjE,C,1.0,1805,14.0,6C,
1-7A,1.0,M9 20 mM glucose pH 7.4,0.025,0.064655144510978,4.0,satP,A,1.0,9,13.0,7A,
1-7A,2.0,M9 20 mM glucose pH 7.4,0.12,0.2759884778443113,8.0,satP,A,1.0,185,13.0,7A,
1-7A,3.0,M9 20 mM glucose pH 7.4,0.34,0.712155144510978,10.0,satP,A,1.0,761,13.0,7A,
1-7A,4.0,M9 20 mM glucose pH 7.4,0.813,1.1309884778443111,11.0,satP,A,1.0,553,13.0,7A,
1-7A,5.0,M9 20 mM glucose pH 7.4,1.091,2.0992384778443114,12.0,satP,A,1.0,1049,13.0,7A,
1-7A,6.0,M9 20 mM glucose pH 7.4,1.342,3.303988477844311,13.0,satP,A,1.0,1137,13.0,7A,
1-7A,7.0,M9 20 mM glucose pH 7.4,1.494,4.730238477844312,14.0,satP,A,1.0,1509,13.0,7A,
1-7A,8.0,M9 20 mM glucose pH 7.4,1.567,6.265655144510978,15.0,satP,A,1.0,1301,13.0,7A,
1-7A,9.0,M9 20 mM glucose pH 7.4,1.543,7.828738477844311,16.0,satP,A,1.0,1725,13.0,7A,
1-7A,10.0,M9 20 mM glucose pH 7.4,1.489,13.831238477844312,20.0,satP,A,1.0,1561,13.0,7A,
1-7B,1.0,M9 20 mM glucose pH 7.4,0.023,0.0632299611776447,4.0,satP,B,1.0,141,13.0,7B,
1-7B,2.0,M9 20 mM glucose pH 7.4,0.117,0.268563294510978,8.0,satP,B,1.0,349,13.0,7B,
1-7B,3.0,M9 20 mM glucose pH 7.4,0.334,0.6958966278443114,10.0,satP,B,1.0,517,13.0,7B,
1-7B,4.0,M9 20 mM glucose pH 7.4,0.791,1.107813294510978,11.0,satP,B,1.0,429,13.0,7B,
1-7B,5.0,M9 20 mM glucose pH 7.4,1.071,2.053563294510978,12.0,satP,B,1.0,1153,13.0,7B,
1-7B,6.0,M9 20 mM glucose pH 7.4,1.319,3.239146627844311,13.0,satP,B,1.0,909,13.0,7B,
1-7B,7.0,M9 20 mM glucose pH 7.4,1.446,4.631729961177644,14.0,satP,B,1.0,1165,13.0,7B,
1-7B,8.0,M9 20 mM glucose pH 7.4,1.566,6.128813294510978,15.0,satP,B,1.0,1233,13.0,7B,
1-7B,9.0,M9 20 mM glucose pH 7.4,1.56,7.702313294510979,16.0,satP,B,1.0,1869,13.0,7B,
1-7B,10.0,M9 20 mM glucose pH 7.4,1.485,13.683104961177644,20.0,satP,B,1.0,1705,13.0,7B,
1-7C,1.0,M9 20 mM glucose pH 7.4,0.024,0.0639425528443113,4.0,satP,C,1.0,129,13.0,7C,
1-7C,2.0,M9 20 mM glucose pH 7.4,0.114,0.2732758861776447,8.0,satP,C,1.0,385,13.0,7C,
1-7C,3.0,M9 20 mM glucose pH 7.4,0.318,0.6829425528443114,10.0,satP,C,1.0,613,13.0,7C,
1-7C,4.0,M9 20 mM glucose pH 7.4,0.746,1.0742758861776447,11.0,satP,C,1.0,701,13.0,7C,
1-7C,5.0,M9 20 mM glucose pH 7.4,1.014,1.967609219510978,12.0,satP,C,1.0,1157,13.0,7C,
1-7C,6.0,M9 20 mM glucose pH 7.4,1.271,3.0986092195109776,13.0,satP,C,1.0,1005,13.0,7C,
1-7C,7.0,M9 20 mM glucose pH 7.4,1.428,4.456442552844311,14.0,satP,C,1.0,1177,13.0,7C,
1-7C,8.0,M9 20 mM glucose pH 7.4,1.535,5.93794255284431,15.0,satP,C,1.0,1485,13.0,7C,
1-7C,9.0,M9 20 mM glucose pH 7.4,1.553,7.489359219510977,16.0,satP,C,1.0,1621,13.0,7C,
1-7C,10.0,M9 20 mM glucose pH 7.4,1.485,13.48044255284431,20.0,satP,C,1.0,1737,13.0,7C,
1-8A,1.0,M9 20 mM glucose pH 7.4,0.021,0.0593381679141716,4.0,yedA,A,1.0,213,14.0,8A,
1-8A,2.0,M9 20 mM glucose pH 7.4,0.101,0.236671501247505,8.0,yedA,A,1.0,309,14.0,8A,
1-8A,3.0,M9 20 mM glucose pH 7.4,0.294,0.6103381679141716,10.0,yedA,A,1.0,529,14.0,8A,
1-8A,4.0,M9 20 mM glucose pH 7.4,0.711,0.973921501247505,11.0,yedA,A,1.0,493,14.0,8A,
1-8A,5.0,M9 20 mM glucose pH 7.4,0.991,1.8363381679141717,12.0,yedA,A,1.0,1081,14.0,8A,
1-8A,6.0,M9 20 mM glucose pH 7.4,1.275,2.957254834580838,13.0,yedA,A,1.0,929,14.0,8A,
1-8A,7.0,M9 20 mM glucose pH 7.4,1.407,4.310921501247504,14.0,yedA,A,1.0,1433,14.0,8A,
1-8A,8.0,M9 20 mM glucose pH 7.4,1.527,5.767254834580838,15.0,yedA,A,1.0,1389,14.0,8A,
1-8A,9.0,M9 20 mM glucose pH 7.4,1.533,7.306754834580837,16.0,yedA,A,1.0,1841,14.0,8A,
1-8A,10.0,M9 20 mM glucose pH 7.4,1.484,13.315129834580835,20.0,yedA,A,1.0,1845,14.0,8A,
1-8B,1.0,M9 20 mM glucose pH 7.4,0.026,0.0678343461077844,4.0,yedA,B,1.0,157,14.0,8B,
1-8B,2.0,M9 20 mM glucose pH 7.4,0.112,0.2665010127744511,8.0,yedA,B,1.0,125,14.0,8B,
1-8B,3.0,M9 20 mM glucose pH 7.4,0.288,0.6491676794411178,10.0,yedA,B,1.0,573,14.0,8B,
1-8B,4.0,M9 20 mM glucose pH 7.4,0.719,0.9985010127744508,11.0,yedA,B,1.0,437,14.0,8B,
1-8B,5.0,M9 20 mM glucose pH 7.4,1.005,1.872584346107784,12.0,yedA,B,1.0,893,14.0,8B,
1-8B,6.0,M9 20 mM glucose pH 7.4,1.28,3.004834346107784,13.0,yedA,B,1.0,873,14.0,8B,
1-8B,7.0,M9 20 mM glucose pH 7.4,1.444,4.376084346107784,14.0,yedA,B,1.0,1381,14.0,8B,
1-8B,8.0,M9 20 mM glucose pH 7.4,1.553,5.87450101277445,15.0,yedA,B,1.0,1297,14.0,8B,
1-8B,9.0,M9 20 mM glucose pH 7.4,1.544,7.432834346107784,16.0,yedA,B,1.0,1889,14.0,8B,
1-8B,10.0,M9 20 mM glucose pH 7.4,1.487,13.436709346107785,20.0,yedA,B,1.0,1617,14.0,8B,
1-8C,1.0,M9 20 mM glucose pH 7.4,0.028,0.0741927493013972,4.0,yedA,C,1.0,89,14.0,8C,
1-8C,2.0,M9 20 mM glucose pH 7.4,0.129,0.3095260826347305,8.0,yedA,C,1.0,261,14.0,8C,
1-8C,3.0,M9 20 mM glucose pH 7.4,0.356,0.7700260826347305,10.0,yedA,C,1.0,409,14.0,8C,
1-8C,4.0,M9 20 mM glucose pH 7.4,0.801,1.2072760826347304,11.0,yedA,C,1.0,773,14.0,8C,
1-8C,5.0,M9 20 mM glucose pH 7.4,1.076,2.159942749301397,12.0,yedA,C,1.0,1145,14.0,8C,
1-8C,6.0,M9 20 mM glucose pH 7.4,1.328,3.351609415968064,13.0,yedA,C,1.0,1009,14.0,8C,
1-8C,7.0,M9 20 mM glucose pH 7.4,1.454,4.753109415968064,14.0,yedA,C,1.0,1377,14.0,8C,
1-8C,8.0,M9 20 mM glucose pH 7.4,1.555,6.25127608263473,15.0,yedA,C,1.0,1257,14.0,8C,
1-8C,9.0,M9 20 mM glucose pH 7.4,1.538,7.807609415968063,16.0,yedA,C,1.0,1745,14.0,8C,
1-8C,10.0,M9 20 mM glucose pH 7.4,1.476,13.773859415968063,20.0,yedA,C,1.0,1733,14.0,8C,
1-9A,1.0,M9 20 mM glucose pH 7.4,0.02,0.0561589663173652,4.0,ygaZ,A,1.0,153,14.0,9A,
1-9A,2.0,M9 20 mM glucose pH 7.4,0.072,0.1974922996506986,8.0,ygaZ,A,1.0,305,14.0,9A,
1-9A,3.0,M9 20 mM glucose pH 7.4,0.234,0.4834922996506985,10.0,ygaZ,A,1.0,717,14.0,9A,
1-9A,4.0,M9 20 mM glucose pH 7.4,0.565,0.7779922996506986,11.0,ygaZ,A,1.0,677,14.0,9A,
1-9A,5.0,M9 20 mM glucose pH 7.4,0.845,1.4872422996506989,12.0,ygaZ,A,1.0,969,14.0,9A,
1-9A,6.0,M9 20 mM glucose pH 7.4,1.092,2.4569922996506985,13.0,ygaZ,A,1.0,821,14.0,9A,
1-9A,7.0,M9 20 mM glucose pH 7.4,1.345,3.6749922996506985,14.0,ygaZ,A,1.0,1369,14.0,9A,
1-9A,8.0,M9 20 mM glucose pH 7.4,1.515,5.119325632984031,15.0,ygaZ,A,1.0,1321,14.0,9A,
1-9A,9.0,M9 20 mM glucose pH 7.4,1.571,6.6718256329840315,16.0,ygaZ,A,1.0,1777,14.0,9A,
1-9A,10.0,M9 20 mM glucose pH 7.4,1.514,12.831533966317364,20.0,ygaZ,A,1.0,1577,14.0,9A,
1-9B,1.0,M9 20 mM glucose pH 7.4,0.021,0.0593381679141716,4.0,ygaZ,B,1.0,77,14.0,9B,
1-9B,2.0,M9 20 mM glucose pH 7.4,0.071,0.2033381679141716,8.0,ygaZ,B,1.0,209,14.0,9B,
1-9B,3.0,M9 20 mM glucose pH 7.4,0.242,0.4945048345808382,10.0,ygaZ,B,1.0,645,14.0,9B,
1-9B,4.0,M9 20 mM glucose pH 7.4,0.566,0.8010881679141716,11.0,ygaZ,B,1.0,725,14.0,9B,
1-9B,5.0,M9 20 mM glucose pH 7.4,0.846,1.510754834580838,12.0,ygaZ,B,1.0,861,14.0,9B,
1-9B,6.0,M9 20 mM glucose pH 7.4,1.084,2.4790881679141714,13.0,ygaZ,B,1.0,829,14.0,9B,
1-9B,7.0,M9 20 mM glucose pH 7.4,1.359,3.697504834580838,14.0,ygaZ,B,1.0,1201,14.0,9B,
1-9B,8.0,M9 20 mM glucose pH 7.4,1.507,5.154754834580838,15.0,ygaZ,B,1.0,1209,14.0,9B,
1-9B,9.0,M9 20 mM glucose pH 7.4,1.575,6.702421501247504,16.0,ygaZ,B,1.0,1881,14.0,9B,
1-9B,10.0,M9 20 mM glucose pH 7.4,1.519,12.86408816791417,20.0,ygaZ,B,1.0,1849,14.0,9B,
1-9C,1.0,M9 20 mM glucose pH 7.4,0.022,0.0575841496506986,4.0,ygaZ,C,1.0,345,14.0,9C,
1-9C,2.0,M9 20 mM glucose pH 7.4,0.072,0.2029174829840319,8.0,ygaZ,C,1.0,333,14.0,9C,
1-9C,3.0,M9 20 mM glucose pH 7.4,0.26,0.5104174829840319,10.0,ygaZ,C,1.0,449,14.0,9C,
1-9C,4.0,M9 20 mM glucose pH 7.4,0.588,0.8419174829840319,11.0,ygaZ,C,1.0,661,14.0,9C,
1-9C,5.0,M9 20 mM glucose pH 7.4,0.853,1.5676674829840318,12.0,ygaZ,C,1.0,1037,14.0,9C,
1-9C,6.0,M9 20 mM glucose pH 7.4,1.081,2.535584149650698,13.0,ygaZ,C,1.0,817,14.0,9C,
1-9C,7.0,M9 20 mM glucose pH 7.4,1.349,3.747250816317365,14.0,ygaZ,C,1.0,1269,14.0,9C,
1-9C,8.0,M9 20 mM glucose pH 7.4,1.506,5.196584149650699,15.0,ygaZ,C,1.0,1421,14.0,9C,
1-9C,9.0,M9 20 mM glucose pH 7.4,1.577,6.745250816317365,16.0,ygaZ,C,1.0,1925,14.0,9C,
1-9C,10.0,M9 20 mM glucose pH 7.4,1.543,12.9963341496507,20.0,ygaZ,C,1.0,1717,14.0,9C,
2-0A,1.0,M9 20 mM glucose pH 7.4,0.034,0.1052551674786007,4.0,WT,A,2.0,2049,13.0,0A,
2-0A,2.0,M9 20 mM glucose pH 7.4,0.37,0.6510997399141112,8.0,WT,A,2.0,2093,13.0,0A,
2-0A,3.0,M9 20 mM glucose pH 7.4,0.884,1.8597664065807775,10.0,WT,A,2.0,2567,13.0,0A,
2-0A,4.0,M9 20 mM glucose pH 7.4,1.172,2.8860441843585556,11.0,WT,A,2.0,2531,13.0,0A,
2-0A,5.0,M9 20 mM glucose pH 7.4,1.385,4.1787664065807775,12.0,WT,A,2.0,2893,13.0,0A,
2-0A,6.0,M9 20 mM glucose pH 7.4,1.515,5.635683073247444,13.0,WT,A,2.0,2717,13.0,0A,
2-0A,7.0,M9 20 mM glucose pH 7.4,1.584,7.1884330732474435,14.0,WT,A,2.0,3076,13.0,0A,
2-0A,8.0,M9 20 mM glucose pH 7.4,1.591,8.78109973991411,15.0,WT,A,2.0,3064,13.0,0A,
2-0A,9.0,M9 20 mM glucose pH 7.4,1.553,10.355433073247443,16.0,WT,A,2.0,3496,13.0,0A,
2-0A,10.0,M9 20 mM glucose pH 7.4,1.464,16.355833073247446,20.0,WT,A,2.0,3752,13.0,0A,
2-0B,1.0,M9 20 mM glucose pH 7.4,0.033,0.0982349654583986,4.0,WT,B,2.0,2137,13.0,0B,
2-0B,2.0,M9 20 mM glucose pH 7.4,0.372,0.6433120728240489,8.0,WT,B,2.0,2069,13.0,0B,
2-0B,3.0,M9 20 mM glucose pH 7.4,0.938,1.892145406157382,10.0,WT,B,2.0,2601,13.0,0B,
2-0B,4.0,M9 20 mM glucose pH 7.4,1.216,2.96942318393516,11.0,WT,B,2.0,2653,13.0,0B,
2-0B,5.0,M9 20 mM glucose pH 7.4,1.395,4.291145406157382,12.0,WT,B,2.0,2977,13.0,0B,
2-0B,6.0,M9 20 mM glucose pH 7.4,1.534,5.758978739490715,13.0,WT,B,2.0,2853,13.0,0B,
2-0B,7.0,M9 20 mM glucose pH 7.4,1.563,7.322478739490715,14.0,WT,B,2.0,3376,13.0,0B,
2-0B,8.0,M9 20 mM glucose pH 7.4,1.56,8.886645406157381,15.0,WT,B,2.0,3180,13.0,0B,
2-0B,9.0,M9 20 mM glucose pH 7.4,1.523,10.431145406157382,16.0,WT,B,2.0,3528,13.0,0B,
2-0B,10.0,M9 20 mM glucose pH 7.4,1.46,16.35181207282405,20.0,WT,B,2.0,3664,13.0,0B,
2-0C,1.0,M9 20 mM glucose pH 7.4,0.038,0.1317396856851897,4.0,WT,C,2.0,2277,13.0,0C,
2-0C,2.0,M9 20 mM glucose pH 7.4,0.347,0.6727868202987963,8.0,WT,C,2.0,2193,13.0,0C,
2-0C,3.0,M9 20 mM glucose pH 7.4,0.911,1.8546201536321296,10.0,WT,C,2.0,2617,13.0,0C,
2-0C,4.0,M9 20 mM glucose pH 7.4,1.19,2.9052868202987963,11.0,WT,C,2.0,2511,13.0,0C,
2-0C,5.0,M9 20 mM glucose pH 7.4,1.378,4.204286820298796,12.0,WT,C,2.0,2941,13.0,0C,
2-0C,6.0,M9 20 mM glucose pH 7.4,1.504,5.650453486965462,13.0,WT,C,2.0,2829,13.0,0C,
2-0C,7.0,M9 20 mM glucose pH 7.4,1.55,7.185620153632129,14.0,WT,C,2.0,3348,13.0,0C,
2-0C,8.0,M9 20 mM glucose pH 7.4,1.585,8.754036820298795,15.0,WT,C,2.0,3108,13.0,0C,
2-0C,9.0,M9 20 mM glucose pH 7.4,1.559,10.335286820298796,16.0,WT,C,2.0,3616,13.0,0C,
2-0C,10.0,M9 20 mM glucose pH 7.4,1.577,16.54222015363213,20.0,WT,C,2.0,3672,13.0,0C,
2-0D,1.0,M9 20 mM glucose pH 7.4,0.035,0.1256883549390361,4.0,WT,D,2.0,1957,13.0,0D,
2-0D,2.0,M9 20 mM glucose pH 7.4,0.326,0.6535557672533719,8.0,WT,D,2.0,2121,13.0,0D,
2-0D,3.0,M9 20 mM glucose pH 7.4,0.792,1.715055767253372,10.0,WT,D,2.0,2571,13.0,0D,
2-0D,4.0,M9 20 mM glucose pH 7.4,1.069,2.6431113228089274,11.0,WT,D,2.0,2349,13.0,0D,
2-0D,5.0,M9 20 mM glucose pH 7.4,1.256,3.823055767253371,12.0,WT,D,2.0,2917,13.0,0D,
2-0D,6.0,M9 20 mM glucose pH 7.4,1.406,5.157139100586704,13.0,WT,D,2.0,2869,13.0,0D,
2-0D,7.0,M9 20 mM glucose pH 7.4,1.483,6.6107224339200386,14.0,WT,D,2.0,3380,13.0,0D,
2-0D,8.0,M9 20 mM glucose pH 7.4,1.558,8.131389100586706,15.0,WT,D,2.0,3240,13.0,0D,
2-0D,9.0,M9 20 mM glucose pH 7.4,1.56,9.702389100586704,16.0,WT,D,2.0,3468,13.0,0D,
2-0D,10.0,M9 20 mM glucose pH 7.4,1.426,15.75012243392004,20.0,WT,D,2.0,3728,13.0,0D,
2-0E,1.0,M9 20 mM glucose pH 7.4,0.033,0.1004368205212891,4.0,WT,E,2.0,2053,13.0,0E,
2-0E,2.0,M9 20 mM glucose pH 7.4,0.331,0.6095648097743906,8.0,WT,E,2.0,2097,13.0,0E,
2-0E,3.0,M9 20 mM glucose pH 7.4,0.782,1.679898143107724,10.0,WT,E,2.0,2493,13.0,0E,
2-0E,5.0,M9 20 mM glucose pH 7.4,1.232,3.755231476441057,12.0,WT,E,2.0,2685,13.0,0E,
2-0E,6.0,M9 20 mM glucose pH 7.4,1.378,5.062981476441057,13.0,WT,E,2.0,3029,13.0,0E,
2-0E,7.0,M9 20 mM glucose pH 7.4,1.456,6.48856480977439,14.0,WT,E,2.0,3224,13.0,0E,
2-0E,8.0,M9 20 mM glucose pH 7.4,1.532,7.982731476441057,15.0,WT,E,2.0,3144,13.0,0E,
2-0E,9.0,M9 20 mM glucose pH 7.4,1.517,9.522231476441055,16.0,WT,E,2.0,3720,13.0,0E,
2-0E,10.0,M9 20 mM glucose pH 7.4,1.437,15.440898143107724,20.0,WT,E,2.0,3748,13.0,0E,
2-0F,1.0,M9 20 mM glucose pH 7.4,0.033,0.0982349654583986,4.0,WT,F,2.0,2265,13.0,0F,
2-0F,2.0,M9 20 mM glucose pH 7.4,0.311,0.5844787394907155,8.0,WT,F,2.0,2161,13.0,0F,
2-0F,3.0,M9 20 mM glucose pH 7.4,0.739,1.5914787394907155,10.0,WT,F,2.0,2535,13.0,0F,
2-0F,4.0,M9 20 mM glucose pH 7.4,1.018,2.4663676283796043,11.0,WT,F,2.0,2527,13.0,0F,
2-0F,5.0,M9 20 mM glucose pH 7.4,1.189,3.5914787394907153,12.0,WT,F,2.0,2957,13.0,0F,
2-0F,6.0,M9 20 mM glucose pH 7.4,1.355,4.863895406157382,13.0,WT,F,2.0,2933,13.0,0F,
2-0F,7.0,M9 20 mM glucose pH 7.4,1.438,6.2738120728240485,14.0,WT,F,2.0,3172,13.0,0F,
2-0F,8.0,M9 20 mM glucose pH 7.4,1.507,7.747478739490715,15.0,WT,F,2.0,3152,13.0,0F,
2-0F,9.0,M9 20 mM glucose pH 7.4,1.514,9.26714540615738,16.0,WT,F,2.0,3484,13.0,0F,
2-0F,10.0,M9 20 mM glucose pH 7.4,1.395,15.163545406157382,20.0,WT,F,2.0,3716,13.0,0F,
2-10A,1.0,M9 20 mM glucose pH 7.4,0.028,0.0795376654831695,4.0,nagE,A,2.0,2117,13.0,10A,
2-10A,2.0,M9 20 mM glucose pH 7.4,0.234,0.4594840016935825,8.0,nagE,A,2.0,2001,13.0,10A,
2-10A,3.0,M9 20 mM glucose pH 7.4,0.616,1.2544840016935823,10.0,nagE,A,2.0,2433,13.0,10A,
2-10A,5.0,M9 20 mM glucose pH 7.4,1.143,3.0528173350269157,12.0,nagE,A,2.0,2689,13.0,10A,
2-10A,6.0,M9 20 mM glucose pH 7.4,1.38,4.314067335026916,13.0,nagE,A,2.0,2769,13.0,10A,
2-10A,7.0,M9 20 mM glucose pH 7.4,1.511,5.777484001693582,14.0,nagE,A,2.0,3048,13.0,10A,
2-10A,8.0,M9 20 mM glucose pH 7.4,1.55,7.315650668360248,15.0,nagE,A,2.0,3136,13.0,10A,
2-10A,9.0,M9 20 mM glucose pH 7.4,1.523,8.855484001693581,16.0,nagE,A,2.0,3592,13.0,10A,
2-10A,10.0,M9 20 mM glucose pH 7.4,1.416,14.732950668360246,20.0,nagE,A,2.0,3472,13.0,10A,
2-10B,1.0,M9 20 mM glucose pH 7.4,0.029,0.0865578675033715,4.0,nagE,B,2.0,2177,13.0,10B,
2-10B,2.0,M9 20 mM glucose pH 7.4,0.261,0.4974383354503114,8.0,nagE,B,2.0,2257,13.0,10B,
2-10B,3.0,M9 20 mM glucose pH 7.4,0.693,1.3907716687836449,10.0,nagE,B,2.0,2577,13.0,10B,
2-10B,4.0,M9 20 mM glucose pH 7.4,0.986,2.225993891005867,11.0,nagE,B,2.0,2497,13.0,10B,
2-10B,5.0,M9 20 mM glucose pH 7.4,1.218,3.3424383354503115,12.0,nagE,B,2.0,2881,13.0,10B,
2-10B,6.0,M9 20 mM glucose pH 7.4,1.422,4.664771668783645,13.0,nagE,B,2.0,3044,13.0,10B,
2-10B,7.0,M9 20 mM glucose pH 7.4,1.521,6.151438335450312,14.0,nagE,B,2.0,3060,13.0,10B,
2-10B,8.0,M9 20 mM glucose pH 7.4,1.561,7.697355002116979,15.0,nagE,B,2.0,3168,13.0,10B,
2-10B,9.0,M9 20 mM glucose pH 7.4,1.534,9.251105002116978,16.0,nagE,B,2.0,3812,13.0,10B,
2-10B,10.0,M9 20 mM glucose pH 7.4,1.433,15.181371668783646,20.0,nagE,B,2.0,3576,13.0,10B,
2-10C,1.0,M9 20 mM glucose pH 7.4,0.029,0.0865578675033715,4.0,nagE,C,2.0,1949,13.0,10C,
2-10C,2.0,M9 20 mM glucose pH 7.4,0.247,0.4817716687836448,8.0,nagE,C,2.0,2041,13.0,10C,
2-10C,3.0,M9 20 mM glucose pH 7.4,0.665,1.3321050021169782,10.0,nagE,C,2.0,2489,13.0,10C,
2-10C,4.0,M9 20 mM glucose pH 7.4,0.942,2.1318272243392005,11.0,nagE,C,2.0,2485,13.0,10C,
2-10C,5.0,M9 20 mM glucose pH 7.4,1.17,3.1997716687836446,12.0,nagE,C,2.0,2789,13.0,10C,
2-10C,6.0,M9 20 mM glucose pH 7.4,1.391,4.480855002116978,13.0,nagE,C,2.0,2877,13.0,10C,
2-10C,7.0,M9 20 mM glucose pH 7.4,1.505,5.946105002116978,14.0,nagE,C,2.0,3156,13.0,10C,
2-10C,8.0,M9 20 mM glucose pH 7.4,1.57,7.487688335450311,15.0,nagE,C,2.0,3312,13.0,10C,
2-10C,9.0,M9 20 mM glucose pH 7.4,1.546,9.056438335450313,16.0,nagE,C,2.0,3660,13.0,10C,
2-10C,10.0,M9 20 mM glucose pH 7.4,1.442,15.036705002116976,20.0,nagE,C,2.0,3508,13.0,10C,
2-11A,1.0,M9 20 mM glucose pH 7.4,0.036,0.1002862962045523,4.0,gltJ,A,2.0,2013,12.0,11A,
2-11A,2.0,M9 20 mM glucose pH 7.4,0.364,0.6638415290630859,8.0,gltJ,A,2.0,2145,12.0,11A,
2-11A,3.0,M9 20 mM glucose pH 7.4,0.826,1.8165081957297524,10.0,gltJ,A,2.0,2585,12.0,11A,
2-11A,4.0,M9 20 mM glucose pH 7.4,1.124,2.78778597350753,11.0,gltJ,A,2.0,2445,12.0,11A,
2-11A,5.0,M9 20 mM glucose pH 7.4,1.305,4.025508195729752,12.0,gltJ,A,2.0,2997,12.0,11A,
2-11A,6.0,M9 20 mM glucose pH 7.4,1.456,5.408508195729752,13.0,gltJ,A,2.0,2845,12.0,11A,
2-11A,7.0,M9 20 mM glucose pH 7.4,1.532,6.912508195729751,14.0,gltJ,A,2.0,3140,12.0,11A,
2-11A,8.0,M9 20 mM glucose pH 7.4,1.529,8.449591529063085,15.0,gltJ,A,2.0,3392,12.0,11A,
2-11A,9.0,M9 20 mM glucose pH 7.4,1.509,9.964841529063085,16.0,gltJ,A,2.0,3784,12.0,11A,
2-11A,10.0,M9 20 mM glucose pH 7.4,1.433,15.846708195729752,20.0,gltJ,A,2.0,3696,12.0,11A,
2-11B,1.0,M9 20 mM glucose pH 7.4,0.034,0.0992551674786007,4.0,gltJ,B,2.0,1941,12.0,11B,
2-11B,2.0,M9 20 mM glucose pH 7.4,0.358,0.6532973447045304,8.0,gltJ,B,2.0,2153,12.0,11B,
2-11B,3.0,M9 20 mM glucose pH 7.4,0.832,1.7999640113711968,10.0,gltJ,B,2.0,2413,12.0,11B,
2-11B,4.0,M9 20 mM glucose pH 7.4,1.119,2.772686233593419,11.0,gltJ,B,2.0,2609,12.0,11B,
2-11B,5.0,M9 20 mM glucose pH 7.4,1.307,4.004964011371197,12.0,gltJ,B,2.0,2669,12.0,11B,
2-11B,6.0,M9 20 mM glucose pH 7.4,1.461,5.39179734470453,13.0,gltJ,B,2.0,2781,12.0,11B,
2-11B,7.0,M9 20 mM glucose pH 7.4,1.531,6.898964011371197,14.0,gltJ,B,2.0,3264,12.0,11B,
2-11B,8.0,M9 20 mM glucose pH 7.4,1.534,8.43704734470453,15.0,gltJ,B,2.0,3388,12.0,11B,
2-11B,9.0,M9 20 mM glucose pH 7.4,1.516,9.959964011371197,16.0,gltJ,B,2.0,3572,12.0,11B,
2-11B,10.0,M9 20 mM glucose pH 7.4,1.42,15.844764011371195,20.0,gltJ,B,2.0,3736,12.0,11B,
2-11C,1.0,M9 20 mM glucose pH 7.4,0.034,0.1010533124157102,4.0,gltJ,C,2.0,2245,12.0,11C,
2-11C,2.0,M9 20 mM glucose pH 7.4,0.307,0.5989128712272425,8.0,gltJ,C,2.0,2305,12.0,11C,
2-11C,4.0,M9 20 mM glucose pH 7.4,1.03,2.471912871227242,11.0,gltJ,C,2.0,2629,12.0,11C,
2-11C,5.0,M9 20 mM glucose pH 7.4,1.234,3.6230795378939087,12.0,gltJ,C,2.0,2749,12.0,11C,
2-11C,6.0,M9 20 mM glucose pH 7.4,1.414,4.949079537893908,13.0,gltJ,C,2.0,2857,12.0,11C,
2-11C,7.0,M9 20 mM glucose pH 7.4,1.502,6.420412871227242,14.0,gltJ,C,2.0,3252,12.0,11C,
2-11C,8.0,M9 20 mM glucose pH 7.4,1.53,7.941412871227242,15.0,gltJ,C,2.0,3260,12.0,11C,
2-11C,9.0,M9 20 mM glucose pH 7.4,1.502,9.461746204560576,16.0,gltJ,C,2.0,3548,12.0,11C,
2-11C,10.0,M9 20 mM glucose pH 7.4,1.396,15.254546204560578,20.0,gltJ,C,2.0,3612,12.0,11C,
2-12A,1.0,M9 20 mM glucose pH 7.4,0.028,0.08773952054606,4.0,ptsG,A,2.0,1933,20.0,12A,
2-12A,2.0,M9 20 mM glucose pH 7.4,0.059,0.2518724671868384,8.0,ptsG,A,2.0,2045,20.0,12A,
2-12A,3.0,M9 20 mM glucose pH 7.4,0.092,0.3993724671868384,10.0,ptsG,A,2.0,2417,20.0,12A,
2-12A,4.0,M9 20 mM glucose pH 7.4,0.116,0.5029558005201717,11.0,ptsG,A,2.0,2633,20.0,12A,
2-12A,5.0,M9 20 mM glucose pH 7.4,0.139,0.6310391338535051,12.0,ptsG,A,2.0,3001,20.0,12A,
2-12A,6.0,M9 20 mM glucose pH 7.4,0.174,0.786539133853505,13.0,ptsG,A,2.0,2969,20.0,12A,
2-12A,7.0,M9 20 mM glucose pH 7.4,0.209,0.979039133853505,14.0,ptsG,A,2.0,3292,20.0,12A,
2-12A,8.0,M9 20 mM glucose pH 7.4,0.245,1.2059558005201718,15.0,ptsG,A,2.0,3364,20.0,12A,
2-12A,9.0,M9 20 mM glucose pH 7.4,0.28,1.468705800520172,16.0,ptsG,A,2.0,3760,20.0,12A,
2-12A,10.0,M9 20 mM glucose pH 7.4,0.697,3.2749724671868385,20.0,ptsG,A,2.0,3688,20.0,12A,
2-12B,1.0,M9 20 mM glucose pH 7.4,0.028,0.0943450857347315,4.0,ptsG,B,2.0,2149,20.0,12B,
2-12B,2.0,M9 20 mM glucose pH 7.4,0.058,0.2562973447045303,8.0,ptsG,B,2.0,2037,20.0,12B,
2-12B,3.0,M9 20 mM glucose pH 7.4,0.094,0.403964011371197,10.0,ptsG,B,2.0,2593,20.0,12B,
2-12B,4.0,M9 20 mM glucose pH 7.4,0.115,0.5082973447045304,11.0,ptsG,B,2.0,2393,20.0,12B,
2-12B,5.0,M9 20 mM glucose pH 7.4,0.14,0.6352973447045303,12.0,ptsG,B,2.0,2753,20.0,12B,
2-12B,6.0,M9 20 mM glucose pH 7.4,0.175,0.791964011371197,13.0,ptsG,B,2.0,2737,20.0,12B,
2-12B,7.0,M9 20 mM glucose pH 7.4,0.213,0.9862973447045302,14.0,ptsG,B,2.0,3216,20.0,12B,
2-12B,8.0,M9 20 mM glucose pH 7.4,0.248,1.2170473447045302,15.0,ptsG,B,2.0,3208,20.0,12B,
2-12B,9.0,M9 20 mM glucose pH 7.4,0.288,1.483964011371197,16.0,ptsG,B,2.0,3740,20.0,12B,
2-12B,10.0,M9 20 mM glucose pH 7.4,0.667,3.2771640113711973,20.0,ptsG,B,2.0,3540,20.0,12B,
2-12C,1.0,M9 20 mM glucose pH 7.4,0.028,0.092143230671841,4.0,ptsG,C,2.0,1985,20.0,12C,
2-12C,2.0,M9 20 mM glucose pH 7.4,0.059,0.2567112744208553,8.0,ptsG,C,2.0,2065,20.0,12C,
2-12C,3.0,M9 20 mM glucose pH 7.4,0.089,0.4022112744208552,10.0,ptsG,C,2.0,2519,20.0,12C,
2-12C,4.0,M9 20 mM glucose pH 7.4,0.114,0.5031557188652998,11.0,ptsG,C,2.0,2357,20.0,12C,
2-12C,5.0,M9 20 mM glucose pH 7.4,0.135,0.6288779410875219,12.0,ptsG,C,2.0,2793,20.0,12C,
2-12C,6.0,M9 20 mM glucose pH 7.4,0.167,0.7789612744208553,13.0,ptsG,C,2.0,2677,20.0,12C,
2-12C,7.0,M9 20 mM glucose pH 7.4,0.204,0.9645446077541886,14.0,ptsG,C,2.0,3288,20.0,12C,
2-12C,8.0,M9 20 mM glucose pH 7.4,0.237,1.185377941087522,15.0,ptsG,C,2.0,3420,20.0,12C,
2-12C,9.0,M9 20 mM glucose pH 7.4,0.278,1.4412112744208552,16.0,ptsG,C,2.0,3584,20.0,12C,
2-12C,10.0,M9 20 mM glucose pH 7.4,0.661,3.2024112744208555,20.0,ptsG,C,2.0,3636,20.0,12C,
2-13A,1.0,M9 20 mM glucose pH 7.4,0.034,0.0968514573528197,4.0,lysP,A,2.0,2169,13.0,13A,
2-13A,2.0,M9 20 mM glucose pH 7.4,0.33,0.6263926692070405,8.0,lysP,A,2.0,2157,13.0,13A,
2-13A,3.0,M9 20 mM glucose pH 7.4,0.8,1.7003926692070406,10.0,lysP,A,2.0,2641,13.0,13A,
2-13A,4.0,M9 20 mM glucose pH 7.4,1.113,2.652559335873707,11.0,lysP,A,2.0,2425,13.0,13A,
2-13A,5.0,M9 20 mM glucose pH 7.4,1.158,3.837059335873707,12.0,lysP,A,2.0,2801,13.0,13A,
2-13A,6.0,M9 20 mM glucose pH 7.4,1.332,5.071309335873707,13.0,lysP,A,2.0,2937,13.0,13A,
2-13A,7.0,M9 20 mM glucose pH 7.4,1.457,6.484726002540374,14.0,lysP,A,2.0,3284,13.0,13A,
2-13A,8.0,M9 20 mM glucose pH 7.4,1.512,7.975059335873707,15.0,lysP,A,2.0,3428,13.0,13A,
2-13A,9.0,M9 20 mM glucose pH 7.4,1.467,9.47539266920704,16.0,lysP,A,2.0,3764,13.0,13A,
2-13A,10.0,M9 20 mM glucose pH 7.4,1.451,15.223926002540376,20.0,lysP,A,2.0,3568,13.0,13A,
2-13B,1.0,M9 20 mM glucose pH 7.4,0.033,0.0962349654583987,4.0,lysP,B,2.0,2185,13.0,13B,
2-13B,2.0,M9 20 mM glucose pH 7.4,0.363,0.6505446077541885,8.0,lysP,B,2.0,2085,13.0,13B,
2-13B,3.0,M9 20 mM glucose pH 7.4,0.842,1.8135446077541888,10.0,lysP,B,2.0,2377,13.0,13B,
2-13B,4.0,M9 20 mM glucose pH 7.4,1.029,2.751961274420855,11.0,lysP,B,2.0,2515,13.0,13B,
2-13B,5.0,M9 20 mM glucose pH 7.4,1.167,3.855211274420854,12.0,lysP,B,2.0,2985,13.0,13B,
2-13B,6.0,M9 20 mM glucose pH 7.4,1.308,5.092461274420854,13.0,lysP,B,2.0,2909,13.0,13B,
2-13B,7.0,M9 20 mM glucose pH 7.4,1.54,6.501544607754187,14.0,lysP,B,2.0,3120,13.0,13B,
2-13B,8.0,M9 20 mM glucose pH 7.4,1.416,8.009211274420855,15.0,lysP,B,2.0,3104,13.0,13B,
2-13B,9.0,M9 20 mM glucose pH 7.4,1.456,9.388211274420854,16.0,lysP,B,2.0,3608,13.0,13B,
2-13B,10.0,M9 20 mM glucose pH 7.4,1.504,15.367944607754188,20.0,lysP,B,2.0,3744,13.0,13B,
2-13C,1.0,M9 20 mM glucose pH 7.4,0.038,0.1107304103707373,4.0,lysP,C,2.0,2217,13.0,13C,
2-13C,2.0,M9 20 mM glucose pH 7.4,0.347,0.6643524768644529,8.0,lysP,C,2.0,2021,13.0,13C,
2-13C,3.0,M9 20 mM glucose pH 7.4,0.808,1.774185810197786,10.0,lysP,C,2.0,2625,13.0,13C,
2-13C,4.0,M9 20 mM glucose pH 7.4,1.064,2.7087691435311196,11.0,lysP,C,2.0,2365,13.0,13C,
2-13C,5.0,M9 20 mM glucose pH 7.4,1.245,3.877185810197786,12.0,lysP,C,2.0,2889,13.0,13C,
2-13C,6.0,M9 20 mM glucose pH 7.4,1.368,5.18851914353112,13.0,lysP,C,2.0,2821,13.0,13C,
2-13C,7.0,M9 20 mM glucose pH 7.4,1.476,6.608185810197787,14.0,lysP,C,2.0,3100,13.0,13C,
2-13C,8.0,M9 20 mM glucose pH 7.4,1.524,8.113185810197788,15.0,lysP,C,2.0,3236,13.0,13C,
2-13C,9.0,M9 20 mM glucose pH 7.4,1.528,9.64151914353112,16.0,lysP,C,2.0,3632,13.0,13C,
2-13C,10.0,M9 20 mM glucose pH 7.4,1.464,15.668185810197787,20.0,lysP,C,2.0,3724,13.0,13C,
2-14A,1.0,M9 20 mM glucose pH 7.4,0.033,0.0918312553326177,4.0,putP,A,2.0,2061,12.0,14A,
2-14A,2.0,M9 20 mM glucose pH 7.4,0.319,0.5870391338535051,8.0,putP,A,2.0,2201,12.0,14A,
2-14A,3.0,M9 20 mM glucose pH 7.4,0.748,1.6140391338535052,10.0,putP,A,2.0,2469,12.0,14A,
2-14A,4.0,M9 20 mM glucose pH 7.4,1.023,2.496178022742394,11.0,putP,A,2.0,2325,12.0,14A,
2-14A,5.0,M9 20 mM glucose pH 7.4,1.206,3.629372467186838,12.0,putP,A,2.0,2993,12.0,14A,
2-14A,6.0,M9 20 mM glucose pH 7.4,1.365,4.916872467186838,13.0,putP,A,2.0,3013,12.0,14A,
2-14A,7.0,M9 20 mM glucose pH 7.4,1.449,6.334372467186839,14.0,putP,A,2.0,3088,12.0,14A,
2-14A,8.0,M9 20 mM glucose pH 7.4,1.522,7.820789133853506,15.0,putP,A,2.0,3204,12.0,14A,
2-14A,9.0,M9 20 mM glucose pH 7.4,1.487,9.342372467186838,16.0,putP,A,2.0,3600,12.0,14A,
2-14A,10.0,M9 20 mM glucose pH 7.4,1.377,15.05437246718684,20.0,putP,A,2.0,3492,12.0,14A,
2-14B,1.0,M9 20 mM glucose pH 7.4,0.034,0.0948514573528197,4.0,putP,B,2.0,2281,12.0,14B,
2-14B,2.0,M9 20 mM glucose pH 7.4,0.32,0.5947918708038469,8.0,putP,B,2.0,2025,12.0,14B,
2-14B,3.0,M9 20 mM glucose pH 7.4,0.752,1.625791870803847,10.0,putP,B,2.0,2361,12.0,14B,
2-14B,4.0,M9 20 mM glucose pH 7.4,1.013,2.505791870803847,11.0,putP,B,2.0,2385,12.0,14B,
2-14B,5.0,M9 20 mM glucose pH 7.4,1.198,3.626458537470513,12.0,putP,B,2.0,2697,12.0,14B,
2-14B,6.0,M9 20 mM glucose pH 7.4,1.353,4.9044585374705125,13.0,putP,B,2.0,2861,12.0,14B,
2-14B,7.0,M9 20 mM glucose pH 7.4,1.4,6.296458537470513,14.0,putP,B,2.0,3164,12.0,14B,
2-14B,8.0,M9 20 mM glucose pH 7.4,1.516,7.748708537470513,15.0,putP,B,2.0,3188,12.0,14B,
2-14B,9.0,M9 20 mM glucose pH 7.4,1.498,9.283791870803846,16.0,putP,B,2.0,3628,12.0,14B,
2-14B,10.0,M9 20 mM glucose pH 7.4,1.374,15.05552520413718,20.0,putP,B,2.0,3456,12.0,14B,
2-14C,1.0,M9 20 mM glucose pH 7.4,0.037,0.1287194836649877,4.0,putP,C,2.0,2229,12.0,14C,
2-14C,2.0,M9 20 mM glucose pH 7.4,0.316,0.6320340833484547,8.0,putP,C,2.0,2301,12.0,14C,
2-14C,3.0,M9 20 mM glucose pH 7.4,0.776,1.670200750015121,10.0,putP,C,2.0,2645,12.0,14C,
2-14C,4.0,M9 20 mM glucose pH 7.4,1.045,2.5785340833484542,11.0,putP,C,2.0,2547,12.0,14C,
2-14C,5.0,M9 20 mM glucose pH 7.4,1.23,3.732200750015121,12.0,putP,C,2.0,2745,12.0,14C,
2-14C,6.0,M9 20 mM glucose pH 7.4,1.377,5.0388674166817875,13.0,putP,C,2.0,3017,12.0,14C,
2-14C,7.0,M9 20 mM glucose pH 7.4,1.477,6.470534083348454,14.0,putP,C,2.0,3268,12.0,14C,
2-14C,8.0,M9 20 mM glucose pH 7.4,1.549,7.985867416681788,15.0,putP,C,2.0,3356,12.0,14C,
2-14C,9.0,M9 20 mM glucose pH 7.4,1.546,9.543534083348456,16.0,putP,C,2.0,3708,12.0,14C,
2-14C,10.0,M9 20 mM glucose pH 7.4,1.428,15.548067416681787,20.0,putP,C,2.0,3656,12.0,14C,
2-1A,1.0,M9 20 mM glucose pH 7.4,0.036,0.1112955715190047,4.0,argO,A,2.0,2005,13.0,1A,
2-1A,2.0,M9 20 mM glucose pH 7.4,0.261,0.5161052138147947,8.0,argO,A,2.0,1973,13.0,1A,
2-1A,3.0,M9 20 mM glucose pH 7.4,0.69,1.4139385471481278,10.0,argO,A,2.0,2181,13.0,1A,
2-1A,4.0,M9 20 mM glucose pH 7.4,0.965,2.238077436037017,11.0,argO,A,2.0,2461,13.0,1A,
2-1A,5.0,M9 20 mM glucose pH 7.4,1.232,3.341271880481461,12.0,argO,A,2.0,2369,13.0,1A,
2-1A,6.0,M9 20 mM glucose pH 7.4,1.429,4.677605213814794,13.0,argO,A,2.0,2901,13.0,1A,
2-1A,7.0,M9 20 mM glucose pH 7.4,1.544,6.171938547148128,14.0,argO,A,2.0,3324,13.0,1A,
2-1A,8.0,M9 20 mM glucose pH 7.4,1.603,7.750105213814794,15.0,argO,A,2.0,3096,13.0,1A,
2-1A,9.0,M9 20 mM glucose pH 7.4,1.589,9.353605213814795,16.0,argO,A,2.0,3768,13.0,1A,
2-1A,10.0,M9 20 mM glucose pH 7.4,1.482,15.522805213814795,20.0,argO,A,2.0,3644,13.0,1A,
2-1B,1.0,M9 20 mM glucose pH 7.4,0.031,0.0923964164808851,4.0,argO,B,2.0,2141,13.0,1B,
2-1B,2.0,M9 20 mM glucose pH 7.4,0.241,0.4674585374705135,8.0,argO,B,2.0,2233,13.0,1B,
2-1B,3.0,M9 20 mM glucose pH 7.4,0.615,1.2797918708038467,10.0,argO,B,2.0,2353,13.0,1B,
2-1B,4.0,M9 20 mM glucose pH 7.4,0.876,2.0211807596927356,11.0,argO,B,2.0,2441,13.0,1B,
2-1B,5.0,M9 20 mM glucose pH 7.4,1.145,3.0344585374705133,12.0,argO,B,2.0,2757,13.0,1B,
2-1B,6.0,M9 20 mM glucose pH 7.4,1.377,4.298541870803847,13.0,argO,B,2.0,2981,13.0,1B,
2-1B,7.0,M9 20 mM glucose pH 7.4,1.493,5.749791870803847,14.0,argO,B,2.0,3052,13.0,1B,
2-1B,8.0,M9 20 mM glucose pH 7.4,1.552,7.277041870803847,15.0,argO,B,2.0,3416,13.0,1B,
2-1B,9.0,M9 20 mM glucose pH 7.4,1.535,8.828458537470514,16.0,argO,B,2.0,3788,13.0,1B,
2-1B,10.0,M9 20 mM glucose pH 7.4,1.417,14.75912520413718,20.0,argO,B,2.0,3524,13.0,1B,
2-1C,1.0,M9 20 mM glucose pH 7.4,0.033,0.1128405306470701,4.0,argO,C,2.0,1965,13.0,1C,
2-1C,2.0,M9 20 mM glucose pH 7.4,0.235,0.4834734772878485,8.0,argO,C,2.0,1961,13.0,1C,
2-1C,3.0,M9 20 mM glucose pH 7.4,0.614,1.2844734772878486,10.0,argO,C,2.0,2665,13.0,1C,
2-1C,4.0,M9 20 mM glucose pH 7.4,0.882,2.0281123661767375,11.0,argO,C,2.0,2337,13.0,1C,
2-1C,5.0,M9 20 mM glucose pH 7.4,1.132,3.042473477287849,12.0,argO,C,2.0,2805,13.0,1C,
2-1C,6.0,M9 20 mM glucose pH 7.4,1.395,4.304890143954515,13.0,argO,C,2.0,2733,13.0,1C,
2-1C,7.0,M9 20 mM glucose pH 7.4,1.497,5.778806810621182,14.0,argO,C,2.0,3272,13.0,1C,
2-1C,8.0,M9 20 mM glucose pH 7.4,1.566,7.313056810621182,15.0,argO,C,2.0,3200,13.0,1C,
2-1C,9.0,M9 20 mM glucose pH 7.4,1.603,8.900140143954516,16.0,argO,C,2.0,3648,13.0,1C,
2-1C,10.0,M9 20 mM glucose pH 7.4,1.524,15.275206810621183,20.0,argO,C,2.0,3676,13.0,1C,
2-2A,1.0,M9 20 mM glucose pH 7.4,0.034,0.0968514573528197,4.0,yhjE,A,2.0,2253,13.0,2A,
2-2A,2.0,M9 20 mM glucose pH 7.4,0.335,0.6025593358737071,8.0,yhjE,A,2.0,2221,13.0,2A,
2-2A,4.0,M9 20 mM glucose pH 7.4,1.066,2.624948224762596,11.0,yhjE,A,2.0,2421,13.0,2A,
2-2A,5.0,M9 20 mM glucose pH 7.4,1.34,3.8287260025403738,12.0,yhjE,A,2.0,2705,13.0,2A,
2-2A,6.0,M9 20 mM glucose pH 7.4,1.495,5.2561426692070405,13.0,yhjE,A,2.0,2949,13.0,2A,
2-2A,7.0,M9 20 mM glucose pH 7.4,1.632,6.812726002540374,14.0,yhjE,A,2.0,3248,13.0,2A,
2-2A,8.0,M9 20 mM glucose pH 7.4,1.619,8.450726002540375,15.0,yhjE,A,2.0,3304,13.0,2A,
2-2A,9.0,M9 20 mM glucose pH 7.4,1.591,10.045726002540372,16.0,yhjE,A,2.0,3444,13.0,2A,
2-2A,10.0,M9 20 mM glucose pH 7.4,1.564,16.31039266920704,20.0,yhjE,A,2.0,3516,13.0,2A,
2-2B,1.0,M9 20 mM glucose pH 7.4,0.035,0.1038716593730217,4.0,yhjE,B,2.0,2269,13.0,2B,
2-2B,2.0,M9 20 mM glucose pH 7.4,0.341,0.625013669630436,8.0,yhjE,B,2.0,2197,13.0,2B,
2-2B,3.0,M9 20 mM glucose pH 7.4,0.86,1.7653470029637697,10.0,yhjE,B,2.0,2551,13.0,2B,
2-2B,4.0,M9 20 mM glucose pH 7.4,1.136,2.7624303362971028,11.0,yhjE,B,2.0,2473,13.0,2B,
2-2B,5.0,M9 20 mM glucose pH 7.4,1.389,4.029680336297103,12.0,yhjE,B,2.0,2953,13.0,2B,
2-2B,6.0,M9 20 mM glucose pH 7.4,1.554,5.508513669630436,13.0,yhjE,B,2.0,2961,13.0,2B,
2-2B,7.0,M9 20 mM glucose pH 7.4,1.654,7.116013669630436,14.0,yhjE,B,2.0,3308,13.0,2B,
2-2B,8.0,M9 20 mM glucose pH 7.4,1.64,8.772513669630436,15.0,yhjE,B,2.0,3184,13.0,2B,
2-2B,9.0,M9 20 mM glucose pH 7.4,1.611,10.391013669630436,16.0,yhjE,B,2.0,3596,13.0,2B,
2-2B,10.0,M9 20 mM glucose pH 7.4,1.574,16.718880336297104,20.0,yhjE,B,2.0,3796,13.0,2B,
2-2C,1.0,M9 20 mM glucose pH 7.4,0.034,0.0924477472270387,4.0,yhjE,C,2.0,2081,13.0,2C,
2-2C,2.0,M9 20 mM glucose pH 7.4,0.344,0.6092205286396903,8.0,yhjE,C,2.0,2225,13.0,2C,
2-2C,3.0,M9 20 mM glucose pH 7.4,0.848,1.7488871953063567,10.0,yhjE,C,2.0,2409,13.0,2C,
2-2C,4.0,M9 20 mM glucose pH 7.4,1.104,2.724664973084135,11.0,yhjE,C,2.0,2605,13.0,2C,
2-2C,5.0,M9 20 mM glucose pH 7.4,1.325,3.94522052863969,12.0,yhjE,C,2.0,2849,13.0,2C,
2-2C,6.0,M9 20 mM glucose pH 7.4,1.457,5.343637195306357,13.0,yhjE,C,2.0,3009,13.0,2C,
2-2C,7.0,M9 20 mM glucose pH 7.4,1.535,6.84122052863969,14.0,yhjE,C,2.0,3276,13.0,2C,
2-2C,8.0,M9 20 mM glucose pH 7.4,1.563,8.394387195306356,15.0,yhjE,C,2.0,3196,13.0,2C,
2-2C,9.0,M9 20 mM glucose pH 7.4,1.528,9.946220528639689,16.0,yhjE,C,2.0,3476,13.0,2C,
2-2C,10.0,M9 20 mM glucose pH 7.4,1.568,16.04222052863969,20.0,yhjE,C,2.0,3452,13.0,2C,
2-3A,1.0,M9 20 mM glucose pH 7.4,0.025,0.076678914485454,4.0,adeP,A,2.0,2105,14.0,3A,
2-3A,2.0,M9 20 mM glucose pH 7.4,0.168,0.3466801245992862,8.0,adeP,A,2.0,2289,14.0,3A,
2-3A,3.0,M9 20 mM glucose pH 7.4,0.489,0.9515134579326197,10.0,adeP,A,2.0,2329,14.0,3A,
2-3A,4.0,M9 20 mM glucose pH 7.4,0.671,1.530319013488175,11.0,adeP,A,2.0,2501,14.0,3A,
2-3A,5.0,M9 20 mM glucose pH 7.4,0.896,2.307846791265953,12.0,adeP,A,2.0,2673,14.0,3A,
2-3A,6.0,M9 20 mM glucose pH 7.4,1.151,3.3288467912659527,13.0,adeP,A,2.0,2825,14.0,3A,
2-3A,7.0,M9 20 mM glucose pH 7.4,1.359,4.594180124599286,14.0,adeP,A,2.0,3192,14.0,3A,
2-3A,8.0,M9 20 mM glucose pH 7.4,1.461,6.013013457932619,15.0,adeP,A,2.0,3336,14.0,3A,
2-3A,9.0,M9 20 mM glucose pH 7.4,1.469,7.484846791265953,16.0,adeP,A,2.0,3792,14.0,3A,
2-3A,10.0,M9 20 mM glucose pH 7.4,1.381,13.248846791265954,20.0,adeP,A,2.0,3500,14.0,3A,
2-3B,1.0,M9 20 mM glucose pH 7.4,0.028,0.0787302452316076,4.0,adeP,B,2.0,1929,14.0,3B,
2-3B,2.0,M9 20 mM glucose pH 7.4,0.177,0.36937624750499,8.0,adeP,B,2.0,1997,14.0,3B,
2-3B,3.0,M9 20 mM glucose pH 7.4,0.467,0.9732095808383232,10.0,adeP,B,2.0,2523,14.0,3B,
2-3B,4.0,M9 20 mM glucose pH 7.4,0.652,1.5304873586161012,11.0,adeP,B,2.0,2563,14.0,3B,
2-3B,5.0,M9 20 mM glucose pH 7.4,0.868,2.287542914171657,12.0,adeP,B,2.0,2925,14.0,3B,
2-3B,6.0,M9 20 mM glucose pH 7.4,1.122,3.27937624750499,13.0,adeP,B,2.0,2741,14.0,3B,
2-3B,7.0,M9 20 mM glucose pH 7.4,1.34,4.519542914171657,14.0,adeP,B,2.0,3280,14.0,3B,
2-3B,8.0,M9 20 mM glucose pH 7.4,1.452,5.92437624750499,15.0,adeP,B,2.0,3148,14.0,3B,
2-3B,9.0,M9 20 mM glucose pH 7.4,1.495,7.400542914171657,16.0,adeP,B,2.0,3532,14.0,3B,
2-3B,10.0,M9 20 mM glucose pH 7.4,1.417,13.357876247504992,20.0,adeP,B,2.0,3692,14.0,3B,
2-3C,1.0,M9 20 mM glucose pH 7.4,0.03,0.1143854897751355,4.0,adeP,C,2.0,2073,14.0,3C,
2-3C,2.0,M9 20 mM glucose pH 7.4,0.181,0.4195084074275691,8.0,adeP,C,2.0,1937,14.0,3C,
2-3C,3.0,M9 20 mM glucose pH 7.4,0.455,1.0196750740942355,10.0,adeP,C,2.0,2333,14.0,3C,
2-3C,4.0,M9 20 mM glucose pH 7.4,0.63,1.5600639629831248,11.0,adeP,C,2.0,2481,14.0,3C,
2-3C,5.0,M9 20 mM glucose pH 7.4,0.832,2.2886750740942357,12.0,adeP,C,2.0,3005,14.0,3C,
2-3C,6.0,M9 20 mM glucose pH 7.4,1.104,3.2508417407609027,13.0,adeP,C,2.0,2777,14.0,3C,
2-3C,7.0,M9 20 mM glucose pH 7.4,1.33,4.481341740760902,14.0,adeP,C,2.0,3396,14.0,3C,
2-3C,8.0,M9 20 mM glucose pH 7.4,1.457,5.883091740760902,15.0,adeP,C,2.0,3372,14.0,3C,
2-3C,9.0,M9 20 mM glucose pH 7.4,1.549,7.383675074094235,16.0,adeP,C,2.0,3772,14.0,3C,
2-3C,10.0,M9 20 mM glucose pH 7.4,1.426,13.595541740760902,20.0,adeP,C,2.0,3552,14.0,3C,
2-4A,1.0,M9 20 mM glucose pH 7.4,0.044,0.1488516224919494,4.0,actP,A,2.0,2113,13.0,4A,
2-4A,2.0,M9 20 mM glucose pH 7.4,0.328,0.6867102159317728,8.0,actP,A,2.0,2241,13.0,4A,
2-4A,4.0,M9 20 mM glucose pH 7.4,0.959,2.5374879937095507,11.0,actP,A,2.0,2589,13.0,4A,
2-4A,5.0,M9 20 mM glucose pH 7.4,1.228,3.629376882598439,12.0,actP,A,2.0,2725,13.0,4A,
2-4A,6.0,M9 20 mM glucose pH 7.4,1.432,4.964793549265106,13.0,actP,A,2.0,2797,13.0,4A,
2-4A,7.0,M9 20 mM glucose pH 7.4,1.581,6.475043549265106,14.0,actP,A,2.0,3056,13.0,4A,
2-4A,8.0,M9 20 mM glucose pH 7.4,1.556,8.058043549265106,15.0,actP,A,2.0,3112,13.0,4A,
2-4A,9.0,M9 20 mM glucose pH 7.4,1.529,9.586376882598438,16.0,actP,A,2.0,3776,13.0,4A,
2-4A,10.0,M9 20 mM glucose pH 7.4,1.448,15.525976882598435,20.0,actP,A,2.0,3488,13.0,4A,
2-4B,1.0,M9 20 mM glucose pH 7.4,0.032,0.0932147634381966,4.0,actP,B,2.0,2029,13.0,4B,
2-4B,2.0,M9 20 mM glucose pH 7.4,0.311,0.5702918708038467,8.0,actP,B,2.0,2109,13.0,4B,
2-4B,3.0,M9 20 mM glucose pH 7.4,0.709,1.5597918708038463,10.0,actP,B,2.0,2437,13.0,4B,
2-4B,4.0,M9 20 mM glucose pH 7.4,0.964,2.3931807596927355,11.0,actP,B,2.0,2573,13.0,4B,
2-4B,5.0,M9 20 mM glucose pH 7.4,1.214,3.4861252041371795,12.0,actP,B,2.0,2989,13.0,4B,
2-4B,6.0,M9 20 mM glucose pH 7.4,1.379,4.789708537470513,13.0,actP,B,2.0,2841,13.0,4B,
2-4B,7.0,M9 20 mM glucose pH 7.4,1.574,6.254125204137179,14.0,actP,B,2.0,3124,13.0,4B,
2-4B,8.0,M9 20 mM glucose pH 7.4,1.505,7.815625204137179,15.0,actP,B,2.0,3424,13.0,4B,
2-4B,9.0,M9 20 mM glucose pH 7.4,1.475,9.277125204137178,16.0,actP,B,2.0,3732,13.0,4B,
2-4B,10.0,M9 20 mM glucose pH 7.4,1.404,15.008991870803843,20.0,actP,B,2.0,3504,13.0,4B,
2-4C,1.0,M9 20 mM glucose pH 7.4,0.033,0.0962349654583987,4.0,actP,C,2.0,2205,13.0,4C,
2-4C,2.0,M9 20 mM glucose pH 7.4,0.279,0.5385446077541887,8.0,actP,C,2.0,1969,13.0,4C,
2-4C,3.0,M9 20 mM glucose pH 7.4,0.655,1.436877941087522,10.0,actP,C,2.0,2449,13.0,4C,
2-4C,4.0,M9 20 mM glucose pH 7.4,0.901,2.2116557188652997,11.0,actP,C,2.0,2405,13.0,4C,
2-4C,5.0,M9 20 mM glucose pH 7.4,1.155,3.2415446077541885,12.0,actP,C,2.0,2765,13.0,4C,
2-4C,6.0,M9 20 mM glucose pH 7.4,1.388,4.5147946077541885,13.0,actP,C,2.0,2809,13.0,4C,
2-4C,7.0,M9 20 mM glucose pH 7.4,1.561,5.997544607754189,14.0,actP,C,2.0,3360,13.0,4C,
2-4C,8.0,M9 20 mM glucose pH 7.4,1.555,7.570461274420856,15.0,actP,C,2.0,3316,13.0,4C,
2-4C,9.0,M9 20 mM glucose pH 7.4,1.537,9.103544607754188,16.0,actP,C,2.0,3780,13.0,4C,
2-4C,10.0,M9 20 mM glucose pH 7.4,1.445,15.078211274420855,20.0,actP,C,2.0,3800,13.0,4C,
2-5A,1.0,M9 20 mM glucose pH 7.4,0.034,0.0968514573528197,4.0,codB,A,2.0,2273,13.0,5A,
2-5A,2.0,M9 20 mM glucose pH 7.4,0.363,0.6378926692070404,8.0,codB,A,2.0,1953,13.0,5A,
2-5A,3.0,M9 20 mM glucose pH 7.4,0.842,1.8057260025403736,10.0,codB,A,2.0,2637,13.0,5A,
2-5A,4.0,M9 20 mM glucose pH 7.4,1.126,2.787253780318151,11.0,codB,A,2.0,2389,13.0,5A,
2-5A,5.0,M9 20 mM glucose pH 7.4,1.358,4.04039266920704,12.0,codB,A,2.0,2681,13.0,5A,
2-5A,6.0,M9 20 mM glucose pH 7.4,1.493,5.473976002540374,13.0,codB,A,2.0,2913,13.0,5A,
2-5A,7.0,M9 20 mM glucose pH 7.4,1.573,7.008059335873707,14.0,codB,A,2.0,3072,13.0,5A,
2-5A,8.0,M9 20 mM glucose pH 7.4,1.574,8.58814266920704,15.0,codB,A,2.0,3220,13.0,5A,
2-5A,9.0,M9 20 mM glucose pH 7.4,1.535,10.142726002540371,16.0,codB,A,2.0,3440,13.0,5A,
2-5A,10.0,M9 20 mM glucose pH 7.4,1.445,16.067526002540372,20.0,codB,A,2.0,3556,13.0,5A,
2-5B,1.0,M9 20 mM glucose pH 7.4,0.04,0.1289726694740318,4.0,codB,B,2.0,2165,13.0,5B,
2-5B,2.0,M9 20 mM glucose pH 7.4,0.361,0.6826146797314463,8.0,codB,B,2.0,1977,13.0,5B,
2-5B,3.0,M9 20 mM glucose pH 7.4,0.858,1.8557813463981128,10.0,codB,B,2.0,2429,13.0,5B,
2-5B,5.0,M9 20 mM glucose pH 7.4,1.36,4.11644801306478,12.0,codB,B,2.0,2885,13.0,5B,
2-5B,6.0,M9 20 mM glucose pH 7.4,1.49,5.548864679731446,13.0,codB,B,2.0,3036,13.0,5B,
2-5B,7.0,M9 20 mM glucose pH 7.4,1.611,7.09344801306478,14.0,codB,B,2.0,3132,13.0,5B,
2-5B,8.0,M9 20 mM glucose pH 7.4,1.563,8.694531346398113,15.0,codB,B,2.0,3400,13.0,5B,
2-5B,9.0,M9 20 mM glucose pH 7.4,1.529,10.224114679731446,16.0,codB,B,2.0,3804,13.0,5B,
2-5B,10.0,M9 20 mM glucose pH 7.4,1.442,16.139981346398113,20.0,codB,B,2.0,3520,13.0,5B,
2-5C,1.0,M9 20 mM glucose pH 7.4,0.044,0.1384479123661685,4.0,codB,C,2.0,2033,13.0,5C,
2-5C,2.0,M9 20 mM glucose pH 7.4,0.347,0.7119023468215084,8.0,codB,C,2.0,1993,13.0,5C,
2-5C,3.0,M9 20 mM glucose pH 7.4,0.822,1.8274023468215084,10.0,codB,C,2.0,2581,13.0,5C,
2-5C,4.0,M9 20 mM glucose pH 7.4,1.088,2.780819013488175,11.0,codB,C,2.0,2477,13.0,5C,
2-5C,5.0,M9 20 mM glucose pH 7.4,1.326,3.9940690134881742,12.0,codB,C,2.0,3033,13.0,5C,
2-5C,6.0,M9 20 mM glucose pH 7.4,1.465,5.397819013488174,13.0,codB,C,2.0,2773,13.0,5C,
2-5C,7.0,M9 20 mM glucose pH 7.4,1.57,6.912735680154841,14.0,codB,C,2.0,3232,13.0,5C,
2-5C,8.0,M9 20 mM glucose pH 7.4,1.577,8.494402346821508,15.0,codB,C,2.0,3084,13.0,5C,
2-5C,9.0,M9 20 mM glucose pH 7.4,1.507,10.041069013488174,16.0,codB,C,2.0,3460,13.0,5C,
2-5C,10.0,M9 20 mM glucose pH 7.4,1.441,15.822935680154842,20.0,codB,C,2.0,3700,13.0,5C,
2-6A,1.0,M9 20 mM glucose pH 7.4,0.036,0.1130937164561142,4.0,aroP,A,2.0,2285,13.0,6A,
2-6A,2.0,M9 20 mM glucose pH 7.4,0.384,0.6727207403375068,8.0,aroP,A,2.0,2309,13.0,6A,
2-6A,3.0,M9 20 mM glucose pH 7.4,0.947,1.9493874070041737,10.0,aroP,A,2.0,2341,13.0,6A,
2-6A,4.0,M9 20 mM glucose pH 7.4,1.233,3.0391374070041737,11.0,aroP,A,2.0,2397,13.0,6A,
2-6A,5.0,M9 20 mM glucose pH 7.4,1.384,4.3703874070041735,12.0,aroP,A,2.0,2965,13.0,6A,
2-6A,6.0,M9 20 mM glucose pH 7.4,1.497,5.814054073670841,13.0,aroP,A,2.0,2761,13.0,6A,
2-6A,7.0,M9 20 mM glucose pH 7.4,1.598,7.360387407004174,14.0,aroP,A,2.0,3408,13.0,6A,
2-6A,8.0,M9 20 mM glucose pH 7.4,1.564,8.952637407004174,15.0,aroP,A,2.0,3344,13.0,6A,
2-6A,9.0,M9 20 mM glucose pH 7.4,1.526,10.48705407367084,16.0,aroP,A,2.0,3544,13.0,6A,
2-6A,10.0,M9 20 mM glucose pH 7.4,1.445,16.391187407004175,20.0,aroP,A,2.0,3432,13.0,6A,
2-6B,1.0,M9 20 mM glucose pH 7.4,0.036,0.1156992816447857,4.0,aroP,B,2.0,1945,13.0,6B,
2-6B,2.0,M9 20 mM glucose pH 7.4,0.39,0.6884440210488114,8.0,aroP,B,2.0,2057,13.0,6B,
2-6B,3.0,M9 20 mM glucose pH 7.4,0.96,1.9827773543821448,10.0,aroP,B,2.0,2457,13.0,6B,
2-6B,4.0,M9 20 mM glucose pH 7.4,1.257,3.090610687715478,11.0,aroP,B,2.0,2559,13.0,6B,
2-6B,5.0,M9 20 mM glucose pH 7.4,1.411,4.449110687715478,12.0,aroP,B,2.0,2817,13.0,6B,
2-6B,6.0,M9 20 mM glucose pH 7.4,1.494,5.907527354382144,13.0,aroP,B,2.0,3021,13.0,6B,
2-6B,7.0,M9 20 mM glucose pH 7.4,1.467,7.400444021048811,14.0,aroP,B,2.0,3296,13.0,6B,
2-6B,8.0,M9 20 mM glucose pH 7.4,1.613,8.926027354382144,15.0,aroP,B,2.0,3404,13.0,6B,
2-6B,9.0,M9 20 mM glucose pH 7.4,1.576,10.565444021048812,16.0,aroP,B,2.0,3640,13.0,6B,
2-6B,10.0,M9 20 mM glucose pH 7.4,1.457,16.615977354382146,20.0,aroP,B,2.0,3464,13.0,6B,
2-6C,1.0,M9 20 mM glucose pH 7.4,0.037,0.1057102083505353,4.0,aroP,C,2.0,2189,13.0,6C,
2-6C,2.0,M9 20 mM glucose pH 7.4,0.385,0.6778322748442509,8.0,aroP,C,2.0,2173,13.0,6C,
2-6C,3.0,M9 20 mM glucose pH 7.4,0.926,1.939832274844251,10.0,aroP,C,2.0,2649,13.0,6C,
2-6C,4.0,M9 20 mM glucose pH 7.4,1.204,3.004415608177585,11.0,aroP,C,2.0,2555,13.0,6C,
2-6C,5.0,M9 20 mM glucose pH 7.4,1.365,4.308832274844251,12.0,aroP,C,2.0,2945,13.0,6C,
2-6C,6.0,M9 20 mM glucose pH 7.4,1.476,5.733498941510918,13.0,aroP,C,2.0,3025,13.0,6C,
2-6C,7.0,M9 20 mM glucose pH 7.4,1.447,7.214165608177584,14.0,aroP,C,2.0,3068,13.0,6C,
2-6C,8.0,M9 20 mM glucose pH 7.4,1.559,8.705415608177585,15.0,aroP,C,2.0,3300,13.0,6C,
2-6C,9.0,M9 20 mM glucose pH 7.4,1.531,10.285498941510918,16.0,aroP,C,2.0,3808,13.0,6C,
2-6C,10.0,M9 20 mM glucose pH 7.4,1.445,16.22363227484425,20.0,aroP,C,2.0,3564,13.0,6C,
2-7A,1.0,M9 20 mM glucose pH 7.4,0.049,0.1611452123413976,4.0,brnQ,A,2.0,2293,13.0,7A,
2-7A,2.0,M9 20 mM glucose pH 7.4,0.365,0.7542653480916954,8.0,brnQ,A,2.0,2249,13.0,7A,
2-7A,3.0,M9 20 mM glucose pH 7.4,0.812,1.8969320147583624,10.0,brnQ,A,2.0,2453,13.0,7A,
2-7A,4.0,M9 20 mM glucose pH 7.4,1.189,2.8889042369805846,11.0,brnQ,A,2.0,2621,13.0,7A,
2-7A,5.0,M9 20 mM glucose pH 7.4,1.391,4.216598681425029,12.0,brnQ,A,2.0,2865,13.0,7A,
2-7A,6.0,M9 20 mM glucose pH 7.4,1.52,5.678182014758362,13.0,brnQ,A,2.0,2785,13.0,7A,
2-7A,7.0,M9 20 mM glucose pH 7.4,1.599,7.239932014758362,14.0,brnQ,A,2.0,3228,13.0,7A,
2-7A,8.0,M9 20 mM glucose pH 7.4,1.581,8.838015348091695,15.0,brnQ,A,2.0,3328,13.0,7A,
2-7A,9.0,M9 20 mM glucose pH 7.4,1.551,10.397932014758362,16.0,brnQ,A,2.0,3668,13.0,7A,
2-7A,10.0,M9 20 mM glucose pH 7.4,1.47,16.41913201475836,20.0,brnQ,A,2.0,3512,13.0,7A,
2-7B,1.0,M9 20 mM glucose pH 7.4,0.028,0.08373952054606,4.0,brnQ,B,2.0,2129,13.0,7B,
2-7B,2.0,M9 20 mM glucose pH 7.4,0.187,0.3980042037137846,8.0,brnQ,B,2.0,2017,13.0,7B,
2-7B,3.0,M9 20 mM glucose pH 7.4,0.52,1.0515042037137845,10.0,brnQ,B,2.0,2401,13.0,7B,
2-7B,4.0,M9 20 mM glucose pH 7.4,0.777,1.694976425936007,11.0,brnQ,B,2.0,2539,13.0,7B,
2-7B,5.0,M9 20 mM glucose pH 7.4,1.046,2.6095042037137848,12.0,brnQ,B,2.0,2837,13.0,7B,
2-7B,6.0,M9 20 mM glucose pH 7.4,1.339,3.800004203713785,13.0,brnQ,B,2.0,2693,13.0,7B,
2-7B,7.0,M9 20 mM glucose pH 7.4,1.597,5.275837537047118,14.0,brnQ,B,2.0,3176,13.0,7B,
2-7B,8.0,M9 20 mM glucose pH 7.4,1.551,6.875170870380451,15.0,brnQ,B,2.0,3256,13.0,7B,
2-7B,9.0,M9 20 mM glucose pH 7.4,1.562,8.396837537047118,16.0,brnQ,B,2.0,3536,13.0,7B,
2-7B,10.0,M9 20 mM glucose pH 7.4,1.457,14.514304203713785,20.0,brnQ,B,2.0,3704,13.0,7B,
2-7C,1.0,M9 20 mM glucose pH 7.4,0.029,0.0909615776291525,4.0,brnQ,C,2.0,2297,13.0,7C,
2-7C,2.0,M9 20 mM glucose pH 7.4,0.181,0.4056104760176616,8.0,brnQ,C,2.0,2213,13.0,7C,
2-7C,3.0,M9 20 mM glucose pH 7.4,0.507,1.0382771426843282,10.0,brnQ,C,2.0,2543,13.0,7C,
2-7C,4.0,M9 20 mM glucose pH 7.4,0.749,1.6618882537954394,11.0,brnQ,C,2.0,2509,13.0,7C,
2-7C,5.0,M9 20 mM glucose pH 7.4,1.006,2.5412771426843284,12.0,brnQ,C,2.0,3040,13.0,7C,
2-7C,6.0,M9 20 mM glucose pH 7.4,1.304,3.6928604760176618,13.0,brnQ,C,2.0,2973,13.0,7C,
2-7C,7.0,M9 20 mM glucose pH 7.4,1.595,5.146943809350995,14.0,brnQ,C,2.0,3212,13.0,7C,
2-7C,8.0,M9 20 mM glucose pH 7.4,1.53,6.739110476017662,15.0,brnQ,C,2.0,3340,13.0,7C,
2-7C,9.0,M9 20 mM glucose pH 7.4,1.507,8.220943809350995,16.0,brnQ,C,2.0,3480,13.0,7C,
2-7C,10.0,M9 20 mM glucose pH 7.4,1.458,14.128010476017662,20.0,brnQ,C,2.0,3712,13.0,7C,
2-8A,1.0,M9 20 mM glucose pH 7.4,0.04,0.1093578289709079,4.0,setA,A,2.0,2009,13.0,8A,
2-8A,2.0,M9 20 mM glucose pH 7.4,0.451,0.7769919857255186,8.0,setA,A,2.0,2089,13.0,8A,
2-8A,3.0,M9 20 mM glucose pH 7.4,1.029,2.215825319058852,10.0,setA,A,2.0,2345,13.0,8A,
2-8A,4.0,M9 20 mM glucose pH 7.4,1.316,3.388436430169963,11.0,setA,A,2.0,2465,13.0,8A,
2-8A,5.0,M9 20 mM glucose pH 7.4,1.436,4.792158652392185,12.0,setA,A,2.0,2729,13.0,8A,
2-8A,6.0,M9 20 mM glucose pH 7.4,1.545,6.283575319058852,13.0,setA,A,2.0,2905,13.0,8A,
2-8A,7.0,M9 20 mM glucose pH 7.4,1.557,7.849825319058851,14.0,setA,A,2.0,3332,13.0,8A,
2-8A,8.0,M9 20 mM glucose pH 7.4,1.559,9.408658652392184,15.0,setA,A,2.0,3160,13.0,8A,
2-8A,9.0,M9 20 mM glucose pH 7.4,1.53,10.957491985725518,16.0,setA,A,2.0,3588,13.0,8A,
2-8A,10.0,M9 20 mM glucose pH 7.4,1.431,16.870425319058853,20.0,setA,A,2.0,3652,13.0,8A,
2-8B,1.0,M9 20 mM glucose pH 7.4,0.034,0.1028514573528197,4.0,setA,B,2.0,2237,13.0,8B,
2-8B,2.0,M9 20 mM glucose pH 7.4,0.377,0.661361731083288,8.0,setA,B,2.0,1981,13.0,8B,
2-8B,4.0,M9 20 mM glucose pH 7.4,1.229,2.9928617310832877,11.0,setA,B,2.0,2657,13.0,8B,
2-8B,5.0,M9 20 mM glucose pH 7.4,1.378,4.321861731083287,12.0,setA,B,2.0,2929,13.0,8B,
2-8B,6.0,M9 20 mM glucose pH 7.4,1.508,5.7664450644166205,13.0,setA,B,2.0,2709,13.0,8B,
2-8B,7.0,M9 20 mM glucose pH 7.4,1.61,7.328528397749954,14.0,setA,B,2.0,3368,13.0,8B,
2-8B,8.0,M9 20 mM glucose pH 7.4,1.57,8.930361731083288,15.0,setA,B,2.0,3412,13.0,8B,
2-8B,9.0,M9 20 mM glucose pH 7.4,1.544,10.473195064416622,16.0,setA,B,2.0,3604,13.0,8B,
2-8B,10.0,M9 20 mM glucose pH 7.4,1.453,16.46026173108329,20.0,setA,B,2.0,3756,13.0,8B,
2-8C,1.0,M9 20 mM glucose pH 7.4,0.036,0.1134974265818952,4.0,setA,C,2.0,1989,13.0,8C,
2-8C,2.0,M9 20 mM glucose pH 7.4,0.385,0.6878579507651363,8.0,setA,C,2.0,2313,13.0,8C,
2-8C,3.0,M9 20 mM glucose pH 7.4,0.92,1.9443579507651363,10.0,setA,C,2.0,2597,13.0,8C,
2-8C,4.0,M9 20 mM glucose pH 7.4,1.195,3.00144128409847,11.0,setA,C,2.0,2661,13.0,8C,
2-8C,5.0,M9 20 mM glucose pH 7.4,1.353,4.295357950765137,12.0,setA,C,2.0,2813,13.0,8C,
2-8C,6.0,M9 20 mM glucose pH 7.4,1.478,5.713607950765137,13.0,setA,C,2.0,2897,13.0,8C,
2-8C,7.0,M9 20 mM glucose pH 7.4,1.55,7.233691284098469,14.0,setA,C,2.0,3352,13.0,8C,
2-8C,8.0,M9 20 mM glucose pH 7.4,1.571,8.79844128409847,15.0,setA,C,2.0,3384,13.0,8C,
2-8C,9.0,M9 20 mM glucose pH 7.4,1.542,10.359024617431803,16.0,setA,C,2.0,3684,13.0,8C,
2-8C,10.0,M9 20 mM glucose pH 7.4,1.467,16.355157950765136,20.0,setA,C,2.0,3620,13.0,8C,
2-9A,1.0,M9 20 mM glucose pH 7.4,0.036,0.0982862962045523,4.0,acrB,A,2.0,2101,12.0,9A,
2-9A,2.0,M9 20 mM glucose pH 7.4,0.415,0.7290740639932256,8.0,acrB,A,2.0,2133,12.0,9A,
2-9A,3.0,M9 20 mM glucose pH 7.4,0.926,2.033907397326559,10.0,acrB,A,2.0,2505,12.0,9A,
2-9A,4.0,M9 20 mM glucose pH 7.4,1.223,3.1061018417710033,11.0,acrB,A,2.0,2613,12.0,9A,
2-9A,5.0,M9 20 mM glucose pH 7.4,1.379,4.432907397326559,12.0,acrB,A,2.0,2713,12.0,9A,
2-9A,6.0,M9 20 mM glucose pH 7.4,1.519,5.883240730659892,13.0,acrB,A,2.0,2721,12.0,9A,
2-9A,7.0,M9 20 mM glucose pH 7.4,1.561,7.438240730659892,14.0,acrB,A,2.0,3116,12.0,9A,
2-9A,8.0,M9 20 mM glucose pH 7.4,1.535,8.991907397326559,15.0,acrB,A,2.0,3128,12.0,9A,
2-9A,9.0,M9 20 mM glucose pH 7.4,1.507,10.507574063993223,16.0,acrB,A,2.0,3624,12.0,9A,
2-9A,10.0,M9 20 mM glucose pH 7.4,1.465,16.41424073065989,20.0,acrB,A,2.0,3580,12.0,9A,
2-9B,1.0,M9 20 mM glucose pH 7.4,0.043,0.121225855283076,4.0,acrB,B,2.0,2261,12.0,9B,
2-9B,2.0,M9 20 mM glucose pH 7.4,0.407,0.76695874916833,8.0,acrB,B,2.0,2125,12.0,9B,
2-9B,3.0,M9 20 mM glucose pH 7.4,0.953,2.07295874916833,10.0,acrB,B,2.0,2373,12.0,9B,
2-9B,5.0,M9 20 mM glucose pH 7.4,1.41,4.52995874916833,12.0,acrB,B,2.0,2921,12.0,9B,
2-9B,6.0,M9 20 mM glucose pH 7.4,1.544,6.00895874916833,13.0,acrB,B,2.0,2701,12.0,9B,
2-9B,7.0,M9 20 mM glucose pH 7.4,1.604,7.593292082501663,14.0,acrB,B,2.0,3244,12.0,9B,
2-9B,8.0,M9 20 mM glucose pH 7.4,1.59,9.196458749168327,15.0,acrB,B,2.0,3320,12.0,9B,
2-9B,9.0,M9 20 mM glucose pH 7.4,1.567,10.770292082501664,16.0,acrB,B,2.0,3436,12.0,9B,
2-9B,10.0,M9 20 mM glucose pH 7.4,1.483,16.866025415834997,20.0,acrB,B,2.0,3680,12.0,9B,
2-9C,1.0,M9 20 mM glucose pH 7.4,0.037,0.1015083532876448,4.0,acrB,C,2.0,2209,12.0,9C,
2-9C,2.0,M9 20 mM glucose pH 7.4,0.409,0.7281454061573822,8.0,acrB,C,2.0,2077,12.0,9C,
2-9C,3.0,M9 20 mM glucose pH 7.4,0.943,2.034145406157382,10.0,acrB,C,2.0,2381,12.0,9C,
2-9C,5.0,M9 20 mM glucose pH 7.4,1.354,4.422478739490716,12.0,acrB,C,2.0,2873,12.0,9C,
2-9C,6.0,M9 20 mM glucose pH 7.4,1.485,5.842478739490716,13.0,acrB,C,2.0,2833,12.0,9C,
2-9C,7.0,M9 20 mM glucose pH 7.4,1.559,7.373478739490715,14.0,acrB,C,2.0,3080,12.0,9C,
2-9C,8.0,M9 20 mM glucose pH 7.4,1.567,8.941978739490715,15.0,acrB,C,2.0,3092,12.0,9C,
2-9C,9.0,M9 20 mM glucose pH 7.4,1.531,10.492812072824048,16.0,acrB,C,2.0,3448,12.0,9C,
2-9C,10.0,M9 20 mM glucose pH 7.4,1.477,16.460812072824048,20.0,acrB,C,2.0,3560,12.0,9C,
3-0A,1.0,M9 20 mM glucose pH 7.4,0.035,0.0996698043101312,4.0,WT,A,3.0,4136,13.0,0A,
3-0A,2.0,M9 20 mM glucose pH 7.4,0.331,0.628993467610234,8.0,WT,A,3.0,3836,13.0,0A,
3-0A,3.0,M9 20 mM glucose pH 7.4,0.787,1.696993467610234,10.0,WT,A,3.0,4524,13.0,0A,
3-0A,4.0,M9 20 mM glucose pH 7.4,1.054,2.6153268009435675,11.0,WT,A,3.0,4496,13.0,0A,
3-0A,5.0,M9 20 mM glucose pH 7.4,1.28,3.791326800943567,12.0,WT,A,3.0,4716,13.0,0A,
3-0A,6.0,M9 20 mM glucose pH 7.4,1.386,5.134326800943567,13.0,WT,A,3.0,4876,13.0,0A,
3-0A,7.0,M9 20 mM glucose pH 7.4,1.459,6.5523268009435665,14.0,WT,A,3.0,5076,13.0,0A,
3-0A,8.0,M9 20 mM glucose pH 7.4,1.478,8.025326800943567,15.0,WT,A,3.0,5024,13.0,0A,
3-0A,9.0,M9 20 mM glucose pH 7.4,1.457,9.494993467610232,16.0,WT,A,3.0,5627,13.0,0A,
3-0A,10.0,M9 20 mM glucose pH 7.4,1.385,15.172593467610234,20.0,WT,A,3.0,5552,13.0,0A,
3-0B,1.0,M9 20 mM glucose pH 7.4,0.035,0.1038716593730217,4.0,WT,B,3.0,3956,13.0,0B,
3-0B,2.0,M9 20 mM glucose pH 7.4,0.329,0.625013669630436,8.0,WT,B,3.0,3924,13.0,0B,
3-0B,3.0,M9 20 mM glucose pH 7.4,0.79,1.6933470029637694,10.0,WT,B,3.0,4284,13.0,0B,
3-0B,4.0,M9 20 mM glucose pH 7.4,1.058,2.615263669630436,11.0,WT,B,3.0,4460,13.0,0B,
3-0B,5.0,M9 20 mM glucose pH 7.4,1.277,3.793013669630436,12.0,WT,B,3.0,4628,13.0,0B,
3-0B,6.0,M9 20 mM glucose pH 7.4,1.398,5.138680336297103,13.0,WT,B,3.0,4744,13.0,0B,
3-0B,7.0,M9 20 mM glucose pH 7.4,1.483,6.5770136696304355,14.0,WT,B,3.0,5220,13.0,0B,
3-0B,8.0,M9 20 mM glucose pH 7.4,1.477,8.064597002963769,15.0,WT,B,3.0,5096,13.0,0B,
3-0B,9.0,M9 20 mM glucose pH 7.4,1.46,9.527347002963769,16.0,WT,B,3.0,5428,13.0,0B,
3-0B,10.0,M9 20 mM glucose pH 7.4,1.347,15.165347002963768,20.0,WT,B,3.0,5564,13.0,0B,
3-0C,1.0,M9 20 mM glucose pH 7.4,0.041,0.1259928714942338,4.0,WT,C,3.0,3932,13.0,0C,
3-0C,2.0,M9 20 mM glucose pH 7.4,0.397,0.7557316881388738,8.0,WT,C,3.0,4088,13.0,0C,
3-0C,3.0,M9 20 mM glucose pH 7.4,0.888,2.0010650214722068,10.0,WT,C,3.0,4244,13.0,0C,
3-0C,4.0,M9 20 mM glucose pH 7.4,1.155,3.0213705770277626,11.0,WT,C,3.0,4300,13.0,0C,
3-0C,5.0,M9 20 mM glucose pH 7.4,1.317,4.276065021472206,12.0,WT,C,3.0,4844,13.0,0C,
3-0C,6.0,M9 20 mM glucose pH 7.4,1.392,5.637815021472206,13.0,WT,C,3.0,4852,13.0,0C,
3-0C,7.0,M9 20 mM glucose pH 7.4,1.447,7.053398354805539,14.0,WT,C,3.0,5012,13.0,0C,
3-0C,8.0,M9 20 mM glucose pH 7.4,1.443,8.503315021472206,15.0,WT,C,3.0,5116,13.0,0C,
3-0C,9.0,M9 20 mM glucose pH 7.4,1.42,9.933065021472206,16.0,WT,C,3.0,5619,13.0,0C,
3-0C,10.0,M9 20 mM glucose pH 7.4,1.489,15.66519835480554,20.0,WT,C,3.0,5667,13.0,0C,
3-0D,1.0,M9 20 mM glucose pH 7.4,0.039,0.1049431921393774,4.0,WT,D,3.0,4016,13.0,0D,
3-0D,2.0,M9 20 mM glucose pH 7.4,0.347,0.6615942660134277,8.0,WT,D,3.0,3904,13.0,0D,
3-0D,3.0,M9 20 mM glucose pH 7.4,0.864,1.8082609326800945,10.0,WT,D,3.0,4392,13.0,0D,
3-0D,4.0,M9 20 mM glucose pH 7.4,1.08,2.7826220437912053,11.0,WT,D,3.0,4240,13.0,0D,
3-0D,5.0,M9 20 mM glucose pH 7.4,1.283,3.963927599346761,12.0,WT,D,3.0,4616,13.0,0D,
3-0D,6.0,M9 20 mM glucose pH 7.4,1.388,5.307594266013428,13.0,WT,D,3.0,4752,13.0,0D,
3-0D,7.0,M9 20 mM glucose pH 7.4,1.469,6.73192759934676,14.0,WT,D,3.0,5192,13.0,0D,
3-0D,8.0,M9 20 mM glucose pH 7.4,1.473,8.209344266013428,15.0,WT,D,3.0,5276,13.0,0D,
3-0D,9.0,M9 20 mM glucose pH 7.4,1.495,9.68392759934676,16.0,WT,D,3.0,5727,13.0,0D,
3-0D,10.0,M9 20 mM glucose pH 7.4,1.381,15.543660932680094,20.0,WT,D,3.0,5595,13.0,0D,
3-0E,1.0,M9 20 mM glucose pH 7.4,0.039,0.1027413370764869,4.0,WT,E,3.0,4188,13.0,0E,
3-0E,2.0,M9 20 mM glucose pH 7.4,0.33,0.6430081957297527,8.0,WT,E,3.0,4084,13.0,0E,
3-0E,3.0,M9 20 mM glucose pH 7.4,0.838,1.741841529063086,10.0,WT,E,3.0,4528,13.0,0E,
3-0E,4.0,M9 20 mM glucose pH 7.4,1.064,2.694397084618642,11.0,WT,E,3.0,4296,13.0,0E,
3-0E,5.0,M9 20 mM glucose pH 7.4,1.267,3.862174862396419,12.0,WT,E,3.0,4944,13.0,0E,
3-0E,6.0,M9 20 mM glucose pH 7.4,1.383,5.19442486239642,13.0,WT,E,3.0,4792,13.0,0E,
3-0E,7.0,M9 20 mM glucose pH 7.4,1.471,6.618841529063086,14.0,WT,E,3.0,5216,13.0,0E,
3-0E,8.0,M9 20 mM glucose pH 7.4,1.504,8.11092486239642,15.0,WT,E,3.0,4976,13.0,0E,
3-0E,9.0,M9 20 mM glucose pH 7.4,1.494,9.612508195729752,16.0,WT,E,3.0,5484,13.0,0E,
3-0E,10.0,M9 20 mM glucose pH 7.4,1.364,15.376508195729754,20.0,WT,E,3.0,5675,13.0,0E,
3-0F,1.0,M9 20 mM glucose pH 7.4,0.038,0.1041248451820658,4.0,WT,F,3.0,3916,13.0,0F,
3-0F,2.0,M9 20 mM glucose pH 7.4,0.328,0.6332609326800943,8.0,WT,F,3.0,4192,13.0,0F,
3-0F,3.0,M9 20 mM glucose pH 7.4,0.837,1.7302609326800942,10.0,WT,F,3.0,4356,13.0,0F,
3-0F,4.0,M9 20 mM glucose pH 7.4,1.051,2.6765109326800944,11.0,WT,F,3.0,4264,13.0,0F,
3-0F,5.0,M9 20 mM glucose pH 7.4,1.264,3.831927599346761,12.0,WT,F,3.0,4612,13.0,0F,
3-0F,6.0,M9 20 mM glucose pH 7.4,1.38,5.1620109326800945,13.0,WT,F,3.0,4728,13.0,0F,
3-0F,7.0,M9 20 mM glucose pH 7.4,1.449,6.5762609326800945,14.0,WT,F,3.0,5144,13.0,0F,
3-0F,8.0,M9 20 mM glucose pH 7.4,1.521,8.061010932680094,15.0,WT,F,3.0,5308,13.0,0F,
3-0F,9.0,M9 20 mM glucose pH 7.4,1.497,9.586260932680094,16.0,WT,F,3.0,5579,13.0,0F,
3-0F,10.0,M9 20 mM glucose pH 7.4,1.354,15.313327599346762,20.0,WT,F,3.0,5420,13.0,0F,
3-10A,1.0,M9 20 mM glucose pH 7.4,0.036,0.1006900063303333,4.0,nupC,A,3.0,4184,13.0,10A,
3-10A,2.0,M9 20 mM glucose pH 7.4,0.339,0.6293120728240489,8.0,nupC,A,3.0,4196,13.0,10A,
3-10A,3.0,M9 20 mM glucose pH 7.4,0.94,1.8174787394907157,10.0,nupC,A,3.0,4488,13.0,10A,
3-10A,4.0,M9 20 mM glucose pH 7.4,1.167,2.875062072824049,11.0,nupC,A,3.0,4260,13.0,10A,
3-10A,5.0,M9 20 mM glucose pH 7.4,1.349,4.136478739490715,12.0,nupC,A,3.0,4912,13.0,10A,
3-10A,6.0,M9 20 mM glucose pH 7.4,1.428,5.533562072824049,13.0,nupC,A,3.0,4660,13.0,10A,
3-10A,7.0,M9 20 mM glucose pH 7.4,1.519,6.9964787394907155,14.0,nupC,A,3.0,5224,13.0,10A,
3-10A,8.0,M9 20 mM glucose pH 7.4,1.517,8.522228739490716,15.0,nupC,A,3.0,5236,13.0,10A,
3-10A,9.0,M9 20 mM glucose pH 7.4,1.484,10.020145406157384,16.0,nupC,A,3.0,5587,13.0,10A,
3-10A,10.0,M9 20 mM glucose pH 7.4,1.462,15.853478739490717,20.0,nupC,A,3.0,5528,13.0,10A,
3-10B,1.0,M9 20 mM glucose pH 7.4,0.035,0.0932660941843503,4.0,nupC,B,3.0,4068,13.0,10B,
3-10B,2.0,M9 20 mM glucose pH 7.4,0.321,0.6025538619730236,8.0,nupC,B,3.0,4116,13.0,10B,
3-10B,3.0,M9 20 mM glucose pH 7.4,0.838,1.6902205286396903,10.0,nupC,B,3.0,4556,13.0,10B,
3-10B,4.0,M9 20 mM glucose pH 7.4,1.071,2.646137195306357,11.0,nupC,B,3.0,4336,13.0,10B,
3-10B,5.0,M9 20 mM glucose pH 7.4,1.288,3.826887195306357,12.0,nupC,B,3.0,4740,13.0,10B,
3-10B,6.0,M9 20 mM glucose pH 7.4,1.411,5.18422052863969,13.0,nupC,B,3.0,4640,13.0,10B,
3-10B,7.0,M9 20 mM glucose pH 7.4,1.489,6.633887195306357,14.0,nupC,B,3.0,5148,13.0,10B,
3-10B,8.0,M9 20 mM glucose pH 7.4,1.491,8.130220528639692,15.0,nupC,B,3.0,5256,13.0,10B,
3-10B,9.0,M9 20 mM glucose pH 7.4,1.469,9.607887195306358,16.0,nupC,B,3.0,5731,13.0,10B,
3-10B,10.0,M9 20 mM glucose pH 7.4,1.367,15.287353861973026,20.0,nupC,B,3.0,5655,13.0,10B,
3-10C,1.0,M9 20 mM glucose pH 7.4,0.035,0.0974679492472408,4.0,nupC,C,3.0,3976,13.0,10C,
3-10C,2.0,M9 20 mM glucose pH 7.4,0.341,0.622907397326559,8.0,nupC,C,3.0,4072,13.0,10C,
3-10C,3.0,M9 20 mM glucose pH 7.4,0.896,1.7859073973265591,10.0,nupC,C,3.0,4516,13.0,10C,
3-10C,4.0,M9 20 mM glucose pH 7.4,1.118,2.7959907306598923,11.0,nupC,C,3.0,4228,13.0,10C,
3-10C,5.0,M9 20 mM glucose pH 7.4,1.307,4.010907397326559,12.0,nupC,C,3.0,4812,13.0,10C,
3-10C,6.0,M9 20 mM glucose pH 7.4,1.407,5.375324063993226,13.0,nupC,C,3.0,4864,13.0,10C,
3-10C,7.0,M9 20 mM glucose pH 7.4,1.508,6.825240730659893,14.0,nupC,C,3.0,5120,13.0,10C,
3-10C,8.0,M9 20 mM glucose pH 7.4,1.512,8.343324063993226,15.0,nupC,C,3.0,5108,13.0,10C,
3-10C,9.0,M9 20 mM glucose pH 7.4,1.486,9.839240730659892,16.0,nupC,C,3.0,5396,13.0,10C,
3-10C,10.0,M9 20 mM glucose pH 7.4,1.371,15.559107397326558,20.0,nupC,C,3.0,5488,13.0,10C,
3-11A,1.0,M9 20 mM glucose pH 7.4,0.035,0.0992660941843503,4.0,fruA,A,3.0,4092,13.0,11A,
3-11A,2.0,M9 20 mM glucose pH 7.4,0.3,0.5788562571826045,8.0,fruA,A,3.0,4156,13.0,11A,
3-11A,3.0,M9 20 mM glucose pH 7.4,0.766,1.5833562571826043,10.0,fruA,A,3.0,4212,13.0,11A,
3-11A,4.0,M9 20 mM glucose pH 7.4,0.985,2.4596340349603825,11.0,fruA,A,3.0,4368,13.0,11A,
3-11A,5.0,M9 20 mM glucose pH 7.4,1.254,3.5700229238492707,12.0,fruA,A,3.0,4632,13.0,11A,
3-11A,6.0,M9 20 mM glucose pH 7.4,1.367,4.893522923849271,13.0,fruA,A,3.0,4636,13.0,11A,
3-11A,7.0,M9 20 mM glucose pH 7.4,1.454,6.295356257182604,14.0,fruA,A,3.0,5048,13.0,11A,
3-11A,8.0,M9 20 mM glucose pH 7.4,1.503,7.7770229238492705,15.0,fruA,A,3.0,5140,13.0,11A,
3-11A,9.0,M9 20 mM glucose pH 7.4,1.483,9.278356257182605,16.0,fruA,A,3.0,5683,13.0,11A,
3-11A,10.0,M9 20 mM glucose pH 7.4,1.361,14.988756257182605,20.0,fruA,A,3.0,5715,13.0,11A,
3-11B,1.0,M9 20 mM glucose pH 7.4,0.03,0.095779924586464,4.0,fruA,B,3.0,4024,13.0,11B,
3-11B,2.0,M9 20 mM glucose pH 7.4,0.266,0.5154787394907155,8.0,fruA,B,3.0,4020,13.0,11B,
3-11B,3.0,M9 20 mM glucose pH 7.4,0.705,1.424812072824049,10.0,fruA,B,3.0,4572,13.0,11B,
3-11B,4.0,M9 20 mM glucose pH 7.4,0.927,2.24067318393516,11.0,fruA,B,3.0,4316,13.0,11B,
3-11B,5.0,M9 20 mM glucose pH 7.4,1.221,3.3028120728240493,12.0,fruA,B,3.0,4692,13.0,11B,
3-11B,6.0,M9 20 mM glucose pH 7.4,1.36,4.606228739490716,13.0,fruA,B,3.0,4672,13.0,11B,
3-11B,7.0,M9 20 mM glucose pH 7.4,1.454,6.007812072824049,14.0,fruA,B,3.0,5124,13.0,11B,
3-11B,8.0,M9 20 mM glucose pH 7.4,1.507,7.491728739490716,15.0,fruA,B,3.0,5008,13.0,11B,
3-11B,9.0,M9 20 mM glucose pH 7.4,1.49,8.998478739490716,16.0,fruA,B,3.0,5544,13.0,11B,
3-11B,10.0,M9 20 mM glucose pH 7.4,1.356,14.725678739490718,20.0,fruA,B,3.0,5384,13.0,11B,
3-11C,1.0,M9 20 mM glucose pH 7.4,0.033,0.1024368205212891,4.0,fruA,C,3.0,4076,13.0,11C,
3-11C,2.0,M9 20 mM glucose pH 7.4,0.283,0.5508322748442508,8.0,fruA,C,3.0,3948,13.0,11C,
3-11C,3.0,M9 20 mM glucose pH 7.4,0.712,1.493165608177584,10.0,fruA,C,3.0,4532,13.0,11C,
3-11C,4.0,M9 20 mM glucose pH 7.4,0.927,2.3126378303998063,11.0,fruA,C,3.0,4476,13.0,11C,
3-11C,5.0,M9 20 mM glucose pH 7.4,1.217,3.3721656081775837,12.0,fruA,C,3.0,4816,13.0,11C,
3-11C,6.0,M9 20 mM glucose pH 7.4,1.334,4.66208227484425,13.0,fruA,C,3.0,4832,13.0,11C,
3-11C,7.0,M9 20 mM glucose pH 7.4,1.423,6.030832274844251,14.0,fruA,C,3.0,5152,13.0,11C,
3-11C,8.0,M9 20 mM glucose pH 7.4,1.488,7.48833227484425,15.0,fruA,C,3.0,5304,13.0,11C,
3-11C,9.0,M9 20 mM glucose pH 7.4,1.487,8.984832274844251,16.0,fruA,C,3.0,5400,13.0,11C,
3-11C,10.0,M9 20 mM glucose pH 7.4,1.363,14.74883227484425,20.0,fruA,C,3.0,5739,13.0,11C,
3-12A,1.0,M9 20 mM glucose pH 7.4,0.037,0.1035083532876448,4.0,sdaC,A,3.0,4128,13.0,12A,
3-12A,2.0,M9 20 mM glucose pH 7.4,0.317,0.6447462045605759,8.0,sdaC,A,3.0,4164,13.0,12A,
3-12A,3.0,M9 20 mM glucose pH 7.4,0.843,1.718079537893909,10.0,sdaC,A,3.0,4480,13.0,12A,
3-12A,4.0,M9 20 mM glucose pH 7.4,1.075,2.6788017601161314,11.0,sdaC,A,3.0,4288,13.0,12A,
3-12A,5.0,M9 20 mM glucose pH 7.4,1.291,3.862746204560575,12.0,sdaC,A,3.0,4780,13.0,12A,
3-12A,6.0,M9 20 mM glucose pH 7.4,1.412,5.222162871227241,13.0,sdaC,A,3.0,4868,13.0,12A,
3-12A,7.0,M9 20 mM glucose pH 7.4,1.489,6.672079537893909,14.0,sdaC,A,3.0,5296,13.0,12A,
3-12A,8.0,M9 20 mM glucose pH 7.4,1.488,8.167079537893908,15.0,sdaC,A,3.0,5132,13.0,12A,
3-12A,9.0,M9 20 mM glucose pH 7.4,1.461,9.639412871227242,16.0,sdaC,A,3.0,5723,13.0,12A,
3-12A,10.0,M9 20 mM glucose pH 7.4,1.388,15.318746204560576,20.0,sdaC,A,3.0,5623,13.0,12A,
3-12B,1.0,M9 20 mM glucose pH 7.4,0.043,0.104418435031514,4.0,sdaC,B,3.0,4060,13.0,12B,
3-12B,2.0,M9 20 mM glucose pH 7.4,0.308,0.6397112744208552,8.0,sdaC,B,3.0,3908,13.0,12B,
3-12B,3.0,M9 20 mM glucose pH 7.4,0.819,1.684877941087522,10.0,sdaC,B,3.0,4208,13.0,12B,
3-12B,4.0,M9 20 mM glucose pH 7.4,1.059,2.624739052198633,11.0,sdaC,B,3.0,4484,13.0,12B,
3-12B,5.0,M9 20 mM glucose pH 7.4,1.28,3.796544607754188,12.0,sdaC,B,3.0,4940,13.0,12B,
3-12B,6.0,M9 20 mM glucose pH 7.4,1.408,5.148294607754188,13.0,sdaC,B,3.0,4928,13.0,12B,
3-12B,7.0,M9 20 mM glucose pH 7.4,1.486,6.5958779410875215,14.0,sdaC,B,3.0,5248,13.0,12B,
3-12B,8.0,M9 20 mM glucose pH 7.4,1.48,8.08587794108752,15.0,sdaC,B,3.0,5240,13.0,12B,
3-12B,9.0,M9 20 mM glucose pH 7.4,1.46,9.551211274420854,16.0,sdaC,B,3.0,5691,13.0,12B,
3-12B,10.0,M9 20 mM glucose pH 7.4,1.364,15.207744607754186,20.0,sdaC,B,3.0,5536,13.0,12B,
3-12C,1.0,M9 20 mM glucose pH 7.4,0.039,0.1113469022651583,4.0,sdaC,C,3.0,4012,13.0,12C,
3-12C,2.0,M9 20 mM glucose pH 7.4,0.321,0.6380338716506381,8.0,sdaC,C,3.0,3872,13.0,12C,
3-12C,3.0,M9 20 mM glucose pH 7.4,0.828,1.7157005383173047,10.0,sdaC,C,3.0,4580,13.0,12C,
3-12C,4.0,M9 20 mM glucose pH 7.4,1.065,2.6631172049839713,11.0,sdaC,C,3.0,4280,13.0,12C,
3-12C,5.0,M9 20 mM glucose pH 7.4,1.277,3.837367204983971,12.0,sdaC,C,3.0,4856,13.0,12C,
3-12C,6.0,M9 20 mM glucose pH 7.4,1.401,5.183700538317305,13.0,sdaC,C,3.0,4824,13.0,12C,
3-12C,7.0,M9 20 mM glucose pH 7.4,1.48,6.6243672049839715,14.0,sdaC,C,3.0,5212,13.0,12C,
3-12C,8.0,M9 20 mM glucose pH 7.4,1.499,8.118867204983971,15.0,sdaC,C,3.0,5252,13.0,12C,
3-12C,9.0,M9 20 mM glucose pH 7.4,1.476,9.608367204983972,16.0,sdaC,C,3.0,5372,13.0,12C,
3-12C,10.0,M9 20 mM glucose pH 7.4,1.366,15.30196720498397,20.0,sdaC,C,3.0,5408,13.0,12C,
3-13A,1.0,M9 20 mM glucose pH 7.4,0.036,0.1006900063303333,4.0,gltP,A,3.0,4000,13.0,13A,
3-13A,2.0,M9 20 mM glucose pH 7.4,0.324,0.6148120728240489,8.0,gltP,A,3.0,4080,13.0,13A,
3-13A,3.0,M9 20 mM glucose pH 7.4,0.857,1.720812072824049,10.0,gltP,A,3.0,4352,13.0,13A,
3-13A,4.0,M9 20 mM glucose pH 7.4,1.103,2.701950961712938,11.0,gltP,A,3.0,4232,13.0,13A,
3-13A,5.0,M9 20 mM glucose pH 7.4,1.318,3.916478739490715,12.0,gltP,A,3.0,4772,13.0,13A,
3-13A,6.0,M9 20 mM glucose pH 7.4,1.445,5.305312072824049,13.0,gltP,A,3.0,4916,13.0,13A,
3-13A,7.0,M9 20 mM glucose pH 7.4,1.537,6.794812072824049,14.0,gltP,A,3.0,4996,13.0,13A,
3-13A,8.0,M9 20 mM glucose pH 7.4,1.563,8.35031207282405,15.0,gltP,A,3.0,5080,13.0,13A,
3-13A,9.0,M9 20 mM glucose pH 7.4,1.542,9.905145406157382,16.0,gltP,A,3.0,5436,13.0,13A,
3-13A,10.0,M9 20 mM glucose pH 7.4,1.417,15.84501207282405,20.0,gltP,A,3.0,5659,13.0,13A,
3-13B,1.0,M9 20 mM glucose pH 7.4,0.038,0.1041248451820658,4.0,gltP,B,3.0,3840,13.0,13B,
3-13B,2.0,M9 20 mM glucose pH 7.4,0.372,0.6739275993467609,8.0,gltP,B,3.0,3912,13.0,13B,
3-13B,3.0,M9 20 mM glucose pH 7.4,0.933,1.914260932680094,10.0,gltP,B,3.0,4360,13.0,13B,
3-13B,4.0,M9 20 mM glucose pH 7.4,1.176,2.970844266013428,11.0,gltP,B,3.0,4548,13.0,13B,
3-13B,5.0,M9 20 mM glucose pH 7.4,1.357,4.245594266013427,12.0,gltP,B,3.0,4848,13.0,13B,
3-13B,6.0,M9 20 mM glucose pH 7.4,1.456,5.65892759934676,13.0,gltP,B,3.0,4860,13.0,13B,
3-13B,7.0,M9 20 mM glucose pH 7.4,1.537,7.151594266013427,14.0,gltP,B,3.0,5016,13.0,13B,
3-13B,8.0,M9 20 mM glucose pH 7.4,1.562,8.705760932680093,15.0,gltP,B,3.0,5204,13.0,13B,
3-13B,9.0,M9 20 mM glucose pH 7.4,1.537,10.25892759934676,16.0,gltP,B,3.0,5464,13.0,13B,
3-13B,10.0,M9 20 mM glucose pH 7.4,1.42,16.181994266013426,20.0,gltP,B,3.0,5615,13.0,13B,
3-13C,1.0,M9 20 mM glucose pH 7.4,0.036,0.1026900063303333,4.0,gltP,C,3.0,4172,13.0,13C,
3-13C,2.0,M9 20 mM glucose pH 7.4,0.369,0.6575795378939091,8.0,gltP,C,3.0,3864,13.0,13C,
3-13C,3.0,M9 20 mM glucose pH 7.4,0.927,1.8914128712272429,10.0,gltP,C,3.0,4416,13.0,13C,
3-13C,4.0,M9 20 mM glucose pH 7.4,1.164,2.939246204560576,11.0,gltP,C,3.0,4448,13.0,13C,
3-13C,5.0,M9 20 mM glucose pH 7.4,1.342,4.199746204560576,12.0,gltP,C,3.0,4624,13.0,13C,
3-13C,6.0,M9 20 mM glucose pH 7.4,1.446,5.599912871227243,13.0,gltP,C,3.0,4896,13.0,13C,
3-13C,7.0,M9 20 mM glucose pH 7.4,1.538,7.087746204560576,14.0,gltP,C,3.0,5188,13.0,13C,
3-13C,8.0,M9 20 mM glucose pH 7.4,1.568,8.645912871227242,15.0,gltP,C,3.0,5100,13.0,13C,
3-13C,9.0,M9 20 mM glucose pH 7.4,1.545,10.20607953789391,16.0,gltP,C,3.0,5575,13.0,13C,
3-13C,10.0,M9 20 mM glucose pH 7.4,1.404,16.130212871227243,20.0,gltP,C,3.0,5476,13.0,13C,
3-14A,1.0,M9 20 mM glucose pH 7.4,0.037,0.1015083532876448,4.0,mscL,A,3.0,3972,14.0,14A,
3-14A,2.0,M9 20 mM glucose pH 7.4,0.299,0.5944787394907156,8.0,mscL,A,3.0,3920,14.0,14A,
3-14A,3.0,M9 20 mM glucose pH 7.4,0.703,1.5528120728240489,10.0,mscL,A,3.0,4432,14.0,14A,
3-14A,4.0,M9 20 mM glucose pH 7.4,0.888,2.3492565172684934,11.0,mscL,A,3.0,4372,14.0,14A,
3-14A,5.0,M9 20 mM glucose pH 7.4,1.169,3.3608120728240487,12.0,mscL,A,3.0,4600,14.0,14A,
3-14A,6.0,M9 20 mM glucose pH 7.4,1.292,4.604478739490715,13.0,mscL,A,3.0,4788,14.0,14A,
3-14A,7.0,M9 20 mM glucose pH 7.4,1.313,5.910812072824049,14.0,mscL,A,3.0,5136,14.0,14A,
3-14A,8.0,M9 20 mM glucose pH 7.4,1.446,7.280978739490716,15.0,mscL,A,3.0,5284,14.0,14A,
3-14A,9.0,M9 20 mM glucose pH 7.4,1.37,8.733145406157382,16.0,mscL,A,3.0,5719,14.0,14A,
3-14A,10.0,M9 20 mM glucose pH 7.4,1.235,13.85301207282405,20.0,mscL,A,3.0,5432,14.0,14A,
3-14B,1.0,M9 20 mM glucose pH 7.4,0.034,0.0968514573528197,4.0,mscL,B,3.0,3968,14.0,14B,
3-14B,2.0,M9 20 mM glucose pH 7.4,0.276,0.5653926692070406,8.0,mscL,B,3.0,3928,14.0,14B,
3-14B,3.0,M9 20 mM glucose pH 7.4,0.685,1.4690593358737072,10.0,mscL,B,3.0,4568,14.0,14B,
3-14B,4.0,M9 20 mM glucose pH 7.4,0.893,2.2578648914292625,11.0,mscL,B,3.0,4236,14.0,14B,
3-14B,5.0,M9 20 mM glucose pH 7.4,1.17,3.278059335873707,12.0,mscL,B,3.0,4884,14.0,14B,
3-14B,6.0,M9 20 mM glucose pH 7.4,1.247,4.503226002540374,13.0,mscL,B,3.0,4592,14.0,14B,
3-14B,7.0,M9 20 mM glucose pH 7.4,1.303,5.765059335873707,14.0,mscL,B,3.0,5176,14.0,14B,
3-14B,8.0,M9 20 mM glucose pH 7.4,1.549,7.175226002540374,15.0,mscL,B,3.0,4988,14.0,14B,
3-14B,9.0,M9 20 mM glucose pH 7.4,1.369,8.721059335873706,16.0,mscL,B,3.0,5472,14.0,14B,
3-14B,10.0,M9 20 mM glucose pH 7.4,1.146,13.48599266920704,20.0,mscL,B,3.0,5440,14.0,14B,
3-14C,1.0,M9 20 mM glucose pH 7.4,0.037,0.0993064982247543,4.0,mscL,C,3.0,3824,14.0,14C,
3-14C,2.0,M9 20 mM glucose pH 7.4,0.276,0.5748926692070405,8.0,mscL,C,3.0,3816,14.0,14C,
3-14C,3.0,M9 20 mM glucose pH 7.4,0.685,1.4783926692070404,10.0,mscL,C,3.0,4520,14.0,14C,
3-14C,4.0,M9 20 mM glucose pH 7.4,0.87,2.256976002540374,11.0,mscL,C,3.0,4440,14.0,14C,
3-14C,5.0,M9 20 mM glucose pH 7.4,1.134,3.2447260025403732,12.0,mscL,C,3.0,4708,14.0,14C,
3-14C,6.0,M9 20 mM glucose pH 7.4,1.247,4.447809335873707,13.0,mscL,C,3.0,4668,14.0,14C,
3-14C,7.0,M9 20 mM glucose pH 7.4,1.301,5.719059335873706,14.0,mscL,C,3.0,4980,14.0,14C,
3-14C,8.0,M9 20 mM glucose pH 7.4,1.423,7.07539266920704,15.0,mscL,C,3.0,5356,14.0,14C,
3-14C,9.0,M9 20 mM glucose pH 7.4,1.394,8.514726002540373,16.0,mscL,C,3.0,5603,14.0,14C,
3-14C,10.0,M9 20 mM glucose pH 7.4,1.365,13.986326002540372,20.0,mscL,C,3.0,5548,14.0,14C,
3-1A,1.0,M9 20 mM glucose pH 7.4,0.034,0.0988514573528197,4.0,gadC,A,3.0,4168,13.0,1A,
3-1A,2.0,M9 20 mM glucose pH 7.4,0.318,0.5936601342769008,8.0,gadC,A,3.0,4112,13.0,1A,
3-1A,3.0,M9 20 mM glucose pH 7.4,0.739,1.612993467610234,10.0,gadC,A,3.0,4304,13.0,1A,
3-1A,4.0,M9 20 mM glucose pH 7.4,0.999,2.479243467610234,11.0,gadC,A,3.0,4216,13.0,1A,
3-1A,5.0,M9 20 mM glucose pH 7.4,1.258,3.610660134276901,12.0,gadC,A,3.0,4732,13.0,1A,
3-1A,6.0,M9 20 mM glucose pH 7.4,1.38,4.941076800943567,13.0,gadC,A,3.0,4796,13.0,1A,
3-1A,7.0,M9 20 mM glucose pH 7.4,1.469,6.359660134276901,14.0,gadC,A,3.0,5232,13.0,1A,
3-1A,8.0,M9 20 mM glucose pH 7.4,1.546,7.8681601342769,15.0,gadC,A,3.0,5028,13.0,1A,
3-1A,9.0,M9 20 mM glucose pH 7.4,1.493,9.408326800943566,16.0,gadC,A,3.0,5679,13.0,1A,
3-1A,10.0,M9 20 mM glucose pH 7.4,1.445,15.1968601342769,20.0,gadC,A,3.0,5607,13.0,1A,
3-1B,1.0,M9 20 mM glucose pH 7.4,0.04,0.1185689593482509,4.0,gadC,B,3.0,3868,13.0,1B,
3-1B,2.0,M9 20 mM glucose pH 7.4,0.366,0.6781401439545152,8.0,gadC,B,3.0,3844,13.0,1B,
3-1B,3.0,M9 20 mM glucose pH 7.4,0.854,1.8578068106211816,10.0,gadC,B,3.0,4472,13.0,1B,
3-1B,4.0,M9 20 mM glucose pH 7.4,1.125,2.845806810621182,11.0,gadC,B,3.0,4328,13.0,1B,
3-1B,5.0,M9 20 mM glucose pH 7.4,1.317,4.081473477287848,12.0,gadC,B,3.0,4960,13.0,1B,
3-1B,6.0,M9 20 mM glucose pH 7.4,1.406,5.451556810621181,13.0,gadC,B,3.0,4804,13.0,1B,
3-1B,7.0,M9 20 mM glucose pH 7.4,1.477,6.887473477287848,14.0,gadC,B,3.0,5200,13.0,1B,
3-1B,8.0,M9 20 mM glucose pH 7.4,1.578,8.412473477287849,15.0,gadC,B,3.0,5264,13.0,1B,
3-1B,9.0,M9 20 mM glucose pH 7.4,1.571,10.00747347728785,16.0,gadC,B,3.0,5599,13.0,1B,
3-1B,10.0,M9 20 mM glucose pH 7.4,1.425,16.062406810621184,20.0,gadC,B,3.0,5663,13.0,1B,
3-1C,1.0,M9 20 mM glucose pH 7.4,0.034,0.1078607326672721,4.0,gadC,C,3.0,3888,13.0,1C,
3-1C,2.0,M9 20 mM glucose pH 7.4,0.281,0.5716563539587491,8.0,gadC,C,3.0,4124,13.0,1C,
3-1C,3.0,M9 20 mM glucose pH 7.4,0.677,1.4824896872920823,10.0,gadC,C,3.0,4576,13.0,1C,
3-1C,4.0,M9 20 mM glucose pH 7.4,0.922,2.2793785761809717,11.0,gadC,C,3.0,4340,13.0,1C,
3-1C,5.0,M9 20 mM glucose pH 7.4,1.219,3.343823020625416,12.0,gadC,C,3.0,4684,13.0,1C,
3-1C,6.0,M9 20 mM glucose pH 7.4,1.363,4.647573020625416,13.0,gadC,C,3.0,4756,13.0,1C,
3-1C,7.0,M9 20 mM glucose pH 7.4,1.444,6.0488230206254165,14.0,gadC,C,3.0,5272,13.0,1C,
3-1C,8.0,M9 20 mM glucose pH 7.4,1.514,7.528739687292083,15.0,gadC,C,3.0,5280,13.0,1C,
3-1C,9.0,M9 20 mM glucose pH 7.4,1.513,9.05315635395875,16.0,gadC,C,3.0,5699,13.0,1C,
3-1C,10.0,M9 20 mM glucose pH 7.4,1.425,14.97395635395875,20.0,gadC,C,3.0,5404,13.0,1C,
3-2A,1.0,M9 20 mM glucose pH 7.4,0.033,0.1104368205212891,4.0,znuB,A,3.0,4152,14.0,2A,
3-2A,2.0,M9 20 mM glucose pH 7.4,0.238,0.500402135123692,8.0,znuB,A,3.0,4120,14.0,2A,
3-2A,3.0,M9 20 mM glucose pH 7.4,0.533,1.246902135123692,10.0,znuB,A,3.0,4404,14.0,2A,
3-2A,4.0,M9 20 mM glucose pH 7.4,0.746,1.8827632462348032,11.0,znuB,A,3.0,4380,14.0,2A,
3-2A,5.0,M9 20 mM glucose pH 7.4,1.044,2.7672354684570255,12.0,znuB,A,3.0,4644,14.0,2A,
3-2A,6.0,M9 20 mM glucose pH 7.4,1.263,3.927318801790358,13.0,znuB,A,3.0,4596,14.0,2A,
3-2A,7.0,M9 20 mM glucose pH 7.4,1.362,5.253235468457025,14.0,znuB,A,3.0,5036,14.0,2A,
3-2A,8.0,M9 20 mM glucose pH 7.4,1.46,6.664318801790358,15.0,znuB,A,3.0,5084,14.0,2A,
3-2A,9.0,M9 20 mM glucose pH 7.4,1.502,8.154568801790358,16.0,znuB,A,3.0,5508,14.0,2A,
3-2A,10.0,M9 20 mM glucose pH 7.4,1.409,14.115768801790358,20.0,znuB,A,3.0,5416,14.0,2A,
3-2B,1.0,M9 20 mM glucose pH 7.4,0.03,0.108991054963807,4.0,znuB,B,3.0,3988,14.0,2B,
3-2B,2.0,M9 20 mM glucose pH 7.4,0.219,0.4788284945260992,8.0,znuB,B,3.0,4036,14.0,2B,
3-2B,3.0,M9 20 mM glucose pH 7.4,0.523,1.1846618278594323,10.0,znuB,B,3.0,4324,14.0,2B,
3-2B,4.0,M9 20 mM glucose pH 7.4,0.743,1.8138840500816549,11.0,znuB,B,3.0,4396,14.0,2B,
3-2B,5.0,M9 20 mM glucose pH 7.4,1.046,2.6983284945260992,12.0,znuB,B,3.0,4904,14.0,2B,
3-2B,6.0,M9 20 mM glucose pH 7.4,1.264,3.8604118278594326,13.0,znuB,B,3.0,4608,14.0,2B,
3-2B,7.0,M9 20 mM glucose pH 7.4,1.376,5.190995161192766,14.0,znuB,B,3.0,5160,14.0,2B,
3-2B,8.0,M9 20 mM glucose pH 7.4,1.458,6.610495161192766,15.0,znuB,B,3.0,5164,14.0,2B,
3-2B,9.0,M9 20 mM glucose pH 7.4,1.505,8.0953284945261,16.0,znuB,B,3.0,5456,14.0,2B,
3-2B,10.0,M9 20 mM glucose pH 7.4,1.411,14.0777284945261,20.0,znuB,B,3.0,5568,14.0,2B,
3-2C,1.0,M9 20 mM glucose pH 7.4,0.031,0.1118094019211185,4.0,znuB,C,3.0,3880,14.0,2C,
3-2C,2.0,M9 20 mM glucose pH 7.4,0.238,0.5084292929292928,8.0,znuB,C,3.0,3876,14.0,2C,
3-2C,3.0,M9 20 mM glucose pH 7.4,0.552,1.265262626262626,10.0,znuB,C,3.0,4464,14.0,2C,
3-2C,4.0,M9 20 mM glucose pH 7.4,0.764,1.9202070707070704,11.0,znuB,C,3.0,4492,14.0,2C,
3-2C,5.0,M9 20 mM glucose pH 7.4,1.055,2.8195959595959597,12.0,znuB,C,3.0,4604,14.0,2C,
3-2C,6.0,M9 20 mM glucose pH 7.4,1.271,3.98884595959596,13.0,znuB,C,3.0,4688,14.0,2C,
3-2C,7.0,M9 20 mM glucose pH 7.4,1.371,5.322929292929293,14.0,znuB,C,3.0,5112,14.0,2C,
3-2C,8.0,M9 20 mM glucose pH 7.4,1.459,6.738929292929293,15.0,znuB,C,3.0,5072,14.0,2C,
3-2C,9.0,M9 20 mM glucose pH 7.4,1.509,8.228262626262627,16.0,znuB,C,3.0,5380,14.0,2C,
3-2C,10.0,M9 20 mM glucose pH 7.4,1.404,14.216929292929292,20.0,znuB,C,3.0,5643,14.0,2C,
3-3A,1.0,M9 20 mM glucose pH 7.4,0.035,0.1036698043101312,4.0,glnP,A,3.0,4108,13.0,3A,
3-3A,2.0,M9 20 mM glucose pH 7.4,0.292,0.5870283977499546,8.0,glnP,A,3.0,4176,13.0,3A,
3-3A,3.0,M9 20 mM glucose pH 7.4,0.652,1.4975283977499545,10.0,glnP,A,3.0,4428,13.0,3A,
3-3A,4.0,M9 20 mM glucose pH 7.4,0.861,2.2524172866388437,11.0,glnP,A,3.0,4344,13.0,3A,
3-3A,5.0,M9 20 mM glucose pH 7.4,1.112,3.2335283977499545,12.0,glnP,A,3.0,4948,13.0,3A,
3-3A,6.0,M9 20 mM glucose pH 7.4,1.279,4.436028397749954,13.0,glnP,A,3.0,4652,13.0,3A,
3-3A,7.0,M9 20 mM glucose pH 7.4,1.395,5.774528397749954,14.0,glnP,A,3.0,5348,13.0,3A,
3-3A,8.0,M9 20 mM glucose pH 7.4,1.452,7.202945064416621,15.0,glnP,A,3.0,5052,13.0,3A,
3-3A,9.0,M9 20 mM glucose pH 7.4,1.457,8.66119506441662,16.0,glnP,A,3.0,5735,13.0,3A,
3-3A,10.0,M9 20 mM glucose pH 7.4,1.395,14.408928397749955,20.0,glnP,A,3.0,5424,13.0,3A,
3-3B,1.0,M9 20 mM glucose pH 7.4,0.036,0.1046900063303333,4.0,glnP,B,3.0,4160,13.0,3B,
3-3B,2.0,M9 20 mM glucose pH 7.4,0.304,0.6106803362971027,8.0,glnP,B,3.0,3892,13.0,3B,
3-3B,3.0,M9 20 mM glucose pH 7.4,0.686,1.5626803362971025,10.0,glnP,B,3.0,4256,13.0,3B,
3-3B,4.0,M9 20 mM glucose pH 7.4,0.898,2.353513669630436,11.0,glnP,B,3.0,4560,13.0,3B,
3-3B,5.0,M9 20 mM glucose pH 7.4,1.149,3.3716803362971026,12.0,glnP,B,3.0,4908,13.0,3B,
3-3B,6.0,M9 20 mM glucose pH 7.4,1.305,4.6065970029637695,13.0,glnP,B,3.0,4840,13.0,3B,
3-3B,7.0,M9 20 mM glucose pH 7.4,1.42,5.968013669630436,14.0,glnP,B,3.0,5332,13.0,3B,
3-3B,8.0,M9 20 mM glucose pH 7.4,1.487,7.425513669630435,15.0,glnP,B,3.0,5288,13.0,3B,
3-3B,9.0,M9 20 mM glucose pH 7.4,1.468,8.913347002963768,16.0,glnP,B,3.0,5687,13.0,3B,
3-3B,10.0,M9 20 mM glucose pH 7.4,1.425,14.681747002963768,20.0,glnP,B,3.0,5452,13.0,3B,
3-3C,1.0,M9 20 mM glucose pH 7.4,0.037,0.1117102083505353,4.0,glnP,C,3.0,4132,13.0,3C,
3-3C,2.0,M9 20 mM glucose pH 7.4,0.336,0.6488013367204984,8.0,glnP,C,3.0,3820,13.0,3C,
3-3C,3.0,M9 20 mM glucose pH 7.4,0.711,1.674968003387165,10.0,glnP,C,3.0,4436,13.0,3C,
3-3C,4.0,M9 20 mM glucose pH 7.4,0.919,2.488829114498276,11.0,glnP,C,3.0,4312,13.0,3C,
3-3C,5.0,M9 20 mM glucose pH 7.4,1.161,3.524301336720498,12.0,glnP,C,3.0,4952,13.0,3C,
3-3C,6.0,M9 20 mM glucose pH 7.4,1.312,4.768384670053832,13.0,glnP,C,3.0,4760,13.0,3C,
3-3C,7.0,M9 20 mM glucose pH 7.4,1.42,6.133968003387165,14.0,glnP,C,3.0,5320,13.0,3C,
3-3C,8.0,M9 20 mM glucose pH 7.4,1.477,7.586718003387165,15.0,glnP,C,3.0,4984,13.0,3C,
3-3C,9.0,M9 20 mM glucose pH 7.4,1.48,9.069968003387164,16.0,glnP,C,3.0,5360,13.0,3C,
3-3C,10.0,M9 20 mM glucose pH 7.4,1.431,14.924501336720496,20.0,glnP,C,3.0,5444,13.0,3C,
3-4A,1.0,M9 20 mM glucose pH 7.4,0.037,0.1035083532876448,4.0,focA,A,3.0,4140,14.0,4A,
3-4A,2.0,M9 20 mM glucose pH 7.4,0.31,0.6009128712272425,8.0,focA,A,3.0,4052,14.0,4A,
3-4A,3.0,M9 20 mM glucose pH 7.4,0.688,1.5707462045605756,10.0,focA,A,3.0,4268,14.0,4A,
3-4A,4.0,M9 20 mM glucose pH 7.4,0.924,2.3741350934494645,11.0,focA,A,3.0,4504,14.0,4A,
3-4A,5.0,M9 20 mM glucose pH 7.4,1.204,3.433412871227242,12.0,focA,A,3.0,4892,14.0,4A,
3-4A,6.0,M9 20 mM glucose pH 7.4,1.338,4.716579537893908,13.0,focA,A,3.0,4648,14.0,4A,
3-4A,7.0,M9 20 mM glucose pH 7.4,1.395,6.083746204560575,14.0,focA,A,3.0,5128,14.0,4A,
3-4A,8.0,M9 20 mM glucose pH 7.4,1.469,7.514329537893909,15.0,focA,A,3.0,5056,14.0,4A,
3-4A,9.0,M9 20 mM glucose pH 7.4,1.49,9.004079537893908,16.0,focA,A,3.0,5591,14.0,4A,
3-4A,10.0,M9 20 mM glucose pH 7.4,1.421,14.907679537893909,20.0,focA,A,3.0,5500,14.0,4A,
3-4B,1.0,M9 20 mM glucose pH 7.4,0.035,0.1064772245616932,4.0,focA,B,3.0,4032,14.0,4B,
3-4B,2.0,M9 20 mM glucose pH 7.4,0.312,0.611570283675074,8.0,focA,B,3.0,4056,14.0,4B,
3-4B,3.0,M9 20 mM glucose pH 7.4,0.685,1.5800702836750742,10.0,focA,B,3.0,4308,14.0,4B,
3-4B,4.0,M9 20 mM glucose pH 7.4,0.911,2.3758758392306296,11.0,focA,B,3.0,4544,14.0,4B,
3-4B,5.0,M9 20 mM glucose pH 7.4,1.198,3.422403617008408,12.0,focA,B,3.0,4836,14.0,4B,
3-4B,6.0,M9 20 mM glucose pH 7.4,1.321,4.695570283675075,13.0,focA,B,3.0,4748,14.0,4B,
3-4B,7.0,M9 20 mM glucose pH 7.4,1.383,6.044070283675074,14.0,focA,B,3.0,5260,14.0,4B,
3-4B,8.0,M9 20 mM glucose pH 7.4,1.455,7.46223695034174,15.0,focA,B,3.0,5344,14.0,4B,
3-4B,9.0,M9 20 mM glucose pH 7.4,1.482,8.939070283675074,16.0,focA,B,3.0,5583,14.0,4B,
3-4B,10.0,M9 20 mM glucose pH 7.4,1.396,14.798536950341742,20.0,focA,B,3.0,5412,14.0,4B,
3-4C,1.0,M9 20 mM glucose pH 7.4,0.035,0.1040735144359122,4.0,focA,C,3.0,3896,14.0,4C,
3-4C,2.0,M9 20 mM glucose pH 7.4,0.338,0.6216656081775842,8.0,focA,C,3.0,3992,14.0,4C,
3-4C,3.0,M9 20 mM glucose pH 7.4,0.718,1.6624989415109177,10.0,focA,C,3.0,4420,14.0,4C,
3-4C,4.0,M9 20 mM glucose pH 7.4,0.96,2.4986100526220287,11.0,focA,C,3.0,4456,14.0,4C,
3-4C,5.0,M9 20 mM glucose pH 7.4,1.219,3.588165608177584,12.0,focA,C,3.0,4972,14.0,4C,
3-4C,6.0,M9 20 mM glucose pH 7.4,1.342,4.879998941510918,13.0,focA,C,3.0,4936,14.0,4C,
3-4C,7.0,M9 20 mM glucose pH 7.4,1.396,6.249165608177584,14.0,focA,C,3.0,5324,14.0,4C,
3-4C,8.0,M9 20 mM glucose pH 7.4,1.466,7.67883227484425,15.0,focA,C,3.0,5184,14.0,4C,
3-4C,9.0,M9 20 mM glucose pH 7.4,1.498,9.168498941510917,16.0,focA,C,3.0,5468,14.0,4C,
3-4C,10.0,M9 20 mM glucose pH 7.4,1.417,15.109965608177584,20.0,focA,C,3.0,5631,14.0,4C,
3-5A,1.0,M9 20 mM glucose pH 7.4,0.031,0.0881945614179946,4.0,artQ,A,3.0,4028,14.0,5A,
3-5A,2.0,M9 20 mM glucose pH 7.4,0.211,0.4487716687836448,8.0,artQ,A,3.0,4044,14.0,5A,
3-5A,3.0,M9 20 mM glucose pH 7.4,0.506,1.130105002116978,10.0,artQ,A,3.0,4512,14.0,5A,
3-5A,4.0,M9 20 mM glucose pH 7.4,0.745,1.750521668783645,11.0,artQ,A,3.0,4540,14.0,5A,
3-5A,5.0,M9 20 mM glucose pH 7.4,1.057,2.644438335450311,12.0,artQ,A,3.0,4620,14.0,5A,
3-5A,6.0,M9 20 mM glucose pH 7.4,1.276,3.818688335450311,13.0,artQ,A,3.0,4800,14.0,5A,
3-5A,7.0,M9 20 mM glucose pH 7.4,1.37,5.154771668783644,14.0,artQ,A,3.0,5104,14.0,5A,
3-5A,8.0,M9 20 mM glucose pH 7.4,1.466,6.572605002116977,15.0,artQ,A,3.0,5196,14.0,5A,
3-5A,9.0,M9 20 mM glucose pH 7.4,1.477,8.05843833545031,16.0,artQ,A,3.0,5512,14.0,5A,
3-5A,10.0,M9 20 mM glucose pH 7.4,1.428,13.91803833545031,20.0,artQ,A,3.0,5388,14.0,5A,
3-5B,1.0,M9 20 mM glucose pH 7.4,0.03,0.0873762144606831,4.0,artQ,B,3.0,4144,14.0,5B,
3-5B,2.0,M9 20 mM glucose pH 7.4,0.213,0.4499383354503114,8.0,artQ,B,3.0,4104,14.0,5B,
3-5B,3.0,M9 20 mM glucose pH 7.4,0.522,1.144771668783645,10.0,artQ,B,3.0,4500,14.0,5B,
3-5B,4.0,M9 20 mM glucose pH 7.4,0.764,1.7829105576725337,11.0,artQ,B,3.0,4220,14.0,5B,
3-5B,5.0,M9 20 mM glucose pH 7.4,1.065,2.6924383354503116,12.0,artQ,B,3.0,4768,14.0,5B,
3-5B,6.0,M9 20 mM glucose pH 7.4,1.271,3.868355002116978,13.0,artQ,B,3.0,4880,14.0,5B,
3-5B,7.0,M9 20 mM glucose pH 7.4,1.361,5.195771668783644,14.0,artQ,B,3.0,5020,14.0,5B,
3-5B,8.0,M9 20 mM glucose pH 7.4,1.458,6.6046883354503105,15.0,artQ,B,3.0,5336,14.0,5B,
3-5B,9.0,M9 20 mM glucose pH 7.4,1.473,8.084438335450312,16.0,artQ,B,3.0,5460,14.0,5B,
3-5B,10.0,M9 20 mM glucose pH 7.4,1.405,13.908705002116978,20.0,artQ,B,3.0,5703,14.0,5B,
3-5C,1.0,M9 20 mM glucose pH 7.4,0.031,0.0925982715437756,4.0,artQ,C,3.0,3900,14.0,5C,
3-5C,2.0,M9 20 mM glucose pH 7.4,0.21,0.4547771426843283,8.0,artQ,C,3.0,3960,14.0,5C,
3-5C,3.0,M9 20 mM glucose pH 7.4,0.505,1.132943809350995,10.0,artQ,C,3.0,4412,14.0,5C,
3-5C,4.0,M9 20 mM glucose pH 7.4,0.732,1.7470271426843282,11.0,artQ,C,3.0,4444,14.0,5C,
3-5C,5.0,M9 20 mM glucose pH 7.4,1.028,2.6199438093509952,12.0,artQ,C,3.0,4700,14.0,5C,
3-5C,6.0,M9 20 mM glucose pH 7.4,1.257,3.768027142684328,13.0,artQ,C,3.0,4964,14.0,5C,
3-5C,7.0,M9 20 mM glucose pH 7.4,1.353,5.089610476017661,14.0,artQ,C,3.0,5168,14.0,5C,
3-5C,8.0,M9 20 mM glucose pH 7.4,1.448,6.490193809350995,15.0,artQ,C,3.0,5004,14.0,5C,
3-5C,9.0,M9 20 mM glucose pH 7.4,1.478,7.963943809350994,16.0,artQ,C,3.0,5496,14.0,5C,
3-5C,10.0,M9 20 mM glucose pH 7.4,1.409,13.838743809350994,20.0,artQ,C,3.0,5376,14.0,5C,
3-6A,1.0,M9 20 mM glucose pH 7.4,0.034,0.0988514573528197,4.0,rbsC,A,3.0,4096,13.0,6A,
3-6A,2.0,M9 20 mM glucose pH 7.4,0.305,0.5828268009435673,8.0,rbsC,A,3.0,4048,13.0,6A,
3-6A,3.0,M9 20 mM glucose pH 7.4,0.677,1.536993467610234,10.0,rbsC,A,3.0,4536,13.0,6A,
3-6A,4.0,M9 20 mM glucose pH 7.4,0.929,2.336326800943567,11.0,rbsC,A,3.0,4200,13.0,6A,
3-6A,5.0,M9 20 mM glucose pH 7.4,1.221,3.408326800943567,12.0,rbsC,A,3.0,4664,13.0,6A,
3-6A,6.0,M9 20 mM glucose pH 7.4,1.345,4.705326800943567,13.0,rbsC,A,3.0,4808,13.0,6A,
3-6A,7.0,M9 20 mM glucose pH 7.4,1.443,6.089660134276901,14.0,rbsC,A,3.0,5092,13.0,6A,
3-6A,8.0,M9 20 mM glucose pH 7.4,1.511,7.569160134276901,15.0,rbsC,A,3.0,5300,13.0,6A,
3-6A,9.0,M9 20 mM glucose pH 7.4,1.48,9.078660134276902,16.0,rbsC,A,3.0,5364,13.0,6A,
3-6A,10.0,M9 20 mM glucose pH 7.4,1.404,14.821060134276902,20.0,rbsC,A,3.0,5651,13.0,6A,
3-6B,1.0,M9 20 mM glucose pH 7.4,0.034,0.0966496022899292,4.0,rbsC,B,3.0,4148,13.0,6B,
3-6B,2.0,M9 20 mM glucose pH 7.4,0.311,0.579407397326559,8.0,rbsC,B,3.0,3964,13.0,6B,
3-6B,3.0,M9 20 mM glucose pH 7.4,0.694,1.557907397326559,10.0,rbsC,B,3.0,4564,13.0,6B,
3-6B,4.0,M9 20 mM glucose pH 7.4,0.946,2.374546286215448,11.0,rbsC,B,3.0,4272,13.0,6B,
3-6B,5.0,M9 20 mM glucose pH 7.4,1.236,3.4625740639932254,12.0,rbsC,B,3.0,4764,13.0,6B,
3-6B,6.0,M9 20 mM glucose pH 7.4,1.343,4.767324063993225,13.0,rbsC,B,3.0,4776,13.0,6B,
3-6B,7.0,M9 20 mM glucose pH 7.4,1.432,6.142574063993225,14.0,rbsC,B,3.0,5292,13.0,6B,
3-6B,8.0,M9 20 mM glucose pH 7.4,1.477,7.600740730659892,15.0,rbsC,B,3.0,5316,13.0,6B,
3-6B,9.0,M9 20 mM glucose pH 7.4,1.47,9.07924073065989,16.0,rbsC,B,3.0,5480,13.0,6B,
3-6B,10.0,M9 20 mM glucose pH 7.4,1.35,14.768307397326556,20.0,rbsC,B,3.0,5671,13.0,6B,
3-6C,1.0,M9 20 mM glucose pH 7.4,0.036,0.1070937164561142,4.0,rbsC,C,3.0,3996,13.0,6C,
3-6C,2.0,M9 20 mM glucose pH 7.4,0.263,0.5520850117945926,8.0,rbsC,C,3.0,3852,13.0,6C,
3-6C,3.0,M9 20 mM glucose pH 7.4,0.606,1.384918345127926,10.0,rbsC,C,3.0,4384,13.0,6C,
3-6C,4.0,M9 20 mM glucose pH 7.4,0.838,2.1035572340168147,11.0,rbsC,C,3.0,4364,13.0,6C,
3-6C,5.0,M9 20 mM glucose pH 7.4,1.134,3.082251678461259,12.0,rbsC,C,3.0,4872,13.0,6C,
3-6C,6.0,M9 20 mM glucose pH 7.4,1.299,4.309668345127926,13.0,rbsC,C,3.0,4784,13.0,6C,
3-6C,7.0,M9 20 mM glucose pH 7.4,1.402,5.659585011794592,14.0,rbsC,C,3.0,5044,13.0,6C,
3-6C,8.0,M9 20 mM glucose pH 7.4,1.465,7.096418345127925,15.0,rbsC,C,3.0,5068,13.0,6C,
3-6C,9.0,M9 20 mM glucose pH 7.4,1.481,8.573918345127925,16.0,rbsC,C,3.0,5392,13.0,6C,
3-6C,10.0,M9 20 mM glucose pH 7.4,1.361,14.35605167846126,20.0,rbsC,C,3.0,5492,13.0,6C,
3-7A,1.0,M9 20 mM glucose pH 7.4,0.037,0.1097102083505353,4.0,glpF,A,3.0,3984,12.0,7A,
3-7A,2.0,M9 20 mM glucose pH 7.4,0.343,0.6593672049839715,8.0,glpF,A,3.0,3944,12.0,7A,
3-7A,3.0,M9 20 mM glucose pH 7.4,0.805,1.7590338716506382,10.0,glpF,A,3.0,4320,12.0,7A,
3-7A,4.0,M9 20 mM glucose pH 7.4,1.083,2.700422760539527,11.0,glpF,A,3.0,4292,12.0,7A,
3-7A,5.0,M9 20 mM glucose pH 7.4,1.359,3.9243672049839713,12.0,glpF,A,3.0,4968,12.0,7A,
3-7A,6.0,M9 20 mM glucose pH 7.4,1.491,5.361367204983972,13.0,glpF,A,3.0,4828,12.0,7A,
3-7A,7.0,M9 20 mM glucose pH 7.4,1.559,6.885033871650638,14.0,glpF,A,3.0,5060,12.0,7A,
3-7A,8.0,M9 20 mM glucose pH 7.4,1.539,8.44136720498397,15.0,glpF,A,3.0,5032,12.0,7A,
3-7A,9.0,M9 20 mM glucose pH 7.4,1.507,9.959033871650638,16.0,glpF,A,3.0,5368,12.0,7A,
3-7A,10.0,M9 20 mM glucose pH 7.4,1.421,15.792633871650636,20.0,glpF,A,3.0,5556,12.0,7A,
3-7B,1.0,M9 20 mM glucose pH 7.4,0.037,0.1207194836649877,4.0,glpF,B,3.0,4180,12.0,7B,
3-7B,2.0,M9 20 mM glucose pH 7.4,0.35,0.6712975564023468,8.0,glpF,B,3.0,4040,12.0,7B,
3-7B,3.0,M9 20 mM glucose pH 7.4,0.823,1.7977975564023465,10.0,glpF,B,3.0,4552,12.0,7B,
3-7B,4.0,M9 20 mM glucose pH 7.4,1.1,2.7570475564023464,11.0,glpF,B,3.0,4424,12.0,7B,
3-7B,5.0,M9 20 mM glucose pH 7.4,1.368,3.9947975564023466,12.0,glpF,B,3.0,4712,12.0,7B,
3-7B,6.0,M9 20 mM glucose pH 7.4,1.501,5.440547556402347,13.0,glpF,B,3.0,4888,12.0,7B,
3-7B,7.0,M9 20 mM glucose pH 7.4,1.572,6.976130889735679,14.0,glpF,B,3.0,5172,12.0,7B,
3-7B,8.0,M9 20 mM glucose pH 7.4,1.549,8.544464223069014,15.0,glpF,B,3.0,5228,12.0,7B,
3-7B,9.0,M9 20 mM glucose pH 7.4,1.514,10.07013088973568,16.0,glpF,B,3.0,5532,12.0,7B,
3-7B,10.0,M9 20 mM glucose pH 7.4,1.428,15.92533088973568,20.0,glpF,B,3.0,5448,12.0,7B,
3-7C,1.0,M9 20 mM glucose pH 7.4,0.036,0.1090937164561142,4.0,glpF,C,3.0,4064,12.0,7C,
3-7C,2.0,M9 20 mM glucose pH 7.4,0.302,0.6158524768644529,8.0,glpF,C,3.0,3856,12.0,7C,
3-7C,3.0,M9 20 mM glucose pH 7.4,0.724,1.5888524768644527,10.0,glpF,C,3.0,4408,12.0,7C,
3-7C,4.0,M9 20 mM glucose pH 7.4,0.975,2.4361302546422303,11.0,glpF,C,3.0,4332,12.0,7C,
3-7C,5.0,M9 20 mM glucose pH 7.4,1.28,3.556852476864453,12.0,glpF,C,3.0,4676,12.0,7C,
3-7C,6.0,M9 20 mM glucose pH 7.4,1.42,4.9206024768644525,13.0,glpF,C,3.0,4820,12.0,7C,
3-7C,7.0,M9 20 mM glucose pH 7.4,1.532,6.38751914353112,14.0,glpF,C,3.0,4992,12.0,7C,
3-7C,8.0,M9 20 mM glucose pH 7.4,1.535,7.930102476864453,15.0,glpF,C,3.0,5040,12.0,7C,
3-7C,9.0,M9 20 mM glucose pH 7.4,1.512,9.448852476864452,16.0,glpF,C,3.0,5560,12.0,7C,
3-7C,10.0,M9 20 mM glucose pH 7.4,1.406,15.29231914353112,20.0,glpF,C,3.0,5635,12.0,7C,
3-8A,1.0,M9 20 mM glucose pH 7.4,0.037,0.1115083532876448,4.0,proP,A,3.0,3952,13.0,8A,
3-8A,2.0,M9 20 mM glucose pH 7.4,0.335,0.650816064840017,8.0,proP,A,3.0,3980,13.0,8A,
3-8A,3.0,M9 20 mM glucose pH 7.4,0.885,1.7898160648400163,10.0,proP,A,3.0,4252,13.0,8A,
3-8A,4.0,M9 20 mM glucose pH 7.4,1.141,2.8038716203955723,11.0,proP,A,3.0,4224,13.0,8A,
3-8A,5.0,M9 20 mM glucose pH 7.4,1.374,4.06414939817335,12.0,proP,A,3.0,4724,13.0,8A,
3-8A,6.0,M9 20 mM glucose pH 7.4,1.486,5.504232731506683,13.0,proP,A,3.0,4656,13.0,8A,
3-8A,7.0,M9 20 mM glucose pH 7.4,1.554,7.0214827315066835,14.0,proP,A,3.0,5208,13.0,8A,
3-8A,8.0,M9 20 mM glucose pH 7.4,1.552,8.580316064840018,15.0,proP,A,3.0,5000,13.0,8A,
3-8A,9.0,M9 20 mM glucose pH 7.4,1.522,10.11614939817335,16.0,proP,A,3.0,5711,13.0,8A,
3-8A,10.0,M9 20 mM glucose pH 7.4,1.43,16.005216064840017,20.0,proP,A,3.0,5504,13.0,8A,
3-8B,1.0,M9 20 mM glucose pH 7.4,0.035,0.1098716593730217,4.0,proP,B,3.0,4100,13.0,8B,
3-8B,2.0,M9 20 mM glucose pH 7.4,0.344,0.6353160648400169,8.0,proP,B,3.0,4008,13.0,8B,
3-8B,3.0,M9 20 mM glucose pH 7.4,0.882,1.7944827315066834,10.0,proP,B,3.0,4452,13.0,8B,
3-8B,4.0,M9 20 mM glucose pH 7.4,1.123,2.7985382870622386,11.0,proP,B,3.0,4204,13.0,8B,
3-8B,5.0,M9 20 mM glucose pH 7.4,1.33,4.02914939817335,12.0,proP,B,3.0,4924,13.0,8B,
3-8B,6.0,M9 20 mM glucose pH 7.4,1.437,5.420982731506683,13.0,proP,B,3.0,4920,13.0,8B,
3-8B,7.0,M9 20 mM glucose pH 7.4,1.529,6.8981493981733495,14.0,proP,B,3.0,5312,13.0,8B,
3-8B,8.0,M9 20 mM glucose pH 7.4,1.552,8.44439939817335,15.0,proP,B,3.0,5244,13.0,8B,
3-8B,9.0,M9 20 mM glucose pH 7.4,1.529,9.986816064840015,16.0,proP,B,3.0,5524,13.0,8B,
3-8B,10.0,M9 20 mM glucose pH 7.4,1.417,15.889482731506684,20.0,proP,B,3.0,5695,13.0,8B,
3-8C,1.0,M9 20 mM glucose pH 7.4,0.035,0.0996698043101312,4.0,proP,C,3.0,3884,13.0,8C,
3-8C,2.0,M9 20 mM glucose pH 7.4,0.345,0.6266601342769007,8.0,proP,C,3.0,3828,13.0,8C,
3-8C,3.0,M9 20 mM glucose pH 7.4,0.896,1.7976601342769003,10.0,proP,C,3.0,4388,13.0,8C,
3-8C,4.0,M9 20 mM glucose pH 7.4,1.132,2.813854578721345,11.0,proP,C,3.0,4276,13.0,8C,
3-8C,5.0,M9 20 mM glucose pH 7.4,1.333,4.049993467610234,12.0,proP,C,3.0,4736,13.0,8C,
3-8C,6.0,M9 20 mM glucose pH 7.4,1.446,5.446826800943567,13.0,proP,C,3.0,4696,13.0,8C,
3-8C,7.0,M9 20 mM glucose pH 7.4,1.519,6.9286601342769,14.0,proP,C,3.0,5156,13.0,8C,
3-8C,8.0,M9 20 mM glucose pH 7.4,1.563,8.472076800943567,15.0,proP,C,3.0,5180,13.0,8C,
3-8C,9.0,M9 20 mM glucose pH 7.4,1.542,10.032993467610233,16.0,proP,C,3.0,5707,13.0,8C,
3-8C,10.0,M9 20 mM glucose pH 7.4,1.439,16.005126800943565,20.0,proP,C,3.0,5516,13.0,8C,
3-9A,1.0,M9 20 mM glucose pH 7.4,0.034,0.1054570225414912,4.0,cycA,A,3.0,4004,14.0,9A,
3-9A,2.0,M9 20 mM glucose pH 7.4,0.237,0.5014183451279259,8.0,cycA,A,3.0,3832,14.0,9A,
3-9A,3.0,M9 20 mM glucose pH 7.4,0.615,1.3002516784612592,10.0,cycA,A,3.0,4348,14.0,9A,
3-9A,4.0,M9 20 mM glucose pH 7.4,0.837,2.024418345127926,11.0,cycA,A,3.0,4400,14.0,9A,
3-9A,5.0,M9 20 mM glucose pH 7.4,1.148,3.003918345127926,12.0,cycA,A,3.0,4932,14.0,9A,
3-9A,6.0,M9 20 mM glucose pH 7.4,1.322,4.250335011794593,13.0,cycA,A,3.0,4720,14.0,9A,
3-9A,7.0,M9 20 mM glucose pH 7.4,1.415,5.620918345127926,14.0,cycA,A,3.0,5088,14.0,9A,
3-9A,8.0,M9 20 mM glucose pH 7.4,1.508,7.082418345127926,15.0,cycA,A,3.0,5352,14.0,9A,
3-9A,9.0,M9 20 mM glucose pH 7.4,1.516,8.608585011794592,16.0,cycA,A,3.0,5647,14.0,9A,
3-9A,10.0,M9 20 mM glucose pH 7.4,1.428,14.560585011794592,20.0,cycA,A,3.0,5572,14.0,9A,
3-9B,1.0,M9 20 mM glucose pH 7.4,0.03,0.1207891999009165,4.0,cycA,B,3.0,3848,14.0,9B,
3-9B,2.0,M9 20 mM glucose pH 7.4,0.223,0.4906146797314461,8.0,cycA,B,3.0,3940,14.0,9B,
3-9B,3.0,M9 20 mM glucose pH 7.4,0.581,1.2417813463981129,10.0,cycA,B,3.0,4508,14.0,9B,
3-9B,4.0,M9 20 mM glucose pH 7.4,0.802,1.9309480130647796,11.0,cycA,B,3.0,4468,14.0,9B,
3-9B,5.0,M9 20 mM glucose pH 7.4,1.104,2.872781346398113,12.0,cycA,B,3.0,4680,14.0,9B,
3-9B,6.0,M9 20 mM glucose pH 7.4,1.275,4.07319801306478,13.0,cycA,B,3.0,4704,14.0,9B,
3-9B,7.0,M9 20 mM glucose pH 7.4,1.389,5.403781346398112,14.0,cycA,B,3.0,5268,14.0,9B,
3-9B,8.0,M9 20 mM glucose pH 7.4,1.479,6.839781346398112,15.0,cycA,B,3.0,5064,14.0,9B,
3-9B,9.0,M9 20 mM glucose pH 7.4,1.485,8.333781346398112,16.0,cycA,B,3.0,5520,14.0,9B,
3-9B,10.0,M9 20 mM glucose pH 7.4,1.385,14.139914679731444,20.0,cycA,B,3.0,5540,14.0,9B,
3-9C,1.0,M9 20 mM glucose pH 7.4,0.034,0.0970533124157102,4.0,cycA,C,3.0,3860,14.0,9C,
3-9C,2.0,M9 20 mM glucose pH 7.4,0.22,0.4758779410875219,8.0,cycA,C,3.0,3936,14.0,9C,
3-9C,3.0,M9 20 mM glucose pH 7.4,0.575,1.218211274420855,10.0,cycA,C,3.0,4376,14.0,9C,
3-9C,4.0,M9 20 mM glucose pH 7.4,0.769,1.8892946077541883,11.0,cycA,C,3.0,4248,14.0,9C,
3-9C,5.0,M9 20 mM glucose pH 7.4,1.065,2.7902112744208547,12.0,cycA,C,3.0,4900,14.0,9C,
3-9C,6.0,M9 20 mM glucose pH 7.4,1.272,3.9661279410875214,13.0,cycA,C,3.0,4956,14.0,9C,
3-9C,7.0,M9 20 mM glucose pH 7.4,1.379,5.300877941087521,14.0,cycA,C,3.0,5340,14.0,9C,
3-9C,8.0,M9 20 mM glucose pH 7.4,1.478,6.730044607754187,15.0,cycA,C,3.0,5328,14.0,9C,
3-9C,9.0,M9 20 mM glucose pH 7.4,1.49,8.22787794108752,16.0,cycA,C,3.0,5639,14.0,9C,
3-9C,10.0,M9 20 mM glucose pH 7.4,1.365,14.030144607754188,20.0,cycA,C,3.0,5611,14.0,9C,
4-0A,1.0,M9 20 mM glucose pH 7.4,0.038,0.0931356813872255,4.0,WT,A,4.0,5883,12.0,0A,
4-0A,2.0,M9 20 mM glucose pH 7.4,0.361,0.6524690147205587,8.0,WT,A,4.0,6031,12.0,0A,
4-0A,3.0,M9 20 mM glucose pH 7.4,0.903,1.8679690147205588,10.0,WT,A,4.0,6487,12.0,0A,
4-0A,4.0,M9 20 mM glucose pH 7.4,1.161,2.954969014720559,11.0,WT,A,4.0,6399,12.0,0A,
4-0A,5.0,M9 20 mM glucose pH 7.4,1.393,4.234135681387226,12.0,WT,A,4.0,6787,12.0,0A,
4-0A,6.0,M9 20 mM glucose pH 7.4,1.487,5.694969014720559,13.0,WT,A,4.0,6555,12.0,0A,
4-0A,7.0,M9 20 mM glucose pH 7.4,1.537,7.210635681387226,14.0,WT,A,4.0,7127,12.0,0A,
4-0A,8.0,M9 20 mM glucose pH 7.4,1.509,8.74296901472056,15.0,WT,A,4.0,6911,12.0,0A,
4-0A,9.0,M9 20 mM glucose pH 7.4,1.484,10.23921901472056,16.0,WT,A,4.0,7374,12.0,0A,
4-0A,10.0,M9 20 mM glucose pH 7.4,1.406,16.007552348053892,20.0,WT,A,4.0,7434,12.0,0A,
4-0B,1.0,M9 20 mM glucose pH 7.4,0.035,0.0865681028443113,4.0,WT,B,4.0,5947,12.0,0B,
4-0B,2.0,M9 20 mM glucose pH 7.4,0.341,0.6199014361776447,8.0,WT,B,4.0,5971,12.0,0B,
4-0B,3.0,M9 20 mM glucose pH 7.4,0.874,1.785234769510978,10.0,WT,B,4.0,6275,12.0,0B,
4-0B,4.0,M9 20 mM glucose pH 7.4,1.138,2.8421514361776445,11.0,WT,B,4.0,6199,12.0,0B,
4-0B,5.0,M9 20 mM glucose pH 7.4,1.385,4.105068102844311,12.0,WT,B,4.0,6619,12.0,0B,
4-0B,6.0,M9 20 mM glucose pH 7.4,1.482,5.562151436177644,13.0,WT,B,4.0,6871,12.0,0B,
4-0B,7.0,M9 20 mM glucose pH 7.4,1.55,7.080568102844311,14.0,WT,B,4.0,7111,12.0,0B,
4-0B,8.0,M9 20 mM glucose pH 7.4,1.521,8.629818102844311,15.0,WT,B,4.0,7178,12.0,0B,
4-0B,9.0,M9 20 mM glucose pH 7.4,1.489,10.135068102844311,16.0,WT,B,4.0,7506,12.0,0B,
4-0B,10.0,M9 20 mM glucose pH 7.4,1.411,15.90773476951098,20.0,WT,B,4.0,7306,12.0,0B,
4-0C,1.0,M9 20 mM glucose pH 7.4,0.036,0.0981287310379241,4.0,WT,C,4.0,5755,12.0,0C,
4-0C,2.0,M9 20 mM glucose pH 7.4,0.379,0.6707953977045908,8.0,WT,C,4.0,5919,12.0,0C,
4-0C,3.0,M9 20 mM glucose pH 7.4,0.928,1.9309620643712575,10.0,WT,C,4.0,6435,12.0,0C,
4-0C,4.0,M9 20 mM glucose pH 7.4,1.189,3.0430453977045913,11.0,WT,C,4.0,6143,12.0,0C,
4-0C,5.0,M9 20 mM glucose pH 7.4,1.397,4.340462064371258,12.0,WT,C,4.0,6699,12.0,0C,
4-0C,6.0,M9 20 mM glucose pH 7.4,1.488,5.798045397704591,13.0,WT,C,4.0,6851,12.0,0C,
4-0C,7.0,M9 20 mM glucose pH 7.4,1.558,7.322795397704591,14.0,WT,C,4.0,6955,12.0,0C,
4-0C,8.0,M9 20 mM glucose pH 7.4,1.523,8.87904539770459,15.0,WT,C,4.0,6959,12.0,0C,
4-0C,9.0,M9 20 mM glucose pH 7.4,1.492,10.386212064371255,16.0,WT,C,4.0,7550,12.0,0C,
4-0C,10.0,M9 20 mM glucose pH 7.4,1.414,16.173628731037923,20.0,WT,C,4.0,7370,12.0,0C,
4-0D,1.0,M9 20 mM glucose pH 7.4,0.038,0.0867300663173652,4.0,WT,D,4.0,5951,12.0,0D,
4-0D,2.0,M9 20 mM glucose pH 7.4,0.375,0.6527300663173652,8.0,WT,D,4.0,5787,12.0,0D,
4-0D,3.0,M9 20 mM glucose pH 7.4,1.024,1.987896732984032,10.0,WT,D,4.0,6491,12.0,0D,
4-0D,4.0,M9 20 mM glucose pH 7.4,1.248,3.2379800663173652,11.0,WT,D,4.0,6219,12.0,0D,
4-0D,5.0,M9 20 mM glucose pH 7.4,1.522,4.618813399650699,12.0,WT,D,4.0,6815,12.0,0D,
4-0D,6.0,M9 20 mM glucose pH 7.4,1.628,6.225980066317366,13.0,WT,D,4.0,6723,12.0,0D,
4-0D,7.0,M9 20 mM glucose pH 7.4,1.611,7.855730066317365,14.0,WT,D,4.0,7011,12.0,0D,
4-0D,8.0,M9 20 mM glucose pH 7.4,1.583,9.4443133996507,15.0,WT,D,4.0,6923,12.0,0D,
4-0D,9.0,M9 20 mM glucose pH 7.4,1.568,11.018730066317366,16.0,WT,D,4.0,7350,12.0,0D,
4-0D,10.0,M9 20 mM glucose pH 7.4,1.582,17.279730066317367,20.0,WT,D,4.0,7294,12.0,0D,
4-0E,1.0,M9 20 mM glucose pH 7.4,0.037,0.0875024877744511,4.0,WT,E,4.0,6047,12.0,0E,
4-0E,2.0,M9 20 mM glucose pH 7.4,0.335,0.6128358211077845,8.0,WT,E,4.0,5939,12.0,0E,
4-0E,3.0,M9 20 mM glucose pH 7.4,0.865,1.763002487774451,10.0,WT,E,4.0,6347,12.0,0E,
4-0E,4.0,M9 20 mM glucose pH 7.4,1.1,2.8103358211077847,11.0,WT,E,4.0,6439,12.0,0E,
4-0E,5.0,M9 20 mM glucose pH 7.4,1.398,4.054085821107785,12.0,WT,E,4.0,6559,12.0,0E,
4-0E,6.0,M9 20 mM glucose pH 7.4,1.54,5.5543358211077845,13.0,WT,E,4.0,6771,12.0,0E,
4-0E,7.0,M9 20 mM glucose pH 7.4,1.545,7.108252487774451,14.0,WT,E,4.0,7075,12.0,0E,
4-0E,8.0,M9 20 mM glucose pH 7.4,1.532,8.638335821107784,15.0,WT,E,4.0,6979,12.0,0E,
4-0E,9.0,M9 20 mM glucose pH 7.4,1.497,10.154669154441118,16.0,WT,E,4.0,7546,12.0,0E,
4-0E,10.0,M9 20 mM glucose pH 7.4,1.467,16.02125248777445,20.0,WT,E,4.0,7442,12.0,0E,
4-0F,1.0,M9 20 mM glucose pH 7.4,0.036,0.0917104980538922,4.0,WT,F,4.0,5975,12.0,0F,
4-0F,2.0,M9 20 mM glucose pH 7.4,0.354,0.6290438313872254,8.0,WT,F,4.0,5763,12.0,0F,
4-0F,3.0,M9 20 mM glucose pH 7.4,0.965,1.8878771647205583,10.0,WT,F,4.0,6195,12.0,0F,
4-0F,4.0,M9 20 mM glucose pH 7.4,1.186,3.0657938313872255,11.0,WT,F,4.0,6479,12.0,0F,
4-0F,5.0,M9 20 mM glucose pH 7.4,1.48,4.3927104980538925,12.0,WT,F,4.0,6607,12.0,0F,
4-0F,6.0,M9 20 mM glucose pH 7.4,1.602,5.968460498053892,13.0,WT,F,4.0,6675,12.0,0F,
4-0F,7.0,M9 20 mM glucose pH 7.4,1.598,7.578960498053892,14.0,WT,F,4.0,7158,12.0,0F,
4-0F,8.0,M9 20 mM glucose pH 7.4,1.586,9.161793831387223,15.0,WT,F,4.0,6975,12.0,0F,
4-0F,9.0,M9 20 mM glucose pH 7.4,1.564,10.73762716472056,16.0,WT,F,4.0,7518,12.0,0F,
4-0F,10.0,M9 20 mM glucose pH 7.4,1.553,16.929085498053894,20.0,WT,F,4.0,7486,12.0,0F,
4-10A,1.0,M9 20 mM glucose pH 7.4,0.035,0.0890347127744511,4.0,emrB,A,4.0,6027,13.0,10A,
4-10A,2.0,M9 20 mM glucose pH 7.4,0.313,0.5690347127744511,8.0,emrB,A,4.0,5987,13.0,10A,
4-10A,3.0,M9 20 mM glucose pH 7.4,0.841,1.6717013794411175,10.0,emrB,A,4.0,6343,13.0,10A,
4-10A,4.0,M9 20 mM glucose pH 7.4,1.088,2.696034712774451,11.0,emrB,A,4.0,6507,13.0,10A,
4-10A,5.0,M9 20 mM glucose pH 7.4,1.372,3.922951379441118,12.0,emrB,A,4.0,6747,13.0,10A,
4-10A,6.0,M9 20 mM glucose pH 7.4,1.487,5.383701379441118,13.0,emrB,A,4.0,6643,13.0,10A,
4-10A,7.0,M9 20 mM glucose pH 7.4,1.555,6.908618046107785,14.0,emrB,A,4.0,7174,13.0,10A,
4-10A,8.0,M9 20 mM glucose pH 7.4,1.528,8.46203471277445,15.0,emrB,A,4.0,7198,13.0,10A,
4-10A,9.0,M9 20 mM glucose pH 7.4,1.508,9.979451379441116,16.0,emrB,A,4.0,7614,13.0,10A,
4-10A,10.0,M9 20 mM glucose pH 7.4,1.433,15.859326379441118,20.0,emrB,A,4.0,7422,13.0,10A,
4-10B,1.0,M9 20 mM glucose pH 7.4,0.035,0.0895381290918163,4.0,emrB,B,4.0,6095,13.0,10B,
4-10B,2.0,M9 20 mM glucose pH 7.4,0.307,0.5628714624251496,8.0,emrB,B,4.0,5827,13.0,10B,
4-10B,3.0,M9 20 mM glucose pH 7.4,0.828,1.6468714624251497,10.0,emrB,B,4.0,6315,13.0,10B,
4-10B,4.0,M9 20 mM glucose pH 7.4,1.079,2.6561214624251495,11.0,emrB,B,4.0,6207,13.0,10B,
4-10B,5.0,M9 20 mM glucose pH 7.4,1.367,3.876038129091816,12.0,emrB,B,4.0,6783,13.0,10B,
4-10B,6.0,M9 20 mM glucose pH 7.4,1.483,5.332788129091815,13.0,emrB,B,4.0,6683,13.0,10B,
4-10B,7.0,M9 20 mM glucose pH 7.4,1.558,6.856704795758482,14.0,emrB,B,4.0,6947,13.0,10B,
4-10B,8.0,M9 20 mM glucose pH 7.4,1.535,8.41612146242515,15.0,emrB,B,4.0,7202,13.0,10B,
4-10B,9.0,M9 20 mM glucose pH 7.4,1.509,9.938371462425147,16.0,emrB,B,4.0,7482,13.0,10B,
4-10B,10.0,M9 20 mM glucose pH 7.4,1.449,15.830288129091816,20.0,emrB,B,4.0,7378,13.0,10B,
4-10C,1.0,M9 20 mM glucose pH 7.4,0.035,0.0929737179141716,4.0,emrB,C,4.0,5867,13.0,10C,
4-10C,2.0,M9 20 mM glucose pH 7.4,0.311,0.5636403845808383,8.0,emrB,C,4.0,5887,13.0,10C,
4-10C,3.0,M9 20 mM glucose pH 7.4,0.818,1.644973717914172,10.0,emrB,C,4.0,6287,13.0,10C,
4-10C,4.0,M9 20 mM glucose pH 7.4,1.057,2.637390384580838,11.0,emrB,C,4.0,6203,13.0,10C,
4-10C,5.0,M9 20 mM glucose pH 7.4,1.35,3.836390384580838,12.0,emrB,C,4.0,6719,13.0,10C,
4-10C,6.0,M9 20 mM glucose pH 7.4,1.464,5.277723717914172,13.0,emrB,C,4.0,6679,13.0,10C,
4-10C,7.0,M9 20 mM glucose pH 7.4,1.552,6.787890384580838,14.0,emrB,C,4.0,7087,13.0,10C,
4-10C,8.0,M9 20 mM glucose pH 7.4,1.541,8.348723717914172,15.0,emrB,C,4.0,7222,13.0,10C,
4-10C,9.0,M9 20 mM glucose pH 7.4,1.524,9.881723717914172,16.0,emrB,C,4.0,7286,13.0,10C,
4-10C,10.0,M9 20 mM glucose pH 7.4,1.429,15.801848717914174,20.0,emrB,C,4.0,7598,13.0,10C,
4-11A,1.0,M9 20 mM glucose pH 7.4,0.033,0.0792281028443113,4.0,galP,A,4.0,6123,12.0,11A,
4-11A,2.0,M9 20 mM glucose pH 7.4,0.341,0.5872281028443114,8.0,galP,A,4.0,5879,12.0,11A,
4-11A,3.0,M9 20 mM glucose pH 7.4,0.918,1.7907281028443114,10.0,galP,A,4.0,6215,12.0,11A,
4-11A,4.0,M9 20 mM glucose pH 7.4,1.162,2.9084781028443114,11.0,galP,A,4.0,6211,12.0,11A,
4-11A,5.0,M9 20 mM glucose pH 7.4,1.4,4.189978102844312,12.0,galP,A,4.0,6603,12.0,11A,
4-11A,6.0,M9 20 mM glucose pH 7.4,1.498,5.661811436177644,13.0,galP,A,4.0,6767,12.0,11A,
4-11A,7.0,M9 20 mM glucose pH 7.4,1.563,7.195061436177644,14.0,galP,A,4.0,6919,12.0,11A,
4-11A,8.0,M9 20 mM glucose pH 7.4,1.546,8.76047810284431,15.0,galP,A,4.0,7194,12.0,11A,
4-11A,9.0,M9 20 mM glucose pH 7.4,1.531,10.298811436177644,16.0,galP,A,4.0,7662,12.0,11A,
4-11A,10.0,M9 20 mM glucose pH 7.4,1.471,16.302978102844307,20.0,galP,A,4.0,7290,12.0,11A,
4-11B,1.0,M9 20 mM glucose pH 7.4,0.035,0.0929863358283433,4.0,galP,B,4.0,5955,12.0,11B,
4-11B,2.0,M9 20 mM glucose pH 7.4,0.368,0.62565300249501,8.0,galP,B,4.0,5979,12.0,11B,
4-11B,3.0,M9 20 mM glucose pH 7.4,0.943,1.88565300249501,10.0,galP,B,4.0,6247,12.0,11B,
4-11B,4.0,M9 20 mM glucose pH 7.4,1.188,3.0234030024950105,11.0,galP,B,4.0,6171,12.0,11B,
4-11B,5.0,M9 20 mM glucose pH 7.4,1.395,4.318069669161678,12.0,galP,B,4.0,6523,12.0,11B,
4-11B,6.0,M9 20 mM glucose pH 7.4,1.505,5.781069669161677,13.0,galP,B,4.0,6695,12.0,11B,
4-11B,7.0,M9 20 mM glucose pH 7.4,1.576,7.324819669161677,14.0,galP,B,4.0,7131,12.0,11B,
4-11B,8.0,M9 20 mM glucose pH 7.4,1.552,8.90140300249501,15.0,galP,B,4.0,7063,12.0,11B,
4-11B,9.0,M9 20 mM glucose pH 7.4,1.525,10.44015300249501,16.0,galP,B,4.0,7594,12.0,11B,
4-11B,10.0,M9 20 mM glucose pH 7.4,1.456,16.38077800249501,20.0,galP,B,4.0,7298,12.0,11B,
4-11C,1.0,M9 20 mM glucose pH 7.4,0.038,0.0931482993013972,4.0,galP,C,4.0,6003,12.0,11C,
4-11C,2.0,M9 20 mM glucose pH 7.4,0.351,0.6218149659680638,8.0,galP,C,4.0,5967,12.0,11C,
4-11C,3.0,M9 20 mM glucose pH 7.4,0.935,1.8521482993013971,10.0,galP,C,4.0,6471,12.0,11C,
4-11C,4.0,M9 20 mM glucose pH 7.4,1.173,2.988814965968064,11.0,galP,C,4.0,6423,12.0,11C,
4-11C,5.0,M9 20 mM glucose pH 7.4,1.385,4.269981632634731,12.0,galP,C,4.0,6547,12.0,11C,
4-11C,6.0,M9 20 mM glucose pH 7.4,1.485,5.721481632634731,13.0,galP,C,4.0,6859,12.0,11C,
4-11C,7.0,M9 20 mM glucose pH 7.4,1.56,7.246064965968064,14.0,galP,C,4.0,7186,12.0,11C,
4-11C,8.0,M9 20 mM glucose pH 7.4,1.549,8.812814965968064,15.0,galP,C,4.0,7071,12.0,11C,
4-11C,9.0,M9 20 mM glucose pH 7.4,1.53,10.35298163263473,16.0,galP,C,4.0,7430,12.0,11C,
4-11C,10.0,M9 20 mM glucose pH 7.4,1.46,16.329064965968065,20.0,galP,C,4.0,7462,12.0,11C,
4-12A,1.0,M9 20 mM glucose pH 7.4,0.032,0.0794971079840319,4.0,pheP,A,4.0,6091,12.0,12A,
4-12A,2.0,M9 20 mM glucose pH 7.4,0.309,0.5468304413173654,8.0,pheP,A,4.0,6011,12.0,12A,
4-12A,3.0,M9 20 mM glucose pH 7.4,0.854,1.655497107984032,10.0,pheP,A,4.0,6467,12.0,12A,
4-12A,4.0,M9 20 mM glucose pH 7.4,1.098,2.700080441317365,11.0,pheP,A,4.0,6303,12.0,12A,
4-12A,5.0,M9 20 mM glucose pH 7.4,1.355,3.925497107984032,12.0,pheP,A,4.0,6591,12.0,12A,
4-12A,6.0,M9 20 mM glucose pH 7.4,1.461,5.359747107984031,13.0,pheP,A,4.0,6703,12.0,12A,
4-12A,7.0,M9 20 mM glucose pH 7.4,1.537,6.861247107984031,14.0,pheP,A,4.0,7242,12.0,12A,
4-12A,8.0,M9 20 mM glucose pH 7.4,1.528,8.405413774650697,15.0,pheP,A,4.0,6927,12.0,12A,
4-12A,9.0,M9 20 mM glucose pH 7.4,1.505,9.923080441317364,16.0,pheP,A,4.0,7642,12.0,12A,
4-12A,10.0,M9 20 mM glucose pH 7.4,1.444,15.80312210798403,20.0,pheP,A,4.0,7658,12.0,12A,
4-12B,1.0,M9 20 mM glucose pH 7.4,0.033,0.0836705243013972,4.0,pheP,B,4.0,5835,12.0,12B,
4-12B,2.0,M9 20 mM glucose pH 7.4,0.361,0.6023371909680638,8.0,pheP,B,4.0,5799,12.0,12B,
4-12B,3.0,M9 20 mM glucose pH 7.4,0.916,1.8310038576347307,10.0,pheP,B,4.0,6323,12.0,12B,
4-12B,4.0,M9 20 mM glucose pH 7.4,1.159,2.934087190968064,11.0,pheP,B,4.0,6335,12.0,12B,
4-12B,5.0,M9 20 mM glucose pH 7.4,1.367,4.20000385763473,12.0,pheP,B,4.0,6799,12.0,12B,
4-12B,6.0,M9 20 mM glucose pH 7.4,1.474,5.634420524301397,13.0,pheP,B,4.0,6819,12.0,12B,
4-12B,7.0,M9 20 mM glucose pH 7.4,1.546,7.147337190968064,14.0,pheP,B,4.0,6951,12.0,12B,
4-12B,8.0,M9 20 mM glucose pH 7.4,1.526,8.695753857634731,15.0,pheP,B,4.0,7055,12.0,12B,
4-12B,9.0,M9 20 mM glucose pH 7.4,1.504,10.210920524301397,16.0,pheP,B,4.0,7538,12.0,12B,
4-12B,10.0,M9 20 mM glucose pH 7.4,1.423,16.060962190968066,20.0,pheP,B,4.0,7502,12.0,12B,
4-12C,1.0,M9 20 mM glucose pH 7.4,0.034,0.0804314929141716,4.0,pheP,C,4.0,6119,12.0,12C,
4-12C,2.0,M9 20 mM glucose pH 7.4,0.354,0.5897648262475049,8.0,pheP,C,4.0,5999,12.0,12C,
4-12C,3.0,M9 20 mM glucose pH 7.4,0.893,1.7902648262475047,10.0,pheP,C,4.0,6395,12.0,12C,
4-12C,4.0,M9 20 mM glucose pH 7.4,1.133,2.864514826247505,11.0,pheP,C,4.0,6391,12.0,12C,
4-12C,5.0,M9 20 mM glucose pH 7.4,1.357,4.110848159580838,12.0,pheP,C,4.0,6831,12.0,12C,
4-12C,6.0,M9 20 mM glucose pH 7.4,1.464,5.539514826247505,13.0,pheP,C,4.0,6551,12.0,12C,
4-12C,7.0,M9 20 mM glucose pH 7.4,1.539,7.043681492914171,14.0,pheP,C,4.0,6999,12.0,12C,
4-12C,8.0,M9 20 mM glucose pH 7.4,1.526,8.58818149291417,15.0,pheP,C,4.0,7107,12.0,12C,
4-12C,9.0,M9 20 mM glucose pH 7.4,1.505,10.104348159580836,16.0,pheP,C,4.0,7394,12.0,12C,
4-12C,10.0,M9 20 mM glucose pH 7.4,1.394,15.91630649291417,20.0,pheP,C,4.0,7494,12.0,12C,
4-13A,1.0,M9 20 mM glucose pH 7.4,0.042,0.0920596608283433,4.0,tdcC,A,4.0,5803,12.0,13A,
4-13A,2.0,M9 20 mM glucose pH 7.4,0.442,0.7613929941616766,8.0,tdcC,A,4.0,6039,12.0,13A,
4-13A,3.0,M9 20 mM glucose pH 7.4,1.149,2.286559660828343,10.0,tdcC,A,4.0,6419,12.0,13A,
4-13A,4.0,M9 20 mM glucose pH 7.4,1.327,3.678142994161677,11.0,tdcC,A,4.0,6475,12.0,13A,
4-13A,5.0,M9 20 mM glucose pH 7.4,1.438,5.06622632749501,12.0,tdcC,A,4.0,6651,12.0,13A,
4-13A,6.0,M9 20 mM glucose pH 7.4,1.506,6.539809660828343,13.0,tdcC,A,4.0,6779,12.0,13A,
4-13A,7.0,M9 20 mM glucose pH 7.4,1.572,8.07897632749501,14.0,tdcC,A,4.0,7170,12.0,13A,
4-13A,8.0,M9 20 mM glucose pH 7.4,1.54,9.651142994161676,15.0,tdcC,A,4.0,6943,12.0,13A,
4-13A,9.0,M9 20 mM glucose pH 7.4,1.512,11.176809660828342,16.0,tdcC,A,4.0,7354,12.0,13A,
4-13A,10.0,M9 20 mM glucose pH 7.4,1.59,17.27822632749501,20.0,tdcC,A,4.0,7522,12.0,13A,
4-13B,1.0,M9 20 mM glucose pH 7.4,0.043,0.0957170429141716,4.0,tdcC,B,4.0,6087,12.0,13B,
4-13B,2.0,M9 20 mM glucose pH 7.4,0.441,0.7703837095808383,8.0,tdcC,B,4.0,5903,12.0,13B,
4-13B,3.0,M9 20 mM glucose pH 7.4,1.107,2.2588837095808385,10.0,tdcC,B,4.0,6183,12.0,13B,
4-13B,4.0,M9 20 mM glucose pH 7.4,1.31,3.5918837095808382,11.0,tdcC,B,4.0,6179,12.0,13B,
4-13B,5.0,M9 20 mM glucose pH 7.4,1.422,4.965467042914172,12.0,tdcC,B,4.0,6891,12.0,13B,
4-13B,6.0,M9 20 mM glucose pH 7.4,1.504,6.425883709580837,13.0,tdcC,B,4.0,6883,12.0,13B,
4-13B,7.0,M9 20 mM glucose pH 7.4,1.55,7.955883709580837,14.0,tdcC,B,4.0,7067,12.0,13B,
4-13B,8.0,M9 20 mM glucose pH 7.4,1.529,9.503550376247505,15.0,tdcC,B,4.0,7007,12.0,13B,
4-13B,9.0,M9 20 mM glucose pH 7.4,1.506,11.02121704291417,16.0,tdcC,B,4.0,7634,12.0,13B,
4-13B,10.0,M9 20 mM glucose pH 7.4,1.457,16.923758709580838,20.0,tdcC,B,4.0,7654,12.0,13B,
4-13C,1.0,M9 20 mM glucose pH 7.4,0.043,0.0912872393712574,4.0,tdcC,C,4.0,6107,12.0,13C,
4-13C,2.0,M9 20 mM glucose pH 7.4,0.419,0.7326205727045908,8.0,tdcC,C,4.0,5907,12.0,13C,
4-13C,3.0,M9 20 mM glucose pH 7.4,1.052,2.147120572704591,10.0,tdcC,C,4.0,6379,12.0,13C,
4-13C,4.0,M9 20 mM glucose pH 7.4,1.276,3.4138705727045906,11.0,tdcC,C,4.0,6251,12.0,13C,
4-13C,5.0,M9 20 mM glucose pH 7.4,1.413,4.765620572704591,12.0,tdcC,C,4.0,6515,12.0,13C,
4-13C,6.0,M9 20 mM glucose pH 7.4,1.487,6.21887057270459,13.0,tdcC,C,4.0,6579,12.0,13C,
4-13C,7.0,M9 20 mM glucose pH 7.4,1.544,7.735787239371257,14.0,tdcC,C,4.0,7079,12.0,13C,
4-13C,8.0,M9 20 mM glucose pH 7.4,1.534,9.284537239371256,15.0,tdcC,C,4.0,6983,12.0,13C,
4-13C,9.0,M9 20 mM glucose pH 7.4,1.505,10.80562057270459,16.0,tdcC,C,4.0,7418,12.0,13C,
4-13C,10.0,M9 20 mM glucose pH 7.4,1.458,16.69266223937126,20.0,tdcC,C,4.0,7382,12.0,13C,
4-14A,1.0,M9 20 mM glucose pH 7.4,0.031,0.0851901313872255,4.0,dcuA,A,4.0,5811,12.0,14A,
4-14A,2.0,M9 20 mM glucose pH 7.4,0.304,0.5458567980538922,8.0,dcuA,A,4.0,6019,12.0,14A,
4-14A,3.0,M9 20 mM glucose pH 7.4,0.783,1.5888567980538923,10.0,dcuA,A,4.0,6227,12.0,14A,
4-14A,4.0,M9 20 mM glucose pH 7.4,1.02,2.5356067980538923,11.0,dcuA,A,4.0,6147,12.0,14A,
4-14A,5.0,M9 20 mM glucose pH 7.4,1.272,3.680356798053892,12.0,dcuA,A,4.0,6879,12.0,14A,
4-14A,6.0,M9 20 mM glucose pH 7.4,1.405,5.039940131387226,13.0,dcuA,A,4.0,6835,12.0,14A,
4-14A,7.0,M9 20 mM glucose pH 7.4,1.475,6.485190131387226,14.0,dcuA,A,4.0,7206,12.0,14A,
4-14A,8.0,M9 20 mM glucose pH 7.4,1.451,7.958606798053893,15.0,dcuA,A,4.0,7103,12.0,14A,
4-14A,9.0,M9 20 mM glucose pH 7.4,1.465,9.413440131387226,16.0,dcuA,A,4.0,7414,12.0,14A,
4-14A,10.0,M9 20 mM glucose pH 7.4,1.401,15.213606798053892,20.0,dcuA,A,4.0,7650,12.0,14A,
4-14B,1.0,M9 20 mM glucose pH 7.4,0.03,0.0810293329840319,4.0,dcuA,B,4.0,5771,12.0,14B,
4-14B,2.0,M9 20 mM glucose pH 7.4,0.316,0.5543626663173652,8.0,dcuA,B,4.0,5839,12.0,14B,
4-14B,3.0,M9 20 mM glucose pH 7.4,0.816,1.6405293329840318,10.0,dcuA,B,4.0,6151,12.0,14B,
4-14B,4.0,M9 20 mM glucose pH 7.4,1.048,2.627362666317365,11.0,dcuA,B,4.0,6187,12.0,14B,
4-14B,5.0,M9 20 mM glucose pH 7.4,1.302,3.800529332984031,12.0,dcuA,B,4.0,6671,12.0,14B,
4-14B,6.0,M9 20 mM glucose pH 7.4,1.402,5.180029332984032,13.0,dcuA,B,4.0,6715,12.0,14B,
4-14B,7.0,M9 20 mM glucose pH 7.4,1.461,6.614945999650698,14.0,dcuA,B,4.0,7274,12.0,14B,
4-14B,8.0,M9 20 mM glucose pH 7.4,1.495,8.093695999650699,15.0,dcuA,B,4.0,7051,12.0,14B,
4-14B,9.0,M9 20 mM glucose pH 7.4,1.468,9.580279332984032,16.0,dcuA,B,4.0,7438,12.0,14B,
4-14B,10.0,M9 20 mM glucose pH 7.4,1.388,15.272029332984031,20.0,dcuA,B,4.0,7314,12.0,14B,
4-14C,1.0,M9 20 mM glucose pH 7.4,0.04,0.0994940845808383,4.0,dcuA,C,4.0,5851,12.0,14C,
4-14C,2.0,M9 20 mM glucose pH 7.4,0.332,0.6061607512475049,8.0,dcuA,C,4.0,6099,12.0,14C,
4-14C,3.0,M9 20 mM glucose pH 7.4,0.799,1.6984940845808385,10.0,dcuA,C,4.0,6155,12.0,14C,
4-14C,4.0,M9 20 mM glucose pH 7.4,1.029,2.6529107512475054,11.0,dcuA,C,4.0,6163,12.0,14C,
4-14C,5.0,M9 20 mM glucose pH 7.4,1.295,3.8119107512475057,12.0,dcuA,C,4.0,6807,12.0,14C,
4-14C,6.0,M9 20 mM glucose pH 7.4,1.443,5.203577417914172,13.0,dcuA,C,4.0,6743,12.0,14C,
4-14C,7.0,M9 20 mM glucose pH 7.4,1.431,6.653910751247505,14.0,dcuA,C,4.0,6907,12.0,14C,
4-14C,8.0,M9 20 mM glucose pH 7.4,1.466,8.081244084580838,15.0,dcuA,C,4.0,7035,12.0,14C,
4-14C,9.0,M9 20 mM glucose pH 7.4,1.475,9.553910751247503,16.0,dcuA,C,4.0,7586,12.0,14C,
4-14C,10.0,M9 20 mM glucose pH 7.4,1.342,15.277285751247504,20.0,dcuA,C,4.0,7610,12.0,14C,
4-1A,1.0,M9 20 mM glucose pH 7.4,0.028,0.0766467413173652,4.0,rhtC,A,4.0,5931,15.0,1A,
4-1A,2.0,M9 20 mM glucose pH 7.4,0.184,0.3806467413173652,8.0,rhtC,A,4.0,5871,15.0,1A,
4-1A,3.0,M9 20 mM glucose pH 7.4,0.441,0.983313407984032,10.0,rhtC,A,4.0,6259,15.0,1A,
4-1A,4.0,M9 20 mM glucose pH 7.4,0.614,1.5108967413173653,11.0,rhtC,A,4.0,6403,15.0,1A,
4-1A,5.0,M9 20 mM glucose pH 7.4,0.879,2.2497300746506985,12.0,rhtC,A,4.0,6663,15.0,1A,
4-1A,6.0,M9 20 mM glucose pH 7.4,1.12,3.2608967413173655,13.0,rhtC,A,4.0,6531,15.0,1A,
4-1A,7.0,M9 20 mM glucose pH 7.4,1.361,4.5013967413173654,14.0,rhtC,A,4.0,7115,15.0,1A,
4-1A,8.0,M9 20 mM glucose pH 7.4,1.483,5.943230074650699,15.0,rhtC,A,4.0,7270,15.0,1A,
4-1A,9.0,M9 20 mM glucose pH 7.4,1.509,7.447230074650699,16.0,rhtC,A,4.0,7554,15.0,1A,
4-1A,10.0,M9 20 mM glucose pH 7.4,1.432,13.419271741317363,20.0,rhtC,A,4.0,7622,15.0,1A,
4-1B,1.0,M9 20 mM glucose pH 7.4,0.03,0.0834959429141716,4.0,rhtC,B,4.0,5911,15.0,1B,
4-1B,2.0,M9 20 mM glucose pH 7.4,0.199,0.4121626095808383,8.0,rhtC,B,4.0,5915,15.0,1B,
4-1B,3.0,M9 20 mM glucose pH 7.4,0.453,1.0439959429141716,10.0,rhtC,B,4.0,6263,15.0,1B,
4-1B,4.0,M9 20 mM glucose pH 7.4,0.629,1.5806626095808385,11.0,rhtC,B,4.0,6383,15.0,1B,
4-1B,5.0,M9 20 mM glucose pH 7.4,0.898,2.3364126095808384,12.0,rhtC,B,4.0,6803,15.0,1B,
4-1B,6.0,M9 20 mM glucose pH 7.4,1.128,3.363662609580838,13.0,rhtC,B,4.0,6647,15.0,1B,
4-1B,7.0,M9 20 mM glucose pH 7.4,1.353,4.604579276247504,14.0,rhtC,B,4.0,7015,15.0,1B,
4-1B,8.0,M9 20 mM glucose pH 7.4,1.475,6.035329276247505,15.0,rhtC,B,4.0,7139,15.0,1B,
4-1B,9.0,M9 20 mM glucose pH 7.4,1.51,7.535079276247504,16.0,rhtC,B,4.0,7530,15.0,1B,
4-1B,10.0,M9 20 mM glucose pH 7.4,1.423,13.516787609580838,20.0,rhtC,B,4.0,7426,15.0,1B,
4-1C,1.0,M9 20 mM glucose pH 7.4,0.029,0.0808201576347305,4.0,rhtC,C,4.0,5843,15.0,1C,
4-1C,2.0,M9 20 mM glucose pH 7.4,0.183,0.3794868243013972,8.0,rhtC,C,4.0,6067,15.0,1C,
4-1C,3.0,M9 20 mM glucose pH 7.4,0.419,0.9628201576347304,10.0,rhtC,C,4.0,6499,15.0,1C,
4-1C,4.0,M9 20 mM glucose pH 7.4,0.575,1.4594868243013972,11.0,rhtC,C,4.0,6255,15.0,1C,
4-1C,5.0,M9 20 mM glucose pH 7.4,0.827,2.152486824301397,12.0,rhtC,C,4.0,6575,15.0,1C,
4-1C,6.0,M9 20 mM glucose pH 7.4,1.048,3.103153490968064,13.0,rhtC,C,4.0,6635,15.0,1C,
4-1C,7.0,M9 20 mM glucose pH 7.4,1.292,4.271236824301397,14.0,rhtC,C,4.0,7031,15.0,1C,
4-1C,8.0,M9 20 mM glucose pH 7.4,1.429,5.651486824301397,15.0,rhtC,C,4.0,6987,15.0,1C,
4-1C,9.0,M9 20 mM glucose pH 7.4,1.513,7.126903490968064,16.0,rhtC,C,4.0,7338,15.0,1C,
4-1C,10.0,M9 20 mM glucose pH 7.4,1.418,13.21794515763473,20.0,rhtC,C,4.0,7334,15.0,1C,
4-2A,1.0,M9 20 mM glucose pH 7.4,0.032,0.0834361131237525,4.0,dppB,A,4.0,6035,20.0,2A,
4-2A,2.0,M9 20 mM glucose pH 7.4,0.097,0.2974361131237525,8.0,dppB,A,4.0,5983,20.0,2A,
4-2A,3.0,M9 20 mM glucose pH 7.4,0.131,0.5279361131237525,10.0,dppB,A,4.0,6235,20.0,2A,
4-2A,4.0,M9 20 mM glucose pH 7.4,0.15,0.6649361131237526,11.0,dppB,A,4.0,6415,20.0,2A,
4-2A,5.0,M9 20 mM glucose pH 7.4,0.187,0.8319361131237526,12.0,dppB,A,4.0,6631,20.0,2A,
4-2A,6.0,M9 20 mM glucose pH 7.4,0.212,1.0349361131237529,13.0,dppB,A,4.0,6595,20.0,2A,
4-2A,7.0,M9 20 mM glucose pH 7.4,0.237,1.2594361131237526,14.0,dppB,A,4.0,7151,20.0,2A,
4-2A,8.0,M9 20 mM glucose pH 7.4,0.245,1.503269446457086,15.0,dppB,A,4.0,7254,20.0,2A,
4-2A,9.0,M9 20 mM glucose pH 7.4,0.247,1.749769446457086,16.0,dppB,A,4.0,7342,20.0,2A,
4-2A,10.0,M9 20 mM glucose pH 7.4,0.313,2.837852779790419,20.0,dppB,A,4.0,7630,20.0,2A,
4-2B,1.0,M9 20 mM glucose pH 7.4,0.029,0.0758869377744511,4.0,dppB,B,4.0,6055,20.0,2B,
4-2B,2.0,M9 20 mM glucose pH 7.4,0.093,0.2852202711077844,8.0,dppB,B,4.0,5855,20.0,2B,
4-2B,3.0,M9 20 mM glucose pH 7.4,0.136,0.5145536044411178,10.0,dppB,B,4.0,6319,20.0,2B,
4-2B,4.0,M9 20 mM glucose pH 7.4,0.152,0.6609702711077845,11.0,dppB,B,4.0,6283,20.0,2B,
4-2B,5.0,M9 20 mM glucose pH 7.4,0.188,0.8293036044411178,12.0,dppB,B,4.0,6611,20.0,2B,
4-2B,6.0,M9 20 mM glucose pH 7.4,0.214,1.0336369377744512,13.0,dppB,B,4.0,6839,20.0,2B,
4-2B,7.0,M9 20 mM glucose pH 7.4,0.246,1.2631369377744512,14.0,dppB,B,4.0,7262,20.0,2B,
4-2B,8.0,M9 20 mM glucose pH 7.4,0.255,1.5179702711077845,15.0,dppB,B,4.0,7234,20.0,2B,
4-2B,9.0,M9 20 mM glucose pH 7.4,0.262,1.776636937774451,16.0,dppB,B,4.0,7322,20.0,2B,
4-2B,10.0,M9 20 mM glucose pH 7.4,0.35,2.9679702711077844,20.0,dppB,B,4.0,7566,20.0,2B,
4-2C,1.0,M9 20 mM glucose pH 7.4,0.03,0.0775811262475049,4.0,dppB,C,4.0,5895,20.0,2C,
4-2C,2.0,M9 20 mM glucose pH 7.4,0.097,0.2929144595808383,8.0,dppB,C,4.0,5943,20.0,2C,
4-2C,3.0,M9 20 mM glucose pH 7.4,0.132,0.5240811262475049,10.0,dppB,C,4.0,6295,20.0,2C,
4-2C,4.0,M9 20 mM glucose pH 7.4,0.15,0.6626644595808383,11.0,dppB,C,4.0,6239,20.0,2C,
4-2C,5.0,M9 20 mM glucose pH 7.4,0.184,0.8283311262475049,12.0,dppB,C,4.0,6731,20.0,2C,
4-2C,6.0,M9 20 mM glucose pH 7.4,0.206,1.0266644595808383,13.0,dppB,C,4.0,6655,20.0,2C,
4-2C,7.0,M9 20 mM glucose pH 7.4,0.236,1.2469977929141716,14.0,dppB,C,4.0,7210,20.0,2C,
4-2C,8.0,M9 20 mM glucose pH 7.4,0.246,1.4919977929141717,15.0,dppB,C,4.0,7059,20.0,2C,
4-2C,9.0,M9 20 mM glucose pH 7.4,0.255,1.742581126247505,16.0,dppB,C,4.0,7570,20.0,2C,
4-2C,10.0,M9 20 mM glucose pH 7.4,0.336,2.9001227929141717,20.0,dppB,C,4.0,7478,20.0,2C,
4-3A,1.0,M9 20 mM glucose pH 7.4,0.034,0.0814257076347305,4.0,dctA,A,4.0,5875,13.0,3A,
4-3A,2.0,M9 20 mM glucose pH 7.4,0.323,0.556759040968064,8.0,dctA,A,4.0,6075,13.0,3A,
4-3A,3.0,M9 20 mM glucose pH 7.4,0.817,1.6534257076347307,10.0,dctA,A,4.0,6463,13.0,3A,
4-3A,4.0,M9 20 mM glucose pH 7.4,1.078,2.637259040968064,11.0,dctA,A,4.0,6243,13.0,3A,
4-3A,5.0,M9 20 mM glucose pH 7.4,1.35,3.850342374301398,12.0,dctA,A,4.0,6855,13.0,3A,
4-3A,6.0,M9 20 mM glucose pH 7.4,1.439,5.276259040968064,13.0,dctA,A,4.0,6739,13.0,3A,
4-3A,7.0,M9 20 mM glucose pH 7.4,1.534,6.762259040968064,14.0,dctA,A,4.0,7119,13.0,3A,
4-3A,8.0,M9 20 mM glucose pH 7.4,1.551,8.318259040968064,15.0,dctA,A,4.0,7154,13.0,3A,
4-3A,9.0,M9 20 mM glucose pH 7.4,1.524,9.859425707634731,16.0,dctA,A,4.0,7474,13.0,3A,
4-3A,10.0,M9 20 mM glucose pH 7.4,1.452,15.788259040968065,20.0,dctA,A,4.0,7574,13.0,3A,
4-3B,1.0,M9 20 mM glucose pH 7.4,0.035,0.0915013227045908,4.0,dctA,B,4.0,5923,13.0,3B,
4-3B,2.0,M9 20 mM glucose pH 7.4,0.316,0.5655013227045909,8.0,dctA,B,4.0,5807,13.0,3B,
4-3B,3.0,M9 20 mM glucose pH 7.4,0.805,1.6426679893712577,10.0,dctA,B,4.0,6131,13.0,3B,
4-3B,4.0,M9 20 mM glucose pH 7.4,1.064,2.6137513227045908,11.0,dctA,B,4.0,6279,13.0,3B,
4-3B,5.0,M9 20 mM glucose pH 7.4,1.339,3.813917989371258,12.0,dctA,B,4.0,6571,13.0,3B,
4-3B,6.0,M9 20 mM glucose pH 7.4,1.399,5.220084656037924,13.0,dctA,B,4.0,6707,13.0,3B,
4-3B,7.0,M9 20 mM glucose pH 7.4,1.534,6.680334656037925,14.0,dctA,B,4.0,7266,13.0,3B,
4-3B,8.0,M9 20 mM glucose pH 7.4,1.558,8.251084656037925,15.0,dctA,B,4.0,7095,13.0,3B,
4-3B,9.0,M9 20 mM glucose pH 7.4,1.527,9.798167989371258,16.0,dctA,B,4.0,7626,13.0,3B,
4-3B,10.0,M9 20 mM glucose pH 7.4,1.437,15.703167989371256,20.0,dctA,B,4.0,7582,13.0,3B,
4-3C,1.0,M9 20 mM glucose pH 7.4,0.033,0.0866279326347305,4.0,dctA,C,4.0,5859,13.0,3C,
4-3C,2.0,M9 20 mM glucose pH 7.4,0.332,0.5672945993013973,8.0,dctA,C,4.0,6063,13.0,3C,
4-3C,3.0,M9 20 mM glucose pH 7.4,0.789,1.6526279326347306,10.0,dctA,C,4.0,6447,13.0,3C,
4-3C,4.0,M9 20 mM glucose pH 7.4,1.04,2.5915445993013972,11.0,dctA,C,4.0,6135,13.0,3C,
4-3C,5.0,M9 20 mM glucose pH 7.4,1.317,3.7678779326347303,12.0,dctA,C,4.0,6751,13.0,3C,
4-3C,6.0,M9 20 mM glucose pH 7.4,1.417,5.166544599301397,13.0,dctA,C,4.0,6795,13.0,3C,
4-3C,7.0,M9 20 mM glucose pH 7.4,1.504,6.62812793263473,14.0,dctA,C,4.0,7123,13.0,3C,
4-3C,8.0,M9 20 mM glucose pH 7.4,1.554,8.162211265968065,15.0,dctA,C,4.0,7278,13.0,3C,
4-3C,9.0,M9 20 mM glucose pH 7.4,1.523,9.707461265968064,16.0,dctA,C,4.0,7330,13.0,3C,
4-3C,10.0,M9 20 mM glucose pH 7.4,1.431,15.591377932634732,20.0,dctA,C,4.0,7470,13.0,3C,
4-4A,1.0,M9 20 mM glucose pH 7.4,0.036,0.0858082993013972,4.0,gltS,A,4.0,5795,13.0,4A,
4-4A,2.0,M9 20 mM glucose pH 7.4,0.373,0.6118082993013971,8.0,gltS,A,4.0,5815,13.0,4A,
4-4A,3.0,M9 20 mM glucose pH 7.4,0.878,1.824974965968064,10.0,gltS,A,4.0,6359,13.0,4A,
4-4A,4.0,M9 20 mM glucose pH 7.4,1.134,2.867058299301397,11.0,gltS,A,4.0,6271,13.0,4A,
4-4A,5.0,M9 20 mM glucose pH 7.4,1.372,4.121558299301397,12.0,gltS,A,4.0,6667,13.0,4A,
4-4A,6.0,M9 20 mM glucose pH 7.4,1.466,5.563058299301397,13.0,gltS,A,4.0,6587,13.0,4A,
4-4A,7.0,M9 20 mM glucose pH 7.4,1.551,7.072308299301397,14.0,gltS,A,4.0,7166,13.0,4A,
4-4A,8.0,M9 20 mM glucose pH 7.4,1.553,8.63739163263473,15.0,gltS,A,4.0,7027,13.0,4A,
4-4A,9.0,M9 20 mM glucose pH 7.4,1.523,10.178058299301396,16.0,gltS,A,4.0,7402,13.0,4A,
4-4A,10.0,M9 20 mM glucose pH 7.4,1.434,16.07259996596806,20.0,gltS,A,4.0,7602,13.0,4A,
4-4B,1.0,M9 20 mM glucose pH 7.4,0.037,0.0914541108283433,4.0,gltS,B,4.0,5899,13.0,4B,
4-4B,2.0,M9 20 mM glucose pH 7.4,0.364,0.6094541108283432,8.0,gltS,B,4.0,5779,13.0,4B,
4-4B,3.0,M9 20 mM glucose pH 7.4,0.884,1.8157874441616768,10.0,gltS,B,4.0,6139,13.0,4B,
4-4B,4.0,M9 20 mM glucose pH 7.4,1.138,2.8714541108283433,11.0,gltS,B,4.0,6363,13.0,4B,
4-4B,5.0,M9 20 mM glucose pH 7.4,1.384,4.1331207774950105,12.0,gltS,B,4.0,6759,13.0,4B,
4-4B,6.0,M9 20 mM glucose pH 7.4,1.45,5.579454110828342,13.0,gltS,B,4.0,6763,13.0,4B,
4-4B,7.0,M9 20 mM glucose pH 7.4,1.556,7.0791207774950085,14.0,gltS,B,4.0,7226,13.0,4B,
4-4B,8.0,M9 20 mM glucose pH 7.4,1.564,8.658787444161675,15.0,gltS,B,4.0,7214,13.0,4B,
4-4B,9.0,M9 20 mM glucose pH 7.4,1.534,10.21095411082834,16.0,gltS,B,4.0,7318,13.0,4B,
4-4B,10.0,M9 20 mM glucose pH 7.4,1.41,16.09795411082834,20.0,gltS,B,4.0,7534,13.0,4B,
4-4C,1.0,M9 20 mM glucose pH 7.4,0.033,0.0831671079840319,4.0,gltS,C,4.0,5863,13.0,4C,
4-4C,2.0,M9 20 mM glucose pH 7.4,0.344,0.5718337746506986,8.0,gltS,C,4.0,5759,13.0,4C,
4-4C,3.0,M9 20 mM glucose pH 7.4,0.852,1.725667107984032,10.0,gltS,C,4.0,6339,13.0,4C,
4-4C,4.0,M9 20 mM glucose pH 7.4,1.109,2.7468337746506983,11.0,gltS,C,4.0,6371,13.0,4C,
4-4C,5.0,M9 20 mM glucose pH 7.4,1.356,3.980167107984032,12.0,gltS,C,4.0,6823,13.0,4C,
4-4C,6.0,M9 20 mM glucose pH 7.4,1.451,5.408167107984031,13.0,gltS,C,4.0,6623,13.0,4C,
4-4C,7.0,M9 20 mM glucose pH 7.4,1.526,6.898333774650698,14.0,gltS,C,4.0,6967,13.0,4C,
4-4C,8.0,M9 20 mM glucose pH 7.4,1.556,8.44516710798403,15.0,gltS,C,4.0,7218,13.0,4C,
4-4C,9.0,M9 20 mM glucose pH 7.4,1.534,9.994500441317363,16.0,gltS,C,4.0,7526,13.0,4C,
4-4C,10.0,M9 20 mM glucose pH 7.4,1.418,15.909333774650698,20.0,gltS,C,4.0,7466,13.0,4C,
4-5A,1.0,M9 20 mM glucose pH 7.4,0.035,0.0875623175648702,4.0,mtr,A,4.0,5847,13.0,5A,
4-5A,2.0,M9 20 mM glucose pH 7.4,0.345,0.5755623175648703,8.0,mtr,A,4.0,5747,13.0,5A,
4-5A,3.0,M9 20 mM glucose pH 7.4,0.85,1.7292289842315371,10.0,mtr,A,4.0,6299,13.0,5A,
4-5A,4.0,M9 20 mM glucose pH 7.4,1.11,2.7468123175648698,11.0,mtr,A,4.0,6159,13.0,5A,
4-5A,5.0,M9 20 mM glucose pH 7.4,1.373,3.9880623175648697,12.0,mtr,A,4.0,6583,13.0,5A,
4-5A,6.0,M9 20 mM glucose pH 7.4,1.464,5.435478984231537,13.0,mtr,A,4.0,6527,13.0,5A,
4-5A,7.0,M9 20 mM glucose pH 7.4,1.554,6.94456231756487,14.0,mtr,A,4.0,6939,13.0,5A,
4-5A,8.0,M9 20 mM glucose pH 7.4,1.557,8.514478984231538,15.0,mtr,A,4.0,7023,13.0,5A,
4-5A,9.0,M9 20 mM glucose pH 7.4,1.54,10.064645650898203,16.0,mtr,A,4.0,7406,13.0,5A,
4-5A,10.0,M9 20 mM glucose pH 7.4,1.464,16.075312317564872,20.0,mtr,A,4.0,7542,13.0,5A,
4-5B,1.0,M9 20 mM glucose pH 7.4,0.035,0.0875623175648702,4.0,mtr,B,4.0,5991,13.0,5B,
4-5B,2.0,M9 20 mM glucose pH 7.4,0.335,0.5742289842315369,8.0,mtr,B,4.0,6111,13.0,5B,
4-5B,3.0,M9 20 mM glucose pH 7.4,0.843,1.7083956508982037,10.0,mtr,B,4.0,6327,13.0,5B,
4-5B,4.0,M9 20 mM glucose pH 7.4,1.114,2.722228984231537,11.0,mtr,B,4.0,6375,13.0,5B,
4-5B,5.0,M9 20 mM glucose pH 7.4,1.376,3.967978984231537,12.0,mtr,B,4.0,6847,13.0,5B,
4-5B,6.0,M9 20 mM glucose pH 7.4,1.462,5.41556231756487,13.0,mtr,B,4.0,6811,13.0,5B,
4-5B,7.0,M9 20 mM glucose pH 7.4,1.557,6.92431231756487,14.0,mtr,B,4.0,7190,13.0,5B,
4-5B,8.0,M9 20 mM glucose pH 7.4,1.559,8.498562317564868,15.0,mtr,B,4.0,7147,13.0,5B,
4-5B,9.0,M9 20 mM glucose pH 7.4,1.531,10.046062317564868,16.0,mtr,B,4.0,7558,13.0,5B,
4-5B,10.0,M9 20 mM glucose pH 7.4,1.457,15.998978984231536,20.0,mtr,B,4.0,7666,13.0,5B,
4-5C,1.0,M9 20 mM glucose pH 7.4,0.034,0.0878313227045908,4.0,mtr,C,4.0,6103,13.0,5C,
4-5C,2.0,M9 20 mM glucose pH 7.4,0.333,0.5698313227045909,8.0,mtr,C,4.0,6071,13.0,5C,
4-5C,3.0,M9 20 mM glucose pH 7.4,0.816,1.6789979893712577,10.0,mtr,C,4.0,6407,13.0,5C,
4-5C,4.0,M9 20 mM glucose pH 7.4,1.071,2.655581322704591,11.0,mtr,C,4.0,6307,13.0,5C,
4-5C,5.0,M9 20 mM glucose pH 7.4,1.354,3.8657479893712576,12.0,mtr,C,4.0,6511,13.0,5C,
4-5C,6.0,M9 20 mM glucose pH 7.4,1.452,5.3019146560379244,13.0,mtr,C,4.0,6875,13.0,5C,
4-5C,7.0,M9 20 mM glucose pH 7.4,1.532,6.7954146560379245,14.0,mtr,C,4.0,7043,13.0,5C,
4-5C,8.0,M9 20 mM glucose pH 7.4,1.561,8.348914656037923,15.0,mtr,C,4.0,7246,13.0,5C,
4-5C,9.0,M9 20 mM glucose pH 7.4,1.538,9.902747989371257,16.0,mtr,C,4.0,7346,13.0,5C,
4-5C,10.0,M9 20 mM glucose pH 7.4,1.45,15.872247989371257,20.0,mtr,C,4.0,7510,13.0,5C,
4-6A,1.0,M9 20 mM glucose pH 7.4,0.039,0.0978125140219561,4.0,ugpA,A,4.0,5819,13.0,6A,
4-6A,2.0,M9 20 mM glucose pH 7.4,0.37,0.6344791806886227,8.0,ugpA,A,4.0,5767,13.0,6A,
4-6A,3.0,M9 20 mM glucose pH 7.4,0.893,1.8554791806886228,10.0,ugpA,A,4.0,6331,13.0,6A,
4-6A,4.0,M9 20 mM glucose pH 7.4,1.168,2.9212291806886226,11.0,ugpA,A,4.0,6411,13.0,6A,
4-6A,5.0,M9 20 mM glucose pH 7.4,1.403,4.210062514021956,12.0,ugpA,A,4.0,6687,13.0,6A,
4-6A,6.0,M9 20 mM glucose pH 7.4,1.498,5.680562514021956,13.0,ugpA,A,4.0,6543,13.0,6A,
4-6A,7.0,M9 20 mM glucose pH 7.4,1.591,7.225229180688622,14.0,ugpA,A,4.0,7143,13.0,6A,
4-6A,8.0,M9 20 mM glucose pH 7.4,1.569,8.824229180688622,15.0,ugpA,A,4.0,7230,13.0,6A,
4-6A,9.0,M9 20 mM glucose pH 7.4,1.539,10.378895847355288,16.0,ugpA,A,4.0,7458,13.0,6A,
4-6A,10.0,M9 20 mM glucose pH 7.4,1.453,16.343812514021955,20.0,ugpA,A,4.0,7618,13.0,6A,
4-6B,1.0,M9 20 mM glucose pH 7.4,0.037,0.0865208909680638,4.0,ugpA,B,4.0,6079,13.0,6B,
4-6B,2.0,M9 20 mM glucose pH 7.4,0.356,0.6151875576347305,8.0,ugpA,B,4.0,6007,13.0,6B,
4-6B,3.0,M9 20 mM glucose pH 7.4,0.904,1.826520890968064,10.0,ugpA,B,4.0,6427,13.0,6B,
4-6B,4.0,M9 20 mM glucose pH 7.4,1.186,2.9161875576347307,11.0,ugpA,B,4.0,6443,13.0,6B,
4-6B,5.0,M9 20 mM glucose pH 7.4,1.374,4.2040208909680645,12.0,ugpA,B,4.0,6827,13.0,6B,
4-6B,6.0,M9 20 mM glucose pH 7.4,1.492,5.640854224301397,13.0,ugpA,B,4.0,6659,13.0,6B,
4-6B,7.0,M9 20 mM glucose pH 7.4,1.587,7.182270890968064,14.0,ugpA,B,4.0,7250,13.0,6B,
4-6B,8.0,M9 20 mM glucose pH 7.4,1.572,8.77818755763473,15.0,ugpA,B,4.0,6935,13.0,6B,
4-6B,9.0,M9 20 mM glucose pH 7.4,1.533,10.332687557634731,16.0,ugpA,B,4.0,7310,13.0,6B,
4-6B,10.0,M9 20 mM glucose pH 7.4,1.451,16.258604224301394,20.0,ugpA,B,4.0,7366,13.0,6B,
4-6C,1.0,M9 20 mM glucose pH 7.4,0.036,0.0867898961077844,4.0,ugpA,C,4.0,5963,13.0,6C,
4-6C,2.0,M9 20 mM glucose pH 7.4,0.335,0.5981232294411177,8.0,ugpA,C,4.0,6115,13.0,6C,
4-6C,3.0,M9 20 mM glucose pH 7.4,0.864,1.7482898961077842,10.0,ugpA,C,4.0,6495,13.0,6C,
4-6C,4.0,M9 20 mM glucose pH 7.4,1.122,2.793373229441118,11.0,ugpA,C,4.0,6223,13.0,6C,
4-6C,5.0,M9 20 mM glucose pH 7.4,1.397,4.051456562774451,12.0,ugpA,C,4.0,6563,13.0,6C,
4-6C,6.0,M9 20 mM glucose pH 7.4,1.48,5.523373229441118,13.0,ugpA,C,4.0,6755,13.0,6C,
4-6C,7.0,M9 20 mM glucose pH 7.4,1.569,7.047373229441118,14.0,ugpA,C,4.0,6991,13.0,6C,
4-6C,8.0,M9 20 mM glucose pH 7.4,1.575,8.633706562774451,15.0,ugpA,C,4.0,6915,13.0,6C,
4-6C,9.0,M9 20 mM glucose pH 7.4,1.547,10.197539896107784,16.0,ugpA,C,4.0,7326,13.0,6C,
4-6C,10.0,M9 20 mM glucose pH 7.4,1.453,16.184956562774452,20.0,ugpA,C,4.0,7578,13.0,6C,
4-7A,1.0,M9 20 mM glucose pH 7.4,0.036,0.0897346865269461,4.0,uhpT,A,4.0,5823,13.0,7A,
4-7A,2.0,M9 20 mM glucose pH 7.4,0.331,0.611734686526946,8.0,uhpT,A,4.0,5831,13.0,7A,
4-7A,3.0,M9 20 mM glucose pH 7.4,0.893,1.7799013531936128,10.0,uhpT,A,4.0,6451,13.0,7A,
4-7A,4.0,M9 20 mM glucose pH 7.4,1.149,2.869234686526946,11.0,uhpT,A,4.0,6503,13.0,7A,
4-7A,5.0,M9 20 mM glucose pH 7.4,1.395,4.14206801986028,12.0,uhpT,A,4.0,6627,13.0,7A,
4-7A,6.0,M9 20 mM glucose pH 7.4,1.497,5.611234686526946,13.0,uhpT,A,4.0,6539,13.0,7A,
4-7A,7.0,M9 20 mM glucose pH 7.4,1.58,7.1513180198602795,14.0,uhpT,A,4.0,7003,13.0,7A,
4-7A,8.0,M9 20 mM glucose pH 7.4,1.548,8.732901353193613,15.0,uhpT,A,4.0,7099,13.0,7A,
4-7A,9.0,M9 20 mM glucose pH 7.4,1.519,10.266151353193614,16.0,uhpT,A,4.0,7454,13.0,7A,
4-7A,10.0,M9 20 mM glucose pH 7.4,1.444,16.170193019860278,20.0,uhpT,A,4.0,7386,13.0,7A,
4-7B,1.0,M9 20 mM glucose pH 7.4,0.037,0.0875024877744511,4.0,uhpT,B,4.0,6023,13.0,7B,
4-7B,2.0,M9 20 mM glucose pH 7.4,0.337,0.5981691544411177,8.0,uhpT,B,4.0,5775,13.0,7B,
4-7B,3.0,M9 20 mM glucose pH 7.4,0.868,1.754502487774451,10.0,uhpT,B,4.0,6291,13.0,7B,
4-7B,4.0,M9 20 mM glucose pH 7.4,1.137,2.8039191544411177,11.0,uhpT,B,4.0,6355,13.0,7B,
4-7B,5.0,M9 20 mM glucose pH 7.4,1.386,4.067085821107785,12.0,uhpT,B,4.0,6599,13.0,7B,
4-7B,6.0,M9 20 mM glucose pH 7.4,1.484,5.525585821107784,13.0,uhpT,B,4.0,6519,13.0,7B,
4-7B,7.0,M9 20 mM glucose pH 7.4,1.566,7.0519191544411175,14.0,uhpT,B,4.0,7083,13.0,7B,
4-7B,8.0,M9 20 mM glucose pH 7.4,1.551,8.62525248777445,15.0,uhpT,B,4.0,6903,13.0,7B,
4-7B,9.0,M9 20 mM glucose pH 7.4,1.515,10.160002487774449,16.0,uhpT,B,4.0,7562,13.0,7B,
4-7B,10.0,M9 20 mM glucose pH 7.4,1.444,16.036710821107782,20.0,uhpT,B,4.0,7446,13.0,7B,
4-7C,1.0,M9 20 mM glucose pH 7.4,0.033,0.0821855111776447,4.0,uhpT,C,4.0,5995,13.0,7C,
4-7C,2.0,M9 20 mM glucose pH 7.4,0.33,0.5775188445109781,8.0,uhpT,C,4.0,5891,13.0,7C,
4-7C,3.0,M9 20 mM glucose pH 7.4,0.859,1.717518844510978,10.0,uhpT,C,4.0,6175,13.0,7C,
4-7C,4.0,M9 20 mM glucose pH 7.4,1.126,2.757768844510978,11.0,uhpT,C,4.0,6483,13.0,7C,
4-7C,5.0,M9 20 mM glucose pH 7.4,1.369,4.007268844510978,12.0,uhpT,C,4.0,6691,13.0,7C,
4-7C,6.0,M9 20 mM glucose pH 7.4,1.462,5.445768844510978,13.0,uhpT,C,4.0,6639,13.0,7C,
4-7C,7.0,M9 20 mM glucose pH 7.4,1.55,6.952185511177644,14.0,uhpT,C,4.0,7091,13.0,7C,
4-7C,8.0,M9 20 mM glucose pH 7.4,1.543,8.514102177844311,15.0,uhpT,C,4.0,6963,13.0,7C,
4-7C,9.0,M9 20 mM glucose pH 7.4,1.508,10.041935511177645,16.0,uhpT,C,4.0,7498,13.0,7C,
4-7C,10.0,M9 20 mM glucose pH 7.4,1.436,15.890768844510978,20.0,uhpT,C,4.0,7590,13.0,7C,
4-8A,1.0,M9 20 mM glucose pH 7.4,0.032,0.0878785345808383,4.0,cstA,A,4.0,5751,13.0,8A,
4-8A,2.0,M9 20 mM glucose pH 7.4,0.306,0.5425452012475049,8.0,cstA,A,4.0,6083,13.0,8A,
4-8A,3.0,M9 20 mM glucose pH 7.4,0.802,1.604545201247505,10.0,cstA,A,4.0,6455,13.0,8A,
4-8A,4.0,M9 20 mM glucose pH 7.4,1.027,2.5765452012475047,11.0,cstA,A,4.0,6127,13.0,8A,
4-8A,5.0,M9 20 mM glucose pH 7.4,1.302,3.736878534580838,12.0,cstA,A,4.0,6867,13.0,8A,
4-8A,6.0,M9 20 mM glucose pH 7.4,1.434,5.132878534580838,13.0,cstA,A,4.0,6843,13.0,8A,
4-8A,7.0,M9 20 mM glucose pH 7.4,1.484,6.598711867914171,14.0,cstA,A,4.0,7039,13.0,8A,
4-8A,8.0,M9 20 mM glucose pH 7.4,1.58,8.11621186791417,15.0,cstA,A,4.0,7258,13.0,8A,
4-8A,9.0,M9 20 mM glucose pH 7.4,1.422,9.638378534580838,16.0,cstA,A,4.0,7410,13.0,8A,
4-8A,10.0,M9 20 mM glucose pH 7.4,1.421,14.961420201247504,20.0,cstA,A,4.0,7302,13.0,8A,
4-8B,1.0,M9 20 mM glucose pH 7.4,0.031,0.0807603278443113,4.0,cstA,B,4.0,6059,13.0,8B,
4-8B,2.0,M9 20 mM glucose pH 7.4,0.295,0.527426994510978,8.0,cstA,B,4.0,5743,13.0,8B,
4-8B,3.0,M9 20 mM glucose pH 7.4,0.793,1.5672603278443114,10.0,cstA,B,4.0,6459,13.0,8B,
4-8B,4.0,M9 20 mM glucose pH 7.4,1.026,2.5329269945109782,11.0,cstA,B,4.0,6231,13.0,8B,
4-8B,5.0,M9 20 mM glucose pH 7.4,1.296,3.690843661177645,12.0,cstA,B,4.0,6791,13.0,8B,
4-8B,6.0,M9 20 mM glucose pH 7.4,1.418,5.075593661177645,13.0,cstA,B,4.0,6887,13.0,8B,
4-8B,7.0,M9 20 mM glucose pH 7.4,1.467,6.524176994510977,14.0,cstA,B,4.0,7019,13.0,8B,
4-8B,8.0,M9 20 mM glucose pH 7.4,1.468,7.993593661177645,15.0,cstA,B,4.0,7162,13.0,8B,
4-8B,9.0,M9 20 mM glucose pH 7.4,1.471,9.462926994510978,16.0,cstA,B,4.0,7606,13.0,8B,
4-8B,10.0,M9 20 mM glucose pH 7.4,1.327,15.143593661177649,20.0,cstA,B,4.0,7514,13.0,8B,
4-8C,1.0,M9 20 mM glucose pH 7.4,0.034,0.0819165060379241,4.0,cstA,C,4.0,5783,13.0,8C,
4-8C,2.0,M9 20 mM glucose pH 7.4,0.31,0.5432498393712575,8.0,cstA,C,4.0,5935,13.0,8C,
4-8C,3.0,M9 20 mM glucose pH 7.4,0.803,1.6112498393712575,10.0,cstA,C,4.0,6387,13.0,8C,
4-8C,4.0,M9 20 mM glucose pH 7.4,1.044,2.5824998393712573,11.0,cstA,C,4.0,6351,13.0,8C,
4-8C,5.0,M9 20 mM glucose pH 7.4,1.313,3.758666506037924,12.0,cstA,C,4.0,6775,13.0,8C,
4-8C,6.0,M9 20 mM glucose pH 7.4,1.415,5.15283317270459,13.0,cstA,C,4.0,6727,13.0,8C,
4-8C,7.0,M9 20 mM glucose pH 7.4,1.469,6.598833172704591,14.0,cstA,C,4.0,6931,13.0,8C,
4-8C,8.0,M9 20 mM glucose pH 7.4,1.487,8.078833172704591,15.0,cstA,C,4.0,7182,13.0,8C,
4-8C,9.0,M9 20 mM glucose pH 7.4,1.49,9.568583172704592,16.0,cstA,C,4.0,7362,13.0,8C,
4-8C,10.0,M9 20 mM glucose pH 7.4,1.435,15.453624839371258,20.0,cstA,C,4.0,7398,13.0,8C,
4-9A,1.0,M9 20 mM glucose pH 7.4,0.037,0.0894782993013972,4.0,nupG,A,4.0,6015,12.0,9A,
4-9A,2.0,M9 20 mM glucose pH 7.4,0.311,0.5668116326347304,8.0,nupG,A,4.0,5791,12.0,9A,
4-9A,3.0,M9 20 mM glucose pH 7.4,0.827,1.65531163263473,10.0,nupG,A,4.0,6267,12.0,9A,
4-9A,4.0,M9 20 mM glucose pH 7.4,1.079,2.66081163263473,11.0,nupG,A,4.0,6191,12.0,9A,
4-9A,5.0,M9 20 mM glucose pH 7.4,1.363,3.879144965968063,12.0,nupG,A,4.0,6863,12.0,9A,
4-9A,6.0,M9 20 mM glucose pH 7.4,1.483,5.332144965968063,13.0,nupG,A,4.0,6735,12.0,9A,
4-9A,7.0,M9 20 mM glucose pH 7.4,1.551,6.853478299301397,14.0,nupG,A,4.0,6971,12.0,9A,
4-9A,8.0,M9 20 mM glucose pH 7.4,1.528,8.40381163263473,15.0,nupG,A,4.0,7047,12.0,9A,
4-9A,9.0,M9 20 mM glucose pH 7.4,1.506,9.920728299301397,16.0,nupG,A,4.0,7390,12.0,9A,
4-9A,10.0,M9 20 mM glucose pH 7.4,1.433,15.790686632634731,20.0,nupG,A,4.0,7450,12.0,9A,
4-9B,1.0,M9 20 mM glucose pH 7.4,0.033,0.0807131159680638,4.0,nupG,B,4.0,6043,12.0,9B,
4-9B,2.0,M9 20 mM glucose pH 7.4,0.321,0.5647131159680638,8.0,nupG,B,4.0,5927,12.0,9B,
4-9B,3.0,M9 20 mM glucose pH 7.4,0.845,1.6813797826347303,10.0,nupG,B,4.0,6431,12.0,9B,
4-9B,4.0,M9 20 mM glucose pH 7.4,1.1,2.7067131159680637,11.0,nupG,B,4.0,6167,12.0,9B,
4-9B,5.0,M9 20 mM glucose pH 7.4,1.371,3.9408797826347306,12.0,nupG,B,4.0,6567,12.0,9B,
4-9B,6.0,M9 20 mM glucose pH 7.4,1.48,5.394713115968063,13.0,nupG,B,4.0,6615,12.0,9B,
4-9B,7.0,M9 20 mM glucose pH 7.4,1.557,6.91587978263473,14.0,nupG,B,4.0,7282,12.0,9B,
4-9B,8.0,M9 20 mM glucose pH 7.4,1.53,8.474046449301396,15.0,nupG,B,4.0,6995,12.0,9B,
4-9B,9.0,M9 20 mM glucose pH 7.4,1.502,9.990129782634728,16.0,nupG,B,4.0,7490,12.0,9B,
4-9B,10.0,M9 20 mM glucose pH 7.4,1.425,15.82508811596806,20.0,nupG,B,4.0,7358,12.0,9B,
4-9C,1.0,M9 20 mM glucose pH 7.4,0.041,0.0888804592315369,4.0,nupG,C,4.0,6051,12.0,9C,
4-9C,2.0,M9 20 mM glucose pH 7.4,0.317,0.5622137925648703,8.0,nupG,C,4.0,5959,12.0,9C,
4-9C,3.0,M9 20 mM glucose pH 7.4,0.824,1.656880459231537,10.0,nupG,C,4.0,6311,12.0,9C,
4-9C,4.0,M9 20 mM glucose pH 7.4,1.067,2.65396379256487,11.0,nupG,C,4.0,6367,12.0,9C,
4-9C,5.0,M9 20 mM glucose pH 7.4,1.356,3.861630459231536,12.0,nupG,C,4.0,6711,12.0,9C,
4-9C,6.0,M9 20 mM glucose pH 7.4,1.465,5.30596379256487,13.0,nupG,C,4.0,6535,12.0,9C,
4-9C,7.0,M9 20 mM glucose pH 7.4,1.542,6.812130459231536,14.0,nupG,C,4.0,7238,12.0,9C,
4-9C,8.0,M9 20 mM glucose pH 7.4,1.534,8.361630459231536,15.0,nupG,C,4.0,7135,12.0,9C,
4-9C,9.0,M9 20 mM glucose pH 7.4,1.509,9.884547125898203,16.0,nupG,C,4.0,7638,12.0,9C,
4-9C,10.0,M9 20 mM glucose pH 7.4,1.415,15.727880459231535,20.0,nupG,C,4.0,7646,12.0,9C,
5-0A,1.0,M9 20 mM glucose pH 7.4,0.038,0.0887058778443113,4.0,WT,A,5.0,10169,12.0,0A,B10
5-0A,2.0,M9 20 mM glucose pH 7.4,0.344,0.655372544510978,8.0,WT,A,5.0,10281,12.0,0A,B10
5-0A,3.0,M9 20 mM glucose pH 7.4,0.813,1.7720392111776446,10.0,WT,A,5.0,10682,12.0,0A,B10
5-0A,4.0,M9 20 mM glucose pH 7.4,1.039,2.742622544510978,11.0,WT,A,5.0,11005,12.0,0A,B10
5-0A,5.0,M9 20 mM glucose pH 7.4,1.25,3.888372544510978,12.0,WT,A,5.0,11328,12.0,0A,B10
5-0A,6.0,M9 20 mM glucose pH 7.4,1.372,5.212955877844311,13.0,WT,A,5.0,11488,12.0,0A,B10
5-0A,7.0,M9 20 mM glucose pH 7.4,1.393,6.603872544510978,14.0,WT,A,5.0,11651,12.0,0A,B10
5-0A,8.0,M9 20 mM glucose pH 7.4,1.382,7.988289211177644,15.0,WT,A,5.0,12031,12.0,0A,B10
5-0A,9.0,M9 20 mM glucose pH 7.4,1.361,9.360622544510978,16.0,WT,A,5.0,12159,12.0,0A,B10
5-0A,10.0,M9 20 mM glucose pH 7.4,1.259,14.609539211177644,20.0,WT,A,5.0,12654,12.0,0A,B10
5-0B,1.0,M9 20 mM glucose pH 7.4,0.037,0.0845450794411177,4.0,WT,B,5.0,10265,12.0,0B,B11
5-0B,2.0,M9 20 mM glucose pH 7.4,0.292,0.5945450794411177,8.0,WT,B,5.0,10289,12.0,0B,B11
5-0B,3.0,M9 20 mM glucose pH 7.4,0.732,1.5757117461077843,10.0,WT,B,5.0,10694,12.0,0B,B11
5-0B,4.0,M9 20 mM glucose pH 7.4,0.95,2.460545079441118,11.0,WT,B,5.0,10926,12.0,0B,B11
5-0B,5.0,M9 20 mM glucose pH 7.4,1.178,3.5237117461077845,12.0,WT,B,5.0,11244,12.0,0B,B11
5-0B,6.0,M9 20 mM glucose pH 7.4,1.328,4.790545079441118,13.0,WT,B,5.0,11584,12.0,0B,B11
5-0B,7.0,M9 20 mM glucose pH 7.4,1.36,6.144378412774452,14.0,WT,B,5.0,11695,12.0,0B,B11
5-0B,8.0,M9 20 mM glucose pH 7.4,1.35,7.496545079441118,15.0,WT,B,5.0,11995,12.0,0B,B11
5-0B,9.0,M9 20 mM glucose pH 7.4,1.305,8.826961746107784,16.0,WT,B,5.0,12250,12.0,0B,B11
5-0B,10.0,M9 20 mM glucose pH 7.4,1.222,13.825503412774452,20.0,WT,B,5.0,12587,12.0,0B,B11
5-0C,1.0,M9 20 mM glucose pH 7.4,0.039,0.0904126842315369,4.0,WT,C,5.0,10069,12.0,0C,B12
5-0C,2.0,M9 20 mM glucose pH 7.4,0.321,0.634412684231537,8.0,WT,C,5.0,10301,12.0,0C,B12
5-0C,3.0,M9 20 mM glucose pH 7.4,0.778,1.6917460175648704,10.0,WT,C,5.0,10718,12.0,0C,B12
5-0C,4.0,M9 20 mM glucose pH 7.4,0.995,2.625662684231538,11.0,WT,C,5.0,10930,12.0,0C,B12
5-0C,5.0,M9 20 mM glucose pH 7.4,1.215,3.7304126842315375,12.0,WT,C,5.0,11171,12.0,0C,B12
5-0C,6.0,M9 20 mM glucose pH 7.4,1.375,5.0356626842315375,13.0,WT,C,5.0,11428,12.0,0C,B12
5-0C,7.0,M9 20 mM glucose pH 7.4,1.394,6.431912684231538,14.0,WT,C,5.0,11663,12.0,0C,B12
5-0C,8.0,M9 20 mM glucose pH 7.4,1.385,7.814329350898204,15.0,WT,C,5.0,12091,12.0,0C,B12
5-0C,9.0,M9 20 mM glucose pH 7.4,1.386,9.19899601756487,16.0,WT,C,5.0,12207,12.0,0C,B12
5-0C,10.0,M9 20 mM glucose pH 7.4,1.271,14.578287684231537,20.0,WT,C,5.0,12583,12.0,0C,B12
5-0D,1.0,M9 20 mM glucose pH 7.4,0.039,0.0879460743013972,4.0,WT,D,5.0,10137,12.0,0D,D10
5-0D,2.0,M9 20 mM glucose pH 7.4,0.338,0.6059460743013972,8.0,WT,D,5.0,10433,12.0,0D,D10
5-0D,3.0,M9 20 mM glucose pH 7.4,0.733,1.6507794076347309,10.0,WT,D,5.0,10663,12.0,0D,D10
5-0D,4.0,M9 20 mM glucose pH 7.4,0.994,2.508696074301397,11.0,WT,D,5.0,10981,12.0,0D,D10
5-0D,5.0,M9 20 mM glucose pH 7.4,1.226,3.621112740968064,12.0,WT,D,5.0,11252,12.0,0D,D10
5-0D,6.0,M9 20 mM glucose pH 7.4,1.373,4.932362740968063,13.0,WT,D,5.0,11612,12.0,0D,D10
5-0D,7.0,M9 20 mM glucose pH 7.4,1.401,6.32927940763473,14.0,WT,D,5.0,11795,12.0,0D,D10
5-0D,8.0,M9 20 mM glucose pH 7.4,1.399,7.724362740968063,15.0,WT,D,5.0,11917,12.0,0D,D10
5-0D,9.0,M9 20 mM glucose pH 7.4,1.377,9.11402940763473,16.0,WT,D,5.0,12262,12.0,0D,D10
5-0D,10.0,M9 20 mM glucose pH 7.4,1.378,14.57415440763473,20.0,WT,D,5.0,12527,12.0,0D,D10
5-0E,1.0,M9 20 mM glucose pH 7.4,0.039,0.0879460743013972,4.0,WT,E,5.0,10121,12.0,0E,D11
5-0E,2.0,M9 20 mM glucose pH 7.4,0.307,0.5772794076347305,8.0,WT,E,5.0,10517,12.0,0E,D11
5-0E,3.0,M9 20 mM glucose pH 7.4,0.69,1.5454460743013971,10.0,WT,E,5.0,10631,12.0,0E,D11
5-0E,4.0,M9 20 mM glucose pH 7.4,0.932,2.3600294076347303,11.0,WT,E,5.0,11045,12.0,0E,D11
5-0E,5.0,M9 20 mM glucose pH 7.4,1.176,3.4138627409680637,12.0,WT,E,5.0,11125,12.0,0E,D11
5-0E,6.0,M9 20 mM glucose pH 7.4,1.278,4.664696074301396,13.0,WT,E,5.0,11432,12.0,0E,D11
5-0E,7.0,M9 20 mM glucose pH 7.4,1.342,5.977862740968063,14.0,WT,E,5.0,11779,12.0,0E,D11
5-0E,8.0,M9 20 mM glucose pH 7.4,1.322,7.320696074301397,15.0,WT,E,5.0,11953,12.0,0E,D11
5-0E,9.0,M9 20 mM glucose pH 7.4,1.3,8.631862740968064,16.0,WT,E,5.0,12211,12.0,0E,D11
5-0E,10.0,M9 20 mM glucose pH 7.4,1.276,13.74902940763473,20.0,WT,E,5.0,12469,12.0,0E,D11
5-0F,1.0,M9 20 mM glucose pH 7.4,0.039,0.0874552758982036,4.0,WT,F,5.0,10041,12.0,0F,D12
5-0F,2.0,M9 20 mM glucose pH 7.4,0.281,0.5567886092315368,8.0,WT,F,5.0,10381,12.0,0F,D12
5-0F,3.0,M9 20 mM glucose pH 7.4,0.644,1.45212194256487,10.0,WT,F,5.0,10635,12.0,0F,D12
5-0F,4.0,M9 20 mM glucose pH 7.4,0.866,2.216538609231537,11.0,WT,F,5.0,10946,12.0,0F,D12
5-0F,5.0,M9 20 mM glucose pH 7.4,1.119,3.206455275898204,12.0,WT,F,5.0,11101,12.0,0F,D12
5-0F,6.0,M9 20 mM glucose pH 7.4,1.27,4.420538609231537,13.0,WT,F,5.0,11592,12.0,0F,D12
5-0F,7.0,M9 20 mM glucose pH 7.4,1.325,5.726038609231537,14.0,WT,F,5.0,11827,12.0,0F,D12
5-0F,8.0,M9 20 mM glucose pH 7.4,1.32,7.050538609231537,15.0,WT,F,5.0,11949,12.0,0F,D12
5-0F,9.0,M9 20 mM glucose pH 7.4,1.305,8.36387194256487,16.0,WT,F,5.0,12442,12.0,0F,D12
5-0F,10.0,M9 20 mM glucose pH 7.4,1.206,13.406163609231536,20.0,WT,F,5.0,12611,12.0,0F,D12
5-10A,1.0,M9 20 mM glucose pH 7.4,0.044,0.0984180640219561,4.0,ansP,A,5.0,10081,12.0,10A,C7
5-10A,2.0,M9 20 mM glucose pH 7.4,0.263,0.5590847306886227,8.0,ansP,A,5.0,10325,12.0,10A,C7
5-10A,3.0,M9 20 mM glucose pH 7.4,0.61,1.4020847306886228,10.0,ansP,A,5.0,10565,12.0,10A,C7
5-10A,4.0,M9 20 mM glucose pH 7.4,0.829,2.128834730688623,11.0,ansP,A,5.0,11053,12.0,10A,C7
5-10A,5.0,M9 20 mM glucose pH 7.4,1.094,3.0865013973552893,12.0,ansP,A,5.0,11097,12.0,10A,C7
5-10A,6.0,M9 20 mM glucose pH 7.4,1.239,4.2768347306886225,13.0,ansP,A,5.0,11420,12.0,10A,C7
5-10A,7.0,M9 20 mM glucose pH 7.4,1.293,5.550418064021956,14.0,ansP,A,5.0,11743,12.0,10A,C7
5-10A,8.0,M9 20 mM glucose pH 7.4,1.287,6.842834730688622,15.0,ansP,A,5.0,11887,12.0,10A,C7
5-10A,9.0,M9 20 mM glucose pH 7.4,1.264,8.119751397355289,16.0,ansP,A,5.0,12199,12.0,10A,C7
5-10A,10.0,M9 20 mM glucose pH 7.4,1.14,12.943668064021956,20.0,ansP,A,5.0,12615,12.0,10A,C7
5-10B,1.0,M9 20 mM glucose pH 7.4,0.04,0.0980343072854291,4.0,ansP,B,5.0,10105,12.0,10B,C8
5-10B,2.0,M9 20 mM glucose pH 7.4,0.266,0.5367009739520957,8.0,ansP,B,5.0,10445,12.0,10B,C8
5-10B,3.0,M9 20 mM glucose pH 7.4,0.615,1.3892009739520956,10.0,ansP,B,5.0,10545,12.0,10B,C8
5-10B,4.0,M9 20 mM glucose pH 7.4,0.838,2.1199509739520956,11.0,ansP,B,5.0,10938,12.0,10B,C8
5-10B,5.0,M9 20 mM glucose pH 7.4,1.109,3.0894509739520957,12.0,ansP,B,5.0,11200,12.0,10B,C8
5-10B,6.0,M9 20 mM glucose pH 7.4,1.247,4.293617640618763,13.0,ansP,B,5.0,11496,12.0,10B,C8
5-10B,7.0,M9 20 mM glucose pH 7.4,1.308,5.577534307285429,14.0,ansP,B,5.0,11723,12.0,10B,C8
5-10B,8.0,M9 20 mM glucose pH 7.4,1.302,6.887284307285429,15.0,ansP,B,5.0,12131,12.0,10B,C8
5-10B,9.0,M9 20 mM glucose pH 7.4,1.283,8.180867640618763,16.0,ansP,B,5.0,12446,12.0,10B,C8
5-10B,10.0,M9 20 mM glucose pH 7.4,1.167,13.101450973952096,20.0,ansP,B,5.0,12623,12.0,10B,C8
5-10C,1.0,M9 20 mM glucose pH 7.4,0.042,0.0989560743013972,4.0,ansP,C,5.0,10245,12.0,10C,C9
5-10C,2.0,M9 20 mM glucose pH 7.4,0.295,0.5689560743013972,8.0,ansP,C,5.0,10369,12.0,10C,C9
5-10C,3.0,M9 20 mM glucose pH 7.4,0.645,1.4844560743013973,10.0,ansP,C,5.0,10678,12.0,10C,C9
5-10C,4.0,M9 20 mM glucose pH 7.4,0.882,2.241456074301397,11.0,ansP,C,5.0,10862,12.0,10C,C9
5-10C,5.0,M9 20 mM glucose pH 7.4,1.163,3.26028940763473,12.0,ansP,C,5.0,11129,12.0,10C,C9
5-10C,6.0,M9 20 mM glucose pH 7.4,1.311,4.523122740968063,13.0,ansP,C,5.0,11408,12.0,10C,C9
5-10C,7.0,M9 20 mM glucose pH 7.4,1.379,5.874789407634729,14.0,ansP,C,5.0,11875,12.0,10C,C9
5-10C,8.0,M9 20 mM glucose pH 7.4,1.381,7.2591227409680625,15.0,ansP,C,5.0,11933,12.0,10C,C9
5-10C,9.0,M9 20 mM glucose pH 7.4,1.373,8.636956074301395,16.0,ansP,C,5.0,12458,12.0,10C,C9
5-10C,10.0,M9 20 mM glucose pH 7.4,1.369,14.104956074301397,20.0,ansP,C,5.0,12561,12.0,10C,C9
5-11A,1.0,M9 20 mM glucose pH 7.4,0.035,0.0831198961077844,4.0,glpT,A,5.0,10045,13.0,11A,C10
5-11A,2.0,M9 20 mM glucose pH 7.4,0.206,0.4464532294411177,8.0,glpT,A,5.0,10453,13.0,11A,C10
5-11A,3.0,M9 20 mM glucose pH 7.4,0.494,1.1201198961077845,10.0,glpT,A,5.0,10734,13.0,11A,C10
5-11A,4.0,M9 20 mM glucose pH 7.4,0.679,1.7124532294411177,11.0,glpT,A,5.0,11025,13.0,11A,C10
5-11A,5.0,M9 20 mM glucose pH 7.4,0.902,2.499786562774451,12.0,glpT,A,5.0,11280,13.0,11A,C10
5-11A,6.0,M9 20 mM glucose pH 7.4,1.043,3.489119896107784,13.0,glpT,A,5.0,11412,13.0,11A,C10
5-11A,7.0,M9 20 mM glucose pH 7.4,1.144,4.585953229441118,14.0,glpT,A,5.0,11819,13.0,11A,C10
5-11A,8.0,M9 20 mM glucose pH 7.4,1.163,5.74978656277445,15.0,glpT,A,5.0,12059,13.0,11A,C10
5-11A,9.0,M9 20 mM glucose pH 7.4,1.155,6.91103656277445,16.0,glpT,A,5.0,12195,13.0,11A,C10
5-11A,10.0,M9 20 mM glucose pH 7.4,1.072,11.39041156277445,20.0,glpT,A,5.0,12565,13.0,11A,C10
5-11B,1.0,M9 20 mM glucose pH 7.4,0.034,0.0789590977045908,4.0,glpT,B,5.0,10109,13.0,11B,C11
5-11B,2.0,M9 20 mM glucose pH 7.4,0.21,0.4416257643712574,8.0,glpT,B,5.0,10497,13.0,11B,C11
5-11B,3.0,M9 20 mM glucose pH 7.4,0.487,1.114959097704591,10.0,glpT,B,5.0,10762,13.0,11B,C11
5-11B,4.0,M9 20 mM glucose pH 7.4,0.666,1.6948757643712573,11.0,glpT,B,5.0,11021,13.0,11B,C11
5-11B,5.0,M9 20 mM glucose pH 7.4,0.881,2.4653757643712573,12.0,glpT,B,5.0,11175,13.0,11B,C11
5-11B,6.0,M9 20 mM glucose pH 7.4,1.031,3.4352090977045906,13.0,glpT,B,5.0,11504,13.0,11B,C11
5-11B,7.0,M9 20 mM glucose pH 7.4,1.164,4.534125764371257,14.0,glpT,B,5.0,11731,13.0,11B,C11
5-11B,8.0,M9 20 mM glucose pH 7.4,1.161,5.717875764371257,15.0,glpT,B,5.0,12027,13.0,11B,C11
5-11B,9.0,M9 20 mM glucose pH 7.4,1.158,6.877375764371257,16.0,glpT,B,5.0,12370,13.0,11B,C11
5-11B,10.0,M9 20 mM glucose pH 7.4,1.07,11.374542431037924,20.0,glpT,B,5.0,12603,13.0,11B,C11
5-11C,1.0,M9 20 mM glucose pH 7.4,0.035,0.0801624877744511,4.0,glpT,C,5.0,10033,13.0,11C,C12
5-11C,2.0,M9 20 mM glucose pH 7.4,0.206,0.446162487774451,8.0,glpT,C,5.0,10429,13.0,11C,C12
5-11C,3.0,M9 20 mM glucose pH 7.4,0.479,1.107162487774451,10.0,glpT,C,5.0,10702,13.0,11C,C12
5-11C,4.0,M9 20 mM glucose pH 7.4,0.648,1.678412487774451,11.0,glpT,C,5.0,11001,13.0,11C,C12
5-11C,5.0,M9 20 mM glucose pH 7.4,0.879,2.4367458211077846,12.0,glpT,C,5.0,11320,13.0,11C,C12
5-11C,6.0,M9 20 mM glucose pH 7.4,1.053,3.4174124877744507,13.0,glpT,C,5.0,11460,13.0,11C,C12
5-11C,7.0,M9 20 mM glucose pH 7.4,1.158,4.528662487774451,14.0,glpT,C,5.0,11839,13.0,11C,C12
5-11C,8.0,M9 20 mM glucose pH 7.4,1.167,5.7014124877744505,15.0,glpT,C,5.0,12063,13.0,11C,C12
5-11C,9.0,M9 20 mM glucose pH 7.4,1.17,6.87041248777445,16.0,glpT,C,5.0,12414,13.0,11C,C12
5-11C,10.0,M9 20 mM glucose pH 7.4,1.08,11.42516248777445,20.0,glpT,C,5.0,12642,13.0,11C,C12
5-1A,1.0,M9 20 mM glucose pH 7.4,0.027,0.0739709560379241,4.0,livH,A,5.0,10253,15.0,1A,A1
5-1A,2.0,M9 20 mM glucose pH 7.4,0.138,0.3226376227045908,8.0,livH,A,5.0,10437,15.0,1A,A1
5-1A,3.0,M9 20 mM glucose pH 7.4,0.308,0.7546376227045908,10.0,livH,A,5.0,10581,15.0,1A,A1
5-1A,4.0,M9 20 mM glucose pH 7.4,0.415,1.1191376227045908,11.0,livH,A,5.0,10914,15.0,1A,A1
5-1A,5.0,M9 20 mM glucose pH 7.4,0.586,1.6143042893712574,12.0,livH,A,5.0,11204,15.0,1A,A1
5-1A,6.0,M9 20 mM glucose pH 7.4,0.816,2.3108042893712573,13.0,livH,A,5.0,11556,15.0,1A,A1
5-1A,7.0,M9 20 mM glucose pH 7.4,1.04,3.239304289371258,14.0,livH,A,5.0,11667,15.0,1A,A1
5-1A,8.0,M9 20 mM glucose pH 7.4,1.207,4.371804289371257,15.0,livH,A,5.0,12123,15.0,1A,A1
5-1A,9.0,M9 20 mM glucose pH 7.4,1.271,5.61938762270459,16.0,livH,A,5.0,12167,15.0,1A,A1
5-1A,10.0,M9 20 mM glucose pH 7.4,1.234,10.77951262270459,20.0,livH,A,5.0,12650,15.0,1A,A1
5-1B,1.0,M9 20 mM glucose pH 7.4,0.028,0.0746835477045908,4.0,livH,B,5.0,10077,15.0,1B,A2
5-1B,2.0,M9 20 mM glucose pH 7.4,0.139,0.3273502143712575,8.0,livH,B,5.0,10409,15.0,1B,A2
5-1B,3.0,M9 20 mM glucose pH 7.4,0.306,0.7588502143712574,10.0,livH,B,5.0,10778,15.0,1B,A2
5-1B,4.0,M9 20 mM glucose pH 7.4,0.415,1.1201002143712575,11.0,livH,B,5.0,11065,15.0,1B,A2
5-1B,5.0,M9 20 mM glucose pH 7.4,0.579,1.612516881037924,12.0,livH,B,5.0,11152,15.0,1B,A2
5-1B,6.0,M9 20 mM glucose pH 7.4,0.815,2.3021002143712574,13.0,livH,B,5.0,11600,15.0,1B,A2
5-1B,7.0,M9 20 mM glucose pH 7.4,1.028,3.225516881037924,14.0,livH,B,5.0,11675,15.0,1B,A2
5-1B,8.0,M9 20 mM glucose pH 7.4,1.198,4.343766881037924,15.0,livH,B,5.0,11883,15.0,1B,A2
5-1B,9.0,M9 20 mM glucose pH 7.4,1.282,5.590933547704591,16.0,livH,B,5.0,12330,15.0,1B,A2
5-1B,10.0,M9 20 mM glucose pH 7.4,1.237,10.828141881037924,20.0,livH,B,5.0,12646,15.0,1B,A2
5-1C,1.0,M9 20 mM glucose pH 7.4,0.028,0.0796041496506986,4.0,livH,C,5.0,10269,15.0,1C,A3
5-1C,2.0,M9 20 mM glucose pH 7.4,0.135,0.3269374829840319,8.0,livH,C,5.0,10477,15.0,1C,A3
5-1C,3.0,M9 20 mM glucose pH 7.4,0.284,0.7349374829840318,10.0,livH,C,5.0,10651,15.0,1C,A3
5-1C,4.0,M9 20 mM glucose pH 7.4,0.385,1.0671874829840318,11.0,livH,C,5.0,10910,15.0,1C,A3
5-1C,5.0,M9 20 mM glucose pH 7.4,0.542,1.5260208163173652,12.0,livH,C,5.0,11292,15.0,1C,A3
5-1C,6.0,M9 20 mM glucose pH 7.4,0.766,2.1735208163173647,13.0,livH,C,5.0,11360,15.0,1C,A3
5-1C,7.0,M9 20 mM glucose pH 7.4,0.969,3.042770816317365,14.0,livH,C,5.0,11783,15.0,1C,A3
5-1C,8.0,M9 20 mM glucose pH 7.4,1.159,4.107187482984031,15.0,livH,C,5.0,11987,15.0,1C,A3
5-1C,9.0,M9 20 mM glucose pH 7.4,1.261,5.3245208163173645,16.0,livH,C,5.0,12334,15.0,1C,A3
5-1C,10.0,M9 20 mM glucose pH 7.4,1.258,10.577812482984031,20.0,livH,C,5.0,12500,15.0,1C,A3
5-2A,1.0,M9 20 mM glucose pH 7.4,0.036,0.0858082993013972,4.0,rhtB,A,5.0,10185,12.0,2A,A4
5-2A,2.0,M9 20 mM glucose pH 7.4,0.284,0.5551416326347305,8.0,rhtB,A,5.0,10469,12.0,2A,A4
5-2A,3.0,M9 20 mM glucose pH 7.4,0.677,1.481974965968064,10.0,rhtB,A,5.0,10714,12.0,2A,A4
5-2A,4.0,M9 20 mM glucose pH 7.4,0.904,2.2913916326347303,11.0,rhtB,A,5.0,10973,12.0,2A,A4
5-2A,5.0,M9 20 mM glucose pH 7.4,1.158,3.3201416326347304,12.0,rhtB,A,5.0,11145,12.0,2A,A4
5-2A,6.0,M9 20 mM glucose pH 7.4,1.371,4.593724965968064,13.0,rhtB,A,5.0,11468,12.0,2A,A4
5-2A,7.0,M9 20 mM glucose pH 7.4,1.4,5.994558299301397,14.0,rhtB,A,5.0,11727,12.0,2A,A4
5-2A,8.0,M9 20 mM glucose pH 7.4,1.388,7.380058299301397,15.0,rhtB,A,5.0,12055,12.0,2A,A4
5-2A,9.0,M9 20 mM glucose pH 7.4,1.378,8.76289163263473,16.0,rhtB,A,5.0,12398,12.0,2A,A4
5-2A,10.0,M9 20 mM glucose pH 7.4,1.276,14.104641632634731,20.0,rhtB,A,5.0,12571,12.0,2A,A4
5-2B,1.0,M9 20 mM glucose pH 7.4,0.038,0.0867426842315369,4.0,rhtB,B,5.0,10209,12.0,2B,A5
5-2B,2.0,M9 20 mM glucose pH 7.4,0.291,0.5674093508982035,8.0,rhtB,B,5.0,10509,12.0,2B,A5
5-2B,3.0,M9 20 mM glucose pH 7.4,0.694,1.5174093508982036,10.0,rhtB,B,5.0,10798,12.0,2B,A5
5-2B,4.0,M9 20 mM glucose pH 7.4,0.916,2.3471593508982034,11.0,rhtB,B,5.0,10838,12.0,2B,A5
5-2B,5.0,M9 20 mM glucose pH 7.4,1.172,3.3883260175648697,12.0,rhtB,B,5.0,11109,12.0,2B,A5
5-2B,6.0,M9 20 mM glucose pH 7.4,1.376,4.6738260175648705,13.0,rhtB,B,5.0,11380,12.0,2B,A5
5-2B,7.0,M9 20 mM glucose pH 7.4,1.411,6.081409350898204,14.0,rhtB,B,5.0,11771,12.0,2B,A5
5-2B,8.0,M9 20 mM glucose pH 7.4,1.409,7.483492684231537,15.0,rhtB,B,5.0,11957,12.0,2B,A5
5-2B,9.0,M9 20 mM glucose pH 7.4,1.394,8.886076017564871,16.0,rhtB,B,5.0,12290,12.0,2B,A5
5-2B,10.0,M9 20 mM glucose pH 7.4,1.302,14.29432601756487,20.0,rhtB,B,5.0,12519,12.0,2B,A5
5-2C,1.0,M9 20 mM glucose pH 7.4,0.037,0.0845450794411177,4.0,rhtB,C,5.0,10277,12.0,2C,A6
5-2C,2.0,M9 20 mM glucose pH 7.4,0.248,0.5252117461077844,8.0,rhtB,C,5.0,10361,12.0,2C,A6
5-2C,3.0,M9 20 mM glucose pH 7.4,0.618,1.3552117461077844,10.0,rhtB,C,5.0,10686,12.0,2C,A6
5-2C,4.0,M9 20 mM glucose pH 7.4,0.814,2.1017117461077843,11.0,rhtB,C,5.0,10902,12.0,2C,A6
5-2C,5.0,M9 20 mM glucose pH 7.4,1.069,3.0382950794411174,12.0,rhtB,C,5.0,11296,12.0,2C,A6
5-2C,6.0,M9 20 mM glucose pH 7.4,1.299,4.2313784127744505,13.0,rhtB,C,5.0,11552,12.0,2C,A6
5-2C,7.0,M9 20 mM glucose pH 7.4,1.384,5.584961746107783,14.0,rhtB,C,5.0,11671,12.0,2C,A6
5-2C,8.0,M9 20 mM glucose pH 7.4,1.395,6.974711746107783,15.0,rhtB,C,5.0,11937,12.0,2C,A6
5-2C,9.0,M9 20 mM glucose pH 7.4,1.385,8.366461746107783,16.0,rhtB,C,5.0,12147,12.0,2C,A6
5-2C,10.0,M9 20 mM glucose pH 7.4,1.279,13.728461746107785,20.0,rhtB,C,5.0,12666,12.0,2C,A6
5-3A,1.0,M9 20 mM glucose pH 7.4,0.035,0.0801624877744511,4.0,eamA,A,5.0,10113,13.0,3A,A7
5-3A,2.0,M9 20 mM glucose pH 7.4,0.233,0.504162487774451,8.0,eamA,A,5.0,10465,13.0,3A,A7
5-3A,3.0,M9 20 mM glucose pH 7.4,0.585,1.2869958211077843,10.0,eamA,A,5.0,10746,13.0,3A,A7
5-3A,4.0,M9 20 mM glucose pH 7.4,0.776,1.995162487774451,11.0,eamA,A,5.0,10842,13.0,3A,A7
5-3A,5.0,M9 20 mM glucose pH 7.4,0.998,2.879579154441118,12.0,eamA,A,5.0,11268,13.0,3A,A7
5-3A,6.0,M9 20 mM glucose pH 7.4,1.195,3.9828291544411174,13.0,eamA,A,5.0,11608,13.0,3A,A7
5-3A,7.0,M9 20 mM glucose pH 7.4,1.261,5.221745821107784,14.0,eamA,A,5.0,11647,13.0,3A,A7
5-3A,8.0,M9 20 mM glucose pH 7.4,1.276,6.487829154441117,15.0,eamA,A,5.0,12071,13.0,3A,A7
5-3A,9.0,M9 20 mM glucose pH 7.4,1.265,7.760495821107784,16.0,eamA,A,5.0,12430,13.0,3A,A7
5-3A,10.0,M9 20 mM glucose pH 7.4,1.173,12.660329154441117,20.0,eamA,A,5.0,12523,13.0,3A,A7
5-3B,1.0,M9 20 mM glucose pH 7.4,0.039,0.0879460743013972,4.0,eamA,B,5.0,10153,13.0,3B,A8
5-3B,2.0,M9 20 mM glucose pH 7.4,0.258,0.5312794076347306,8.0,eamA,B,5.0,10425,13.0,3B,A8
5-3B,3.0,M9 20 mM glucose pH 7.4,0.61,1.3682794076347309,10.0,eamA,B,5.0,10766,13.0,3B,A8
5-3B,4.0,M9 20 mM glucose pH 7.4,0.795,2.0972794076347308,11.0,eamA,B,5.0,11017,13.0,3B,A8
5-3B,5.0,M9 20 mM glucose pH 7.4,1.019,3.001029407634731,12.0,eamA,B,5.0,11272,13.0,3B,A8
5-3B,6.0,M9 20 mM glucose pH 7.4,1.215,4.125946074301397,13.0,eamA,B,5.0,11372,13.0,3B,A8
5-3B,7.0,M9 20 mM glucose pH 7.4,1.309,5.396446074301397,14.0,eamA,B,5.0,11823,13.0,3B,A8
5-3B,8.0,M9 20 mM glucose pH 7.4,1.287,6.70527940763473,15.0,eamA,B,5.0,12043,13.0,3B,A8
5-3B,9.0,M9 20 mM glucose pH 7.4,1.282,7.988362740968063,16.0,eamA,B,5.0,12366,13.0,3B,A8
5-3B,10.0,M9 20 mM glucose pH 7.4,1.179,12.956737740968062,20.0,eamA,B,5.0,12709,13.0,3B,A8
5-3C,1.0,M9 20 mM glucose pH 7.4,0.035,0.0791808909680638,4.0,eamA,C,5.0,10165,13.0,3C,A9
5-3C,2.0,M9 20 mM glucose pH 7.4,0.252,0.5105142243013973,8.0,eamA,C,5.0,10393,13.0,3C,A9
5-3C,3.0,M9 20 mM glucose pH 7.4,0.606,1.3365142243013972,10.0,eamA,C,5.0,10690,13.0,3C,A9
5-3C,4.0,M9 20 mM glucose pH 7.4,0.783,2.063014224301398,11.0,eamA,C,5.0,11041,13.0,3C,A9
5-3C,5.0,M9 20 mM glucose pH 7.4,1.01,2.955347557634731,12.0,eamA,C,5.0,11256,13.0,3C,A9
5-3C,6.0,M9 20 mM glucose pH 7.4,1.208,4.073347557634731,13.0,eamA,C,5.0,11580,13.0,3C,A9
5-3C,7.0,M9 20 mM glucose pH 7.4,1.29,5.332014224301398,14.0,eamA,C,5.0,11811,13.0,3C,A9
5-3C,8.0,M9 20 mM glucose pH 7.4,1.302,6.630014224301398,15.0,eamA,C,5.0,12035,13.0,3C,A9
5-3C,9.0,M9 20 mM glucose pH 7.4,1.292,7.9288475576347315,16.0,eamA,C,5.0,12191,13.0,3C,A9
5-3C,10.0,M9 20 mM glucose pH 7.4,1.201,12.9406392243014,20.0,eamA,C,5.0,12682,13.0,3C,A9
5-4A,1.0,M9 20 mM glucose pH 7.4,0.033,0.0816947127744511,4.0,metI,A,5.0,10229,12.0,4A,A10
5-4A,2.0,M9 20 mM glucose pH 7.4,0.292,0.5570280461077844,8.0,metI,A,5.0,10285,12.0,4A,A10
5-4A,3.0,M9 20 mM glucose pH 7.4,0.694,1.5085280461077843,10.0,metI,A,5.0,10730,12.0,4A,A10
5-4A,4.0,M9 20 mM glucose pH 7.4,0.891,2.3375280461077845,11.0,metI,A,5.0,10894,12.0,4A,A10
5-4A,5.0,M9 20 mM glucose pH 7.4,1.143,3.349944712774451,12.0,metI,A,5.0,11197,12.0,4A,A10
5-4A,6.0,M9 20 mM glucose pH 7.4,1.299,4.5915280461077845,13.0,metI,A,5.0,11356,12.0,4A,A10
5-4A,7.0,M9 20 mM glucose pH 7.4,1.345,5.922694712774451,14.0,metI,A,5.0,11859,12.0,4A,A10
5-4A,8.0,M9 20 mM glucose pH 7.4,1.341,7.264861379441117,15.0,metI,A,5.0,12051,12.0,4A,A10
5-4A,9.0,M9 20 mM glucose pH 7.4,1.319,8.596361379441117,16.0,metI,A,5.0,12266,12.0,4A,A10
5-4A,10.0,M9 20 mM glucose pH 7.4,1.213,13.668611379441115,20.0,metI,A,5.0,12554,12.0,4A,A10
5-4B,1.0,M9 20 mM glucose pH 7.4,0.036,0.0828508909680638,4.0,metI,B,5.0,10237,12.0,4B,A11
5-4B,2.0,M9 20 mM glucose pH 7.4,0.287,0.5541842243013971,8.0,metI,B,5.0,10505,12.0,4B,A11
5-4B,3.0,M9 20 mM glucose pH 7.4,0.68,1.4875175576347304,10.0,metI,B,5.0,10577,12.0,4B,A11
5-4B,4.0,M9 20 mM glucose pH 7.4,0.893,2.299434224301397,11.0,metI,B,5.0,10993,12.0,4B,A11
5-4B,5.0,M9 20 mM glucose pH 7.4,1.139,3.312684224301397,12.0,metI,B,5.0,11193,12.0,4B,A11
5-4B,6.0,M9 20 mM glucose pH 7.4,1.293,4.54676755763473,13.0,metI,B,5.0,11508,12.0,4B,A11
5-4B,7.0,M9 20 mM glucose pH 7.4,1.34,5.872184224301397,14.0,metI,B,5.0,11636,12.0,4B,A11
5-4B,8.0,M9 20 mM glucose pH 7.4,1.341,7.211434224301398,15.0,metI,B,5.0,11897,12.0,4B,A11
5-4B,9.0,M9 20 mM glucose pH 7.4,1.333,8.549184224301397,16.0,metI,B,5.0,12461,12.0,4B,A11
5-4B,10.0,M9 20 mM glucose pH 7.4,1.222,13.701225890968065,20.0,metI,B,5.0,12599,12.0,4B,A11
5-4C,1.0,M9 20 mM glucose pH 7.4,0.034,0.0843831159680638,4.0,metI,C,5.0,10061,12.0,4C,A12
5-4C,2.0,M9 20 mM glucose pH 7.4,0.245,0.5050497826347305,8.0,metI,C,5.0,10373,12.0,4C,A12
5-4C,3.0,M9 20 mM glucose pH 7.4,0.628,1.3403831159680637,10.0,metI,C,5.0,10794,12.0,4C,A12
5-4C,4.0,M9 20 mM glucose pH 7.4,0.825,2.1017997826347306,11.0,metI,C,5.0,10874,12.0,4C,A12
5-4C,5.0,M9 20 mM glucose pH 7.4,1.06,3.041133115968064,12.0,metI,C,5.0,11316,12.0,4C,A12
5-4C,6.0,M9 20 mM glucose pH 7.4,1.25,4.2067997826347305,13.0,metI,C,5.0,11548,12.0,4C,A12
5-4C,7.0,M9 20 mM glucose pH 7.4,1.299,5.49304978263473,14.0,metI,C,5.0,11655,12.0,4C,A12
5-4C,8.0,M9 20 mM glucose pH 7.4,1.316,6.794133115968064,15.0,metI,C,5.0,11981,12.0,4C,A12
5-4C,9.0,M9 20 mM glucose pH 7.4,1.305,8.106966449301398,16.0,metI,C,5.0,12326,12.0,4C,A12
5-4C,10.0,M9 20 mM glucose pH 7.4,1.184,13.124341449301395,20.0,metI,C,5.0,12658,12.0,4C,A12
5-5A,1.0,M9 20 mM glucose pH 7.4,0.023,0.0740779977045908,4.0,tolC,A,5.0,10089,24.0,5A,B1
5-5A,2.0,M9 20 mM glucose pH 7.4,0.03,0.1787446643712575,8.0,tolC,A,5.0,10441,24.0,5A,B1
5-5A,3.0,M9 20 mM glucose pH 7.4,0.036,0.2444113310379241,10.0,tolC,A,5.0,10620,24.0,5A,B1
5-5A,4.0,M9 20 mM glucose pH 7.4,0.038,0.2822446643712575,11.0,tolC,A,5.0,10954,24.0,5A,B1
5-5A,5.0,M9 20 mM glucose pH 7.4,0.043,0.3224946643712575,12.0,tolC,A,5.0,11164,24.0,5A,B1
5-5A,6.0,M9 20 mM glucose pH 7.4,0.047,0.3679113310379241,13.0,tolC,A,5.0,11464,24.0,5A,B1
5-5A,7.0,M9 20 mM glucose pH 7.4,0.055,0.4185779977045908,14.0,tolC,A,5.0,11628,24.0,5A,B1
5-5A,8.0,M9 20 mM glucose pH 7.4,0.066,0.4789113310379241,15.0,tolC,A,5.0,12011,24.0,5A,B1
5-5A,9.0,M9 20 mM glucose pH 7.4,0.08,0.5516613310379241,16.0,tolC,A,5.0,12382,24.0,5A,B1
5-5A,10.0,M9 20 mM glucose pH 7.4,0.404,1.3747446643712578,20.0,tolC,A,5.0,12693,24.0,5A,B1
5-5A,11.0,M9 20 mM glucose pH 7.4,1.032,3.181494664371258,23.0,tolC,A,5.0,12465,24.0,5A,G1
5-5A,12.0,M9 20 mM glucose pH 7.4,1.197,4.302744664371258,24.0,tolC,A,5.0,12300,24.0,5A,H1
5-5B,1.0,M9 20 mM glucose pH 7.4,0.023,0.0666781679141716,4.0,tolC,B,5.0,10149,24.0,5B,B2
5-5B,2.0,M9 20 mM glucose pH 7.4,0.029,0.168011501247505,8.0,tolC,B,5.0,10493,24.0,5B,B2
5-5B,3.0,M9 20 mM glucose pH 7.4,0.038,0.2341781679141716,10.0,tolC,B,5.0,10643,24.0,5B,B2
5-5B,4.0,M9 20 mM glucose pH 7.4,0.038,0.275261501247505,11.0,tolC,B,5.0,11037,24.0,5B,B2
5-5B,5.0,M9 20 mM glucose pH 7.4,0.042,0.3149281679141716,12.0,tolC,B,5.0,11312,24.0,5B,B2
5-5B,6.0,M9 20 mM glucose pH 7.4,0.048,0.3599281679141716,13.0,tolC,B,5.0,11564,24.0,5B,B2
5-5B,7.0,M9 20 mM glucose pH 7.4,0.054,0.4109281679141716,14.0,tolC,B,5.0,11735,24.0,5B,B2
5-5B,8.0,M9 20 mM glucose pH 7.4,0.064,0.469261501247505,15.0,tolC,B,5.0,11945,24.0,5B,B2
5-5B,9.0,M9 20 mM glucose pH 7.4,0.078,0.5399281679141716,16.0,tolC,B,5.0,12231,24.0,5B,B2
5-5B,10.0,M9 20 mM glucose pH 7.4,0.391,1.3390531679141715,20.0,tolC,B,5.0,12634,24.0,5B,B2
5-5B,11.0,M9 20 mM glucose pH 7.4,1.057,3.1150531679141715,23.0,tolC,B,5.0,12390,24.0,5B,G2
5-5B,12.0,M9 20 mM glucose pH 7.4,1.192,4.249275390136393,24.0,tolC,B,5.0,12163,24.0,5B,H2
5-5C,1.0,M9 20 mM glucose pH 7.4,0.024,0.0747905893712575,4.0,tolC,C,5.0,10037,24.0,5C,B3
5-5C,2.0,M9 20 mM glucose pH 7.4,0.028,0.1761239227045908,8.0,tolC,C,5.0,10313,24.0,5C,B3
5-5C,3.0,M9 20 mM glucose pH 7.4,0.033,0.2367905893712574,10.0,tolC,C,5.0,10782,24.0,5C,B3
5-5C,4.0,M9 20 mM glucose pH 7.4,0.036,0.2713739227045908,11.0,tolC,C,5.0,10969,24.0,5C,B3
5-5C,5.0,M9 20 mM glucose pH 7.4,0.039,0.3088739227045908,12.0,tolC,C,5.0,11300,24.0,5C,B3
5-5C,6.0,M9 20 mM glucose pH 7.4,0.043,0.3497072560379241,13.0,tolC,C,5.0,11572,24.0,5C,B3
5-5C,7.0,M9 20 mM glucose pH 7.4,0.049,0.3955405893712574,14.0,tolC,C,5.0,11659,24.0,5C,B3
5-5C,8.0,M9 20 mM glucose pH 7.4,0.056,0.4480405893712574,15.0,tolC,C,5.0,12075,24.0,5C,B3
5-5C,9.0,M9 20 mM glucose pH 7.4,0.069,0.5100405893712574,16.0,tolC,C,5.0,12246,24.0,5C,B3
5-5C,10.0,M9 20 mM glucose pH 7.4,0.319,1.1792905893712575,20.0,tolC,C,5.0,12630,24.0,5C,B3
5-5C,11.0,M9 20 mM glucose pH 7.4,0.938,2.6927905893712576,23.0,tolC,C,5.0,12219,24.0,5C,G3
5-5C,12.0,M9 20 mM glucose pH 7.4,1.076,3.7081794782601465,24.0,tolC,C,5.0,12422,24.0,5C,H3
5-6A,1.0,M9 20 mM glucose pH 7.4,0.035,0.0885439143712574,4.0,yahN,A,5.0,10177,13.0,6A,B4
5-6A,2.0,M9 20 mM glucose pH 7.4,0.248,0.5412105810379242,8.0,yahN,A,5.0,10329,13.0,6A,B4
5-6A,3.0,M9 20 mM glucose pH 7.4,0.644,1.3920439143712575,10.0,yahN,A,5.0,10698,13.0,6A,B4
5-6A,4.0,M9 20 mM glucose pH 7.4,0.853,2.176210581037924,11.0,yahN,A,5.0,10890,13.0,6A,B4
5-6A,5.0,M9 20 mM glucose pH 7.4,1.107,3.152460581037924,12.0,yahN,A,5.0,11324,13.0,6A,B4
5-6A,6.0,M9 20 mM glucose pH 7.4,1.319,4.376210581037924,13.0,yahN,A,5.0,11492,13.0,6A,B4
5-6A,7.0,M9 20 mM glucose pH 7.4,1.386,5.740793914371258,14.0,yahN,A,5.0,11843,13.0,6A,B4
5-6A,8.0,M9 20 mM glucose pH 7.4,1.395,7.12887724770459,15.0,yahN,A,5.0,12103,13.0,6A,B4
5-6A,9.0,M9 20 mM glucose pH 7.4,1.382,8.519210581037925,16.0,yahN,A,5.0,12282,13.0,6A,B4
5-6A,10.0,M9 20 mM glucose pH 7.4,1.277,13.864085581037925,20.0,yahN,A,5.0,12539,13.0,6A,B4
5-6B,1.0,M9 20 mM glucose pH 7.4,0.037,0.0875024877744511,4.0,yahN,B,5.0,10141,13.0,6B,B5
5-6B,2.0,M9 20 mM glucose pH 7.4,0.279,0.5515024877744511,8.0,yahN,B,5.0,10417,13.0,6B,B5
5-6B,3.0,M9 20 mM glucose pH 7.4,0.684,1.4776691544411178,10.0,yahN,B,5.0,10770,13.0,6B,B5
5-6B,4.0,M9 20 mM glucose pH 7.4,0.91,2.2997524877744513,11.0,yahN,B,5.0,10878,13.0,6B,B5
5-6B,5.0,M9 20 mM glucose pH 7.4,1.166,3.3352524877744516,12.0,yahN,B,5.0,11216,13.0,6B,B5
5-6B,6.0,M9 20 mM glucose pH 7.4,1.362,4.611752487774451,13.0,yahN,B,5.0,11392,13.0,6B,B5
5-6B,7.0,M9 20 mM glucose pH 7.4,1.407,6.008835821107785,14.0,yahN,B,5.0,11624,13.0,6B,B5
5-6B,8.0,M9 20 mM glucose pH 7.4,1.413,7.412752487774451,15.0,yahN,B,5.0,11961,13.0,6B,B5
5-6B,9.0,M9 20 mM glucose pH 7.4,1.397,8.819585821107784,16.0,yahN,B,5.0,12183,13.0,6B,B5
5-6B,10.0,M9 20 mM glucose pH 7.4,1.284,14.206294154441116,20.0,yahN,B,5.0,12591,13.0,6B,B5
5-6C,1.0,M9 20 mM glucose pH 7.4,0.038,0.0892092941616766,4.0,yahN,C,5.0,10085,13.0,6C,B6
5-6C,2.0,M9 20 mM glucose pH 7.4,0.27,0.5505426274950099,8.0,yahN,C,5.0,10405,13.0,6C,B6
5-6C,3.0,M9 20 mM glucose pH 7.4,0.654,1.43954262749501,10.0,yahN,C,5.0,10671,13.0,6C,B6
5-6C,4.0,M9 20 mM glucose pH 7.4,0.86,2.2245426274950098,11.0,yahN,C,5.0,10934,13.0,6C,B6
5-6C,5.0,M9 20 mM glucose pH 7.4,1.115,3.207959294161676,12.0,yahN,C,5.0,11248,13.0,6C,B6
5-6C,6.0,M9 20 mM glucose pH 7.4,1.332,4.441875960828343,13.0,yahN,C,5.0,11404,13.0,6C,B6
5-6C,7.0,M9 20 mM glucose pH 7.4,1.398,5.819459294161676,14.0,yahN,C,5.0,11616,13.0,6C,B6
5-6C,8.0,M9 20 mM glucose pH 7.4,1.405,7.218209294161675,15.0,yahN,C,5.0,12079,13.0,6C,B6
5-6C,9.0,M9 20 mM glucose pH 7.4,1.389,8.617125960828343,16.0,yahN,C,5.0,12342,13.0,6C,B6
5-6C,10.0,M9 20 mM glucose pH 7.4,1.277,13.973209294161675,20.0,yahN,C,5.0,12662,13.0,6C,B6
5-7A,1.0,M9 20 mM glucose pH 7.4,0.038,0.0877242810379241,4.0,kgtP,A,5.0,10101,13.0,7A,B7
5-7A,2.0,M9 20 mM glucose pH 7.4,0.283,0.5657242810379242,8.0,kgtP,A,5.0,10533,13.0,7A,B7
5-7A,3.0,M9 20 mM glucose pH 7.4,0.641,1.4607242810379242,10.0,kgtP,A,5.0,10647,13.0,7A,B7
5-7A,4.0,M9 20 mM glucose pH 7.4,0.846,2.2202242810379245,11.0,kgtP,A,5.0,10922,13.0,7A,B7
5-7A,5.0,M9 20 mM glucose pH 7.4,1.08,3.1808076143712576,12.0,kgtP,A,5.0,11340,13.0,7A,B7
5-7A,6.0,M9 20 mM glucose pH 7.4,1.245,4.357224281037924,13.0,kgtP,A,5.0,11396,13.0,7A,B7
5-7A,7.0,M9 20 mM glucose pH 7.4,1.306,5.641390947704591,14.0,kgtP,A,5.0,11759,13.0,7A,B7
5-7A,8.0,M9 20 mM glucose pH 7.4,1.314,6.951557614371257,15.0,kgtP,A,5.0,11921,13.0,7A,B7
5-7A,9.0,M9 20 mM glucose pH 7.4,1.297,8.25914094770459,16.0,kgtP,A,5.0,12258,13.0,7A,B7
5-7A,10.0,M9 20 mM glucose pH 7.4,1.194,13.258015947704587,20.0,kgtP,A,5.0,12701,13.0,7A,B7
5-7B,1.0,M9 20 mM glucose pH 7.4,0.039,0.0879460743013972,4.0,kgtP,B,5.0,10261,13.0,7B,B8
5-7B,2.0,M9 20 mM glucose pH 7.4,0.265,0.5546127409680639,8.0,kgtP,B,5.0,10525,13.0,7B,B8
5-7B,3.0,M9 20 mM glucose pH 7.4,0.637,1.4222794076347307,10.0,kgtP,B,5.0,10549,13.0,7B,B8
5-7B,4.0,M9 20 mM glucose pH 7.4,0.841,2.186612740968064,11.0,kgtP,B,5.0,10898,13.0,7B,B8
5-7B,5.0,M9 20 mM glucose pH 7.4,1.072,3.140862740968064,12.0,kgtP,B,5.0,11208,13.0,7B,B8
5-7B,6.0,M9 20 mM glucose pH 7.4,1.249,4.3126127409680635,13.0,kgtP,B,5.0,11364,13.0,7B,B8
5-7B,7.0,M9 20 mM glucose pH 7.4,1.311,5.602196074301396,14.0,kgtP,B,5.0,11815,13.0,7B,B8
5-7B,8.0,M9 20 mM glucose pH 7.4,1.311,6.913946074301396,15.0,kgtP,B,5.0,12099,13.0,7B,B8
5-7B,9.0,M9 20 mM glucose pH 7.4,1.302,8.221196074301396,16.0,kgtP,B,5.0,12306,13.0,7B,B8
5-7B,10.0,M9 20 mM glucose pH 7.4,1.191,13.247071074301395,20.0,kgtP,B,5.0,12670,13.0,7B,B8
5-7C,1.0,M9 20 mM glucose pH 7.4,0.039,0.0854794643712575,4.0,kgtP,C,5.0,10205,13.0,7C,B9
5-7C,2.0,M9 20 mM glucose pH 7.4,0.264,0.5461461310379242,8.0,kgtP,C,5.0,10481,13.0,7C,B9
5-7C,3.0,M9 20 mM glucose pH 7.4,0.617,1.3961461310379242,10.0,kgtP,C,5.0,10738,13.0,7C,B9
5-7C,4.0,M9 20 mM glucose pH 7.4,0.815,2.132396131037924,11.0,kgtP,C,5.0,10965,13.0,7C,B9
5-7C,5.0,M9 20 mM glucose pH 7.4,1.058,3.065146131037924,12.0,kgtP,C,5.0,11105,13.0,7C,B9
5-7C,6.0,M9 20 mM glucose pH 7.4,1.263,4.235729464371257,13.0,kgtP,C,5.0,11384,13.0,7C,B9
5-7C,7.0,M9 20 mM glucose pH 7.4,1.351,5.552479464371257,14.0,kgtP,C,5.0,11679,13.0,7C,B9
5-7C,8.0,M9 20 mM glucose pH 7.4,1.375,6.916396131037923,15.0,kgtP,C,5.0,11925,13.0,7C,B9
5-7C,9.0,M9 20 mM glucose pH 7.4,1.358,8.28631279770459,16.0,kgtP,C,5.0,12203,13.0,7C,B9
5-7C,10.0,M9 20 mM glucose pH 7.4,1.291,13.580354464371258,20.0,kgtP,C,5.0,12473,13.0,7C,B9
5-8A,1.0,M9 20 mM glucose pH 7.4,0.037,0.0835634826347305,4.0,manY,A,5.0,10217,13.0,8A,C1
5-8A,2.0,M9 20 mM glucose pH 7.4,0.232,0.4735634826347305,8.0,manY,A,5.0,10521,13.0,8A,C1
5-8A,3.0,M9 20 mM glucose pH 7.4,0.562,1.2380634826347303,10.0,manY,A,5.0,10553,13.0,8A,C1
5-8A,4.0,M9 20 mM glucose pH 7.4,0.774,1.9120634826347307,11.0,manY,A,5.0,10830,13.0,8A,C1
5-8A,5.0,M9 20 mM glucose pH 7.4,1.049,2.8183134826347307,12.0,manY,A,5.0,11348,13.0,8A,C1
5-8A,6.0,M9 20 mM glucose pH 7.4,1.197,3.967730149301397,13.0,manY,A,5.0,11440,13.0,8A,C1
5-8A,7.0,M9 20 mM glucose pH 7.4,1.263,5.204563482634731,14.0,manY,A,5.0,11747,13.0,8A,C1
5-8A,8.0,M9 20 mM glucose pH 7.4,1.259,6.470396815968064,15.0,manY,A,5.0,12019,13.0,8A,C1
5-8A,9.0,M9 20 mM glucose pH 7.4,1.25,7.72531348263473,16.0,manY,A,5.0,12362,13.0,8A,C1
5-8A,10.0,M9 20 mM glucose pH 7.4,1.119,12.514355149301398,20.0,manY,A,5.0,12496,13.0,8A,C1
5-8B,1.0,M9 20 mM glucose pH 7.4,0.036,0.0818566762475049,4.0,manY,B,5.0,10213,13.0,8B,C2
5-8B,2.0,M9 20 mM glucose pH 7.4,0.243,0.4731900095808383,8.0,manY,B,5.0,10537,13.0,8B,C2
5-8B,3.0,M9 20 mM glucose pH 7.4,0.582,1.2693566762475048,10.0,manY,B,5.0,10659,13.0,8B,C2
5-8B,4.0,M9 20 mM glucose pH 7.4,0.814,1.9649400095808385,11.0,manY,B,5.0,10810,13.0,8B,C2
5-8B,5.0,M9 20 mM glucose pH 7.4,1.1,2.9174400095808384,12.0,manY,B,5.0,11137,13.0,8B,C2
5-8B,6.0,M9 20 mM glucose pH 7.4,1.251,4.119940009580838,13.0,manY,B,5.0,11596,13.0,8B,C2
5-8B,7.0,M9 20 mM glucose pH 7.4,1.338,5.419773342914171,14.0,manY,B,5.0,11847,13.0,8B,C2
5-8B,8.0,M9 20 mM glucose pH 7.4,1.342,6.7682733429141715,15.0,manY,B,5.0,12015,13.0,8B,C2
5-8B,9.0,M9 20 mM glucose pH 7.4,1.326,8.103940009580839,16.0,manY,B,5.0,12354,13.0,8B,C2
5-8B,10.0,M9 20 mM glucose pH 7.4,1.27,13.28994000958084,20.0,manY,B,5.0,12678,13.0,8B,C2
5-8C,1.0,M9 20 mM glucose pH 7.4,0.034,0.0794498961077844,4.0,manY,C,5.0,10189,13.0,8C,C3
5-8C,2.0,M9 20 mM glucose pH 7.4,0.232,0.4567832294411177,8.0,manY,C,5.0,10457,13.0,8C,C3
5-8C,3.0,M9 20 mM glucose pH 7.4,0.554,1.215283229441118,10.0,manY,C,5.0,10774,13.0,8C,C3
5-8C,4.0,M9 20 mM glucose pH 7.4,0.763,1.877283229441118,11.0,manY,C,5.0,10870,13.0,8C,C3
5-8C,5.0,M9 20 mM glucose pH 7.4,1.039,2.7726998961077847,12.0,manY,C,5.0,11260,13.0,8C,C3
5-8C,6.0,M9 20 mM glucose pH 7.4,1.208,3.919616562774451,13.0,manY,C,5.0,11588,13.0,8C,C3
5-8C,7.0,M9 20 mM glucose pH 7.4,1.28,5.171699896107785,14.0,manY,C,5.0,11775,13.0,8C,C3
5-8C,8.0,M9 20 mM glucose pH 7.4,1.282,6.456283229441118,15.0,manY,C,5.0,12107,13.0,8C,C3
5-8C,9.0,M9 20 mM glucose pH 7.4,1.27,7.733449896107785,16.0,manY,C,5.0,12322,13.0,8C,C3
5-8C,10.0,M9 20 mM glucose pH 7.4,1.149,12.609824896107783,20.0,manY,C,5.0,12535,13.0,8C,C3
5-9A,1.0,M9 20 mM glucose pH 7.4,0.035,0.0816475008982036,4.0,hisQ,A,5.0,10093,13.0,9A,C4
5-9A,2.0,M9 20 mM glucose pH 7.4,0.23,0.4716475008982035,8.0,hisQ,A,5.0,10333,13.0,9A,C4
5-9A,3.0,M9 20 mM glucose pH 7.4,0.552,1.224980834231537,10.0,hisQ,A,5.0,10750,13.0,9A,C4
5-9A,4.0,M9 20 mM glucose pH 7.4,0.758,1.8861475008982036,11.0,hisQ,A,5.0,10882,13.0,9A,C4
5-9A,5.0,M9 20 mM glucose pH 7.4,1.027,2.7733975008982035,12.0,hisQ,A,5.0,11232,13.0,9A,C4
5-9A,6.0,M9 20 mM glucose pH 7.4,1.203,3.9091475008982033,13.0,hisQ,A,5.0,11500,13.0,9A,C4
5-9A,7.0,M9 20 mM glucose pH 7.4,1.261,5.150980834231537,14.0,hisQ,A,5.0,11632,13.0,9A,C4
5-9A,8.0,M9 20 mM glucose pH 7.4,1.265,6.413147500898203,15.0,hisQ,A,5.0,11983,13.0,9A,C4
5-9A,9.0,M9 20 mM glucose pH 7.4,1.251,7.672647500898203,16.0,hisQ,A,5.0,12155,13.0,9A,C4
5-9A,10.0,M9 20 mM glucose pH 7.4,1.128,12.46543916756487,20.0,hisQ,A,5.0,12515,13.0,9A,C4
5-9B,1.0,M9 20 mM glucose pH 7.4,0.036,0.0862990977045908,4.0,hisQ,B,5.0,10193,13.0,9B,C5
5-9B,2.0,M9 20 mM glucose pH 7.4,0.237,0.4816324310379241,8.0,hisQ,B,5.0,10473,13.0,9B,C5
5-9B,3.0,M9 20 mM glucose pH 7.4,0.562,1.2526324310379242,10.0,hisQ,B,5.0,10585,13.0,9B,C5
5-9B,4.0,M9 20 mM glucose pH 7.4,0.773,1.9238824310379243,11.0,hisQ,B,5.0,10977,13.0,9B,C5
5-9B,5.0,M9 20 mM glucose pH 7.4,1.056,2.8323824310379244,12.0,hisQ,B,5.0,11189,13.0,9B,C5
5-9B,6.0,M9 20 mM glucose pH 7.4,1.217,3.995215764371258,13.0,hisQ,B,5.0,11604,13.0,9B,C5
5-9B,7.0,M9 20 mM glucose pH 7.4,1.283,5.253132431037924,14.0,hisQ,B,5.0,11711,13.0,9B,C5
5-9B,8.0,M9 20 mM glucose pH 7.4,1.279,6.537882431037924,15.0,hisQ,B,5.0,12007,13.0,9B,C5
5-9B,9.0,M9 20 mM glucose pH 7.4,1.273,7.814049097704591,16.0,hisQ,B,5.0,12139,13.0,9B,C5
5-9B,10.0,M9 20 mM glucose pH 7.4,1.166,12.73684076437126,20.0,hisQ,B,5.0,12547,13.0,9B,C5
5-9C,1.0,M9 20 mM glucose pH 7.4,0.035,0.0831198961077844,4.0,hisQ,C,5.0,10129,13.0,9C,C6
5-9C,2.0,M9 20 mM glucose pH 7.4,0.24,0.4664532294411178,8.0,hisQ,C,5.0,10321,13.0,9C,C6
5-9C,3.0,M9 20 mM glucose pH 7.4,0.559,1.239786562774451,10.0,hisQ,C,5.0,10593,13.0,9C,C6
5-9C,4.0,M9 20 mM glucose pH 7.4,0.767,1.904203229441118,11.0,hisQ,C,5.0,11061,13.0,9C,C6
5-9C,5.0,M9 20 mM glucose pH 7.4,1.05,2.806453229441118,12.0,hisQ,C,5.0,11117,13.0,9C,C6
5-9C,6.0,M9 20 mM glucose pH 7.4,1.221,3.966869896107785,13.0,hisQ,C,5.0,11536,13.0,9C,C6
5-9C,7.0,M9 20 mM glucose pH 7.4,1.306,5.2375365627744515,14.0,hisQ,C,5.0,11620,13.0,9C,C6
5-9C,8.0,M9 20 mM glucose pH 7.4,1.308,6.551203229441118,15.0,hisQ,C,5.0,12127,13.0,9C,C6
5-9C,9.0,M9 20 mM glucose pH 7.4,1.294,7.853536562774451,16.0,hisQ,C,5.0,12278,13.0,9C,C6
5-9C,10.0,M9 20 mM glucose pH 7.4,1.202,12.863703229441118,20.0,hisQ,C,5.0,12551,13.0,9C,C6
